Container_ID,TEU_Size,Cargo_Type,Entry_Date,Exit_Date,Expected_Exit_Date,Dwell_Time_Days,On_Time,Occupied_TEU
CNT00001,1,General,2025-09-11,2025-09-29,2025-09-16,18,False,1
CNT00002,1,Hazardous,2025-04-29,2025-05-05,2025-05-04,6,False,1
CNT00003,1,General,2025-04-07,2025-04-08,2025-04-12,1,True,1
CNT00004,1,Tank,2025-06-10,2025-06-18,2025-06-15,8,False,1
CNT00005,1,General,2025-06-02,2025-06-10,2025-06-07,8,False,1
CNT00006,1,General,2025-05-28,2025-05-30,2025-06-02,2,True,1
CNT00007,1,Tank,2025-05-06,2025-05-11,2025-05-11,5,True,1
CNT00008,1,Tank,2025-04-27,2025-05-01,2025-05-02,4,True,1
CNT00009,1,General,2025-09-21,2025-09-24,2025-09-26,3,True,1
CNT00010,1,Tank,2025-08-18,2025-08-28,2025-08-23,10,False,1
CNT00011,1,General,2025-04-23,2025-05-14,2025-04-28,21,False,1
CNT00012,1,General,2025-08-30,2025-09-04,2025-09-04,5,True,1
CNT00013,1,Tank,2025-07-18,2025-07-19,2025-07-23,1,True,1
CNT00014,1,Reefer,2025-04-09,2025-04-18,2025-04-14,9,False,1
CNT00015,1,General,2025-04-08,2025-04-12,2025-04-13,4,True,1
CNT00016,1,Hazardous,2025-04-24,2025-05-01,2025-04-29,7,False,1
CNT00017,1,General,2025-05-26,2025-05-30,2025-05-31,4,True,1
CNT00018,1,Hazardous,2025-05-30,2025-06-02,2025-06-04,3,True,1
CNT00019,1,General,2025-08-08,2025-08-13,2025-08-13,5,True,1
CNT00020,1,Reefer,2025-09-02,2025-09-11,2025-09-07,9,False,1
CNT00021,1,General,2025-04-07,2025-04-23,2025-04-12,16,False,1
CNT00022,1,Reefer,2025-08-22,2025-08-25,2025-08-27,3,True,1
CNT00023,1,Tank,2025-05-21,2025-06-07,2025-05-26,17,False,1
CNT00024,1,General,2025-09-14,2025-09-16,2025-09-19,2,True,1
CNT00025,1,Tank,2025-09-27,2025-10-14,2025-10-02,17,False,1
CNT00026,1,General,2025-08-18,2025-08-27,2025-08-23,9,False,1
CNT00027,1,General,2025-07-17,2025-07-20,2025-07-22,3,True,1
CNT00028,1,General,2025-05-27,2025-05-30,2025-06-01,3,True,1
CNT00029,1,General,2025-07-24,2025-08-02,2025-07-29,9,False,1
CNT00030,1,Hazardous,2025-08-29,2025-09-01,2025-09-03,3,True,1
CNT00031,1,Hazardous,2025-06-11,2025-06-24,2025-06-16,13,False,1
CNT00032,1,Tank,2025-04-02,2025-04-07,2025-04-07,5,True,1
CNT00033,1,General,2025-05-11,2025-05-15,2025-05-16,4,True,1
CNT00034,1,Tank,2025-09-26,2025-09-30,2025-10-01,4,True,1
CNT00035,1,Tank,2025-07-18,2025-07-20,2025-07-23,2,True,1
CNT00036,1,Hazardous,2025-06-27,2025-07-06,2025-07-02,9,False,1
CNT00037,1,Hazardous,2025-06-11,2025-06-15,2025-06-16,4,True,1
CNT00038,1,Hazardous,2025-05-10,2025-05-11,2025-05-15,1,True,1
CNT00039,1,General,2025-05-26,2025-06-07,2025-05-31,12,False,1
CNT00040,1,General,2025-06-26,2025-07-01,2025-07-01,5,True,1
CNT00041,1,General,2025-04-27,2025-05-04,2025-05-02,7,False,1
CNT00042,1,Hazardous,2025-04-24,2025-04-28,2025-04-29,4,True,1
CNT00043,1,General,2025-07-07,2025-07-09,2025-07-12,2,True,1
CNT00044,1,Tank,2025-04-25,2025-04-27,2025-04-30,2,True,1
CNT00045,1,Reefer,2025-07-01,2025-07-11,2025-07-06,10,False,1
CNT00046,1,Reefer,2025-06-28,2025-07-02,2025-07-03,4,True,1
CNT00047,1,Reefer,2025-09-02,2025-09-04,2025-09-07,2,True,1
CNT00048,1,General,2025-06-07,2025-06-13,2025-06-12,6,False,1
CNT00049,1,Hazardous,2025-04-12,2025-04-24,2025-04-17,12,False,1
CNT00050,1,General,2025-07-27,2025-08-01,2025-08-01,5,True,1
CNT00051,1,General,2025-08-16,2025-08-19,2025-08-21,3,True,1
CNT00052,1,General,2025-05-02,2025-05-04,2025-05-07,2,True,1
CNT00053,1,Tank,2025-07-06,2025-07-08,2025-07-11,2,True,1
CNT00054,1,Reefer,2025-04-21,2025-04-24,2025-04-26,3,True,1
CNT00055,1,Hazardous,2025-08-20,2025-08-21,2025-08-25,1,True,1
CNT00056,1,General,2025-06-15,2025-07-05,2025-06-20,20,False,1
CNT00057,1,General,2025-09-08,2025-09-11,2025-09-13,3,True,1
CNT00058,1,General,2025-09-06,2025-09-08,2025-09-11,2,True,1
CNT00059,1,Reefer,2025-07-02,2025-07-06,2025-07-07,4,True,1
CNT00060,1,Hazardous,2025-08-26,2025-08-30,2025-08-31,4,True,1
CNT00061,1,Hazardous,2025-05-20,2025-05-25,2025-05-25,5,True,1
CNT00062,1,Tank,2025-09-28,2025-10-02,2025-10-03,4,True,1
CNT00063,1,General,2025-04-18,2025-04-22,2025-04-23,4,True,1
CNT00064,1,Reefer,2025-04-12,2025-04-16,2025-04-17,4,True,1
CNT00065,1,Hazardous,2025-09-17,2025-09-28,2025-09-22,11,False,1
CNT00066,1,General,2025-05-29,2025-06-06,2025-06-03,8,False,1
CNT00067,1,Reefer,2025-06-14,2025-06-15,2025-06-19,1,True,1
CNT00068,1,General,2025-04-21,2025-05-05,2025-04-26,14,False,1
CNT00069,1,Hazardous,2025-05-30,2025-06-02,2025-06-04,3,True,1
CNT00070,1,Reefer,2025-04-26,2025-04-30,2025-05-01,4,True,1
CNT00071,1,General,2025-07-07,2025-07-08,2025-07-12,1,True,1
CNT00072,1,Reefer,2025-06-11,2025-06-17,2025-06-16,6,False,1
CNT00073,1,General,2025-07-26,2025-08-04,2025-07-31,9,False,1
CNT00074,1,Reefer,2025-09-10,2025-09-13,2025-09-15,3,True,1
CNT00075,1,Tank,2025-07-03,2025-07-05,2025-07-08,2,True,1
CNT00076,1,Hazardous,2025-05-12,2025-05-18,2025-05-17,6,False,1
CNT00077,1,Reefer,2025-07-04,2025-07-24,2025-07-09,20,False,1
CNT00078,1,General,2025-06-30,2025-07-05,2025-07-05,5,True,1
CNT00079,1,Tank,2025-05-24,2025-06-19,2025-05-29,26,False,1
CNT00080,1,General,2025-09-19,2025-09-25,2025-09-24,6,False,1
CNT00081,1,Hazardous,2025-06-08,2025-06-12,2025-06-13,4,True,1
CNT00082,1,General,2025-09-27,2025-09-30,2025-10-02,3,True,1
CNT00083,1,Tank,2025-09-22,2025-10-14,2025-09-27,22,False,1
CNT00084,1,Reefer,2025-09-13,2025-09-19,2025-09-18,6,False,1
CNT00085,1,General,2025-04-19,2025-04-27,2025-04-24,8,False,1
CNT00086,1,Tank,2025-09-03,2025-09-05,2025-09-08,2,True,1
CNT00087,1,Tank,2025-09-10,2025-09-15,2025-09-15,5,True,1
CNT00088,1,General,2025-05-14,2025-06-11,2025-05-19,28,False,1
CNT00089,1,Reefer,2025-08-15,2025-08-30,2025-08-20,15,False,1
CNT00090,1,Hazardous,2025-06-02,2025-06-18,2025-06-07,16,False,1
CNT00091,1,Tank,2025-05-12,2025-06-01,2025-05-17,20,False,1
CNT00092,1,Reefer,2025-07-28,2025-07-29,2025-08-02,1,True,1
CNT00093,1,General,2025-07-07,2025-07-19,2025-07-12,12,False,1
CNT00094,1,General,2025-06-09,2025-06-16,2025-06-14,7,False,1
CNT00095,1,Hazardous,2025-09-11,2025-09-26,2025-09-16,15,False,1
CNT00096,1,General,2025-09-24,2025-09-30,2025-09-29,6,False,1
CNT00097,1,General,2025-08-21,2025-08-24,2025-08-26,3,True,1
CNT00098,1,Reefer,2025-05-27,2025-06-03,2025-06-01,7,False,1
CNT00099,1,General,2025-09-23,2025-10-02,2025-09-28,9,False,1
CNT00100,1,General,2025-06-23,2025-07-04,2025-06-28,11,False,1
CNT00101,1,General,2025-04-15,2025-04-21,2025-04-20,6,False,1
CNT00102,1,General,2025-05-29,2025-06-03,2025-06-03,5,True,1
CNT00103,1,General,2025-04-09,2025-04-13,2025-04-14,4,True,1
CNT00104,1,Reefer,2025-06-20,2025-06-24,2025-06-25,4,True,1
CNT00105,1,General,2025-07-12,2025-07-18,2025-07-17,6,False,1
CNT00106,1,General,2025-06-08,2025-06-10,2025-06-13,2,True,1
CNT00107,1,General,2025-04-17,2025-04-23,2025-04-22,6,False,1
CNT00108,1,General,2025-05-25,2025-05-28,2025-05-30,3,True,1
CNT00109,1,General,2025-08-24,2025-08-25,2025-08-29,1,True,1
CNT00110,1,Hazardous,2025-06-20,2025-06-22,2025-06-25,2,True,1
CNT00111,1,Tank,2025-05-25,2025-06-05,2025-05-30,11,False,1
CNT00112,1,Tank,2025-09-15,2025-09-21,2025-09-20,6,False,1
CNT00113,1,Reefer,2025-08-06,2025-08-15,2025-08-11,9,False,1
CNT00114,1,Hazardous,2025-07-11,2025-07-14,2025-07-16,3,True,1
CNT00115,1,General,2025-09-12,2025-09-13,2025-09-17,1,True,1
CNT00116,1,General,2025-07-27,2025-07-30,2025-08-01,3,True,1
CNT00117,1,General,2025-05-07,2025-05-22,2025-05-12,15,False,1
CNT00118,1,General,2025-06-07,2025-06-11,2025-06-12,4,True,1
CNT00119,1,Hazardous,2025-05-06,2025-05-08,2025-05-11,2,True,1
CNT00120,1,Hazardous,2025-06-03,2025-06-09,2025-06-08,6,False,1
CNT00121,1,Hazardous,2025-08-22,2025-08-24,2025-08-27,2,True,1
CNT00122,1,General,2025-08-16,2025-08-24,2025-08-21,8,False,1
CNT00123,1,General,2025-06-07,2025-06-10,2025-06-12,3,True,1
CNT00124,1,General,2025-08-28,2025-09-07,2025-09-02,10,False,1
CNT00125,1,Tank,2025-07-19,2025-07-20,2025-07-24,1,True,1
CNT00126,1,Tank,2025-08-28,2025-08-30,2025-09-02,2,True,1
CNT00127,1,Tank,2025-07-12,2025-07-14,2025-07-17,2,True,1
CNT00128,1,Tank,2025-07-02,2025-07-05,2025-07-07,3,True,1
CNT00129,1,General,2025-05-27,2025-06-10,2025-06-01,14,False,1
CNT00130,1,Tank,2025-05-06,2025-05-14,2025-05-11,8,False,1
CNT00131,1,Reefer,2025-08-09,2025-08-22,2025-08-14,13,False,1
CNT00132,1,Hazardous,2025-08-05,2025-08-13,2025-08-10,8,False,1
CNT00133,1,Tank,2025-04-24,2025-04-30,2025-04-29,6,False,1
CNT00134,1,Hazardous,2025-04-13,2025-04-18,2025-04-18,5,True,1
CNT00135,1,Reefer,2025-04-29,2025-05-11,2025-05-04,12,False,1
CNT00136,1,General,2025-05-10,2025-05-12,2025-05-15,2,True,1
CNT00137,1,General,2025-09-08,2025-09-15,2025-09-13,7,False,1
CNT00138,1,General,2025-05-11,2025-05-14,2025-05-16,3,True,1
CNT00139,1,Hazardous,2025-09-22,2025-09-27,2025-09-27,5,True,1
CNT00140,1,General,2025-07-18,2025-07-19,2025-07-23,1,True,1
CNT00141,1,General,2025-08-31,2025-09-14,2025-09-05,14,False,1
CNT00142,1,Hazardous,2025-04-17,2025-04-20,2025-04-22,3,True,1
CNT00143,1,Tank,2025-07-08,2025-07-15,2025-07-13,7,False,1
CNT00144,1,Reefer,2025-07-07,2025-07-11,2025-07-12,4,True,1
CNT00145,1,General,2025-08-31,2025-09-07,2025-09-05,7,False,1
CNT00146,1,Reefer,2025-07-29,2025-08-08,2025-08-03,10,False,1
CNT00147,1,Hazardous,2025-08-14,2025-08-23,2025-08-19,9,False,1
CNT00148,1,General,2025-06-04,2025-06-17,2025-06-09,13,False,1
CNT00149,1,Tank,2025-08-20,2025-08-23,2025-08-25,3,True,1
CNT00150,1,Reefer,2025-04-03,2025-04-06,2025-04-08,3,True,1
CNT00151,1,Reefer,2025-09-22,2025-09-25,2025-09-27,3,True,1
CNT00152,1,Reefer,2025-04-30,2025-05-08,2025-05-05,8,False,1
CNT00153,1,Tank,2025-09-22,2025-09-23,2025-09-27,1,True,1
CNT00154,1,General,2025-08-16,2025-08-20,2025-08-21,4,True,1
CNT00155,1,General,2025-06-08,2025-06-23,2025-06-13,15,False,1
CNT00156,1,General,2025-09-12,2025-09-27,2025-09-17,15,False,1
CNT00157,1,General,2025-06-27,2025-07-01,2025-07-02,4,True,1
CNT00158,1,Hazardous,2025-04-29,2025-05-05,2025-05-04,6,False,1
CNT00159,1,General,2025-06-15,2025-06-17,2025-06-20,2,True,1
CNT00160,1,Hazardous,2025-07-21,2025-08-02,2025-07-26,12,False,1
CNT00161,1,General,2025-05-11,2025-05-19,2025-05-16,8,False,1
CNT00162,1,General,2025-07-26,2025-08-08,2025-07-31,13,False,1
CNT00163,1,General,2025-04-01,2025-04-04,2025-04-06,3,True,1
CNT00164,1,Tank,2025-06-07,2025-06-18,2025-06-12,11,False,1
CNT00165,1,Hazardous,2025-08-07,2025-08-22,2025-08-12,15,False,1
CNT00166,1,Tank,2025-05-16,2025-05-21,2025-05-21,5,True,1
CNT00167,1,Tank,2025-08-08,2025-08-13,2025-08-13,5,True,1
CNT00168,1,Tank,2025-04-28,2025-05-12,2025-05-03,14,False,1
CNT00169,1,Tank,2025-09-08,2025-09-11,2025-09-13,3,True,1
CNT00170,1,Tank,2025-06-16,2025-06-17,2025-06-21,1,True,1
CNT00171,1,Hazardous,2025-09-11,2025-09-20,2025-09-16,9,False,1
CNT00172,1,Tank,2025-08-08,2025-08-27,2025-08-13,19,False,1
CNT00173,1,Tank,2025-09-03,2025-09-04,2025-09-08,1,True,1
CNT00174,1,General,2025-05-21,2025-06-07,2025-05-26,17,False,1
CNT00175,1,Reefer,2025-05-10,2025-05-11,2025-05-15,1,True,1
CNT00176,1,General,2025-07-05,2025-07-18,2025-07-10,13,False,1
CNT00177,1,General,2025-05-12,2025-05-18,2025-05-17,6,False,1
CNT00178,1,Tank,2025-08-17,2025-08-23,2025-08-22,6,False,1
CNT00179,1,General,2025-08-14,2025-09-12,2025-08-19,29,False,1
CNT00180,1,Tank,2025-04-01,2025-04-13,2025-04-06,12,False,1
CNT00181,1,Reefer,2025-09-01,2025-09-18,2025-09-06,17,False,1
CNT00182,1,Tank,2025-06-22,2025-06-28,2025-06-27,6,False,1
CNT00183,1,General,2025-08-04,2025-08-09,2025-08-09,5,True,1
CNT00184,1,General,2025-04-05,2025-04-07,2025-04-10,2,True,1
CNT00185,1,Reefer,2025-04-29,2025-05-22,2025-05-04,23,False,1
CNT00186,1,General,2025-07-02,2025-07-04,2025-07-07,2,True,1
CNT00187,1,Hazardous,2025-06-18,2025-06-24,2025-06-23,6,False,1
CNT00188,1,General,2025-06-01,2025-06-03,2025-06-06,2,True,1
CNT00189,1,Reefer,2025-04-15,2025-04-24,2025-04-20,9,False,1
CNT00190,1,Reefer,2025-06-01,2025-06-03,2025-06-06,2,True,1
CNT00191,1,Reefer,2025-08-24,2025-08-27,2025-08-29,3,True,1
CNT00192,1,Tank,2025-04-21,2025-04-30,2025-04-26,9,False,1
CNT00193,1,Reefer,2025-04-22,2025-04-23,2025-04-27,1,True,1
CNT00194,1,Hazardous,2025-08-03,2025-08-08,2025-08-08,5,True,1
CNT00195,1,Hazardous,2025-04-18,2025-04-29,2025-04-23,11,False,1
CNT00196,1,General,2025-08-15,2025-08-16,2025-08-20,1,True,1
CNT00197,1,General,2025-05-03,2025-05-14,2025-05-08,11,False,1
CNT00198,1,Tank,2025-05-03,2025-05-12,2025-05-08,9,False,1
CNT00199,1,Tank,2025-09-16,2025-09-24,2025-09-21,8,False,1
CNT00200,1,Hazardous,2025-07-31,2025-08-03,2025-08-05,3,True,1
CNT00201,1,Tank,2025-08-19,2025-08-22,2025-08-24,3,True,1
CNT00202,1,General,2025-05-13,2025-05-15,2025-05-18,2,True,1
CNT00203,1,Hazardous,2025-06-07,2025-06-14,2025-06-12,7,False,1
CNT00204,1,General,2025-08-14,2025-08-21,2025-08-19,7,False,1
CNT00205,1,Tank,2025-09-03,2025-09-13,2025-09-08,10,False,1
CNT00206,1,Reefer,2025-07-18,2025-07-23,2025-07-23,5,True,1
CNT00207,1,General,2025-05-25,2025-06-02,2025-05-30,8,False,1
CNT00208,1,General,2025-08-17,2025-08-20,2025-08-22,3,True,1
CNT00209,1,Hazardous,2025-09-24,2025-10-02,2025-09-29,8,False,1
CNT00210,1,General,2025-05-22,2025-05-24,2025-05-27,2,True,1
CNT00211,1,General,2025-06-19,2025-06-25,2025-06-24,6,False,1
CNT00212,1,Tank,2025-07-12,2025-07-14,2025-07-17,2,True,1
CNT00213,1,General,2025-09-19,2025-09-25,2025-09-24,6,False,1
CNT00214,1,General,2025-09-14,2025-09-21,2025-09-19,7,False,1
CNT00215,1,Hazardous,2025-07-05,2025-07-14,2025-07-10,9,False,1
CNT00216,1,Reefer,2025-07-22,2025-07-26,2025-07-27,4,True,1
CNT00217,1,Reefer,2025-08-11,2025-08-15,2025-08-16,4,True,1
CNT00218,1,General,2025-07-25,2025-08-01,2025-07-30,7,False,1
CNT00219,1,General,2025-05-01,2025-05-04,2025-05-06,3,True,1
CNT00220,1,Tank,2025-06-03,2025-06-06,2025-06-08,3,True,1
CNT00221,1,Reefer,2025-05-28,2025-06-01,2025-06-02,4,True,1
CNT00222,1,Reefer,2025-04-17,2025-04-24,2025-04-22,7,False,1
CNT00223,1,General,2025-06-26,2025-06-28,2025-07-01,2,True,1
CNT00224,1,General,2025-04-06,2025-04-07,2025-04-11,1,True,1
CNT00225,1,Tank,2025-08-29,2025-09-02,2025-09-03,4,True,1
CNT00226,1,General,2025-08-20,2025-08-24,2025-08-25,4,True,1
CNT00227,1,General,2025-05-29,2025-06-01,2025-06-03,3,True,1
CNT00228,1,Tank,2025-08-29,2025-08-31,2025-09-03,2,True,1
CNT00229,1,General,2025-05-27,2025-05-30,2025-06-01,3,True,1
CNT00230,1,General,2025-04-02,2025-04-11,2025-04-07,9,False,1
CNT00231,1,Tank,2025-04-19,2025-05-13,2025-04-24,24,False,1
CNT00232,1,General,2025-09-09,2025-09-14,2025-09-14,5,True,1
CNT00233,1,Hazardous,2025-04-16,2025-04-21,2025-04-21,5,True,1
CNT00234,1,Hazardous,2025-05-29,2025-06-01,2025-06-03,3,True,1
CNT00235,1,Hazardous,2025-04-18,2025-05-01,2025-04-23,13,False,1
CNT00236,1,Hazardous,2025-04-09,2025-04-11,2025-04-14,2,True,1
CNT00237,1,Tank,2025-06-24,2025-06-30,2025-06-29,6,False,1
CNT00238,1,General,2025-04-19,2025-04-27,2025-04-24,8,False,1
CNT00239,1,Tank,2025-08-10,2025-08-21,2025-08-15,11,False,1
CNT00240,1,General,2025-05-31,2025-06-01,2025-06-05,1,True,1
CNT00241,1,General,2025-06-11,2025-06-16,2025-06-16,5,True,1
CNT00242,1,Hazardous,2025-09-19,2025-09-25,2025-09-24,6,False,1
CNT00243,1,Tank,2025-08-03,2025-08-12,2025-08-08,9,False,1
CNT00244,1,Hazardous,2025-05-25,2025-05-30,2025-05-30,5,True,1
CNT00245,1,General,2025-08-17,2025-08-21,2025-08-22,4,True,1
CNT00246,1,Tank,2025-05-04,2025-05-08,2025-05-09,4,True,1
CNT00247,1,Reefer,2025-08-25,2025-08-30,2025-08-30,5,True,1
CNT00248,1,General,2025-08-26,2025-08-29,2025-08-31,3,True,1
CNT00249,1,General,2025-07-31,2025-08-03,2025-08-05,3,True,1
CNT00250,1,General,2025-06-02,2025-06-13,2025-06-07,11,False,1
CNT00251,1,Hazardous,2025-07-31,2025-08-03,2025-08-05,3,True,1
CNT00252,1,Tank,2025-07-14,2025-08-06,2025-07-19,23,False,1
CNT00253,1,Reefer,2025-05-19,2025-05-26,2025-05-24,7,False,1
CNT00254,1,Reefer,2025-04-25,2025-05-04,2025-04-30,9,False,1
CNT00255,1,Tank,2025-04-25,2025-05-03,2025-04-30,8,False,1
CNT00256,1,Reefer,2025-09-16,2025-09-22,2025-09-21,6,False,1
CNT00257,1,General,2025-07-20,2025-07-29,2025-07-25,9,False,1
CNT00258,1,Reefer,2025-06-30,2025-07-07,2025-07-05,7,False,1
CNT00259,1,Hazardous,2025-07-18,2025-07-22,2025-07-23,4,True,1
CNT00260,1,Tank,2025-07-15,2025-07-17,2025-07-20,2,True,1
CNT00261,1,Tank,2025-07-29,2025-08-12,2025-08-03,14,False,1
CNT00262,1,Tank,2025-04-14,2025-04-16,2025-04-19,2,True,1
CNT00263,1,Tank,2025-09-20,2025-09-25,2025-09-25,5,True,1
CNT00264,1,Reefer,2025-09-15,2025-09-18,2025-09-20,3,True,1
CNT00265,1,General,2025-09-13,2025-09-14,2025-09-18,1,True,1
CNT00266,1,Hazardous,2025-04-26,2025-05-02,2025-05-01,6,False,1
CNT00267,1,Tank,2025-04-16,2025-04-19,2025-04-21,3,True,1
CNT00268,1,Reefer,2025-07-13,2025-07-21,2025-07-18,8,False,1
CNT00269,1,General,2025-06-26,2025-07-03,2025-07-01,7,False,1
CNT00270,1,General,2025-04-28,2025-05-01,2025-05-03,3,True,1
CNT00271,1,Hazardous,2025-06-03,2025-06-08,2025-06-08,5,True,1
CNT00272,1,General,2025-05-20,2025-05-29,2025-05-25,9,False,1
CNT00273,1,Hazardous,2025-05-19,2025-05-28,2025-05-24,9,False,1
CNT00274,1,Hazardous,2025-08-16,2025-08-23,2025-08-21,7,False,1
CNT00275,1,Reefer,2025-07-24,2025-07-27,2025-07-29,3,True,1
CNT00276,1,General,2025-05-06,2025-05-17,2025-05-11,11,False,1
CNT00277,1,Hazardous,2025-07-18,2025-07-30,2025-07-23,12,False,1
CNT00278,1,General,2025-05-17,2025-05-26,2025-05-22,9,False,1
CNT00279,1,Tank,2025-06-11,2025-06-16,2025-06-16,5,True,1
CNT00280,1,General,2025-07-28,2025-08-03,2025-08-02,6,False,1
CNT00281,1,Tank,2025-06-03,2025-06-08,2025-06-08,5,True,1
CNT00282,1,Tank,2025-04-20,2025-04-25,2025-04-25,5,True,1
CNT00283,1,Reefer,2025-07-23,2025-07-28,2025-07-28,5,True,1
CNT00284,1,Reefer,2025-08-19,2025-08-28,2025-08-24,9,False,1
CNT00285,1,Hazardous,2025-04-26,2025-05-05,2025-05-01,9,False,1
CNT00286,1,Hazardous,2025-04-13,2025-04-15,2025-04-18,2,True,1
CNT00287,1,Hazardous,2025-09-14,2025-09-19,2025-09-19,5,True,1
CNT00288,1,General,2025-08-17,2025-08-28,2025-08-22,11,False,1
CNT00289,1,General,2025-04-04,2025-04-10,2025-04-09,6,False,1
CNT00290,1,Hazardous,2025-04-24,2025-04-27,2025-04-29,3,True,1
CNT00291,1,Tank,2025-05-31,2025-06-10,2025-06-05,10,False,1
CNT00292,1,Tank,2025-05-13,2025-05-20,2025-05-18,7,False,1
CNT00293,1,General,2025-07-14,2025-07-19,2025-07-19,5,True,1
CNT00294,1,Reefer,2025-08-03,2025-08-07,2025-08-08,4,True,1
CNT00295,1,Tank,2025-08-02,2025-08-07,2025-08-07,5,True,1
CNT00296,1,Tank,2025-05-25,2025-06-08,2025-05-30,14,False,1
CNT00297,1,General,2025-07-12,2025-07-16,2025-07-17,4,True,1
CNT00298,1,Reefer,2025-04-16,2025-04-21,2025-04-21,5,True,1
CNT00299,1,Reefer,2025-05-13,2025-05-21,2025-05-18,8,False,1
CNT00300,1,Hazardous,2025-07-07,2025-07-10,2025-07-12,3,True,1
CNT00301,1,Tank,2025-04-01,2025-04-08,2025-04-06,7,False,1
CNT00302,1,Reefer,2025-07-09,2025-07-13,2025-07-14,4,True,1
CNT00303,1,General,2025-06-07,2025-06-09,2025-06-12,2,True,1
CNT00304,1,Hazardous,2025-07-26,2025-07-30,2025-07-31,4,True,1
CNT00305,1,Tank,2025-06-13,2025-06-18,2025-06-18,5,True,1
CNT00306,1,General,2025-07-18,2025-07-26,2025-07-23,8,False,1
CNT00307,1,Hazardous,2025-09-26,2025-09-27,2025-10-01,1,True,1
CNT00308,1,General,2025-08-21,2025-08-25,2025-08-26,4,True,1
CNT00309,1,Reefer,2025-09-17,2025-09-21,2025-09-22,4,True,1
CNT00310,1,Tank,2025-08-03,2025-08-18,2025-08-08,15,False,1
CNT00311,1,General,2025-05-10,2025-05-24,2025-05-15,14,False,1
CNT00312,1,General,2025-05-19,2025-05-24,2025-05-24,5,True,1
CNT00313,1,General,2025-06-15,2025-06-17,2025-06-20,2,True,1
CNT00314,1,Tank,2025-05-26,2025-06-02,2025-05-31,7,False,1
CNT00315,1,Hazardous,2025-04-15,2025-04-16,2025-04-20,1,True,1
CNT00316,1,General,2025-08-27,2025-09-01,2025-09-01,5,True,1
CNT00317,1,Reefer,2025-08-17,2025-08-21,2025-08-22,4,True,1
CNT00318,1,General,2025-04-16,2025-04-21,2025-04-21,5,True,1
CNT00319,1,General,2025-06-20,2025-07-03,2025-06-25,13,False,1
CNT00320,1,General,2025-04-15,2025-04-17,2025-04-20,2,True,1
CNT00321,1,Hazardous,2025-04-13,2025-04-18,2025-04-18,5,True,1
CNT00322,1,Hazardous,2025-08-28,2025-09-02,2025-09-02,5,True,1
CNT00323,1,Tank,2025-08-01,2025-08-06,2025-08-06,5,True,1
CNT00324,1,Tank,2025-08-07,2025-08-08,2025-08-12,1,True,1
CNT00325,1,General,2025-08-14,2025-08-17,2025-08-19,3,True,1
CNT00326,1,General,2025-05-11,2025-05-14,2025-05-16,3,True,1
CNT00327,1,Tank,2025-04-15,2025-04-26,2025-04-20,11,False,1
CNT00328,1,General,2025-08-09,2025-08-16,2025-08-14,7,False,1
CNT00329,1,Tank,2025-04-21,2025-04-28,2025-04-26,7,False,1
CNT00330,1,General,2025-05-18,2025-05-24,2025-05-23,6,False,1
CNT00331,1,Tank,2025-04-18,2025-04-21,2025-04-23,3,True,1
CNT00332,1,General,2025-08-31,2025-09-08,2025-09-05,8,False,1
CNT00333,1,Hazardous,2025-04-18,2025-04-28,2025-04-23,10,False,1
CNT00334,1,Tank,2025-09-20,2025-09-29,2025-09-25,9,False,1
CNT00335,1,General,2025-05-31,2025-06-05,2025-06-05,5,True,1
CNT00336,1,Reefer,2025-07-13,2025-07-16,2025-07-18,3,True,1
CNT00337,1,Hazardous,2025-05-01,2025-05-11,2025-05-06,10,False,1
CNT00338,1,Reefer,2025-08-24,2025-08-31,2025-08-29,7,False,1
CNT00339,1,Reefer,2025-06-03,2025-06-14,2025-06-08,11,False,1
CNT00340,1,General,2025-08-27,2025-09-01,2025-09-01,5,True,1
CNT00341,1,General,2025-08-31,2025-09-09,2025-09-05,9,False,1
CNT00342,1,Tank,2025-04-11,2025-04-17,2025-04-16,6,False,1
CNT00343,1,Reefer,2025-09-06,2025-09-09,2025-09-11,3,True,1
CNT00344,1,Hazardous,2025-04-21,2025-04-23,2025-04-26,2,True,1
CNT00345,1,Tank,2025-07-17,2025-08-10,2025-07-22,24,False,1
CNT00346,1,Hazardous,2025-09-16,2025-09-21,2025-09-21,5,True,1
CNT00347,1,Tank,2025-08-28,2025-09-05,2025-09-02,8,False,1
CNT00348,1,Tank,2025-08-23,2025-08-26,2025-08-28,3,True,1
CNT00349,1,Tank,2025-08-12,2025-08-16,2025-08-17,4,True,1
CNT00350,1,Tank,2025-06-20,2025-06-23,2025-06-25,3,True,1
CNT00351,1,Hazardous,2025-06-06,2025-06-15,2025-06-11,9,False,1
CNT00352,1,Hazardous,2025-05-23,2025-05-28,2025-05-28,5,True,1
CNT00353,1,Tank,2025-09-19,2025-09-26,2025-09-24,7,False,1
CNT00354,1,Hazardous,2025-06-20,2025-06-22,2025-06-25,2,True,1
CNT00355,1,General,2025-06-01,2025-06-14,2025-06-06,13,False,1
CNT00356,1,Hazardous,2025-06-07,2025-06-09,2025-06-12,2,True,1
CNT00357,1,Hazardous,2025-07-11,2025-07-12,2025-07-16,1,True,1
CNT00358,1,Hazardous,2025-05-04,2025-05-08,2025-05-09,4,True,1
CNT00359,1,Tank,2025-09-19,2025-09-21,2025-09-24,2,True,1
CNT00360,1,Hazardous,2025-09-13,2025-09-16,2025-09-18,3,True,1
CNT00361,1,General,2025-06-16,2025-06-21,2025-06-21,5,True,1
CNT00362,1,General,2025-07-27,2025-08-05,2025-08-01,9,False,1
CNT00363,1,Tank,2025-06-20,2025-07-07,2025-06-25,17,False,1
CNT00364,1,Hazardous,2025-04-19,2025-05-03,2025-04-24,14,False,1
CNT00365,1,Tank,2025-04-03,2025-04-07,2025-04-08,4,True,1
CNT00366,1,General,2025-07-27,2025-08-03,2025-08-01,7,False,1
CNT00367,1,Hazardous,2025-09-07,2025-09-25,2025-09-12,18,False,1
CNT00368,1,General,2025-08-23,2025-08-31,2025-08-28,8,False,1
CNT00369,1,General,2025-04-26,2025-04-29,2025-05-01,3,True,1
CNT00370,1,Tank,2025-04-19,2025-04-26,2025-04-24,7,False,1
CNT00371,1,Tank,2025-08-16,2025-08-18,2025-08-21,2,True,1
CNT00372,1,Hazardous,2025-05-25,2025-06-01,2025-05-30,7,False,1
CNT00373,1,General,2025-08-08,2025-08-09,2025-08-13,1,True,1
CNT00374,1,General,2025-06-07,2025-06-20,2025-06-12,13,False,1
CNT00375,1,Hazardous,2025-05-04,2025-05-10,2025-05-09,6,False,1
CNT00376,1,General,2025-06-29,2025-07-05,2025-07-04,6,False,1
CNT00377,1,Hazardous,2025-04-18,2025-04-29,2025-04-23,11,False,1
CNT00378,1,Hazardous,2025-06-02,2025-06-08,2025-06-07,6,False,1
CNT00379,1,Reefer,2025-07-04,2025-07-12,2025-07-09,8,False,1
CNT00380,1,Reefer,2025-06-12,2025-06-29,2025-06-17,17,False,1
CNT00381,1,General,2025-05-11,2025-05-16,2025-05-16,5,True,1
CNT00382,1,General,2025-07-22,2025-07-28,2025-07-27,6,False,1
CNT00383,1,General,2025-08-18,2025-08-21,2025-08-23,3,True,1
CNT00384,1,General,2025-09-28,2025-10-12,2025-10-03,14,False,1
CNT00385,1,Tank,2025-06-17,2025-06-27,2025-06-22,10,False,1
CNT00386,1,Reefer,2025-09-04,2025-09-15,2025-09-09,11,False,1
CNT00387,1,Tank,2025-09-15,2025-09-22,2025-09-20,7,False,1
CNT00388,1,Tank,2025-08-14,2025-08-16,2025-08-19,2,True,1
CNT00389,1,General,2025-04-03,2025-04-10,2025-04-08,7,False,1
CNT00390,1,Hazardous,2025-09-18,2025-09-21,2025-09-23,3,True,1
CNT00391,1,Hazardous,2025-08-20,2025-08-25,2025-08-25,5,True,1
CNT00392,1,General,2025-06-16,2025-06-21,2025-06-21,5,True,1
CNT00393,1,Tank,2025-09-17,2025-09-21,2025-09-22,4,True,1
CNT00394,1,Tank,2025-04-27,2025-05-23,2025-05-02,26,False,1
CNT00395,1,Reefer,2025-05-05,2025-05-11,2025-05-10,6,False,1
CNT00396,1,General,2025-06-07,2025-06-08,2025-06-12,1,True,1
CNT00397,1,Hazardous,2025-04-30,2025-05-03,2025-05-05,3,True,1
CNT00398,1,Tank,2025-04-28,2025-05-05,2025-05-03,7,False,1
CNT00399,1,General,2025-08-20,2025-08-23,2025-08-25,3,True,1
CNT00400,1,Tank,2025-05-10,2025-05-18,2025-05-15,8,False,1
CNT00401,1,General,2025-06-09,2025-06-14,2025-06-14,5,True,1
CNT00402,1,Reefer,2025-06-12,2025-06-19,2025-06-17,7,False,1
CNT00403,1,General,2025-09-02,2025-09-04,2025-09-07,2,True,1
CNT00404,1,General,2025-05-24,2025-05-25,2025-05-29,1,True,1
CNT00405,1,Hazardous,2025-06-27,2025-06-30,2025-07-02,3,True,1
CNT00406,1,Hazardous,2025-05-23,2025-05-26,2025-05-28,3,True,1
CNT00407,1,Reefer,2025-09-23,2025-10-06,2025-09-28,13,False,1
CNT00408,1,Reefer,2025-09-10,2025-10-05,2025-09-15,25,False,1
CNT00409,1,Reefer,2025-06-07,2025-06-09,2025-06-12,2,True,1
CNT00410,1,Tank,2025-08-08,2025-08-13,2025-08-13,5,True,1
CNT00411,1,General,2025-08-04,2025-08-05,2025-08-09,1,True,1
CNT00412,1,General,2025-06-04,2025-06-08,2025-06-09,4,True,1
CNT00413,1,Hazardous,2025-04-14,2025-04-24,2025-04-19,10,False,1
CNT00414,1,Reefer,2025-04-24,2025-05-07,2025-04-29,13,False,1
CNT00415,1,Tank,2025-09-10,2025-09-16,2025-09-15,6,False,1
CNT00416,1,General,2025-07-18,2025-07-27,2025-07-23,9,False,1
CNT00417,1,Reefer,2025-06-10,2025-06-24,2025-06-15,14,False,1
CNT00418,1,General,2025-04-12,2025-04-16,2025-04-17,4,True,1
CNT00419,1,General,2025-04-01,2025-04-13,2025-04-06,12,False,1
CNT00420,1,General,2025-06-25,2025-07-08,2025-06-30,13,False,1
CNT00421,1,General,2025-05-04,2025-05-10,2025-05-09,6,False,1
CNT00422,1,Reefer,2025-09-11,2025-09-21,2025-09-16,10,False,1
CNT00423,1,General,2025-06-07,2025-06-23,2025-06-12,16,False,1
CNT00424,1,General,2025-05-12,2025-05-17,2025-05-17,5,True,1
CNT00425,1,General,2025-07-23,2025-07-30,2025-07-28,7,False,1
CNT00426,1,Tank,2025-08-20,2025-09-06,2025-08-25,17,False,1
CNT00427,1,Reefer,2025-09-28,2025-10-23,2025-10-03,25,False,1
CNT00428,1,Tank,2025-07-19,2025-07-23,2025-07-24,4,True,1
CNT00429,1,Reefer,2025-08-22,2025-08-28,2025-08-27,6,False,1
CNT00430,1,Tank,2025-04-03,2025-04-13,2025-04-08,10,False,1
CNT00431,1,Reefer,2025-04-29,2025-05-07,2025-05-04,8,False,1
CNT00432,1,General,2025-04-20,2025-04-21,2025-04-25,1,True,1
CNT00433,1,Hazardous,2025-09-24,2025-10-01,2025-09-29,7,False,1
CNT00434,1,General,2025-05-09,2025-05-18,2025-05-14,9,False,1
CNT00435,1,Reefer,2025-08-18,2025-09-04,2025-08-23,17,False,1
CNT00436,1,General,2025-04-10,2025-04-20,2025-04-15,10,False,1
CNT00437,1,Hazardous,2025-07-04,2025-07-08,2025-07-09,4,True,1
CNT00438,1,General,2025-08-28,2025-09-07,2025-09-02,10,False,1
CNT00439,1,Hazardous,2025-08-20,2025-08-23,2025-08-25,3,True,1
CNT00440,1,General,2025-05-08,2025-05-13,2025-05-13,5,True,1
CNT00441,1,Tank,2025-07-20,2025-07-22,2025-07-25,2,True,1
CNT00442,1,Tank,2025-05-03,2025-05-09,2025-05-08,6,False,1
CNT00443,1,General,2025-04-11,2025-04-15,2025-04-16,4,True,1
CNT00444,1,Tank,2025-06-18,2025-07-07,2025-06-23,19,False,1
CNT00445,1,General,2025-07-03,2025-07-04,2025-07-08,1,True,1
CNT00446,1,General,2025-04-11,2025-04-26,2025-04-16,15,False,1
CNT00447,1,Reefer,2025-07-01,2025-07-03,2025-07-06,2,True,1
CNT00448,1,Hazardous,2025-05-24,2025-05-29,2025-05-29,5,True,1
CNT00449,1,Tank,2025-09-22,2025-09-24,2025-09-27,2,True,1
CNT00450,1,Reefer,2025-06-03,2025-06-11,2025-06-08,8,False,1
CNT00451,1,General,2025-09-18,2025-09-28,2025-09-23,10,False,1
CNT00452,1,General,2025-04-27,2025-05-08,2025-05-02,11,False,1
CNT00453,1,Tank,2025-06-30,2025-07-09,2025-07-05,9,False,1
CNT00454,1,General,2025-08-22,2025-08-24,2025-08-27,2,True,1
CNT00455,1,Reefer,2025-07-14,2025-07-17,2025-07-19,3,True,1
CNT00456,1,Reefer,2025-09-06,2025-09-10,2025-09-11,4,True,1
CNT00457,1,Hazardous,2025-05-10,2025-05-13,2025-05-15,3,True,1
CNT00458,1,Hazardous,2025-05-31,2025-06-04,2025-06-05,4,True,1
CNT00459,1,General,2025-05-12,2025-05-28,2025-05-17,16,False,1
CNT00460,1,Reefer,2025-05-16,2025-05-21,2025-05-21,5,True,1
CNT00461,1,Reefer,2025-07-15,2025-07-23,2025-07-20,8,False,1
CNT00462,1,Reefer,2025-04-07,2025-04-11,2025-04-12,4,True,1
CNT00463,1,General,2025-05-16,2025-05-18,2025-05-21,2,True,1
CNT00464,1,Hazardous,2025-06-25,2025-06-30,2025-06-30,5,True,1
CNT00465,1,Tank,2025-07-15,2025-07-20,2025-07-20,5,True,1
CNT00466,1,General,2025-09-19,2025-09-22,2025-09-24,3,True,1
CNT00467,1,Tank,2025-06-03,2025-06-09,2025-06-08,6,False,1
CNT00468,1,Tank,2025-06-08,2025-06-09,2025-06-13,1,True,1
CNT00469,1,Reefer,2025-05-11,2025-05-30,2025-05-16,19,False,1
CNT00470,1,Tank,2025-09-27,2025-09-30,2025-10-02,3,True,1
CNT00471,1,General,2025-04-28,2025-05-04,2025-05-03,6,False,1
CNT00472,1,General,2025-07-07,2025-07-13,2025-07-12,6,False,1
CNT00473,1,Hazardous,2025-04-10,2025-04-13,2025-04-15,3,True,1
CNT00474,1,Hazardous,2025-07-30,2025-08-01,2025-08-04,2,True,1
CNT00475,1,General,2025-05-27,2025-06-01,2025-06-01,5,True,1
CNT00476,1,General,2025-05-22,2025-05-28,2025-05-27,6,False,1
CNT00477,1,Hazardous,2025-07-27,2025-08-02,2025-08-01,6,False,1
CNT00478,1,Reefer,2025-06-29,2025-07-09,2025-07-04,10,False,1
CNT00479,1,Tank,2025-06-18,2025-06-19,2025-06-23,1,True,1
CNT00480,1,General,2025-05-29,2025-06-05,2025-06-03,7,False,1
CNT00481,1,Tank,2025-05-28,2025-06-02,2025-06-02,5,True,1
CNT00482,1,Tank,2025-04-07,2025-04-08,2025-04-12,1,True,1
CNT00483,1,Tank,2025-09-16,2025-09-17,2025-09-21,1,True,1
CNT00484,1,General,2025-05-20,2025-05-30,2025-05-25,10,False,1
CNT00485,1,General,2025-07-12,2025-07-15,2025-07-17,3,True,1
CNT00486,1,General,2025-06-24,2025-07-02,2025-06-29,8,False,1
CNT00487,1,General,2025-06-11,2025-06-12,2025-06-16,1,True,1
CNT00488,1,Reefer,2025-04-18,2025-04-21,2025-04-23,3,True,1
CNT00489,1,General,2025-06-11,2025-06-27,2025-06-16,16,False,1
CNT00490,1,Tank,2025-06-29,2025-07-02,2025-07-04,3,True,1
CNT00491,1,Tank,2025-09-12,2025-09-22,2025-09-17,10,False,1
CNT00492,1,Hazardous,2025-08-09,2025-08-11,2025-08-14,2,True,1
CNT00493,1,Hazardous,2025-07-12,2025-07-18,2025-07-17,6,False,1
CNT00494,1,General,2025-09-21,2025-09-23,2025-09-26,2,True,1
CNT00495,1,General,2025-08-16,2025-08-19,2025-08-21,3,True,1
CNT00496,1,Hazardous,2025-06-24,2025-06-30,2025-06-29,6,False,1
CNT00497,1,General,2025-04-08,2025-04-27,2025-04-13,19,False,1
CNT00498,1,General,2025-04-30,2025-05-10,2025-05-05,10,False,1
CNT00499,1,General,2025-06-06,2025-06-08,2025-06-11,2,True,1
CNT00500,1,Hazardous,2025-05-16,2025-05-18,2025-05-21,2,True,1
CNT00501,1,Tank,2025-08-27,2025-08-30,2025-09-01,3,True,1
CNT00502,1,Hazardous,2025-06-07,2025-06-10,2025-06-12,3,True,1
CNT00503,1,General,2025-04-10,2025-04-20,2025-04-15,10,False,1
CNT00504,1,Reefer,2025-04-28,2025-05-05,2025-05-03,7,False,1
CNT00505,1,Hazardous,2025-08-31,2025-09-06,2025-09-05,6,False,1
CNT00506,1,Reefer,2025-07-21,2025-07-22,2025-07-26,1,True,1
CNT00507,1,Tank,2025-06-28,2025-07-04,2025-07-03,6,False,1
CNT00508,1,Hazardous,2025-06-20,2025-06-25,2025-06-25,5,True,1
CNT00509,1,Tank,2025-07-21,2025-07-31,2025-07-26,10,False,1
CNT00510,1,General,2025-09-03,2025-09-09,2025-09-08,6,False,1
CNT00511,1,General,2025-08-09,2025-08-13,2025-08-14,4,True,1
CNT00512,1,Tank,2025-04-30,2025-05-09,2025-05-05,9,False,1
CNT00513,1,Hazardous,2025-07-08,2025-07-12,2025-07-13,4,True,1
CNT00514,1,General,2025-08-26,2025-08-29,2025-08-31,3,True,1
CNT00515,1,Tank,2025-05-19,2025-05-23,2025-05-24,4,True,1
CNT00516,1,Tank,2025-06-05,2025-06-07,2025-06-10,2,True,1
CNT00517,1,Tank,2025-04-12,2025-04-16,2025-04-17,4,True,1
CNT00518,1,Hazardous,2025-07-21,2025-07-22,2025-07-26,1,True,1
CNT00519,1,General,2025-04-01,2025-04-20,2025-04-06,19,False,1
CNT00520,1,Reefer,2025-08-12,2025-08-13,2025-08-17,1,True,1
CNT00521,1,Hazardous,2025-08-16,2025-08-17,2025-08-21,1,True,1
CNT00522,1,General,2025-09-23,2025-09-26,2025-09-28,3,True,1
CNT00523,1,General,2025-09-19,2025-09-21,2025-09-24,2,True,1
CNT00524,1,Tank,2025-05-21,2025-05-27,2025-05-26,6,False,1
CNT00525,1,Tank,2025-07-03,2025-07-07,2025-07-08,4,True,1
CNT00526,1,Reefer,2025-07-20,2025-07-23,2025-07-25,3,True,1
CNT00527,1,General,2025-04-18,2025-04-19,2025-04-23,1,True,1
CNT00528,1,General,2025-09-18,2025-09-22,2025-09-23,4,True,1
CNT00529,1,Hazardous,2025-06-24,2025-07-05,2025-06-29,11,False,1
CNT00530,1,Reefer,2025-09-07,2025-09-09,2025-09-12,2,True,1
CNT00531,1,General,2025-06-20,2025-07-12,2025-06-25,22,False,1
CNT00532,1,Tank,2025-09-17,2025-10-01,2025-09-22,14,False,1
CNT00533,1,Tank,2025-05-02,2025-05-04,2025-05-07,2,True,1
CNT00534,1,Reefer,2025-06-16,2025-06-18,2025-06-21,2,True,1
CNT00535,1,Tank,2025-08-08,2025-08-14,2025-08-13,6,False,1
CNT00536,1,Tank,2025-06-19,2025-06-26,2025-06-24,7,False,1
CNT00537,1,Reefer,2025-09-18,2025-09-24,2025-09-23,6,False,1
CNT00538,1,Tank,2025-07-14,2025-07-18,2025-07-19,4,True,1
CNT00539,1,Tank,2025-06-23,2025-07-01,2025-06-28,8,False,1
CNT00540,1,General,2025-07-13,2025-07-16,2025-07-18,3,True,1
CNT00541,1,General,2025-09-26,2025-10-03,2025-10-01,7,False,1
CNT00542,1,General,2025-06-15,2025-06-22,2025-06-20,7,False,1
CNT00543,1,Tank,2025-08-20,2025-09-01,2025-08-25,12,False,1
CNT00544,1,General,2025-05-03,2025-05-11,2025-05-08,8,False,1
CNT00545,1,Reefer,2025-05-20,2025-05-27,2025-05-25,7,False,1
CNT00546,1,General,2025-07-17,2025-07-28,2025-07-22,11,False,1
CNT00547,1,Tank,2025-09-18,2025-09-19,2025-09-23,1,True,1
CNT00548,1,Hazardous,2025-07-07,2025-07-15,2025-07-12,8,False,1
CNT00549,1,Reefer,2025-09-21,2025-09-30,2025-09-26,9,False,1
CNT00550,1,Tank,2025-05-15,2025-05-19,2025-05-20,4,True,1
CNT00551,1,Reefer,2025-09-05,2025-09-06,2025-09-10,1,True,1
CNT00552,1,Reefer,2025-08-24,2025-09-19,2025-08-29,26,False,1
CNT00553,1,Hazardous,2025-06-17,2025-06-22,2025-06-22,5,True,1
CNT00554,1,General,2025-07-13,2025-07-20,2025-07-18,7,False,1
CNT00555,1,General,2025-08-19,2025-08-26,2025-08-24,7,False,1
CNT00556,1,Reefer,2025-04-01,2025-04-14,2025-04-06,13,False,1
CNT00557,1,Tank,2025-06-17,2025-06-27,2025-06-22,10,False,1
CNT00558,1,Tank,2025-06-13,2025-06-16,2025-06-18,3,True,1
CNT00559,1,Tank,2025-05-24,2025-05-31,2025-05-29,7,False,1
CNT00560,1,Hazardous,2025-07-20,2025-07-23,2025-07-25,3,True,1
CNT00561,1,Tank,2025-08-27,2025-09-02,2025-09-01,6,False,1
CNT00562,1,General,2025-09-03,2025-09-06,2025-09-08,3,True,1
CNT00563,1,General,2025-09-15,2025-09-22,2025-09-20,7,False,1
CNT00564,1,Tank,2025-06-22,2025-06-26,2025-06-27,4,True,1
CNT00565,1,Reefer,2025-07-29,2025-08-08,2025-08-03,10,False,1
CNT00566,1,Hazardous,2025-07-23,2025-07-24,2025-07-28,1,True,1
CNT00567,1,General,2025-07-23,2025-07-30,2025-07-28,7,False,1
CNT00568,1,General,2025-09-20,2025-09-25,2025-09-25,5,True,1
CNT00569,1,Hazardous,2025-05-25,2025-06-10,2025-05-30,16,False,1
CNT00570,1,Hazardous,2025-08-09,2025-08-14,2025-08-14,5,True,1
CNT00571,1,General,2025-07-31,2025-08-18,2025-08-05,18,False,1
CNT00572,1,General,2025-05-14,2025-05-16,2025-05-19,2,True,1
CNT00573,1,General,2025-09-16,2025-09-17,2025-09-21,1,True,1
CNT00574,1,Tank,2025-04-22,2025-04-27,2025-04-27,5,True,1
CNT00575,1,General,2025-06-12,2025-06-23,2025-06-17,11,False,1
CNT00576,1,Tank,2025-08-10,2025-08-12,2025-08-15,2,True,1
CNT00577,1,Hazardous,2025-09-17,2025-09-20,2025-09-22,3,True,1
CNT00578,1,General,2025-09-10,2025-09-13,2025-09-15,3,True,1
CNT00579,1,Reefer,2025-09-06,2025-09-17,2025-09-11,11,False,1
CNT00580,1,Hazardous,2025-06-25,2025-06-27,2025-06-30,2,True,1
CNT00581,1,General,2025-04-24,2025-05-08,2025-04-29,14,False,1
CNT00582,1,Hazardous,2025-05-31,2025-06-04,2025-06-05,4,True,1
CNT00583,1,Tank,2025-09-20,2025-10-08,2025-09-25,18,False,1
CNT00584,1,Tank,2025-06-19,2025-06-23,2025-06-24,4,True,1
CNT00585,1,Hazardous,2025-05-28,2025-06-04,2025-06-02,7,False,1
CNT00586,1,General,2025-05-21,2025-06-02,2025-05-26,12,False,1
CNT00587,1,General,2025-05-08,2025-05-17,2025-05-13,9,False,1
CNT00588,1,Hazardous,2025-04-07,2025-04-19,2025-04-12,12,False,1
CNT00589,1,Hazardous,2025-04-12,2025-04-14,2025-04-17,2,True,1
CNT00590,1,Tank,2025-06-02,2025-06-09,2025-06-07,7,False,1
CNT00591,1,General,2025-07-31,2025-08-11,2025-08-05,11,False,1
CNT00592,1,General,2025-09-04,2025-09-05,2025-09-09,1,True,1
CNT00593,1,Tank,2025-04-19,2025-04-26,2025-04-24,7,False,1
CNT00594,1,General,2025-07-26,2025-07-29,2025-07-31,3,True,1
CNT00595,1,General,2025-07-16,2025-07-19,2025-07-21,3,True,1
CNT00596,1,Tank,2025-09-09,2025-09-16,2025-09-14,7,False,1
CNT00597,1,Tank,2025-08-26,2025-09-02,2025-08-31,7,False,1
CNT00598,1,General,2025-05-20,2025-05-24,2025-05-25,4,True,1
CNT00599,1,General,2025-09-26,2025-10-04,2025-10-01,8,False,1
CNT00600,1,Reefer,2025-07-08,2025-07-16,2025-07-13,8,False,1
CNT00601,1,Reefer,2025-08-05,2025-08-07,2025-08-10,2,True,1
CNT00602,1,General,2025-07-12,2025-07-15,2025-07-17,3,True,1
CNT00603,1,Tank,2025-06-02,2025-06-03,2025-06-07,1,True,1
CNT00604,1,General,2025-05-08,2025-05-15,2025-05-13,7,False,1
CNT00605,1,Tank,2025-09-15,2025-09-21,2025-09-20,6,False,1
CNT00606,1,Tank,2025-09-24,2025-09-27,2025-09-29,3,True,1
CNT00607,1,Reefer,2025-04-02,2025-04-08,2025-04-07,6,False,1
CNT00608,1,Reefer,2025-04-28,2025-05-02,2025-05-03,4,True,1
CNT00609,1,Tank,2025-07-18,2025-08-03,2025-07-23,16,False,1
CNT00610,1,Tank,2025-05-27,2025-06-06,2025-06-01,10,False,1
CNT00611,1,Tank,2025-05-16,2025-05-17,2025-05-21,1,True,1
CNT00612,1,Hazardous,2025-09-26,2025-09-29,2025-10-01,3,True,1
CNT00613,1,Reefer,2025-08-11,2025-08-15,2025-08-16,4,True,1
CNT00614,1,General,2025-07-28,2025-08-22,2025-08-02,25,False,1
CNT00615,1,Hazardous,2025-04-13,2025-04-18,2025-04-18,5,True,1
CNT00616,1,General,2025-08-21,2025-08-29,2025-08-26,8,False,1
CNT00617,1,Tank,2025-06-03,2025-06-08,2025-06-08,5,True,1
CNT00618,1,General,2025-05-02,2025-05-05,2025-05-07,3,True,1
CNT00619,1,General,2025-07-26,2025-07-29,2025-07-31,3,True,1
CNT00620,1,General,2025-05-05,2025-05-07,2025-05-10,2,True,1
CNT00621,1,General,2025-07-28,2025-08-02,2025-08-02,5,True,1
CNT00622,1,Reefer,2025-09-18,2025-09-30,2025-09-23,12,False,1
CNT00623,1,Reefer,2025-08-14,2025-08-19,2025-08-19,5,True,1
CNT00624,1,Tank,2025-08-22,2025-08-27,2025-08-27,5,True,1
CNT00625,1,General,2025-08-31,2025-09-04,2025-09-05,4,True,1
CNT00626,1,General,2025-06-21,2025-07-03,2025-06-26,12,False,1
CNT00627,1,Hazardous,2025-07-23,2025-07-26,2025-07-28,3,True,1
CNT00628,1,General,2025-09-04,2025-09-05,2025-09-09,1,True,1
CNT00629,1,General,2025-08-08,2025-08-11,2025-08-13,3,True,1
CNT00630,1,General,2025-07-19,2025-08-08,2025-07-24,20,False,1
CNT00631,1,Hazardous,2025-08-19,2025-08-21,2025-08-24,2,True,1
CNT00632,1,General,2025-07-24,2025-07-29,2025-07-29,5,True,1
CNT00633,1,Tank,2025-05-11,2025-05-19,2025-05-16,8,False,1
CNT00634,1,General,2025-07-31,2025-08-17,2025-08-05,17,False,1
CNT00635,1,General,2025-07-25,2025-07-28,2025-07-30,3,True,1
CNT00636,1,General,2025-06-06,2025-06-07,2025-06-11,1,True,1
CNT00637,1,Tank,2025-06-03,2025-06-20,2025-06-08,17,False,1
CNT00638,1,Reefer,2025-09-11,2025-09-22,2025-09-16,11,False,1
CNT00639,1,General,2025-06-10,2025-06-16,2025-06-15,6,False,1
CNT00640,1,General,2025-08-12,2025-08-19,2025-08-17,7,False,1
CNT00641,1,General,2025-08-03,2025-08-06,2025-08-08,3,True,1
CNT00642,1,General,2025-09-08,2025-09-11,2025-09-13,3,True,1
CNT00643,1,Reefer,2025-06-01,2025-06-04,2025-06-06,3,True,1
CNT00644,1,Reefer,2025-06-10,2025-06-14,2025-06-15,4,True,1
CNT00645,1,General,2025-07-22,2025-07-31,2025-07-27,9,False,1
CNT00646,1,General,2025-04-20,2025-04-26,2025-04-25,6,False,1
CNT00647,1,Tank,2025-06-13,2025-07-12,2025-06-18,29,False,1
CNT00648,1,General,2025-05-31,2025-06-02,2025-06-05,2,True,1
CNT00649,1,Tank,2025-06-09,2025-06-15,2025-06-14,6,False,1
CNT00650,1,Hazardous,2025-06-25,2025-07-05,2025-06-30,10,False,1
CNT00651,1,Tank,2025-06-21,2025-06-25,2025-06-26,4,True,1
CNT00652,1,Tank,2025-08-17,2025-08-23,2025-08-22,6,False,1
CNT00653,1,Hazardous,2025-04-21,2025-04-30,2025-04-26,9,False,1
CNT00654,1,General,2025-05-06,2025-05-07,2025-05-11,1,True,1
CNT00655,1,General,2025-05-09,2025-05-12,2025-05-14,3,True,1
CNT00656,1,Hazardous,2025-05-30,2025-06-01,2025-06-04,2,True,1
CNT00657,1,General,2025-07-08,2025-07-10,2025-07-13,2,True,1
CNT00658,1,Tank,2025-09-25,2025-09-27,2025-09-30,2,True,1
CNT00659,1,Reefer,2025-05-10,2025-05-16,2025-05-15,6,False,1
CNT00660,1,General,2025-09-28,2025-10-04,2025-10-03,6,False,1
CNT00661,1,Hazardous,2025-05-25,2025-05-27,2025-05-30,2,True,1
CNT00662,1,General,2025-04-17,2025-04-28,2025-04-22,11,False,1
CNT00663,1,Tank,2025-07-16,2025-07-19,2025-07-21,3,True,1
CNT00664,1,Tank,2025-07-14,2025-07-22,2025-07-19,8,False,1
CNT00665,1,General,2025-06-24,2025-06-25,2025-06-29,1,True,1
CNT00666,1,Reefer,2025-08-17,2025-08-26,2025-08-22,9,False,1
CNT00667,1,General,2025-07-29,2025-08-12,2025-08-03,14,False,1
CNT00668,1,Hazardous,2025-07-16,2025-07-22,2025-07-21,6,False,1
CNT00669,1,Tank,2025-04-16,2025-04-18,2025-04-21,2,True,1
CNT00670,1,General,2025-05-23,2025-05-29,2025-05-28,6,False,1
CNT00671,1,General,2025-07-17,2025-08-11,2025-07-22,25,False,1
CNT00672,1,Hazardous,2025-07-09,2025-07-10,2025-07-14,1,True,1
CNT00673,1,Hazardous,2025-08-28,2025-09-05,2025-09-02,8,False,1
CNT00674,1,General,2025-09-26,2025-09-27,2025-10-01,1,True,1
CNT00675,1,Tank,2025-04-06,2025-04-11,2025-04-11,5,True,1
CNT00676,1,General,2025-08-26,2025-08-31,2025-08-31,5,True,1
CNT00677,1,Reefer,2025-07-07,2025-07-17,2025-07-12,10,False,1
CNT00678,1,General,2025-08-01,2025-08-03,2025-08-06,2,True,1
CNT00679,1,Hazardous,2025-04-02,2025-04-04,2025-04-07,2,True,1
CNT00680,1,General,2025-06-30,2025-07-01,2025-07-05,1,True,1
CNT00681,1,General,2025-06-16,2025-06-24,2025-06-21,8,False,1
CNT00682,1,Reefer,2025-07-09,2025-07-17,2025-07-14,8,False,1
CNT00683,1,General,2025-07-17,2025-07-23,2025-07-22,6,False,1
CNT00684,1,General,2025-08-16,2025-09-04,2025-08-21,19,False,1
CNT00685,1,General,2025-08-18,2025-09-05,2025-08-23,18,False,1
CNT00686,1,General,2025-09-02,2025-09-07,2025-09-07,5,True,1
CNT00687,1,Tank,2025-05-27,2025-06-03,2025-06-01,7,False,1
CNT00688,1,Tank,2025-08-03,2025-08-09,2025-08-08,6,False,1
CNT00689,1,General,2025-05-27,2025-05-31,2025-06-01,4,True,1
CNT00690,1,General,2025-06-09,2025-06-14,2025-06-14,5,True,1
CNT00691,1,Tank,2025-07-21,2025-07-25,2025-07-26,4,True,1
CNT00692,1,Reefer,2025-08-03,2025-08-05,2025-08-08,2,True,1
CNT00693,1,Hazardous,2025-04-08,2025-04-12,2025-04-13,4,True,1
CNT00694,1,Tank,2025-07-09,2025-07-12,2025-07-14,3,True,1
CNT00695,1,Reefer,2025-06-26,2025-07-06,2025-07-01,10,False,1
CNT00696,1,Tank,2025-09-19,2025-09-26,2025-09-24,7,False,1
CNT00697,1,Tank,2025-09-21,2025-10-02,2025-09-26,11,False,1
CNT00698,1,Hazardous,2025-07-13,2025-07-21,2025-07-18,8,False,1
CNT00699,1,General,2025-05-13,2025-05-20,2025-05-18,7,False,1
CNT00700,1,Reefer,2025-07-29,2025-07-31,2025-08-03,2,True,1
CNT00701,1,General,2025-05-03,2025-05-11,2025-05-08,8,False,1
CNT00702,1,Reefer,2025-09-07,2025-09-13,2025-09-12,6,False,1
CNT00703,1,Hazardous,2025-08-15,2025-08-24,2025-08-20,9,False,1
CNT00704,1,Hazardous,2025-04-07,2025-04-16,2025-04-12,9,False,1
CNT00705,1,General,2025-07-10,2025-07-15,2025-07-15,5,True,1
CNT00706,1,General,2025-08-30,2025-09-04,2025-09-04,5,True,1
CNT00707,1,Hazardous,2025-08-23,2025-08-25,2025-08-28,2,True,1
CNT00708,1,Tank,2025-09-17,2025-09-26,2025-09-22,9,False,1
CNT00709,1,Reefer,2025-04-07,2025-04-11,2025-04-12,4,True,1
CNT00710,1,Tank,2025-04-22,2025-05-03,2025-04-27,11,False,1
CNT00711,1,General,2025-09-12,2025-09-20,2025-09-17,8,False,1
CNT00712,1,Tank,2025-07-19,2025-07-21,2025-07-24,2,True,1
CNT00713,1,General,2025-05-05,2025-05-10,2025-05-10,5,True,1
CNT00714,1,Hazardous,2025-07-28,2025-08-07,2025-08-02,10,False,1
CNT00715,1,General,2025-05-17,2025-05-24,2025-05-22,7,False,1
CNT00716,1,General,2025-04-13,2025-04-17,2025-04-18,4,True,1
CNT00717,1,Hazardous,2025-06-06,2025-06-12,2025-06-11,6,False,1
CNT00718,1,Reefer,2025-07-07,2025-07-10,2025-07-12,3,True,1
CNT00719,1,Tank,2025-06-23,2025-07-02,2025-06-28,9,False,1
CNT00720,1,Tank,2025-05-25,2025-05-28,2025-05-30,3,True,1
CNT00721,1,General,2025-07-26,2025-07-28,2025-07-31,2,True,1
CNT00722,1,Tank,2025-06-23,2025-06-26,2025-06-28,3,True,1
CNT00723,1,General,2025-06-26,2025-07-01,2025-07-01,5,True,1
CNT00724,1,Tank,2025-07-07,2025-07-13,2025-07-12,6,False,1
CNT00725,1,Tank,2025-06-11,2025-06-17,2025-06-16,6,False,1
CNT00726,1,Tank,2025-07-17,2025-07-24,2025-07-22,7,False,1
CNT00727,1,General,2025-06-04,2025-06-13,2025-06-09,9,False,1
CNT00728,1,Tank,2025-04-21,2025-04-22,2025-04-26,1,True,1
CNT00729,1,Hazardous,2025-07-30,2025-08-20,2025-08-04,21,False,1
CNT00730,1,Hazardous,2025-04-05,2025-04-09,2025-04-10,4,True,1
CNT00731,1,General,2025-08-17,2025-08-21,2025-08-22,4,True,1
CNT00732,1,General,2025-04-14,2025-04-17,2025-04-19,3,True,1
CNT00733,1,Tank,2025-06-29,2025-07-08,2025-07-04,9,False,1
CNT00734,1,Hazardous,2025-05-28,2025-05-30,2025-06-02,2,True,1
CNT00735,1,Tank,2025-09-14,2025-09-22,2025-09-19,8,False,1
CNT00736,1,General,2025-04-18,2025-04-22,2025-04-23,4,True,1
CNT00737,1,Hazardous,2025-09-14,2025-09-22,2025-09-19,8,False,1
CNT00738,1,Tank,2025-04-11,2025-04-13,2025-04-16,2,True,1
CNT00739,1,Reefer,2025-04-08,2025-04-11,2025-04-13,3,True,1
CNT00740,1,General,2025-06-03,2025-06-12,2025-06-08,9,False,1
CNT00741,1,Hazardous,2025-05-22,2025-06-07,2025-05-27,16,False,1
CNT00742,1,Reefer,2025-04-06,2025-04-09,2025-04-11,3,True,1
CNT00743,1,General,2025-09-07,2025-09-10,2025-09-12,3,True,1
CNT00744,1,Tank,2025-05-10,2025-05-13,2025-05-15,3,True,1
CNT00745,1,Hazardous,2025-06-01,2025-06-07,2025-06-06,6,False,1
CNT00746,1,Hazardous,2025-05-03,2025-05-07,2025-05-08,4,True,1
CNT00747,1,Hazardous,2025-07-31,2025-08-01,2025-08-05,1,True,1
CNT00748,1,General,2025-09-19,2025-09-24,2025-09-24,5,True,1
CNT00749,1,Hazardous,2025-04-30,2025-05-06,2025-05-05,6,False,1
CNT00750,1,General,2025-08-23,2025-08-25,2025-08-28,2,True,1
CNT00751,1,General,2025-05-26,2025-05-30,2025-05-31,4,True,1
CNT00752,1,Reefer,2025-07-29,2025-08-01,2025-08-03,3,True,1
CNT00753,1,Tank,2025-09-27,2025-10-08,2025-10-02,11,False,1
CNT00754,1,General,2025-06-05,2025-06-11,2025-06-10,6,False,1
CNT00755,1,General,2025-07-04,2025-07-16,2025-07-09,12,False,1
CNT00756,1,General,2025-05-13,2025-05-17,2025-05-18,4,True,1
CNT00757,1,General,2025-09-03,2025-09-16,2025-09-08,13,False,1
CNT00758,1,Hazardous,2025-09-03,2025-09-09,2025-09-08,6,False,1
CNT00759,1,Reefer,2025-04-30,2025-05-04,2025-05-05,4,True,1
CNT00760,1,Tank,2025-05-12,2025-05-14,2025-05-17,2,True,1
CNT00761,1,Tank,2025-06-19,2025-07-09,2025-06-24,20,False,1
CNT00762,1,Hazardous,2025-04-28,2025-04-30,2025-05-03,2,True,1
CNT00763,1,Tank,2025-08-27,2025-09-14,2025-09-01,18,False,1
CNT00764,1,General,2025-04-07,2025-04-08,2025-04-12,1,True,1
CNT00765,1,General,2025-06-19,2025-06-23,2025-06-24,4,True,1
CNT00766,1,Hazardous,2025-08-26,2025-08-30,2025-08-31,4,True,1
CNT00767,1,General,2025-09-21,2025-09-26,2025-09-26,5,True,1
CNT00768,1,General,2025-07-06,2025-07-13,2025-07-11,7,False,1
CNT00769,1,Tank,2025-07-11,2025-07-14,2025-07-16,3,True,1
CNT00770,1,Tank,2025-05-21,2025-05-23,2025-05-26,2,True,1
CNT00771,1,Hazardous,2025-04-20,2025-04-23,2025-04-25,3,True,1
CNT00772,1,Tank,2025-08-30,2025-09-02,2025-09-04,3,True,1
CNT00773,1,Hazardous,2025-09-24,2025-09-28,2025-09-29,4,True,1
CNT00774,1,Tank,2025-09-08,2025-09-18,2025-09-13,10,False,1
CNT00775,1,Reefer,2025-06-02,2025-06-10,2025-06-07,8,False,1
CNT00776,1,General,2025-04-27,2025-04-30,2025-05-02,3,True,1
CNT00777,1,General,2025-09-26,2025-10-05,2025-10-01,9,False,1
CNT00778,1,General,2025-06-17,2025-06-20,2025-06-22,3,True,1
CNT00779,1,Reefer,2025-09-23,2025-10-06,2025-09-28,13,False,1
CNT00780,1,Reefer,2025-09-01,2025-09-07,2025-09-06,6,False,1
CNT00781,1,Tank,2025-05-01,2025-05-07,2025-05-06,6,False,1
CNT00782,1,General,2025-08-23,2025-08-26,2025-08-28,3,True,1
CNT00783,1,Tank,2025-04-11,2025-04-14,2025-04-16,3,True,1
CNT00784,1,Hazardous,2025-06-28,2025-07-03,2025-07-03,5,True,1
CNT00785,1,Tank,2025-08-15,2025-08-18,2025-08-20,3,True,1
CNT00786,1,General,2025-07-19,2025-07-22,2025-07-24,3,True,1
CNT00787,1,Tank,2025-09-17,2025-09-25,2025-09-22,8,False,1
CNT00788,1,Tank,2025-07-04,2025-07-07,2025-07-09,3,True,1
CNT00789,1,Tank,2025-04-18,2025-04-20,2025-04-23,2,True,1
CNT00790,1,Hazardous,2025-08-08,2025-08-12,2025-08-13,4,True,1
CNT00791,1,General,2025-09-13,2025-09-27,2025-09-18,14,False,1
CNT00792,1,Reefer,2025-06-27,2025-06-28,2025-07-02,1,True,1
CNT00793,1,General,2025-04-04,2025-04-09,2025-04-09,5,True,1
CNT00794,1,General,2025-07-17,2025-07-27,2025-07-22,10,False,1
CNT00795,1,General,2025-08-04,2025-08-17,2025-08-09,13,False,1
CNT00796,1,Tank,2025-04-28,2025-05-18,2025-05-03,20,False,1
CNT00797,1,Tank,2025-07-20,2025-07-22,2025-07-25,2,True,1
CNT00798,1,Tank,2025-07-02,2025-07-04,2025-07-07,2,True,1
CNT00799,1,Reefer,2025-09-10,2025-09-18,2025-09-15,8,False,1
CNT00800,1,Hazardous,2025-07-27,2025-07-28,2025-08-01,1,True,1
CNT00801,1,Hazardous,2025-05-10,2025-05-13,2025-05-15,3,True,1
CNT00802,1,Hazardous,2025-07-21,2025-07-23,2025-07-26,2,True,1
CNT00803,1,General,2025-05-16,2025-05-30,2025-05-21,14,False,1
CNT00804,1,Hazardous,2025-08-12,2025-08-16,2025-08-17,4,True,1
CNT00805,1,Reefer,2025-09-14,2025-09-20,2025-09-19,6,False,1
CNT00806,1,General,2025-06-09,2025-06-15,2025-06-14,6,False,1
CNT00807,1,Reefer,2025-09-05,2025-09-09,2025-09-10,4,True,1
CNT00808,1,General,2025-08-16,2025-08-17,2025-08-21,1,True,1
CNT00809,1,General,2025-08-02,2025-08-03,2025-08-07,1,True,1
CNT00810,1,Hazardous,2025-07-29,2025-08-02,2025-08-03,4,True,1
CNT00811,1,Hazardous,2025-07-21,2025-07-27,2025-07-26,6,False,1
CNT00812,1,Hazardous,2025-08-30,2025-09-09,2025-09-04,10,False,1
CNT00813,1,Reefer,2025-06-08,2025-06-14,2025-06-13,6,False,1
CNT00814,1,Hazardous,2025-06-22,2025-06-26,2025-06-27,4,True,1
CNT00815,1,General,2025-06-02,2025-06-12,2025-06-07,10,False,1
CNT00816,1,Hazardous,2025-04-23,2025-04-27,2025-04-28,4,True,1
CNT00817,1,General,2025-06-11,2025-06-24,2025-06-16,13,False,1
CNT00818,1,General,2025-07-25,2025-07-29,2025-07-30,4,True,1
CNT00819,1,Hazardous,2025-06-02,2025-06-06,2025-06-07,4,True,1
CNT00820,1,Reefer,2025-07-28,2025-07-30,2025-08-02,2,True,1
CNT00821,1,Hazardous,2025-08-24,2025-08-31,2025-08-29,7,False,1
CNT00822,1,Hazardous,2025-09-04,2025-09-17,2025-09-09,13,False,1
CNT00823,1,Tank,2025-09-19,2025-09-21,2025-09-24,2,True,1
CNT00824,1,Tank,2025-07-07,2025-07-18,2025-07-12,11,False,1
CNT00825,1,General,2025-06-26,2025-07-16,2025-07-01,20,False,1
CNT00826,1,Tank,2025-04-08,2025-04-10,2025-04-13,2,True,1
CNT00827,1,Reefer,2025-08-05,2025-08-07,2025-08-10,2,True,1
CNT00828,1,General,2025-06-23,2025-07-07,2025-06-28,14,False,1
CNT00829,1,Hazardous,2025-05-17,2025-05-27,2025-05-22,10,False,1
CNT00830,1,Reefer,2025-08-03,2025-08-12,2025-08-08,9,False,1
CNT00831,1,Tank,2025-05-25,2025-05-31,2025-05-30,6,False,1
CNT00832,1,Reefer,2025-06-30,2025-07-02,2025-07-05,2,True,1
CNT00833,1,General,2025-06-06,2025-06-07,2025-06-11,1,True,1
CNT00834,1,General,2025-06-27,2025-06-28,2025-07-02,1,True,1
CNT00835,1,Hazardous,2025-06-11,2025-06-12,2025-06-16,1,True,1
CNT00836,1,General,2025-08-31,2025-09-09,2025-09-05,9,False,1
CNT00837,1,Reefer,2025-09-27,2025-10-07,2025-10-02,10,False,1
CNT00838,1,General,2025-06-10,2025-06-15,2025-06-15,5,True,1
CNT00839,1,Tank,2025-08-21,2025-08-26,2025-08-26,5,True,1
CNT00840,1,Hazardous,2025-04-03,2025-04-06,2025-04-08,3,True,1
CNT00841,1,General,2025-08-11,2025-08-19,2025-08-16,8,False,1
CNT00842,1,Tank,2025-05-19,2025-05-20,2025-05-24,1,True,1
CNT00843,1,Tank,2025-04-22,2025-04-23,2025-04-27,1,True,1
CNT00844,1,Tank,2025-06-01,2025-06-04,2025-06-06,3,True,1
CNT00845,1,Hazardous,2025-07-14,2025-07-25,2025-07-19,11,False,1
CNT00846,1,General,2025-08-04,2025-08-11,2025-08-09,7,False,1
CNT00847,1,Tank,2025-08-21,2025-08-29,2025-08-26,8,False,1
CNT00848,1,General,2025-06-01,2025-06-03,2025-06-06,2,True,1
CNT00849,1,Tank,2025-09-24,2025-09-29,2025-09-29,5,True,1
CNT00850,1,Hazardous,2025-07-31,2025-08-04,2025-08-05,4,True,1
CNT00851,1,General,2025-09-13,2025-09-15,2025-09-18,2,True,1
CNT00852,1,Reefer,2025-08-04,2025-08-07,2025-08-09,3,True,1
CNT00853,1,Tank,2025-07-24,2025-08-16,2025-07-29,23,False,1
CNT00854,1,Tank,2025-04-05,2025-04-18,2025-04-10,13,False,1
CNT00855,1,General,2025-04-24,2025-04-29,2025-04-29,5,True,1
CNT00856,1,Reefer,2025-06-15,2025-06-18,2025-06-20,3,True,1
CNT00857,1,Reefer,2025-05-27,2025-05-30,2025-06-01,3,True,1
CNT00858,1,Tank,2025-07-13,2025-07-17,2025-07-18,4,True,1
CNT00859,1,Tank,2025-09-25,2025-09-30,2025-09-30,5,True,1
CNT00860,1,General,2025-06-02,2025-06-04,2025-06-07,2,True,1
CNT00861,1,Hazardous,2025-06-18,2025-06-28,2025-06-23,10,False,1
CNT00862,1,General,2025-09-17,2025-09-26,2025-09-22,9,False,1
CNT00863,1,General,2025-08-27,2025-08-31,2025-09-01,4,True,1
CNT00864,1,Reefer,2025-07-04,2025-07-07,2025-07-09,3,True,1
CNT00865,1,General,2025-07-31,2025-08-09,2025-08-05,9,False,1
CNT00866,1,General,2025-08-20,2025-08-24,2025-08-25,4,True,1
CNT00867,1,General,2025-08-14,2025-08-21,2025-08-19,7,False,1
CNT00868,1,Reefer,2025-06-28,2025-06-30,2025-07-03,2,True,1
CNT00869,1,General,2025-07-18,2025-07-23,2025-07-23,5,True,1
CNT00870,1,Tank,2025-08-19,2025-08-31,2025-08-24,12,False,1
CNT00871,1,General,2025-06-24,2025-06-30,2025-06-29,6,False,1
CNT00872,1,Hazardous,2025-06-30,2025-07-17,2025-07-05,17,False,1
CNT00873,1,Hazardous,2025-09-27,2025-10-08,2025-10-02,11,False,1
CNT00874,1,General,2025-07-26,2025-07-30,2025-07-31,4,True,1
CNT00875,1,General,2025-06-09,2025-06-21,2025-06-14,12,False,1
CNT00876,1,General,2025-06-18,2025-06-23,2025-06-23,5,True,1
CNT00877,1,Hazardous,2025-06-04,2025-06-07,2025-06-09,3,True,1
CNT00878,1,Tank,2025-05-30,2025-06-06,2025-06-04,7,False,1
CNT00879,1,Tank,2025-05-01,2025-05-03,2025-05-06,2,True,1
CNT00880,1,Reefer,2025-05-20,2025-05-26,2025-05-25,6,False,1
CNT00881,1,Tank,2025-06-20,2025-07-01,2025-06-25,11,False,1
CNT00882,1,General,2025-05-01,2025-05-08,2025-05-06,7,False,1
CNT00883,1,General,2025-08-16,2025-08-19,2025-08-21,3,True,1
CNT00884,1,Hazardous,2025-09-24,2025-09-26,2025-09-29,2,True,1
CNT00885,1,Tank,2025-05-18,2025-05-28,2025-05-23,10,False,1
CNT00886,1,General,2025-05-20,2025-05-22,2025-05-25,2,True,1
CNT00887,1,Tank,2025-05-26,2025-05-31,2025-05-31,5,True,1
CNT00888,1,Tank,2025-08-02,2025-08-03,2025-08-07,1,True,1
CNT00889,1,Hazardous,2025-06-10,2025-06-12,2025-06-15,2,True,1
CNT00890,1,Hazardous,2025-08-29,2025-09-04,2025-09-03,6,False,1
CNT00891,1,Hazardous,2025-08-13,2025-08-18,2025-08-18,5,True,1
CNT00892,1,General,2025-08-31,2025-09-05,2025-09-05,5,True,1
CNT00893,1,Hazardous,2025-06-12,2025-06-16,2025-06-17,4,True,1
CNT00894,1,General,2025-04-26,2025-05-01,2025-05-01,5,True,1
CNT00895,1,Hazardous,2025-05-20,2025-05-23,2025-05-25,3,True,1
CNT00896,1,Tank,2025-06-15,2025-06-18,2025-06-20,3,True,1
CNT00897,1,General,2025-05-29,2025-06-03,2025-06-03,5,True,1
CNT00898,1,Tank,2025-07-02,2025-07-05,2025-07-07,3,True,1
CNT00899,1,General,2025-05-16,2025-05-28,2025-05-21,12,False,1
CNT00900,1,Reefer,2025-06-17,2025-06-21,2025-06-22,4,True,1
CNT00901,1,Tank,2025-04-04,2025-04-12,2025-04-09,8,False,1
CNT00902,1,General,2025-08-15,2025-08-25,2025-08-20,10,False,1
CNT00903,1,General,2025-05-03,2025-05-09,2025-05-08,6,False,1
CNT00904,1,Tank,2025-06-10,2025-06-21,2025-06-15,11,False,1
CNT00905,1,Tank,2025-04-12,2025-04-18,2025-04-17,6,False,1
CNT00906,1,Reefer,2025-04-14,2025-04-18,2025-04-19,4,True,1
CNT00907,1,Tank,2025-08-20,2025-08-22,2025-08-25,2,True,1
CNT00908,1,General,2025-06-14,2025-06-17,2025-06-19,3,True,1
CNT00909,1,General,2025-09-26,2025-09-29,2025-10-01,3,True,1
CNT00910,1,General,2025-05-03,2025-05-08,2025-05-08,5,True,1
CNT00911,1,Reefer,2025-09-11,2025-09-13,2025-09-16,2,True,1
CNT00912,1,General,2025-08-04,2025-08-09,2025-08-09,5,True,1
CNT00913,1,Tank,2025-04-27,2025-05-06,2025-05-02,9,False,1
CNT00914,1,General,2025-04-04,2025-04-10,2025-04-09,6,False,1
CNT00915,1,General,2025-08-25,2025-08-29,2025-08-30,4,True,1
CNT00916,1,Tank,2025-06-12,2025-06-13,2025-06-17,1,True,1
CNT00917,1,Tank,2025-07-30,2025-07-31,2025-08-04,1,True,1
CNT00918,1,Hazardous,2025-08-01,2025-08-05,2025-08-06,4,True,1
CNT00919,1,Hazardous,2025-07-22,2025-07-30,2025-07-27,8,False,1
CNT00920,1,General,2025-06-27,2025-06-30,2025-07-02,3,True,1
CNT00921,1,Reefer,2025-05-18,2025-05-25,2025-05-23,7,False,1
CNT00922,1,General,2025-04-14,2025-04-19,2025-04-19,5,True,1
CNT00923,1,Tank,2025-06-04,2025-06-11,2025-06-09,7,False,1
CNT00924,1,General,2025-08-01,2025-08-11,2025-08-06,10,False,1
CNT00925,1,Reefer,2025-04-30,2025-05-05,2025-05-05,5,True,1
CNT00926,1,Hazardous,2025-04-17,2025-04-23,2025-04-22,6,False,1
CNT00927,1,General,2025-07-12,2025-07-13,2025-07-17,1,True,1
CNT00928,1,Hazardous,2025-08-04,2025-08-18,2025-08-09,14,False,1
CNT00929,1,Reefer,2025-04-19,2025-05-04,2025-04-24,15,False,1
CNT00930,1,General,2025-08-26,2025-08-31,2025-08-31,5,True,1
CNT00931,1,General,2025-09-09,2025-09-17,2025-09-14,8,False,1
CNT00932,1,Hazardous,2025-09-23,2025-09-26,2025-09-28,3,True,1
CNT00933,1,General,2025-04-14,2025-05-04,2025-04-19,20,False,1
CNT00934,1,Tank,2025-05-09,2025-05-30,2025-05-14,21,False,1
CNT00935,1,Tank,2025-05-09,2025-05-13,2025-05-14,4,True,1
CNT00936,1,Tank,2025-08-23,2025-08-30,2025-08-28,7,False,1
CNT00937,1,General,2025-06-17,2025-06-21,2025-06-22,4,True,1
CNT00938,1,General,2025-04-22,2025-04-29,2025-04-27,7,False,1
CNT00939,1,Reefer,2025-06-03,2025-06-08,2025-06-08,5,True,1
CNT00940,1,Tank,2025-05-01,2025-05-08,2025-05-06,7,False,1
CNT00941,1,Reefer,2025-08-21,2025-08-23,2025-08-26,2,True,1
CNT00942,1,General,2025-07-16,2025-07-17,2025-07-21,1,True,1
CNT00943,1,Hazardous,2025-09-03,2025-09-17,2025-09-08,14,False,1
CNT00944,1,General,2025-08-31,2025-09-02,2025-09-05,2,True,1
CNT00945,1,Tank,2025-09-06,2025-09-13,2025-09-11,7,False,1
CNT00946,1,Hazardous,2025-05-28,2025-06-06,2025-06-02,9,False,1
CNT00947,1,Hazardous,2025-08-12,2025-08-20,2025-08-17,8,False,1
CNT00948,1,Tank,2025-07-07,2025-07-13,2025-07-12,6,False,1
CNT00949,1,General,2025-07-25,2025-08-05,2025-07-30,11,False,1
CNT00950,1,General,2025-07-23,2025-08-10,2025-07-28,18,False,1
CNT00951,1,Reefer,2025-06-16,2025-06-19,2025-06-21,3,True,1
CNT00952,1,Hazardous,2025-08-29,2025-09-02,2025-09-03,4,True,1
CNT00953,1,General,2025-07-19,2025-07-22,2025-07-24,3,True,1
CNT00954,1,Hazardous,2025-06-18,2025-06-19,2025-06-23,1,True,1
CNT00955,1,Hazardous,2025-08-24,2025-09-02,2025-08-29,9,False,1
CNT00956,1,Hazardous,2025-09-06,2025-09-13,2025-09-11,7,False,1
CNT00957,1,Tank,2025-04-16,2025-04-18,2025-04-21,2,True,1
CNT00958,1,General,2025-09-04,2025-09-08,2025-09-09,4,True,1
CNT00959,1,Tank,2025-04-26,2025-05-02,2025-05-01,6,False,1
CNT00960,1,General,2025-05-24,2025-05-26,2025-05-29,2,True,1
CNT00961,1,General,2025-09-08,2025-09-11,2025-09-13,3,True,1
CNT00962,1,Hazardous,2025-05-25,2025-05-28,2025-05-30,3,True,1
CNT00963,1,General,2025-06-07,2025-06-08,2025-06-12,1,True,1
CNT00964,1,Hazardous,2025-09-17,2025-09-20,2025-09-22,3,True,1
CNT00965,1,General,2025-04-21,2025-05-01,2025-04-26,10,False,1
CNT00966,1,General,2025-05-11,2025-05-14,2025-05-16,3,True,1
CNT00967,1,General,2025-06-01,2025-06-05,2025-06-06,4,True,1
CNT00968,1,Tank,2025-05-15,2025-05-17,2025-05-20,2,True,1
CNT00969,1,Tank,2025-08-20,2025-08-23,2025-08-25,3,True,1
CNT00970,1,Hazardous,2025-04-20,2025-04-24,2025-04-25,4,True,1
CNT00971,1,Tank,2025-05-11,2025-05-15,2025-05-16,4,True,1
CNT00972,1,Hazardous,2025-04-01,2025-04-07,2025-04-06,6,False,1
CNT00973,1,General,2025-07-14,2025-07-21,2025-07-19,7,False,1
CNT00974,1,Hazardous,2025-07-25,2025-08-01,2025-07-30,7,False,1
CNT00975,1,General,2025-09-24,2025-10-08,2025-09-29,14,False,1
CNT00976,1,Tank,2025-08-31,2025-09-02,2025-09-05,2,True,1
CNT00977,1,General,2025-07-30,2025-08-06,2025-08-04,7,False,1
CNT00978,1,General,2025-06-14,2025-06-17,2025-06-19,3,True,1
CNT00979,1,General,2025-04-09,2025-04-14,2025-04-14,5,True,1
CNT00980,1,Hazardous,2025-05-30,2025-06-04,2025-06-04,5,True,1
CNT00981,1,General,2025-06-13,2025-06-23,2025-06-18,10,False,1
CNT00982,1,General,2025-09-28,2025-10-13,2025-10-03,15,False,1
CNT00983,1,Reefer,2025-06-12,2025-06-23,2025-06-17,11,False,1
CNT00984,1,General,2025-09-27,2025-10-08,2025-10-02,11,False,1
CNT00985,1,Reefer,2025-07-26,2025-07-29,2025-07-31,3,True,1
CNT00986,1,General,2025-04-19,2025-05-05,2025-04-24,16,False,1
CNT00987,1,General,2025-09-23,2025-09-30,2025-09-28,7,False,1
CNT00988,1,Tank,2025-05-30,2025-06-13,2025-06-04,14,False,1
CNT00989,1,Hazardous,2025-06-07,2025-06-10,2025-06-12,3,True,1
CNT00990,1,General,2025-09-08,2025-09-19,2025-09-13,11,False,1
CNT00991,1,Reefer,2025-08-29,2025-09-06,2025-09-03,8,False,1
CNT00992,1,Hazardous,2025-09-17,2025-10-02,2025-09-22,15,False,1
CNT00993,1,General,2025-05-21,2025-05-29,2025-05-26,8,False,1
CNT00994,1,General,2025-07-18,2025-07-23,2025-07-23,5,True,1
CNT00995,1,Tank,2025-04-30,2025-05-05,2025-05-05,5,True,1
CNT00996,1,General,2025-08-18,2025-08-26,2025-08-23,8,False,1
CNT00997,1,General,2025-05-28,2025-05-29,2025-06-02,1,True,1
CNT00998,1,General,2025-09-13,2025-09-20,2025-09-18,7,False,1
CNT00999,1,Hazardous,2025-05-09,2025-05-13,2025-05-14,4,True,1
CNT01000,1,Tank,2025-06-08,2025-06-19,2025-06-13,11,False,1
CNT01001,1,Hazardous,2025-05-07,2025-05-15,2025-05-12,8,False,1
CNT01002,1,General,2025-04-19,2025-04-22,2025-04-24,3,True,1
CNT01003,1,General,2025-04-16,2025-04-24,2025-04-21,8,False,1
CNT01004,1,Tank,2025-05-13,2025-05-17,2025-05-18,4,True,1
CNT01005,1,General,2025-06-18,2025-07-02,2025-06-23,14,False,1
CNT01006,1,General,2025-08-31,2025-09-02,2025-09-05,2,True,1
CNT01007,1,Hazardous,2025-08-24,2025-08-30,2025-08-29,6,False,1
CNT01008,1,Hazardous,2025-06-13,2025-06-14,2025-06-18,1,True,1
CNT01009,1,Reefer,2025-07-22,2025-08-01,2025-07-27,10,False,1
CNT01010,1,General,2025-05-02,2025-05-05,2025-05-07,3,True,1
CNT01011,1,Hazardous,2025-07-29,2025-08-02,2025-08-03,4,True,1
CNT01012,1,General,2025-09-24,2025-10-01,2025-09-29,7,False,1
CNT01013,1,Reefer,2025-06-17,2025-06-22,2025-06-22,5,True,1
CNT01014,1,Hazardous,2025-09-27,2025-10-03,2025-10-02,6,False,1
CNT01015,1,General,2025-07-13,2025-07-16,2025-07-18,3,True,1
CNT01016,1,Tank,2025-06-09,2025-06-12,2025-06-14,3,True,1
CNT01017,1,Hazardous,2025-08-07,2025-08-09,2025-08-12,2,True,1
CNT01018,1,Tank,2025-08-17,2025-08-20,2025-08-22,3,True,1
CNT01019,1,Hazardous,2025-08-05,2025-08-09,2025-08-10,4,True,1
CNT01020,1,General,2025-07-22,2025-07-25,2025-07-27,3,True,1
CNT01021,1,Hazardous,2025-04-21,2025-04-27,2025-04-26,6,False,1
CNT01022,1,Hazardous,2025-09-01,2025-09-05,2025-09-06,4,True,1
CNT01023,1,Tank,2025-04-11,2025-04-13,2025-04-16,2,True,1
CNT01024,1,General,2025-07-20,2025-07-24,2025-07-25,4,True,1
CNT01025,1,Hazardous,2025-06-22,2025-07-07,2025-06-27,15,False,1
CNT01026,1,Tank,2025-09-02,2025-09-11,2025-09-07,9,False,1
CNT01027,1,Hazardous,2025-06-04,2025-06-09,2025-06-09,5,True,1
CNT01028,1,General,2025-04-07,2025-04-12,2025-04-12,5,True,1
CNT01029,1,Tank,2025-04-24,2025-04-30,2025-04-29,6,False,1
CNT01030,1,General,2025-05-29,2025-06-02,2025-06-03,4,True,1
CNT01031,1,General,2025-09-20,2025-09-26,2025-09-25,6,False,1
CNT01032,1,General,2025-08-26,2025-08-28,2025-08-31,2,True,1
CNT01033,1,Hazardous,2025-08-29,2025-09-06,2025-09-03,8,False,1
CNT01034,1,General,2025-04-06,2025-04-12,2025-04-11,6,False,1
CNT01035,1,General,2025-09-20,2025-10-04,2025-09-25,14,False,1
CNT01036,1,Tank,2025-06-08,2025-06-20,2025-06-13,12,False,1
CNT01037,1,Hazardous,2025-08-26,2025-09-02,2025-08-31,7,False,1
CNT01038,1,General,2025-04-11,2025-04-18,2025-04-16,7,False,1
CNT01039,1,General,2025-05-15,2025-05-19,2025-05-20,4,True,1
CNT01040,1,Tank,2025-07-30,2025-08-01,2025-08-04,2,True,1
CNT01041,1,Reefer,2025-08-11,2025-08-29,2025-08-16,18,False,1
CNT01042,1,General,2025-09-14,2025-09-24,2025-09-19,10,False,1
CNT01043,1,Tank,2025-07-23,2025-07-26,2025-07-28,3,True,1
CNT01044,1,General,2025-06-11,2025-06-12,2025-06-16,1,True,1
CNT01045,1,Tank,2025-05-17,2025-05-29,2025-05-22,12,False,1
CNT01046,1,General,2025-08-28,2025-09-25,2025-09-02,28,False,1
CNT01047,1,Reefer,2025-07-21,2025-07-24,2025-07-26,3,True,1
CNT01048,1,General,2025-09-10,2025-09-18,2025-09-15,8,False,1
CNT01049,1,Reefer,2025-08-04,2025-08-11,2025-08-09,7,False,1
CNT01050,1,Tank,2025-04-24,2025-05-09,2025-04-29,15,False,1
CNT01051,1,General,2025-07-30,2025-08-05,2025-08-04,6,False,1
CNT01052,1,General,2025-06-29,2025-07-08,2025-07-04,9,False,1
CNT01053,1,Reefer,2025-07-14,2025-07-31,2025-07-19,17,False,1
CNT01054,1,General,2025-06-25,2025-07-12,2025-06-30,17,False,1
CNT01055,1,Hazardous,2025-06-22,2025-06-24,2025-06-27,2,True,1
CNT01056,1,Hazardous,2025-09-19,2025-09-21,2025-09-24,2,True,1
CNT01057,1,Tank,2025-04-27,2025-05-06,2025-05-02,9,False,1
CNT01058,1,Hazardous,2025-05-12,2025-05-16,2025-05-17,4,True,1
CNT01059,1,Hazardous,2025-06-24,2025-07-03,2025-06-29,9,False,1
CNT01060,1,Hazardous,2025-07-15,2025-07-17,2025-07-20,2,True,1
CNT01061,1,General,2025-09-25,2025-10-07,2025-09-30,12,False,1
CNT01062,1,General,2025-08-05,2025-08-07,2025-08-10,2,True,1
CNT01063,1,Tank,2025-06-13,2025-06-20,2025-06-18,7,False,1
CNT01064,1,Reefer,2025-09-17,2025-09-20,2025-09-22,3,True,1
CNT01065,1,Reefer,2025-07-12,2025-08-06,2025-07-17,25,False,1
CNT01066,1,Hazardous,2025-08-19,2025-08-22,2025-08-24,3,True,1
CNT01067,1,General,2025-04-10,2025-04-13,2025-04-15,3,True,1
CNT01068,1,Tank,2025-07-26,2025-07-30,2025-07-31,4,True,1
CNT01069,1,Reefer,2025-04-23,2025-04-26,2025-04-28,3,True,1
CNT01070,1,General,2025-06-20,2025-06-27,2025-06-25,7,False,1
CNT01071,1,Reefer,2025-06-04,2025-06-17,2025-06-09,13,False,1
CNT01072,1,Tank,2025-06-22,2025-06-24,2025-06-27,2,True,1
CNT01073,1,General,2025-04-30,2025-05-17,2025-05-05,17,False,1
CNT01074,1,Reefer,2025-07-13,2025-07-15,2025-07-18,2,True,1
CNT01075,1,Tank,2025-08-10,2025-08-19,2025-08-15,9,False,1
CNT01076,1,Tank,2025-04-01,2025-04-05,2025-04-06,4,True,1
CNT01077,1,General,2025-09-16,2025-09-21,2025-09-21,5,True,1
CNT01078,1,Reefer,2025-08-17,2025-08-27,2025-08-22,10,False,1
CNT01079,1,Tank,2025-07-28,2025-08-06,2025-08-02,9,False,1
CNT01080,1,Reefer,2025-07-15,2025-07-19,2025-07-20,4,True,1
CNT01081,1,Tank,2025-04-14,2025-04-18,2025-04-19,4,True,1
CNT01082,1,Tank,2025-05-19,2025-05-21,2025-05-24,2,True,1
CNT01083,1,General,2025-08-11,2025-08-14,2025-08-16,3,True,1
CNT01084,1,Reefer,2025-07-02,2025-07-08,2025-07-07,6,False,1
CNT01085,1,Hazardous,2025-09-07,2025-09-17,2025-09-12,10,False,1
CNT01086,1,Hazardous,2025-08-06,2025-08-15,2025-08-11,9,False,1
CNT01087,1,Hazardous,2025-09-08,2025-09-12,2025-09-13,4,True,1
CNT01088,1,Tank,2025-07-23,2025-07-27,2025-07-28,4,True,1
CNT01089,1,Reefer,2025-04-14,2025-04-17,2025-04-19,3,True,1
CNT01090,1,Hazardous,2025-05-23,2025-05-24,2025-05-28,1,True,1
CNT01091,1,General,2025-06-08,2025-06-11,2025-06-13,3,True,1
CNT01092,1,Reefer,2025-08-19,2025-08-22,2025-08-24,3,True,1
CNT01093,1,General,2025-05-04,2025-05-09,2025-05-09,5,True,1
CNT01094,1,General,2025-06-13,2025-06-16,2025-06-18,3,True,1
CNT01095,1,Hazardous,2025-07-22,2025-07-28,2025-07-27,6,False,1
CNT01096,1,Hazardous,2025-09-26,2025-09-30,2025-10-01,4,True,1
CNT01097,1,Reefer,2025-08-03,2025-08-14,2025-08-08,11,False,1
CNT01098,1,General,2025-05-02,2025-05-05,2025-05-07,3,True,1
CNT01099,1,Reefer,2025-04-08,2025-04-12,2025-04-13,4,True,1
CNT01100,1,General,2025-09-09,2025-09-14,2025-09-14,5,True,1
CNT01101,1,General,2025-09-03,2025-09-07,2025-09-08,4,True,1
CNT01102,1,Hazardous,2025-06-01,2025-06-04,2025-06-06,3,True,1
CNT01103,1,Tank,2025-05-11,2025-05-14,2025-05-16,3,True,1
CNT01104,1,Tank,2025-06-19,2025-06-24,2025-06-24,5,True,1
CNT01105,1,Hazardous,2025-08-20,2025-08-29,2025-08-25,9,False,1
CNT01106,1,Hazardous,2025-04-04,2025-04-13,2025-04-09,9,False,1
CNT01107,1,General,2025-08-20,2025-09-04,2025-08-25,15,False,1
CNT01108,1,Hazardous,2025-07-14,2025-07-23,2025-07-19,9,False,1
CNT01109,1,Hazardous,2025-04-24,2025-04-26,2025-04-29,2,True,1
CNT01110,1,Hazardous,2025-05-28,2025-06-07,2025-06-02,10,False,1
CNT01111,1,General,2025-04-30,2025-05-01,2025-05-05,1,True,1
CNT01112,1,General,2025-07-28,2025-07-31,2025-08-02,3,True,1
CNT01113,1,Reefer,2025-05-01,2025-05-10,2025-05-06,9,False,1
CNT01114,1,Tank,2025-09-13,2025-09-17,2025-09-18,4,True,1
CNT01115,1,General,2025-05-10,2025-05-12,2025-05-15,2,True,1
CNT01116,1,General,2025-08-06,2025-08-16,2025-08-11,10,False,1
CNT01117,1,General,2025-06-14,2025-06-22,2025-06-19,8,False,1
CNT01118,1,Hazardous,2025-08-09,2025-08-12,2025-08-14,3,True,1
CNT01119,1,Tank,2025-09-28,2025-10-05,2025-10-03,7,False,1
CNT01120,1,Reefer,2025-06-09,2025-06-10,2025-06-14,1,True,1
CNT01121,1,General,2025-07-16,2025-07-20,2025-07-21,4,True,1
CNT01122,1,Reefer,2025-08-02,2025-08-11,2025-08-07,9,False,1
CNT01123,1,General,2025-07-30,2025-08-01,2025-08-04,2,True,1
CNT01124,1,Hazardous,2025-06-02,2025-06-10,2025-06-07,8,False,1
CNT01125,1,General,2025-07-26,2025-08-04,2025-07-31,9,False,1
CNT01126,1,Hazardous,2025-08-20,2025-08-24,2025-08-25,4,True,1
CNT01127,1,Tank,2025-05-08,2025-05-19,2025-05-13,11,False,1
CNT01128,1,Tank,2025-07-08,2025-07-10,2025-07-13,2,True,1
CNT01129,1,Tank,2025-05-19,2025-05-23,2025-05-24,4,True,1
CNT01130,1,General,2025-09-01,2025-09-05,2025-09-06,4,True,1
CNT01131,1,General,2025-08-09,2025-08-17,2025-08-14,8,False,1
CNT01132,1,Tank,2025-05-05,2025-05-07,2025-05-10,2,True,1
CNT01133,1,General,2025-04-18,2025-04-23,2025-04-23,5,True,1
CNT01134,1,Hazardous,2025-06-10,2025-06-12,2025-06-15,2,True,1
CNT01135,1,General,2025-07-16,2025-07-31,2025-07-21,15,False,1
CNT01136,1,Hazardous,2025-06-27,2025-07-06,2025-07-02,9,False,1
CNT01137,1,General,2025-08-08,2025-08-12,2025-08-13,4,True,1
CNT01138,1,Tank,2025-06-08,2025-07-03,2025-06-13,25,False,1
CNT01139,1,Reefer,2025-04-01,2025-04-15,2025-04-06,14,False,1
CNT01140,1,Tank,2025-06-12,2025-07-02,2025-06-17,20,False,1
CNT01141,1,Reefer,2025-06-16,2025-06-18,2025-06-21,2,True,1
CNT01142,1,Tank,2025-08-29,2025-08-31,2025-09-03,2,True,1
CNT01143,1,General,2025-08-27,2025-09-02,2025-09-01,6,False,1
CNT01144,1,General,2025-09-16,2025-09-18,2025-09-21,2,True,1
CNT01145,1,Hazardous,2025-08-04,2025-08-10,2025-08-09,6,False,1
CNT01146,1,Hazardous,2025-05-09,2025-05-12,2025-05-14,3,True,1
CNT01147,1,General,2025-07-24,2025-07-26,2025-07-29,2,True,1
CNT01148,1,General,2025-08-16,2025-08-21,2025-08-21,5,True,1
CNT01149,1,Tank,2025-08-02,2025-08-09,2025-08-07,7,False,1
CNT01150,1,Tank,2025-06-28,2025-07-06,2025-07-03,8,False,1
CNT01151,1,General,2025-06-25,2025-07-01,2025-06-30,6,False,1
CNT01152,1,Hazardous,2025-08-20,2025-08-27,2025-08-25,7,False,1
CNT01153,1,General,2025-08-18,2025-08-23,2025-08-23,5,True,1
CNT01154,1,General,2025-07-06,2025-07-07,2025-07-11,1,True,1
CNT01155,1,General,2025-07-26,2025-08-11,2025-07-31,16,False,1
CNT01156,1,Reefer,2025-06-22,2025-06-24,2025-06-27,2,True,1
CNT01157,1,Tank,2025-05-19,2025-05-22,2025-05-24,3,True,1
CNT01158,1,Tank,2025-09-26,2025-09-29,2025-10-01,3,True,1
CNT01159,1,General,2025-06-01,2025-06-04,2025-06-06,3,True,1
CNT01160,1,General,2025-08-25,2025-09-02,2025-08-30,8,False,1
CNT01161,1,General,2025-07-08,2025-07-15,2025-07-13,7,False,1
CNT01162,1,General,2025-05-30,2025-06-01,2025-06-04,2,True,1
CNT01163,1,General,2025-07-15,2025-07-27,2025-07-20,12,False,1
CNT01164,1,Reefer,2025-04-12,2025-04-17,2025-04-17,5,True,1
CNT01165,1,Hazardous,2025-06-21,2025-06-27,2025-06-26,6,False,1
CNT01166,1,General,2025-07-31,2025-08-05,2025-08-05,5,True,1
CNT01167,1,Tank,2025-09-28,2025-10-05,2025-10-03,7,False,1
CNT01168,1,Hazardous,2025-07-07,2025-07-08,2025-07-12,1,True,1
CNT01169,1,Hazardous,2025-07-08,2025-07-11,2025-07-13,3,True,1
CNT01170,1,General,2025-09-17,2025-09-21,2025-09-22,4,True,1
CNT01171,1,General,2025-09-14,2025-09-18,2025-09-19,4,True,1
CNT01172,1,Tank,2025-05-09,2025-05-17,2025-05-14,8,False,1
CNT01173,1,Tank,2025-08-05,2025-08-11,2025-08-10,6,False,1
CNT01174,1,Reefer,2025-04-10,2025-04-21,2025-04-15,11,False,1
CNT01175,1,General,2025-05-03,2025-05-09,2025-05-08,6,False,1
CNT01176,1,Tank,2025-08-07,2025-08-10,2025-08-12,3,True,1
CNT01177,1,Tank,2025-08-30,2025-09-03,2025-09-04,4,True,1
CNT01178,1,Tank,2025-06-24,2025-06-26,2025-06-29,2,True,1
CNT01179,1,Tank,2025-04-26,2025-04-30,2025-05-01,4,True,1
CNT01180,1,Tank,2025-07-22,2025-07-24,2025-07-27,2,True,1
CNT01181,1,Reefer,2025-04-26,2025-05-04,2025-05-01,8,False,1
CNT01182,1,Tank,2025-08-13,2025-08-20,2025-08-18,7,False,1
CNT01183,1,Tank,2025-07-26,2025-08-05,2025-07-31,10,False,1
CNT01184,1,Tank,2025-04-04,2025-04-19,2025-04-09,15,False,1
CNT01185,1,Hazardous,2025-05-07,2025-05-11,2025-05-12,4,True,1
CNT01186,1,Tank,2025-07-14,2025-07-17,2025-07-19,3,True,1
CNT01187,1,Tank,2025-09-15,2025-09-17,2025-09-20,2,True,1
CNT01188,1,General,2025-05-10,2025-05-12,2025-05-15,2,True,1
CNT01189,1,Hazardous,2025-04-20,2025-04-24,2025-04-25,4,True,1
CNT01190,1,Tank,2025-07-30,2025-08-12,2025-08-04,13,False,1
CNT01191,1,General,2025-06-07,2025-06-09,2025-06-12,2,True,1
CNT01192,1,Reefer,2025-06-26,2025-07-05,2025-07-01,9,False,1
CNT01193,1,Hazardous,2025-09-07,2025-09-15,2025-09-12,8,False,1
CNT01194,1,Hazardous,2025-09-25,2025-09-28,2025-09-30,3,True,1
CNT01195,1,Tank,2025-07-11,2025-07-15,2025-07-16,4,True,1
CNT01196,1,Hazardous,2025-09-14,2025-09-15,2025-09-19,1,True,1
CNT01197,1,Hazardous,2025-04-21,2025-04-25,2025-04-26,4,True,1
CNT01198,1,Reefer,2025-06-24,2025-06-27,2025-06-29,3,True,1
CNT01199,1,General,2025-09-20,2025-09-22,2025-09-25,2,True,1
CNT01200,1,General,2025-08-15,2025-08-28,2025-08-20,13,False,1
CNT01201,1,Tank,2025-07-07,2025-07-12,2025-07-12,5,True,1
CNT01202,1,Tank,2025-06-21,2025-07-01,2025-06-26,10,False,1
CNT01203,1,Hazardous,2025-09-08,2025-09-20,2025-09-13,12,False,1
CNT01204,1,Tank,2025-08-03,2025-08-04,2025-08-08,1,True,1
CNT01205,1,General,2025-08-17,2025-08-23,2025-08-22,6,False,1
CNT01206,1,Hazardous,2025-04-10,2025-04-15,2025-04-15,5,True,1
CNT01207,1,Tank,2025-09-06,2025-09-13,2025-09-11,7,False,1
CNT01208,1,Hazardous,2025-04-18,2025-04-26,2025-04-23,8,False,1
CNT01209,1,General,2025-05-31,2025-06-05,2025-06-05,5,True,1
CNT01210,1,General,2025-09-09,2025-09-11,2025-09-14,2,True,1
CNT01211,1,Reefer,2025-09-23,2025-09-26,2025-09-28,3,True,1
CNT01212,1,General,2025-06-13,2025-06-15,2025-06-18,2,True,1
CNT01213,1,General,2025-05-29,2025-06-02,2025-06-03,4,True,1
CNT01214,1,General,2025-04-24,2025-04-29,2025-04-29,5,True,1
CNT01215,1,General,2025-07-21,2025-07-30,2025-07-26,9,False,1
CNT01216,1,Tank,2025-04-26,2025-04-30,2025-05-01,4,True,1
CNT01217,1,Reefer,2025-09-10,2025-09-18,2025-09-15,8,False,1
CNT01218,1,Hazardous,2025-09-28,2025-10-01,2025-10-03,3,True,1
CNT01219,1,Tank,2025-04-26,2025-05-08,2025-05-01,12,False,1
CNT01220,1,General,2025-07-23,2025-08-07,2025-07-28,15,False,1
CNT01221,1,Tank,2025-05-13,2025-05-29,2025-05-18,16,False,1
CNT01222,1,General,2025-09-25,2025-10-03,2025-09-30,8,False,1
CNT01223,1,General,2025-06-16,2025-06-26,2025-06-21,10,False,1
CNT01224,1,General,2025-04-08,2025-04-12,2025-04-13,4,True,1
CNT01225,1,Hazardous,2025-04-12,2025-04-19,2025-04-17,7,False,1
CNT01226,1,General,2025-06-23,2025-06-29,2025-06-28,6,False,1
CNT01227,1,Reefer,2025-04-15,2025-04-18,2025-04-20,3,True,1
CNT01228,1,General,2025-06-15,2025-06-16,2025-06-20,1,True,1
CNT01229,1,Tank,2025-07-01,2025-07-11,2025-07-06,10,False,1
CNT01230,1,Reefer,2025-07-05,2025-07-09,2025-07-10,4,True,1
CNT01231,1,General,2025-07-20,2025-07-24,2025-07-25,4,True,1
CNT01232,1,General,2025-05-08,2025-05-18,2025-05-13,10,False,1
CNT01233,1,Tank,2025-06-02,2025-06-04,2025-06-07,2,True,1
CNT01234,1,General,2025-08-14,2025-08-25,2025-08-19,11,False,1
CNT01235,1,General,2025-07-15,2025-07-18,2025-07-20,3,True,1
CNT01236,1,Tank,2025-08-23,2025-08-27,2025-08-28,4,True,1
CNT01237,1,General,2025-09-22,2025-09-28,2025-09-27,6,False,1
CNT01238,1,Tank,2025-05-17,2025-05-22,2025-05-22,5,True,1
CNT01239,1,Tank,2025-05-14,2025-06-15,2025-05-19,32,False,1
CNT01240,1,General,2025-05-15,2025-05-20,2025-05-20,5,True,1
CNT01241,1,General,2025-04-21,2025-04-26,2025-04-26,5,True,1
CNT01242,1,Hazardous,2025-09-04,2025-09-09,2025-09-09,5,True,1
CNT01243,1,Hazardous,2025-07-07,2025-07-16,2025-07-12,9,False,1
CNT01244,1,General,2025-09-06,2025-09-15,2025-09-11,9,False,1
CNT01245,1,General,2025-09-22,2025-09-28,2025-09-27,6,False,1
CNT01246,1,Hazardous,2025-06-01,2025-06-05,2025-06-06,4,True,1
CNT01247,1,Tank,2025-08-06,2025-08-10,2025-08-11,4,True,1
CNT01248,1,Hazardous,2025-08-28,2025-09-06,2025-09-02,9,False,1
CNT01249,1,Hazardous,2025-05-07,2025-05-17,2025-05-12,10,False,1
CNT01250,1,Hazardous,2025-05-30,2025-06-04,2025-06-04,5,True,1
CNT01251,1,General,2025-07-28,2025-08-05,2025-08-02,8,False,1
CNT01252,1,Reefer,2025-09-11,2025-09-18,2025-09-16,7,False,1
CNT01253,1,General,2025-06-05,2025-06-10,2025-06-10,5,True,1
CNT01254,1,Hazardous,2025-07-27,2025-08-07,2025-08-01,11,False,1
CNT01255,1,Tank,2025-06-05,2025-06-14,2025-06-10,9,False,1
CNT01256,1,Tank,2025-09-18,2025-09-27,2025-09-23,9,False,1
CNT01257,1,General,2025-04-03,2025-04-09,2025-04-08,6,False,1
CNT01258,1,Tank,2025-07-29,2025-08-12,2025-08-03,14,False,1
CNT01259,1,General,2025-06-13,2025-06-15,2025-06-18,2,True,1
CNT01260,1,General,2025-09-21,2025-09-26,2025-09-26,5,True,1
CNT01261,1,Hazardous,2025-08-18,2025-08-27,2025-08-23,9,False,1
CNT01262,1,Hazardous,2025-05-11,2025-05-14,2025-05-16,3,True,1
CNT01263,1,Hazardous,2025-04-19,2025-04-22,2025-04-24,3,True,1
CNT01264,1,General,2025-07-23,2025-07-26,2025-07-28,3,True,1
CNT01265,1,General,2025-06-28,2025-07-06,2025-07-03,8,False,1
CNT01266,1,General,2025-08-29,2025-09-06,2025-09-03,8,False,1
CNT01267,1,Hazardous,2025-06-16,2025-06-22,2025-06-21,6,False,1
CNT01268,1,General,2025-09-11,2025-09-12,2025-09-16,1,True,1
CNT01269,1,Hazardous,2025-07-18,2025-07-19,2025-07-23,1,True,1
CNT01270,1,Tank,2025-09-24,2025-09-26,2025-09-29,2,True,1
CNT01271,1,Reefer,2025-06-04,2025-06-06,2025-06-09,2,True,1
CNT01272,1,Tank,2025-07-26,2025-08-06,2025-07-31,11,False,1
CNT01273,1,Tank,2025-06-17,2025-06-21,2025-06-22,4,True,1
CNT01274,1,Reefer,2025-05-21,2025-06-19,2025-05-26,29,False,1
CNT01275,1,General,2025-07-08,2025-07-15,2025-07-13,7,False,1
CNT01276,1,Tank,2025-08-02,2025-08-05,2025-08-07,3,True,1
CNT01277,1,Reefer,2025-04-28,2025-05-02,2025-05-03,4,True,1
CNT01278,1,Hazardous,2025-05-31,2025-06-08,2025-06-05,8,False,1
CNT01279,1,Reefer,2025-07-07,2025-07-11,2025-07-12,4,True,1
CNT01280,1,General,2025-08-25,2025-08-29,2025-08-30,4,True,1
CNT01281,1,General,2025-07-01,2025-07-06,2025-07-06,5,True,1
CNT01282,1,Tank,2025-08-26,2025-08-27,2025-08-31,1,True,1
CNT01283,1,General,2025-06-15,2025-06-17,2025-06-20,2,True,1
CNT01284,1,Reefer,2025-09-27,2025-10-06,2025-10-02,9,False,1
CNT01285,1,Hazardous,2025-06-15,2025-06-22,2025-06-20,7,False,1
CNT01286,1,Reefer,2025-04-06,2025-04-09,2025-04-11,3,True,1
CNT01287,1,Tank,2025-09-16,2025-09-21,2025-09-21,5,True,1
CNT01288,1,Tank,2025-07-11,2025-07-19,2025-07-16,8,False,1
CNT01289,1,Hazardous,2025-06-10,2025-06-15,2025-06-15,5,True,1
CNT01290,1,Reefer,2025-04-03,2025-04-07,2025-04-08,4,True,1
CNT01291,1,General,2025-08-23,2025-08-29,2025-08-28,6,False,1
CNT01292,1,Tank,2025-09-23,2025-09-27,2025-09-28,4,True,1
CNT01293,1,Tank,2025-04-13,2025-04-23,2025-04-18,10,False,1
CNT01294,1,Tank,2025-09-03,2025-09-06,2025-09-08,3,True,1
CNT01295,1,Hazardous,2025-08-06,2025-08-10,2025-08-11,4,True,1
CNT01296,1,General,2025-06-13,2025-06-28,2025-06-18,15,False,1
CNT01297,1,Tank,2025-05-29,2025-06-01,2025-06-03,3,True,1
CNT01298,1,Hazardous,2025-09-03,2025-09-10,2025-09-08,7,False,1
CNT01299,1,Tank,2025-06-30,2025-07-09,2025-07-05,9,False,1
CNT01300,1,Tank,2025-05-27,2025-05-29,2025-06-01,2,True,1
CNT01301,1,Tank,2025-09-10,2025-09-16,2025-09-15,6,False,1
CNT01302,1,Reefer,2025-05-19,2025-05-21,2025-05-24,2,True,1
CNT01303,1,Hazardous,2025-09-06,2025-09-13,2025-09-11,7,False,1
CNT01304,1,Tank,2025-06-04,2025-06-09,2025-06-09,5,True,1
CNT01305,1,Reefer,2025-09-21,2025-09-28,2025-09-26,7,False,1
CNT01306,1,Tank,2025-09-16,2025-09-17,2025-09-21,1,True,1
CNT01307,1,Hazardous,2025-09-22,2025-09-29,2025-09-27,7,False,1
CNT01308,1,Tank,2025-05-06,2025-05-13,2025-05-11,7,False,1
CNT01309,1,General,2025-09-08,2025-09-10,2025-09-13,2,True,1
CNT01310,1,General,2025-04-25,2025-05-02,2025-04-30,7,False,1
CNT01311,1,Reefer,2025-09-08,2025-09-16,2025-09-13,8,False,1
CNT01312,1,Tank,2025-09-13,2025-10-04,2025-09-18,21,False,1
CNT01313,1,Hazardous,2025-04-11,2025-04-15,2025-04-16,4,True,1
CNT01314,1,General,2025-06-19,2025-06-21,2025-06-24,2,True,1
CNT01315,1,Reefer,2025-07-22,2025-07-29,2025-07-27,7,False,1
CNT01316,1,Tank,2025-04-09,2025-04-24,2025-04-14,15,False,1
CNT01317,1,General,2025-08-27,2025-09-01,2025-09-01,5,True,1
CNT01318,1,Tank,2025-07-03,2025-07-06,2025-07-08,3,True,1
CNT01319,1,Reefer,2025-05-04,2025-05-20,2025-05-09,16,False,1
CNT01320,1,Tank,2025-04-24,2025-05-04,2025-04-29,10,False,1
CNT01321,1,General,2025-06-15,2025-06-18,2025-06-20,3,True,1
CNT01322,1,General,2025-06-23,2025-06-26,2025-06-28,3,True,1
CNT01323,1,General,2025-07-16,2025-08-05,2025-07-21,20,False,1
CNT01324,1,General,2025-05-15,2025-05-18,2025-05-20,3,True,1
CNT01325,1,Hazardous,2025-05-22,2025-05-24,2025-05-27,2,True,1
CNT01326,1,General,2025-05-04,2025-05-07,2025-05-09,3,True,1
CNT01327,1,General,2025-08-17,2025-08-20,2025-08-22,3,True,1
CNT01328,1,General,2025-07-03,2025-07-06,2025-07-08,3,True,1
CNT01329,1,Reefer,2025-08-14,2025-08-23,2025-08-19,9,False,1
CNT01330,1,Reefer,2025-08-07,2025-08-10,2025-08-12,3,True,1
CNT01331,1,General,2025-06-09,2025-06-20,2025-06-14,11,False,1
CNT01332,1,Tank,2025-05-13,2025-05-22,2025-05-18,9,False,1
CNT01333,1,Tank,2025-06-05,2025-06-14,2025-06-10,9,False,1
CNT01334,1,General,2025-08-02,2025-08-04,2025-08-07,2,True,1
CNT01335,1,Reefer,2025-06-15,2025-06-20,2025-06-20,5,True,1
CNT01336,1,General,2025-06-26,2025-07-06,2025-07-01,10,False,1
CNT01337,1,General,2025-04-30,2025-05-04,2025-05-05,4,True,1
CNT01338,1,Hazardous,2025-07-29,2025-08-05,2025-08-03,7,False,1
CNT01339,1,Reefer,2025-04-20,2025-04-27,2025-04-25,7,False,1
CNT01340,1,General,2025-05-07,2025-05-13,2025-05-12,6,False,1
CNT01341,1,Tank,2025-05-28,2025-06-06,2025-06-02,9,False,1
CNT01342,1,General,2025-09-21,2025-09-25,2025-09-26,4,True,1
CNT01343,1,Tank,2025-09-20,2025-09-26,2025-09-25,6,False,1
CNT01344,1,Hazardous,2025-07-11,2025-07-13,2025-07-16,2,True,1
CNT01345,1,General,2025-08-21,2025-08-29,2025-08-26,8,False,1
CNT01346,1,Hazardous,2025-07-03,2025-07-04,2025-07-08,1,True,1
CNT01347,1,Reefer,2025-04-24,2025-05-04,2025-04-29,10,False,1
CNT01348,1,Tank,2025-07-11,2025-07-17,2025-07-16,6,False,1
CNT01349,1,Reefer,2025-04-04,2025-04-09,2025-04-09,5,True,1
CNT01350,1,Reefer,2025-06-07,2025-06-16,2025-06-12,9,False,1
CNT01351,1,General,2025-08-16,2025-08-21,2025-08-21,5,True,1
CNT01352,1,General,2025-05-02,2025-05-04,2025-05-07,2,True,1
CNT01353,1,Tank,2025-07-26,2025-08-07,2025-07-31,12,False,1
CNT01354,1,Tank,2025-07-04,2025-07-10,2025-07-09,6,False,1
CNT01355,1,General,2025-09-20,2025-09-25,2025-09-25,5,True,1
CNT01356,1,Reefer,2025-09-20,2025-10-02,2025-09-25,12,False,1
CNT01357,1,Hazardous,2025-06-07,2025-06-12,2025-06-12,5,True,1
CNT01358,1,General,2025-08-28,2025-09-03,2025-09-02,6,False,1
CNT01359,1,General,2025-07-07,2025-07-13,2025-07-12,6,False,1
CNT01360,1,Tank,2025-09-11,2025-09-18,2025-09-16,7,False,1
CNT01361,1,Reefer,2025-07-05,2025-07-13,2025-07-10,8,False,1
CNT01362,1,General,2025-04-28,2025-04-30,2025-05-03,2,True,1
CNT01363,1,General,2025-09-20,2025-09-22,2025-09-25,2,True,1
CNT01364,1,General,2025-05-30,2025-06-16,2025-06-04,17,False,1
CNT01365,1,General,2025-07-30,2025-08-02,2025-08-04,3,True,1
CNT01366,1,Hazardous,2025-04-07,2025-04-12,2025-04-12,5,True,1
CNT01367,1,Tank,2025-09-06,2025-09-16,2025-09-11,10,False,1
CNT01368,1,Tank,2025-08-22,2025-08-25,2025-08-27,3,True,1
CNT01369,1,Hazardous,2025-06-23,2025-07-08,2025-06-28,15,False,1
CNT01370,1,General,2025-09-04,2025-09-13,2025-09-09,9,False,1
CNT01371,1,Hazardous,2025-05-27,2025-06-06,2025-06-01,10,False,1
CNT01372,1,Tank,2025-09-13,2025-09-17,2025-09-18,4,True,1
CNT01373,1,Reefer,2025-04-17,2025-04-23,2025-04-22,6,False,1
CNT01374,1,General,2025-09-10,2025-09-16,2025-09-15,6,False,1
CNT01375,1,Tank,2025-07-28,2025-08-01,2025-08-02,4,True,1
CNT01376,1,Reefer,2025-09-27,2025-10-07,2025-10-02,10,False,1
CNT01377,1,Tank,2025-06-17,2025-06-21,2025-06-22,4,True,1
CNT01378,1,Tank,2025-09-14,2025-09-22,2025-09-19,8,False,1
CNT01379,1,Tank,2025-07-14,2025-07-17,2025-07-19,3,True,1
CNT01380,1,Hazardous,2025-04-30,2025-05-06,2025-05-05,6,False,1
CNT01381,1,General,2025-05-06,2025-05-15,2025-05-11,9,False,1
CNT01382,1,Hazardous,2025-04-12,2025-04-15,2025-04-17,3,True,1
CNT01383,1,Hazardous,2025-04-10,2025-04-17,2025-04-15,7,False,1
CNT01384,1,Reefer,2025-06-17,2025-06-21,2025-06-22,4,True,1
CNT01385,1,General,2025-08-05,2025-08-15,2025-08-10,10,False,1
CNT01386,1,General,2025-04-30,2025-05-04,2025-05-05,4,True,1
CNT01387,1,General,2025-04-25,2025-04-28,2025-04-30,3,True,1
CNT01388,1,General,2025-05-31,2025-06-03,2025-06-05,3,True,1
CNT01389,1,General,2025-08-16,2025-08-23,2025-08-21,7,False,1
CNT01390,1,General,2025-05-05,2025-05-08,2025-05-10,3,True,1
CNT01391,1,Reefer,2025-07-09,2025-07-21,2025-07-14,12,False,1
CNT01392,1,General,2025-07-26,2025-07-29,2025-07-31,3,True,1
CNT01393,1,Tank,2025-07-04,2025-07-10,2025-07-09,6,False,1
CNT01394,1,Hazardous,2025-09-19,2025-09-25,2025-09-24,6,False,1
CNT01395,1,Hazardous,2025-09-26,2025-09-29,2025-10-01,3,True,1
CNT01396,1,General,2025-08-17,2025-08-20,2025-08-22,3,True,1
CNT01397,1,General,2025-07-17,2025-08-10,2025-07-22,24,False,1
CNT01398,1,Reefer,2025-08-29,2025-09-01,2025-09-03,3,True,1
CNT01399,1,Reefer,2025-05-10,2025-05-11,2025-05-15,1,True,1
CNT01400,1,General,2025-07-16,2025-07-25,2025-07-21,9,False,1
CNT01401,1,General,2025-09-15,2025-10-03,2025-09-20,18,False,1
CNT01402,1,Reefer,2025-04-26,2025-04-29,2025-05-01,3,True,1
CNT01403,1,General,2025-08-04,2025-08-17,2025-08-09,13,False,1
CNT01404,1,General,2025-09-05,2025-09-09,2025-09-10,4,True,1
CNT01405,1,Hazardous,2025-07-14,2025-07-17,2025-07-19,3,True,1
CNT01406,1,Tank,2025-06-11,2025-06-23,2025-06-16,12,False,1
CNT01407,1,Hazardous,2025-04-09,2025-04-20,2025-04-14,11,False,1
CNT01408,1,Reefer,2025-09-24,2025-10-08,2025-09-29,14,False,1
CNT01409,1,General,2025-07-04,2025-07-06,2025-07-09,2,True,1
CNT01410,1,General,2025-05-26,2025-05-29,2025-05-31,3,True,1
CNT01411,1,Tank,2025-07-23,2025-08-03,2025-07-28,11,False,1
CNT01412,1,General,2025-07-23,2025-07-28,2025-07-28,5,True,1
CNT01413,1,Hazardous,2025-05-31,2025-06-16,2025-06-05,16,False,1
CNT01414,1,Tank,2025-07-02,2025-07-05,2025-07-07,3,True,1
CNT01415,1,Tank,2025-04-26,2025-04-30,2025-05-01,4,True,1
CNT01416,1,Reefer,2025-09-23,2025-09-28,2025-09-28,5,True,1
CNT01417,1,General,2025-07-04,2025-07-09,2025-07-09,5,True,1
CNT01418,1,Hazardous,2025-08-18,2025-08-25,2025-08-23,7,False,1
CNT01419,1,Hazardous,2025-09-13,2025-09-17,2025-09-18,4,True,1
CNT01420,1,General,2025-07-01,2025-07-04,2025-07-06,3,True,1
CNT01421,1,General,2025-04-16,2025-04-25,2025-04-21,9,False,1
CNT01422,1,Tank,2025-07-11,2025-07-17,2025-07-16,6,False,1
CNT01423,1,Reefer,2025-06-10,2025-06-12,2025-06-15,2,True,1
CNT01424,1,Reefer,2025-05-19,2025-05-29,2025-05-24,10,False,1
CNT01425,1,Hazardous,2025-05-02,2025-05-08,2025-05-07,6,False,1
CNT01426,1,General,2025-07-26,2025-08-02,2025-07-31,7,False,1
CNT01427,1,Tank,2025-04-24,2025-04-27,2025-04-29,3,True,1
CNT01428,1,Hazardous,2025-09-17,2025-09-19,2025-09-22,2,True,1
CNT01429,1,Tank,2025-05-25,2025-05-30,2025-05-30,5,True,1
CNT01430,1,General,2025-09-12,2025-09-13,2025-09-17,1,True,1
CNT01431,1,Tank,2025-09-11,2025-09-15,2025-09-16,4,True,1
CNT01432,1,Tank,2025-08-31,2025-09-02,2025-09-05,2,True,1
CNT01433,1,General,2025-04-06,2025-04-15,2025-04-11,9,False,1
CNT01434,1,General,2025-04-13,2025-04-26,2025-04-18,13,False,1
CNT01435,1,Hazardous,2025-06-25,2025-06-28,2025-06-30,3,True,1
CNT01436,1,General,2025-06-02,2025-06-12,2025-06-07,10,False,1
CNT01437,1,Reefer,2025-05-03,2025-05-09,2025-05-08,6,False,1
CNT01438,1,General,2025-08-23,2025-09-02,2025-08-28,10,False,1
CNT01439,1,Hazardous,2025-05-23,2025-06-02,2025-05-28,10,False,1
CNT01440,1,General,2025-04-18,2025-05-03,2025-04-23,15,False,1
CNT01441,1,Hazardous,2025-08-20,2025-08-23,2025-08-25,3,True,1
CNT01442,1,Tank,2025-05-24,2025-05-25,2025-05-29,1,True,1
CNT01443,1,General,2025-08-29,2025-09-02,2025-09-03,4,True,1
CNT01444,1,Hazardous,2025-05-26,2025-06-13,2025-05-31,18,False,1
CNT01445,1,Reefer,2025-05-30,2025-06-11,2025-06-04,12,False,1
CNT01446,1,Tank,2025-06-24,2025-06-27,2025-06-29,3,True,1
CNT01447,1,Hazardous,2025-05-08,2025-05-11,2025-05-13,3,True,1
CNT01448,1,General,2025-08-31,2025-09-05,2025-09-05,5,True,1
CNT01449,1,Tank,2025-04-01,2025-04-10,2025-04-06,9,False,1
CNT01450,1,Tank,2025-06-10,2025-06-23,2025-06-15,13,False,1
CNT01451,1,General,2025-05-08,2025-05-11,2025-05-13,3,True,1
CNT01452,1,Tank,2025-05-04,2025-05-08,2025-05-09,4,True,1
CNT01453,1,General,2025-08-17,2025-08-22,2025-08-22,5,True,1
CNT01454,1,General,2025-06-04,2025-06-16,2025-06-09,12,False,1
CNT01455,1,General,2025-05-15,2025-05-20,2025-05-20,5,True,1
CNT01456,1,Tank,2025-04-29,2025-05-03,2025-05-04,4,True,1
CNT01457,1,Hazardous,2025-09-17,2025-10-03,2025-09-22,16,False,1
CNT01458,1,Hazardous,2025-04-07,2025-04-10,2025-04-12,3,True,1
CNT01459,1,General,2025-05-04,2025-05-08,2025-05-09,4,True,1
CNT01460,1,General,2025-04-04,2025-04-07,2025-04-09,3,True,1
CNT01461,1,Hazardous,2025-07-01,2025-07-05,2025-07-06,4,True,1
CNT01462,1,Hazardous,2025-05-31,2025-06-01,2025-06-05,1,True,1
CNT01463,1,General,2025-08-29,2025-09-13,2025-09-03,15,False,1
CNT01464,1,Tank,2025-06-22,2025-06-27,2025-06-27,5,True,1
CNT01465,1,Tank,2025-04-05,2025-04-10,2025-04-10,5,True,1
CNT01466,1,Tank,2025-05-15,2025-05-19,2025-05-20,4,True,1
CNT01467,1,Reefer,2025-06-07,2025-06-11,2025-06-12,4,True,1
CNT01468,1,Tank,2025-04-14,2025-04-25,2025-04-19,11,False,1
CNT01469,1,Reefer,2025-05-03,2025-05-20,2025-05-08,17,False,1
CNT01470,1,Hazardous,2025-07-17,2025-07-21,2025-07-22,4,True,1
CNT01471,1,Hazardous,2025-08-13,2025-08-16,2025-08-18,3,True,1
CNT01472,1,Tank,2025-04-30,2025-05-10,2025-05-05,10,False,1
CNT01473,1,Tank,2025-04-17,2025-04-25,2025-04-22,8,False,1
CNT01474,1,Tank,2025-07-31,2025-08-06,2025-08-05,6,False,1
CNT01475,1,Tank,2025-07-24,2025-07-26,2025-07-29,2,True,1
CNT01476,1,General,2025-07-02,2025-07-09,2025-07-07,7,False,1
CNT01477,1,Tank,2025-08-10,2025-08-16,2025-08-15,6,False,1
CNT01478,1,Tank,2025-08-30,2025-08-31,2025-09-04,1,True,1
CNT01479,1,Tank,2025-04-28,2025-05-02,2025-05-03,4,True,1
CNT01480,1,Reefer,2025-07-25,2025-07-27,2025-07-30,2,True,1
CNT01481,1,General,2025-08-07,2025-08-16,2025-08-12,9,False,1
CNT01482,1,Hazardous,2025-05-27,2025-06-02,2025-06-01,6,False,1
CNT01483,1,General,2025-09-05,2025-09-07,2025-09-10,2,True,1
CNT01484,1,Hazardous,2025-04-12,2025-05-03,2025-04-17,21,False,1
CNT01485,1,General,2025-09-16,2025-09-19,2025-09-21,3,True,1
CNT01486,1,Reefer,2025-08-12,2025-08-16,2025-08-17,4,True,1
CNT01487,1,General,2025-06-17,2025-06-22,2025-06-22,5,True,1
CNT01488,1,General,2025-07-27,2025-07-29,2025-08-01,2,True,1
CNT01489,1,Reefer,2025-09-12,2025-09-22,2025-09-17,10,False,1
CNT01490,1,General,2025-04-08,2025-04-09,2025-04-13,1,True,1
CNT01491,1,Tank,2025-04-16,2025-04-18,2025-04-21,2,True,1
CNT01492,1,General,2025-08-01,2025-08-10,2025-08-06,9,False,1
CNT01493,1,Hazardous,2025-07-12,2025-07-15,2025-07-17,3,True,1
CNT01494,1,Tank,2025-07-19,2025-07-20,2025-07-24,1,True,1
CNT01495,1,Hazardous,2025-09-23,2025-10-02,2025-09-28,9,False,1
CNT01496,1,General,2025-04-28,2025-04-30,2025-05-03,2,True,1
CNT01497,1,General,2025-08-04,2025-08-07,2025-08-09,3,True,1
CNT01498,1,General,2025-07-23,2025-08-04,2025-07-28,12,False,1
CNT01499,1,General,2025-04-19,2025-04-24,2025-04-24,5,True,1
CNT01500,1,General,2025-04-21,2025-04-25,2025-04-26,4,True,1
CNT01501,1,Hazardous,2025-06-22,2025-06-28,2025-06-27,6,False,1
CNT01502,1,Tank,2025-09-03,2025-09-05,2025-09-08,2,True,1
CNT01503,1,General,2025-05-08,2025-05-12,2025-05-13,4,True,1
CNT01504,1,General,2025-04-17,2025-04-19,2025-04-22,2,True,1
CNT01505,1,General,2025-05-03,2025-05-07,2025-05-08,4,True,1
CNT01506,1,General,2025-06-10,2025-06-11,2025-06-15,1,True,1
CNT01507,1,General,2025-09-07,2025-09-18,2025-09-12,11,False,1
CNT01508,1,Tank,2025-09-10,2025-09-13,2025-09-15,3,True,1
CNT01509,1,General,2025-08-28,2025-08-30,2025-09-02,2,True,1
CNT01510,1,General,2025-08-19,2025-08-23,2025-08-24,4,True,1
CNT01511,1,Reefer,2025-06-23,2025-07-01,2025-06-28,8,False,1
CNT01512,1,Tank,2025-07-07,2025-07-08,2025-07-12,1,True,1
CNT01513,1,General,2025-08-31,2025-09-07,2025-09-05,7,False,1
CNT01514,1,General,2025-08-14,2025-08-16,2025-08-19,2,True,1
CNT01515,1,General,2025-06-15,2025-06-20,2025-06-20,5,True,1
CNT01516,1,Reefer,2025-07-26,2025-08-15,2025-07-31,20,False,1
CNT01517,1,General,2025-08-08,2025-08-16,2025-08-13,8,False,1
CNT01518,1,Reefer,2025-09-02,2025-09-04,2025-09-07,2,True,1
CNT01519,1,Hazardous,2025-07-20,2025-07-24,2025-07-25,4,True,1
CNT01520,1,Tank,2025-04-26,2025-04-29,2025-05-01,3,True,1
CNT01521,1,Tank,2025-09-27,2025-10-05,2025-10-02,8,False,1
CNT01522,1,Reefer,2025-04-30,2025-05-06,2025-05-05,6,False,1
CNT01523,1,General,2025-09-15,2025-09-18,2025-09-20,3,True,1
CNT01524,1,General,2025-09-14,2025-09-25,2025-09-19,11,False,1
CNT01525,1,Tank,2025-08-20,2025-08-24,2025-08-25,4,True,1
CNT01526,1,Hazardous,2025-05-26,2025-06-05,2025-05-31,10,False,1
CNT01527,1,General,2025-07-20,2025-08-02,2025-07-25,13,False,1
CNT01528,1,General,2025-07-25,2025-08-16,2025-07-30,22,False,1
CNT01529,1,Reefer,2025-05-29,2025-06-01,2025-06-03,3,True,1
CNT01530,1,Hazardous,2025-07-15,2025-07-21,2025-07-20,6,False,1
CNT01531,1,Hazardous,2025-06-26,2025-06-28,2025-07-01,2,True,1
CNT01532,1,Tank,2025-07-26,2025-07-28,2025-07-31,2,True,1
CNT01533,1,General,2025-07-12,2025-07-17,2025-07-17,5,True,1
CNT01534,1,General,2025-07-16,2025-07-21,2025-07-21,5,True,1
CNT01535,1,Hazardous,2025-04-25,2025-04-28,2025-04-30,3,True,1
CNT01536,1,General,2025-06-20,2025-06-26,2025-06-25,6,False,1
CNT01537,1,General,2025-07-19,2025-07-27,2025-07-24,8,False,1
CNT01538,1,General,2025-06-20,2025-06-25,2025-06-25,5,True,1
CNT01539,1,Tank,2025-09-18,2025-09-19,2025-09-23,1,True,1
CNT01540,1,General,2025-06-05,2025-06-07,2025-06-10,2,True,1
CNT01541,1,Tank,2025-07-05,2025-07-10,2025-07-10,5,True,1
CNT01542,1,General,2025-05-10,2025-05-17,2025-05-15,7,False,1
CNT01543,1,General,2025-09-23,2025-10-02,2025-09-28,9,False,1
CNT01544,1,Tank,2025-07-31,2025-08-05,2025-08-05,5,True,1
CNT01545,1,General,2025-04-18,2025-04-20,2025-04-23,2,True,1
CNT01546,1,General,2025-04-24,2025-05-04,2025-04-29,10,False,1
CNT01547,1,Tank,2025-04-22,2025-04-23,2025-04-27,1,True,1
CNT01548,1,General,2025-04-24,2025-04-28,2025-04-29,4,True,1
CNT01549,1,Reefer,2025-07-20,2025-07-28,2025-07-25,8,False,1
CNT01550,1,Hazardous,2025-04-25,2025-05-01,2025-04-30,6,False,1
CNT01551,1,General,2025-07-05,2025-07-08,2025-07-10,3,True,1
CNT01552,1,General,2025-05-04,2025-05-17,2025-05-09,13,False,1
CNT01553,1,Tank,2025-08-21,2025-08-28,2025-08-26,7,False,1
CNT01554,1,General,2025-04-16,2025-04-22,2025-04-21,6,False,1
CNT01555,1,Hazardous,2025-08-29,2025-09-05,2025-09-03,7,False,1
CNT01556,1,General,2025-08-22,2025-08-31,2025-08-27,9,False,1
CNT01557,1,Hazardous,2025-08-22,2025-09-05,2025-08-27,14,False,1
CNT01558,1,General,2025-06-24,2025-07-08,2025-06-29,14,False,1
CNT01559,1,Hazardous,2025-09-19,2025-09-29,2025-09-24,10,False,1
CNT01560,1,Reefer,2025-05-02,2025-05-05,2025-05-07,3,True,1
CNT01561,1,General,2025-07-15,2025-07-18,2025-07-20,3,True,1
CNT01562,1,General,2025-06-30,2025-07-09,2025-07-05,9,False,1
CNT01563,1,Reefer,2025-09-18,2025-09-23,2025-09-23,5,True,1
CNT01564,1,Tank,2025-07-18,2025-07-29,2025-07-23,11,False,1
CNT01565,1,General,2025-04-14,2025-04-21,2025-04-19,7,False,1
CNT01566,1,General,2025-06-13,2025-06-16,2025-06-18,3,True,1
CNT01567,1,General,2025-09-01,2025-09-11,2025-09-06,10,False,1
CNT01568,1,Tank,2025-06-19,2025-06-24,2025-06-24,5,True,1
CNT01569,1,General,2025-06-30,2025-07-14,2025-07-05,14,False,1
CNT01570,1,Hazardous,2025-04-27,2025-05-01,2025-05-02,4,True,1
CNT01571,1,General,2025-08-26,2025-08-31,2025-08-31,5,True,1
CNT01572,1,Tank,2025-08-08,2025-08-14,2025-08-13,6,False,1
CNT01573,1,Tank,2025-05-25,2025-05-28,2025-05-30,3,True,1
CNT01574,1,General,2025-05-10,2025-05-15,2025-05-15,5,True,1
CNT01575,1,Hazardous,2025-09-16,2025-09-21,2025-09-21,5,True,1
CNT01576,1,Hazardous,2025-08-02,2025-08-07,2025-08-07,5,True,1
CNT01577,1,Hazardous,2025-05-28,2025-06-07,2025-06-02,10,False,1
CNT01578,1,Tank,2025-04-28,2025-05-10,2025-05-03,12,False,1
CNT01579,1,General,2025-06-29,2025-07-05,2025-07-04,6,False,1
CNT01580,1,General,2025-08-21,2025-08-27,2025-08-26,6,False,1
CNT01581,1,General,2025-07-04,2025-07-14,2025-07-09,10,False,1
CNT01582,1,Hazardous,2025-04-30,2025-05-21,2025-05-05,21,False,1
CNT01583,1,Tank,2025-06-11,2025-06-14,2025-06-16,3,True,1
CNT01584,1,General,2025-08-25,2025-09-09,2025-08-30,15,False,1
CNT01585,1,Tank,2025-05-28,2025-06-04,2025-06-02,7,False,1
CNT01586,1,Tank,2025-07-19,2025-07-25,2025-07-24,6,False,1
CNT01587,1,Reefer,2025-08-22,2025-08-27,2025-08-27,5,True,1
CNT01588,1,Reefer,2025-09-07,2025-09-10,2025-09-12,3,True,1
CNT01589,1,Tank,2025-09-05,2025-09-08,2025-09-10,3,True,1
CNT01590,1,Hazardous,2025-09-20,2025-09-25,2025-09-25,5,True,1
CNT01591,1,Reefer,2025-09-12,2025-09-13,2025-09-17,1,True,1
CNT01592,1,Reefer,2025-08-21,2025-08-31,2025-08-26,10,False,1
CNT01593,1,General,2025-04-07,2025-04-15,2025-04-12,8,False,1
CNT01594,1,Reefer,2025-09-03,2025-09-10,2025-09-08,7,False,1
CNT01595,1,Tank,2025-09-16,2025-10-02,2025-09-21,16,False,1
CNT01596,1,Hazardous,2025-09-25,2025-09-29,2025-09-30,4,True,1
CNT01597,1,Reefer,2025-06-08,2025-06-12,2025-06-13,4,True,1
CNT01598,1,Tank,2025-04-08,2025-04-10,2025-04-13,2,True,1
CNT01599,1,General,2025-05-17,2025-05-23,2025-05-22,6,False,1
CNT01600,1,General,2025-06-09,2025-06-10,2025-06-14,1,True,1
CNT01601,1,Reefer,2025-09-27,2025-10-01,2025-10-02,4,True,1
CNT01602,1,Tank,2025-06-19,2025-06-24,2025-06-24,5,True,1
CNT01603,1,Tank,2025-06-26,2025-07-01,2025-07-01,5,True,1
CNT01604,1,General,2025-06-29,2025-07-09,2025-07-04,10,False,1
CNT01605,1,Hazardous,2025-04-02,2025-04-03,2025-04-07,1,True,1
CNT01606,1,General,2025-05-17,2025-05-23,2025-05-22,6,False,1
CNT01607,1,Tank,2025-05-07,2025-05-10,2025-05-12,3,True,1
CNT01608,1,General,2025-08-23,2025-08-24,2025-08-28,1,True,1
CNT01609,1,Hazardous,2025-09-16,2025-09-19,2025-09-21,3,True,1
CNT01610,1,Hazardous,2025-07-12,2025-07-16,2025-07-17,4,True,1
CNT01611,1,Tank,2025-04-18,2025-05-01,2025-04-23,13,False,1
CNT01612,1,General,2025-05-07,2025-05-10,2025-05-12,3,True,1
CNT01613,1,Tank,2025-09-10,2025-09-17,2025-09-15,7,False,1
CNT01614,1,General,2025-04-08,2025-04-09,2025-04-13,1,True,1
CNT01615,1,General,2025-04-24,2025-04-27,2025-04-29,3,True,1
CNT01616,1,General,2025-08-14,2025-08-21,2025-08-19,7,False,1
CNT01617,1,Reefer,2025-05-26,2025-06-05,2025-05-31,10,False,1
CNT01618,1,Tank,2025-07-06,2025-07-09,2025-07-11,3,True,1
CNT01619,1,Tank,2025-07-17,2025-07-23,2025-07-22,6,False,1
CNT01620,1,General,2025-07-26,2025-07-30,2025-07-31,4,True,1
CNT01621,1,Reefer,2025-06-27,2025-06-29,2025-07-02,2,True,1
CNT01622,1,Reefer,2025-05-11,2025-05-14,2025-05-16,3,True,1
CNT01623,1,Hazardous,2025-07-04,2025-07-06,2025-07-09,2,True,1
CNT01624,1,Tank,2025-06-19,2025-06-23,2025-06-24,4,True,1
CNT01625,1,Reefer,2025-06-23,2025-06-29,2025-06-28,6,False,1
CNT01626,1,General,2025-08-24,2025-09-02,2025-08-29,9,False,1
CNT01627,1,General,2025-08-31,2025-09-21,2025-09-05,21,False,1
CNT01628,1,General,2025-04-22,2025-04-26,2025-04-27,4,True,1
CNT01629,1,General,2025-04-14,2025-04-19,2025-04-19,5,True,1
CNT01630,1,General,2025-05-10,2025-05-13,2025-05-15,3,True,1
CNT01631,1,General,2025-05-11,2025-05-16,2025-05-16,5,True,1
CNT01632,1,General,2025-09-06,2025-09-11,2025-09-11,5,True,1
CNT01633,1,General,2025-04-13,2025-04-18,2025-04-18,5,True,1
CNT01634,1,Tank,2025-09-20,2025-09-23,2025-09-25,3,True,1
CNT01635,1,General,2025-04-21,2025-04-25,2025-04-26,4,True,1
CNT01636,1,Tank,2025-06-09,2025-06-17,2025-06-14,8,False,1
CNT01637,1,General,2025-07-23,2025-07-27,2025-07-28,4,True,1
CNT01638,1,Tank,2025-09-17,2025-09-24,2025-09-22,7,False,1
CNT01639,1,Tank,2025-07-18,2025-07-23,2025-07-23,5,True,1
CNT01640,1,Hazardous,2025-08-03,2025-08-12,2025-08-08,9,False,1
CNT01641,1,Hazardous,2025-09-03,2025-09-08,2025-09-08,5,True,1
CNT01642,1,Tank,2025-07-23,2025-07-28,2025-07-28,5,True,1
CNT01643,1,Tank,2025-07-16,2025-07-19,2025-07-21,3,True,1
CNT01644,1,Hazardous,2025-06-09,2025-06-13,2025-06-14,4,True,1
CNT01645,1,General,2025-05-26,2025-05-29,2025-05-31,3,True,1
CNT01646,1,Reefer,2025-08-10,2025-08-23,2025-08-15,13,False,1
CNT01647,1,General,2025-04-30,2025-05-06,2025-05-05,6,False,1
CNT01648,1,General,2025-06-28,2025-07-01,2025-07-03,3,True,1
CNT01649,1,Tank,2025-07-20,2025-08-16,2025-07-25,27,False,1
CNT01650,1,Tank,2025-04-29,2025-05-16,2025-05-04,17,False,1
CNT01651,1,Reefer,2025-06-12,2025-06-21,2025-06-17,9,False,1
CNT01652,1,General,2025-09-21,2025-09-25,2025-09-26,4,True,1
CNT01653,1,Tank,2025-09-21,2025-09-25,2025-09-26,4,True,1
CNT01654,1,Tank,2025-08-30,2025-09-04,2025-09-04,5,True,1
CNT01655,1,General,2025-08-03,2025-08-05,2025-08-08,2,True,1
CNT01656,1,Hazardous,2025-08-13,2025-08-19,2025-08-18,6,False,1
CNT01657,1,General,2025-09-18,2025-09-24,2025-09-23,6,False,1
CNT01658,1,Reefer,2025-06-18,2025-06-19,2025-06-23,1,True,1
CNT01659,1,General,2025-04-12,2025-04-16,2025-04-17,4,True,1
CNT01660,1,General,2025-05-27,2025-06-04,2025-06-01,8,False,1
CNT01661,1,General,2025-07-11,2025-07-19,2025-07-16,8,False,1
CNT01662,1,Tank,2025-09-01,2025-09-02,2025-09-06,1,True,1
CNT01663,1,General,2025-04-15,2025-05-10,2025-04-20,25,False,1
CNT01664,1,Reefer,2025-04-02,2025-04-08,2025-04-07,6,False,1
CNT01665,1,General,2025-05-23,2025-05-25,2025-05-28,2,True,1
CNT01666,1,General,2025-06-17,2025-06-23,2025-06-22,6,False,1
CNT01667,1,Hazardous,2025-05-25,2025-05-30,2025-05-30,5,True,1
CNT01668,1,General,2025-05-06,2025-05-14,2025-05-11,8,False,1
CNT01669,1,General,2025-06-05,2025-06-10,2025-06-10,5,True,1
CNT01670,1,Hazardous,2025-06-14,2025-06-17,2025-06-19,3,True,1
CNT01671,1,Reefer,2025-06-23,2025-07-02,2025-06-28,9,False,1
CNT01672,1,Tank,2025-05-01,2025-05-09,2025-05-06,8,False,1
CNT01673,1,General,2025-04-02,2025-04-12,2025-04-07,10,False,1
CNT01674,1,Hazardous,2025-08-06,2025-08-10,2025-08-11,4,True,1
CNT01675,1,General,2025-07-20,2025-07-24,2025-07-25,4,True,1
CNT01676,1,General,2025-05-15,2025-06-02,2025-05-20,18,False,1
CNT01677,1,General,2025-05-04,2025-05-08,2025-05-09,4,True,1
CNT01678,1,Tank,2025-07-07,2025-07-12,2025-07-12,5,True,1
CNT01679,1,General,2025-08-15,2025-08-23,2025-08-20,8,False,1
CNT01680,1,General,2025-09-28,2025-10-01,2025-10-03,3,True,1
CNT01681,1,Reefer,2025-05-29,2025-06-09,2025-06-03,11,False,1
CNT01682,1,Reefer,2025-08-07,2025-08-11,2025-08-12,4,True,1
CNT01683,1,General,2025-08-22,2025-08-31,2025-08-27,9,False,1
CNT01684,1,Tank,2025-09-19,2025-09-24,2025-09-24,5,True,1
CNT01685,1,General,2025-06-30,2025-07-02,2025-07-05,2,True,1
CNT01686,1,Tank,2025-04-19,2025-04-24,2025-04-24,5,True,1
CNT01687,1,General,2025-07-11,2025-07-14,2025-07-16,3,True,1
CNT01688,1,General,2025-04-11,2025-04-15,2025-04-16,4,True,1
CNT01689,1,General,2025-07-21,2025-07-30,2025-07-26,9,False,1
CNT01690,1,Hazardous,2025-04-05,2025-04-12,2025-04-10,7,False,1
CNT01691,1,General,2025-07-27,2025-07-31,2025-08-01,4,True,1
CNT01692,1,Tank,2025-04-20,2025-04-21,2025-04-25,1,True,1
CNT01693,1,Reefer,2025-06-20,2025-06-21,2025-06-25,1,True,1
CNT01694,1,General,2025-08-26,2025-08-28,2025-08-31,2,True,1
CNT01695,1,Tank,2025-07-19,2025-07-22,2025-07-24,3,True,1
CNT01696,1,General,2025-08-25,2025-08-28,2025-08-30,3,True,1
CNT01697,1,Reefer,2025-07-13,2025-07-16,2025-07-18,3,True,1
CNT01698,1,General,2025-09-11,2025-09-12,2025-09-16,1,True,1
CNT01699,1,General,2025-07-16,2025-07-19,2025-07-21,3,True,1
CNT01700,1,Reefer,2025-06-14,2025-06-16,2025-06-19,2,True,1
CNT01701,1,Tank,2025-04-30,2025-05-02,2025-05-05,2,True,1
CNT01702,1,Reefer,2025-07-13,2025-07-20,2025-07-18,7,False,1
CNT01703,1,Hazardous,2025-04-06,2025-04-12,2025-04-11,6,False,1
CNT01704,1,Reefer,2025-06-23,2025-06-30,2025-06-28,7,False,1
CNT01705,1,General,2025-05-14,2025-05-17,2025-05-19,3,True,1
CNT01706,1,General,2025-09-06,2025-09-09,2025-09-11,3,True,1
CNT01707,1,Tank,2025-07-27,2025-07-30,2025-08-01,3,True,1
CNT01708,1,General,2025-09-24,2025-09-26,2025-09-29,2,True,1
CNT01709,1,Hazardous,2025-07-02,2025-07-10,2025-07-07,8,False,1
CNT01710,1,General,2025-04-23,2025-04-26,2025-04-28,3,True,1
CNT01711,1,Tank,2025-07-21,2025-07-24,2025-07-26,3,True,1
CNT01712,1,General,2025-04-28,2025-04-30,2025-05-03,2,True,1
CNT01713,1,General,2025-06-02,2025-06-03,2025-06-07,1,True,1
CNT01714,1,Tank,2025-07-21,2025-07-27,2025-07-26,6,False,1
CNT01715,1,Reefer,2025-08-29,2025-09-08,2025-09-03,10,False,1
CNT01716,1,Hazardous,2025-07-12,2025-07-14,2025-07-17,2,True,1
CNT01717,1,Reefer,2025-08-13,2025-08-15,2025-08-18,2,True,1
CNT01718,1,General,2025-04-21,2025-04-24,2025-04-26,3,True,1
CNT01719,1,General,2025-07-11,2025-07-12,2025-07-16,1,True,1
CNT01720,1,General,2025-06-19,2025-06-22,2025-06-24,3,True,1
CNT01721,1,General,2025-06-26,2025-07-06,2025-07-01,10,False,1
CNT01722,1,General,2025-05-27,2025-06-01,2025-06-01,5,True,1
CNT01723,1,Tank,2025-06-25,2025-07-04,2025-06-30,9,False,1
CNT01724,1,Reefer,2025-05-14,2025-05-18,2025-05-19,4,True,1
CNT01725,1,Reefer,2025-04-20,2025-04-23,2025-04-25,3,True,1
CNT01726,1,Reefer,2025-08-09,2025-08-12,2025-08-14,3,True,1
CNT01727,1,General,2025-09-10,2025-09-28,2025-09-15,18,False,1
CNT01728,1,Tank,2025-04-30,2025-05-03,2025-05-05,3,True,1
CNT01729,1,General,2025-08-14,2025-08-17,2025-08-19,3,True,1
CNT01730,1,Tank,2025-08-09,2025-08-18,2025-08-14,9,False,1
CNT01731,1,General,2025-05-20,2025-05-22,2025-05-25,2,True,1
CNT01732,1,General,2025-06-29,2025-07-07,2025-07-04,8,False,1
CNT01733,1,General,2025-06-29,2025-07-08,2025-07-04,9,False,1
CNT01734,1,Hazardous,2025-09-13,2025-09-16,2025-09-18,3,True,1
CNT01735,1,Reefer,2025-05-08,2025-05-13,2025-05-13,5,True,1
CNT01736,1,Hazardous,2025-05-31,2025-06-13,2025-06-05,13,False,1
CNT01737,1,General,2025-04-27,2025-05-01,2025-05-02,4,True,1
CNT01738,1,Reefer,2025-05-08,2025-05-10,2025-05-13,2,True,1
CNT01739,1,Reefer,2025-06-05,2025-06-13,2025-06-10,8,False,1
CNT01740,1,Reefer,2025-05-21,2025-05-23,2025-05-26,2,True,1
CNT01741,1,Hazardous,2025-05-15,2025-05-18,2025-05-20,3,True,1
CNT01742,1,Hazardous,2025-09-02,2025-09-06,2025-09-07,4,True,1
CNT01743,1,General,2025-05-10,2025-05-14,2025-05-15,4,True,1
CNT01744,1,General,2025-09-15,2025-09-18,2025-09-20,3,True,1
CNT01745,1,Reefer,2025-04-20,2025-04-24,2025-04-25,4,True,1
CNT01746,1,Hazardous,2025-05-16,2025-05-26,2025-05-21,10,False,1
CNT01747,1,Reefer,2025-09-08,2025-09-09,2025-09-13,1,True,1
CNT01748,1,Tank,2025-08-05,2025-08-07,2025-08-10,2,True,1
CNT01749,1,General,2025-07-28,2025-08-09,2025-08-02,12,False,1
CNT01750,1,General,2025-08-23,2025-09-02,2025-08-28,10,False,1
CNT01751,1,Tank,2025-08-27,2025-09-08,2025-09-01,12,False,1
CNT01752,1,General,2025-07-24,2025-08-03,2025-07-29,10,False,1
CNT01753,1,Tank,2025-09-22,2025-09-25,2025-09-27,3,True,1
CNT01754,1,Tank,2025-08-23,2025-08-30,2025-08-28,7,False,1
CNT01755,1,Hazardous,2025-09-12,2025-10-04,2025-09-17,22,False,1
CNT01756,1,Hazardous,2025-09-10,2025-09-12,2025-09-15,2,True,1
CNT01757,1,Hazardous,2025-09-07,2025-09-15,2025-09-12,8,False,1
CNT01758,1,General,2025-06-22,2025-06-26,2025-06-27,4,True,1
CNT01759,1,Tank,2025-09-08,2025-09-11,2025-09-13,3,True,1
CNT01760,1,General,2025-06-20,2025-07-09,2025-06-25,19,False,1
CNT01761,1,Reefer,2025-05-09,2025-05-13,2025-05-14,4,True,1
CNT01762,1,General,2025-07-22,2025-08-06,2025-07-27,15,False,1
CNT01763,1,General,2025-04-18,2025-05-07,2025-04-23,19,False,1
CNT01764,1,General,2025-07-30,2025-07-31,2025-08-04,1,True,1
CNT01765,1,General,2025-07-23,2025-07-26,2025-07-28,3,True,1
CNT01766,1,General,2025-09-09,2025-09-13,2025-09-14,4,True,1
CNT01767,1,General,2025-06-17,2025-06-23,2025-06-22,6,False,1
CNT01768,1,Tank,2025-06-10,2025-06-15,2025-06-15,5,True,1
CNT01769,1,General,2025-08-30,2025-09-03,2025-09-04,4,True,1
CNT01770,1,General,2025-04-15,2025-04-22,2025-04-20,7,False,1
CNT01771,1,Tank,2025-06-30,2025-07-03,2025-07-05,3,True,1
CNT01772,1,Hazardous,2025-08-08,2025-08-21,2025-08-13,13,False,1
CNT01773,1,Tank,2025-04-19,2025-04-22,2025-04-24,3,True,1
CNT01774,1,General,2025-06-19,2025-06-20,2025-06-24,1,True,1
CNT01775,1,Hazardous,2025-07-28,2025-08-04,2025-08-02,7,False,1
CNT01776,1,Reefer,2025-07-25,2025-07-30,2025-07-30,5,True,1
CNT01777,1,General,2025-04-10,2025-04-12,2025-04-15,2,True,1
CNT01778,1,Reefer,2025-04-15,2025-04-18,2025-04-20,3,True,1
CNT01779,1,Reefer,2025-07-04,2025-07-15,2025-07-09,11,False,1
CNT01780,1,Hazardous,2025-06-13,2025-06-22,2025-06-18,9,False,1
CNT01781,1,General,2025-04-20,2025-04-27,2025-04-25,7,False,1
CNT01782,1,General,2025-09-13,2025-09-20,2025-09-18,7,False,1
CNT01783,1,General,2025-04-24,2025-04-27,2025-04-29,3,True,1
CNT01784,1,Hazardous,2025-09-05,2025-09-07,2025-09-10,2,True,1
CNT01785,1,General,2025-08-31,2025-09-03,2025-09-05,3,True,1
CNT01786,1,General,2025-08-08,2025-08-09,2025-08-13,1,True,1
CNT01787,1,General,2025-07-08,2025-07-12,2025-07-13,4,True,1
CNT01788,1,Tank,2025-07-28,2025-08-04,2025-08-02,7,False,1
CNT01789,1,Reefer,2025-08-27,2025-09-05,2025-09-01,9,False,1
CNT01790,1,General,2025-08-20,2025-08-29,2025-08-25,9,False,1
CNT01791,1,General,2025-04-11,2025-04-21,2025-04-16,10,False,1
CNT01792,1,Reefer,2025-07-25,2025-08-03,2025-07-30,9,False,1
CNT01793,1,Hazardous,2025-08-25,2025-09-05,2025-08-30,11,False,1
CNT01794,1,Reefer,2025-09-14,2025-09-15,2025-09-19,1,True,1
CNT01795,1,Tank,2025-05-19,2025-05-31,2025-05-24,12,False,1
CNT01796,1,Tank,2025-06-22,2025-06-26,2025-06-27,4,True,1
CNT01797,1,General,2025-09-02,2025-09-16,2025-09-07,14,False,1
CNT01798,1,General,2025-07-31,2025-08-02,2025-08-05,2,True,1
CNT01799,1,General,2025-08-07,2025-08-13,2025-08-12,6,False,1
CNT01800,1,General,2025-05-09,2025-05-16,2025-05-14,7,False,1
CNT01801,1,General,2025-04-16,2025-04-19,2025-04-21,3,True,1
CNT01802,1,Reefer,2025-07-25,2025-08-06,2025-07-30,12,False,1
CNT01803,1,Hazardous,2025-04-27,2025-05-01,2025-05-02,4,True,1
CNT01804,1,Reefer,2025-06-27,2025-06-30,2025-07-02,3,True,1
CNT01805,1,Reefer,2025-04-22,2025-04-26,2025-04-27,4,True,1
CNT01806,1,General,2025-08-08,2025-08-17,2025-08-13,9,False,1
CNT01807,1,Hazardous,2025-09-13,2025-09-15,2025-09-18,2,True,1
CNT01808,1,General,2025-05-15,2025-05-28,2025-05-20,13,False,1
CNT01809,1,General,2025-04-11,2025-04-22,2025-04-16,11,False,1
CNT01810,1,General,2025-06-03,2025-06-21,2025-06-08,18,False,1
CNT01811,1,Hazardous,2025-07-22,2025-07-25,2025-07-27,3,True,1
CNT01812,1,Reefer,2025-07-22,2025-07-23,2025-07-27,1,True,1
CNT01813,1,Hazardous,2025-08-13,2025-08-17,2025-08-18,4,True,1
CNT01814,1,Hazardous,2025-08-12,2025-08-23,2025-08-17,11,False,1
CNT01815,1,General,2025-09-04,2025-09-07,2025-09-09,3,True,1
CNT01816,1,Reefer,2025-05-11,2025-05-21,2025-05-16,10,False,1
CNT01817,1,Tank,2025-07-03,2025-07-11,2025-07-08,8,False,1
CNT01818,1,General,2025-07-05,2025-07-10,2025-07-10,5,True,1
CNT01819,1,Hazardous,2025-06-12,2025-06-15,2025-06-17,3,True,1
CNT01820,1,General,2025-07-09,2025-07-14,2025-07-14,5,True,1
CNT01821,1,Hazardous,2025-07-14,2025-07-16,2025-07-19,2,True,1
CNT01822,1,General,2025-06-26,2025-06-30,2025-07-01,4,True,1
CNT01823,1,General,2025-09-21,2025-10-09,2025-09-26,18,False,1
CNT01824,1,General,2025-09-01,2025-09-04,2025-09-06,3,True,1
CNT01825,1,Reefer,2025-04-14,2025-04-17,2025-04-19,3,True,1
CNT01826,1,Hazardous,2025-09-09,2025-09-14,2025-09-14,5,True,1
CNT01827,1,General,2025-09-13,2025-09-22,2025-09-18,9,False,1
CNT01828,1,Hazardous,2025-06-25,2025-06-30,2025-06-30,5,True,1
CNT01829,1,General,2025-04-17,2025-05-03,2025-04-22,16,False,1
CNT01830,1,Hazardous,2025-06-24,2025-07-05,2025-06-29,11,False,1
CNT01831,1,Hazardous,2025-04-25,2025-04-26,2025-04-30,1,True,1
CNT01832,1,Tank,2025-08-21,2025-08-28,2025-08-26,7,False,1
CNT01833,1,General,2025-09-21,2025-09-23,2025-09-26,2,True,1
CNT01834,1,Hazardous,2025-07-08,2025-07-13,2025-07-13,5,True,1
CNT01835,1,Tank,2025-06-12,2025-07-02,2025-06-17,20,False,1
CNT01836,1,General,2025-06-04,2025-06-10,2025-06-09,6,False,1
CNT01837,1,Tank,2025-09-16,2025-09-24,2025-09-21,8,False,1
CNT01838,1,General,2025-09-02,2025-09-07,2025-09-07,5,True,1
CNT01839,1,General,2025-05-09,2025-05-12,2025-05-14,3,True,1
CNT01840,1,Tank,2025-06-25,2025-06-28,2025-06-30,3,True,1
CNT01841,1,General,2025-04-21,2025-04-28,2025-04-26,7,False,1
CNT01842,1,General,2025-08-28,2025-09-04,2025-09-02,7,False,1
CNT01843,1,General,2025-09-17,2025-09-20,2025-09-22,3,True,1
CNT01844,1,General,2025-05-07,2025-05-08,2025-05-12,1,True,1
CNT01845,1,Hazardous,2025-06-29,2025-07-03,2025-07-04,4,True,1
CNT01846,1,Hazardous,2025-06-19,2025-06-22,2025-06-24,3,True,1
CNT01847,1,General,2025-09-15,2025-10-03,2025-09-20,18,False,1
CNT01848,1,Hazardous,2025-09-26,2025-10-02,2025-10-01,6,False,1
CNT01849,1,General,2025-09-17,2025-09-18,2025-09-22,1,True,1
CNT01850,1,General,2025-07-10,2025-07-11,2025-07-15,1,True,1
CNT01851,1,Tank,2025-05-04,2025-05-07,2025-05-09,3,True,1
CNT01852,1,Hazardous,2025-08-31,2025-09-04,2025-09-05,4,True,1
CNT01853,1,Tank,2025-04-22,2025-04-29,2025-04-27,7,False,1
CNT01854,1,Reefer,2025-06-19,2025-06-22,2025-06-24,3,True,1
CNT01855,1,Tank,2025-08-22,2025-08-26,2025-08-27,4,True,1
CNT01856,1,Hazardous,2025-07-06,2025-07-19,2025-07-11,13,False,1
CNT01857,1,Hazardous,2025-09-12,2025-09-14,2025-09-17,2,True,1
CNT01858,1,Tank,2025-06-24,2025-06-29,2025-06-29,5,True,1
CNT01859,1,Reefer,2025-05-03,2025-05-08,2025-05-08,5,True,1
CNT01860,1,Tank,2025-09-19,2025-09-23,2025-09-24,4,True,1
CNT01861,1,Tank,2025-09-27,2025-10-09,2025-10-02,12,False,1
CNT01862,1,Reefer,2025-09-23,2025-10-02,2025-09-28,9,False,1
CNT01863,1,Tank,2025-08-13,2025-08-20,2025-08-18,7,False,1
CNT01864,1,Hazardous,2025-04-24,2025-04-27,2025-04-29,3,True,1
CNT01865,1,Tank,2025-09-13,2025-09-20,2025-09-18,7,False,1
CNT01866,1,Tank,2025-09-19,2025-09-24,2025-09-24,5,True,1
CNT01867,1,Tank,2025-07-18,2025-07-20,2025-07-23,2,True,1
CNT01868,1,General,2025-08-09,2025-08-11,2025-08-14,2,True,1
CNT01869,1,General,2025-07-02,2025-07-09,2025-07-07,7,False,1
CNT01870,1,General,2025-04-05,2025-04-06,2025-04-10,1,True,1
CNT01871,1,General,2025-07-02,2025-07-08,2025-07-07,6,False,1
CNT01872,1,General,2025-06-19,2025-07-06,2025-06-24,17,False,1
CNT01873,1,Hazardous,2025-05-17,2025-05-20,2025-05-22,3,True,1
CNT01874,1,Hazardous,2025-05-25,2025-05-30,2025-05-30,5,True,1
CNT01875,1,General,2025-06-27,2025-06-30,2025-07-02,3,True,1
CNT01876,1,Hazardous,2025-08-03,2025-08-14,2025-08-08,11,False,1
CNT01877,1,General,2025-05-20,2025-05-29,2025-05-25,9,False,1
CNT01878,1,Tank,2025-05-28,2025-06-05,2025-06-02,8,False,1
CNT01879,1,Tank,2025-05-06,2025-05-09,2025-05-11,3,True,1
CNT01880,1,Tank,2025-05-10,2025-05-15,2025-05-15,5,True,1
CNT01881,1,General,2025-04-20,2025-05-01,2025-04-25,11,False,1
CNT01882,1,Tank,2025-06-15,2025-06-20,2025-06-20,5,True,1
CNT01883,1,Tank,2025-04-26,2025-05-03,2025-05-01,7,False,1
CNT01884,1,Reefer,2025-08-08,2025-08-11,2025-08-13,3,True,1
CNT01885,1,Hazardous,2025-08-17,2025-08-21,2025-08-22,4,True,1
CNT01886,1,General,2025-08-13,2025-08-20,2025-08-18,7,False,1
CNT01887,1,General,2025-04-10,2025-04-12,2025-04-15,2,True,1
CNT01888,1,General,2025-09-17,2025-09-18,2025-09-22,1,True,1
CNT01889,1,Hazardous,2025-06-26,2025-07-04,2025-07-01,8,False,1
CNT01890,1,Hazardous,2025-09-06,2025-09-10,2025-09-11,4,True,1
CNT01891,1,General,2025-05-04,2025-05-11,2025-05-09,7,False,1
CNT01892,1,Tank,2025-08-31,2025-09-02,2025-09-05,2,True,1
CNT01893,1,Hazardous,2025-07-06,2025-07-09,2025-07-11,3,True,1
CNT01894,1,General,2025-05-10,2025-05-16,2025-05-15,6,False,1
CNT01895,1,Tank,2025-05-12,2025-05-14,2025-05-17,2,True,1
CNT01896,1,Hazardous,2025-05-17,2025-05-30,2025-05-22,13,False,1
CNT01897,1,Hazardous,2025-09-25,2025-10-08,2025-09-30,13,False,1
CNT01898,1,Hazardous,2025-09-07,2025-09-09,2025-09-12,2,True,1
CNT01899,1,Hazardous,2025-05-13,2025-05-20,2025-05-18,7,False,1
CNT01900,1,General,2025-07-22,2025-07-26,2025-07-27,4,True,1
CNT01901,1,General,2025-04-12,2025-04-17,2025-04-17,5,True,1
CNT01902,1,Hazardous,2025-07-15,2025-07-17,2025-07-20,2,True,1
CNT01903,1,General,2025-07-03,2025-07-08,2025-07-08,5,True,1
CNT01904,1,Hazardous,2025-09-21,2025-10-01,2025-09-26,10,False,1
CNT01905,1,General,2025-05-31,2025-06-14,2025-06-05,14,False,1
CNT01906,1,Tank,2025-07-23,2025-07-26,2025-07-28,3,True,1
CNT01907,1,Hazardous,2025-09-04,2025-09-15,2025-09-09,11,False,1
CNT01908,1,General,2025-06-12,2025-06-26,2025-06-17,14,False,1
CNT01909,1,General,2025-07-24,2025-07-30,2025-07-29,6,False,1
CNT01910,1,Tank,2025-05-30,2025-05-31,2025-06-04,1,True,1
CNT01911,1,Tank,2025-08-15,2025-08-21,2025-08-20,6,False,1
CNT01912,1,Tank,2025-06-01,2025-06-06,2025-06-06,5,True,1
CNT01913,1,General,2025-06-19,2025-06-21,2025-06-24,2,True,1
CNT01914,1,General,2025-07-30,2025-08-04,2025-08-04,5,True,1
CNT01915,1,General,2025-05-20,2025-05-27,2025-05-25,7,False,1
CNT01916,1,Hazardous,2025-07-04,2025-07-08,2025-07-09,4,True,1
CNT01917,1,General,2025-09-21,2025-09-30,2025-09-26,9,False,1
CNT01918,1,Tank,2025-08-25,2025-09-05,2025-08-30,11,False,1
CNT01919,1,General,2025-07-22,2025-07-27,2025-07-27,5,True,1
CNT01920,1,Reefer,2025-07-28,2025-08-01,2025-08-02,4,True,1
CNT01921,1,General,2025-06-12,2025-06-14,2025-06-17,2,True,1
CNT01922,1,Reefer,2025-07-07,2025-07-11,2025-07-12,4,True,1
CNT01923,1,Hazardous,2025-08-07,2025-08-25,2025-08-12,18,False,1
CNT01924,1,Tank,2025-08-14,2025-08-18,2025-08-19,4,True,1
CNT01925,1,Hazardous,2025-07-17,2025-07-21,2025-07-22,4,True,1
CNT01926,1,Hazardous,2025-05-12,2025-05-15,2025-05-17,3,True,1
CNT01927,1,Hazardous,2025-05-22,2025-05-24,2025-05-27,2,True,1
CNT01928,1,General,2025-09-02,2025-09-05,2025-09-07,3,True,1
CNT01929,1,Tank,2025-05-06,2025-05-19,2025-05-11,13,False,1
CNT01930,1,General,2025-06-04,2025-06-07,2025-06-09,3,True,1
CNT01931,1,General,2025-04-14,2025-04-26,2025-04-19,12,False,1
CNT01932,1,General,2025-09-12,2025-09-20,2025-09-17,8,False,1
CNT01933,1,General,2025-08-02,2025-08-19,2025-08-07,17,False,1
CNT01934,1,Reefer,2025-07-05,2025-07-13,2025-07-10,8,False,1
CNT01935,1,Hazardous,2025-08-20,2025-09-05,2025-08-25,16,False,1
CNT01936,1,Tank,2025-04-27,2025-05-07,2025-05-02,10,False,1
CNT01937,1,Reefer,2025-08-11,2025-08-18,2025-08-16,7,False,1
CNT01938,1,Hazardous,2025-05-02,2025-05-05,2025-05-07,3,True,1
CNT01939,1,General,2025-06-12,2025-06-16,2025-06-17,4,True,1
CNT01940,1,Hazardous,2025-04-22,2025-04-27,2025-04-27,5,True,1
CNT01941,1,General,2025-05-12,2025-05-14,2025-05-17,2,True,1
CNT01942,1,General,2025-06-09,2025-06-12,2025-06-14,3,True,1
CNT01943,1,Reefer,2025-07-25,2025-08-22,2025-07-30,28,False,1
CNT01944,1,Tank,2025-08-10,2025-08-13,2025-08-15,3,True,1
CNT01945,1,Hazardous,2025-05-08,2025-05-12,2025-05-13,4,True,1
CNT01946,1,General,2025-07-21,2025-07-31,2025-07-26,10,False,1
CNT01947,1,General,2025-04-24,2025-04-26,2025-04-29,2,True,1
CNT01948,1,Hazardous,2025-05-27,2025-06-07,2025-06-01,11,False,1
CNT01949,1,Tank,2025-07-25,2025-08-08,2025-07-30,14,False,1
CNT01950,1,Tank,2025-06-29,2025-07-01,2025-07-04,2,True,1
CNT01951,1,Reefer,2025-04-07,2025-04-15,2025-04-12,8,False,1
CNT01952,1,Tank,2025-07-16,2025-07-27,2025-07-21,11,False,1
CNT01953,1,Reefer,2025-04-14,2025-04-16,2025-04-19,2,True,1
CNT01954,1,General,2025-07-11,2025-07-16,2025-07-16,5,True,1
CNT01955,1,Reefer,2025-08-07,2025-08-09,2025-08-12,2,True,1
CNT01956,1,General,2025-07-05,2025-07-07,2025-07-10,2,True,1
CNT01957,1,General,2025-05-31,2025-06-03,2025-06-05,3,True,1
CNT01958,1,Reefer,2025-07-08,2025-07-14,2025-07-13,6,False,1
CNT01959,1,Tank,2025-04-21,2025-04-23,2025-04-26,2,True,1
CNT01960,1,Tank,2025-07-05,2025-07-17,2025-07-10,12,False,1
CNT01961,1,Hazardous,2025-05-28,2025-06-01,2025-06-02,4,True,1
CNT01962,1,General,2025-04-08,2025-04-16,2025-04-13,8,False,1
CNT01963,1,Tank,2025-06-21,2025-06-26,2025-06-26,5,True,1
CNT01964,1,General,2025-04-26,2025-05-09,2025-05-01,13,False,1
CNT01965,1,General,2025-09-14,2025-09-18,2025-09-19,4,True,1
CNT01966,1,General,2025-06-25,2025-07-13,2025-06-30,18,False,1
CNT01967,1,Tank,2025-05-08,2025-05-15,2025-05-13,7,False,1
CNT01968,1,Tank,2025-05-06,2025-05-13,2025-05-11,7,False,1
CNT01969,1,General,2025-04-10,2025-04-14,2025-04-15,4,True,1
CNT01970,1,General,2025-06-13,2025-06-29,2025-06-18,16,False,1
CNT01971,1,Hazardous,2025-07-30,2025-08-05,2025-08-04,6,False,1
CNT01972,1,Reefer,2025-09-26,2025-09-30,2025-10-01,4,True,1
CNT01973,1,Reefer,2025-05-06,2025-05-11,2025-05-11,5,True,1
CNT01974,1,Tank,2025-09-28,2025-10-08,2025-10-03,10,False,1
CNT01975,1,Tank,2025-07-30,2025-08-14,2025-08-04,15,False,1
CNT01976,1,General,2025-07-24,2025-08-12,2025-07-29,19,False,1
CNT01977,1,Hazardous,2025-09-05,2025-09-16,2025-09-10,11,False,1
CNT01978,1,Tank,2025-04-02,2025-04-05,2025-04-07,3,True,1
CNT01979,1,General,2025-04-21,2025-04-30,2025-04-26,9,False,1
CNT01980,1,General,2025-04-05,2025-04-08,2025-04-10,3,True,1
CNT01981,1,Hazardous,2025-06-05,2025-06-07,2025-06-10,2,True,1
CNT01982,1,General,2025-05-26,2025-05-30,2025-05-31,4,True,1
CNT01983,1,Hazardous,2025-05-09,2025-05-15,2025-05-14,6,False,1
CNT01984,1,General,2025-08-19,2025-08-23,2025-08-24,4,True,1
CNT01985,1,Tank,2025-09-03,2025-09-05,2025-09-08,2,True,1
CNT01986,1,General,2025-08-14,2025-08-29,2025-08-19,15,False,1
CNT01987,1,General,2025-07-18,2025-07-22,2025-07-23,4,True,1
CNT01988,1,General,2025-04-29,2025-05-12,2025-05-04,13,False,1
CNT01989,1,General,2025-06-13,2025-06-18,2025-06-18,5,True,1
CNT01990,1,Tank,2025-05-31,2025-06-01,2025-06-05,1,True,1
CNT01991,1,General,2025-06-17,2025-06-19,2025-06-22,2,True,1
CNT01992,1,General,2025-05-02,2025-05-04,2025-05-07,2,True,1
CNT01993,1,General,2025-04-13,2025-04-17,2025-04-18,4,True,1
CNT01994,1,Reefer,2025-06-01,2025-06-07,2025-06-06,6,False,1
CNT01995,1,Hazardous,2025-07-17,2025-07-19,2025-07-22,2,True,1
CNT01996,1,Tank,2025-09-11,2025-09-18,2025-09-16,7,False,1
CNT01997,1,Tank,2025-09-07,2025-09-12,2025-09-12,5,True,1
CNT01998,1,Tank,2025-07-27,2025-08-10,2025-08-01,14,False,1
CNT01999,1,General,2025-04-17,2025-04-24,2025-04-22,7,False,1
CNT02000,1,General,2025-04-29,2025-05-14,2025-05-04,15,False,1
CNT02001,1,General,2025-08-06,2025-08-22,2025-08-11,16,False,1
CNT02002,1,Tank,2025-08-31,2025-09-02,2025-09-05,2,True,1
CNT02003,1,Hazardous,2025-08-16,2025-08-23,2025-08-21,7,False,1
CNT02004,1,General,2025-04-05,2025-04-10,2025-04-10,5,True,1
CNT02005,1,Tank,2025-09-09,2025-09-16,2025-09-14,7,False,1
CNT02006,1,Tank,2025-08-10,2025-08-12,2025-08-15,2,True,1
CNT02007,1,Reefer,2025-08-26,2025-09-01,2025-08-31,6,False,1
CNT02008,1,General,2025-06-01,2025-06-03,2025-06-06,2,True,1
CNT02009,1,Reefer,2025-05-07,2025-05-09,2025-05-12,2,True,1
CNT02010,1,Reefer,2025-06-14,2025-06-21,2025-06-19,7,False,1
CNT02011,1,General,2025-07-19,2025-08-05,2025-07-24,17,False,1
CNT02012,1,General,2025-04-01,2025-04-05,2025-04-06,4,True,1
CNT02013,1,Hazardous,2025-09-05,2025-09-12,2025-09-10,7,False,1
CNT02014,1,Reefer,2025-06-30,2025-07-04,2025-07-05,4,True,1
CNT02015,1,General,2025-06-01,2025-06-12,2025-06-06,11,False,1
CNT02016,1,General,2025-08-25,2025-08-27,2025-08-30,2,True,1
CNT02017,1,Tank,2025-07-16,2025-07-21,2025-07-21,5,True,1
CNT02018,1,General,2025-05-18,2025-05-19,2025-05-23,1,True,1
CNT02019,1,Tank,2025-09-18,2025-10-13,2025-09-23,25,False,1
CNT02020,1,General,2025-09-19,2025-09-29,2025-09-24,10,False,1
CNT02021,1,General,2025-04-22,2025-05-04,2025-04-27,12,False,1
CNT02022,1,Hazardous,2025-08-13,2025-08-17,2025-08-18,4,True,1
CNT02023,1,Tank,2025-07-02,2025-07-10,2025-07-07,8,False,1
CNT02024,1,Hazardous,2025-04-18,2025-04-20,2025-04-23,2,True,1
CNT02025,1,Hazardous,2025-08-13,2025-08-17,2025-08-18,4,True,1
CNT02026,1,General,2025-08-18,2025-08-25,2025-08-23,7,False,1
CNT02027,1,Tank,2025-08-08,2025-08-28,2025-08-13,20,False,1
CNT02028,1,Hazardous,2025-08-08,2025-08-14,2025-08-13,6,False,1
CNT02029,1,Tank,2025-08-20,2025-09-01,2025-08-25,12,False,1
CNT02030,1,Reefer,2025-04-06,2025-04-13,2025-04-11,7,False,1
CNT02031,1,General,2025-07-09,2025-07-11,2025-07-14,2,True,1
CNT02032,1,Reefer,2025-07-30,2025-08-03,2025-08-04,4,True,1
CNT02033,1,Tank,2025-04-12,2025-04-17,2025-04-17,5,True,1
CNT02034,1,General,2025-09-10,2025-09-22,2025-09-15,12,False,1
CNT02035,1,Reefer,2025-07-09,2025-07-11,2025-07-14,2,True,1
CNT02036,1,Hazardous,2025-07-05,2025-07-07,2025-07-10,2,True,1
CNT02037,1,General,2025-06-04,2025-06-05,2025-06-09,1,True,1
CNT02038,1,General,2025-04-05,2025-04-08,2025-04-10,3,True,1
CNT02039,1,General,2025-07-01,2025-07-04,2025-07-06,3,True,1
CNT02040,1,Hazardous,2025-04-18,2025-04-23,2025-04-23,5,True,1
CNT02041,1,Tank,2025-06-28,2025-07-04,2025-07-03,6,False,1
CNT02042,1,Hazardous,2025-06-01,2025-06-04,2025-06-06,3,True,1
CNT02043,1,Hazardous,2025-09-16,2025-09-23,2025-09-21,7,False,1
CNT02044,1,Tank,2025-09-08,2025-09-10,2025-09-13,2,True,1
CNT02045,1,Tank,2025-04-27,2025-05-05,2025-05-02,8,False,1
CNT02046,1,General,2025-08-27,2025-09-03,2025-09-01,7,False,1
CNT02047,1,Hazardous,2025-06-25,2025-07-01,2025-06-30,6,False,1
CNT02048,1,Reefer,2025-05-05,2025-05-13,2025-05-10,8,False,1
CNT02049,1,General,2025-04-12,2025-04-14,2025-04-17,2,True,1
CNT02050,1,Tank,2025-06-30,2025-07-05,2025-07-05,5,True,1
CNT02051,1,General,2025-08-18,2025-08-21,2025-08-23,3,True,1
CNT02052,1,Hazardous,2025-06-26,2025-07-03,2025-07-01,7,False,1
CNT02053,1,General,2025-09-12,2025-09-16,2025-09-17,4,True,1
CNT02054,1,Reefer,2025-05-15,2025-06-02,2025-05-20,18,False,1
CNT02055,1,Tank,2025-09-23,2025-09-26,2025-09-28,3,True,1
CNT02056,1,General,2025-07-28,2025-07-30,2025-08-02,2,True,1
CNT02057,1,Hazardous,2025-09-26,2025-10-07,2025-10-01,11,False,1
CNT02058,1,General,2025-08-01,2025-08-07,2025-08-06,6,False,1
CNT02059,1,General,2025-09-09,2025-09-16,2025-09-14,7,False,1
CNT02060,1,Hazardous,2025-05-17,2025-05-21,2025-05-22,4,True,1
CNT02061,1,Reefer,2025-05-05,2025-05-10,2025-05-10,5,True,1
CNT02062,1,Hazardous,2025-04-17,2025-04-20,2025-04-22,3,True,1
CNT02063,1,Reefer,2025-07-27,2025-08-11,2025-08-01,15,False,1
CNT02064,1,Reefer,2025-04-10,2025-04-12,2025-04-15,2,True,1
CNT02065,1,Tank,2025-06-15,2025-06-20,2025-06-20,5,True,1
CNT02066,1,General,2025-05-22,2025-05-29,2025-05-27,7,False,1
CNT02067,1,General,2025-04-12,2025-04-15,2025-04-17,3,True,1
CNT02068,1,Tank,2025-05-22,2025-06-03,2025-05-27,12,False,1
CNT02069,1,Tank,2025-04-11,2025-04-17,2025-04-16,6,False,1
CNT02070,1,General,2025-06-20,2025-06-25,2025-06-25,5,True,1
CNT02071,1,Reefer,2025-06-19,2025-06-20,2025-06-24,1,True,1
CNT02072,1,General,2025-08-10,2025-08-15,2025-08-15,5,True,1
CNT02073,1,General,2025-07-11,2025-07-16,2025-07-16,5,True,1
CNT02074,1,Hazardous,2025-08-18,2025-08-20,2025-08-23,2,True,1
CNT02075,1,General,2025-07-31,2025-08-12,2025-08-05,12,False,1
CNT02076,1,Tank,2025-06-04,2025-06-05,2025-06-09,1,True,1
CNT02077,1,Hazardous,2025-04-10,2025-04-13,2025-04-15,3,True,1
CNT02078,1,Tank,2025-09-13,2025-09-15,2025-09-18,2,True,1
CNT02079,1,General,2025-05-19,2025-06-01,2025-05-24,13,False,1
CNT02080,1,General,2025-06-13,2025-06-18,2025-06-18,5,True,1
CNT02081,1,Tank,2025-07-01,2025-08-07,2025-07-06,37,False,1
CNT02082,1,General,2025-04-13,2025-04-16,2025-04-18,3,True,1
CNT02083,1,Tank,2025-09-15,2025-09-19,2025-09-20,4,True,1
CNT02084,1,Tank,2025-06-24,2025-06-27,2025-06-29,3,True,1
CNT02085,1,Tank,2025-06-09,2025-06-10,2025-06-14,1,True,1
CNT02086,1,General,2025-05-02,2025-05-05,2025-05-07,3,True,1
CNT02087,1,General,2025-07-04,2025-07-09,2025-07-09,5,True,1
CNT02088,1,General,2025-07-21,2025-07-26,2025-07-26,5,True,1
CNT02089,1,Hazardous,2025-07-12,2025-07-31,2025-07-17,19,False,1
CNT02090,1,Tank,2025-07-22,2025-07-27,2025-07-27,5,True,1
CNT02091,1,Reefer,2025-07-08,2025-07-11,2025-07-13,3,True,1
CNT02092,1,Reefer,2025-06-26,2025-06-28,2025-07-01,2,True,1
CNT02093,1,Reefer,2025-05-18,2025-05-20,2025-05-23,2,True,1
CNT02094,1,General,2025-08-06,2025-08-10,2025-08-11,4,True,1
CNT02095,1,Reefer,2025-09-25,2025-10-16,2025-09-30,21,False,1
CNT02096,1,General,2025-08-06,2025-08-14,2025-08-11,8,False,1
CNT02097,1,Tank,2025-07-04,2025-07-07,2025-07-09,3,True,1
CNT02098,1,General,2025-08-11,2025-08-21,2025-08-16,10,False,1
CNT02099,1,Tank,2025-06-08,2025-06-11,2025-06-13,3,True,1
CNT02100,1,General,2025-04-22,2025-04-23,2025-04-27,1,True,1
CNT02101,1,Tank,2025-07-18,2025-07-20,2025-07-23,2,True,1
CNT02102,1,Tank,2025-04-21,2025-05-01,2025-04-26,10,False,1
CNT02103,1,Tank,2025-07-20,2025-07-23,2025-07-25,3,True,1
CNT02104,1,Reefer,2025-09-02,2025-09-05,2025-09-07,3,True,1
CNT02105,1,Reefer,2025-05-17,2025-05-24,2025-05-22,7,False,1
CNT02106,1,Hazardous,2025-08-18,2025-08-25,2025-08-23,7,False,1
CNT02107,1,General,2025-06-15,2025-06-16,2025-06-20,1,True,1
CNT02108,1,General,2025-06-22,2025-06-28,2025-06-27,6,False,1
CNT02109,1,General,2025-04-27,2025-04-30,2025-05-02,3,True,1
CNT02110,1,Reefer,2025-04-21,2025-04-26,2025-04-26,5,True,1
CNT02111,1,Tank,2025-06-23,2025-07-06,2025-06-28,13,False,1
CNT02112,1,Hazardous,2025-09-17,2025-09-21,2025-09-22,4,True,1
CNT02113,1,General,2025-06-15,2025-06-29,2025-06-20,14,False,1
CNT02114,1,Tank,2025-06-18,2025-06-20,2025-06-23,2,True,1
CNT02115,1,General,2025-07-24,2025-07-29,2025-07-29,5,True,1
CNT02116,1,Hazardous,2025-09-02,2025-09-04,2025-09-07,2,True,1
CNT02117,1,Tank,2025-07-19,2025-07-24,2025-07-24,5,True,1
CNT02118,1,Tank,2025-05-13,2025-05-15,2025-05-18,2,True,1
CNT02119,1,Hazardous,2025-09-24,2025-10-01,2025-09-29,7,False,1
CNT02120,1,General,2025-07-23,2025-07-26,2025-07-28,3,True,1
CNT02121,1,General,2025-06-29,2025-07-01,2025-07-04,2,True,1
CNT02122,1,General,2025-07-24,2025-07-30,2025-07-29,6,False,1
CNT02123,1,Reefer,2025-04-11,2025-04-15,2025-04-16,4,True,1
CNT02124,1,Tank,2025-06-30,2025-07-03,2025-07-05,3,True,1
CNT02125,1,Tank,2025-09-05,2025-09-09,2025-09-10,4,True,1
CNT02126,1,Hazardous,2025-07-21,2025-08-03,2025-07-26,13,False,1
CNT02127,1,General,2025-06-10,2025-06-12,2025-06-15,2,True,1
CNT02128,1,General,2025-09-11,2025-09-21,2025-09-16,10,False,1
CNT02129,1,Reefer,2025-04-15,2025-04-20,2025-04-20,5,True,1
CNT02130,1,General,2025-04-20,2025-04-29,2025-04-25,9,False,1
CNT02131,1,General,2025-09-19,2025-09-28,2025-09-24,9,False,1
CNT02132,1,Hazardous,2025-09-11,2025-09-21,2025-09-16,10,False,1
CNT02133,1,Hazardous,2025-07-13,2025-07-23,2025-07-18,10,False,1
CNT02134,1,General,2025-07-03,2025-07-06,2025-07-08,3,True,1
CNT02135,1,General,2025-08-10,2025-08-17,2025-08-15,7,False,1
CNT02136,1,Hazardous,2025-09-21,2025-09-30,2025-09-26,9,False,1
CNT02137,1,Tank,2025-05-11,2025-05-12,2025-05-16,1,True,1
CNT02138,1,General,2025-04-08,2025-04-11,2025-04-13,3,True,1
CNT02139,1,Reefer,2025-05-07,2025-05-11,2025-05-12,4,True,1
CNT02140,1,Tank,2025-09-03,2025-09-07,2025-09-08,4,True,1
CNT02141,1,Hazardous,2025-09-21,2025-09-28,2025-09-26,7,False,1
CNT02142,1,Tank,2025-07-22,2025-08-04,2025-07-27,13,False,1
CNT02143,1,Tank,2025-04-09,2025-05-01,2025-04-14,22,False,1
CNT02144,1,Reefer,2025-05-03,2025-05-16,2025-05-08,13,False,1
CNT02145,1,Tank,2025-04-18,2025-04-22,2025-04-23,4,True,1
CNT02146,1,General,2025-05-31,2025-06-11,2025-06-05,11,False,1
CNT02147,1,General,2025-09-13,2025-09-19,2025-09-18,6,False,1
CNT02148,1,Tank,2025-07-03,2025-07-06,2025-07-08,3,True,1
CNT02149,1,Hazardous,2025-07-02,2025-07-04,2025-07-07,2,True,1
CNT02150,1,General,2025-07-08,2025-07-11,2025-07-13,3,True,1
CNT02151,1,General,2025-08-24,2025-08-25,2025-08-29,1,True,1
CNT02152,1,Tank,2025-04-09,2025-04-13,2025-04-14,4,True,1
CNT02153,1,General,2025-09-02,2025-09-05,2025-09-07,3,True,1
CNT02154,1,Hazardous,2025-05-10,2025-05-20,2025-05-15,10,False,1
CNT02155,1,General,2025-09-21,2025-09-23,2025-09-26,2,True,1
CNT02156,1,Tank,2025-07-25,2025-08-02,2025-07-30,8,False,1
CNT02157,1,General,2025-07-04,2025-07-06,2025-07-09,2,True,1
CNT02158,1,Tank,2025-07-05,2025-07-19,2025-07-10,14,False,1
CNT02159,1,General,2025-07-23,2025-07-26,2025-07-28,3,True,1
CNT02160,1,General,2025-04-20,2025-04-27,2025-04-25,7,False,1
CNT02161,1,Tank,2025-08-25,2025-09-01,2025-08-30,7,False,1
CNT02162,1,Hazardous,2025-05-06,2025-05-09,2025-05-11,3,True,1
CNT02163,1,General,2025-08-14,2025-08-22,2025-08-19,8,False,1
CNT02164,1,Hazardous,2025-07-03,2025-07-06,2025-07-08,3,True,1
CNT02165,1,Tank,2025-07-11,2025-07-16,2025-07-16,5,True,1
CNT02166,1,Tank,2025-06-20,2025-06-22,2025-06-25,2,True,1
CNT02167,1,Reefer,2025-09-14,2025-10-01,2025-09-19,17,False,1
CNT02168,1,Hazardous,2025-06-11,2025-06-14,2025-06-16,3,True,1
CNT02169,1,General,2025-06-03,2025-06-16,2025-06-08,13,False,1
CNT02170,1,General,2025-04-30,2025-05-04,2025-05-05,4,True,1
CNT02171,1,Hazardous,2025-04-07,2025-04-08,2025-04-12,1,True,1
CNT02172,1,General,2025-05-18,2025-05-22,2025-05-23,4,True,1
CNT02173,1,Hazardous,2025-08-06,2025-08-09,2025-08-11,3,True,1
CNT02174,1,Reefer,2025-08-11,2025-08-23,2025-08-16,12,False,1
CNT02175,1,General,2025-07-09,2025-07-11,2025-07-14,2,True,1
CNT02176,1,Reefer,2025-08-22,2025-08-23,2025-08-27,1,True,1
CNT02177,1,Hazardous,2025-05-01,2025-05-04,2025-05-06,3,True,1
CNT02178,1,Hazardous,2025-06-07,2025-06-24,2025-06-12,17,False,1
CNT02179,1,General,2025-06-06,2025-06-14,2025-06-11,8,False,1
CNT02180,1,General,2025-09-28,2025-10-17,2025-10-03,19,False,1
CNT02181,1,General,2025-07-24,2025-08-02,2025-07-29,9,False,1
CNT02182,1,General,2025-05-25,2025-05-29,2025-05-30,4,True,1
CNT02183,1,General,2025-09-04,2025-09-06,2025-09-09,2,True,1
CNT02184,1,General,2025-06-13,2025-07-04,2025-06-18,21,False,1
CNT02185,1,Tank,2025-09-25,2025-10-04,2025-09-30,9,False,1
CNT02186,1,Reefer,2025-08-04,2025-08-13,2025-08-09,9,False,1
CNT02187,1,General,2025-05-22,2025-05-25,2025-05-27,3,True,1
CNT02188,1,Tank,2025-05-02,2025-05-17,2025-05-07,15,False,1
CNT02189,1,General,2025-05-05,2025-05-10,2025-05-10,5,True,1
CNT02190,1,Hazardous,2025-04-19,2025-04-28,2025-04-24,9,False,1
CNT02191,1,General,2025-07-25,2025-08-02,2025-07-30,8,False,1
CNT02192,1,General,2025-05-15,2025-05-20,2025-05-20,5,True,1
CNT02193,1,General,2025-07-23,2025-07-24,2025-07-28,1,True,1
CNT02194,1,Hazardous,2025-04-23,2025-04-28,2025-04-28,5,True,1
CNT02195,1,General,2025-09-22,2025-10-04,2025-09-27,12,False,1
CNT02196,1,Hazardous,2025-06-21,2025-06-24,2025-06-26,3,True,1
CNT02197,1,Tank,2025-09-18,2025-09-20,2025-09-23,2,True,1
CNT02198,1,Tank,2025-06-28,2025-07-01,2025-07-03,3,True,1
CNT02199,1,General,2025-04-17,2025-04-25,2025-04-22,8,False,1
CNT02200,1,Tank,2025-08-19,2025-08-20,2025-08-24,1,True,1
CNT02201,1,General,2025-08-17,2025-08-26,2025-08-22,9,False,1
CNT02202,1,Tank,2025-06-14,2025-06-24,2025-06-19,10,False,1
CNT02203,1,General,2025-06-16,2025-06-18,2025-06-21,2,True,1
CNT02204,1,Tank,2025-05-11,2025-05-16,2025-05-16,5,True,1
CNT02205,1,General,2025-09-27,2025-09-30,2025-10-02,3,True,1
CNT02206,1,General,2025-09-11,2025-09-22,2025-09-16,11,False,1
CNT02207,1,General,2025-05-15,2025-05-25,2025-05-20,10,False,1
CNT02208,1,General,2025-07-02,2025-07-06,2025-07-07,4,True,1
CNT02209,1,Tank,2025-08-09,2025-08-19,2025-08-14,10,False,1
CNT02210,1,Tank,2025-05-28,2025-06-04,2025-06-02,7,False,1
CNT02211,1,Tank,2025-05-02,2025-05-04,2025-05-07,2,True,1
CNT02212,1,General,2025-05-22,2025-05-27,2025-05-27,5,True,1
CNT02213,1,Reefer,2025-05-06,2025-05-10,2025-05-11,4,True,1
CNT02214,1,General,2025-05-31,2025-06-03,2025-06-05,3,True,1
CNT02215,1,Hazardous,2025-08-05,2025-08-09,2025-08-10,4,True,1
CNT02216,1,Tank,2025-04-07,2025-04-12,2025-04-12,5,True,1
CNT02217,1,General,2025-07-02,2025-07-05,2025-07-07,3,True,1
CNT02218,1,Reefer,2025-08-20,2025-08-24,2025-08-25,4,True,1
CNT02219,1,Tank,2025-08-25,2025-09-09,2025-08-30,15,False,1
CNT02220,1,Tank,2025-07-04,2025-07-07,2025-07-09,3,True,1
CNT02221,1,General,2025-07-29,2025-08-12,2025-08-03,14,False,1
CNT02222,1,Tank,2025-08-20,2025-08-30,2025-08-25,10,False,1
CNT02223,1,General,2025-05-04,2025-05-08,2025-05-09,4,True,1
CNT02224,1,Reefer,2025-09-04,2025-09-12,2025-09-09,8,False,1
CNT02225,1,General,2025-04-23,2025-04-27,2025-04-28,4,True,1
CNT02226,1,Reefer,2025-04-17,2025-04-23,2025-04-22,6,False,1
CNT02227,1,Hazardous,2025-06-19,2025-06-22,2025-06-24,3,True,1
CNT02228,1,General,2025-07-11,2025-07-19,2025-07-16,8,False,1
CNT02229,1,General,2025-08-01,2025-08-05,2025-08-06,4,True,1
CNT02230,1,Hazardous,2025-08-13,2025-08-19,2025-08-18,6,False,1
CNT02231,1,General,2025-07-15,2025-07-19,2025-07-20,4,True,1
CNT02232,1,General,2025-07-14,2025-08-08,2025-07-19,25,False,1
CNT02233,1,Tank,2025-08-26,2025-09-24,2025-08-31,29,False,1
CNT02234,1,General,2025-04-19,2025-04-22,2025-04-24,3,True,1
CNT02235,1,General,2025-05-03,2025-05-05,2025-05-08,2,True,1
CNT02236,1,General,2025-06-21,2025-07-04,2025-06-26,13,False,1
CNT02237,1,General,2025-09-12,2025-09-14,2025-09-17,2,True,1
CNT02238,1,Reefer,2025-04-19,2025-04-22,2025-04-24,3,True,1
CNT02239,1,General,2025-07-25,2025-08-02,2025-07-30,8,False,1
CNT02240,1,General,2025-07-29,2025-07-31,2025-08-03,2,True,1
CNT02241,1,General,2025-09-22,2025-09-27,2025-09-27,5,True,1
CNT02242,1,General,2025-08-11,2025-08-14,2025-08-16,3,True,1
CNT02243,1,Reefer,2025-06-28,2025-07-01,2025-07-03,3,True,1
CNT02244,1,Hazardous,2025-05-03,2025-05-10,2025-05-08,7,False,1
CNT02245,1,Reefer,2025-08-20,2025-08-30,2025-08-25,10,False,1
CNT02246,1,General,2025-09-11,2025-09-21,2025-09-16,10,False,1
CNT02247,1,General,2025-08-29,2025-09-13,2025-09-03,15,False,1
CNT02248,1,General,2025-05-17,2025-05-20,2025-05-22,3,True,1
CNT02249,1,Tank,2025-05-04,2025-05-10,2025-05-09,6,False,1
CNT02250,1,Reefer,2025-07-20,2025-07-26,2025-07-25,6,False,1
CNT02251,1,General,2025-08-07,2025-08-08,2025-08-12,1,True,1
CNT02252,1,General,2025-04-15,2025-04-16,2025-04-20,1,True,1
CNT02253,1,Hazardous,2025-05-02,2025-05-03,2025-05-07,1,True,1
CNT02254,1,Reefer,2025-08-11,2025-08-18,2025-08-16,7,False,1
CNT02255,1,General,2025-05-10,2025-05-17,2025-05-15,7,False,1
CNT02256,1,Hazardous,2025-06-17,2025-06-19,2025-06-22,2,True,1
CNT02257,1,General,2025-05-13,2025-05-21,2025-05-18,8,False,1
CNT02258,1,Reefer,2025-05-12,2025-05-14,2025-05-17,2,True,1
CNT02259,1,General,2025-06-22,2025-06-29,2025-06-27,7,False,1
CNT02260,1,General,2025-05-28,2025-06-02,2025-06-02,5,True,1
CNT02261,1,General,2025-06-28,2025-06-29,2025-07-03,1,True,1
CNT02262,1,Reefer,2025-08-11,2025-08-14,2025-08-16,3,True,1
CNT02263,1,Reefer,2025-06-12,2025-06-17,2025-06-17,5,True,1
CNT02264,1,General,2025-04-21,2025-04-24,2025-04-26,3,True,1
CNT02265,1,Reefer,2025-06-04,2025-06-06,2025-06-09,2,True,1
CNT02266,1,General,2025-05-21,2025-06-01,2025-05-26,11,False,1
CNT02267,1,General,2025-09-10,2025-09-12,2025-09-15,2,True,1
CNT02268,1,Tank,2025-08-20,2025-08-24,2025-08-25,4,True,1
CNT02269,1,Hazardous,2025-06-10,2025-06-11,2025-06-15,1,True,1
CNT02270,1,General,2025-05-03,2025-05-11,2025-05-08,8,False,1
CNT02271,1,General,2025-09-08,2025-09-20,2025-09-13,12,False,1
CNT02272,1,General,2025-06-17,2025-06-21,2025-06-22,4,True,1
CNT02273,1,General,2025-09-05,2025-09-14,2025-09-10,9,False,1
CNT02274,1,Reefer,2025-08-15,2025-08-20,2025-08-20,5,True,1
CNT02275,1,Hazardous,2025-04-24,2025-05-08,2025-04-29,14,False,1
CNT02276,1,General,2025-08-07,2025-08-10,2025-08-12,3,True,1
CNT02277,1,General,2025-09-12,2025-09-24,2025-09-17,12,False,1
CNT02278,1,General,2025-05-14,2025-05-24,2025-05-19,10,False,1
CNT02279,1,Hazardous,2025-08-30,2025-09-09,2025-09-04,10,False,1
CNT02280,1,Tank,2025-08-27,2025-09-11,2025-09-01,15,False,1
CNT02281,1,Tank,2025-05-10,2025-05-14,2025-05-15,4,True,1
CNT02282,1,Tank,2025-05-14,2025-05-18,2025-05-19,4,True,1
CNT02283,1,General,2025-09-16,2025-09-18,2025-09-21,2,True,1
CNT02284,1,General,2025-09-07,2025-09-15,2025-09-12,8,False,1
CNT02285,1,Tank,2025-09-02,2025-09-06,2025-09-07,4,True,1
CNT02286,1,General,2025-06-26,2025-07-01,2025-07-01,5,True,1
CNT02287,1,General,2025-08-23,2025-08-27,2025-08-28,4,True,1
CNT02288,1,General,2025-04-11,2025-04-13,2025-04-16,2,True,1
CNT02289,1,Tank,2025-04-08,2025-04-10,2025-04-13,2,True,1
CNT02290,1,General,2025-04-21,2025-04-28,2025-04-26,7,False,1
CNT02291,1,General,2025-04-12,2025-04-18,2025-04-17,6,False,1
CNT02292,1,General,2025-09-12,2025-09-18,2025-09-17,6,False,1
CNT02293,1,Reefer,2025-08-26,2025-08-31,2025-08-31,5,True,1
CNT02294,1,Reefer,2025-06-07,2025-06-10,2025-06-12,3,True,1
CNT02295,1,General,2025-09-14,2025-09-25,2025-09-19,11,False,1
CNT02296,1,General,2025-05-24,2025-06-06,2025-05-29,13,False,1
CNT02297,1,General,2025-08-25,2025-08-30,2025-08-30,5,True,1
CNT02298,1,General,2025-07-16,2025-08-01,2025-07-21,16,False,1
CNT02299,1,Hazardous,2025-09-06,2025-09-09,2025-09-11,3,True,1
CNT02300,1,General,2025-09-11,2025-09-24,2025-09-16,13,False,1
CNT02301,1,Hazardous,2025-04-08,2025-05-02,2025-04-13,24,False,1
CNT02302,1,Hazardous,2025-08-06,2025-08-07,2025-08-11,1,True,1
CNT02303,1,General,2025-09-08,2025-09-13,2025-09-13,5,True,1
CNT02304,1,Hazardous,2025-08-18,2025-08-27,2025-08-23,9,False,1
CNT02305,1,General,2025-06-14,2025-06-17,2025-06-19,3,True,1
CNT02306,1,Hazardous,2025-09-12,2025-09-14,2025-09-17,2,True,1
CNT02307,1,Tank,2025-06-17,2025-06-19,2025-06-22,2,True,1
CNT02308,1,Tank,2025-08-02,2025-08-09,2025-08-07,7,False,1
CNT02309,1,Reefer,2025-06-02,2025-06-09,2025-06-07,7,False,1
CNT02310,1,Tank,2025-09-23,2025-09-28,2025-09-28,5,True,1
CNT02311,1,General,2025-07-13,2025-07-24,2025-07-18,11,False,1
CNT02312,1,Hazardous,2025-06-16,2025-06-18,2025-06-21,2,True,1
CNT02313,1,Tank,2025-07-26,2025-08-02,2025-07-31,7,False,1
CNT02314,1,General,2025-04-19,2025-04-27,2025-04-24,8,False,1
CNT02315,1,General,2025-09-24,2025-09-27,2025-09-29,3,True,1
CNT02316,1,General,2025-04-16,2025-04-25,2025-04-21,9,False,1
CNT02317,1,Reefer,2025-05-11,2025-05-17,2025-05-16,6,False,1
CNT02318,1,General,2025-07-22,2025-07-25,2025-07-27,3,True,1
CNT02319,1,Hazardous,2025-07-16,2025-07-28,2025-07-21,12,False,1
CNT02320,1,Tank,2025-08-02,2025-08-06,2025-08-07,4,True,1
CNT02321,1,General,2025-07-28,2025-07-29,2025-08-02,1,True,1
CNT02322,1,Tank,2025-05-23,2025-05-25,2025-05-28,2,True,1
CNT02323,1,Hazardous,2025-06-27,2025-07-02,2025-07-02,5,True,1
CNT02324,1,General,2025-09-03,2025-09-14,2025-09-08,11,False,1
CNT02325,1,General,2025-05-07,2025-05-14,2025-05-12,7,False,1
CNT02326,1,General,2025-06-20,2025-06-22,2025-06-25,2,True,1
CNT02327,1,General,2025-06-21,2025-07-01,2025-06-26,10,False,1
CNT02328,1,General,2025-06-28,2025-07-01,2025-07-03,3,True,1
CNT02329,1,General,2025-07-12,2025-07-19,2025-07-17,7,False,1
CNT02330,1,Hazardous,2025-05-04,2025-05-20,2025-05-09,16,False,1
CNT02331,1,Tank,2025-07-04,2025-07-06,2025-07-09,2,True,1
CNT02332,1,Hazardous,2025-08-10,2025-08-14,2025-08-15,4,True,1
CNT02333,1,Tank,2025-08-22,2025-09-05,2025-08-27,14,False,1
CNT02334,1,General,2025-04-28,2025-05-07,2025-05-03,9,False,1
CNT02335,1,General,2025-06-21,2025-06-25,2025-06-26,4,True,1
CNT02336,1,Hazardous,2025-06-01,2025-06-08,2025-06-06,7,False,1
CNT02337,1,General,2025-07-29,2025-08-03,2025-08-03,5,True,1
CNT02338,1,Reefer,2025-05-02,2025-05-04,2025-05-07,2,True,1
CNT02339,1,General,2025-06-08,2025-06-13,2025-06-13,5,True,1
CNT02340,1,General,2025-07-25,2025-08-04,2025-07-30,10,False,1
CNT02341,1,Hazardous,2025-06-03,2025-06-06,2025-06-08,3,True,1
CNT02342,1,General,2025-05-07,2025-05-08,2025-05-12,1,True,1
CNT02343,1,General,2025-04-25,2025-05-18,2025-04-30,23,False,1
CNT02344,1,General,2025-04-13,2025-04-18,2025-04-18,5,True,1
CNT02345,1,Reefer,2025-06-14,2025-06-21,2025-06-19,7,False,1
CNT02346,1,General,2025-07-08,2025-07-28,2025-07-13,20,False,1
CNT02347,1,Tank,2025-09-05,2025-09-13,2025-09-10,8,False,1
CNT02348,1,General,2025-07-17,2025-07-25,2025-07-22,8,False,1
CNT02349,1,General,2025-06-03,2025-06-08,2025-06-08,5,True,1
CNT02350,1,Tank,2025-05-11,2025-05-14,2025-05-16,3,True,1
CNT02351,1,General,2025-06-23,2025-07-02,2025-06-28,9,False,1
CNT02352,1,General,2025-08-26,2025-09-01,2025-08-31,6,False,1
CNT02353,1,General,2025-06-20,2025-06-23,2025-06-25,3,True,1
CNT02354,1,Tank,2025-05-19,2025-05-25,2025-05-24,6,False,1
CNT02355,1,Reefer,2025-05-11,2025-05-18,2025-05-16,7,False,1
CNT02356,1,General,2025-08-06,2025-08-08,2025-08-11,2,True,1
CNT02357,1,Tank,2025-08-10,2025-08-13,2025-08-15,3,True,1
CNT02358,1,Hazardous,2025-07-29,2025-08-03,2025-08-03,5,True,1
CNT02359,1,Reefer,2025-08-06,2025-08-09,2025-08-11,3,True,1
CNT02360,1,Reefer,2025-06-18,2025-06-26,2025-06-23,8,False,1
CNT02361,1,General,2025-08-06,2025-08-11,2025-08-11,5,True,1
CNT02362,1,Reefer,2025-04-06,2025-04-15,2025-04-11,9,False,1
CNT02363,1,General,2025-04-24,2025-05-06,2025-04-29,12,False,1
CNT02364,1,Hazardous,2025-07-10,2025-07-17,2025-07-15,7,False,1
CNT02365,1,General,2025-08-08,2025-08-12,2025-08-13,4,True,1
CNT02366,1,Tank,2025-07-27,2025-08-08,2025-08-01,12,False,1
CNT02367,1,Tank,2025-06-01,2025-06-02,2025-06-06,1,True,1
CNT02368,1,General,2025-05-26,2025-05-31,2025-05-31,5,True,1
CNT02369,1,Hazardous,2025-08-28,2025-09-23,2025-09-02,26,False,1
CNT02370,1,Reefer,2025-06-30,2025-07-05,2025-07-05,5,True,1
CNT02371,1,Hazardous,2025-04-13,2025-04-17,2025-04-18,4,True,1
CNT02372,1,Hazardous,2025-04-13,2025-04-18,2025-04-18,5,True,1
CNT02373,1,Tank,2025-06-12,2025-06-14,2025-06-17,2,True,1
CNT02374,1,Tank,2025-08-05,2025-08-07,2025-08-10,2,True,1
CNT02375,1,Tank,2025-08-31,2025-09-09,2025-09-05,9,False,1
CNT02376,1,Reefer,2025-09-15,2025-09-20,2025-09-20,5,True,1
CNT02377,1,General,2025-09-20,2025-09-22,2025-09-25,2,True,1
CNT02378,1,Hazardous,2025-07-30,2025-08-04,2025-08-04,5,True,1
CNT02379,1,General,2025-06-13,2025-06-21,2025-06-18,8,False,1
CNT02380,1,Tank,2025-08-16,2025-08-20,2025-08-21,4,True,1
CNT02381,1,Tank,2025-04-03,2025-04-06,2025-04-08,3,True,1
CNT02382,1,Reefer,2025-04-28,2025-05-02,2025-05-03,4,True,1
CNT02383,1,General,2025-07-20,2025-07-23,2025-07-25,3,True,1
CNT02384,1,General,2025-05-05,2025-05-07,2025-05-10,2,True,1
CNT02385,1,General,2025-06-07,2025-06-14,2025-06-12,7,False,1
CNT02386,1,General,2025-07-03,2025-07-08,2025-07-08,5,True,1
CNT02387,1,Hazardous,2025-07-13,2025-07-16,2025-07-18,3,True,1
CNT02388,1,Tank,2025-07-03,2025-07-14,2025-07-08,11,False,1
CNT02389,1,General,2025-04-12,2025-05-02,2025-04-17,20,False,1
CNT02390,1,General,2025-07-12,2025-08-20,2025-07-17,39,False,1
CNT02391,1,Tank,2025-04-14,2025-04-17,2025-04-19,3,True,1
CNT02392,1,Hazardous,2025-08-24,2025-08-28,2025-08-29,4,True,1
CNT02393,1,Tank,2025-08-22,2025-08-26,2025-08-27,4,True,1
CNT02394,1,General,2025-05-20,2025-05-22,2025-05-25,2,True,1
CNT02395,1,Tank,2025-07-02,2025-07-04,2025-07-07,2,True,1
CNT02396,1,Tank,2025-08-20,2025-08-24,2025-08-25,4,True,1
CNT02397,1,Tank,2025-06-13,2025-06-17,2025-06-18,4,True,1
CNT02398,1,Hazardous,2025-04-19,2025-04-25,2025-04-24,6,False,1
CNT02399,1,General,2025-07-08,2025-07-14,2025-07-13,6,False,1
CNT02400,1,General,2025-08-08,2025-08-09,2025-08-13,1,True,1
CNT02401,1,Tank,2025-07-25,2025-08-10,2025-07-30,16,False,1
CNT02402,1,Reefer,2025-08-19,2025-08-26,2025-08-24,7,False,1
CNT02403,1,General,2025-06-11,2025-06-15,2025-06-16,4,True,1
CNT02404,1,Hazardous,2025-09-07,2025-09-12,2025-09-12,5,True,1
CNT02405,1,Hazardous,2025-09-22,2025-09-25,2025-09-27,3,True,1
CNT02406,1,Tank,2025-09-04,2025-09-12,2025-09-09,8,False,1
CNT02407,1,Tank,2025-05-01,2025-05-03,2025-05-06,2,True,1
CNT02408,1,Tank,2025-05-03,2025-05-07,2025-05-08,4,True,1
CNT02409,1,Reefer,2025-04-25,2025-04-30,2025-04-30,5,True,1
CNT02410,1,Hazardous,2025-07-10,2025-07-15,2025-07-15,5,True,1
CNT02411,1,Hazardous,2025-07-05,2025-07-10,2025-07-10,5,True,1
CNT02412,1,Tank,2025-06-26,2025-06-29,2025-07-01,3,True,1
CNT02413,1,General,2025-08-21,2025-08-25,2025-08-26,4,True,1
CNT02414,1,General,2025-07-03,2025-07-06,2025-07-08,3,True,1
CNT02415,1,Reefer,2025-05-07,2025-05-17,2025-05-12,10,False,1
CNT02416,1,Hazardous,2025-05-21,2025-05-26,2025-05-26,5,True,1
CNT02417,1,Reefer,2025-09-02,2025-09-04,2025-09-07,2,True,1
CNT02418,1,General,2025-08-09,2025-08-13,2025-08-14,4,True,1
CNT02419,1,Hazardous,2025-07-12,2025-07-15,2025-07-17,3,True,1
CNT02420,1,General,2025-08-07,2025-08-13,2025-08-12,6,False,1
CNT02421,1,Hazardous,2025-04-11,2025-04-13,2025-04-16,2,True,1
CNT02422,1,Tank,2025-04-12,2025-04-22,2025-04-17,10,False,1
CNT02423,1,Hazardous,2025-04-10,2025-04-14,2025-04-15,4,True,1
CNT02424,1,General,2025-05-06,2025-05-11,2025-05-11,5,True,1
CNT02425,1,Hazardous,2025-06-25,2025-06-29,2025-06-30,4,True,1
CNT02426,1,General,2025-07-31,2025-08-02,2025-08-05,2,True,1
CNT02427,1,Reefer,2025-08-11,2025-08-17,2025-08-16,6,False,1
CNT02428,1,General,2025-07-26,2025-08-01,2025-07-31,6,False,1
CNT02429,1,Reefer,2025-05-09,2025-05-13,2025-05-14,4,True,1
CNT02430,1,Tank,2025-09-03,2025-09-09,2025-09-08,6,False,1
CNT02431,1,Tank,2025-08-10,2025-08-14,2025-08-15,4,True,1
CNT02432,1,Hazardous,2025-05-06,2025-05-28,2025-05-11,22,False,1
CNT02433,1,Reefer,2025-06-23,2025-06-26,2025-06-28,3,True,1
CNT02434,1,Reefer,2025-09-04,2025-09-08,2025-09-09,4,True,1
CNT02435,1,Reefer,2025-06-21,2025-07-01,2025-06-26,10,False,1
CNT02436,1,General,2025-05-12,2025-05-16,2025-05-17,4,True,1
CNT02437,1,Reefer,2025-07-10,2025-07-18,2025-07-15,8,False,1
CNT02438,1,Hazardous,2025-09-05,2025-09-11,2025-09-10,6,False,1
CNT02439,1,Hazardous,2025-06-16,2025-06-25,2025-06-21,9,False,1
CNT02440,1,Tank,2025-08-30,2025-09-06,2025-09-04,7,False,1
CNT02441,1,Reefer,2025-06-26,2025-06-28,2025-07-01,2,True,1
CNT02442,1,Tank,2025-08-08,2025-08-18,2025-08-13,10,False,1
CNT02443,1,General,2025-08-09,2025-08-12,2025-08-14,3,True,1
CNT02444,1,Tank,2025-08-15,2025-08-17,2025-08-20,2,True,1
CNT02445,1,General,2025-08-04,2025-08-07,2025-08-09,3,True,1
CNT02446,1,General,2025-08-23,2025-08-27,2025-08-28,4,True,1
CNT02447,1,General,2025-06-16,2025-06-18,2025-06-21,2,True,1
CNT02448,1,Hazardous,2025-07-31,2025-08-03,2025-08-05,3,True,1
CNT02449,1,Hazardous,2025-04-05,2025-04-13,2025-04-10,8,False,1
CNT02450,1,General,2025-07-04,2025-07-07,2025-07-09,3,True,1
CNT02451,1,General,2025-06-24,2025-07-03,2025-06-29,9,False,1
CNT02452,1,Hazardous,2025-09-20,2025-09-25,2025-09-25,5,True,1
CNT02453,1,Hazardous,2025-04-29,2025-05-08,2025-05-04,9,False,1
CNT02454,1,Tank,2025-07-16,2025-07-25,2025-07-21,9,False,1
CNT02455,1,Tank,2025-08-28,2025-09-16,2025-09-02,19,False,1
CNT02456,1,General,2025-06-18,2025-07-23,2025-06-23,35,False,1
CNT02457,1,General,2025-09-24,2025-09-27,2025-09-29,3,True,1
CNT02458,1,Tank,2025-09-09,2025-09-22,2025-09-14,13,False,1
CNT02459,1,General,2025-04-07,2025-04-10,2025-04-12,3,True,1
CNT02460,1,Reefer,2025-08-31,2025-09-06,2025-09-05,6,False,1
CNT02461,1,Tank,2025-07-31,2025-08-06,2025-08-05,6,False,1
CNT02462,1,Reefer,2025-06-07,2025-06-12,2025-06-12,5,True,1
CNT02463,1,General,2025-09-15,2025-09-19,2025-09-20,4,True,1
CNT02464,1,Hazardous,2025-08-27,2025-09-03,2025-09-01,7,False,1
CNT02465,1,General,2025-08-26,2025-08-29,2025-08-31,3,True,1
CNT02466,1,General,2025-05-29,2025-06-02,2025-06-03,4,True,1
CNT02467,1,General,2025-04-14,2025-04-23,2025-04-19,9,False,1
CNT02468,1,General,2025-08-28,2025-09-03,2025-09-02,6,False,1
CNT02469,1,Hazardous,2025-08-01,2025-08-17,2025-08-06,16,False,1
CNT02470,1,Tank,2025-05-14,2025-05-20,2025-05-19,6,False,1
CNT02471,1,Tank,2025-08-13,2025-08-15,2025-08-18,2,True,1
CNT02472,1,Hazardous,2025-09-09,2025-09-14,2025-09-14,5,True,1
CNT02473,1,General,2025-09-06,2025-09-15,2025-09-11,9,False,1
CNT02474,1,General,2025-07-07,2025-07-08,2025-07-12,1,True,1
CNT02475,1,General,2025-05-08,2025-05-15,2025-05-13,7,False,1
CNT02476,1,General,2025-09-22,2025-09-27,2025-09-27,5,True,1
CNT02477,1,Hazardous,2025-06-02,2025-06-16,2025-06-07,14,False,1
CNT02478,1,General,2025-04-09,2025-04-16,2025-04-14,7,False,1
CNT02479,1,General,2025-08-25,2025-09-01,2025-08-30,7,False,1
CNT02480,1,General,2025-09-27,2025-10-06,2025-10-02,9,False,1
CNT02481,1,General,2025-04-29,2025-05-04,2025-05-04,5,True,1
CNT02482,1,Tank,2025-05-19,2025-05-24,2025-05-24,5,True,1
CNT02483,1,General,2025-04-05,2025-04-07,2025-04-10,2,True,1
CNT02484,1,Reefer,2025-07-22,2025-07-25,2025-07-27,3,True,1
CNT02485,1,Tank,2025-06-20,2025-06-25,2025-06-25,5,True,1
CNT02486,1,Tank,2025-07-17,2025-07-22,2025-07-22,5,True,1
CNT02487,1,General,2025-05-09,2025-05-15,2025-05-14,6,False,1
CNT02488,1,General,2025-07-15,2025-07-16,2025-07-20,1,True,1
CNT02489,1,General,2025-09-24,2025-09-26,2025-09-29,2,True,1
CNT02490,1,Tank,2025-05-23,2025-05-29,2025-05-28,6,False,1
CNT02491,1,General,2025-07-15,2025-07-21,2025-07-20,6,False,1
CNT02492,1,General,2025-08-07,2025-08-12,2025-08-12,5,True,1
CNT02493,1,Tank,2025-09-04,2025-09-09,2025-09-09,5,True,1
CNT02494,1,General,2025-07-30,2025-08-10,2025-08-04,11,False,1
CNT02495,1,General,2025-04-16,2025-04-25,2025-04-21,9,False,1
CNT02496,1,Tank,2025-09-28,2025-09-29,2025-10-03,1,True,1
CNT02497,1,Reefer,2025-05-06,2025-05-21,2025-05-11,15,False,1
CNT02498,1,Reefer,2025-08-11,2025-08-16,2025-08-16,5,True,1
CNT02499,1,Tank,2025-05-24,2025-06-01,2025-05-29,8,False,1
CNT02500,1,Hazardous,2025-08-22,2025-08-28,2025-08-27,6,False,1
CNT02501,1,General,2025-06-23,2025-06-27,2025-06-28,4,True,1
CNT02502,1,Reefer,2025-09-17,2025-10-01,2025-09-22,14,False,1
CNT02503,1,Reefer,2025-08-01,2025-08-06,2025-08-06,5,True,1
CNT02504,1,Reefer,2025-08-13,2025-08-16,2025-08-18,3,True,1
CNT02505,1,General,2025-07-06,2025-07-10,2025-07-11,4,True,1
CNT02506,1,General,2025-06-20,2025-06-21,2025-06-25,1,True,1
CNT02507,1,General,2025-05-15,2025-05-20,2025-05-20,5,True,1
CNT02508,1,Hazardous,2025-07-27,2025-07-30,2025-08-01,3,True,1
CNT02509,1,Reefer,2025-08-15,2025-08-25,2025-08-20,10,False,1
CNT02510,1,Reefer,2025-06-27,2025-06-30,2025-07-02,3,True,1
CNT02511,1,General,2025-08-18,2025-08-22,2025-08-23,4,True,1
CNT02512,1,Reefer,2025-06-30,2025-07-03,2025-07-05,3,True,1
CNT02513,1,Tank,2025-09-21,2025-09-26,2025-09-26,5,True,1
CNT02514,1,General,2025-09-22,2025-09-28,2025-09-27,6,False,1
CNT02515,1,Hazardous,2025-09-12,2025-09-16,2025-09-17,4,True,1
CNT02516,1,General,2025-09-25,2025-09-29,2025-09-30,4,True,1
CNT02517,1,General,2025-06-07,2025-06-10,2025-06-12,3,True,1
CNT02518,1,Tank,2025-09-04,2025-09-07,2025-09-09,3,True,1
CNT02519,1,Hazardous,2025-08-02,2025-08-06,2025-08-07,4,True,1
CNT02520,1,Hazardous,2025-05-20,2025-05-26,2025-05-25,6,False,1
CNT02521,1,Hazardous,2025-06-03,2025-06-07,2025-06-08,4,True,1
CNT02522,1,General,2025-06-11,2025-06-15,2025-06-16,4,True,1
CNT02523,1,General,2025-08-21,2025-08-24,2025-08-26,3,True,1
CNT02524,1,Tank,2025-06-16,2025-06-25,2025-06-21,9,False,1
CNT02525,1,General,2025-05-28,2025-05-30,2025-06-02,2,True,1
CNT02526,1,General,2025-06-16,2025-06-19,2025-06-21,3,True,1
CNT02527,1,General,2025-06-13,2025-06-16,2025-06-18,3,True,1
CNT02528,1,Tank,2025-09-28,2025-09-30,2025-10-03,2,True,1
CNT02529,1,General,2025-05-24,2025-05-28,2025-05-29,4,True,1
CNT02530,1,Reefer,2025-09-24,2025-10-06,2025-09-29,12,False,1
CNT02531,1,Tank,2025-09-28,2025-10-04,2025-10-03,6,False,1
CNT02532,1,Hazardous,2025-08-04,2025-08-05,2025-08-09,1,True,1
CNT02533,1,Reefer,2025-06-21,2025-07-01,2025-06-26,10,False,1
CNT02534,1,General,2025-08-01,2025-08-04,2025-08-06,3,True,1
CNT02535,1,Tank,2025-06-29,2025-07-15,2025-07-04,16,False,1
CNT02536,1,Reefer,2025-08-22,2025-08-25,2025-08-27,3,True,1
CNT02537,1,Hazardous,2025-06-10,2025-06-20,2025-06-15,10,False,1
CNT02538,1,Reefer,2025-06-13,2025-06-17,2025-06-18,4,True,1
CNT02539,1,Reefer,2025-05-02,2025-05-07,2025-05-07,5,True,1
CNT02540,1,Reefer,2025-08-25,2025-08-28,2025-08-30,3,True,1
CNT02541,1,General,2025-09-21,2025-09-27,2025-09-26,6,False,1
CNT02542,1,General,2025-08-18,2025-08-19,2025-08-23,1,True,1
CNT02543,1,General,2025-07-07,2025-07-09,2025-07-12,2,True,1
CNT02544,1,Reefer,2025-07-11,2025-07-13,2025-07-16,2,True,1
CNT02545,1,Tank,2025-06-28,2025-07-03,2025-07-03,5,True,1
CNT02546,1,General,2025-05-08,2025-05-16,2025-05-13,8,False,1
CNT02547,1,Tank,2025-06-14,2025-06-18,2025-06-19,4,True,1
CNT02548,1,Reefer,2025-04-11,2025-04-13,2025-04-16,2,True,1
CNT02549,1,Reefer,2025-06-13,2025-06-20,2025-06-18,7,False,1
CNT02550,1,Tank,2025-04-21,2025-05-01,2025-04-26,10,False,1
CNT02551,1,Hazardous,2025-06-28,2025-07-03,2025-07-03,5,True,1
CNT02552,1,Tank,2025-07-23,2025-07-24,2025-07-28,1,True,1
CNT02553,1,Tank,2025-09-15,2025-09-19,2025-09-20,4,True,1
CNT02554,1,Tank,2025-06-05,2025-06-14,2025-06-10,9,False,1
CNT02555,1,Hazardous,2025-08-01,2025-08-12,2025-08-06,11,False,1
CNT02556,1,Tank,2025-05-25,2025-05-28,2025-05-30,3,True,1
CNT02557,1,General,2025-05-22,2025-05-30,2025-05-27,8,False,1
CNT02558,1,General,2025-08-16,2025-09-02,2025-08-21,17,False,1
CNT02559,1,General,2025-06-09,2025-06-13,2025-06-14,4,True,1
CNT02560,1,Tank,2025-08-22,2025-08-29,2025-08-27,7,False,1
CNT02561,1,Tank,2025-09-26,2025-10-04,2025-10-01,8,False,1
CNT02562,1,Hazardous,2025-06-09,2025-06-12,2025-06-14,3,True,1
CNT02563,1,Tank,2025-05-06,2025-05-08,2025-05-11,2,True,1
CNT02564,1,General,2025-04-28,2025-04-29,2025-05-03,1,True,1
CNT02565,1,Tank,2025-09-05,2025-09-07,2025-09-10,2,True,1
CNT02566,1,Reefer,2025-08-29,2025-09-04,2025-09-03,6,False,1
CNT02567,1,Tank,2025-06-01,2025-06-07,2025-06-06,6,False,1
CNT02568,1,Hazardous,2025-06-02,2025-06-10,2025-06-07,8,False,1
CNT02569,1,Hazardous,2025-04-13,2025-04-16,2025-04-18,3,True,1
CNT02570,1,General,2025-09-19,2025-10-07,2025-09-24,18,False,1
CNT02571,1,General,2025-08-14,2025-08-19,2025-08-19,5,True,1
CNT02572,1,Reefer,2025-05-28,2025-05-31,2025-06-02,3,True,1
CNT02573,1,General,2025-09-11,2025-09-19,2025-09-16,8,False,1
CNT02574,1,Reefer,2025-05-30,2025-06-12,2025-06-04,13,False,1
CNT02575,1,Hazardous,2025-04-14,2025-04-22,2025-04-19,8,False,1
CNT02576,1,Reefer,2025-04-26,2025-04-29,2025-05-01,3,True,1
CNT02577,1,General,2025-07-15,2025-07-20,2025-07-20,5,True,1
CNT02578,1,General,2025-06-24,2025-06-28,2025-06-29,4,True,1
CNT02579,1,Reefer,2025-07-30,2025-08-07,2025-08-04,8,False,1
CNT02580,1,General,2025-04-26,2025-05-01,2025-05-01,5,True,1
CNT02581,1,Reefer,2025-09-22,2025-09-29,2025-09-27,7,False,1
CNT02582,1,General,2025-05-06,2025-05-20,2025-05-11,14,False,1
CNT02583,1,Hazardous,2025-04-02,2025-04-06,2025-04-07,4,True,1
CNT02584,1,Hazardous,2025-08-19,2025-08-22,2025-08-24,3,True,1
CNT02585,1,Tank,2025-05-11,2025-05-29,2025-05-16,18,False,1
CNT02586,1,Tank,2025-07-14,2025-07-22,2025-07-19,8,False,1
CNT02587,1,General,2025-09-15,2025-09-18,2025-09-20,3,True,1
CNT02588,1,General,2025-07-31,2025-08-05,2025-08-05,5,True,1
CNT02589,1,General,2025-08-01,2025-08-09,2025-08-06,8,False,1
CNT02590,1,General,2025-09-14,2025-09-19,2025-09-19,5,True,1
CNT02591,1,Reefer,2025-05-22,2025-06-06,2025-05-27,15,False,1
CNT02592,1,General,2025-06-13,2025-06-25,2025-06-18,12,False,1
CNT02593,1,Tank,2025-06-22,2025-06-28,2025-06-27,6,False,1
CNT02594,1,Tank,2025-06-13,2025-06-24,2025-06-18,11,False,1
CNT02595,1,Tank,2025-09-13,2025-09-26,2025-09-18,13,False,1
CNT02596,1,General,2025-04-16,2025-04-26,2025-04-21,10,False,1
CNT02597,1,Tank,2025-04-23,2025-04-27,2025-04-28,4,True,1
CNT02598,1,Reefer,2025-09-14,2025-09-21,2025-09-19,7,False,1
CNT02599,1,General,2025-08-25,2025-08-26,2025-08-30,1,True,1
CNT02600,1,General,2025-05-30,2025-06-08,2025-06-04,9,False,1
CNT02601,1,Tank,2025-08-15,2025-08-18,2025-08-20,3,True,1
CNT02602,1,General,2025-04-10,2025-04-24,2025-04-15,14,False,1
CNT02603,1,General,2025-05-15,2025-05-18,2025-05-20,3,True,1
CNT02604,1,Tank,2025-07-16,2025-07-18,2025-07-21,2,True,1
CNT02605,1,Reefer,2025-05-16,2025-05-17,2025-05-21,1,True,1
CNT02606,1,Reefer,2025-04-10,2025-04-23,2025-04-15,13,False,1
CNT02607,1,General,2025-07-11,2025-07-14,2025-07-16,3,True,1
CNT02608,1,Hazardous,2025-08-05,2025-08-12,2025-08-10,7,False,1
CNT02609,1,Hazardous,2025-05-18,2025-05-23,2025-05-23,5,True,1
CNT02610,1,General,2025-06-14,2025-06-29,2025-06-19,15,False,1
CNT02611,1,General,2025-04-10,2025-04-16,2025-04-15,6,False,1
CNT02612,1,Tank,2025-04-03,2025-04-06,2025-04-08,3,True,1
CNT02613,1,Tank,2025-06-16,2025-06-22,2025-06-21,6,False,1
CNT02614,1,Tank,2025-08-24,2025-09-02,2025-08-29,9,False,1
CNT02615,1,General,2025-09-02,2025-09-11,2025-09-07,9,False,1
CNT02616,1,General,2025-04-28,2025-05-07,2025-05-03,9,False,1
CNT02617,1,Tank,2025-06-25,2025-06-27,2025-06-30,2,True,1
CNT02618,1,Tank,2025-06-12,2025-06-20,2025-06-17,8,False,1
CNT02619,1,General,2025-07-26,2025-07-31,2025-07-31,5,True,1
CNT02620,1,General,2025-09-12,2025-09-30,2025-09-17,18,False,1
CNT02621,1,Reefer,2025-08-18,2025-08-23,2025-08-23,5,True,1
CNT02622,1,Hazardous,2025-08-13,2025-08-17,2025-08-18,4,True,1
CNT02623,1,Tank,2025-08-05,2025-08-07,2025-08-10,2,True,1
CNT02624,1,Tank,2025-05-05,2025-05-06,2025-05-10,1,True,1
CNT02625,1,Tank,2025-08-08,2025-08-13,2025-08-13,5,True,1
CNT02626,1,General,2025-07-29,2025-08-01,2025-08-03,3,True,1
CNT02627,1,Hazardous,2025-06-09,2025-06-13,2025-06-14,4,True,1
CNT02628,1,Reefer,2025-05-20,2025-05-31,2025-05-25,11,False,1
CNT02629,1,Tank,2025-04-29,2025-05-10,2025-05-04,11,False,1
CNT02630,1,Tank,2025-06-24,2025-06-25,2025-06-29,1,True,1
CNT02631,1,Reefer,2025-05-12,2025-05-15,2025-05-17,3,True,1
CNT02632,1,Hazardous,2025-07-27,2025-07-29,2025-08-01,2,True,1
CNT02633,1,Tank,2025-09-13,2025-09-18,2025-09-18,5,True,1
CNT02634,1,General,2025-06-05,2025-06-12,2025-06-10,7,False,1
CNT02635,1,Hazardous,2025-05-18,2025-05-21,2025-05-23,3,True,1
CNT02636,1,Hazardous,2025-04-04,2025-04-07,2025-04-09,3,True,1
CNT02637,1,General,2025-06-26,2025-07-08,2025-07-01,12,False,1
CNT02638,1,General,2025-06-15,2025-06-19,2025-06-20,4,True,1
CNT02639,1,General,2025-08-24,2025-08-26,2025-08-29,2,True,1
CNT02640,1,General,2025-09-20,2025-09-24,2025-09-25,4,True,1
CNT02641,1,General,2025-05-20,2025-06-03,2025-05-25,14,False,1
CNT02642,1,General,2025-05-15,2025-05-23,2025-05-20,8,False,1
CNT02643,1,Hazardous,2025-09-04,2025-09-08,2025-09-09,4,True,1
CNT02644,1,Hazardous,2025-09-11,2025-09-16,2025-09-16,5,True,1
CNT02645,1,General,2025-07-13,2025-07-20,2025-07-18,7,False,1
CNT02646,1,General,2025-07-19,2025-07-20,2025-07-24,1,True,1
CNT02647,1,General,2025-08-10,2025-08-15,2025-08-15,5,True,1
CNT02648,1,Tank,2025-06-23,2025-07-04,2025-06-28,11,False,1
CNT02649,1,General,2025-04-23,2025-04-26,2025-04-28,3,True,1
CNT02650,1,Reefer,2025-07-12,2025-07-14,2025-07-17,2,True,1
CNT02651,1,General,2025-09-19,2025-09-26,2025-09-24,7,False,1
CNT02652,1,Reefer,2025-04-25,2025-04-28,2025-04-30,3,True,1
CNT02653,1,Hazardous,2025-05-18,2025-05-19,2025-05-23,1,True,1
CNT02654,1,General,2025-05-06,2025-05-09,2025-05-11,3,True,1
CNT02655,1,Tank,2025-08-01,2025-08-17,2025-08-06,16,False,1
CNT02656,1,General,2025-06-22,2025-06-26,2025-06-27,4,True,1
CNT02657,1,Tank,2025-06-03,2025-06-09,2025-06-08,6,False,1
CNT02658,1,Reefer,2025-04-02,2025-04-18,2025-04-07,16,False,1
CNT02659,1,General,2025-06-06,2025-06-09,2025-06-11,3,True,1
CNT02660,1,General,2025-07-08,2025-07-15,2025-07-13,7,False,1
CNT02661,1,General,2025-05-31,2025-06-03,2025-06-05,3,True,1
CNT02662,1,General,2025-07-24,2025-07-29,2025-07-29,5,True,1
CNT02663,1,Tank,2025-06-08,2025-06-10,2025-06-13,2,True,1
CNT02664,1,Hazardous,2025-06-24,2025-06-27,2025-06-29,3,True,1
CNT02665,1,Tank,2025-06-17,2025-06-22,2025-06-22,5,True,1
CNT02666,1,General,2025-08-28,2025-09-01,2025-09-02,4,True,1
CNT02667,1,Tank,2025-08-25,2025-08-29,2025-08-30,4,True,1
CNT02668,1,General,2025-04-03,2025-04-11,2025-04-08,8,False,1
CNT02669,1,General,2025-06-06,2025-06-09,2025-06-11,3,True,1
CNT02670,1,General,2025-09-15,2025-09-28,2025-09-20,13,False,1
CNT02671,1,General,2025-07-02,2025-07-07,2025-07-07,5,True,1
CNT02672,1,General,2025-09-25,2025-10-07,2025-09-30,12,False,1
CNT02673,1,General,2025-05-31,2025-06-12,2025-06-05,12,False,1
CNT02674,1,Reefer,2025-04-16,2025-05-15,2025-04-21,29,False,1
CNT02675,1,General,2025-09-18,2025-09-20,2025-09-23,2,True,1
CNT02676,1,Hazardous,2025-05-01,2025-05-05,2025-05-06,4,True,1
CNT02677,1,Tank,2025-07-29,2025-08-07,2025-08-03,9,False,1
CNT02678,1,General,2025-06-18,2025-06-24,2025-06-23,6,False,1
CNT02679,1,Tank,2025-05-11,2025-05-25,2025-05-16,14,False,1
CNT02680,1,General,2025-07-13,2025-07-21,2025-07-18,8,False,1
CNT02681,1,Reefer,2025-09-23,2025-09-25,2025-09-28,2,True,1
CNT02682,1,Reefer,2025-08-07,2025-08-11,2025-08-12,4,True,1
CNT02683,1,Hazardous,2025-09-28,2025-09-29,2025-10-03,1,True,1
CNT02684,1,General,2025-06-19,2025-07-06,2025-06-24,17,False,1
CNT02685,1,Reefer,2025-09-24,2025-09-30,2025-09-29,6,False,1
CNT02686,1,General,2025-05-01,2025-05-06,2025-05-06,5,True,1
CNT02687,1,Reefer,2025-09-11,2025-09-15,2025-09-16,4,True,1
CNT02688,1,Hazardous,2025-06-15,2025-06-18,2025-06-20,3,True,1
CNT02689,1,Hazardous,2025-07-04,2025-07-10,2025-07-09,6,False,1
CNT02690,1,General,2025-09-05,2025-09-21,2025-09-10,16,False,1
CNT02691,1,Tank,2025-05-27,2025-06-09,2025-06-01,13,False,1
CNT02692,1,Tank,2025-05-27,2025-06-03,2025-06-01,7,False,1
CNT02693,1,General,2025-05-05,2025-05-23,2025-05-10,18,False,1
CNT02694,1,Hazardous,2025-08-01,2025-08-08,2025-08-06,7,False,1
CNT02695,1,Tank,2025-05-10,2025-05-14,2025-05-15,4,True,1
CNT02696,1,Tank,2025-07-26,2025-08-03,2025-07-31,8,False,1
CNT02697,1,Reefer,2025-09-03,2025-09-09,2025-09-08,6,False,1
CNT02698,1,Hazardous,2025-07-05,2025-07-08,2025-07-10,3,True,1
CNT02699,1,Tank,2025-07-16,2025-07-18,2025-07-21,2,True,1
CNT02700,1,Tank,2025-09-27,2025-10-10,2025-10-02,13,False,1
CNT02701,1,Hazardous,2025-08-19,2025-08-23,2025-08-24,4,True,1
CNT02702,1,Reefer,2025-07-30,2025-08-06,2025-08-04,7,False,1
CNT02703,1,General,2025-08-16,2025-08-20,2025-08-21,4,True,1
CNT02704,1,Reefer,2025-09-18,2025-09-21,2025-09-23,3,True,1
CNT02705,1,Hazardous,2025-05-26,2025-05-30,2025-05-31,4,True,1
CNT02706,1,Tank,2025-06-03,2025-06-04,2025-06-08,1,True,1
CNT02707,1,Tank,2025-09-22,2025-09-29,2025-09-27,7,False,1
CNT02708,1,General,2025-08-31,2025-09-08,2025-09-05,8,False,1
CNT02709,1,General,2025-04-21,2025-05-02,2025-04-26,11,False,1
CNT02710,1,General,2025-08-13,2025-08-17,2025-08-18,4,True,1
CNT02711,1,Reefer,2025-07-24,2025-08-10,2025-07-29,17,False,1
CNT02712,1,General,2025-08-14,2025-08-19,2025-08-19,5,True,1
CNT02713,1,Reefer,2025-09-28,2025-09-30,2025-10-03,2,True,1
CNT02714,1,General,2025-07-02,2025-07-07,2025-07-07,5,True,1
CNT02715,1,Tank,2025-04-20,2025-05-06,2025-04-25,16,False,1
CNT02716,1,General,2025-08-23,2025-08-26,2025-08-28,3,True,1
CNT02717,1,General,2025-04-29,2025-05-06,2025-05-04,7,False,1
CNT02718,1,General,2025-04-16,2025-04-19,2025-04-21,3,True,1
CNT02719,1,Reefer,2025-08-19,2025-09-04,2025-08-24,16,False,1
CNT02720,1,Tank,2025-08-08,2025-08-13,2025-08-13,5,True,1
CNT02721,1,Reefer,2025-05-22,2025-06-09,2025-05-27,18,False,1
CNT02722,1,Tank,2025-08-25,2025-08-31,2025-08-30,6,False,1
CNT02723,1,Tank,2025-08-16,2025-08-19,2025-08-21,3,True,1
CNT02724,1,General,2025-05-09,2025-05-15,2025-05-14,6,False,1
CNT02725,1,General,2025-05-13,2025-05-15,2025-05-18,2,True,1
CNT02726,1,Reefer,2025-06-23,2025-07-01,2025-06-28,8,False,1
CNT02727,1,Reefer,2025-08-12,2025-08-22,2025-08-17,10,False,1
CNT02728,1,Tank,2025-07-23,2025-07-29,2025-07-28,6,False,1
CNT02729,1,General,2025-04-30,2025-05-08,2025-05-05,8,False,1
CNT02730,1,Tank,2025-09-22,2025-09-23,2025-09-27,1,True,1
CNT02731,1,Tank,2025-05-23,2025-06-02,2025-05-28,10,False,1
CNT02732,1,Reefer,2025-08-28,2025-08-31,2025-09-02,3,True,1
CNT02733,1,General,2025-08-04,2025-08-26,2025-08-09,22,False,1
CNT02734,1,Hazardous,2025-04-24,2025-04-29,2025-04-29,5,True,1
CNT02735,1,General,2025-08-09,2025-08-19,2025-08-14,10,False,1
CNT02736,1,General,2025-07-24,2025-08-03,2025-07-29,10,False,1
CNT02737,1,General,2025-04-15,2025-04-17,2025-04-20,2,True,1
CNT02738,1,Tank,2025-07-26,2025-08-08,2025-07-31,13,False,1
CNT02739,1,Reefer,2025-05-04,2025-05-12,2025-05-09,8,False,1
CNT02740,1,General,2025-08-10,2025-08-11,2025-08-15,1,True,1
CNT02741,1,General,2025-07-16,2025-07-17,2025-07-21,1,True,1
CNT02742,1,Reefer,2025-07-26,2025-08-01,2025-07-31,6,False,1
CNT02743,1,General,2025-08-23,2025-08-24,2025-08-28,1,True,1
CNT02744,1,Tank,2025-04-15,2025-04-24,2025-04-20,9,False,1
CNT02745,1,Tank,2025-08-22,2025-08-26,2025-08-27,4,True,1
CNT02746,1,Tank,2025-07-28,2025-08-01,2025-08-02,4,True,1
CNT02747,1,General,2025-09-20,2025-09-25,2025-09-25,5,True,1
CNT02748,1,Reefer,2025-06-18,2025-06-21,2025-06-23,3,True,1
CNT02749,1,General,2025-04-06,2025-04-12,2025-04-11,6,False,1
CNT02750,1,Tank,2025-07-11,2025-07-13,2025-07-16,2,True,1
CNT02751,1,Hazardous,2025-06-05,2025-06-07,2025-06-10,2,True,1
CNT02752,1,Hazardous,2025-04-01,2025-04-03,2025-04-06,2,True,1
CNT02753,1,General,2025-05-26,2025-06-15,2025-05-31,20,False,1
CNT02754,1,Hazardous,2025-08-27,2025-08-30,2025-09-01,3,True,1
CNT02755,1,Hazardous,2025-04-19,2025-05-08,2025-04-24,19,False,1
CNT02756,1,General,2025-04-12,2025-04-14,2025-04-17,2,True,1
CNT02757,1,General,2025-07-18,2025-07-22,2025-07-23,4,True,1
CNT02758,1,Tank,2025-06-28,2025-07-02,2025-07-03,4,True,1
CNT02759,1,General,2025-09-27,2025-09-30,2025-10-02,3,True,1
CNT02760,1,General,2025-04-17,2025-04-20,2025-04-22,3,True,1
CNT02761,1,General,2025-08-17,2025-08-27,2025-08-22,10,False,1
CNT02762,1,General,2025-04-16,2025-04-17,2025-04-21,1,True,1
CNT02763,1,General,2025-04-18,2025-04-21,2025-04-23,3,True,1
CNT02764,1,General,2025-07-30,2025-08-18,2025-08-04,19,False,1
CNT02765,1,Reefer,2025-04-09,2025-04-13,2025-04-14,4,True,1
CNT02766,1,General,2025-06-13,2025-06-18,2025-06-18,5,True,1
CNT02767,1,General,2025-07-14,2025-07-19,2025-07-19,5,True,1
CNT02768,1,Hazardous,2025-05-17,2025-05-27,2025-05-22,10,False,1
CNT02769,1,General,2025-05-05,2025-05-06,2025-05-10,1,True,1
CNT02770,1,General,2025-09-12,2025-09-21,2025-09-17,9,False,1
CNT02771,1,General,2025-09-13,2025-09-22,2025-09-18,9,False,1
CNT02772,1,Reefer,2025-07-17,2025-07-24,2025-07-22,7,False,1
CNT02773,1,Hazardous,2025-07-05,2025-07-09,2025-07-10,4,True,1
CNT02774,1,Tank,2025-07-07,2025-07-10,2025-07-12,3,True,1
CNT02775,1,Reefer,2025-07-24,2025-07-30,2025-07-29,6,False,1
CNT02776,1,Hazardous,2025-07-06,2025-07-14,2025-07-11,8,False,1
CNT02777,1,Tank,2025-07-06,2025-07-08,2025-07-11,2,True,1
CNT02778,1,General,2025-04-21,2025-04-25,2025-04-26,4,True,1
CNT02779,1,Tank,2025-09-22,2025-09-23,2025-09-27,1,True,1
CNT02780,1,Tank,2025-09-17,2025-09-25,2025-09-22,8,False,1
CNT02781,1,Tank,2025-08-17,2025-08-25,2025-08-22,8,False,1
CNT02782,1,General,2025-05-05,2025-05-19,2025-05-10,14,False,1
CNT02783,1,General,2025-09-15,2025-09-20,2025-09-20,5,True,1
CNT02784,1,General,2025-06-29,2025-07-10,2025-07-04,11,False,1
CNT02785,1,Tank,2025-05-01,2025-05-10,2025-05-06,9,False,1
CNT02786,1,General,2025-05-16,2025-05-19,2025-05-21,3,True,1
CNT02787,1,General,2025-08-16,2025-08-19,2025-08-21,3,True,1
CNT02788,1,General,2025-07-10,2025-07-15,2025-07-15,5,True,1
CNT02789,1,General,2025-08-14,2025-08-18,2025-08-19,4,True,1
CNT02790,1,Reefer,2025-05-03,2025-05-04,2025-05-08,1,True,1
CNT02791,1,General,2025-05-28,2025-05-31,2025-06-02,3,True,1
CNT02792,1,General,2025-04-01,2025-04-10,2025-04-06,9,False,1
CNT02793,1,Hazardous,2025-04-06,2025-04-18,2025-04-11,12,False,1
CNT02794,1,General,2025-06-16,2025-06-18,2025-06-21,2,True,1
CNT02795,1,Tank,2025-07-28,2025-08-01,2025-08-02,4,True,1
CNT02796,1,Hazardous,2025-09-20,2025-09-21,2025-09-25,1,True,1
CNT02797,1,General,2025-08-18,2025-08-21,2025-08-23,3,True,1
CNT02798,1,General,2025-07-18,2025-07-31,2025-07-23,13,False,1
CNT02799,1,General,2025-08-15,2025-08-19,2025-08-20,4,True,1
CNT02800,1,Tank,2025-07-07,2025-07-16,2025-07-12,9,False,1
CNT02801,1,Reefer,2025-05-29,2025-05-31,2025-06-03,2,True,1
CNT02802,1,General,2025-06-03,2025-06-04,2025-06-08,1,True,1
CNT02803,1,Tank,2025-07-27,2025-07-29,2025-08-01,2,True,1
CNT02804,1,Hazardous,2025-06-28,2025-07-16,2025-07-03,18,False,1
CNT02805,1,Hazardous,2025-05-10,2025-05-18,2025-05-15,8,False,1
CNT02806,1,Hazardous,2025-06-10,2025-06-13,2025-06-15,3,True,1
CNT02807,1,Tank,2025-05-19,2025-05-23,2025-05-24,4,True,1
CNT02808,1,Reefer,2025-04-29,2025-06-05,2025-05-04,37,False,1
CNT02809,1,Tank,2025-04-09,2025-04-13,2025-04-14,4,True,1
CNT02810,1,Reefer,2025-09-17,2025-09-27,2025-09-22,10,False,1
CNT02811,1,Reefer,2025-07-17,2025-07-20,2025-07-22,3,True,1
CNT02812,1,General,2025-09-05,2025-09-17,2025-09-10,12,False,1
CNT02813,1,Hazardous,2025-04-05,2025-04-11,2025-04-10,6,False,1
CNT02814,1,Hazardous,2025-06-01,2025-06-04,2025-06-06,3,True,1
CNT02815,1,Tank,2025-05-23,2025-05-26,2025-05-28,3,True,1
CNT02816,1,Reefer,2025-04-18,2025-04-19,2025-04-23,1,True,1
CNT02817,1,Reefer,2025-04-26,2025-04-30,2025-05-01,4,True,1
CNT02818,1,General,2025-08-31,2025-09-09,2025-09-05,9,False,1
CNT02819,1,Tank,2025-04-09,2025-04-12,2025-04-14,3,True,1
CNT02820,1,Reefer,2025-07-24,2025-08-04,2025-07-29,11,False,1
CNT02821,1,Reefer,2025-09-01,2025-09-17,2025-09-06,16,False,1
CNT02822,1,General,2025-09-20,2025-09-24,2025-09-25,4,True,1
CNT02823,1,General,2025-09-28,2025-09-30,2025-10-03,2,True,1
CNT02824,1,General,2025-04-13,2025-04-23,2025-04-18,10,False,1
CNT02825,1,Hazardous,2025-06-02,2025-06-07,2025-06-07,5,True,1
CNT02826,1,Reefer,2025-04-12,2025-04-15,2025-04-17,3,True,1
CNT02827,1,Tank,2025-07-12,2025-07-29,2025-07-17,17,False,1
CNT02828,1,General,2025-07-22,2025-07-27,2025-07-27,5,True,1
CNT02829,1,General,2025-05-30,2025-06-01,2025-06-04,2,True,1
CNT02830,1,General,2025-08-17,2025-08-20,2025-08-22,3,True,1
CNT02831,1,Tank,2025-05-26,2025-05-30,2025-05-31,4,True,1
CNT02832,1,General,2025-04-15,2025-04-25,2025-04-20,10,False,1
CNT02833,1,General,2025-05-06,2025-05-14,2025-05-11,8,False,1
CNT02834,1,Tank,2025-08-07,2025-08-15,2025-08-12,8,False,1
CNT02835,1,Hazardous,2025-06-14,2025-06-22,2025-06-19,8,False,1
CNT02836,1,Tank,2025-05-30,2025-06-07,2025-06-04,8,False,1
CNT02837,1,General,2025-08-26,2025-08-29,2025-08-31,3,True,1
CNT02838,1,General,2025-06-21,2025-06-25,2025-06-26,4,True,1
CNT02839,1,Hazardous,2025-08-26,2025-08-30,2025-08-31,4,True,1
CNT02840,1,Hazardous,2025-09-01,2025-09-03,2025-09-06,2,True,1
CNT02841,1,General,2025-09-20,2025-09-26,2025-09-25,6,False,1
CNT02842,1,Hazardous,2025-06-22,2025-07-09,2025-06-27,17,False,1
CNT02843,1,Hazardous,2025-05-31,2025-06-03,2025-06-05,3,True,1
CNT02844,1,Tank,2025-06-17,2025-06-19,2025-06-22,2,True,1
CNT02845,1,Tank,2025-05-07,2025-05-13,2025-05-12,6,False,1
CNT02846,1,Tank,2025-09-17,2025-09-20,2025-09-22,3,True,1
CNT02847,1,Tank,2025-08-12,2025-08-15,2025-08-17,3,True,1
CNT02848,1,Hazardous,2025-05-27,2025-05-28,2025-06-01,1,True,1
CNT02849,1,General,2025-07-15,2025-07-24,2025-07-20,9,False,1
CNT02850,1,General,2025-06-16,2025-06-19,2025-06-21,3,True,1
CNT02851,1,Hazardous,2025-06-10,2025-06-13,2025-06-15,3,True,1
CNT02852,1,Reefer,2025-04-16,2025-04-21,2025-04-21,5,True,1
CNT02853,1,Hazardous,2025-08-21,2025-08-23,2025-08-26,2,True,1
CNT02854,1,General,2025-08-30,2025-09-15,2025-09-04,16,False,1
CNT02855,1,Reefer,2025-05-15,2025-05-24,2025-05-20,9,False,1
CNT02856,1,General,2025-09-08,2025-09-09,2025-09-13,1,True,1
CNT02857,1,Hazardous,2025-09-21,2025-09-25,2025-09-26,4,True,1
CNT02858,1,Tank,2025-07-19,2025-07-28,2025-07-24,9,False,1
CNT02859,1,Tank,2025-08-21,2025-08-24,2025-08-26,3,True,1
CNT02860,1,Hazardous,2025-08-05,2025-08-13,2025-08-10,8,False,1
CNT02861,1,Reefer,2025-04-13,2025-04-25,2025-04-18,12,False,1
CNT02862,1,General,2025-06-28,2025-06-29,2025-07-03,1,True,1
CNT02863,1,Hazardous,2025-09-12,2025-09-16,2025-09-17,4,True,1
CNT02864,1,General,2025-09-19,2025-09-24,2025-09-24,5,True,1
CNT02865,1,Reefer,2025-07-07,2025-07-19,2025-07-12,12,False,1
CNT02866,1,General,2025-08-13,2025-08-19,2025-08-18,6,False,1
CNT02867,1,Hazardous,2025-06-21,2025-06-26,2025-06-26,5,True,1
CNT02868,1,General,2025-09-26,2025-10-09,2025-10-01,13,False,1
CNT02869,1,Tank,2025-07-16,2025-07-17,2025-07-21,1,True,1
CNT02870,1,General,2025-07-14,2025-07-23,2025-07-19,9,False,1
CNT02871,1,Tank,2025-05-09,2025-05-19,2025-05-14,10,False,1
CNT02872,1,General,2025-06-16,2025-06-23,2025-06-21,7,False,1
CNT02873,1,Tank,2025-07-06,2025-07-12,2025-07-11,6,False,1
CNT02874,1,Tank,2025-05-18,2025-06-01,2025-05-23,14,False,1
CNT02875,1,Tank,2025-08-16,2025-08-18,2025-08-21,2,True,1
CNT02876,1,Reefer,2025-07-31,2025-08-12,2025-08-05,12,False,1
CNT02877,1,General,2025-06-01,2025-06-03,2025-06-06,2,True,1
CNT02878,1,General,2025-05-28,2025-06-03,2025-06-02,6,False,1
CNT02879,1,Tank,2025-06-16,2025-06-20,2025-06-21,4,True,1
CNT02880,1,General,2025-05-07,2025-05-10,2025-05-12,3,True,1
CNT02881,1,Hazardous,2025-07-28,2025-08-01,2025-08-02,4,True,1
CNT02882,1,General,2025-04-15,2025-04-21,2025-04-20,6,False,1
CNT02883,1,General,2025-08-22,2025-08-23,2025-08-27,1,True,1
CNT02884,1,Hazardous,2025-07-15,2025-07-24,2025-07-20,9,False,1
CNT02885,1,Hazardous,2025-07-16,2025-07-22,2025-07-21,6,False,1
CNT02886,1,Hazardous,2025-08-21,2025-08-30,2025-08-26,9,False,1
CNT02887,1,Hazardous,2025-08-14,2025-08-18,2025-08-19,4,True,1
CNT02888,1,Hazardous,2025-05-05,2025-05-06,2025-05-10,1,True,1
CNT02889,1,Hazardous,2025-07-09,2025-07-22,2025-07-14,13,False,1
CNT02890,1,Hazardous,2025-06-02,2025-06-05,2025-06-07,3,True,1
CNT02891,1,Reefer,2025-06-05,2025-06-10,2025-06-10,5,True,1
CNT02892,1,Reefer,2025-05-23,2025-05-27,2025-05-28,4,True,1
CNT02893,1,General,2025-06-24,2025-06-27,2025-06-29,3,True,1
CNT02894,1,General,2025-09-13,2025-09-20,2025-09-18,7,False,1
CNT02895,1,Tank,2025-04-21,2025-04-24,2025-04-26,3,True,1
CNT02896,1,General,2025-07-25,2025-07-27,2025-07-30,2,True,1
CNT02897,1,Hazardous,2025-07-04,2025-07-09,2025-07-09,5,True,1
CNT02898,1,General,2025-04-24,2025-05-07,2025-04-29,13,False,1
CNT02899,1,Reefer,2025-08-16,2025-08-24,2025-08-21,8,False,1
CNT02900,1,Hazardous,2025-05-19,2025-05-31,2025-05-24,12,False,1
CNT02901,1,General,2025-04-14,2025-05-13,2025-04-19,29,False,1
CNT02902,1,General,2025-06-08,2025-06-15,2025-06-13,7,False,1
CNT02903,1,General,2025-07-06,2025-07-12,2025-07-11,6,False,1
CNT02904,1,Tank,2025-09-20,2025-09-30,2025-09-25,10,False,1
CNT02905,1,General,2025-09-02,2025-09-06,2025-09-07,4,True,1
CNT02906,1,Tank,2025-09-02,2025-09-03,2025-09-07,1,True,1
CNT02907,1,General,2025-04-11,2025-04-18,2025-04-16,7,False,1
CNT02908,1,Tank,2025-04-19,2025-05-12,2025-04-24,23,False,1
CNT02909,1,Tank,2025-05-19,2025-05-21,2025-05-24,2,True,1
CNT02910,1,Tank,2025-08-29,2025-09-13,2025-09-03,15,False,1
CNT02911,1,General,2025-09-19,2025-09-24,2025-09-24,5,True,1
CNT02912,1,Tank,2025-08-22,2025-09-01,2025-08-27,10,False,1
CNT02913,1,General,2025-05-26,2025-05-28,2025-05-31,2,True,1
CNT02914,1,General,2025-08-01,2025-08-12,2025-08-06,11,False,1
CNT02915,1,Reefer,2025-05-24,2025-05-27,2025-05-29,3,True,1
CNT02916,1,General,2025-06-25,2025-07-02,2025-06-30,7,False,1
CNT02917,1,Hazardous,2025-06-17,2025-07-11,2025-06-22,24,False,1
CNT02918,1,Tank,2025-04-04,2025-04-05,2025-04-09,1,True,1
CNT02919,1,General,2025-05-25,2025-05-31,2025-05-30,6,False,1
CNT02920,1,Tank,2025-05-19,2025-05-30,2025-05-24,11,False,1
CNT02921,1,Tank,2025-05-01,2025-05-03,2025-05-06,2,True,1
CNT02922,1,Hazardous,2025-08-01,2025-08-19,2025-08-06,18,False,1
CNT02923,1,Reefer,2025-06-02,2025-06-06,2025-06-07,4,True,1
CNT02924,1,General,2025-09-26,2025-10-03,2025-10-01,7,False,1
CNT02925,1,Hazardous,2025-09-02,2025-09-08,2025-09-07,6,False,1
CNT02926,1,Tank,2025-09-28,2025-10-08,2025-10-03,10,False,1
CNT02927,1,General,2025-05-23,2025-05-31,2025-05-28,8,False,1
CNT02928,1,Tank,2025-07-11,2025-07-21,2025-07-16,10,False,1
CNT02929,1,General,2025-06-01,2025-06-06,2025-06-06,5,True,1
CNT02930,1,Hazardous,2025-08-20,2025-08-26,2025-08-25,6,False,1
CNT02931,1,Reefer,2025-06-22,2025-06-27,2025-06-27,5,True,1
CNT02932,1,Tank,2025-06-12,2025-06-16,2025-06-17,4,True,1
CNT02933,1,Reefer,2025-07-07,2025-07-13,2025-07-12,6,False,1
CNT02934,1,Reefer,2025-07-29,2025-08-02,2025-08-03,4,True,1
CNT02935,1,Tank,2025-08-15,2025-08-19,2025-08-20,4,True,1
CNT02936,1,Tank,2025-09-14,2025-09-20,2025-09-19,6,False,1
CNT02937,1,General,2025-07-01,2025-07-17,2025-07-06,16,False,1
CNT02938,1,Hazardous,2025-06-18,2025-06-20,2025-06-23,2,True,1
CNT02939,1,General,2025-06-06,2025-06-07,2025-06-11,1,True,1
CNT02940,1,Hazardous,2025-07-02,2025-07-04,2025-07-07,2,True,1
CNT02941,1,General,2025-08-10,2025-08-18,2025-08-15,8,False,1
CNT02942,1,Tank,2025-08-06,2025-08-17,2025-08-11,11,False,1
CNT02943,1,General,2025-07-29,2025-07-31,2025-08-03,2,True,1
CNT02944,1,Tank,2025-04-26,2025-04-28,2025-05-01,2,True,1
CNT02945,1,Tank,2025-07-30,2025-08-06,2025-08-04,7,False,1
CNT02946,1,Reefer,2025-06-21,2025-06-27,2025-06-26,6,False,1
CNT02947,1,General,2025-05-23,2025-05-27,2025-05-28,4,True,1
CNT02948,1,Tank,2025-07-04,2025-07-16,2025-07-09,12,False,1
CNT02949,1,General,2025-06-20,2025-06-23,2025-06-25,3,True,1
CNT02950,1,Tank,2025-07-15,2025-07-18,2025-07-20,3,True,1
CNT02951,1,General,2025-04-12,2025-04-25,2025-04-17,13,False,1
CNT02952,1,Hazardous,2025-08-23,2025-08-26,2025-08-28,3,True,1
CNT02953,1,Hazardous,2025-05-27,2025-05-31,2025-06-01,4,True,1
CNT02954,1,Tank,2025-05-08,2025-05-10,2025-05-13,2,True,1
CNT02955,1,General,2025-04-05,2025-04-11,2025-04-10,6,False,1
CNT02956,1,Hazardous,2025-06-06,2025-06-09,2025-06-11,3,True,1
CNT02957,1,Tank,2025-08-20,2025-08-21,2025-08-25,1,True,1
CNT02958,1,General,2025-08-28,2025-09-05,2025-09-02,8,False,1
CNT02959,1,Hazardous,2025-08-27,2025-08-31,2025-09-01,4,True,1
CNT02960,1,Tank,2025-07-16,2025-07-19,2025-07-21,3,True,1
CNT02961,1,Hazardous,2025-06-15,2025-06-28,2025-06-20,13,False,1
CNT02962,1,General,2025-05-10,2025-05-12,2025-05-15,2,True,1
CNT02963,1,Tank,2025-05-21,2025-05-25,2025-05-26,4,True,1
CNT02964,1,Tank,2025-06-24,2025-07-15,2025-06-29,21,False,1
CNT02965,1,General,2025-05-29,2025-06-10,2025-06-03,12,False,1
CNT02966,1,Hazardous,2025-07-07,2025-07-09,2025-07-12,2,True,1
CNT02967,1,Tank,2025-08-24,2025-08-29,2025-08-29,5,True,1
CNT02968,1,Tank,2025-06-02,2025-06-04,2025-06-07,2,True,1
CNT02969,1,General,2025-08-06,2025-08-09,2025-08-11,3,True,1
CNT02970,1,General,2025-08-19,2025-08-25,2025-08-24,6,False,1
CNT02971,1,General,2025-09-15,2025-09-26,2025-09-20,11,False,1
CNT02972,1,General,2025-09-23,2025-09-26,2025-09-28,3,True,1
CNT02973,1,General,2025-06-26,2025-07-02,2025-07-01,6,False,1
CNT02974,1,General,2025-06-05,2025-06-14,2025-06-10,9,False,1
CNT02975,1,Hazardous,2025-08-04,2025-08-11,2025-08-09,7,False,1
CNT02976,1,General,2025-09-12,2025-09-17,2025-09-17,5,True,1
CNT02977,1,Tank,2025-08-04,2025-08-08,2025-08-09,4,True,1
CNT02978,1,Hazardous,2025-07-27,2025-07-31,2025-08-01,4,True,1
CNT02979,1,Reefer,2025-05-14,2025-05-15,2025-05-19,1,True,1
CNT02980,1,Hazardous,2025-06-30,2025-07-03,2025-07-05,3,True,1
CNT02981,1,Hazardous,2025-05-14,2025-05-23,2025-05-19,9,False,1
CNT02982,1,General,2025-05-06,2025-05-07,2025-05-11,1,True,1
CNT02983,1,Hazardous,2025-08-18,2025-08-21,2025-08-23,3,True,1
CNT02984,1,Tank,2025-08-04,2025-08-07,2025-08-09,3,True,1
CNT02985,1,Hazardous,2025-05-18,2025-05-21,2025-05-23,3,True,1
CNT02986,1,Reefer,2025-08-17,2025-08-19,2025-08-22,2,True,1
CNT02987,1,General,2025-09-12,2025-09-17,2025-09-17,5,True,1
CNT02988,1,General,2025-04-16,2025-04-25,2025-04-21,9,False,1
CNT02989,1,Tank,2025-08-13,2025-08-17,2025-08-18,4,True,1
CNT02990,1,Tank,2025-04-09,2025-04-10,2025-04-14,1,True,1
CNT02991,1,Tank,2025-04-20,2025-04-25,2025-04-25,5,True,1
CNT02992,1,Tank,2025-09-19,2025-09-25,2025-09-24,6,False,1
CNT02993,1,General,2025-04-13,2025-04-16,2025-04-18,3,True,1
CNT02994,1,Tank,2025-04-02,2025-04-11,2025-04-07,9,False,1
CNT02995,1,Hazardous,2025-07-15,2025-07-20,2025-07-20,5,True,1
CNT02996,1,General,2025-05-06,2025-05-12,2025-05-11,6,False,1
CNT02997,1,Reefer,2025-09-09,2025-09-14,2025-09-14,5,True,1
CNT02998,1,Reefer,2025-05-30,2025-07-13,2025-06-04,44,False,1
CNT02999,1,General,2025-04-18,2025-04-29,2025-04-23,11,False,1
CNT03000,1,General,2025-05-09,2025-05-30,2025-05-14,21,False,1
CNT03001,1,General,2025-04-03,2025-04-05,2025-04-08,2,True,1
CNT03002,1,General,2025-05-26,2025-05-30,2025-05-31,4,True,1
CNT03003,1,General,2025-08-08,2025-08-09,2025-08-13,1,True,1
CNT03004,1,General,2025-07-26,2025-08-09,2025-07-31,14,False,1
CNT03005,1,Reefer,2025-07-05,2025-07-08,2025-07-10,3,True,1
CNT03006,1,Hazardous,2025-04-16,2025-04-25,2025-04-21,9,False,1
CNT03007,1,Hazardous,2025-09-06,2025-09-13,2025-09-11,7,False,1
CNT03008,1,Hazardous,2025-09-11,2025-09-14,2025-09-16,3,True,1
CNT03009,1,General,2025-09-18,2025-09-28,2025-09-23,10,False,1
CNT03010,1,Hazardous,2025-09-05,2025-09-15,2025-09-10,10,False,1
CNT03011,1,Hazardous,2025-08-02,2025-08-17,2025-08-07,15,False,1
CNT03012,1,General,2025-09-16,2025-09-18,2025-09-21,2,True,1
CNT03013,1,Tank,2025-08-03,2025-08-07,2025-08-08,4,True,1
CNT03014,1,Reefer,2025-04-05,2025-04-07,2025-04-10,2,True,1
CNT03015,1,General,2025-04-02,2025-04-05,2025-04-07,3,True,1
CNT03016,1,Reefer,2025-08-15,2025-08-20,2025-08-20,5,True,1
CNT03017,1,General,2025-08-20,2025-08-27,2025-08-25,7,False,1
CNT03018,1,Hazardous,2025-07-15,2025-07-18,2025-07-20,3,True,1
CNT03019,1,General,2025-04-04,2025-04-10,2025-04-09,6,False,1
CNT03020,1,General,2025-04-05,2025-04-15,2025-04-10,10,False,1
CNT03021,1,Tank,2025-08-14,2025-08-27,2025-08-19,13,False,1
CNT03022,1,General,2025-06-10,2025-06-14,2025-06-15,4,True,1
CNT03023,1,Tank,2025-08-16,2025-08-19,2025-08-21,3,True,1
CNT03024,1,General,2025-06-13,2025-06-14,2025-06-18,1,True,1
CNT03025,1,Tank,2025-04-05,2025-04-15,2025-04-10,10,False,1
CNT03026,1,General,2025-08-07,2025-08-15,2025-08-12,8,False,1
CNT03027,1,Hazardous,2025-09-26,2025-09-28,2025-10-01,2,True,1
CNT03028,1,General,2025-09-20,2025-10-01,2025-09-25,11,False,1
CNT03029,1,Reefer,2025-07-20,2025-08-10,2025-07-25,21,False,1
CNT03030,1,General,2025-05-16,2025-05-23,2025-05-21,7,False,1
CNT03031,1,General,2025-04-28,2025-05-07,2025-05-03,9,False,1
CNT03032,1,Tank,2025-04-25,2025-05-03,2025-04-30,8,False,1
CNT03033,1,General,2025-08-13,2025-08-16,2025-08-18,3,True,1
CNT03034,1,Hazardous,2025-05-09,2025-05-18,2025-05-14,9,False,1
CNT03035,1,General,2025-06-01,2025-06-03,2025-06-06,2,True,1
CNT03036,1,Tank,2025-05-20,2025-05-27,2025-05-25,7,False,1
CNT03037,1,General,2025-09-06,2025-09-11,2025-09-11,5,True,1
CNT03038,1,General,2025-08-13,2025-08-30,2025-08-18,17,False,1
CNT03039,1,General,2025-06-04,2025-06-06,2025-06-09,2,True,1
CNT03040,1,General,2025-06-30,2025-07-04,2025-07-05,4,True,1
CNT03041,1,Tank,2025-06-08,2025-06-15,2025-06-13,7,False,1
CNT03042,1,General,2025-07-11,2025-07-14,2025-07-16,3,True,1
CNT03043,1,Tank,2025-04-21,2025-04-28,2025-04-26,7,False,1
CNT03044,1,Reefer,2025-07-05,2025-07-23,2025-07-10,18,False,1
CNT03045,1,General,2025-07-13,2025-07-15,2025-07-18,2,True,1
CNT03046,1,Hazardous,2025-07-27,2025-08-02,2025-08-01,6,False,1
CNT03047,1,Tank,2025-08-23,2025-09-03,2025-08-28,11,False,1
CNT03048,1,Reefer,2025-06-02,2025-06-06,2025-06-07,4,True,1
CNT03049,1,Tank,2025-09-26,2025-09-27,2025-10-01,1,True,1
CNT03050,1,Reefer,2025-05-28,2025-06-01,2025-06-02,4,True,1
CNT03051,1,General,2025-06-16,2025-06-19,2025-06-21,3,True,1
CNT03052,1,Reefer,2025-09-23,2025-09-28,2025-09-28,5,True,1
CNT03053,1,Hazardous,2025-04-21,2025-04-28,2025-04-26,7,False,1
CNT03054,1,Tank,2025-09-15,2025-09-18,2025-09-20,3,True,1
CNT03055,1,Hazardous,2025-09-14,2025-09-19,2025-09-19,5,True,1
CNT03056,1,Reefer,2025-04-09,2025-04-16,2025-04-14,7,False,1
CNT03057,1,General,2025-04-24,2025-05-01,2025-04-29,7,False,1
CNT03058,1,General,2025-07-13,2025-07-14,2025-07-18,1,True,1
CNT03059,1,Hazardous,2025-07-07,2025-07-30,2025-07-12,23,False,1
CNT03060,1,General,2025-07-06,2025-07-12,2025-07-11,6,False,1
CNT03061,1,General,2025-08-20,2025-08-23,2025-08-25,3,True,1
CNT03062,1,Reefer,2025-07-31,2025-08-13,2025-08-05,13,False,1
CNT03063,1,Tank,2025-04-15,2025-04-21,2025-04-20,6,False,1
CNT03064,1,Reefer,2025-09-11,2025-09-15,2025-09-16,4,True,1
CNT03065,1,General,2025-04-03,2025-04-06,2025-04-08,3,True,1
CNT03066,1,Hazardous,2025-09-27,2025-10-01,2025-10-02,4,True,1
CNT03067,1,Tank,2025-05-14,2025-05-18,2025-05-19,4,True,1
CNT03068,1,General,2025-04-22,2025-05-09,2025-04-27,17,False,1
CNT03069,1,General,2025-08-06,2025-08-10,2025-08-11,4,True,1
CNT03070,1,General,2025-07-21,2025-07-25,2025-07-26,4,True,1
CNT03071,1,Hazardous,2025-09-13,2025-09-17,2025-09-18,4,True,1
CNT03072,1,Reefer,2025-06-24,2025-07-04,2025-06-29,10,False,1
CNT03073,1,Hazardous,2025-08-23,2025-08-28,2025-08-28,5,True,1
CNT03074,1,Hazardous,2025-04-25,2025-05-02,2025-04-30,7,False,1
CNT03075,1,General,2025-08-14,2025-08-17,2025-08-19,3,True,1
CNT03076,1,Reefer,2025-04-11,2025-04-13,2025-04-16,2,True,1
CNT03077,1,General,2025-05-29,2025-06-06,2025-06-03,8,False,1
CNT03078,1,Reefer,2025-05-25,2025-05-31,2025-05-30,6,False,1
CNT03079,1,General,2025-09-25,2025-09-29,2025-09-30,4,True,1
CNT03080,1,Tank,2025-08-24,2025-08-26,2025-08-29,2,True,1
CNT03081,1,Hazardous,2025-07-31,2025-08-01,2025-08-05,1,True,1
CNT03082,1,Reefer,2025-06-09,2025-06-13,2025-06-14,4,True,1
CNT03083,1,General,2025-04-12,2025-05-10,2025-04-17,28,False,1
CNT03084,1,Tank,2025-04-20,2025-04-22,2025-04-25,2,True,1
CNT03085,1,Tank,2025-09-23,2025-09-27,2025-09-28,4,True,1
CNT03086,1,General,2025-06-11,2025-06-15,2025-06-16,4,True,1
CNT03087,1,General,2025-08-18,2025-08-21,2025-08-23,3,True,1
CNT03088,1,General,2025-08-23,2025-08-30,2025-08-28,7,False,1
CNT03089,1,Hazardous,2025-09-16,2025-09-17,2025-09-21,1,True,1
CNT03090,1,Reefer,2025-04-09,2025-04-12,2025-04-14,3,True,1
CNT03091,1,Hazardous,2025-05-16,2025-05-19,2025-05-21,3,True,1
CNT03092,1,General,2025-06-20,2025-06-23,2025-06-25,3,True,1
CNT03093,1,Hazardous,2025-04-05,2025-04-25,2025-04-10,20,False,1
CNT03094,1,Reefer,2025-05-24,2025-06-01,2025-05-29,8,False,1
CNT03095,1,Tank,2025-08-29,2025-08-31,2025-09-03,2,True,1
CNT03096,1,Hazardous,2025-05-07,2025-05-19,2025-05-12,12,False,1
CNT03097,1,General,2025-07-11,2025-07-15,2025-07-16,4,True,1
CNT03098,1,General,2025-04-20,2025-04-26,2025-04-25,6,False,1
CNT03099,1,Reefer,2025-06-16,2025-06-26,2025-06-21,10,False,1
CNT03100,1,Tank,2025-05-12,2025-05-14,2025-05-17,2,True,1
CNT03101,1,Tank,2025-08-23,2025-08-26,2025-08-28,3,True,1
CNT03102,1,Tank,2025-06-01,2025-06-04,2025-06-06,3,True,1
CNT03103,1,Hazardous,2025-08-24,2025-08-30,2025-08-29,6,False,1
CNT03104,1,General,2025-07-09,2025-07-12,2025-07-14,3,True,1
CNT03105,1,Tank,2025-09-21,2025-09-24,2025-09-26,3,True,1
CNT03106,1,General,2025-08-17,2025-08-25,2025-08-22,8,False,1
CNT03107,1,Reefer,2025-06-24,2025-07-03,2025-06-29,9,False,1
CNT03108,1,General,2025-07-08,2025-07-13,2025-07-13,5,True,1
CNT03109,1,Reefer,2025-05-06,2025-05-07,2025-05-11,1,True,1
CNT03110,1,Reefer,2025-09-24,2025-09-29,2025-09-29,5,True,1
CNT03111,1,General,2025-04-21,2025-04-24,2025-04-26,3,True,1
CNT03112,1,Reefer,2025-08-07,2025-08-10,2025-08-12,3,True,1
CNT03113,1,General,2025-06-28,2025-07-04,2025-07-03,6,False,1
CNT03114,1,Tank,2025-04-14,2025-04-21,2025-04-19,7,False,1
CNT03115,1,Hazardous,2025-04-26,2025-04-30,2025-05-01,4,True,1
CNT03116,1,Tank,2025-07-21,2025-07-26,2025-07-26,5,True,1
CNT03117,1,Tank,2025-05-30,2025-06-02,2025-06-04,3,True,1
CNT03118,1,Tank,2025-04-20,2025-04-21,2025-04-25,1,True,1
CNT03119,1,General,2025-06-27,2025-07-05,2025-07-02,8,False,1
CNT03120,1,Tank,2025-09-02,2025-09-12,2025-09-07,10,False,1
CNT03121,1,General,2025-09-05,2025-09-08,2025-09-10,3,True,1
CNT03122,1,Tank,2025-08-31,2025-09-03,2025-09-05,3,True,1
CNT03123,1,Tank,2025-07-11,2025-07-22,2025-07-16,11,False,1
CNT03124,1,Tank,2025-06-23,2025-06-30,2025-06-28,7,False,1
CNT03125,1,General,2025-04-08,2025-04-10,2025-04-13,2,True,1
CNT03126,1,General,2025-09-10,2025-09-19,2025-09-15,9,False,1
CNT03127,1,General,2025-06-09,2025-06-15,2025-06-14,6,False,1
CNT03128,1,General,2025-07-25,2025-07-30,2025-07-30,5,True,1
CNT03129,1,Hazardous,2025-08-04,2025-08-11,2025-08-09,7,False,1
CNT03130,1,General,2025-05-29,2025-05-31,2025-06-03,2,True,1
CNT03131,1,Reefer,2025-07-01,2025-07-17,2025-07-06,16,False,1
CNT03132,1,Reefer,2025-08-20,2025-08-29,2025-08-25,9,False,1
CNT03133,1,Tank,2025-07-06,2025-07-08,2025-07-11,2,True,1
CNT03134,1,General,2025-07-20,2025-07-24,2025-07-25,4,True,1
CNT03135,1,General,2025-05-18,2025-05-27,2025-05-23,9,False,1
CNT03136,1,Reefer,2025-09-22,2025-09-27,2025-09-27,5,True,1
CNT03137,1,General,2025-08-28,2025-08-31,2025-09-02,3,True,1
CNT03138,1,Tank,2025-09-17,2025-09-27,2025-09-22,10,False,1
CNT03139,1,General,2025-07-07,2025-07-08,2025-07-12,1,True,1
CNT03140,1,Tank,2025-04-22,2025-05-02,2025-04-27,10,False,1
CNT03141,1,General,2025-09-06,2025-09-09,2025-09-11,3,True,1
CNT03142,1,General,2025-06-15,2025-06-28,2025-06-20,13,False,1
CNT03143,1,Hazardous,2025-06-03,2025-06-15,2025-06-08,12,False,1
CNT03144,1,Tank,2025-04-19,2025-04-30,2025-04-24,11,False,1
CNT03145,1,Hazardous,2025-04-22,2025-04-26,2025-04-27,4,True,1
CNT03146,1,General,2025-06-08,2025-06-12,2025-06-13,4,True,1
CNT03147,1,Reefer,2025-05-10,2025-05-16,2025-05-15,6,False,1
CNT03148,1,General,2025-07-07,2025-07-16,2025-07-12,9,False,1
CNT03149,1,General,2025-09-10,2025-09-11,2025-09-15,1,True,1
CNT03150,1,Tank,2025-05-10,2025-05-19,2025-05-15,9,False,1
CNT03151,1,Reefer,2025-07-09,2025-07-21,2025-07-14,12,False,1
CNT03152,1,General,2025-06-21,2025-06-24,2025-06-26,3,True,1
CNT03153,1,General,2025-07-02,2025-07-11,2025-07-07,9,False,1
CNT03154,1,Tank,2025-04-28,2025-05-02,2025-05-03,4,True,1
CNT03155,1,General,2025-04-24,2025-05-01,2025-04-29,7,False,1
CNT03156,1,Tank,2025-04-02,2025-04-05,2025-04-07,3,True,1
CNT03157,1,General,2025-06-18,2025-06-29,2025-06-23,11,False,1
CNT03158,1,Tank,2025-07-23,2025-08-11,2025-07-28,19,False,1
CNT03159,1,Tank,2025-07-02,2025-07-05,2025-07-07,3,True,1
CNT03160,1,Hazardous,2025-06-09,2025-06-29,2025-06-14,20,False,1
CNT03161,1,Hazardous,2025-04-27,2025-05-07,2025-05-02,10,False,1
CNT03162,1,Tank,2025-05-04,2025-05-07,2025-05-09,3,True,1
CNT03163,1,Reefer,2025-04-23,2025-05-09,2025-04-28,16,False,1
CNT03164,1,General,2025-05-18,2025-05-28,2025-05-23,10,False,1
CNT03165,1,Tank,2025-07-20,2025-07-25,2025-07-25,5,True,1
CNT03166,1,General,2025-07-24,2025-07-28,2025-07-29,4,True,1
CNT03167,1,General,2025-08-21,2025-08-27,2025-08-26,6,False,1
CNT03168,1,Reefer,2025-08-21,2025-08-31,2025-08-26,10,False,1
CNT03169,1,General,2025-08-10,2025-08-13,2025-08-15,3,True,1
CNT03170,1,Hazardous,2025-07-14,2025-07-15,2025-07-19,1,True,1
CNT03171,1,Tank,2025-04-27,2025-05-03,2025-05-02,6,False,1
CNT03172,1,General,2025-04-07,2025-04-10,2025-04-12,3,True,1
CNT03173,1,Hazardous,2025-04-23,2025-04-24,2025-04-28,1,True,1
CNT03174,1,General,2025-06-30,2025-07-07,2025-07-05,7,False,1
CNT03175,1,General,2025-08-20,2025-08-31,2025-08-25,11,False,1
CNT03176,1,General,2025-04-24,2025-04-29,2025-04-29,5,True,1
CNT03177,1,Tank,2025-08-31,2025-09-04,2025-09-05,4,True,1
CNT03178,1,Hazardous,2025-09-01,2025-09-02,2025-09-06,1,True,1
CNT03179,1,General,2025-06-23,2025-06-28,2025-06-28,5,True,1
CNT03180,1,Tank,2025-07-08,2025-07-19,2025-07-13,11,False,1
CNT03181,1,General,2025-04-04,2025-04-08,2025-04-09,4,True,1
CNT03182,1,General,2025-06-14,2025-06-22,2025-06-19,8,False,1
CNT03183,1,Reefer,2025-07-15,2025-07-30,2025-07-20,15,False,1
CNT03184,1,Tank,2025-07-09,2025-07-12,2025-07-14,3,True,1
CNT03185,1,General,2025-04-22,2025-04-29,2025-04-27,7,False,1
CNT03186,1,Reefer,2025-08-22,2025-08-26,2025-08-27,4,True,1
CNT03187,1,Tank,2025-06-02,2025-06-18,2025-06-07,16,False,1
CNT03188,1,Tank,2025-08-25,2025-08-31,2025-08-30,6,False,1
CNT03189,1,General,2025-08-12,2025-08-15,2025-08-17,3,True,1
CNT03190,1,General,2025-05-14,2025-05-17,2025-05-19,3,True,1
CNT03191,1,Hazardous,2025-09-23,2025-09-24,2025-09-28,1,True,1
CNT03192,1,Hazardous,2025-07-07,2025-07-08,2025-07-12,1,True,1
CNT03193,1,General,2025-05-14,2025-05-16,2025-05-19,2,True,1
CNT03194,1,Tank,2025-05-06,2025-05-10,2025-05-11,4,True,1
CNT03195,1,Hazardous,2025-06-08,2025-06-09,2025-06-13,1,True,1
CNT03196,1,General,2025-06-17,2025-07-01,2025-06-22,14,False,1
CNT03197,1,General,2025-06-08,2025-06-12,2025-06-13,4,True,1
CNT03198,1,Reefer,2025-08-05,2025-08-08,2025-08-10,3,True,1
CNT03199,1,Reefer,2025-05-08,2025-05-15,2025-05-13,7,False,1
CNT03200,1,General,2025-04-17,2025-04-30,2025-04-22,13,False,1
CNT03201,1,General,2025-05-13,2025-05-16,2025-05-18,3,True,1
CNT03202,1,Hazardous,2025-07-21,2025-07-28,2025-07-26,7,False,1
CNT03203,1,General,2025-06-10,2025-06-16,2025-06-15,6,False,1
CNT03204,1,Reefer,2025-07-17,2025-08-01,2025-07-22,15,False,1
CNT03205,1,Hazardous,2025-06-16,2025-06-24,2025-06-21,8,False,1
CNT03206,1,General,2025-08-02,2025-08-03,2025-08-07,1,True,1
CNT03207,1,Reefer,2025-04-20,2025-05-05,2025-04-25,15,False,1
CNT03208,1,Hazardous,2025-07-02,2025-07-07,2025-07-07,5,True,1
CNT03209,1,Hazardous,2025-06-04,2025-06-12,2025-06-09,8,False,1
CNT03210,1,Tank,2025-06-03,2025-06-04,2025-06-08,1,True,1
CNT03211,1,Tank,2025-09-08,2025-09-11,2025-09-13,3,True,1
CNT03212,1,Tank,2025-08-05,2025-08-18,2025-08-10,13,False,1
CNT03213,1,General,2025-08-31,2025-09-03,2025-09-05,3,True,1
CNT03214,1,Tank,2025-09-05,2025-09-07,2025-09-10,2,True,1
CNT03215,1,General,2025-05-21,2025-06-07,2025-05-26,17,False,1
CNT03216,1,Reefer,2025-07-27,2025-08-01,2025-08-01,5,True,1
CNT03217,1,General,2025-04-28,2025-05-10,2025-05-03,12,False,1
CNT03218,1,General,2025-05-05,2025-05-16,2025-05-10,11,False,1
CNT03219,1,General,2025-06-17,2025-06-22,2025-06-22,5,True,1
CNT03220,1,Reefer,2025-04-02,2025-04-05,2025-04-07,3,True,1
CNT03221,1,Tank,2025-07-11,2025-07-16,2025-07-16,5,True,1
CNT03222,1,General,2025-06-25,2025-06-29,2025-06-30,4,True,1
CNT03223,1,Hazardous,2025-09-06,2025-09-09,2025-09-11,3,True,1
CNT03224,1,Reefer,2025-07-07,2025-07-15,2025-07-12,8,False,1
CNT03225,1,General,2025-06-24,2025-06-25,2025-06-29,1,True,1
CNT03226,1,General,2025-07-22,2025-07-24,2025-07-27,2,True,1
CNT03227,1,General,2025-06-25,2025-06-28,2025-06-30,3,True,1
CNT03228,1,General,2025-07-20,2025-08-27,2025-07-25,38,False,1
CNT03229,1,Hazardous,2025-09-14,2025-09-15,2025-09-19,1,True,1
CNT03230,1,General,2025-08-31,2025-09-03,2025-09-05,3,True,1
CNT03231,1,Hazardous,2025-05-05,2025-05-18,2025-05-10,13,False,1
CNT03232,1,Tank,2025-06-16,2025-06-22,2025-06-21,6,False,1
CNT03233,1,Hazardous,2025-06-22,2025-07-02,2025-06-27,10,False,1
CNT03234,1,Hazardous,2025-09-02,2025-09-14,2025-09-07,12,False,1
CNT03235,1,Hazardous,2025-09-25,2025-09-30,2025-09-30,5,True,1
CNT03236,1,Hazardous,2025-05-22,2025-05-26,2025-05-27,4,True,1
CNT03237,1,General,2025-08-01,2025-08-04,2025-08-06,3,True,1
CNT03238,1,Hazardous,2025-06-20,2025-06-25,2025-06-25,5,True,1
CNT03239,1,Hazardous,2025-05-16,2025-05-25,2025-05-21,9,False,1
CNT03240,1,Tank,2025-07-11,2025-07-17,2025-07-16,6,False,1
CNT03241,1,Tank,2025-06-21,2025-06-22,2025-06-26,1,True,1
CNT03242,1,Tank,2025-06-14,2025-06-27,2025-06-19,13,False,1
CNT03243,1,Tank,2025-09-25,2025-10-08,2025-09-30,13,False,1
CNT03244,1,Reefer,2025-09-10,2025-09-28,2025-09-15,18,False,1
CNT03245,1,Tank,2025-08-04,2025-08-10,2025-08-09,6,False,1
CNT03246,1,Reefer,2025-08-26,2025-08-27,2025-08-31,1,True,1
CNT03247,1,Reefer,2025-06-02,2025-06-09,2025-06-07,7,False,1
CNT03248,1,Hazardous,2025-06-23,2025-06-27,2025-06-28,4,True,1
CNT03249,1,General,2025-07-06,2025-07-14,2025-07-11,8,False,1
CNT03250,1,General,2025-06-11,2025-06-24,2025-06-16,13,False,1
CNT03251,1,Tank,2025-07-10,2025-07-14,2025-07-15,4,True,1
CNT03252,1,Tank,2025-07-03,2025-07-20,2025-07-08,17,False,1
CNT03253,1,Tank,2025-04-30,2025-05-07,2025-05-05,7,False,1
CNT03254,1,General,2025-08-23,2025-08-26,2025-08-28,3,True,1
CNT03255,1,Tank,2025-05-22,2025-05-26,2025-05-27,4,True,1
CNT03256,1,Reefer,2025-08-30,2025-09-05,2025-09-04,6,False,1
CNT03257,1,General,2025-08-18,2025-08-22,2025-08-23,4,True,1
CNT03258,1,Reefer,2025-05-17,2025-05-22,2025-05-22,5,True,1
CNT03259,1,General,2025-09-22,2025-09-27,2025-09-27,5,True,1
CNT03260,1,General,2025-08-19,2025-09-05,2025-08-24,17,False,1
CNT03261,1,Tank,2025-04-07,2025-04-12,2025-04-12,5,True,1
CNT03262,1,Reefer,2025-07-28,2025-08-12,2025-08-02,15,False,1
CNT03263,1,Tank,2025-05-24,2025-06-02,2025-05-29,9,False,1
CNT03264,1,Hazardous,2025-07-22,2025-07-25,2025-07-27,3,True,1
CNT03265,1,Reefer,2025-06-14,2025-06-17,2025-06-19,3,True,1
CNT03266,1,General,2025-09-25,2025-09-28,2025-09-30,3,True,1
CNT03267,1,General,2025-04-18,2025-04-27,2025-04-23,9,False,1
CNT03268,1,General,2025-07-14,2025-07-15,2025-07-19,1,True,1
CNT03269,1,Reefer,2025-09-20,2025-10-01,2025-09-25,11,False,1
CNT03270,1,General,2025-08-06,2025-08-12,2025-08-11,6,False,1
CNT03271,1,General,2025-05-06,2025-05-09,2025-05-11,3,True,1
CNT03272,1,Tank,2025-09-10,2025-09-11,2025-09-15,1,True,1
CNT03273,1,General,2025-06-17,2025-06-19,2025-06-22,2,True,1
CNT03274,1,General,2025-06-01,2025-06-06,2025-06-06,5,True,1
CNT03275,1,Tank,2025-06-04,2025-06-10,2025-06-09,6,False,1
CNT03276,1,Tank,2025-09-16,2025-09-20,2025-09-21,4,True,1
CNT03277,1,General,2025-05-10,2025-05-13,2025-05-15,3,True,1
CNT03278,1,Hazardous,2025-07-18,2025-08-01,2025-07-23,14,False,1
CNT03279,1,Hazardous,2025-07-06,2025-07-08,2025-07-11,2,True,1
CNT03280,1,Hazardous,2025-04-19,2025-04-22,2025-04-24,3,True,1
CNT03281,1,Hazardous,2025-07-24,2025-08-02,2025-07-29,9,False,1
CNT03282,1,Hazardous,2025-09-01,2025-09-05,2025-09-06,4,True,1
CNT03283,1,General,2025-08-01,2025-08-13,2025-08-06,12,False,1
CNT03284,1,Hazardous,2025-08-28,2025-09-04,2025-09-02,7,False,1
CNT03285,1,Reefer,2025-07-12,2025-07-23,2025-07-17,11,False,1
CNT03286,1,Tank,2025-08-15,2025-08-18,2025-08-20,3,True,1
CNT03287,1,General,2025-08-08,2025-08-10,2025-08-13,2,True,1
CNT03288,1,General,2025-09-25,2025-09-29,2025-09-30,4,True,1
CNT03289,1,Reefer,2025-07-17,2025-07-20,2025-07-22,3,True,1
CNT03290,1,General,2025-08-18,2025-08-23,2025-08-23,5,True,1
CNT03291,1,Tank,2025-04-10,2025-04-14,2025-04-15,4,True,1
CNT03292,1,General,2025-07-02,2025-07-09,2025-07-07,7,False,1
CNT03293,1,General,2025-09-27,2025-09-30,2025-10-02,3,True,1
CNT03294,1,Reefer,2025-08-16,2025-08-23,2025-08-21,7,False,1
CNT03295,1,General,2025-08-31,2025-09-10,2025-09-05,10,False,1
CNT03296,1,General,2025-09-11,2025-09-14,2025-09-16,3,True,1
CNT03297,1,General,2025-04-22,2025-04-26,2025-04-27,4,True,1
CNT03298,1,General,2025-04-28,2025-05-06,2025-05-03,8,False,1
CNT03299,1,Reefer,2025-06-03,2025-06-05,2025-06-08,2,True,1
CNT03300,1,General,2025-09-16,2025-09-17,2025-09-21,1,True,1
CNT03301,1,General,2025-09-18,2025-09-19,2025-09-23,1,True,1
CNT03302,1,Hazardous,2025-06-30,2025-07-05,2025-07-05,5,True,1
CNT03303,1,Tank,2025-05-13,2025-05-28,2025-05-18,15,False,1
CNT03304,1,General,2025-09-13,2025-09-15,2025-09-18,2,True,1
CNT03305,1,Hazardous,2025-09-04,2025-09-08,2025-09-09,4,True,1
CNT03306,1,Hazardous,2025-04-12,2025-04-14,2025-04-17,2,True,1
CNT03307,1,Hazardous,2025-08-23,2025-08-30,2025-08-28,7,False,1
CNT03308,1,Tank,2025-09-13,2025-09-20,2025-09-18,7,False,1
CNT03309,1,General,2025-09-21,2025-09-24,2025-09-26,3,True,1
CNT03310,1,Tank,2025-09-13,2025-09-19,2025-09-18,6,False,1
CNT03311,1,Tank,2025-07-12,2025-07-17,2025-07-17,5,True,1
CNT03312,1,Tank,2025-06-24,2025-07-03,2025-06-29,9,False,1
CNT03313,1,Tank,2025-07-20,2025-08-15,2025-07-25,26,False,1
CNT03314,1,Hazardous,2025-04-28,2025-05-01,2025-05-03,3,True,1
CNT03315,1,Hazardous,2025-04-03,2025-04-04,2025-04-08,1,True,1
CNT03316,1,Tank,2025-04-26,2025-04-28,2025-05-01,2,True,1
CNT03317,1,General,2025-06-06,2025-06-12,2025-06-11,6,False,1
CNT03318,1,Hazardous,2025-05-27,2025-05-31,2025-06-01,4,True,1
CNT03319,1,General,2025-08-09,2025-08-15,2025-08-14,6,False,1
CNT03320,1,General,2025-08-11,2025-08-13,2025-08-16,2,True,1
CNT03321,1,General,2025-08-21,2025-08-24,2025-08-26,3,True,1
CNT03322,1,Tank,2025-08-27,2025-09-06,2025-09-01,10,False,1
CNT03323,1,General,2025-09-24,2025-09-29,2025-09-29,5,True,1
CNT03324,1,General,2025-08-26,2025-09-03,2025-08-31,8,False,1
CNT03325,1,General,2025-05-27,2025-05-31,2025-06-01,4,True,1
CNT03326,1,Hazardous,2025-07-24,2025-08-01,2025-07-29,8,False,1
CNT03327,1,Tank,2025-07-05,2025-07-16,2025-07-10,11,False,1
CNT03328,1,General,2025-07-10,2025-07-12,2025-07-15,2,True,1
CNT03329,1,General,2025-07-28,2025-08-02,2025-08-02,5,True,1
CNT03330,1,Tank,2025-09-21,2025-09-22,2025-09-26,1,True,1
CNT03331,1,Tank,2025-08-29,2025-09-02,2025-09-03,4,True,1
CNT03332,1,Hazardous,2025-09-24,2025-09-29,2025-09-29,5,True,1
CNT03333,1,Reefer,2025-08-07,2025-08-12,2025-08-12,5,True,1
CNT03334,1,Tank,2025-05-09,2025-05-16,2025-05-14,7,False,1
CNT03335,1,General,2025-06-28,2025-07-09,2025-07-03,11,False,1
CNT03336,1,Tank,2025-04-07,2025-04-09,2025-04-12,2,True,1
CNT03337,1,Hazardous,2025-08-02,2025-08-04,2025-08-07,2,True,1
CNT03338,1,Hazardous,2025-04-27,2025-05-05,2025-05-02,8,False,1
CNT03339,1,General,2025-06-15,2025-06-21,2025-06-20,6,False,1
CNT03340,1,Reefer,2025-07-16,2025-07-23,2025-07-21,7,False,1
CNT03341,1,General,2025-04-22,2025-04-27,2025-04-27,5,True,1
CNT03342,1,General,2025-04-30,2025-05-09,2025-05-05,9,False,1
CNT03343,1,Tank,2025-05-07,2025-05-09,2025-05-12,2,True,1
CNT03344,1,Tank,2025-06-29,2025-07-03,2025-07-04,4,True,1
CNT03345,1,General,2025-06-19,2025-06-23,2025-06-24,4,True,1
CNT03346,1,Hazardous,2025-06-27,2025-07-19,2025-07-02,22,False,1
CNT03347,1,Tank,2025-07-26,2025-07-31,2025-07-31,5,True,1
CNT03348,1,Reefer,2025-05-23,2025-05-27,2025-05-28,4,True,1
CNT03349,1,General,2025-08-12,2025-08-16,2025-08-17,4,True,1
CNT03350,1,Tank,2025-08-02,2025-08-08,2025-08-07,6,False,1
CNT03351,1,Hazardous,2025-06-29,2025-07-01,2025-07-04,2,True,1
CNT03352,1,Reefer,2025-07-31,2025-08-08,2025-08-05,8,False,1
CNT03353,1,Hazardous,2025-04-25,2025-04-27,2025-04-30,2,True,1
CNT03354,1,Tank,2025-07-22,2025-07-26,2025-07-27,4,True,1
CNT03355,1,Hazardous,2025-09-26,2025-09-27,2025-10-01,1,True,1
CNT03356,1,General,2025-07-25,2025-07-30,2025-07-30,5,True,1
CNT03357,1,General,2025-06-21,2025-06-28,2025-06-26,7,False,1
CNT03358,1,Tank,2025-04-18,2025-04-29,2025-04-23,11,False,1
CNT03359,1,Reefer,2025-06-16,2025-06-21,2025-06-21,5,True,1
CNT03360,1,General,2025-04-12,2025-04-19,2025-04-17,7,False,1
CNT03361,1,Tank,2025-04-30,2025-05-01,2025-05-05,1,True,1
CNT03362,1,Hazardous,2025-04-06,2025-04-11,2025-04-11,5,True,1
CNT03363,1,Reefer,2025-06-27,2025-06-29,2025-07-02,2,True,1
CNT03364,1,Reefer,2025-09-13,2025-09-17,2025-09-18,4,True,1
CNT03365,1,General,2025-04-28,2025-05-07,2025-05-03,9,False,1
CNT03366,1,General,2025-09-21,2025-09-27,2025-09-26,6,False,1
CNT03367,1,Hazardous,2025-05-13,2025-05-16,2025-05-18,3,True,1
CNT03368,1,Hazardous,2025-06-02,2025-06-14,2025-06-07,12,False,1
CNT03369,1,Tank,2025-08-11,2025-08-22,2025-08-16,11,False,1
CNT03370,1,General,2025-05-15,2025-05-25,2025-05-20,10,False,1
CNT03371,1,Tank,2025-08-20,2025-08-24,2025-08-25,4,True,1
CNT03372,1,Reefer,2025-05-11,2025-05-19,2025-05-16,8,False,1
CNT03373,1,Tank,2025-06-24,2025-07-02,2025-06-29,8,False,1
CNT03374,1,Tank,2025-08-22,2025-08-26,2025-08-27,4,True,1
CNT03375,1,Tank,2025-07-19,2025-07-22,2025-07-24,3,True,1
CNT03376,1,Tank,2025-07-28,2025-08-03,2025-08-02,6,False,1
CNT03377,1,Hazardous,2025-05-30,2025-06-02,2025-06-04,3,True,1
CNT03378,1,Hazardous,2025-07-13,2025-07-20,2025-07-18,7,False,1
CNT03379,1,Tank,2025-09-09,2025-09-12,2025-09-14,3,True,1
CNT03380,1,General,2025-05-18,2025-06-03,2025-05-23,16,False,1
CNT03381,1,Tank,2025-05-18,2025-05-22,2025-05-23,4,True,1
CNT03382,1,General,2025-09-11,2025-09-16,2025-09-16,5,True,1
CNT03383,1,Tank,2025-09-16,2025-09-17,2025-09-21,1,True,1
CNT03384,1,General,2025-07-20,2025-08-09,2025-07-25,20,False,1
CNT03385,1,Tank,2025-07-11,2025-07-13,2025-07-16,2,True,1
CNT03386,1,Tank,2025-04-08,2025-04-15,2025-04-13,7,False,1
CNT03387,1,Reefer,2025-09-05,2025-09-10,2025-09-10,5,True,1
CNT03388,1,Tank,2025-05-21,2025-05-22,2025-05-26,1,True,1
CNT03389,1,Tank,2025-07-25,2025-07-28,2025-07-30,3,True,1
CNT03390,1,Tank,2025-08-30,2025-09-05,2025-09-04,6,False,1
CNT03391,1,General,2025-07-19,2025-07-22,2025-07-24,3,True,1
CNT03392,1,Tank,2025-07-09,2025-07-16,2025-07-14,7,False,1
CNT03393,1,Hazardous,2025-04-02,2025-04-06,2025-04-07,4,True,1
CNT03394,1,General,2025-09-28,2025-10-04,2025-10-03,6,False,1
CNT03395,1,Tank,2025-05-25,2025-05-29,2025-05-30,4,True,1
CNT03396,1,General,2025-05-23,2025-05-26,2025-05-28,3,True,1
CNT03397,1,General,2025-06-11,2025-06-19,2025-06-16,8,False,1
CNT03398,1,Tank,2025-09-28,2025-09-30,2025-10-03,2,True,1
CNT03399,1,Hazardous,2025-04-17,2025-04-18,2025-04-22,1,True,1
CNT03400,1,Hazardous,2025-08-26,2025-09-01,2025-08-31,6,False,1
CNT03401,1,General,2025-04-27,2025-04-30,2025-05-02,3,True,1
CNT03402,1,Tank,2025-08-16,2025-08-19,2025-08-21,3,True,1
CNT03403,1,General,2025-05-18,2025-05-22,2025-05-23,4,True,1
CNT03404,1,Tank,2025-07-03,2025-07-28,2025-07-08,25,False,1
CNT03405,1,General,2025-06-23,2025-06-25,2025-06-28,2,True,1
CNT03406,1,General,2025-05-21,2025-05-26,2025-05-26,5,True,1
CNT03407,1,General,2025-07-27,2025-08-13,2025-08-01,17,False,1
CNT03408,1,General,2025-04-30,2025-05-04,2025-05-05,4,True,1
CNT03409,1,Reefer,2025-06-07,2025-06-18,2025-06-12,11,False,1
CNT03410,1,General,2025-09-19,2025-09-25,2025-09-24,6,False,1
CNT03411,1,Hazardous,2025-08-04,2025-08-08,2025-08-09,4,True,1
CNT03412,1,General,2025-08-14,2025-08-24,2025-08-19,10,False,1
CNT03413,1,Hazardous,2025-09-11,2025-09-15,2025-09-16,4,True,1
CNT03414,1,Hazardous,2025-06-20,2025-07-01,2025-06-25,11,False,1
CNT03415,1,Hazardous,2025-08-31,2025-09-10,2025-09-05,10,False,1
CNT03416,1,Reefer,2025-07-09,2025-07-17,2025-07-14,8,False,1
CNT03417,1,Tank,2025-09-04,2025-09-07,2025-09-09,3,True,1
CNT03418,1,Tank,2025-07-10,2025-07-17,2025-07-15,7,False,1
CNT03419,1,General,2025-08-29,2025-09-20,2025-09-03,22,False,1
CNT03420,1,Tank,2025-04-30,2025-05-04,2025-05-05,4,True,1
CNT03421,1,General,2025-06-29,2025-07-06,2025-07-04,7,False,1
CNT03422,1,General,2025-06-30,2025-07-03,2025-07-05,3,True,1
CNT03423,1,General,2025-07-27,2025-08-11,2025-08-01,15,False,1
CNT03424,1,Tank,2025-09-06,2025-09-16,2025-09-11,10,False,1
CNT03425,1,General,2025-05-15,2025-05-18,2025-05-20,3,True,1
CNT03426,1,Reefer,2025-09-20,2025-09-30,2025-09-25,10,False,1
CNT03427,1,General,2025-09-28,2025-10-07,2025-10-03,9,False,1
CNT03428,1,Hazardous,2025-06-16,2025-06-27,2025-06-21,11,False,1
CNT03429,1,Tank,2025-09-05,2025-09-08,2025-09-10,3,True,1
CNT03430,1,Tank,2025-08-30,2025-09-07,2025-09-04,8,False,1
CNT03431,1,Reefer,2025-04-22,2025-05-04,2025-04-27,12,False,1
CNT03432,1,Tank,2025-09-20,2025-10-01,2025-09-25,11,False,1
CNT03433,1,Reefer,2025-05-05,2025-05-14,2025-05-10,9,False,1
CNT03434,1,Hazardous,2025-06-20,2025-07-04,2025-06-25,14,False,1
CNT03435,1,General,2025-05-01,2025-05-10,2025-05-06,9,False,1
CNT03436,1,Hazardous,2025-06-01,2025-06-03,2025-06-06,2,True,1
CNT03437,1,Hazardous,2025-06-18,2025-06-22,2025-06-23,4,True,1
CNT03438,1,General,2025-04-30,2025-05-15,2025-05-05,15,False,1
CNT03439,1,General,2025-05-17,2025-06-04,2025-05-22,18,False,1
CNT03440,1,General,2025-07-05,2025-07-13,2025-07-10,8,False,1
CNT03441,1,Tank,2025-09-25,2025-09-27,2025-09-30,2,True,1
CNT03442,1,Tank,2025-05-07,2025-05-12,2025-05-12,5,True,1
CNT03443,1,General,2025-08-09,2025-08-13,2025-08-14,4,True,1
CNT03444,1,General,2025-07-09,2025-07-17,2025-07-14,8,False,1
CNT03445,1,Tank,2025-07-17,2025-07-23,2025-07-22,6,False,1
CNT03446,1,Tank,2025-08-31,2025-09-02,2025-09-05,2,True,1
CNT03447,1,Hazardous,2025-05-06,2025-05-11,2025-05-11,5,True,1
CNT03448,1,Hazardous,2025-08-26,2025-09-07,2025-08-31,12,False,1
CNT03449,1,General,2025-07-08,2025-07-11,2025-07-13,3,True,1
CNT03450,1,Tank,2025-07-18,2025-07-20,2025-07-23,2,True,1
CNT03451,1,General,2025-05-18,2025-05-22,2025-05-23,4,True,1
CNT03452,1,Tank,2025-08-03,2025-08-08,2025-08-08,5,True,1
CNT03453,1,General,2025-09-10,2025-09-15,2025-09-15,5,True,1
CNT03454,1,General,2025-08-16,2025-08-18,2025-08-21,2,True,1
CNT03455,1,Tank,2025-09-25,2025-10-20,2025-09-30,25,False,1
CNT03456,1,General,2025-09-13,2025-09-29,2025-09-18,16,False,1
CNT03457,1,Hazardous,2025-05-15,2025-05-21,2025-05-20,6,False,1
CNT03458,1,Reefer,2025-08-21,2025-08-31,2025-08-26,10,False,1
CNT03459,1,General,2025-05-13,2025-05-23,2025-05-18,10,False,1
CNT03460,1,Reefer,2025-08-04,2025-08-10,2025-08-09,6,False,1
CNT03461,1,Tank,2025-06-13,2025-06-25,2025-06-18,12,False,1
CNT03462,1,Reefer,2025-05-06,2025-05-10,2025-05-11,4,True,1
CNT03463,1,General,2025-05-18,2025-05-23,2025-05-23,5,True,1
CNT03464,1,Reefer,2025-06-20,2025-06-24,2025-06-25,4,True,1
CNT03465,1,Reefer,2025-07-25,2025-08-09,2025-07-30,15,False,1
CNT03466,1,General,2025-09-06,2025-09-13,2025-09-11,7,False,1
CNT03467,1,General,2025-04-14,2025-04-20,2025-04-19,6,False,1
CNT03468,1,General,2025-07-01,2025-07-10,2025-07-06,9,False,1
CNT03469,1,Tank,2025-04-03,2025-04-06,2025-04-08,3,True,1
CNT03470,1,General,2025-08-03,2025-08-17,2025-08-08,14,False,1
CNT03471,1,Tank,2025-05-05,2025-05-11,2025-05-10,6,False,1
CNT03472,1,Hazardous,2025-05-20,2025-05-26,2025-05-25,6,False,1
CNT03473,1,Hazardous,2025-07-08,2025-07-12,2025-07-13,4,True,1
CNT03474,1,Hazardous,2025-08-22,2025-08-26,2025-08-27,4,True,1
CNT03475,1,Tank,2025-08-08,2025-08-13,2025-08-13,5,True,1
CNT03476,1,Hazardous,2025-09-15,2025-09-18,2025-09-20,3,True,1
CNT03477,1,Hazardous,2025-08-05,2025-08-09,2025-08-10,4,True,1
CNT03478,1,General,2025-07-14,2025-07-17,2025-07-19,3,True,1
CNT03479,1,Tank,2025-09-23,2025-09-25,2025-09-28,2,True,1
CNT03480,1,Hazardous,2025-08-04,2025-08-09,2025-08-09,5,True,1
CNT03481,1,General,2025-07-16,2025-07-20,2025-07-21,4,True,1
CNT03482,1,Hazardous,2025-07-23,2025-08-01,2025-07-28,9,False,1
CNT03483,1,General,2025-08-04,2025-08-13,2025-08-09,9,False,1
CNT03484,1,General,2025-05-13,2025-05-23,2025-05-18,10,False,1
CNT03485,1,Hazardous,2025-04-22,2025-04-28,2025-04-27,6,False,1
CNT03486,1,General,2025-08-23,2025-08-25,2025-08-28,2,True,1
CNT03487,1,Reefer,2025-04-08,2025-04-11,2025-04-13,3,True,1
CNT03488,1,General,2025-05-27,2025-06-02,2025-06-01,6,False,1
CNT03489,1,General,2025-06-14,2025-06-15,2025-06-19,1,True,1
CNT03490,1,Reefer,2025-04-09,2025-04-15,2025-04-14,6,False,1
CNT03491,1,General,2025-06-10,2025-06-11,2025-06-15,1,True,1
CNT03492,1,Tank,2025-05-28,2025-06-07,2025-06-02,10,False,1
CNT03493,1,General,2025-08-16,2025-08-26,2025-08-21,10,False,1
CNT03494,1,Tank,2025-06-13,2025-06-23,2025-06-18,10,False,1
CNT03495,1,Tank,2025-05-14,2025-05-22,2025-05-19,8,False,1
CNT03496,1,Tank,2025-07-27,2025-07-31,2025-08-01,4,True,1
CNT03497,1,Tank,2025-08-23,2025-08-29,2025-08-28,6,False,1
CNT03498,1,Reefer,2025-08-05,2025-08-14,2025-08-10,9,False,1
CNT03499,1,General,2025-08-19,2025-08-25,2025-08-24,6,False,1
CNT03500,1,General,2025-08-09,2025-08-11,2025-08-14,2,True,1
CNT03501,1,General,2025-04-29,2025-05-02,2025-05-04,3,True,1
CNT03502,1,General,2025-08-25,2025-08-28,2025-08-30,3,True,1
CNT03503,1,General,2025-04-30,2025-05-07,2025-05-05,7,False,1
CNT03504,1,Reefer,2025-06-08,2025-06-15,2025-06-13,7,False,1
CNT03505,1,Hazardous,2025-08-18,2025-08-23,2025-08-23,5,True,1
CNT03506,1,General,2025-07-03,2025-07-07,2025-07-08,4,True,1
CNT03507,1,Reefer,2025-08-17,2025-08-23,2025-08-22,6,False,1
CNT03508,1,Tank,2025-04-11,2025-04-13,2025-04-16,2,True,1
CNT03509,1,Hazardous,2025-07-22,2025-07-24,2025-07-27,2,True,1
CNT03510,1,Hazardous,2025-08-18,2025-08-24,2025-08-23,6,False,1
CNT03511,1,Tank,2025-05-26,2025-06-02,2025-05-31,7,False,1
CNT03512,1,General,2025-07-18,2025-07-25,2025-07-23,7,False,1
CNT03513,1,Tank,2025-04-27,2025-05-05,2025-05-02,8,False,1
CNT03514,1,Hazardous,2025-09-15,2025-09-19,2025-09-20,4,True,1
CNT03515,1,Tank,2025-06-03,2025-06-08,2025-06-08,5,True,1
CNT03516,1,Tank,2025-06-16,2025-06-27,2025-06-21,11,False,1
CNT03517,1,Hazardous,2025-04-09,2025-04-21,2025-04-14,12,False,1
CNT03518,1,General,2025-07-25,2025-08-05,2025-07-30,11,False,1
CNT03519,1,General,2025-06-07,2025-06-14,2025-06-12,7,False,1
CNT03520,1,Hazardous,2025-06-29,2025-07-01,2025-07-04,2,True,1
CNT03521,1,Hazardous,2025-04-23,2025-04-29,2025-04-28,6,False,1
CNT03522,1,Tank,2025-07-22,2025-07-31,2025-07-27,9,False,1
CNT03523,1,Hazardous,2025-05-01,2025-05-10,2025-05-06,9,False,1
CNT03524,1,Hazardous,2025-05-31,2025-06-07,2025-06-05,7,False,1
CNT03525,1,General,2025-05-24,2025-05-25,2025-05-29,1,True,1
CNT03526,1,Hazardous,2025-08-29,2025-09-04,2025-09-03,6,False,1
CNT03527,1,Hazardous,2025-09-24,2025-10-07,2025-09-29,13,False,1
CNT03528,1,General,2025-06-29,2025-07-02,2025-07-04,3,True,1
CNT03529,1,Reefer,2025-09-04,2025-09-13,2025-09-09,9,False,1
CNT03530,1,Tank,2025-09-09,2025-09-22,2025-09-14,13,False,1
CNT03531,1,Hazardous,2025-07-19,2025-07-22,2025-07-24,3,True,1
CNT03532,1,Reefer,2025-05-13,2025-06-17,2025-05-18,35,False,1
CNT03533,1,General,2025-09-05,2025-09-13,2025-09-10,8,False,1
CNT03534,1,General,2025-05-06,2025-05-07,2025-05-11,1,True,1
CNT03535,1,General,2025-05-23,2025-05-29,2025-05-28,6,False,1
CNT03536,1,Hazardous,2025-05-23,2025-05-27,2025-05-28,4,True,1
CNT03537,1,General,2025-04-16,2025-04-18,2025-04-21,2,True,1
CNT03538,1,General,2025-08-24,2025-08-26,2025-08-29,2,True,1
CNT03539,1,Tank,2025-06-29,2025-07-01,2025-07-04,2,True,1
CNT03540,1,Hazardous,2025-08-15,2025-08-24,2025-08-20,9,False,1
CNT03541,1,General,2025-06-11,2025-06-23,2025-06-16,12,False,1
CNT03542,1,Tank,2025-08-31,2025-09-03,2025-09-05,3,True,1
CNT03543,1,Hazardous,2025-08-16,2025-08-19,2025-08-21,3,True,1
CNT03544,1,Tank,2025-05-14,2025-05-17,2025-05-19,3,True,1
CNT03545,1,Reefer,2025-06-22,2025-07-02,2025-06-27,10,False,1
CNT03546,1,Tank,2025-09-28,2025-10-04,2025-10-03,6,False,1
CNT03547,1,General,2025-06-14,2025-06-29,2025-06-19,15,False,1
CNT03548,1,Hazardous,2025-06-14,2025-06-16,2025-06-19,2,True,1
CNT03549,1,General,2025-08-25,2025-08-31,2025-08-30,6,False,1
CNT03550,1,General,2025-06-08,2025-06-13,2025-06-13,5,True,1
CNT03551,1,General,2025-08-10,2025-08-14,2025-08-15,4,True,1
CNT03552,1,Reefer,2025-09-21,2025-09-22,2025-09-26,1,True,1
CNT03553,1,Tank,2025-04-25,2025-04-27,2025-04-30,2,True,1
CNT03554,1,General,2025-05-05,2025-05-09,2025-05-10,4,True,1
CNT03555,1,General,2025-07-15,2025-07-17,2025-07-20,2,True,1
CNT03556,1,General,2025-04-16,2025-04-19,2025-04-21,3,True,1
CNT03557,1,General,2025-06-10,2025-07-05,2025-06-15,25,False,1
CNT03558,1,Hazardous,2025-09-15,2025-09-16,2025-09-20,1,True,1
CNT03559,1,Tank,2025-05-03,2025-05-07,2025-05-08,4,True,1
CNT03560,1,Reefer,2025-09-27,2025-10-11,2025-10-02,14,False,1
CNT03561,1,Tank,2025-05-04,2025-05-08,2025-05-09,4,True,1
CNT03562,1,Hazardous,2025-06-03,2025-06-04,2025-06-08,1,True,1
CNT03563,1,General,2025-05-08,2025-05-21,2025-05-13,13,False,1
CNT03564,1,Reefer,2025-06-22,2025-07-03,2025-06-27,11,False,1
CNT03565,1,General,2025-06-03,2025-06-11,2025-06-08,8,False,1
CNT03566,1,General,2025-09-21,2025-09-26,2025-09-26,5,True,1
CNT03567,1,Hazardous,2025-07-10,2025-07-13,2025-07-15,3,True,1
CNT03568,1,General,2025-08-04,2025-08-06,2025-08-09,2,True,1
CNT03569,1,General,2025-05-07,2025-05-13,2025-05-12,6,False,1
CNT03570,1,General,2025-08-26,2025-08-29,2025-08-31,3,True,1
CNT03571,1,Tank,2025-09-09,2025-09-15,2025-09-14,6,False,1
CNT03572,1,Tank,2025-06-08,2025-06-24,2025-06-13,16,False,1
CNT03573,1,Tank,2025-09-08,2025-09-10,2025-09-13,2,True,1
CNT03574,1,Tank,2025-07-16,2025-07-30,2025-07-21,14,False,1
CNT03575,1,Reefer,2025-07-06,2025-07-08,2025-07-11,2,True,1
CNT03576,1,Tank,2025-07-25,2025-07-27,2025-07-30,2,True,1
CNT03577,1,General,2025-04-20,2025-05-08,2025-04-25,18,False,1
CNT03578,1,General,2025-09-10,2025-09-19,2025-09-15,9,False,1
CNT03579,1,General,2025-04-24,2025-04-29,2025-04-29,5,True,1
CNT03580,1,Tank,2025-07-13,2025-07-17,2025-07-18,4,True,1
CNT03581,1,Tank,2025-08-10,2025-08-29,2025-08-15,19,False,1
CNT03582,1,General,2025-06-11,2025-06-14,2025-06-16,3,True,1
CNT03583,1,Reefer,2025-09-25,2025-09-26,2025-09-30,1,True,1
CNT03584,1,General,2025-07-04,2025-07-12,2025-07-09,8,False,1
CNT03585,1,Reefer,2025-07-26,2025-07-31,2025-07-31,5,True,1
CNT03586,1,General,2025-08-03,2025-08-06,2025-08-08,3,True,1
CNT03587,1,Tank,2025-06-23,2025-07-03,2025-06-28,10,False,1
CNT03588,1,General,2025-08-27,2025-08-30,2025-09-01,3,True,1
CNT03589,1,General,2025-04-01,2025-04-06,2025-04-06,5,True,1
CNT03590,1,General,2025-04-24,2025-04-29,2025-04-29,5,True,1
CNT03591,1,General,2025-07-27,2025-08-02,2025-08-01,6,False,1
CNT03592,1,General,2025-09-10,2025-09-26,2025-09-15,16,False,1
CNT03593,1,General,2025-09-18,2025-10-02,2025-09-23,14,False,1
CNT03594,1,Hazardous,2025-09-26,2025-09-28,2025-10-01,2,True,1
CNT03595,1,Tank,2025-07-01,2025-07-10,2025-07-06,9,False,1
CNT03596,1,Hazardous,2025-04-17,2025-04-20,2025-04-22,3,True,1
CNT03597,1,General,2025-08-15,2025-08-23,2025-08-20,8,False,1
CNT03598,1,General,2025-07-11,2025-07-17,2025-07-16,6,False,1
CNT03599,1,Hazardous,2025-05-26,2025-06-01,2025-05-31,6,False,1
CNT03600,1,Tank,2025-07-19,2025-07-21,2025-07-24,2,True,1
CNT03601,1,General,2025-05-25,2025-06-01,2025-05-30,7,False,1
CNT03602,1,General,2025-08-05,2025-08-12,2025-08-10,7,False,1
CNT03603,1,General,2025-06-08,2025-06-10,2025-06-13,2,True,1
CNT03604,1,General,2025-06-22,2025-06-26,2025-06-27,4,True,1
CNT03605,1,General,2025-06-12,2025-06-14,2025-06-17,2,True,1
CNT03606,1,Hazardous,2025-06-26,2025-06-28,2025-07-01,2,True,1
CNT03607,1,Tank,2025-08-19,2025-08-27,2025-08-24,8,False,1
CNT03608,1,Tank,2025-08-26,2025-08-28,2025-08-31,2,True,1
CNT03609,1,General,2025-05-04,2025-05-07,2025-05-09,3,True,1
CNT03610,1,Reefer,2025-08-23,2025-08-25,2025-08-28,2,True,1
CNT03611,1,General,2025-08-03,2025-08-06,2025-08-08,3,True,1
CNT03612,1,Tank,2025-06-27,2025-07-06,2025-07-02,9,False,1
CNT03613,1,General,2025-09-22,2025-09-28,2025-09-27,6,False,1
CNT03614,1,Hazardous,2025-04-13,2025-04-15,2025-04-18,2,True,1
CNT03615,1,General,2025-04-12,2025-04-22,2025-04-17,10,False,1
CNT03616,1,General,2025-04-26,2025-05-10,2025-05-01,14,False,1
CNT03617,1,Reefer,2025-09-08,2025-09-18,2025-09-13,10,False,1
CNT03618,1,Hazardous,2025-07-27,2025-08-10,2025-08-01,14,False,1
CNT03619,1,Reefer,2025-04-05,2025-04-09,2025-04-10,4,True,1
CNT03620,1,General,2025-05-02,2025-05-05,2025-05-07,3,True,1
CNT03621,1,General,2025-05-11,2025-05-18,2025-05-16,7,False,1
CNT03622,1,Tank,2025-07-22,2025-08-04,2025-07-27,13,False,1
CNT03623,1,Reefer,2025-07-26,2025-08-11,2025-07-31,16,False,1
CNT03624,1,Hazardous,2025-04-01,2025-04-03,2025-04-06,2,True,1
CNT03625,1,General,2025-07-19,2025-07-23,2025-07-24,4,True,1
CNT03626,1,Reefer,2025-05-22,2025-05-28,2025-05-27,6,False,1
CNT03627,1,Hazardous,2025-09-24,2025-09-27,2025-09-29,3,True,1
CNT03628,1,General,2025-05-04,2025-05-09,2025-05-09,5,True,1
CNT03629,1,Hazardous,2025-09-14,2025-09-22,2025-09-19,8,False,1
CNT03630,1,Reefer,2025-06-17,2025-06-19,2025-06-22,2,True,1
CNT03631,1,General,2025-05-11,2025-05-13,2025-05-16,2,True,1
CNT03632,1,Tank,2025-06-10,2025-06-18,2025-06-15,8,False,1
CNT03633,1,General,2025-04-24,2025-05-08,2025-04-29,14,False,1
CNT03634,1,Tank,2025-09-15,2025-09-24,2025-09-20,9,False,1
CNT03635,1,Tank,2025-07-02,2025-07-15,2025-07-07,13,False,1
CNT03636,1,General,2025-06-04,2025-06-07,2025-06-09,3,True,1
CNT03637,1,General,2025-04-22,2025-04-25,2025-04-27,3,True,1
CNT03638,1,Hazardous,2025-07-05,2025-07-15,2025-07-10,10,False,1
CNT03639,1,Tank,2025-09-18,2025-09-26,2025-09-23,8,False,1
CNT03640,1,General,2025-09-14,2025-09-18,2025-09-19,4,True,1
CNT03641,1,Reefer,2025-05-13,2025-05-16,2025-05-18,3,True,1
CNT03642,1,Tank,2025-04-14,2025-04-16,2025-04-19,2,True,1
CNT03643,1,General,2025-07-11,2025-07-13,2025-07-16,2,True,1
CNT03644,1,Reefer,2025-09-08,2025-09-13,2025-09-13,5,True,1
CNT03645,1,General,2025-06-18,2025-06-19,2025-06-23,1,True,1
CNT03646,1,General,2025-09-27,2025-10-05,2025-10-02,8,False,1
CNT03647,1,Hazardous,2025-05-30,2025-06-04,2025-06-04,5,True,1
CNT03648,1,Reefer,2025-07-19,2025-07-25,2025-07-24,6,False,1
CNT03649,1,Tank,2025-09-15,2025-09-24,2025-09-20,9,False,1
CNT03650,1,General,2025-04-24,2025-04-30,2025-04-29,6,False,1
CNT03651,1,Reefer,2025-09-28,2025-10-03,2025-10-03,5,True,1
CNT03652,1,Reefer,2025-04-25,2025-05-06,2025-04-30,11,False,1
CNT03653,1,General,2025-04-01,2025-04-03,2025-04-06,2,True,1
CNT03654,1,General,2025-05-25,2025-05-27,2025-05-30,2,True,1
CNT03655,1,Tank,2025-08-01,2025-08-04,2025-08-06,3,True,1
CNT03656,1,General,2025-04-20,2025-04-23,2025-04-25,3,True,1
CNT03657,1,Hazardous,2025-05-04,2025-05-06,2025-05-09,2,True,1
CNT03658,1,Hazardous,2025-08-30,2025-09-07,2025-09-04,8,False,1
CNT03659,1,General,2025-05-28,2025-05-31,2025-06-02,3,True,1
CNT03660,1,Tank,2025-08-11,2025-08-14,2025-08-16,3,True,1
CNT03661,1,Hazardous,2025-09-22,2025-09-27,2025-09-27,5,True,1
CNT03662,1,Hazardous,2025-07-23,2025-07-28,2025-07-28,5,True,1
CNT03663,1,Tank,2025-04-03,2025-04-10,2025-04-08,7,False,1
CNT03664,1,Tank,2025-04-03,2025-04-06,2025-04-08,3,True,1
CNT03665,1,Hazardous,2025-09-26,2025-09-29,2025-10-01,3,True,1
CNT03666,1,General,2025-06-27,2025-07-05,2025-07-02,8,False,1
CNT03667,1,General,2025-05-01,2025-05-15,2025-05-06,14,False,1
CNT03668,1,Tank,2025-07-18,2025-07-22,2025-07-23,4,True,1
CNT03669,1,Hazardous,2025-09-25,2025-09-29,2025-09-30,4,True,1
CNT03670,1,General,2025-05-04,2025-05-28,2025-05-09,24,False,1
CNT03671,1,Tank,2025-08-01,2025-08-16,2025-08-06,15,False,1
CNT03672,1,Hazardous,2025-04-19,2025-04-27,2025-04-24,8,False,1
CNT03673,1,Reefer,2025-05-29,2025-06-02,2025-06-03,4,True,1
CNT03674,1,General,2025-07-08,2025-07-18,2025-07-13,10,False,1
CNT03675,1,General,2025-04-23,2025-05-03,2025-04-28,10,False,1
CNT03676,1,General,2025-04-27,2025-05-01,2025-05-02,4,True,1
CNT03677,1,Tank,2025-04-27,2025-05-02,2025-05-02,5,True,1
CNT03678,1,Reefer,2025-06-20,2025-06-25,2025-06-25,5,True,1
CNT03679,1,General,2025-07-04,2025-07-16,2025-07-09,12,False,1
CNT03680,1,Hazardous,2025-06-16,2025-07-01,2025-06-21,15,False,1
CNT03681,1,Hazardous,2025-05-06,2025-05-09,2025-05-11,3,True,1
CNT03682,1,General,2025-07-07,2025-07-08,2025-07-12,1,True,1
CNT03683,1,General,2025-05-05,2025-05-10,2025-05-10,5,True,1
CNT03684,1,General,2025-09-12,2025-09-17,2025-09-17,5,True,1
CNT03685,1,Reefer,2025-09-21,2025-10-05,2025-09-26,14,False,1
CNT03686,1,Tank,2025-05-07,2025-05-22,2025-05-12,15,False,1
CNT03687,1,Hazardous,2025-04-18,2025-05-07,2025-04-23,19,False,1
CNT03688,1,Hazardous,2025-08-14,2025-08-20,2025-08-19,6,False,1
CNT03689,1,General,2025-08-23,2025-08-25,2025-08-28,2,True,1
CNT03690,1,Reefer,2025-04-03,2025-04-08,2025-04-08,5,True,1
CNT03691,1,General,2025-09-04,2025-09-06,2025-09-09,2,True,1
CNT03692,1,Reefer,2025-09-14,2025-09-22,2025-09-19,8,False,1
CNT03693,1,Tank,2025-05-13,2025-05-18,2025-05-18,5,True,1
CNT03694,1,Tank,2025-07-22,2025-07-30,2025-07-27,8,False,1
CNT03695,1,Tank,2025-06-29,2025-07-25,2025-07-04,26,False,1
CNT03696,1,Hazardous,2025-05-25,2025-05-29,2025-05-30,4,True,1
CNT03697,1,Hazardous,2025-09-08,2025-09-16,2025-09-13,8,False,1
CNT03698,1,Reefer,2025-05-09,2025-05-11,2025-05-14,2,True,1
CNT03699,1,Reefer,2025-07-15,2025-07-16,2025-07-20,1,True,1
CNT03700,1,Reefer,2025-09-05,2025-09-08,2025-09-10,3,True,1
CNT03701,1,General,2025-09-23,2025-10-24,2025-09-28,31,False,1
CNT03702,1,Reefer,2025-07-23,2025-07-25,2025-07-28,2,True,1
CNT03703,1,Hazardous,2025-05-26,2025-06-03,2025-05-31,8,False,1
CNT03704,1,Hazardous,2025-04-23,2025-04-28,2025-04-28,5,True,1
CNT03705,1,General,2025-04-26,2025-04-27,2025-05-01,1,True,1
CNT03706,1,Reefer,2025-05-06,2025-05-09,2025-05-11,3,True,1
CNT03707,1,Hazardous,2025-05-02,2025-05-17,2025-05-07,15,False,1
CNT03708,1,General,2025-08-29,2025-09-03,2025-09-03,5,True,1
CNT03709,1,General,2025-07-08,2025-07-11,2025-07-13,3,True,1
CNT03710,1,Tank,2025-06-29,2025-07-14,2025-07-04,15,False,1
CNT03711,1,Hazardous,2025-07-19,2025-07-21,2025-07-24,2,True,1
CNT03712,1,General,2025-06-20,2025-06-21,2025-06-25,1,True,1
CNT03713,1,General,2025-05-06,2025-05-09,2025-05-11,3,True,1
CNT03714,1,Hazardous,2025-06-03,2025-06-09,2025-06-08,6,False,1
CNT03715,1,Tank,2025-06-10,2025-06-11,2025-06-15,1,True,1
CNT03716,1,Tank,2025-09-13,2025-09-22,2025-09-18,9,False,1
CNT03717,1,Tank,2025-04-22,2025-05-02,2025-04-27,10,False,1
CNT03718,1,General,2025-06-03,2025-06-19,2025-06-08,16,False,1
CNT03719,1,Hazardous,2025-08-20,2025-09-03,2025-08-25,14,False,1
CNT03720,1,General,2025-09-01,2025-09-03,2025-09-06,2,True,1
CNT03721,1,General,2025-09-01,2025-09-27,2025-09-06,26,False,1
CNT03722,1,Hazardous,2025-09-03,2025-09-10,2025-09-08,7,False,1
CNT03723,1,Hazardous,2025-06-12,2025-06-18,2025-06-17,6,False,1
CNT03724,1,General,2025-09-24,2025-09-27,2025-09-29,3,True,1
CNT03725,1,Tank,2025-04-07,2025-04-11,2025-04-12,4,True,1
CNT03726,1,Reefer,2025-09-16,2025-09-20,2025-09-21,4,True,1
CNT03727,1,Reefer,2025-06-17,2025-06-23,2025-06-22,6,False,1
CNT03728,1,General,2025-05-23,2025-05-25,2025-05-28,2,True,1
CNT03729,1,General,2025-08-11,2025-08-20,2025-08-16,9,False,1
CNT03730,1,Tank,2025-09-03,2025-09-18,2025-09-08,15,False,1
CNT03731,1,Reefer,2025-08-09,2025-08-14,2025-08-14,5,True,1
CNT03732,1,Tank,2025-05-19,2025-05-21,2025-05-24,2,True,1
CNT03733,1,General,2025-07-10,2025-07-14,2025-07-15,4,True,1
CNT03734,1,Tank,2025-06-15,2025-06-17,2025-06-20,2,True,1
CNT03735,1,Reefer,2025-09-13,2025-09-25,2025-09-18,12,False,1
CNT03736,1,General,2025-04-14,2025-04-21,2025-04-19,7,False,1
CNT03737,1,General,2025-06-01,2025-06-04,2025-06-06,3,True,1
CNT03738,1,General,2025-08-05,2025-08-13,2025-08-10,8,False,1
CNT03739,1,Hazardous,2025-07-08,2025-07-19,2025-07-13,11,False,1
CNT03740,1,Hazardous,2025-04-29,2025-05-01,2025-05-04,2,True,1
CNT03741,1,General,2025-06-01,2025-06-03,2025-06-06,2,True,1
CNT03742,1,General,2025-08-06,2025-08-20,2025-08-11,14,False,1
CNT03743,1,Tank,2025-09-11,2025-09-16,2025-09-16,5,True,1
CNT03744,1,Tank,2025-08-31,2025-09-04,2025-09-05,4,True,1
CNT03745,1,General,2025-04-19,2025-04-23,2025-04-24,4,True,1
CNT03746,1,Hazardous,2025-08-14,2025-08-23,2025-08-19,9,False,1
CNT03747,1,General,2025-04-04,2025-04-09,2025-04-09,5,True,1
CNT03748,1,Hazardous,2025-07-02,2025-07-13,2025-07-07,11,False,1
CNT03749,1,General,2025-06-21,2025-06-29,2025-06-26,8,False,1
CNT03750,1,General,2025-05-04,2025-05-11,2025-05-09,7,False,1
CNT03751,1,General,2025-07-09,2025-07-16,2025-07-14,7,False,1
CNT03752,1,Reefer,2025-08-24,2025-08-25,2025-08-29,1,True,1
CNT03753,1,Hazardous,2025-07-17,2025-07-22,2025-07-22,5,True,1
CNT03754,1,Hazardous,2025-07-03,2025-07-21,2025-07-08,18,False,1
CNT03755,1,General,2025-08-18,2025-08-25,2025-08-23,7,False,1
CNT03756,1,General,2025-09-22,2025-10-07,2025-09-27,15,False,1
CNT03757,1,Tank,2025-05-15,2025-05-19,2025-05-20,4,True,1
CNT03758,1,General,2025-07-30,2025-08-01,2025-08-04,2,True,1
CNT03759,1,General,2025-04-19,2025-04-24,2025-04-24,5,True,1
CNT03760,1,Tank,2025-04-05,2025-04-14,2025-04-10,9,False,1
CNT03761,1,Reefer,2025-08-29,2025-09-11,2025-09-03,13,False,1
CNT03762,1,Tank,2025-04-18,2025-04-22,2025-04-23,4,True,1
CNT03763,1,General,2025-04-04,2025-04-07,2025-04-09,3,True,1
CNT03764,1,Reefer,2025-06-07,2025-06-16,2025-06-12,9,False,1
CNT03765,1,Reefer,2025-05-26,2025-05-27,2025-05-31,1,True,1
CNT03766,1,General,2025-04-11,2025-04-12,2025-04-16,1,True,1
CNT03767,1,Reefer,2025-04-16,2025-04-24,2025-04-21,8,False,1
CNT03768,1,General,2025-07-11,2025-07-17,2025-07-16,6,False,1
CNT03769,1,Tank,2025-08-08,2025-08-13,2025-08-13,5,True,1
CNT03770,1,General,2025-06-13,2025-06-16,2025-06-18,3,True,1
CNT03771,1,Hazardous,2025-09-08,2025-09-24,2025-09-13,16,False,1
CNT03772,1,Hazardous,2025-08-07,2025-08-08,2025-08-12,1,True,1
CNT03773,1,General,2025-07-16,2025-07-23,2025-07-21,7,False,1
CNT03774,1,Hazardous,2025-07-18,2025-07-19,2025-07-23,1,True,1
CNT03775,1,Reefer,2025-09-27,2025-10-02,2025-10-02,5,True,1
CNT03776,1,Reefer,2025-07-12,2025-07-14,2025-07-17,2,True,1
CNT03777,1,General,2025-04-22,2025-04-28,2025-04-27,6,False,1
CNT03778,1,Reefer,2025-09-11,2025-09-14,2025-09-16,3,True,1
CNT03779,1,General,2025-08-16,2025-08-23,2025-08-21,7,False,1
CNT03780,1,Tank,2025-08-16,2025-08-20,2025-08-21,4,True,1
CNT03781,1,General,2025-09-05,2025-09-11,2025-09-10,6,False,1
CNT03782,1,Hazardous,2025-05-10,2025-05-14,2025-05-15,4,True,1
CNT03783,1,Tank,2025-06-11,2025-06-16,2025-06-16,5,True,1
CNT03784,1,General,2025-04-22,2025-04-25,2025-04-27,3,True,1
CNT03785,1,Tank,2025-06-19,2025-06-21,2025-06-24,2,True,1
CNT03786,1,Hazardous,2025-04-21,2025-04-23,2025-04-26,2,True,1
CNT03787,1,General,2025-08-09,2025-08-10,2025-08-14,1,True,1
CNT03788,1,General,2025-05-23,2025-06-04,2025-05-28,12,False,1
CNT03789,1,Reefer,2025-05-10,2025-05-19,2025-05-15,9,False,1
CNT03790,1,Hazardous,2025-08-16,2025-08-23,2025-08-21,7,False,1
CNT03791,1,General,2025-06-23,2025-06-26,2025-06-28,3,True,1
CNT03792,1,General,2025-07-10,2025-07-15,2025-07-15,5,True,1
CNT03793,1,General,2025-08-29,2025-09-10,2025-09-03,12,False,1
CNT03794,1,General,2025-09-10,2025-09-19,2025-09-15,9,False,1
CNT03795,1,General,2025-09-14,2025-09-20,2025-09-19,6,False,1
CNT03796,1,Tank,2025-09-22,2025-09-24,2025-09-27,2,True,1
CNT03797,1,General,2025-09-12,2025-09-14,2025-09-17,2,True,1
CNT03798,1,Reefer,2025-04-17,2025-05-06,2025-04-22,19,False,1
CNT03799,1,Tank,2025-06-19,2025-06-26,2025-06-24,7,False,1
CNT03800,1,General,2025-09-26,2025-10-02,2025-10-01,6,False,1
CNT03801,1,Tank,2025-07-21,2025-08-10,2025-07-26,20,False,1
CNT03802,1,General,2025-06-01,2025-06-07,2025-06-06,6,False,1
CNT03803,1,General,2025-04-15,2025-04-21,2025-04-20,6,False,1
CNT03804,1,Tank,2025-06-02,2025-06-06,2025-06-07,4,True,1
CNT03805,1,General,2025-04-23,2025-05-02,2025-04-28,9,False,1
CNT03806,1,Tank,2025-07-21,2025-07-23,2025-07-26,2,True,1
CNT03807,1,General,2025-04-30,2025-05-05,2025-05-05,5,True,1
CNT03808,1,Hazardous,2025-07-26,2025-07-27,2025-07-31,1,True,1
CNT03809,1,Hazardous,2025-09-04,2025-09-12,2025-09-09,8,False,1
CNT03810,1,General,2025-09-03,2025-09-13,2025-09-08,10,False,1
CNT03811,1,Hazardous,2025-04-15,2025-04-22,2025-04-20,7,False,1
CNT03812,1,General,2025-06-19,2025-06-22,2025-06-24,3,True,1
CNT03813,1,Tank,2025-09-18,2025-09-19,2025-09-23,1,True,1
CNT03814,1,General,2025-09-16,2025-09-24,2025-09-21,8,False,1
CNT03815,1,Tank,2025-05-15,2025-05-17,2025-05-20,2,True,1
CNT03816,1,Reefer,2025-05-01,2025-05-12,2025-05-06,11,False,1
CNT03817,1,Tank,2025-04-04,2025-04-13,2025-04-09,9,False,1
CNT03818,1,Tank,2025-05-06,2025-05-16,2025-05-11,10,False,1
CNT03819,1,Reefer,2025-09-27,2025-09-30,2025-10-02,3,True,1
CNT03820,1,Tank,2025-04-03,2025-04-07,2025-04-08,4,True,1
CNT03821,1,General,2025-05-12,2025-05-17,2025-05-17,5,True,1
CNT03822,1,Reefer,2025-08-06,2025-08-15,2025-08-11,9,False,1
CNT03823,1,Tank,2025-06-28,2025-07-03,2025-07-03,5,True,1
CNT03824,1,Reefer,2025-08-12,2025-08-15,2025-08-17,3,True,1
CNT03825,1,General,2025-08-11,2025-08-16,2025-08-16,5,True,1
CNT03826,1,Tank,2025-06-06,2025-06-07,2025-06-11,1,True,1
CNT03827,1,Tank,2025-05-13,2025-05-17,2025-05-18,4,True,1
CNT03828,1,Reefer,2025-07-05,2025-07-11,2025-07-10,6,False,1
CNT03829,1,Tank,2025-05-03,2025-05-09,2025-05-08,6,False,1
CNT03830,1,Hazardous,2025-06-08,2025-06-12,2025-06-13,4,True,1
CNT03831,1,General,2025-05-01,2025-05-09,2025-05-06,8,False,1
CNT03832,1,Hazardous,2025-04-08,2025-04-21,2025-04-13,13,False,1
CNT03833,1,Tank,2025-06-25,2025-06-27,2025-06-30,2,True,1
CNT03834,1,General,2025-07-19,2025-07-20,2025-07-24,1,True,1
CNT03835,1,Reefer,2025-06-09,2025-06-16,2025-06-14,7,False,1
CNT03836,1,Hazardous,2025-08-13,2025-08-16,2025-08-18,3,True,1
CNT03837,1,Tank,2025-04-17,2025-04-20,2025-04-22,3,True,1
CNT03838,1,General,2025-06-07,2025-06-08,2025-06-12,1,True,1
CNT03839,1,Hazardous,2025-08-26,2025-09-03,2025-08-31,8,False,1
CNT03840,1,General,2025-09-08,2025-09-15,2025-09-13,7,False,1
CNT03841,1,Reefer,2025-04-20,2025-04-28,2025-04-25,8,False,1
CNT03842,1,Tank,2025-08-06,2025-08-20,2025-08-11,14,False,1
CNT03843,1,Hazardous,2025-07-26,2025-07-30,2025-07-31,4,True,1
CNT03844,1,Hazardous,2025-08-09,2025-08-12,2025-08-14,3,True,1
CNT03845,1,Hazardous,2025-07-02,2025-07-19,2025-07-07,17,False,1
CNT03846,1,Reefer,2025-04-15,2025-04-21,2025-04-20,6,False,1
CNT03847,1,Hazardous,2025-08-06,2025-08-14,2025-08-11,8,False,1
CNT03848,1,Tank,2025-08-24,2025-08-27,2025-08-29,3,True,1
CNT03849,1,General,2025-05-13,2025-05-25,2025-05-18,12,False,1
CNT03850,1,Tank,2025-07-04,2025-07-24,2025-07-09,20,False,1
CNT03851,1,General,2025-05-11,2025-05-14,2025-05-16,3,True,1
CNT03852,1,General,2025-06-05,2025-06-09,2025-06-10,4,True,1
CNT03853,1,Tank,2025-04-27,2025-05-02,2025-05-02,5,True,1
CNT03854,1,General,2025-08-25,2025-09-13,2025-08-30,19,False,1
CNT03855,1,Hazardous,2025-09-20,2025-10-12,2025-09-25,22,False,1
CNT03856,1,Hazardous,2025-04-30,2025-05-02,2025-05-05,2,True,1
CNT03857,1,Hazardous,2025-05-29,2025-06-11,2025-06-03,13,False,1
CNT03858,1,General,2025-08-09,2025-08-15,2025-08-14,6,False,1
CNT03859,1,General,2025-04-01,2025-04-03,2025-04-06,2,True,1
CNT03860,1,Hazardous,2025-04-12,2025-04-18,2025-04-17,6,False,1
CNT03861,1,Hazardous,2025-04-04,2025-04-20,2025-04-09,16,False,1
CNT03862,1,Reefer,2025-06-02,2025-06-16,2025-06-07,14,False,1
CNT03863,1,General,2025-04-12,2025-04-18,2025-04-17,6,False,1
CNT03864,1,Tank,2025-07-30,2025-08-19,2025-08-04,20,False,1
CNT03865,1,Tank,2025-07-03,2025-07-06,2025-07-08,3,True,1
CNT03866,1,Tank,2025-07-08,2025-07-17,2025-07-13,9,False,1
CNT03867,1,Hazardous,2025-05-09,2025-05-15,2025-05-14,6,False,1
CNT03868,1,General,2025-05-16,2025-05-29,2025-05-21,13,False,1
CNT03869,1,General,2025-04-10,2025-04-11,2025-04-15,1,True,1
CNT03870,1,General,2025-08-20,2025-09-06,2025-08-25,17,False,1
CNT03871,1,General,2025-09-15,2025-09-20,2025-09-20,5,True,1
CNT03872,1,Reefer,2025-07-17,2025-07-23,2025-07-22,6,False,1
CNT03873,1,Tank,2025-05-28,2025-06-17,2025-06-02,20,False,1
CNT03874,1,General,2025-06-22,2025-06-25,2025-06-27,3,True,1
CNT03875,1,Hazardous,2025-06-03,2025-06-14,2025-06-08,11,False,1
CNT03876,1,General,2025-07-16,2025-08-17,2025-07-21,32,False,1
CNT03877,1,Hazardous,2025-06-21,2025-06-24,2025-06-26,3,True,1
CNT03878,1,General,2025-06-09,2025-06-22,2025-06-14,13,False,1
CNT03879,1,Tank,2025-04-20,2025-04-22,2025-04-25,2,True,1
CNT03880,1,Reefer,2025-08-25,2025-08-28,2025-08-30,3,True,1
CNT03881,1,Tank,2025-07-05,2025-07-10,2025-07-10,5,True,1
CNT03882,1,Hazardous,2025-05-01,2025-05-04,2025-05-06,3,True,1
CNT03883,1,Hazardous,2025-08-07,2025-08-09,2025-08-12,2,True,1
CNT03884,1,Hazardous,2025-09-20,2025-10-10,2025-09-25,20,False,1
CNT03885,1,Tank,2025-04-14,2025-04-18,2025-04-19,4,True,1
CNT03886,1,Tank,2025-05-16,2025-05-19,2025-05-21,3,True,1
CNT03887,1,General,2025-05-28,2025-06-02,2025-06-02,5,True,1
CNT03888,1,General,2025-08-11,2025-08-20,2025-08-16,9,False,1
CNT03889,1,Reefer,2025-04-12,2025-04-22,2025-04-17,10,False,1
CNT03890,1,Reefer,2025-07-12,2025-07-14,2025-07-17,2,True,1
CNT03891,1,Reefer,2025-04-18,2025-04-22,2025-04-23,4,True,1
CNT03892,1,Tank,2025-07-29,2025-08-03,2025-08-03,5,True,1
CNT03893,1,General,2025-06-12,2025-06-16,2025-06-17,4,True,1
CNT03894,1,Hazardous,2025-06-19,2025-06-20,2025-06-24,1,True,1
CNT03895,1,Tank,2025-06-23,2025-06-25,2025-06-28,2,True,1
CNT03896,1,Hazardous,2025-04-23,2025-05-02,2025-04-28,9,False,1
CNT03897,1,Tank,2025-08-20,2025-09-02,2025-08-25,13,False,1
CNT03898,1,Reefer,2025-07-26,2025-08-06,2025-07-31,11,False,1
CNT03899,1,General,2025-04-03,2025-04-07,2025-04-08,4,True,1
CNT03900,1,General,2025-07-04,2025-07-13,2025-07-09,9,False,1
CNT03901,1,General,2025-05-22,2025-06-03,2025-05-27,12,False,1
CNT03902,1,General,2025-06-14,2025-06-17,2025-06-19,3,True,1
CNT03903,1,Tank,2025-08-23,2025-08-24,2025-08-28,1,True,1
CNT03904,1,General,2025-06-17,2025-06-26,2025-06-22,9,False,1
CNT03905,1,Hazardous,2025-09-07,2025-09-15,2025-09-12,8,False,1
CNT03906,1,Reefer,2025-06-02,2025-06-16,2025-06-07,14,False,1
CNT03907,1,Hazardous,2025-07-28,2025-07-29,2025-08-02,1,True,1
CNT03908,1,Reefer,2025-07-04,2025-07-16,2025-07-09,12,False,1
CNT03909,1,Tank,2025-08-30,2025-09-08,2025-09-04,9,False,1
CNT03910,1,Tank,2025-08-05,2025-08-07,2025-08-10,2,True,1
CNT03911,1,General,2025-05-21,2025-05-24,2025-05-26,3,True,1
CNT03912,1,Reefer,2025-08-18,2025-08-25,2025-08-23,7,False,1
CNT03913,1,General,2025-06-02,2025-06-23,2025-06-07,21,False,1
CNT03914,1,Hazardous,2025-05-09,2025-05-16,2025-05-14,7,False,1
CNT03915,1,Tank,2025-04-02,2025-04-05,2025-04-07,3,True,1
CNT03916,1,Tank,2025-07-14,2025-07-30,2025-07-19,16,False,1
CNT03917,1,General,2025-04-07,2025-04-21,2025-04-12,14,False,1
CNT03918,1,Hazardous,2025-05-30,2025-06-02,2025-06-04,3,True,1
CNT03919,1,Tank,2025-08-17,2025-08-23,2025-08-22,6,False,1
CNT03920,1,Tank,2025-06-28,2025-07-04,2025-07-03,6,False,1
CNT03921,1,General,2025-09-10,2025-09-12,2025-09-15,2,True,1
CNT03922,1,General,2025-09-25,2025-10-06,2025-09-30,11,False,1
CNT03923,1,General,2025-04-03,2025-04-07,2025-04-08,4,True,1
CNT03924,1,General,2025-06-25,2025-07-03,2025-06-30,8,False,1
CNT03925,1,Reefer,2025-04-01,2025-04-09,2025-04-06,8,False,1
CNT03926,1,Tank,2025-09-16,2025-09-22,2025-09-21,6,False,1
CNT03927,1,Hazardous,2025-07-06,2025-07-22,2025-07-11,16,False,1
CNT03928,1,Reefer,2025-06-18,2025-07-08,2025-06-23,20,False,1
CNT03929,1,Hazardous,2025-04-27,2025-05-01,2025-05-02,4,True,1
CNT03930,1,Tank,2025-05-23,2025-06-19,2025-05-28,27,False,1
CNT03931,1,Tank,2025-08-14,2025-08-18,2025-08-19,4,True,1
CNT03932,1,Reefer,2025-05-31,2025-06-10,2025-06-05,10,False,1
CNT03933,1,General,2025-07-17,2025-07-19,2025-07-22,2,True,1
CNT03934,1,General,2025-08-04,2025-08-08,2025-08-09,4,True,1
CNT03935,1,Tank,2025-04-16,2025-04-19,2025-04-21,3,True,1
CNT03936,1,Tank,2025-05-07,2025-05-15,2025-05-12,8,False,1
CNT03937,1,General,2025-06-11,2025-06-14,2025-06-16,3,True,1
CNT03938,1,Tank,2025-04-24,2025-05-01,2025-04-29,7,False,1
CNT03939,1,Hazardous,2025-04-12,2025-04-19,2025-04-17,7,False,1
CNT03940,1,Hazardous,2025-05-30,2025-06-02,2025-06-04,3,True,1
CNT03941,1,General,2025-08-12,2025-08-16,2025-08-17,4,True,1
CNT03942,1,General,2025-07-15,2025-07-21,2025-07-20,6,False,1
CNT03943,1,Tank,2025-09-27,2025-09-28,2025-10-02,1,True,1
CNT03944,1,Hazardous,2025-07-05,2025-07-07,2025-07-10,2,True,1
CNT03945,1,Hazardous,2025-07-27,2025-08-01,2025-08-01,5,True,1
CNT03946,1,General,2025-04-22,2025-04-23,2025-04-27,1,True,1
CNT03947,1,Hazardous,2025-08-27,2025-08-30,2025-09-01,3,True,1
CNT03948,1,Tank,2025-04-25,2025-05-02,2025-04-30,7,False,1
CNT03949,1,General,2025-08-08,2025-08-11,2025-08-13,3,True,1
CNT03950,1,General,2025-05-05,2025-05-11,2025-05-10,6,False,1
CNT03951,1,Hazardous,2025-09-11,2025-09-14,2025-09-16,3,True,1
CNT03952,1,Reefer,2025-07-10,2025-07-18,2025-07-15,8,False,1
CNT03953,1,General,2025-04-20,2025-04-22,2025-04-25,2,True,1
CNT03954,1,General,2025-08-30,2025-09-07,2025-09-04,8,False,1
CNT03955,1,Tank,2025-08-24,2025-08-28,2025-08-29,4,True,1
CNT03956,1,Tank,2025-04-16,2025-04-24,2025-04-21,8,False,1
CNT03957,1,Reefer,2025-07-21,2025-07-28,2025-07-26,7,False,1
CNT03958,1,Reefer,2025-09-17,2025-09-21,2025-09-22,4,True,1
CNT03959,1,Hazardous,2025-05-04,2025-05-11,2025-05-09,7,False,1
CNT03960,1,Reefer,2025-05-31,2025-06-01,2025-06-05,1,True,1
CNT03961,1,Tank,2025-06-14,2025-06-25,2025-06-19,11,False,1
CNT03962,1,General,2025-06-06,2025-06-11,2025-06-11,5,True,1
CNT03963,1,General,2025-06-20,2025-06-21,2025-06-25,1,True,1
CNT03964,1,Tank,2025-07-10,2025-07-21,2025-07-15,11,False,1
CNT03965,1,General,2025-09-27,2025-09-28,2025-10-02,1,True,1
CNT03966,1,Reefer,2025-06-23,2025-06-28,2025-06-28,5,True,1
CNT03967,1,Tank,2025-06-21,2025-06-27,2025-06-26,6,False,1
CNT03968,1,General,2025-07-25,2025-07-30,2025-07-30,5,True,1
CNT03969,1,Tank,2025-06-09,2025-06-16,2025-06-14,7,False,1
CNT03970,1,General,2025-05-30,2025-06-03,2025-06-04,4,True,1
CNT03971,1,Reefer,2025-04-20,2025-04-23,2025-04-25,3,True,1
CNT03972,1,General,2025-05-22,2025-06-08,2025-05-27,17,False,1
CNT03973,1,Reefer,2025-05-05,2025-05-09,2025-05-10,4,True,1
CNT03974,1,Hazardous,2025-08-28,2025-09-09,2025-09-02,12,False,1
CNT03975,1,General,2025-04-28,2025-05-01,2025-05-03,3,True,1
CNT03976,1,General,2025-05-10,2025-05-15,2025-05-15,5,True,1
CNT03977,1,General,2025-04-28,2025-05-11,2025-05-03,13,False,1
CNT03978,1,Tank,2025-05-13,2025-05-20,2025-05-18,7,False,1
CNT03979,1,Hazardous,2025-07-25,2025-07-30,2025-07-30,5,True,1
CNT03980,1,Reefer,2025-07-29,2025-07-30,2025-08-03,1,True,1
CNT03981,1,Tank,2025-06-20,2025-06-21,2025-06-25,1,True,1
CNT03982,1,Reefer,2025-07-14,2025-07-25,2025-07-19,11,False,1
CNT03983,1,Tank,2025-05-01,2025-05-06,2025-05-06,5,True,1
CNT03984,1,Tank,2025-08-16,2025-08-19,2025-08-21,3,True,1
CNT03985,1,General,2025-07-01,2025-07-05,2025-07-06,4,True,1
CNT03986,1,Tank,2025-05-24,2025-05-25,2025-05-29,1,True,1
CNT03987,1,General,2025-07-25,2025-08-09,2025-07-30,15,False,1
CNT03988,1,Reefer,2025-06-18,2025-06-22,2025-06-23,4,True,1
CNT03989,1,Tank,2025-07-28,2025-08-15,2025-08-02,18,False,1
CNT03990,1,Hazardous,2025-06-07,2025-06-18,2025-06-12,11,False,1
CNT03991,1,Reefer,2025-05-01,2025-05-03,2025-05-06,2,True,1
CNT03992,1,General,2025-04-24,2025-04-27,2025-04-29,3,True,1
CNT03993,1,Reefer,2025-05-11,2025-05-23,2025-05-16,12,False,1
CNT03994,1,General,2025-09-23,2025-09-28,2025-09-28,5,True,1
CNT03995,1,General,2025-06-17,2025-06-24,2025-06-22,7,False,1
CNT03996,1,General,2025-09-28,2025-10-01,2025-10-03,3,True,1
CNT03997,1,Tank,2025-09-26,2025-09-29,2025-10-01,3,True,1
CNT03998,1,Tank,2025-09-02,2025-09-09,2025-09-07,7,False,1
CNT03999,1,General,2025-04-11,2025-04-14,2025-04-16,3,True,1
CNT04000,1,Tank,2025-05-26,2025-06-03,2025-05-31,8,False,1
CNT04001,2,Hazardous,2025-06-23,2025-06-25,2025-06-28,2,True,2
CNT04002,2,Reefer,2025-05-08,2025-05-13,2025-05-13,5,True,2
CNT04003,2,General,2025-04-24,2025-04-25,2025-04-29,1,True,2
CNT04004,2,Tank,2025-06-03,2025-06-09,2025-06-08,6,False,2
CNT04005,2,Hazardous,2025-07-01,2025-07-17,2025-07-06,16,False,2
CNT04006,2,General,2025-07-11,2025-07-23,2025-07-16,12,False,2
CNT04007,2,Tank,2025-08-10,2025-08-13,2025-08-15,3,True,2
CNT04008,2,Tank,2025-04-13,2025-04-17,2025-04-18,4,True,2
CNT04009,2,Hazardous,2025-09-21,2025-09-28,2025-09-26,7,False,2
CNT04010,2,Reefer,2025-06-16,2025-06-19,2025-06-21,3,True,2
CNT04011,2,Tank,2025-06-06,2025-06-13,2025-06-11,7,False,2
CNT04012,2,General,2025-05-15,2025-05-24,2025-05-20,9,False,2
CNT04013,2,Tank,2025-04-08,2025-04-10,2025-04-13,2,True,2
CNT04014,2,General,2025-07-13,2025-07-17,2025-07-18,4,True,2
CNT04015,2,Tank,2025-07-25,2025-08-03,2025-07-30,9,False,2
CNT04016,2,Reefer,2025-08-21,2025-08-26,2025-08-26,5,True,2
CNT04017,2,Reefer,2025-08-19,2025-08-22,2025-08-24,3,True,2
CNT04018,2,Reefer,2025-06-03,2025-06-05,2025-06-08,2,True,2
CNT04019,2,Tank,2025-04-25,2025-04-27,2025-04-30,2,True,2
CNT04020,2,General,2025-07-28,2025-08-23,2025-08-02,26,False,2
CNT04021,2,General,2025-04-27,2025-05-01,2025-05-02,4,True,2
CNT04022,2,Reefer,2025-05-06,2025-05-09,2025-05-11,3,True,2
CNT04023,2,Hazardous,2025-05-02,2025-05-06,2025-05-07,4,True,2
CNT04024,2,General,2025-04-04,2025-04-05,2025-04-09,1,True,2
CNT04025,2,Reefer,2025-04-16,2025-04-17,2025-04-21,1,True,2
CNT04026,2,Hazardous,2025-05-27,2025-05-31,2025-06-01,4,True,2
CNT04027,2,Hazardous,2025-05-04,2025-05-07,2025-05-09,3,True,2
CNT04028,2,General,2025-05-21,2025-05-29,2025-05-26,8,False,2
CNT04029,2,Hazardous,2025-07-12,2025-07-31,2025-07-17,19,False,2
CNT04030,2,General,2025-07-05,2025-07-22,2025-07-10,17,False,2
CNT04031,2,General,2025-09-23,2025-10-09,2025-09-28,16,False,2
CNT04032,2,General,2025-09-09,2025-09-14,2025-09-14,5,True,2
CNT04033,2,General,2025-09-13,2025-09-23,2025-09-18,10,False,2
CNT04034,2,General,2025-04-22,2025-04-28,2025-04-27,6,False,2
CNT04035,2,Reefer,2025-08-28,2025-09-02,2025-09-02,5,True,2
CNT04036,2,Tank,2025-08-29,2025-08-31,2025-09-03,2,True,2
CNT04037,2,General,2025-06-06,2025-06-10,2025-06-11,4,True,2
CNT04038,2,General,2025-04-20,2025-04-24,2025-04-25,4,True,2
CNT04039,2,General,2025-04-06,2025-04-15,2025-04-11,9,False,2
CNT04040,2,Hazardous,2025-04-17,2025-04-20,2025-04-22,3,True,2
CNT04041,2,General,2025-05-21,2025-05-30,2025-05-26,9,False,2
CNT04042,2,Tank,2025-09-13,2025-09-16,2025-09-18,3,True,2
CNT04043,2,Tank,2025-07-23,2025-07-28,2025-07-28,5,True,2
CNT04044,2,General,2025-05-03,2025-05-11,2025-05-08,8,False,2
CNT04045,2,General,2025-04-24,2025-05-01,2025-04-29,7,False,2
CNT04046,2,General,2025-06-24,2025-06-26,2025-06-29,2,True,2
CNT04047,2,Tank,2025-05-02,2025-05-09,2025-05-07,7,False,2
CNT04048,2,General,2025-04-11,2025-04-13,2025-04-16,2,True,2
CNT04049,2,Tank,2025-07-28,2025-08-01,2025-08-02,4,True,2
CNT04050,2,General,2025-04-13,2025-05-24,2025-04-18,41,False,2
CNT04051,2,Hazardous,2025-05-14,2025-05-17,2025-05-19,3,True,2
CNT04052,2,General,2025-08-25,2025-08-28,2025-08-30,3,True,2
CNT04053,2,Hazardous,2025-07-20,2025-07-22,2025-07-25,2,True,2
CNT04054,2,Tank,2025-07-11,2025-07-13,2025-07-16,2,True,2
CNT04055,2,Reefer,2025-08-06,2025-08-13,2025-08-11,7,False,2
CNT04056,2,Hazardous,2025-04-08,2025-04-14,2025-04-13,6,False,2
CNT04057,2,General,2025-07-07,2025-07-15,2025-07-12,8,False,2
CNT04058,2,Tank,2025-09-22,2025-09-25,2025-09-27,3,True,2
CNT04059,2,Hazardous,2025-07-19,2025-07-26,2025-07-24,7,False,2
CNT04060,2,General,2025-05-15,2025-05-20,2025-05-20,5,True,2
CNT04061,2,General,2025-06-30,2025-07-08,2025-07-05,8,False,2
CNT04062,2,General,2025-05-25,2025-06-06,2025-05-30,12,False,2
CNT04063,2,Reefer,2025-05-18,2025-06-10,2025-05-23,23,False,2
CNT04064,2,General,2025-06-10,2025-06-12,2025-06-15,2,True,2
CNT04065,2,Tank,2025-06-11,2025-06-21,2025-06-16,10,False,2
CNT04066,2,Hazardous,2025-07-24,2025-07-26,2025-07-29,2,True,2
CNT04067,2,General,2025-05-09,2025-05-26,2025-05-14,17,False,2
CNT04068,2,General,2025-04-09,2025-04-17,2025-04-14,8,False,2
CNT04069,2,Tank,2025-09-05,2025-09-07,2025-09-10,2,True,2
CNT04070,2,Hazardous,2025-09-06,2025-09-12,2025-09-11,6,False,2
CNT04071,2,General,2025-09-05,2025-09-18,2025-09-10,13,False,2
CNT04072,2,General,2025-06-02,2025-06-22,2025-06-07,20,False,2
CNT04073,2,General,2025-09-13,2025-09-16,2025-09-18,3,True,2
CNT04074,2,Tank,2025-06-15,2025-06-23,2025-06-20,8,False,2
CNT04075,2,Tank,2025-08-06,2025-08-18,2025-08-11,12,False,2
CNT04076,2,Hazardous,2025-07-15,2025-07-16,2025-07-20,1,True,2
CNT04077,2,Hazardous,2025-08-19,2025-08-23,2025-08-24,4,True,2
CNT04078,2,General,2025-08-01,2025-08-13,2025-08-06,12,False,2
CNT04079,2,Hazardous,2025-04-16,2025-04-24,2025-04-21,8,False,2
CNT04080,2,General,2025-04-23,2025-04-27,2025-04-28,4,True,2
CNT04081,2,Reefer,2025-06-11,2025-06-12,2025-06-16,1,True,2
CNT04082,2,General,2025-07-08,2025-07-13,2025-07-13,5,True,2
CNT04083,2,Hazardous,2025-05-06,2025-05-12,2025-05-11,6,False,2
CNT04084,2,Tank,2025-07-17,2025-08-01,2025-07-22,15,False,2
CNT04085,2,General,2025-05-22,2025-05-29,2025-05-27,7,False,2
CNT04086,2,General,2025-09-12,2025-10-02,2025-09-17,20,False,2
CNT04087,2,General,2025-08-13,2025-08-20,2025-08-18,7,False,2
CNT04088,2,General,2025-06-03,2025-06-08,2025-06-08,5,True,2
CNT04089,2,Reefer,2025-09-09,2025-09-16,2025-09-14,7,False,2
CNT04090,2,General,2025-08-18,2025-08-23,2025-08-23,5,True,2
CNT04091,2,General,2025-04-05,2025-04-21,2025-04-10,16,False,2
CNT04092,2,Tank,2025-07-07,2025-07-13,2025-07-12,6,False,2
CNT04093,2,Tank,2025-07-01,2025-07-07,2025-07-06,6,False,2
CNT04094,2,General,2025-08-01,2025-08-04,2025-08-06,3,True,2
CNT04095,2,Hazardous,2025-08-18,2025-08-20,2025-08-23,2,True,2
CNT04096,2,General,2025-08-03,2025-08-13,2025-08-08,10,False,2
CNT04097,2,Tank,2025-06-28,2025-07-02,2025-07-03,4,True,2
CNT04098,2,General,2025-08-23,2025-08-27,2025-08-28,4,True,2
CNT04099,2,Reefer,2025-08-07,2025-08-18,2025-08-12,11,False,2
CNT04100,2,Tank,2025-06-22,2025-07-01,2025-06-27,9,False,2
CNT04101,2,General,2025-07-09,2025-07-12,2025-07-14,3,True,2
CNT04102,2,Tank,2025-06-09,2025-06-21,2025-06-14,12,False,2
CNT04103,2,General,2025-05-17,2025-05-20,2025-05-22,3,True,2
CNT04104,2,Reefer,2025-04-07,2025-04-18,2025-04-12,11,False,2
CNT04105,2,General,2025-06-21,2025-06-23,2025-06-26,2,True,2
CNT04106,2,Tank,2025-08-31,2025-09-19,2025-09-05,19,False,2
CNT04107,2,General,2025-05-27,2025-05-28,2025-06-01,1,True,2
CNT04108,2,Tank,2025-04-08,2025-04-11,2025-04-13,3,True,2
CNT04109,2,Tank,2025-06-11,2025-06-18,2025-06-16,7,False,2
CNT04110,2,General,2025-04-15,2025-04-18,2025-04-20,3,True,2
CNT04111,2,General,2025-07-30,2025-08-07,2025-08-04,8,False,2
CNT04112,2,General,2025-08-14,2025-08-27,2025-08-19,13,False,2
CNT04113,2,Tank,2025-07-01,2025-07-02,2025-07-06,1,True,2
CNT04114,2,Hazardous,2025-08-28,2025-08-31,2025-09-02,3,True,2
CNT04115,2,Reefer,2025-05-30,2025-06-16,2025-06-04,17,False,2
CNT04116,2,General,2025-05-11,2025-05-27,2025-05-16,16,False,2
CNT04117,2,Reefer,2025-04-26,2025-04-30,2025-05-01,4,True,2
CNT04118,2,Hazardous,2025-06-03,2025-06-05,2025-06-08,2,True,2
CNT04119,2,Reefer,2025-09-16,2025-09-28,2025-09-21,12,False,2
CNT04120,2,General,2025-06-01,2025-06-05,2025-06-06,4,True,2
CNT04121,2,Reefer,2025-06-08,2025-06-12,2025-06-13,4,True,2
CNT04122,2,Hazardous,2025-08-15,2025-08-29,2025-08-20,14,False,2
CNT04123,2,Reefer,2025-04-15,2025-04-17,2025-04-20,2,True,2
CNT04124,2,Reefer,2025-05-27,2025-05-29,2025-06-01,2,True,2
CNT04125,2,General,2025-08-26,2025-08-31,2025-08-31,5,True,2
CNT04126,2,General,2025-07-09,2025-07-16,2025-07-14,7,False,2
CNT04127,2,Tank,2025-06-30,2025-07-15,2025-07-05,15,False,2
CNT04128,2,Tank,2025-05-15,2025-05-21,2025-05-20,6,False,2
CNT04129,2,Tank,2025-05-16,2025-05-19,2025-05-21,3,True,2
CNT04130,2,General,2025-05-31,2025-06-04,2025-06-05,4,True,2
CNT04131,2,General,2025-08-30,2025-09-10,2025-09-04,11,False,2
CNT04132,2,Hazardous,2025-06-21,2025-06-22,2025-06-26,1,True,2
CNT04133,2,General,2025-09-26,2025-10-03,2025-10-01,7,False,2
CNT04134,2,General,2025-07-01,2025-07-17,2025-07-06,16,False,2
CNT04135,2,Tank,2025-08-30,2025-09-13,2025-09-04,14,False,2
CNT04136,2,Tank,2025-04-08,2025-04-10,2025-04-13,2,True,2
CNT04137,2,Tank,2025-09-28,2025-10-02,2025-10-03,4,True,2
CNT04138,2,Reefer,2025-09-27,2025-10-05,2025-10-02,8,False,2
CNT04139,2,Hazardous,2025-06-30,2025-07-28,2025-07-05,28,False,2
CNT04140,2,Tank,2025-08-24,2025-08-31,2025-08-29,7,False,2
CNT04141,2,General,2025-08-23,2025-08-27,2025-08-28,4,True,2
CNT04142,2,Reefer,2025-05-07,2025-05-14,2025-05-12,7,False,2
CNT04143,2,General,2025-08-23,2025-09-06,2025-08-28,14,False,2
CNT04144,2,General,2025-05-19,2025-06-02,2025-05-24,14,False,2
CNT04145,2,Tank,2025-08-05,2025-08-10,2025-08-10,5,True,2
CNT04146,2,Tank,2025-08-17,2025-08-20,2025-08-22,3,True,2
CNT04147,2,General,2025-06-19,2025-06-23,2025-06-24,4,True,2
CNT04148,2,General,2025-05-15,2025-05-19,2025-05-20,4,True,2
CNT04149,2,General,2025-08-04,2025-08-07,2025-08-09,3,True,2
CNT04150,2,General,2025-04-10,2025-04-25,2025-04-15,15,False,2
CNT04151,2,Reefer,2025-04-24,2025-05-07,2025-04-29,13,False,2
CNT04152,2,General,2025-04-15,2025-05-02,2025-04-20,17,False,2
CNT04153,2,Hazardous,2025-05-30,2025-05-31,2025-06-04,1,True,2
CNT04154,2,Hazardous,2025-09-02,2025-09-03,2025-09-07,1,True,2
CNT04155,2,General,2025-05-27,2025-05-28,2025-06-01,1,True,2
CNT04156,2,Reefer,2025-04-06,2025-04-08,2025-04-11,2,True,2
CNT04157,2,General,2025-08-13,2025-08-20,2025-08-18,7,False,2
CNT04158,2,General,2025-08-01,2025-08-04,2025-08-06,3,True,2
CNT04159,2,Hazardous,2025-04-01,2025-04-03,2025-04-06,2,True,2
CNT04160,2,Hazardous,2025-06-24,2025-06-27,2025-06-29,3,True,2
CNT04161,2,General,2025-09-05,2025-09-06,2025-09-10,1,True,2
CNT04162,2,General,2025-05-22,2025-05-24,2025-05-27,2,True,2
CNT04163,2,General,2025-05-04,2025-05-19,2025-05-09,15,False,2
CNT04164,2,Reefer,2025-06-27,2025-07-02,2025-07-02,5,True,2
CNT04165,2,Tank,2025-05-16,2025-05-19,2025-05-21,3,True,2
CNT04166,2,Hazardous,2025-06-22,2025-06-26,2025-06-27,4,True,2
CNT04167,2,Reefer,2025-04-16,2025-04-19,2025-04-21,3,True,2
CNT04168,2,Tank,2025-04-06,2025-04-10,2025-04-11,4,True,2
CNT04169,2,General,2025-05-08,2025-05-21,2025-05-13,13,False,2
CNT04170,2,General,2025-08-29,2025-09-06,2025-09-03,8,False,2
CNT04171,2,Reefer,2025-09-28,2025-10-06,2025-10-03,8,False,2
CNT04172,2,Tank,2025-05-07,2025-05-11,2025-05-12,4,True,2
CNT04173,2,General,2025-04-29,2025-05-06,2025-05-04,7,False,2
CNT04174,2,Hazardous,2025-08-13,2025-09-06,2025-08-18,24,False,2
CNT04175,2,General,2025-07-03,2025-07-06,2025-07-08,3,True,2
CNT04176,2,General,2025-04-19,2025-04-28,2025-04-24,9,False,2
CNT04177,2,Tank,2025-07-05,2025-07-12,2025-07-10,7,False,2
CNT04178,2,Reefer,2025-09-28,2025-10-04,2025-10-03,6,False,2
CNT04179,2,General,2025-09-17,2025-09-18,2025-09-22,1,True,2
CNT04180,2,Tank,2025-07-11,2025-07-12,2025-07-16,1,True,2
CNT04181,2,Tank,2025-08-29,2025-09-06,2025-09-03,8,False,2
CNT04182,2,General,2025-04-26,2025-05-14,2025-05-01,18,False,2
CNT04183,2,Tank,2025-06-26,2025-06-29,2025-07-01,3,True,2
CNT04184,2,Hazardous,2025-06-17,2025-06-27,2025-06-22,10,False,2
CNT04185,2,Reefer,2025-06-22,2025-06-26,2025-06-27,4,True,2
CNT04186,2,Hazardous,2025-05-05,2025-05-09,2025-05-10,4,True,2
CNT04187,2,Reefer,2025-05-11,2025-05-28,2025-05-16,17,False,2
CNT04188,2,General,2025-07-21,2025-07-25,2025-07-26,4,True,2
CNT04189,2,Hazardous,2025-09-11,2025-09-16,2025-09-16,5,True,2
CNT04190,2,Hazardous,2025-08-03,2025-08-18,2025-08-08,15,False,2
CNT04191,2,General,2025-09-14,2025-09-17,2025-09-19,3,True,2
CNT04192,2,Hazardous,2025-06-21,2025-06-27,2025-06-26,6,False,2
CNT04193,2,Reefer,2025-05-15,2025-05-25,2025-05-20,10,False,2
CNT04194,2,General,2025-08-22,2025-08-31,2025-08-27,9,False,2
CNT04195,2,Tank,2025-09-25,2025-10-06,2025-09-30,11,False,2
CNT04196,2,General,2025-09-05,2025-09-14,2025-09-10,9,False,2
CNT04197,2,Hazardous,2025-07-01,2025-07-09,2025-07-06,8,False,2
CNT04198,2,General,2025-05-28,2025-06-08,2025-06-02,11,False,2
CNT04199,2,General,2025-09-18,2025-09-24,2025-09-23,6,False,2
CNT04200,2,General,2025-08-29,2025-09-01,2025-09-03,3,True,2
CNT04201,2,General,2025-05-15,2025-05-27,2025-05-20,12,False,2
CNT04202,2,Reefer,2025-07-06,2025-07-13,2025-07-11,7,False,2
CNT04203,2,Tank,2025-06-18,2025-06-23,2025-06-23,5,True,2
CNT04204,2,Reefer,2025-09-24,2025-10-02,2025-09-29,8,False,2
CNT04205,2,General,2025-06-15,2025-06-17,2025-06-20,2,True,2
CNT04206,2,Tank,2025-05-03,2025-05-08,2025-05-08,5,True,2
CNT04207,2,General,2025-05-16,2025-05-23,2025-05-21,7,False,2
CNT04208,2,Hazardous,2025-04-01,2025-04-09,2025-04-06,8,False,2
CNT04209,2,General,2025-09-27,2025-09-29,2025-10-02,2,True,2
CNT04210,2,Tank,2025-08-25,2025-08-29,2025-08-30,4,True,2
CNT04211,2,Hazardous,2025-07-10,2025-07-13,2025-07-15,3,True,2
CNT04212,2,General,2025-08-24,2025-08-28,2025-08-29,4,True,2
CNT04213,2,Hazardous,2025-04-09,2025-04-18,2025-04-14,9,False,2
CNT04214,2,Reefer,2025-05-17,2025-06-01,2025-05-22,15,False,2
CNT04215,2,General,2025-09-02,2025-09-04,2025-09-07,2,True,2
CNT04216,2,General,2025-06-21,2025-06-29,2025-06-26,8,False,2
CNT04217,2,General,2025-09-04,2025-09-14,2025-09-09,10,False,2
CNT04218,2,General,2025-05-27,2025-05-30,2025-06-01,3,True,2
CNT04219,2,Tank,2025-09-11,2025-09-27,2025-09-16,16,False,2
CNT04220,2,General,2025-08-23,2025-08-27,2025-08-28,4,True,2
CNT04221,2,Tank,2025-04-27,2025-05-05,2025-05-02,8,False,2
CNT04222,2,Tank,2025-08-06,2025-08-15,2025-08-11,9,False,2
CNT04223,2,General,2025-05-07,2025-05-14,2025-05-12,7,False,2
CNT04224,2,General,2025-06-24,2025-06-30,2025-06-29,6,False,2
CNT04225,2,Tank,2025-04-20,2025-04-24,2025-04-25,4,True,2
CNT04226,2,Tank,2025-05-31,2025-06-05,2025-06-05,5,True,2
CNT04227,2,Tank,2025-06-28,2025-07-02,2025-07-03,4,True,2
CNT04228,2,Tank,2025-06-21,2025-06-28,2025-06-26,7,False,2
CNT04229,2,Hazardous,2025-05-13,2025-05-16,2025-05-18,3,True,2
CNT04230,2,Tank,2025-09-10,2025-09-14,2025-09-15,4,True,2
CNT04231,2,General,2025-04-23,2025-04-30,2025-04-28,7,False,2
CNT04232,2,Hazardous,2025-09-19,2025-10-03,2025-09-24,14,False,2
CNT04233,2,General,2025-09-11,2025-09-27,2025-09-16,16,False,2
CNT04234,2,General,2025-06-25,2025-07-04,2025-06-30,9,False,2
CNT04235,2,General,2025-07-24,2025-08-04,2025-07-29,11,False,2
CNT04236,2,Tank,2025-04-03,2025-04-08,2025-04-08,5,True,2
CNT04237,2,Tank,2025-06-07,2025-06-09,2025-06-12,2,True,2
CNT04238,2,General,2025-05-24,2025-06-08,2025-05-29,15,False,2
CNT04239,2,Tank,2025-06-03,2025-06-13,2025-06-08,10,False,2
CNT04240,2,General,2025-09-25,2025-09-26,2025-09-30,1,True,2
CNT04241,2,Tank,2025-04-18,2025-04-21,2025-04-23,3,True,2
CNT04242,2,Hazardous,2025-06-29,2025-07-01,2025-07-04,2,True,2
CNT04243,2,General,2025-06-05,2025-06-23,2025-06-10,18,False,2
CNT04244,2,Tank,2025-04-28,2025-05-01,2025-05-03,3,True,2
CNT04245,2,Reefer,2025-04-01,2025-04-06,2025-04-06,5,True,2
CNT04246,2,Tank,2025-04-13,2025-04-15,2025-04-18,2,True,2
CNT04247,2,General,2025-07-08,2025-07-15,2025-07-13,7,False,2
CNT04248,2,Reefer,2025-07-22,2025-07-26,2025-07-27,4,True,2
CNT04249,2,Tank,2025-07-17,2025-07-18,2025-07-22,1,True,2
CNT04250,2,Tank,2025-05-13,2025-05-17,2025-05-18,4,True,2
CNT04251,2,General,2025-07-15,2025-07-20,2025-07-20,5,True,2
CNT04252,2,Tank,2025-08-05,2025-08-07,2025-08-10,2,True,2
CNT04253,2,Reefer,2025-07-06,2025-07-09,2025-07-11,3,True,2
CNT04254,2,Tank,2025-06-29,2025-07-10,2025-07-04,11,False,2
CNT04255,2,General,2025-08-18,2025-08-21,2025-08-23,3,True,2
CNT04256,2,Reefer,2025-07-06,2025-07-14,2025-07-11,8,False,2
CNT04257,2,Hazardous,2025-04-26,2025-04-29,2025-05-01,3,True,2
CNT04258,2,Reefer,2025-08-01,2025-08-07,2025-08-06,6,False,2
CNT04259,2,General,2025-08-26,2025-09-01,2025-08-31,6,False,2
CNT04260,2,Reefer,2025-09-14,2025-09-18,2025-09-19,4,True,2
CNT04261,2,General,2025-09-23,2025-10-02,2025-09-28,9,False,2
CNT04262,2,General,2025-05-28,2025-06-07,2025-06-02,10,False,2
CNT04263,2,Hazardous,2025-05-12,2025-05-25,2025-05-17,13,False,2
CNT04264,2,General,2025-07-25,2025-07-31,2025-07-30,6,False,2
CNT04265,2,General,2025-04-19,2025-05-01,2025-04-24,12,False,2
CNT04266,2,Reefer,2025-04-09,2025-04-20,2025-04-14,11,False,2
CNT04267,2,Hazardous,2025-06-15,2025-06-26,2025-06-20,11,False,2
CNT04268,2,Reefer,2025-04-06,2025-04-22,2025-04-11,16,False,2
CNT04269,2,Hazardous,2025-06-21,2025-06-26,2025-06-26,5,True,2
CNT04270,2,General,2025-06-06,2025-06-09,2025-06-11,3,True,2
CNT04271,2,Tank,2025-04-27,2025-05-08,2025-05-02,11,False,2
CNT04272,2,General,2025-04-19,2025-05-04,2025-04-24,15,False,2
CNT04273,2,General,2025-06-27,2025-06-29,2025-07-02,2,True,2
CNT04274,2,Tank,2025-05-14,2025-05-23,2025-05-19,9,False,2
CNT04275,2,Hazardous,2025-07-06,2025-07-21,2025-07-11,15,False,2
CNT04276,2,Tank,2025-05-12,2025-06-01,2025-05-17,20,False,2
CNT04277,2,General,2025-04-20,2025-04-23,2025-04-25,3,True,2
CNT04278,2,General,2025-08-19,2025-08-22,2025-08-24,3,True,2
CNT04279,2,General,2025-04-24,2025-05-06,2025-04-29,12,False,2
CNT04280,2,General,2025-06-26,2025-06-29,2025-07-01,3,True,2
CNT04281,2,General,2025-08-31,2025-09-02,2025-09-05,2,True,2
CNT04282,2,General,2025-09-05,2025-09-09,2025-09-10,4,True,2
CNT04283,2,Hazardous,2025-08-02,2025-08-27,2025-08-07,25,False,2
CNT04284,2,General,2025-09-28,2025-10-04,2025-10-03,6,False,2
CNT04285,2,Hazardous,2025-04-08,2025-04-14,2025-04-13,6,False,2
CNT04286,2,Tank,2025-07-20,2025-07-22,2025-07-25,2,True,2
CNT04287,2,Hazardous,2025-09-15,2025-09-17,2025-09-20,2,True,2
CNT04288,2,Reefer,2025-05-13,2025-06-01,2025-05-18,19,False,2
CNT04289,2,Hazardous,2025-09-03,2025-09-06,2025-09-08,3,True,2
CNT04290,2,Tank,2025-07-21,2025-07-24,2025-07-26,3,True,2
CNT04291,2,Reefer,2025-05-11,2025-05-22,2025-05-16,11,False,2
CNT04292,2,General,2025-04-14,2025-04-18,2025-04-19,4,True,2
CNT04293,2,General,2025-04-26,2025-05-01,2025-05-01,5,True,2
CNT04294,2,Reefer,2025-06-24,2025-06-28,2025-06-29,4,True,2
CNT04295,2,General,2025-05-23,2025-05-25,2025-05-28,2,True,2
CNT04296,2,General,2025-05-19,2025-06-04,2025-05-24,16,False,2
CNT04297,2,Hazardous,2025-07-14,2025-07-17,2025-07-19,3,True,2
CNT04298,2,Tank,2025-09-26,2025-10-02,2025-10-01,6,False,2
CNT04299,2,Tank,2025-08-20,2025-08-22,2025-08-25,2,True,2
CNT04300,2,Reefer,2025-08-17,2025-08-21,2025-08-22,4,True,2
CNT04301,2,Tank,2025-06-07,2025-06-20,2025-06-12,13,False,2
CNT04302,2,Reefer,2025-09-17,2025-09-29,2025-09-22,12,False,2
CNT04303,2,General,2025-06-12,2025-06-13,2025-06-17,1,True,2
CNT04304,2,General,2025-06-16,2025-06-20,2025-06-21,4,True,2
CNT04305,2,Tank,2025-05-31,2025-06-09,2025-06-05,9,False,2
CNT04306,2,Tank,2025-04-25,2025-04-26,2025-04-30,1,True,2
CNT04307,2,Hazardous,2025-04-13,2025-04-17,2025-04-18,4,True,2
CNT04308,2,General,2025-07-10,2025-07-14,2025-07-15,4,True,2
CNT04309,2,General,2025-08-25,2025-08-29,2025-08-30,4,True,2
CNT04310,2,Tank,2025-08-19,2025-08-24,2025-08-24,5,True,2
CNT04311,2,General,2025-08-04,2025-08-05,2025-08-09,1,True,2
CNT04312,2,General,2025-05-10,2025-05-14,2025-05-15,4,True,2
CNT04313,2,General,2025-04-14,2025-04-17,2025-04-19,3,True,2
CNT04314,2,Tank,2025-07-02,2025-07-14,2025-07-07,12,False,2
CNT04315,2,General,2025-04-01,2025-04-03,2025-04-06,2,True,2
CNT04316,2,Hazardous,2025-07-19,2025-07-24,2025-07-24,5,True,2
CNT04317,2,General,2025-04-23,2025-04-30,2025-04-28,7,False,2
CNT04318,2,Hazardous,2025-06-15,2025-06-20,2025-06-20,5,True,2
CNT04319,2,Tank,2025-09-17,2025-09-21,2025-09-22,4,True,2
CNT04320,2,General,2025-09-08,2025-09-14,2025-09-13,6,False,2
CNT04321,2,Hazardous,2025-09-01,2025-09-04,2025-09-06,3,True,2
CNT04322,2,Hazardous,2025-08-01,2025-08-05,2025-08-06,4,True,2
CNT04323,2,Hazardous,2025-05-22,2025-06-09,2025-05-27,18,False,2
CNT04324,2,Hazardous,2025-04-25,2025-04-30,2025-04-30,5,True,2
CNT04325,2,General,2025-04-07,2025-04-11,2025-04-12,4,True,2
CNT04326,2,Tank,2025-05-23,2025-05-29,2025-05-28,6,False,2
CNT04327,2,Reefer,2025-05-14,2025-05-22,2025-05-19,8,False,2
CNT04328,2,Tank,2025-09-11,2025-09-22,2025-09-16,11,False,2
CNT04329,2,Reefer,2025-06-14,2025-06-20,2025-06-19,6,False,2
CNT04330,2,General,2025-04-21,2025-04-23,2025-04-26,2,True,2
CNT04331,2,Reefer,2025-07-31,2025-08-03,2025-08-05,3,True,2
CNT04332,2,Hazardous,2025-04-30,2025-05-07,2025-05-05,7,False,2
CNT04333,2,Hazardous,2025-06-18,2025-06-27,2025-06-23,9,False,2
CNT04334,2,Reefer,2025-07-11,2025-07-17,2025-07-16,6,False,2
CNT04335,2,Tank,2025-07-30,2025-08-09,2025-08-04,10,False,2
CNT04336,2,Tank,2025-08-04,2025-08-14,2025-08-09,10,False,2
CNT04337,2,Hazardous,2025-09-17,2025-09-22,2025-09-22,5,True,2
CNT04338,2,General,2025-06-07,2025-06-09,2025-06-12,2,True,2
CNT04339,2,Reefer,2025-04-24,2025-04-27,2025-04-29,3,True,2
CNT04340,2,Reefer,2025-09-12,2025-09-25,2025-09-17,13,False,2
CNT04341,2,Tank,2025-08-18,2025-08-27,2025-08-23,9,False,2
CNT04342,2,Hazardous,2025-07-09,2025-07-11,2025-07-14,2,True,2
CNT04343,2,General,2025-05-18,2025-05-23,2025-05-23,5,True,2
CNT04344,2,Tank,2025-07-04,2025-07-06,2025-07-09,2,True,2
CNT04345,2,Reefer,2025-07-07,2025-07-14,2025-07-12,7,False,2
CNT04346,2,Hazardous,2025-07-04,2025-07-14,2025-07-09,10,False,2
CNT04347,2,Hazardous,2025-05-18,2025-05-22,2025-05-23,4,True,2
CNT04348,2,Reefer,2025-07-24,2025-08-04,2025-07-29,11,False,2
CNT04349,2,General,2025-04-12,2025-04-15,2025-04-17,3,True,2
CNT04350,2,Reefer,2025-06-07,2025-06-12,2025-06-12,5,True,2
CNT04351,2,General,2025-07-22,2025-07-25,2025-07-27,3,True,2
CNT04352,2,General,2025-07-29,2025-08-07,2025-08-03,9,False,2
CNT04353,2,Tank,2025-06-07,2025-06-16,2025-06-12,9,False,2
CNT04354,2,General,2025-05-28,2025-06-07,2025-06-02,10,False,2
CNT04355,2,General,2025-06-08,2025-06-24,2025-06-13,16,False,2
CNT04356,2,Hazardous,2025-08-23,2025-09-02,2025-08-28,10,False,2
CNT04357,2,General,2025-04-16,2025-04-30,2025-04-21,14,False,2
CNT04358,2,Hazardous,2025-05-09,2025-05-15,2025-05-14,6,False,2
CNT04359,2,Tank,2025-09-26,2025-09-29,2025-10-01,3,True,2
CNT04360,2,Hazardous,2025-09-18,2025-09-22,2025-09-23,4,True,2
CNT04361,2,General,2025-04-25,2025-04-29,2025-04-30,4,True,2
CNT04362,2,Reefer,2025-04-22,2025-05-01,2025-04-27,9,False,2
CNT04363,2,General,2025-09-19,2025-09-27,2025-09-24,8,False,2
CNT04364,2,Hazardous,2025-06-28,2025-07-01,2025-07-03,3,True,2
CNT04365,2,Reefer,2025-08-17,2025-08-26,2025-08-22,9,False,2
CNT04366,2,Reefer,2025-07-15,2025-07-23,2025-07-20,8,False,2
CNT04367,2,General,2025-08-29,2025-08-30,2025-09-03,1,True,2
CNT04368,2,Hazardous,2025-05-29,2025-06-09,2025-06-03,11,False,2
CNT04369,2,General,2025-08-20,2025-09-09,2025-08-25,20,False,2
CNT04370,2,General,2025-04-16,2025-05-01,2025-04-21,15,False,2
CNT04371,2,General,2025-07-09,2025-07-24,2025-07-14,15,False,2
CNT04372,2,General,2025-08-12,2025-08-21,2025-08-17,9,False,2
CNT04373,2,General,2025-07-17,2025-07-20,2025-07-22,3,True,2
CNT04374,2,Tank,2025-08-16,2025-08-21,2025-08-21,5,True,2
CNT04375,2,Tank,2025-09-23,2025-09-27,2025-09-28,4,True,2
CNT04376,2,General,2025-07-31,2025-08-03,2025-08-05,3,True,2
CNT04377,2,Hazardous,2025-08-25,2025-08-26,2025-08-30,1,True,2
CNT04378,2,Tank,2025-05-31,2025-06-05,2025-06-05,5,True,2
CNT04379,2,Hazardous,2025-07-31,2025-08-02,2025-08-05,2,True,2
CNT04380,2,Tank,2025-06-16,2025-06-28,2025-06-21,12,False,2
CNT04381,2,General,2025-04-21,2025-04-24,2025-04-26,3,True,2
CNT04382,2,Tank,2025-07-11,2025-07-18,2025-07-16,7,False,2
CNT04383,2,Hazardous,2025-04-09,2025-04-13,2025-04-14,4,True,2
CNT04384,2,Tank,2025-08-07,2025-08-23,2025-08-12,16,False,2
CNT04385,2,Reefer,2025-08-25,2025-09-01,2025-08-30,7,False,2
CNT04386,2,General,2025-08-11,2025-08-15,2025-08-16,4,True,2
CNT04387,2,General,2025-08-25,2025-09-04,2025-08-30,10,False,2
CNT04388,2,Reefer,2025-09-21,2025-10-05,2025-09-26,14,False,2
CNT04389,2,Hazardous,2025-09-06,2025-09-11,2025-09-11,5,True,2
CNT04390,2,Hazardous,2025-05-08,2025-05-26,2025-05-13,18,False,2
CNT04391,2,General,2025-05-01,2025-05-04,2025-05-06,3,True,2
CNT04392,2,Hazardous,2025-07-24,2025-08-19,2025-07-29,26,False,2
CNT04393,2,Tank,2025-05-15,2025-05-18,2025-05-20,3,True,2
CNT04394,2,Tank,2025-05-13,2025-05-17,2025-05-18,4,True,2
CNT04395,2,General,2025-05-25,2025-06-07,2025-05-30,13,False,2
CNT04396,2,Tank,2025-05-20,2025-05-22,2025-05-25,2,True,2
CNT04397,2,Hazardous,2025-05-03,2025-05-04,2025-05-08,1,True,2
CNT04398,2,General,2025-04-11,2025-04-15,2025-04-16,4,True,2
CNT04399,2,General,2025-07-18,2025-07-24,2025-07-23,6,False,2
CNT04400,2,Reefer,2025-04-21,2025-04-22,2025-04-26,1,True,2
CNT04401,2,Tank,2025-09-22,2025-10-08,2025-09-27,16,False,2
CNT04402,2,Reefer,2025-07-21,2025-07-28,2025-07-26,7,False,2
CNT04403,2,Tank,2025-05-22,2025-05-25,2025-05-27,3,True,2
CNT04404,2,Hazardous,2025-09-08,2025-09-11,2025-09-13,3,True,2
CNT04405,2,Reefer,2025-05-08,2025-06-08,2025-05-13,31,False,2
CNT04406,2,General,2025-08-31,2025-09-04,2025-09-05,4,True,2
CNT04407,2,General,2025-06-06,2025-06-14,2025-06-11,8,False,2
CNT04408,2,General,2025-06-21,2025-06-26,2025-06-26,5,True,2
CNT04409,2,General,2025-04-18,2025-04-22,2025-04-23,4,True,2
CNT04410,2,General,2025-04-23,2025-04-24,2025-04-28,1,True,2
CNT04411,2,Hazardous,2025-07-09,2025-07-11,2025-07-14,2,True,2
CNT04412,2,Reefer,2025-08-21,2025-08-25,2025-08-26,4,True,2
CNT04413,2,Hazardous,2025-07-11,2025-07-13,2025-07-16,2,True,2
CNT04414,2,General,2025-08-20,2025-08-26,2025-08-25,6,False,2
CNT04415,2,General,2025-06-23,2025-06-27,2025-06-28,4,True,2
CNT04416,2,Hazardous,2025-06-10,2025-06-12,2025-06-15,2,True,2
CNT04417,2,Hazardous,2025-08-12,2025-08-28,2025-08-17,16,False,2
CNT04418,2,General,2025-07-27,2025-07-30,2025-08-01,3,True,2
CNT04419,2,General,2025-04-04,2025-04-30,2025-04-09,26,False,2
CNT04420,2,General,2025-09-27,2025-10-11,2025-10-02,14,False,2
CNT04421,2,General,2025-09-07,2025-09-08,2025-09-12,1,True,2
CNT04422,2,Tank,2025-08-29,2025-09-06,2025-09-03,8,False,2
CNT04423,2,General,2025-08-12,2025-08-17,2025-08-17,5,True,2
CNT04424,2,General,2025-07-17,2025-07-19,2025-07-22,2,True,2
CNT04425,2,Tank,2025-04-29,2025-05-06,2025-05-04,7,False,2
CNT04426,2,Hazardous,2025-07-16,2025-07-29,2025-07-21,13,False,2
CNT04427,2,Tank,2025-05-09,2025-05-16,2025-05-14,7,False,2
CNT04428,2,General,2025-05-08,2025-05-09,2025-05-13,1,True,2
CNT04429,2,Tank,2025-08-24,2025-09-03,2025-08-29,10,False,2
CNT04430,2,General,2025-08-29,2025-09-02,2025-09-03,4,True,2
CNT04431,2,General,2025-08-28,2025-08-29,2025-09-02,1,True,2
CNT04432,2,Reefer,2025-04-26,2025-05-03,2025-05-01,7,False,2
CNT04433,2,General,2025-04-28,2025-05-17,2025-05-03,19,False,2
CNT04434,2,General,2025-08-23,2025-08-31,2025-08-28,8,False,2
CNT04435,2,Tank,2025-04-26,2025-05-05,2025-05-01,9,False,2
CNT04436,2,Hazardous,2025-06-13,2025-06-22,2025-06-18,9,False,2
CNT04437,2,Tank,2025-08-16,2025-08-29,2025-08-21,13,False,2
CNT04438,2,General,2025-06-28,2025-07-04,2025-07-03,6,False,2
CNT04439,2,General,2025-07-15,2025-07-17,2025-07-20,2,True,2
CNT04440,2,General,2025-06-07,2025-06-13,2025-06-12,6,False,2
CNT04441,2,Reefer,2025-07-08,2025-07-11,2025-07-13,3,True,2
CNT04442,2,General,2025-09-15,2025-09-24,2025-09-20,9,False,2
CNT04443,2,General,2025-08-03,2025-08-22,2025-08-08,19,False,2
CNT04444,2,Hazardous,2025-08-25,2025-08-30,2025-08-30,5,True,2
CNT04445,2,Tank,2025-09-03,2025-09-08,2025-09-08,5,True,2
CNT04446,2,Hazardous,2025-07-31,2025-08-05,2025-08-05,5,True,2
CNT04447,2,Reefer,2025-04-10,2025-04-18,2025-04-15,8,False,2
CNT04448,2,General,2025-05-15,2025-05-26,2025-05-20,11,False,2
CNT04449,2,General,2025-06-10,2025-06-26,2025-06-15,16,False,2
CNT04450,2,Reefer,2025-07-13,2025-07-16,2025-07-18,3,True,2
CNT04451,2,Hazardous,2025-05-07,2025-05-16,2025-05-12,9,False,2
CNT04452,2,Hazardous,2025-09-06,2025-09-15,2025-09-11,9,False,2
CNT04453,2,Tank,2025-09-03,2025-09-12,2025-09-08,9,False,2
CNT04454,2,General,2025-09-22,2025-09-24,2025-09-27,2,True,2
CNT04455,2,Tank,2025-09-25,2025-10-08,2025-09-30,13,False,2
CNT04456,2,Tank,2025-07-12,2025-07-17,2025-07-17,5,True,2
CNT04457,2,Reefer,2025-04-10,2025-04-20,2025-04-15,10,False,2
CNT04458,2,Reefer,2025-07-11,2025-07-27,2025-07-16,16,False,2
CNT04459,2,Reefer,2025-06-24,2025-07-04,2025-06-29,10,False,2
CNT04460,2,Hazardous,2025-09-24,2025-09-28,2025-09-29,4,True,2
CNT04461,2,General,2025-05-31,2025-06-08,2025-06-05,8,False,2
CNT04462,2,Reefer,2025-04-13,2025-04-15,2025-04-18,2,True,2
CNT04463,2,Tank,2025-07-31,2025-08-07,2025-08-05,7,False,2
CNT04464,2,General,2025-06-08,2025-06-10,2025-06-13,2,True,2
CNT04465,2,Hazardous,2025-07-05,2025-07-14,2025-07-10,9,False,2
CNT04466,2,Tank,2025-04-06,2025-04-10,2025-04-11,4,True,2
CNT04467,2,General,2025-06-26,2025-06-27,2025-07-01,1,True,2
CNT04468,2,Tank,2025-06-17,2025-06-23,2025-06-22,6,False,2
CNT04469,2,General,2025-06-19,2025-06-26,2025-06-24,7,False,2
CNT04470,2,Tank,2025-06-11,2025-06-12,2025-06-16,1,True,2
CNT04471,2,General,2025-08-04,2025-08-06,2025-08-09,2,True,2
CNT04472,2,Tank,2025-09-26,2025-09-29,2025-10-01,3,True,2
CNT04473,2,General,2025-09-23,2025-09-26,2025-09-28,3,True,2
CNT04474,2,Tank,2025-04-26,2025-04-29,2025-05-01,3,True,2
CNT04475,2,General,2025-05-29,2025-06-12,2025-06-03,14,False,2
CNT04476,2,General,2025-05-05,2025-05-07,2025-05-10,2,True,2
CNT04477,2,Tank,2025-06-16,2025-06-18,2025-06-21,2,True,2
CNT04478,2,Hazardous,2025-07-23,2025-08-01,2025-07-28,9,False,2
CNT04479,2,General,2025-06-22,2025-06-24,2025-06-27,2,True,2
CNT04480,2,Reefer,2025-06-08,2025-06-13,2025-06-13,5,True,2
CNT04481,2,Reefer,2025-07-16,2025-07-31,2025-07-21,15,False,2
CNT04482,2,Reefer,2025-09-02,2025-10-05,2025-09-07,33,False,2
CNT04483,2,Hazardous,2025-09-13,2025-09-24,2025-09-18,11,False,2
CNT04484,2,General,2025-04-23,2025-04-25,2025-04-28,2,True,2
CNT04485,2,General,2025-05-19,2025-05-30,2025-05-24,11,False,2
CNT04486,2,General,2025-07-23,2025-08-04,2025-07-28,12,False,2
CNT04487,2,General,2025-05-25,2025-05-31,2025-05-30,6,False,2
CNT04488,2,Hazardous,2025-07-14,2025-07-20,2025-07-19,6,False,2
CNT04489,2,General,2025-08-03,2025-08-06,2025-08-08,3,True,2
CNT04490,2,Tank,2025-08-11,2025-08-13,2025-08-16,2,True,2
CNT04491,2,Reefer,2025-07-05,2025-07-09,2025-07-10,4,True,2
CNT04492,2,General,2025-04-15,2025-04-27,2025-04-20,12,False,2
CNT04493,2,General,2025-08-10,2025-08-12,2025-08-15,2,True,2
CNT04494,2,Tank,2025-05-11,2025-05-19,2025-05-16,8,False,2
CNT04495,2,Hazardous,2025-04-17,2025-04-19,2025-04-22,2,True,2
CNT04496,2,Hazardous,2025-06-19,2025-06-29,2025-06-24,10,False,2
CNT04497,2,Hazardous,2025-08-08,2025-08-26,2025-08-13,18,False,2
CNT04498,2,Reefer,2025-07-13,2025-07-31,2025-07-18,18,False,2
CNT04499,2,General,2025-05-05,2025-05-12,2025-05-10,7,False,2
CNT04500,2,Tank,2025-08-13,2025-08-19,2025-08-18,6,False,2
CNT04501,2,Tank,2025-08-24,2025-08-29,2025-08-29,5,True,2
CNT04502,2,Hazardous,2025-04-08,2025-04-10,2025-04-13,2,True,2
CNT04503,2,Reefer,2025-05-15,2025-05-20,2025-05-20,5,True,2
CNT04504,2,General,2025-05-20,2025-05-31,2025-05-25,11,False,2
CNT04505,2,General,2025-05-22,2025-05-28,2025-05-27,6,False,2
CNT04506,2,General,2025-04-15,2025-04-18,2025-04-20,3,True,2
CNT04507,2,Tank,2025-06-03,2025-06-04,2025-06-08,1,True,2
CNT04508,2,Tank,2025-04-09,2025-04-29,2025-04-14,20,False,2
CNT04509,2,General,2025-07-26,2025-08-05,2025-07-31,10,False,2
CNT04510,2,General,2025-04-13,2025-04-15,2025-04-18,2,True,2
CNT04511,2,General,2025-07-02,2025-07-23,2025-07-07,21,False,2
CNT04512,2,Reefer,2025-09-28,2025-10-01,2025-10-03,3,True,2
CNT04513,2,General,2025-05-21,2025-05-27,2025-05-26,6,False,2
CNT04514,2,Hazardous,2025-06-10,2025-06-18,2025-06-15,8,False,2
CNT04515,2,Tank,2025-07-04,2025-07-20,2025-07-09,16,False,2
CNT04516,2,Reefer,2025-07-28,2025-08-03,2025-08-02,6,False,2
CNT04517,2,Reefer,2025-08-08,2025-08-26,2025-08-13,18,False,2
CNT04518,2,Hazardous,2025-07-11,2025-07-13,2025-07-16,2,True,2
CNT04519,2,General,2025-09-10,2025-09-14,2025-09-15,4,True,2
CNT04520,2,Hazardous,2025-05-02,2025-05-04,2025-05-07,2,True,2
CNT04521,2,General,2025-09-22,2025-10-01,2025-09-27,9,False,2
CNT04522,2,Hazardous,2025-04-08,2025-04-11,2025-04-13,3,True,2
CNT04523,2,General,2025-06-01,2025-06-10,2025-06-06,9,False,2
CNT04524,2,Tank,2025-07-05,2025-07-09,2025-07-10,4,True,2
CNT04525,2,Reefer,2025-08-04,2025-08-07,2025-08-09,3,True,2
CNT04526,2,General,2025-08-31,2025-09-03,2025-09-05,3,True,2
CNT04527,2,General,2025-07-24,2025-08-05,2025-07-29,12,False,2
CNT04528,2,General,2025-05-16,2025-05-21,2025-05-21,5,True,2
CNT04529,2,Tank,2025-07-31,2025-08-09,2025-08-05,9,False,2
CNT04530,2,Hazardous,2025-08-29,2025-08-30,2025-09-03,1,True,2
CNT04531,2,Reefer,2025-08-20,2025-08-29,2025-08-25,9,False,2
CNT04532,2,General,2025-06-29,2025-07-07,2025-07-04,8,False,2
CNT04533,2,Hazardous,2025-06-28,2025-07-06,2025-07-03,8,False,2
CNT04534,2,Tank,2025-05-12,2025-05-15,2025-05-17,3,True,2
CNT04535,2,General,2025-06-06,2025-06-08,2025-06-11,2,True,2
CNT04536,2,Reefer,2025-09-24,2025-10-03,2025-09-29,9,False,2
CNT04537,2,General,2025-04-24,2025-04-26,2025-04-29,2,True,2
CNT04538,2,Tank,2025-06-12,2025-06-16,2025-06-17,4,True,2
CNT04539,2,Tank,2025-04-08,2025-04-15,2025-04-13,7,False,2
CNT04540,2,Tank,2025-07-08,2025-07-13,2025-07-13,5,True,2
CNT04541,2,General,2025-04-13,2025-04-19,2025-04-18,6,False,2
CNT04542,2,Reefer,2025-05-12,2025-05-15,2025-05-17,3,True,2
CNT04543,2,Tank,2025-08-25,2025-09-01,2025-08-30,7,False,2
CNT04544,2,Tank,2025-05-25,2025-06-01,2025-05-30,7,False,2
CNT04545,2,General,2025-05-27,2025-05-31,2025-06-01,4,True,2
CNT04546,2,General,2025-09-13,2025-09-18,2025-09-18,5,True,2
CNT04547,2,Tank,2025-05-28,2025-05-30,2025-06-02,2,True,2
CNT04548,2,General,2025-09-21,2025-09-23,2025-09-26,2,True,2
CNT04549,2,General,2025-05-23,2025-05-30,2025-05-28,7,False,2
CNT04550,2,General,2025-06-08,2025-06-10,2025-06-13,2,True,2
CNT04551,2,Reefer,2025-09-14,2025-09-15,2025-09-19,1,True,2
CNT04552,2,General,2025-07-14,2025-07-16,2025-07-19,2,True,2
CNT04553,2,Hazardous,2025-08-10,2025-08-13,2025-08-15,3,True,2
CNT04554,2,Hazardous,2025-04-06,2025-04-08,2025-04-11,2,True,2
CNT04555,2,Reefer,2025-09-22,2025-10-09,2025-09-27,17,False,2
CNT04556,2,Hazardous,2025-04-03,2025-04-07,2025-04-08,4,True,2
CNT04557,2,Reefer,2025-07-31,2025-08-03,2025-08-05,3,True,2
CNT04558,2,Tank,2025-05-04,2025-05-14,2025-05-09,10,False,2
CNT04559,2,Hazardous,2025-09-13,2025-09-26,2025-09-18,13,False,2
CNT04560,2,Tank,2025-05-15,2025-05-22,2025-05-20,7,False,2
CNT04561,2,General,2025-09-01,2025-09-06,2025-09-06,5,True,2
CNT04562,2,Tank,2025-04-03,2025-04-09,2025-04-08,6,False,2
CNT04563,2,Tank,2025-05-28,2025-05-31,2025-06-02,3,True,2
CNT04564,2,General,2025-06-04,2025-06-16,2025-06-09,12,False,2
CNT04565,2,General,2025-09-03,2025-09-12,2025-09-08,9,False,2
CNT04566,2,Hazardous,2025-06-18,2025-06-23,2025-06-23,5,True,2
CNT04567,2,Tank,2025-09-12,2025-09-30,2025-09-17,18,False,2
CNT04568,2,Hazardous,2025-06-10,2025-06-14,2025-06-15,4,True,2
CNT04569,2,Tank,2025-07-18,2025-07-19,2025-07-23,1,True,2
CNT04570,2,Hazardous,2025-07-06,2025-07-14,2025-07-11,8,False,2
CNT04571,2,Tank,2025-06-29,2025-07-05,2025-07-04,6,False,2
CNT04572,2,General,2025-07-27,2025-08-05,2025-08-01,9,False,2
CNT04573,2,General,2025-06-04,2025-06-10,2025-06-09,6,False,2
CNT04574,2,General,2025-05-26,2025-05-28,2025-05-31,2,True,2
CNT04575,2,Tank,2025-07-29,2025-08-14,2025-08-03,16,False,2
CNT04576,2,General,2025-06-17,2025-06-20,2025-06-22,3,True,2
CNT04577,2,General,2025-09-21,2025-09-22,2025-09-26,1,True,2
CNT04578,2,General,2025-08-12,2025-08-15,2025-08-17,3,True,2
CNT04579,2,Reefer,2025-09-07,2025-09-08,2025-09-12,1,True,2
CNT04580,2,Hazardous,2025-07-11,2025-07-19,2025-07-16,8,False,2
CNT04581,2,General,2025-08-28,2025-09-01,2025-09-02,4,True,2
CNT04582,2,General,2025-04-27,2025-04-30,2025-05-02,3,True,2
CNT04583,2,Tank,2025-04-02,2025-04-07,2025-04-07,5,True,2
CNT04584,2,General,2025-08-09,2025-08-16,2025-08-14,7,False,2
CNT04585,2,Tank,2025-09-17,2025-09-26,2025-09-22,9,False,2
CNT04586,2,Tank,2025-07-05,2025-07-11,2025-07-10,6,False,2
CNT04587,2,General,2025-08-22,2025-08-23,2025-08-27,1,True,2
CNT04588,2,General,2025-09-13,2025-09-16,2025-09-18,3,True,2
CNT04589,2,General,2025-08-31,2025-09-03,2025-09-05,3,True,2
CNT04590,2,Reefer,2025-09-03,2025-09-07,2025-09-08,4,True,2
CNT04591,2,General,2025-06-12,2025-06-20,2025-06-17,8,False,2
CNT04592,2,General,2025-06-16,2025-06-29,2025-06-21,13,False,2
CNT04593,2,Reefer,2025-09-23,2025-10-01,2025-09-28,8,False,2
CNT04594,2,Tank,2025-04-28,2025-05-04,2025-05-03,6,False,2
CNT04595,2,Tank,2025-08-02,2025-08-13,2025-08-07,11,False,2
CNT04596,2,Tank,2025-04-17,2025-04-23,2025-04-22,6,False,2
CNT04597,2,Hazardous,2025-06-26,2025-07-01,2025-07-01,5,True,2
CNT04598,2,General,2025-06-10,2025-06-12,2025-06-15,2,True,2
CNT04599,2,General,2025-09-11,2025-09-14,2025-09-16,3,True,2
CNT04600,2,Tank,2025-06-23,2025-06-26,2025-06-28,3,True,2
CNT04601,2,General,2025-06-10,2025-06-20,2025-06-15,10,False,2
CNT04602,2,Tank,2025-06-06,2025-06-25,2025-06-11,19,False,2
CNT04603,2,General,2025-09-15,2025-09-20,2025-09-20,5,True,2
CNT04604,2,Tank,2025-09-14,2025-09-19,2025-09-19,5,True,2
CNT04605,2,Reefer,2025-06-16,2025-06-18,2025-06-21,2,True,2
CNT04606,2,Hazardous,2025-05-19,2025-05-20,2025-05-24,1,True,2
CNT04607,2,General,2025-05-09,2025-05-12,2025-05-14,3,True,2
CNT04608,2,Tank,2025-08-11,2025-08-14,2025-08-16,3,True,2
CNT04609,2,Hazardous,2025-06-01,2025-06-11,2025-06-06,10,False,2
CNT04610,2,General,2025-04-15,2025-04-16,2025-04-20,1,True,2
CNT04611,2,Tank,2025-09-01,2025-09-04,2025-09-06,3,True,2
CNT04612,2,Reefer,2025-07-13,2025-07-15,2025-07-18,2,True,2
CNT04613,2,Reefer,2025-09-17,2025-09-21,2025-09-22,4,True,2
CNT04614,2,Tank,2025-06-21,2025-06-28,2025-06-26,7,False,2
CNT04615,2,General,2025-09-22,2025-09-24,2025-09-27,2,True,2
CNT04616,2,Hazardous,2025-05-06,2025-05-13,2025-05-11,7,False,2
CNT04617,2,Reefer,2025-04-07,2025-04-08,2025-04-12,1,True,2
CNT04618,2,Reefer,2025-09-15,2025-09-17,2025-09-20,2,True,2
CNT04619,2,General,2025-08-06,2025-08-13,2025-08-11,7,False,2
CNT04620,2,Hazardous,2025-06-15,2025-06-20,2025-06-20,5,True,2
CNT04621,2,General,2025-06-06,2025-06-14,2025-06-11,8,False,2
CNT04622,2,Reefer,2025-07-17,2025-07-20,2025-07-22,3,True,2
CNT04623,2,Hazardous,2025-07-13,2025-07-17,2025-07-18,4,True,2
CNT04624,2,General,2025-07-09,2025-07-13,2025-07-14,4,True,2
CNT04625,2,Tank,2025-04-10,2025-04-23,2025-04-15,13,False,2
CNT04626,2,General,2025-08-28,2025-09-09,2025-09-02,12,False,2
CNT04627,2,Tank,2025-08-25,2025-08-28,2025-08-30,3,True,2
CNT04628,2,Reefer,2025-05-19,2025-05-26,2025-05-24,7,False,2
CNT04629,2,General,2025-06-27,2025-07-02,2025-07-02,5,True,2
CNT04630,2,Reefer,2025-05-27,2025-05-29,2025-06-01,2,True,2
CNT04631,2,Hazardous,2025-09-23,2025-09-29,2025-09-28,6,False,2
CNT04632,2,Reefer,2025-08-15,2025-08-26,2025-08-20,11,False,2
CNT04633,2,Hazardous,2025-09-11,2025-09-15,2025-09-16,4,True,2
CNT04634,2,General,2025-07-31,2025-08-06,2025-08-05,6,False,2
CNT04635,2,Reefer,2025-09-19,2025-09-24,2025-09-24,5,True,2
CNT04636,2,Reefer,2025-07-01,2025-07-04,2025-07-06,3,True,2
CNT04637,2,General,2025-08-08,2025-08-17,2025-08-13,9,False,2
CNT04638,2,Tank,2025-06-16,2025-06-24,2025-06-21,8,False,2
CNT04639,2,General,2025-05-14,2025-05-21,2025-05-19,7,False,2
CNT04640,2,Reefer,2025-09-16,2025-10-04,2025-09-21,18,False,2
CNT04641,2,Hazardous,2025-08-21,2025-09-01,2025-08-26,11,False,2
CNT04642,2,Hazardous,2025-05-17,2025-05-19,2025-05-22,2,True,2
CNT04643,2,Hazardous,2025-06-15,2025-06-19,2025-06-20,4,True,2
CNT04644,2,Reefer,2025-04-25,2025-05-07,2025-04-30,12,False,2
CNT04645,2,Hazardous,2025-07-30,2025-07-31,2025-08-04,1,True,2
CNT04646,2,General,2025-05-03,2025-05-07,2025-05-08,4,True,2
CNT04647,2,Reefer,2025-06-06,2025-06-08,2025-06-11,2,True,2
CNT04648,2,General,2025-08-22,2025-08-27,2025-08-27,5,True,2
CNT04649,2,Hazardous,2025-05-17,2025-05-25,2025-05-22,8,False,2
CNT04650,2,Tank,2025-09-22,2025-10-02,2025-09-27,10,False,2
CNT04651,2,General,2025-06-25,2025-07-03,2025-06-30,8,False,2
CNT04652,2,General,2025-09-15,2025-09-20,2025-09-20,5,True,2
CNT04653,2,Hazardous,2025-04-23,2025-04-26,2025-04-28,3,True,2
CNT04654,2,Hazardous,2025-05-27,2025-06-12,2025-06-01,16,False,2
CNT04655,2,General,2025-06-30,2025-07-03,2025-07-05,3,True,2
CNT04656,2,General,2025-05-28,2025-06-12,2025-06-02,15,False,2
CNT04657,2,General,2025-06-18,2025-06-25,2025-06-23,7,False,2
CNT04658,2,Tank,2025-07-17,2025-07-19,2025-07-22,2,True,2
CNT04659,2,Tank,2025-06-24,2025-06-29,2025-06-29,5,True,2
CNT04660,2,Tank,2025-07-05,2025-07-09,2025-07-10,4,True,2
CNT04661,2,Hazardous,2025-06-06,2025-06-17,2025-06-11,11,False,2
CNT04662,2,Hazardous,2025-08-28,2025-09-12,2025-09-02,15,False,2
CNT04663,2,Hazardous,2025-06-15,2025-06-16,2025-06-20,1,True,2
CNT04664,2,Tank,2025-07-28,2025-08-04,2025-08-02,7,False,2
CNT04665,2,Tank,2025-05-01,2025-05-03,2025-05-06,2,True,2
CNT04666,2,Tank,2025-07-30,2025-08-07,2025-08-04,8,False,2
CNT04667,2,General,2025-04-14,2025-05-20,2025-04-19,36,False,2
CNT04668,2,General,2025-09-10,2025-09-14,2025-09-15,4,True,2
CNT04669,2,General,2025-08-28,2025-08-31,2025-09-02,3,True,2
CNT04670,2,Reefer,2025-08-27,2025-08-31,2025-09-01,4,True,2
CNT04671,2,Tank,2025-09-06,2025-09-09,2025-09-11,3,True,2
CNT04672,2,Reefer,2025-04-19,2025-04-27,2025-04-24,8,False,2
CNT04673,2,General,2025-07-30,2025-08-19,2025-08-04,20,False,2
CNT04674,2,Reefer,2025-05-20,2025-05-28,2025-05-25,8,False,2
CNT04675,2,Tank,2025-08-07,2025-08-10,2025-08-12,3,True,2
CNT04676,2,Tank,2025-05-01,2025-05-13,2025-05-06,12,False,2
CNT04677,2,General,2025-09-22,2025-10-04,2025-09-27,12,False,2
CNT04678,2,General,2025-07-07,2025-07-11,2025-07-12,4,True,2
CNT04679,2,Tank,2025-08-14,2025-08-18,2025-08-19,4,True,2
CNT04680,2,General,2025-06-16,2025-06-19,2025-06-21,3,True,2
CNT04681,2,Tank,2025-07-15,2025-07-18,2025-07-20,3,True,2
CNT04682,2,General,2025-04-14,2025-04-15,2025-04-19,1,True,2
CNT04683,2,Hazardous,2025-05-09,2025-05-11,2025-05-14,2,True,2
CNT04684,2,Tank,2025-05-06,2025-05-15,2025-05-11,9,False,2
CNT04685,2,General,2025-05-22,2025-06-02,2025-05-27,11,False,2
CNT04686,2,General,2025-06-27,2025-07-01,2025-07-02,4,True,2
CNT04687,2,Hazardous,2025-07-14,2025-07-25,2025-07-19,11,False,2
CNT04688,2,General,2025-08-24,2025-09-03,2025-08-29,10,False,2
CNT04689,2,Hazardous,2025-07-27,2025-07-30,2025-08-01,3,True,2
CNT04690,2,Tank,2025-05-07,2025-05-12,2025-05-12,5,True,2
CNT04691,2,Tank,2025-06-20,2025-06-25,2025-06-25,5,True,2
CNT04692,2,General,2025-05-17,2025-05-21,2025-05-22,4,True,2
CNT04693,2,General,2025-04-21,2025-04-27,2025-04-26,6,False,2
CNT04694,2,General,2025-08-03,2025-08-08,2025-08-08,5,True,2
CNT04695,2,Hazardous,2025-06-25,2025-06-29,2025-06-30,4,True,2
CNT04696,2,General,2025-09-09,2025-09-12,2025-09-14,3,True,2
CNT04697,2,General,2025-05-16,2025-05-21,2025-05-21,5,True,2
CNT04698,2,Hazardous,2025-06-20,2025-06-26,2025-06-25,6,False,2
CNT04699,2,Hazardous,2025-09-10,2025-09-13,2025-09-15,3,True,2
CNT04700,2,General,2025-04-15,2025-04-21,2025-04-20,6,False,2
CNT04701,2,General,2025-04-02,2025-04-08,2025-04-07,6,False,2
CNT04702,2,Hazardous,2025-07-25,2025-08-06,2025-07-30,12,False,2
CNT04703,2,General,2025-06-10,2025-06-12,2025-06-15,2,True,2
CNT04704,2,Hazardous,2025-05-24,2025-05-29,2025-05-29,5,True,2
CNT04705,2,General,2025-05-14,2025-05-19,2025-05-19,5,True,2
CNT04706,2,General,2025-08-26,2025-09-07,2025-08-31,12,False,2
CNT04707,2,Reefer,2025-05-11,2025-05-12,2025-05-16,1,True,2
CNT04708,2,General,2025-08-04,2025-08-29,2025-08-09,25,False,2
CNT04709,2,Tank,2025-04-23,2025-05-17,2025-04-28,24,False,2
CNT04710,2,Tank,2025-05-04,2025-05-16,2025-05-09,12,False,2
CNT04711,2,Hazardous,2025-09-05,2025-09-11,2025-09-10,6,False,2
CNT04712,2,General,2025-07-21,2025-08-05,2025-07-26,15,False,2
CNT04713,2,Reefer,2025-09-10,2025-09-13,2025-09-15,3,True,2
CNT04714,2,General,2025-07-19,2025-07-21,2025-07-24,2,True,2
CNT04715,2,General,2025-07-13,2025-07-19,2025-07-18,6,False,2
CNT04716,2,General,2025-07-19,2025-07-24,2025-07-24,5,True,2
CNT04717,2,Tank,2025-08-01,2025-08-11,2025-08-06,10,False,2
CNT04718,2,General,2025-07-08,2025-07-12,2025-07-13,4,True,2
CNT04719,2,Tank,2025-04-02,2025-04-05,2025-04-07,3,True,2
CNT04720,2,General,2025-04-10,2025-04-15,2025-04-15,5,True,2
CNT04721,2,Tank,2025-08-15,2025-08-18,2025-08-20,3,True,2
CNT04722,2,Tank,2025-05-22,2025-05-25,2025-05-27,3,True,2
CNT04723,2,General,2025-07-05,2025-07-30,2025-07-10,25,False,2
CNT04724,2,Tank,2025-04-04,2025-04-10,2025-04-09,6,False,2
CNT04725,2,Hazardous,2025-06-22,2025-06-26,2025-06-27,4,True,2
CNT04726,2,Hazardous,2025-08-14,2025-08-16,2025-08-19,2,True,2
CNT04727,2,Hazardous,2025-05-19,2025-05-28,2025-05-24,9,False,2
CNT04728,2,Hazardous,2025-04-05,2025-04-12,2025-04-10,7,False,2
CNT04729,2,Reefer,2025-09-21,2025-09-23,2025-09-26,2,True,2
CNT04730,2,Reefer,2025-04-02,2025-04-13,2025-04-07,11,False,2
CNT04731,2,Tank,2025-09-08,2025-09-11,2025-09-13,3,True,2
CNT04732,2,General,2025-06-03,2025-06-09,2025-06-08,6,False,2
CNT04733,2,General,2025-05-28,2025-05-29,2025-06-02,1,True,2
CNT04734,2,General,2025-09-25,2025-10-06,2025-09-30,11,False,2
CNT04735,2,General,2025-06-28,2025-07-01,2025-07-03,3,True,2
CNT04736,2,Hazardous,2025-06-19,2025-07-06,2025-06-24,17,False,2
CNT04737,2,General,2025-05-04,2025-05-10,2025-05-09,6,False,2
CNT04738,2,General,2025-04-27,2025-05-01,2025-05-02,4,True,2
CNT04739,2,Tank,2025-07-08,2025-07-11,2025-07-13,3,True,2
CNT04740,2,Tank,2025-08-07,2025-08-12,2025-08-12,5,True,2
CNT04741,2,General,2025-08-29,2025-09-03,2025-09-03,5,True,2
CNT04742,2,General,2025-06-18,2025-06-19,2025-06-23,1,True,2
CNT04743,2,Tank,2025-05-13,2025-05-18,2025-05-18,5,True,2
CNT04744,2,Reefer,2025-04-17,2025-04-27,2025-04-22,10,False,2
CNT04745,2,General,2025-04-12,2025-04-14,2025-04-17,2,True,2
CNT04746,2,General,2025-06-16,2025-06-29,2025-06-21,13,False,2
CNT04747,2,Tank,2025-06-14,2025-06-23,2025-06-19,9,False,2
CNT04748,2,General,2025-07-26,2025-08-01,2025-07-31,6,False,2
CNT04749,2,Reefer,2025-08-12,2025-08-29,2025-08-17,17,False,2
CNT04750,2,Tank,2025-08-31,2025-09-03,2025-09-05,3,True,2
CNT04751,2,General,2025-08-13,2025-08-26,2025-08-18,13,False,2
CNT04752,2,General,2025-06-26,2025-06-29,2025-07-01,3,True,2
CNT04753,2,General,2025-07-21,2025-07-24,2025-07-26,3,True,2
CNT04754,2,Hazardous,2025-09-23,2025-09-27,2025-09-28,4,True,2
CNT04755,2,Hazardous,2025-05-05,2025-05-07,2025-05-10,2,True,2
CNT04756,2,Hazardous,2025-06-27,2025-07-01,2025-07-02,4,True,2
CNT04757,2,General,2025-08-04,2025-08-06,2025-08-09,2,True,2
CNT04758,2,General,2025-07-01,2025-07-05,2025-07-06,4,True,2
CNT04759,2,General,2025-05-19,2025-05-26,2025-05-24,7,False,2
CNT04760,2,General,2025-05-13,2025-05-14,2025-05-18,1,True,2
CNT04761,2,Tank,2025-07-13,2025-07-17,2025-07-18,4,True,2
CNT04762,2,Hazardous,2025-04-05,2025-04-20,2025-04-10,15,False,2
CNT04763,2,Tank,2025-05-29,2025-06-08,2025-06-03,10,False,2
CNT04764,2,Hazardous,2025-05-28,2025-06-08,2025-06-02,11,False,2
CNT04765,2,Hazardous,2025-05-04,2025-05-08,2025-05-09,4,True,2
CNT04766,2,Hazardous,2025-05-25,2025-06-03,2025-05-30,9,False,2
CNT04767,2,Tank,2025-04-06,2025-04-09,2025-04-11,3,True,2
CNT04768,2,General,2025-08-29,2025-09-03,2025-09-03,5,True,2
CNT04769,2,Reefer,2025-08-08,2025-08-16,2025-08-13,8,False,2
CNT04770,2,General,2025-05-14,2025-05-22,2025-05-19,8,False,2
CNT04771,2,General,2025-05-02,2025-05-06,2025-05-07,4,True,2
CNT04772,2,Hazardous,2025-07-03,2025-07-06,2025-07-08,3,True,2
CNT04773,2,General,2025-09-14,2025-09-18,2025-09-19,4,True,2
CNT04774,2,Tank,2025-04-10,2025-04-12,2025-04-15,2,True,2
CNT04775,2,General,2025-07-06,2025-07-14,2025-07-11,8,False,2
CNT04776,2,Hazardous,2025-09-11,2025-09-15,2025-09-16,4,True,2
CNT04777,2,Hazardous,2025-06-05,2025-06-08,2025-06-10,3,True,2
CNT04778,2,General,2025-08-15,2025-08-26,2025-08-20,11,False,2
CNT04779,2,General,2025-09-07,2025-09-16,2025-09-12,9,False,2
CNT04780,2,Hazardous,2025-04-13,2025-04-15,2025-04-18,2,True,2
CNT04781,2,General,2025-08-31,2025-09-12,2025-09-05,12,False,2
CNT04782,2,Tank,2025-04-13,2025-04-15,2025-04-18,2,True,2
CNT04783,2,Tank,2025-09-17,2025-09-21,2025-09-22,4,True,2
CNT04784,2,Hazardous,2025-04-28,2025-05-03,2025-05-03,5,True,2
CNT04785,2,Reefer,2025-09-15,2025-09-23,2025-09-20,8,False,2
CNT04786,2,Hazardous,2025-04-06,2025-04-14,2025-04-11,8,False,2
CNT04787,2,Hazardous,2025-04-13,2025-04-18,2025-04-18,5,True,2
CNT04788,2,Reefer,2025-09-24,2025-10-06,2025-09-29,12,False,2
CNT04789,2,Tank,2025-04-30,2025-05-08,2025-05-05,8,False,2
CNT04790,2,Hazardous,2025-07-16,2025-07-22,2025-07-21,6,False,2
CNT04791,2,General,2025-07-23,2025-07-28,2025-07-28,5,True,2
CNT04792,2,Tank,2025-07-07,2025-07-10,2025-07-12,3,True,2
CNT04793,2,Reefer,2025-05-02,2025-05-09,2025-05-07,7,False,2
CNT04794,2,Tank,2025-08-19,2025-09-03,2025-08-24,15,False,2
CNT04795,2,General,2025-06-04,2025-06-06,2025-06-09,2,True,2
CNT04796,2,Tank,2025-07-31,2025-08-02,2025-08-05,2,True,2
CNT04797,2,Tank,2025-09-27,2025-10-02,2025-10-02,5,True,2
CNT04798,2,General,2025-05-10,2025-05-13,2025-05-15,3,True,2
CNT04799,2,General,2025-05-23,2025-05-26,2025-05-28,3,True,2
CNT04800,2,General,2025-09-25,2025-10-01,2025-09-30,6,False,2
CNT04801,2,Hazardous,2025-09-23,2025-09-29,2025-09-28,6,False,2
CNT04802,2,General,2025-09-09,2025-09-11,2025-09-14,2,True,2
CNT04803,2,Hazardous,2025-04-03,2025-04-05,2025-04-08,2,True,2
CNT04804,2,Tank,2025-06-17,2025-06-27,2025-06-22,10,False,2
CNT04805,2,Tank,2025-07-17,2025-07-31,2025-07-22,14,False,2
CNT04806,2,General,2025-09-17,2025-09-26,2025-09-22,9,False,2
CNT04807,2,Tank,2025-04-26,2025-04-28,2025-05-01,2,True,2
CNT04808,2,General,2025-09-17,2025-09-20,2025-09-22,3,True,2
CNT04809,2,General,2025-08-12,2025-08-27,2025-08-17,15,False,2
CNT04810,2,General,2025-06-09,2025-06-11,2025-06-14,2,True,2
CNT04811,2,Reefer,2025-09-07,2025-09-08,2025-09-12,1,True,2
CNT04812,2,Tank,2025-09-03,2025-09-14,2025-09-08,11,False,2
CNT04813,2,Hazardous,2025-09-27,2025-10-01,2025-10-02,4,True,2
CNT04814,2,General,2025-05-06,2025-05-08,2025-05-11,2,True,2
CNT04815,2,General,2025-07-17,2025-07-24,2025-07-22,7,False,2
CNT04816,2,Tank,2025-04-27,2025-05-13,2025-05-02,16,False,2
CNT04817,2,General,2025-08-09,2025-08-14,2025-08-14,5,True,2
CNT04818,2,General,2025-09-06,2025-09-09,2025-09-11,3,True,2
CNT04819,2,Hazardous,2025-05-01,2025-05-03,2025-05-06,2,True,2
CNT04820,2,Hazardous,2025-06-12,2025-06-15,2025-06-17,3,True,2
CNT04821,2,General,2025-04-30,2025-05-04,2025-05-05,4,True,2
CNT04822,2,General,2025-04-28,2025-05-05,2025-05-03,7,False,2
CNT04823,2,General,2025-08-06,2025-08-12,2025-08-11,6,False,2
CNT04824,2,General,2025-05-21,2025-05-31,2025-05-26,10,False,2
CNT04825,2,General,2025-09-03,2025-09-06,2025-09-08,3,True,2
CNT04826,2,General,2025-05-22,2025-05-27,2025-05-27,5,True,2
CNT04827,2,General,2025-06-07,2025-06-19,2025-06-12,12,False,2
CNT04828,2,General,2025-08-12,2025-08-21,2025-08-17,9,False,2
CNT04829,2,Hazardous,2025-05-22,2025-05-28,2025-05-27,6,False,2
CNT04830,2,General,2025-07-01,2025-07-03,2025-07-06,2,True,2
CNT04831,2,Tank,2025-09-28,2025-10-03,2025-10-03,5,True,2
CNT04832,2,General,2025-07-14,2025-07-22,2025-07-19,8,False,2
CNT04833,2,General,2025-06-15,2025-06-18,2025-06-20,3,True,2
CNT04834,2,General,2025-05-12,2025-05-26,2025-05-17,14,False,2
CNT04835,2,Hazardous,2025-04-11,2025-04-15,2025-04-16,4,True,2
CNT04836,2,Reefer,2025-08-19,2025-08-31,2025-08-24,12,False,2
CNT04837,2,Tank,2025-08-06,2025-08-12,2025-08-11,6,False,2
CNT04838,2,Tank,2025-05-24,2025-06-06,2025-05-29,13,False,2
CNT04839,2,General,2025-09-24,2025-09-28,2025-09-29,4,True,2
CNT04840,2,Hazardous,2025-08-02,2025-08-09,2025-08-07,7,False,2
CNT04841,2,Hazardous,2025-06-24,2025-07-04,2025-06-29,10,False,2
CNT04842,2,Reefer,2025-05-31,2025-06-06,2025-06-05,6,False,2
CNT04843,2,General,2025-04-01,2025-04-11,2025-04-06,10,False,2
CNT04844,2,Hazardous,2025-04-04,2025-04-10,2025-04-09,6,False,2
CNT04845,2,Hazardous,2025-09-19,2025-09-26,2025-09-24,7,False,2
CNT04846,2,Tank,2025-04-23,2025-04-26,2025-04-28,3,True,2
CNT04847,2,Tank,2025-04-29,2025-05-04,2025-05-04,5,True,2
CNT04848,2,Tank,2025-08-25,2025-08-28,2025-08-30,3,True,2
CNT04849,2,Reefer,2025-09-19,2025-09-27,2025-09-24,8,False,2
CNT04850,2,General,2025-08-05,2025-08-07,2025-08-10,2,True,2
CNT04851,2,General,2025-05-09,2025-05-17,2025-05-14,8,False,2
CNT04852,2,Hazardous,2025-04-24,2025-05-01,2025-04-29,7,False,2
CNT04853,2,Tank,2025-08-09,2025-08-18,2025-08-14,9,False,2
CNT04854,2,General,2025-04-20,2025-04-26,2025-04-25,6,False,2
CNT04855,2,Reefer,2025-04-26,2025-04-27,2025-05-01,1,True,2
CNT04856,2,General,2025-06-05,2025-06-16,2025-06-10,11,False,2
CNT04857,2,Hazardous,2025-09-12,2025-09-22,2025-09-17,10,False,2
CNT04858,2,Reefer,2025-05-30,2025-06-08,2025-06-04,9,False,2
CNT04859,2,Hazardous,2025-07-26,2025-08-07,2025-07-31,12,False,2
CNT04860,2,Tank,2025-06-15,2025-06-18,2025-06-20,3,True,2
CNT04861,2,Hazardous,2025-06-07,2025-06-11,2025-06-12,4,True,2
CNT04862,2,General,2025-07-28,2025-08-03,2025-08-02,6,False,2
CNT04863,2,Reefer,2025-04-13,2025-04-19,2025-04-18,6,False,2
CNT04864,2,General,2025-04-26,2025-04-30,2025-05-01,4,True,2
CNT04865,2,General,2025-05-15,2025-05-21,2025-05-20,6,False,2
CNT04866,2,Tank,2025-04-11,2025-04-17,2025-04-16,6,False,2
CNT04867,2,General,2025-06-14,2025-06-20,2025-06-19,6,False,2
CNT04868,2,Hazardous,2025-07-02,2025-07-07,2025-07-07,5,True,2
CNT04869,2,General,2025-09-21,2025-09-25,2025-09-26,4,True,2
CNT04870,2,Tank,2025-06-20,2025-06-21,2025-06-25,1,True,2
CNT04871,2,Reefer,2025-07-19,2025-07-26,2025-07-24,7,False,2
CNT04872,2,Hazardous,2025-04-30,2025-05-02,2025-05-05,2,True,2
CNT04873,2,Hazardous,2025-04-25,2025-05-01,2025-04-30,6,False,2
CNT04874,2,Reefer,2025-04-12,2025-04-14,2025-04-17,2,True,2
CNT04875,2,Hazardous,2025-04-03,2025-04-08,2025-04-08,5,True,2
CNT04876,2,Tank,2025-05-06,2025-05-13,2025-05-11,7,False,2
CNT04877,2,Reefer,2025-09-17,2025-09-20,2025-09-22,3,True,2
CNT04878,2,Tank,2025-09-13,2025-10-02,2025-09-18,19,False,2
CNT04879,2,General,2025-05-14,2025-05-17,2025-05-19,3,True,2
CNT04880,2,Tank,2025-06-24,2025-06-30,2025-06-29,6,False,2
CNT04881,2,Tank,2025-07-01,2025-07-03,2025-07-06,2,True,2
CNT04882,2,General,2025-07-22,2025-08-02,2025-07-27,11,False,2
CNT04883,2,Reefer,2025-09-07,2025-09-14,2025-09-12,7,False,2
CNT04884,2,Tank,2025-06-08,2025-06-09,2025-06-13,1,True,2
CNT04885,2,Hazardous,2025-04-24,2025-04-28,2025-04-29,4,True,2
CNT04886,2,General,2025-07-05,2025-07-18,2025-07-10,13,False,2
CNT04887,2,General,2025-06-27,2025-07-01,2025-07-02,4,True,2
CNT04888,2,General,2025-05-17,2025-05-23,2025-05-22,6,False,2
CNT04889,2,Reefer,2025-04-30,2025-05-05,2025-05-05,5,True,2
CNT04890,2,General,2025-07-12,2025-07-25,2025-07-17,13,False,2
CNT04891,2,Reefer,2025-07-12,2025-07-18,2025-07-17,6,False,2
CNT04892,2,Tank,2025-07-26,2025-08-01,2025-07-31,6,False,2
CNT04893,2,Hazardous,2025-06-09,2025-06-19,2025-06-14,10,False,2
CNT04894,2,General,2025-07-08,2025-07-21,2025-07-13,13,False,2
CNT04895,2,Reefer,2025-09-24,2025-09-25,2025-09-29,1,True,2
CNT04896,2,Tank,2025-08-01,2025-08-08,2025-08-06,7,False,2
CNT04897,2,General,2025-07-17,2025-08-02,2025-07-22,16,False,2
CNT04898,2,Hazardous,2025-09-14,2025-10-02,2025-09-19,18,False,2
CNT04899,2,Tank,2025-05-13,2025-06-02,2025-05-18,20,False,2
CNT04900,2,Hazardous,2025-04-29,2025-05-08,2025-05-04,9,False,2
CNT04901,2,Hazardous,2025-05-04,2025-05-09,2025-05-09,5,True,2
CNT04902,2,Tank,2025-09-26,2025-09-29,2025-10-01,3,True,2
CNT04903,2,General,2025-04-16,2025-04-19,2025-04-21,3,True,2
CNT04904,2,General,2025-05-11,2025-05-17,2025-05-16,6,False,2
CNT04905,2,General,2025-04-27,2025-04-28,2025-05-02,1,True,2
CNT04906,2,Hazardous,2025-07-16,2025-07-20,2025-07-21,4,True,2
CNT04907,2,Tank,2025-08-30,2025-09-10,2025-09-04,11,False,2
CNT04908,2,Tank,2025-08-02,2025-08-22,2025-08-07,20,False,2
CNT04909,2,Hazardous,2025-08-24,2025-08-29,2025-08-29,5,True,2
CNT04910,2,General,2025-09-21,2025-10-01,2025-09-26,10,False,2
CNT04911,2,Reefer,2025-07-22,2025-07-27,2025-07-27,5,True,2
CNT04912,2,Reefer,2025-05-17,2025-05-24,2025-05-22,7,False,2
CNT04913,2,Tank,2025-09-04,2025-09-07,2025-09-09,3,True,2
CNT04914,2,General,2025-07-07,2025-07-09,2025-07-12,2,True,2
CNT04915,2,General,2025-07-01,2025-07-11,2025-07-06,10,False,2
CNT04916,2,General,2025-09-04,2025-09-11,2025-09-09,7,False,2
CNT04917,2,General,2025-04-08,2025-04-15,2025-04-13,7,False,2
CNT04918,2,General,2025-09-23,2025-09-26,2025-09-28,3,True,2
CNT04919,2,General,2025-05-04,2025-05-08,2025-05-09,4,True,2
CNT04920,2,General,2025-08-02,2025-08-06,2025-08-07,4,True,2
CNT04921,2,Tank,2025-08-03,2025-08-13,2025-08-08,10,False,2
CNT04922,2,Hazardous,2025-04-29,2025-05-03,2025-05-04,4,True,2
CNT04923,2,General,2025-07-15,2025-07-17,2025-07-20,2,True,2
CNT04924,2,Hazardous,2025-07-22,2025-07-26,2025-07-27,4,True,2
CNT04925,2,General,2025-04-12,2025-04-14,2025-04-17,2,True,2
CNT04926,2,Tank,2025-04-17,2025-04-20,2025-04-22,3,True,2
CNT04927,2,General,2025-06-06,2025-06-09,2025-06-11,3,True,2
CNT04928,2,Reefer,2025-09-15,2025-10-16,2025-09-20,31,False,2
CNT04929,2,General,2025-06-20,2025-07-09,2025-06-25,19,False,2
CNT04930,2,Tank,2025-04-04,2025-04-07,2025-04-09,3,True,2
CNT04931,2,Hazardous,2025-09-28,2025-10-06,2025-10-03,8,False,2
CNT04932,2,Hazardous,2025-09-21,2025-09-29,2025-09-26,8,False,2
CNT04933,2,General,2025-08-13,2025-08-22,2025-08-18,9,False,2
CNT04934,2,General,2025-08-26,2025-08-28,2025-08-31,2,True,2
CNT04935,2,General,2025-08-23,2025-08-24,2025-08-28,1,True,2
CNT04936,2,Tank,2025-05-28,2025-06-01,2025-06-02,4,True,2
CNT04937,2,General,2025-09-19,2025-09-27,2025-09-24,8,False,2
CNT04938,2,General,2025-06-26,2025-07-03,2025-07-01,7,False,2
CNT04939,2,Hazardous,2025-08-11,2025-08-26,2025-08-16,15,False,2
CNT04940,2,General,2025-08-12,2025-08-14,2025-08-17,2,True,2
CNT04941,2,Reefer,2025-09-24,2025-09-29,2025-09-29,5,True,2
CNT04942,2,Hazardous,2025-09-27,2025-10-01,2025-10-02,4,True,2
CNT04943,2,General,2025-09-06,2025-09-08,2025-09-11,2,True,2
CNT04944,2,Reefer,2025-04-25,2025-05-09,2025-04-30,14,False,2
CNT04945,2,Hazardous,2025-07-20,2025-07-24,2025-07-25,4,True,2
CNT04946,2,Tank,2025-09-17,2025-09-21,2025-09-22,4,True,2
CNT04947,2,Hazardous,2025-06-03,2025-06-08,2025-06-08,5,True,2
CNT04948,2,Reefer,2025-08-02,2025-08-09,2025-08-07,7,False,2
CNT04949,2,Hazardous,2025-06-28,2025-07-13,2025-07-03,15,False,2
CNT04950,2,General,2025-09-17,2025-09-20,2025-09-22,3,True,2
CNT04951,2,General,2025-09-21,2025-09-24,2025-09-26,3,True,2
CNT04952,2,General,2025-09-12,2025-09-15,2025-09-17,3,True,2
CNT04953,2,General,2025-07-08,2025-07-14,2025-07-13,6,False,2
CNT04954,2,General,2025-05-09,2025-05-13,2025-05-14,4,True,2
CNT04955,2,Tank,2025-08-21,2025-09-03,2025-08-26,13,False,2
CNT04956,2,Tank,2025-09-04,2025-09-11,2025-09-09,7,False,2
CNT04957,2,Hazardous,2025-04-14,2025-04-23,2025-04-19,9,False,2
CNT04958,2,Hazardous,2025-04-03,2025-04-06,2025-04-08,3,True,2
CNT04959,2,Hazardous,2025-09-12,2025-09-15,2025-09-17,3,True,2
CNT04960,2,Reefer,2025-05-11,2025-05-14,2025-05-16,3,True,2
CNT04961,2,General,2025-08-08,2025-08-10,2025-08-13,2,True,2
CNT04962,2,Reefer,2025-07-30,2025-08-03,2025-08-04,4,True,2
CNT04963,2,General,2025-08-05,2025-08-20,2025-08-10,15,False,2
CNT04964,2,Reefer,2025-05-13,2025-05-18,2025-05-18,5,True,2
CNT04965,2,General,2025-04-20,2025-04-21,2025-04-25,1,True,2
CNT04966,2,Tank,2025-08-04,2025-08-16,2025-08-09,12,False,2
CNT04967,2,Tank,2025-06-22,2025-06-25,2025-06-27,3,True,2
CNT04968,2,General,2025-06-01,2025-06-07,2025-06-06,6,False,2
CNT04969,2,General,2025-06-24,2025-06-30,2025-06-29,6,False,2
CNT04970,2,Reefer,2025-06-11,2025-06-17,2025-06-16,6,False,2
CNT04971,2,Hazardous,2025-04-13,2025-04-26,2025-04-18,13,False,2
CNT04972,2,General,2025-08-08,2025-08-19,2025-08-13,11,False,2
CNT04973,2,General,2025-05-28,2025-06-01,2025-06-02,4,True,2
CNT04974,2,Hazardous,2025-08-19,2025-08-29,2025-08-24,10,False,2
CNT04975,2,Hazardous,2025-09-12,2025-09-15,2025-09-17,3,True,2
CNT04976,2,Hazardous,2025-07-06,2025-07-20,2025-07-11,14,False,2
CNT04977,2,General,2025-07-13,2025-07-19,2025-07-18,6,False,2
CNT04978,2,General,2025-05-31,2025-06-03,2025-06-05,3,True,2
CNT04979,2,Tank,2025-04-21,2025-04-23,2025-04-26,2,True,2
CNT04980,2,General,2025-07-27,2025-08-02,2025-08-01,6,False,2
CNT04981,2,General,2025-07-23,2025-07-28,2025-07-28,5,True,2
CNT04982,2,Reefer,2025-08-25,2025-08-30,2025-08-30,5,True,2
CNT04983,2,General,2025-07-24,2025-07-31,2025-07-29,7,False,2
CNT04984,2,Hazardous,2025-04-23,2025-04-26,2025-04-28,3,True,2
CNT04985,2,General,2025-08-06,2025-08-12,2025-08-11,6,False,2
CNT04986,2,General,2025-07-24,2025-07-27,2025-07-29,3,True,2
CNT04987,2,Reefer,2025-06-20,2025-07-02,2025-06-25,12,False,2
CNT04988,2,General,2025-05-01,2025-05-02,2025-05-06,1,True,2
CNT04989,2,Hazardous,2025-08-06,2025-08-09,2025-08-11,3,True,2
CNT04990,2,Hazardous,2025-09-15,2025-09-22,2025-09-20,7,False,2
CNT04991,2,Hazardous,2025-04-05,2025-04-08,2025-04-10,3,True,2
CNT04992,2,Reefer,2025-04-27,2025-05-08,2025-05-02,11,False,2
CNT04993,2,General,2025-07-13,2025-07-16,2025-07-18,3,True,2
CNT04994,2,Hazardous,2025-07-15,2025-07-18,2025-07-20,3,True,2
CNT04995,2,Tank,2025-04-10,2025-04-12,2025-04-15,2,True,2
CNT04996,2,Reefer,2025-08-21,2025-08-29,2025-08-26,8,False,2
CNT04997,2,General,2025-08-19,2025-08-23,2025-08-24,4,True,2
CNT04998,2,Hazardous,2025-04-01,2025-04-08,2025-04-06,7,False,2
CNT04999,2,Tank,2025-04-24,2025-04-27,2025-04-29,3,True,2
CNT05000,2,Tank,2025-09-02,2025-09-19,2025-09-07,17,False,2
CNT05001,2,Tank,2025-09-06,2025-09-08,2025-09-11,2,True,2
CNT05002,2,Hazardous,2025-09-11,2025-09-26,2025-09-16,15,False,2
CNT05003,2,Hazardous,2025-06-17,2025-06-20,2025-06-22,3,True,2
CNT05004,2,Tank,2025-08-09,2025-08-16,2025-08-14,7,False,2
CNT05005,2,Tank,2025-08-22,2025-09-03,2025-08-27,12,False,2
CNT05006,2,General,2025-05-23,2025-05-31,2025-05-28,8,False,2
CNT05007,2,Reefer,2025-09-15,2025-09-29,2025-09-20,14,False,2
CNT05008,2,General,2025-09-19,2025-09-23,2025-09-24,4,True,2
CNT05009,2,Tank,2025-07-26,2025-08-01,2025-07-31,6,False,2
CNT05010,2,General,2025-06-27,2025-07-01,2025-07-02,4,True,2
CNT05011,2,Hazardous,2025-07-03,2025-07-10,2025-07-08,7,False,2
CNT05012,2,General,2025-04-14,2025-04-19,2025-04-19,5,True,2
CNT05013,2,General,2025-05-28,2025-05-31,2025-06-02,3,True,2
CNT05014,2,Tank,2025-07-26,2025-07-29,2025-07-31,3,True,2
CNT05015,2,Hazardous,2025-06-24,2025-06-28,2025-06-29,4,True,2
CNT05016,2,General,2025-08-22,2025-08-26,2025-08-27,4,True,2
CNT05017,2,General,2025-09-06,2025-09-18,2025-09-11,12,False,2
CNT05018,2,Reefer,2025-09-01,2025-09-04,2025-09-06,3,True,2
CNT05019,2,General,2025-07-31,2025-08-02,2025-08-05,2,True,2
CNT05020,2,General,2025-09-16,2025-09-19,2025-09-21,3,True,2
CNT05021,2,Hazardous,2025-07-03,2025-07-09,2025-07-08,6,False,2
CNT05022,2,General,2025-07-25,2025-07-29,2025-07-30,4,True,2
CNT05023,2,Hazardous,2025-04-30,2025-05-05,2025-05-05,5,True,2
CNT05024,2,Reefer,2025-04-25,2025-05-03,2025-04-30,8,False,2
CNT05025,2,General,2025-09-16,2025-09-22,2025-09-21,6,False,2
CNT05026,2,Reefer,2025-05-27,2025-06-08,2025-06-01,12,False,2
CNT05027,2,General,2025-04-01,2025-04-05,2025-04-06,4,True,2
CNT05028,2,General,2025-06-27,2025-06-29,2025-07-02,2,True,2
CNT05029,2,Hazardous,2025-06-30,2025-07-08,2025-07-05,8,False,2
CNT05030,2,Hazardous,2025-09-10,2025-09-14,2025-09-15,4,True,2
CNT05031,2,Tank,2025-06-14,2025-06-22,2025-06-19,8,False,2
CNT05032,2,Tank,2025-08-19,2025-08-25,2025-08-24,6,False,2
CNT05033,2,Hazardous,2025-08-12,2025-08-14,2025-08-17,2,True,2
CNT05034,2,Tank,2025-07-05,2025-07-14,2025-07-10,9,False,2
CNT05035,2,General,2025-09-27,2025-10-05,2025-10-02,8,False,2
CNT05036,2,Tank,2025-04-28,2025-05-01,2025-05-03,3,True,2
CNT05037,2,Tank,2025-04-12,2025-04-16,2025-04-17,4,True,2
CNT05038,2,Hazardous,2025-05-13,2025-05-22,2025-05-18,9,False,2
CNT05039,2,General,2025-08-05,2025-08-07,2025-08-10,2,True,2
CNT05040,2,Reefer,2025-05-06,2025-05-13,2025-05-11,7,False,2
CNT05041,2,Tank,2025-07-14,2025-07-20,2025-07-19,6,False,2
CNT05042,2,Hazardous,2025-04-28,2025-05-03,2025-05-03,5,True,2
CNT05043,2,Hazardous,2025-06-05,2025-06-10,2025-06-10,5,True,2
CNT05044,2,Tank,2025-09-04,2025-09-10,2025-09-09,6,False,2
CNT05045,2,Tank,2025-05-21,2025-06-03,2025-05-26,13,False,2
CNT05046,2,Hazardous,2025-05-19,2025-05-21,2025-05-24,2,True,2
CNT05047,2,Hazardous,2025-05-01,2025-05-08,2025-05-06,7,False,2
CNT05048,2,Reefer,2025-07-10,2025-07-14,2025-07-15,4,True,2
CNT05049,2,Tank,2025-05-26,2025-06-02,2025-05-31,7,False,2
CNT05050,2,Hazardous,2025-07-27,2025-08-10,2025-08-01,14,False,2
CNT05051,2,Hazardous,2025-05-19,2025-05-27,2025-05-24,8,False,2
CNT05052,2,General,2025-06-26,2025-07-05,2025-07-01,9,False,2
CNT05053,2,General,2025-04-28,2025-05-05,2025-05-03,7,False,2
CNT05054,2,General,2025-07-16,2025-07-30,2025-07-21,14,False,2
CNT05055,2,General,2025-04-12,2025-04-16,2025-04-17,4,True,2
CNT05056,2,Reefer,2025-09-10,2025-09-14,2025-09-15,4,True,2
CNT05057,2,General,2025-09-20,2025-09-28,2025-09-25,8,False,2
CNT05058,2,General,2025-08-29,2025-09-07,2025-09-03,9,False,2
CNT05059,2,General,2025-05-02,2025-05-05,2025-05-07,3,True,2
CNT05060,2,General,2025-07-25,2025-07-31,2025-07-30,6,False,2
CNT05061,2,Hazardous,2025-07-27,2025-08-04,2025-08-01,8,False,2
CNT05062,2,Tank,2025-09-16,2025-09-28,2025-09-21,12,False,2
CNT05063,2,Tank,2025-08-29,2025-09-09,2025-09-03,11,False,2
CNT05064,2,Tank,2025-08-08,2025-08-12,2025-08-13,4,True,2
CNT05065,2,General,2025-05-05,2025-05-24,2025-05-10,19,False,2
CNT05066,2,General,2025-08-06,2025-08-13,2025-08-11,7,False,2
CNT05067,2,Hazardous,2025-04-02,2025-04-08,2025-04-07,6,False,2
CNT05068,2,Tank,2025-08-14,2025-08-16,2025-08-19,2,True,2
CNT05069,2,Tank,2025-04-13,2025-04-14,2025-04-18,1,True,2
CNT05070,2,Reefer,2025-08-20,2025-08-24,2025-08-25,4,True,2
CNT05071,2,Tank,2025-07-20,2025-07-21,2025-07-25,1,True,2
CNT05072,2,Reefer,2025-08-28,2025-09-03,2025-09-02,6,False,2
CNT05073,2,Reefer,2025-08-02,2025-08-10,2025-08-07,8,False,2
CNT05074,2,Tank,2025-08-09,2025-08-10,2025-08-14,1,True,2
CNT05075,2,Reefer,2025-05-16,2025-05-21,2025-05-21,5,True,2
CNT05076,2,General,2025-09-25,2025-09-29,2025-09-30,4,True,2
CNT05077,2,Reefer,2025-08-27,2025-08-30,2025-09-01,3,True,2
CNT05078,2,Hazardous,2025-05-15,2025-05-26,2025-05-20,11,False,2
CNT05079,2,Tank,2025-05-03,2025-05-11,2025-05-08,8,False,2
CNT05080,2,Reefer,2025-04-27,2025-05-06,2025-05-02,9,False,2
CNT05081,2,Tank,2025-07-09,2025-07-11,2025-07-14,2,True,2
CNT05082,2,Tank,2025-09-16,2025-09-23,2025-09-21,7,False,2
CNT05083,2,Hazardous,2025-09-01,2025-09-05,2025-09-06,4,True,2
CNT05084,2,Tank,2025-09-03,2025-09-18,2025-09-08,15,False,2
CNT05085,2,General,2025-06-22,2025-06-24,2025-06-27,2,True,2
CNT05086,2,Tank,2025-08-08,2025-08-14,2025-08-13,6,False,2
CNT05087,2,Reefer,2025-07-08,2025-07-29,2025-07-13,21,False,2
CNT05088,2,Reefer,2025-07-17,2025-08-17,2025-07-22,31,False,2
CNT05089,2,Hazardous,2025-09-03,2025-09-12,2025-09-08,9,False,2
CNT05090,2,Hazardous,2025-09-25,2025-09-29,2025-09-30,4,True,2
CNT05091,2,General,2025-06-03,2025-06-16,2025-06-08,13,False,2
CNT05092,2,General,2025-06-10,2025-06-14,2025-06-15,4,True,2
CNT05093,2,General,2025-07-11,2025-07-24,2025-07-16,13,False,2
CNT05094,2,Hazardous,2025-06-27,2025-07-07,2025-07-02,10,False,2
CNT05095,2,General,2025-06-15,2025-06-18,2025-06-20,3,True,2
CNT05096,2,Reefer,2025-07-25,2025-08-01,2025-07-30,7,False,2
CNT05097,2,Hazardous,2025-05-05,2025-05-12,2025-05-10,7,False,2
CNT05098,2,Reefer,2025-05-06,2025-05-19,2025-05-11,13,False,2
CNT05099,2,General,2025-07-15,2025-07-20,2025-07-20,5,True,2
CNT05100,2,Hazardous,2025-09-02,2025-09-16,2025-09-07,14,False,2
CNT05101,2,General,2025-09-27,2025-09-29,2025-10-02,2,True,2
CNT05102,2,Tank,2025-08-10,2025-08-12,2025-08-15,2,True,2
CNT05103,2,General,2025-06-16,2025-06-20,2025-06-21,4,True,2
CNT05104,2,General,2025-09-27,2025-10-03,2025-10-02,6,False,2
CNT05105,2,Tank,2025-08-19,2025-08-22,2025-08-24,3,True,2
CNT05106,2,Reefer,2025-06-20,2025-06-23,2025-06-25,3,True,2
CNT05107,2,Tank,2025-08-20,2025-08-24,2025-08-25,4,True,2
CNT05108,2,Hazardous,2025-09-09,2025-09-16,2025-09-14,7,False,2
CNT05109,2,Reefer,2025-05-26,2025-05-29,2025-05-31,3,True,2
CNT05110,2,General,2025-05-22,2025-05-25,2025-05-27,3,True,2
CNT05111,2,Reefer,2025-05-24,2025-05-28,2025-05-29,4,True,2
CNT05112,2,Reefer,2025-09-07,2025-09-10,2025-09-12,3,True,2
CNT05113,2,General,2025-06-14,2025-06-17,2025-06-19,3,True,2
CNT05114,2,Reefer,2025-09-23,2025-09-24,2025-09-28,1,True,2
CNT05115,2,Tank,2025-06-28,2025-07-03,2025-07-03,5,True,2
CNT05116,2,Tank,2025-09-20,2025-09-24,2025-09-25,4,True,2
CNT05117,2,Reefer,2025-05-04,2025-05-06,2025-05-09,2,True,2
CNT05118,2,Reefer,2025-09-14,2025-09-16,2025-09-19,2,True,2
CNT05119,2,General,2025-05-16,2025-05-21,2025-05-21,5,True,2
CNT05120,2,General,2025-08-07,2025-08-11,2025-08-12,4,True,2
CNT05121,2,Tank,2025-08-17,2025-08-30,2025-08-22,13,False,2
CNT05122,2,Reefer,2025-09-25,2025-11-08,2025-09-30,44,False,2
CNT05123,2,Hazardous,2025-09-11,2025-09-12,2025-09-16,1,True,2
CNT05124,2,General,2025-06-22,2025-06-26,2025-06-27,4,True,2
CNT05125,2,Tank,2025-04-30,2025-05-03,2025-05-05,3,True,2
CNT05126,2,Reefer,2025-06-30,2025-07-09,2025-07-05,9,False,2
CNT05127,2,Tank,2025-08-22,2025-08-25,2025-08-27,3,True,2
CNT05128,2,Tank,2025-08-01,2025-08-07,2025-08-06,6,False,2
CNT05129,2,General,2025-08-28,2025-09-03,2025-09-02,6,False,2
CNT05130,2,Hazardous,2025-08-25,2025-08-29,2025-08-30,4,True,2
CNT05131,2,General,2025-09-18,2025-09-24,2025-09-23,6,False,2
CNT05132,2,Tank,2025-07-16,2025-07-24,2025-07-21,8,False,2
CNT05133,2,General,2025-09-20,2025-09-23,2025-09-25,3,True,2
CNT05134,2,Hazardous,2025-08-15,2025-08-22,2025-08-20,7,False,2
CNT05135,2,Hazardous,2025-06-13,2025-07-01,2025-06-18,18,False,2
CNT05136,2,General,2025-07-18,2025-07-23,2025-07-23,5,True,2
CNT05137,2,Tank,2025-04-04,2025-04-09,2025-04-09,5,True,2
CNT05138,2,General,2025-08-12,2025-08-16,2025-08-17,4,True,2
CNT05139,2,Hazardous,2025-04-28,2025-04-30,2025-05-03,2,True,2
CNT05140,2,General,2025-04-07,2025-04-10,2025-04-12,3,True,2
CNT05141,2,Reefer,2025-07-07,2025-07-12,2025-07-12,5,True,2
CNT05142,2,General,2025-05-08,2025-05-15,2025-05-13,7,False,2
CNT05143,2,General,2025-04-14,2025-04-17,2025-04-19,3,True,2
CNT05144,2,Reefer,2025-09-19,2025-09-29,2025-09-24,10,False,2
CNT05145,2,Tank,2025-04-15,2025-04-18,2025-04-20,3,True,2
CNT05146,2,General,2025-05-22,2025-06-03,2025-05-27,12,False,2
CNT05147,2,Reefer,2025-06-08,2025-06-20,2025-06-13,12,False,2
CNT05148,2,Tank,2025-05-12,2025-05-15,2025-05-17,3,True,2
CNT05149,2,General,2025-06-13,2025-06-18,2025-06-18,5,True,2
CNT05150,2,Tank,2025-09-22,2025-09-28,2025-09-27,6,False,2
CNT05151,2,Tank,2025-06-04,2025-06-06,2025-06-09,2,True,2
CNT05152,2,Reefer,2025-05-08,2025-05-14,2025-05-13,6,False,2
CNT05153,2,General,2025-04-16,2025-05-01,2025-04-21,15,False,2
CNT05154,2,General,2025-09-24,2025-09-29,2025-09-29,5,True,2
CNT05155,2,Reefer,2025-06-15,2025-06-22,2025-06-20,7,False,2
CNT05156,2,Tank,2025-05-23,2025-05-30,2025-05-28,7,False,2
CNT05157,2,General,2025-08-17,2025-08-30,2025-08-22,13,False,2
CNT05158,2,Reefer,2025-04-09,2025-04-19,2025-04-14,10,False,2
CNT05159,2,General,2025-07-01,2025-07-09,2025-07-06,8,False,2
CNT05160,2,General,2025-07-25,2025-07-29,2025-07-30,4,True,2
CNT05161,2,Hazardous,2025-04-27,2025-04-30,2025-05-02,3,True,2
CNT05162,2,General,2025-09-05,2025-09-06,2025-09-10,1,True,2
CNT05163,2,General,2025-09-20,2025-09-22,2025-09-25,2,True,2
CNT05164,2,Reefer,2025-08-22,2025-09-16,2025-08-27,25,False,2
CNT05165,2,General,2025-05-28,2025-05-30,2025-06-02,2,True,2
CNT05166,2,General,2025-09-13,2025-10-01,2025-09-18,18,False,2
CNT05167,2,General,2025-08-22,2025-08-24,2025-08-27,2,True,2
CNT05168,2,Reefer,2025-07-09,2025-07-19,2025-07-14,10,False,2
CNT05169,2,General,2025-05-31,2025-06-08,2025-06-05,8,False,2
CNT05170,2,General,2025-08-09,2025-08-15,2025-08-14,6,False,2
CNT05171,2,Reefer,2025-09-26,2025-10-03,2025-10-01,7,False,2
CNT05172,2,Reefer,2025-06-13,2025-06-21,2025-06-18,8,False,2
CNT05173,2,General,2025-09-25,2025-09-29,2025-09-30,4,True,2
CNT05174,2,Hazardous,2025-09-18,2025-09-21,2025-09-23,3,True,2
CNT05175,2,Tank,2025-04-13,2025-04-15,2025-04-18,2,True,2
CNT05176,2,General,2025-07-07,2025-07-13,2025-07-12,6,False,2
CNT05177,2,General,2025-07-09,2025-07-13,2025-07-14,4,True,2
CNT05178,2,General,2025-07-16,2025-07-20,2025-07-21,4,True,2
CNT05179,2,Tank,2025-09-23,2025-09-25,2025-09-28,2,True,2
CNT05180,2,Hazardous,2025-06-20,2025-06-22,2025-06-25,2,True,2
CNT05181,2,Tank,2025-08-20,2025-09-03,2025-08-25,14,False,2
CNT05182,2,Hazardous,2025-04-14,2025-04-26,2025-04-19,12,False,2
CNT05183,2,General,2025-04-04,2025-04-07,2025-04-09,3,True,2
CNT05184,2,General,2025-06-04,2025-06-19,2025-06-09,15,False,2
CNT05185,2,General,2025-05-22,2025-05-26,2025-05-27,4,True,2
CNT05186,2,Hazardous,2025-09-06,2025-09-09,2025-09-11,3,True,2
CNT05187,2,Hazardous,2025-07-23,2025-07-24,2025-07-28,1,True,2
CNT05188,2,Hazardous,2025-05-28,2025-05-31,2025-06-02,3,True,2
CNT05189,2,General,2025-09-10,2025-09-16,2025-09-15,6,False,2
CNT05190,2,General,2025-09-28,2025-10-03,2025-10-03,5,True,2
CNT05191,2,Reefer,2025-09-13,2025-09-19,2025-09-18,6,False,2
CNT05192,2,Reefer,2025-07-04,2025-07-09,2025-07-09,5,True,2
CNT05193,2,General,2025-08-29,2025-09-17,2025-09-03,19,False,2
CNT05194,2,Tank,2025-08-18,2025-08-23,2025-08-23,5,True,2
CNT05195,2,General,2025-09-02,2025-09-06,2025-09-07,4,True,2
CNT05196,2,Tank,2025-05-21,2025-05-25,2025-05-26,4,True,2
CNT05197,2,Tank,2025-05-20,2025-05-23,2025-05-25,3,True,2
CNT05198,2,Tank,2025-06-15,2025-06-18,2025-06-20,3,True,2
CNT05199,2,General,2025-07-24,2025-08-10,2025-07-29,17,False,2
CNT05200,2,General,2025-05-16,2025-05-22,2025-05-21,6,False,2
CNT05201,2,Tank,2025-09-22,2025-09-26,2025-09-27,4,True,2
CNT05202,2,General,2025-04-20,2025-04-23,2025-04-25,3,True,2
CNT05203,2,General,2025-05-18,2025-05-29,2025-05-23,11,False,2
CNT05204,2,Hazardous,2025-05-15,2025-06-09,2025-05-20,25,False,2
CNT05205,2,Tank,2025-08-10,2025-08-13,2025-08-15,3,True,2
CNT05206,2,Hazardous,2025-05-01,2025-05-05,2025-05-06,4,True,2
CNT05207,2,General,2025-07-06,2025-07-28,2025-07-11,22,False,2
CNT05208,2,General,2025-04-11,2025-04-14,2025-04-16,3,True,2
CNT05209,2,Hazardous,2025-07-19,2025-07-28,2025-07-24,9,False,2
CNT05210,2,General,2025-06-11,2025-06-22,2025-06-16,11,False,2
CNT05211,2,General,2025-08-21,2025-08-27,2025-08-26,6,False,2
CNT05212,2,Tank,2025-06-07,2025-06-12,2025-06-12,5,True,2
CNT05213,2,Reefer,2025-05-04,2025-05-07,2025-05-09,3,True,2
CNT05214,2,Tank,2025-05-12,2025-05-18,2025-05-17,6,False,2
CNT05215,2,General,2025-08-28,2025-08-31,2025-09-02,3,True,2
CNT05216,2,Reefer,2025-06-05,2025-06-12,2025-06-10,7,False,2
CNT05217,2,Tank,2025-04-02,2025-04-05,2025-04-07,3,True,2
CNT05218,2,Tank,2025-06-24,2025-06-29,2025-06-29,5,True,2
CNT05219,2,Tank,2025-07-29,2025-08-03,2025-08-03,5,True,2
CNT05220,2,Reefer,2025-05-10,2025-05-13,2025-05-15,3,True,2
CNT05221,2,General,2025-04-11,2025-04-25,2025-04-16,14,False,2
CNT05222,2,Hazardous,2025-05-10,2025-05-28,2025-05-15,18,False,2
CNT05223,2,Tank,2025-06-22,2025-06-30,2025-06-27,8,False,2
CNT05224,2,Hazardous,2025-08-31,2025-09-07,2025-09-05,7,False,2
CNT05225,2,General,2025-04-14,2025-04-17,2025-04-19,3,True,2
CNT05226,2,Tank,2025-09-08,2025-09-11,2025-09-13,3,True,2
CNT05227,2,General,2025-09-05,2025-09-20,2025-09-10,15,False,2
CNT05228,2,Hazardous,2025-09-17,2025-09-20,2025-09-22,3,True,2
CNT05229,2,General,2025-06-17,2025-07-06,2025-06-22,19,False,2
CNT05230,2,General,2025-08-04,2025-08-06,2025-08-09,2,True,2
CNT05231,2,Tank,2025-08-25,2025-09-05,2025-08-30,11,False,2
CNT05232,2,General,2025-08-19,2025-09-03,2025-08-24,15,False,2
CNT05233,2,Reefer,2025-07-01,2025-07-04,2025-07-06,3,True,2
CNT05234,2,Tank,2025-04-19,2025-04-21,2025-04-24,2,True,2
CNT05235,2,Tank,2025-06-21,2025-06-28,2025-06-26,7,False,2
CNT05236,2,Hazardous,2025-08-13,2025-08-28,2025-08-18,15,False,2
CNT05237,2,General,2025-05-27,2025-05-28,2025-06-01,1,True,2
CNT05238,2,Hazardous,2025-05-18,2025-05-24,2025-05-23,6,False,2
CNT05239,2,General,2025-08-12,2025-08-13,2025-08-17,1,True,2
CNT05240,2,General,2025-04-18,2025-04-26,2025-04-23,8,False,2
CNT05241,2,General,2025-08-08,2025-08-22,2025-08-13,14,False,2
CNT05242,2,Hazardous,2025-05-11,2025-05-14,2025-05-16,3,True,2
CNT05243,2,General,2025-07-16,2025-07-22,2025-07-21,6,False,2
CNT05244,2,General,2025-08-18,2025-08-31,2025-08-23,13,False,2
CNT05245,2,General,2025-08-16,2025-08-20,2025-08-21,4,True,2
CNT05246,2,General,2025-07-13,2025-07-20,2025-07-18,7,False,2
CNT05247,2,Reefer,2025-04-24,2025-04-26,2025-04-29,2,True,2
CNT05248,2,Tank,2025-06-29,2025-07-13,2025-07-04,14,False,2
CNT05249,2,Hazardous,2025-05-27,2025-05-28,2025-06-01,1,True,2
CNT05250,2,Hazardous,2025-05-25,2025-06-11,2025-05-30,17,False,2
CNT05251,2,Reefer,2025-09-17,2025-09-24,2025-09-22,7,False,2
CNT05252,2,Tank,2025-06-24,2025-06-29,2025-06-29,5,True,2
CNT05253,2,General,2025-06-24,2025-07-03,2025-06-29,9,False,2
CNT05254,2,General,2025-07-02,2025-07-10,2025-07-07,8,False,2
CNT05255,2,General,2025-06-15,2025-06-22,2025-06-20,7,False,2
CNT05256,2,Hazardous,2025-05-26,2025-06-01,2025-05-31,6,False,2
CNT05257,2,Tank,2025-09-06,2025-09-15,2025-09-11,9,False,2
CNT05258,2,Hazardous,2025-08-14,2025-08-17,2025-08-19,3,True,2
CNT05259,2,Tank,2025-07-31,2025-08-02,2025-08-05,2,True,2
CNT05260,2,General,2025-08-22,2025-08-23,2025-08-27,1,True,2
CNT05261,2,General,2025-09-14,2025-09-17,2025-09-19,3,True,2
CNT05262,2,Hazardous,2025-04-03,2025-04-11,2025-04-08,8,False,2
CNT05263,2,General,2025-04-30,2025-05-01,2025-05-05,1,True,2
CNT05264,2,Tank,2025-09-19,2025-09-21,2025-09-24,2,True,2
CNT05265,2,General,2025-06-28,2025-07-03,2025-07-03,5,True,2
CNT05266,2,General,2025-07-24,2025-07-26,2025-07-29,2,True,2
CNT05267,2,Tank,2025-06-01,2025-06-05,2025-06-06,4,True,2
CNT05268,2,Tank,2025-09-12,2025-09-15,2025-09-17,3,True,2
CNT05269,2,Tank,2025-09-05,2025-09-14,2025-09-10,9,False,2
CNT05270,2,General,2025-09-07,2025-09-23,2025-09-12,16,False,2
CNT05271,2,Tank,2025-06-02,2025-06-22,2025-06-07,20,False,2
CNT05272,2,Reefer,2025-04-11,2025-04-18,2025-04-16,7,False,2
CNT05273,2,Hazardous,2025-09-22,2025-09-24,2025-09-27,2,True,2
CNT05274,2,Tank,2025-06-22,2025-06-29,2025-06-27,7,False,2
CNT05275,2,Reefer,2025-07-07,2025-07-09,2025-07-12,2,True,2
CNT05276,2,Tank,2025-04-30,2025-05-03,2025-05-05,3,True,2
CNT05277,2,General,2025-07-08,2025-07-13,2025-07-13,5,True,2
CNT05278,2,Tank,2025-06-05,2025-06-07,2025-06-10,2,True,2
CNT05279,2,General,2025-08-17,2025-08-20,2025-08-22,3,True,2
CNT05280,2,Tank,2025-06-12,2025-06-14,2025-06-17,2,True,2
CNT05281,2,General,2025-04-07,2025-04-13,2025-04-12,6,False,2
CNT05282,2,Tank,2025-08-11,2025-08-22,2025-08-16,11,False,2
CNT05283,2,Tank,2025-07-05,2025-07-06,2025-07-10,1,True,2
CNT05284,2,Tank,2025-08-10,2025-08-16,2025-08-15,6,False,2
CNT05285,2,General,2025-08-09,2025-08-13,2025-08-14,4,True,2
CNT05286,2,Reefer,2025-07-24,2025-07-25,2025-07-29,1,True,2
CNT05287,2,Reefer,2025-08-03,2025-08-04,2025-08-08,1,True,2
CNT05288,2,General,2025-04-12,2025-04-18,2025-04-17,6,False,2
CNT05289,2,General,2025-06-15,2025-06-17,2025-06-20,2,True,2
CNT05290,2,Tank,2025-09-14,2025-09-23,2025-09-19,9,False,2
CNT05291,2,General,2025-05-20,2025-05-31,2025-05-25,11,False,2
CNT05292,2,Reefer,2025-06-22,2025-06-28,2025-06-27,6,False,2
CNT05293,2,Hazardous,2025-08-10,2025-08-23,2025-08-15,13,False,2
CNT05294,2,General,2025-04-22,2025-05-02,2025-04-27,10,False,2
CNT05295,2,Tank,2025-04-25,2025-04-29,2025-04-30,4,True,2
CNT05296,2,General,2025-05-13,2025-05-28,2025-05-18,15,False,2
CNT05297,2,Hazardous,2025-08-16,2025-08-19,2025-08-21,3,True,2
CNT05298,2,General,2025-08-15,2025-08-18,2025-08-20,3,True,2
CNT05299,2,General,2025-04-02,2025-04-13,2025-04-07,11,False,2
CNT05300,2,Reefer,2025-09-08,2025-09-16,2025-09-13,8,False,2
CNT05301,2,Hazardous,2025-04-17,2025-04-19,2025-04-22,2,True,2
CNT05302,2,General,2025-05-24,2025-05-25,2025-05-29,1,True,2
CNT05303,2,Tank,2025-09-19,2025-10-08,2025-09-24,19,False,2
CNT05304,2,Hazardous,2025-09-09,2025-09-14,2025-09-14,5,True,2
CNT05305,2,Tank,2025-05-25,2025-05-28,2025-05-30,3,True,2
CNT05306,2,Hazardous,2025-09-23,2025-09-26,2025-09-28,3,True,2
CNT05307,2,Hazardous,2025-07-18,2025-07-20,2025-07-23,2,True,2
CNT05308,2,General,2025-04-27,2025-05-05,2025-05-02,8,False,2
CNT05309,2,General,2025-05-23,2025-06-01,2025-05-28,9,False,2
CNT05310,2,General,2025-08-16,2025-08-20,2025-08-21,4,True,2
CNT05311,2,General,2025-09-27,2025-10-05,2025-10-02,8,False,2
CNT05312,2,General,2025-07-21,2025-08-13,2025-07-26,23,False,2
CNT05313,2,General,2025-09-13,2025-09-16,2025-09-18,3,True,2
CNT05314,2,Tank,2025-04-19,2025-04-24,2025-04-24,5,True,2
CNT05315,2,Reefer,2025-09-23,2025-09-25,2025-09-28,2,True,2
CNT05316,2,General,2025-05-10,2025-05-17,2025-05-15,7,False,2
CNT05317,2,General,2025-04-07,2025-04-11,2025-04-12,4,True,2
CNT05318,2,General,2025-07-27,2025-08-04,2025-08-01,8,False,2
CNT05319,2,General,2025-06-24,2025-06-27,2025-06-29,3,True,2
CNT05320,2,Hazardous,2025-04-10,2025-04-16,2025-04-15,6,False,2
CNT05321,2,Hazardous,2025-04-23,2025-04-28,2025-04-28,5,True,2
CNT05322,2,Tank,2025-04-19,2025-04-24,2025-04-24,5,True,2
CNT05323,2,Tank,2025-04-14,2025-04-17,2025-04-19,3,True,2
CNT05324,2,General,2025-05-16,2025-05-19,2025-05-21,3,True,2
CNT05325,2,General,2025-06-04,2025-06-07,2025-06-09,3,True,2
CNT05326,2,General,2025-08-21,2025-08-31,2025-08-26,10,False,2
CNT05327,2,Hazardous,2025-04-19,2025-04-29,2025-04-24,10,False,2
CNT05328,2,Reefer,2025-08-26,2025-08-29,2025-08-31,3,True,2
CNT05329,2,Hazardous,2025-05-29,2025-06-03,2025-06-03,5,True,2
CNT05330,2,General,2025-06-06,2025-06-12,2025-06-11,6,False,2
CNT05331,2,Reefer,2025-07-14,2025-07-15,2025-07-19,1,True,2
CNT05332,2,General,2025-07-09,2025-07-14,2025-07-14,5,True,2
CNT05333,2,Hazardous,2025-07-25,2025-08-08,2025-07-30,14,False,2
CNT05334,2,Hazardous,2025-09-09,2025-09-25,2025-09-14,16,False,2
CNT05335,2,General,2025-07-13,2025-07-17,2025-07-18,4,True,2
CNT05336,2,General,2025-07-20,2025-07-24,2025-07-25,4,True,2
CNT05337,2,Reefer,2025-06-20,2025-06-24,2025-06-25,4,True,2
CNT05338,2,Tank,2025-04-05,2025-04-10,2025-04-10,5,True,2
CNT05339,2,General,2025-07-09,2025-07-23,2025-07-14,14,False,2
CNT05340,2,General,2025-09-20,2025-09-22,2025-09-25,2,True,2
CNT05341,2,Tank,2025-05-01,2025-05-12,2025-05-06,11,False,2
CNT05342,2,General,2025-08-15,2025-08-22,2025-08-20,7,False,2
CNT05343,2,General,2025-04-02,2025-04-08,2025-04-07,6,False,2
CNT05344,2,General,2025-09-12,2025-09-18,2025-09-17,6,False,2
CNT05345,2,Hazardous,2025-09-06,2025-09-16,2025-09-11,10,False,2
CNT05346,2,Tank,2025-04-17,2025-04-28,2025-04-22,11,False,2
CNT05347,2,Hazardous,2025-08-28,2025-08-30,2025-09-02,2,True,2
CNT05348,2,Reefer,2025-04-12,2025-04-16,2025-04-17,4,True,2
CNT05349,2,General,2025-09-27,2025-09-29,2025-10-02,2,True,2
CNT05350,2,Tank,2025-04-19,2025-04-26,2025-04-24,7,False,2
CNT05351,2,Tank,2025-07-01,2025-07-10,2025-07-06,9,False,2
CNT05352,2,Tank,2025-08-07,2025-08-13,2025-08-12,6,False,2
CNT05353,2,Reefer,2025-04-28,2025-05-04,2025-05-03,6,False,2
CNT05354,2,General,2025-06-14,2025-06-16,2025-06-19,2,True,2
CNT05355,2,General,2025-09-23,2025-09-30,2025-09-28,7,False,2
CNT05356,2,General,2025-06-17,2025-07-01,2025-06-22,14,False,2
CNT05357,2,Hazardous,2025-09-03,2025-09-09,2025-09-08,6,False,2
CNT05358,2,Hazardous,2025-04-23,2025-05-06,2025-04-28,13,False,2
CNT05359,2,Hazardous,2025-06-12,2025-06-24,2025-06-17,12,False,2
CNT05360,2,Tank,2025-07-22,2025-08-01,2025-07-27,10,False,2
CNT05361,2,Tank,2025-07-07,2025-07-14,2025-07-12,7,False,2
CNT05362,2,Tank,2025-07-11,2025-08-09,2025-07-16,29,False,2
CNT05363,2,Reefer,2025-09-17,2025-09-20,2025-09-22,3,True,2
CNT05364,2,Hazardous,2025-04-08,2025-04-18,2025-04-13,10,False,2
CNT05365,2,Reefer,2025-07-31,2025-08-01,2025-08-05,1,True,2
CNT05366,2,General,2025-05-11,2025-05-14,2025-05-16,3,True,2
CNT05367,2,Tank,2025-08-15,2025-08-24,2025-08-20,9,False,2
CNT05368,2,General,2025-05-27,2025-06-13,2025-06-01,17,False,2
CNT05369,2,General,2025-05-05,2025-05-10,2025-05-10,5,True,2
CNT05370,2,Tank,2025-07-10,2025-07-13,2025-07-15,3,True,2
CNT05371,2,Hazardous,2025-08-18,2025-08-26,2025-08-23,8,False,2
CNT05372,2,Tank,2025-06-15,2025-06-21,2025-06-20,6,False,2
CNT05373,2,Hazardous,2025-09-10,2025-09-17,2025-09-15,7,False,2
CNT05374,2,General,2025-05-07,2025-05-09,2025-05-12,2,True,2
CNT05375,2,Hazardous,2025-06-16,2025-06-22,2025-06-21,6,False,2
CNT05376,2,Reefer,2025-09-21,2025-10-01,2025-09-26,10,False,2
CNT05377,2,Hazardous,2025-09-13,2025-09-16,2025-09-18,3,True,2
CNT05378,2,General,2025-07-05,2025-07-09,2025-07-10,4,True,2
CNT05379,2,General,2025-04-03,2025-04-09,2025-04-08,6,False,2
CNT05380,2,Tank,2025-08-20,2025-08-29,2025-08-25,9,False,2
CNT05381,2,Tank,2025-08-21,2025-08-23,2025-08-26,2,True,2
CNT05382,2,General,2025-05-07,2025-05-11,2025-05-12,4,True,2
CNT05383,2,Reefer,2025-05-02,2025-05-12,2025-05-07,10,False,2
CNT05384,2,General,2025-04-11,2025-04-13,2025-04-16,2,True,2
CNT05385,2,General,2025-04-02,2025-04-09,2025-04-07,7,False,2
CNT05386,2,Hazardous,2025-08-25,2025-08-27,2025-08-30,2,True,2
CNT05387,2,General,2025-08-31,2025-09-02,2025-09-05,2,True,2
CNT05388,2,General,2025-07-10,2025-07-14,2025-07-15,4,True,2
CNT05389,2,Reefer,2025-08-16,2025-08-21,2025-08-21,5,True,2
CNT05390,2,Reefer,2025-08-19,2025-08-30,2025-08-24,11,False,2
CNT05391,2,General,2025-04-22,2025-04-26,2025-04-27,4,True,2
CNT05392,2,Tank,2025-06-18,2025-06-26,2025-06-23,8,False,2
CNT05393,2,Tank,2025-05-24,2025-06-06,2025-05-29,13,False,2
CNT05394,2,Reefer,2025-06-28,2025-07-03,2025-07-03,5,True,2
CNT05395,2,General,2025-05-25,2025-05-31,2025-05-30,6,False,2
CNT05396,2,General,2025-07-15,2025-07-19,2025-07-20,4,True,2
CNT05397,2,Reefer,2025-09-13,2025-10-06,2025-09-18,23,False,2
CNT05398,2,General,2025-08-10,2025-08-15,2025-08-15,5,True,2
CNT05399,2,Hazardous,2025-05-07,2025-05-14,2025-05-12,7,False,2
CNT05400,2,Tank,2025-05-12,2025-05-16,2025-05-17,4,True,2
CNT05401,2,General,2025-05-18,2025-05-29,2025-05-23,11,False,2
CNT05402,2,Reefer,2025-05-27,2025-05-29,2025-06-01,2,True,2
CNT05403,2,General,2025-09-05,2025-09-06,2025-09-10,1,True,2
CNT05404,2,Hazardous,2025-06-04,2025-06-11,2025-06-09,7,False,2
CNT05405,2,General,2025-05-20,2025-05-26,2025-05-25,6,False,2
CNT05406,2,Hazardous,2025-04-30,2025-05-19,2025-05-05,19,False,2
CNT05407,2,Reefer,2025-05-17,2025-06-02,2025-05-22,16,False,2
CNT05408,2,Hazardous,2025-09-19,2025-09-24,2025-09-24,5,True,2
CNT05409,2,General,2025-08-24,2025-08-27,2025-08-29,3,True,2
CNT05410,2,Hazardous,2025-04-14,2025-04-16,2025-04-19,2,True,2
CNT05411,2,General,2025-08-19,2025-08-27,2025-08-24,8,False,2
CNT05412,2,General,2025-07-28,2025-07-31,2025-08-02,3,True,2
CNT05413,2,Reefer,2025-09-13,2025-09-27,2025-09-18,14,False,2
CNT05414,2,General,2025-08-19,2025-08-23,2025-08-24,4,True,2
CNT05415,2,Hazardous,2025-04-19,2025-04-26,2025-04-24,7,False,2
CNT05416,2,Hazardous,2025-06-14,2025-06-15,2025-06-19,1,True,2
CNT05417,2,Reefer,2025-09-19,2025-09-21,2025-09-24,2,True,2
CNT05418,2,General,2025-04-18,2025-04-21,2025-04-23,3,True,2
CNT05419,2,Tank,2025-06-04,2025-06-08,2025-06-09,4,True,2
CNT05420,2,General,2025-04-26,2025-04-27,2025-05-01,1,True,2
CNT05421,2,General,2025-05-21,2025-05-29,2025-05-26,8,False,2
CNT05422,2,Tank,2025-08-27,2025-09-05,2025-09-01,9,False,2
CNT05423,2,General,2025-08-03,2025-08-10,2025-08-08,7,False,2
CNT05424,2,Tank,2025-06-24,2025-06-25,2025-06-29,1,True,2
CNT05425,2,Reefer,2025-07-01,2025-07-03,2025-07-06,2,True,2
CNT05426,2,General,2025-05-03,2025-05-06,2025-05-08,3,True,2
CNT05427,2,General,2025-09-19,2025-09-22,2025-09-24,3,True,2
CNT05428,2,General,2025-09-15,2025-09-19,2025-09-20,4,True,2
CNT05429,2,Tank,2025-05-31,2025-06-02,2025-06-05,2,True,2
CNT05430,2,Reefer,2025-04-26,2025-04-29,2025-05-01,3,True,2
CNT05431,2,Tank,2025-06-12,2025-06-15,2025-06-17,3,True,2
CNT05432,2,Hazardous,2025-09-06,2025-09-10,2025-09-11,4,True,2
CNT05433,2,General,2025-04-18,2025-04-29,2025-04-23,11,False,2
CNT05434,2,Tank,2025-05-20,2025-05-22,2025-05-25,2,True,2
CNT05435,2,Tank,2025-06-21,2025-06-25,2025-06-26,4,True,2
CNT05436,2,Reefer,2025-08-03,2025-08-09,2025-08-08,6,False,2
CNT05437,2,General,2025-07-25,2025-07-26,2025-07-30,1,True,2
CNT05438,2,General,2025-06-24,2025-06-30,2025-06-29,6,False,2
CNT05439,2,Reefer,2025-09-05,2025-09-10,2025-09-10,5,True,2
CNT05440,2,Tank,2025-09-16,2025-09-23,2025-09-21,7,False,2
CNT05441,2,Hazardous,2025-06-18,2025-07-07,2025-06-23,19,False,2
CNT05442,2,General,2025-09-25,2025-10-06,2025-09-30,11,False,2
CNT05443,2,Reefer,2025-08-28,2025-09-02,2025-09-02,5,True,2
CNT05444,2,Tank,2025-05-10,2025-05-24,2025-05-15,14,False,2
CNT05445,2,General,2025-08-23,2025-09-05,2025-08-28,13,False,2
CNT05446,2,General,2025-08-24,2025-08-29,2025-08-29,5,True,2
CNT05447,2,Hazardous,2025-07-03,2025-07-05,2025-07-08,2,True,2
CNT05448,2,Reefer,2025-06-20,2025-06-22,2025-06-25,2,True,2
CNT05449,2,General,2025-07-19,2025-07-25,2025-07-24,6,False,2
CNT05450,2,General,2025-05-14,2025-05-20,2025-05-19,6,False,2
CNT05451,2,Tank,2025-04-02,2025-04-03,2025-04-07,1,True,2
CNT05452,2,General,2025-06-20,2025-06-22,2025-06-25,2,True,2
CNT05453,2,Reefer,2025-06-03,2025-06-11,2025-06-08,8,False,2
CNT05454,2,General,2025-05-27,2025-06-03,2025-06-01,7,False,2
CNT05455,2,Hazardous,2025-09-12,2025-09-29,2025-09-17,17,False,2
CNT05456,2,General,2025-07-21,2025-07-22,2025-07-26,1,True,2
CNT05457,2,Tank,2025-06-10,2025-06-11,2025-06-15,1,True,2
CNT05458,2,Reefer,2025-07-02,2025-07-07,2025-07-07,5,True,2
CNT05459,2,Reefer,2025-05-05,2025-05-07,2025-05-10,2,True,2
CNT05460,2,Hazardous,2025-09-21,2025-09-23,2025-09-26,2,True,2
CNT05461,2,General,2025-06-24,2025-07-04,2025-06-29,10,False,2
CNT05462,2,General,2025-08-01,2025-08-14,2025-08-06,13,False,2
CNT05463,2,Hazardous,2025-07-28,2025-08-14,2025-08-02,17,False,2
CNT05464,2,General,2025-07-24,2025-07-28,2025-07-29,4,True,2
CNT05465,2,General,2025-07-01,2025-07-04,2025-07-06,3,True,2
CNT05466,2,Tank,2025-06-18,2025-06-25,2025-06-23,7,False,2
CNT05467,2,Tank,2025-08-03,2025-08-25,2025-08-08,22,False,2
CNT05468,2,Tank,2025-08-20,2025-08-28,2025-08-25,8,False,2
CNT05469,2,Tank,2025-04-28,2025-04-30,2025-05-03,2,True,2
CNT05470,2,General,2025-05-15,2025-05-30,2025-05-20,15,False,2
CNT05471,2,Tank,2025-09-13,2025-09-17,2025-09-18,4,True,2
CNT05472,2,Tank,2025-09-03,2025-09-06,2025-09-08,3,True,2
CNT05473,2,Hazardous,2025-04-21,2025-05-01,2025-04-26,10,False,2
CNT05474,2,General,2025-06-11,2025-06-12,2025-06-16,1,True,2
CNT05475,2,Hazardous,2025-05-06,2025-05-28,2025-05-11,22,False,2
CNT05476,2,Tank,2025-08-16,2025-08-22,2025-08-21,6,False,2
CNT05477,2,Hazardous,2025-05-21,2025-05-22,2025-05-26,1,True,2
CNT05478,2,Hazardous,2025-06-07,2025-06-16,2025-06-12,9,False,2
CNT05479,2,Hazardous,2025-09-08,2025-09-13,2025-09-13,5,True,2
CNT05480,2,General,2025-04-20,2025-04-26,2025-04-25,6,False,2
CNT05481,2,Hazardous,2025-04-20,2025-04-24,2025-04-25,4,True,2
CNT05482,2,Hazardous,2025-04-05,2025-04-16,2025-04-10,11,False,2
CNT05483,2,Reefer,2025-08-08,2025-08-12,2025-08-13,4,True,2
CNT05484,2,General,2025-09-09,2025-09-10,2025-09-14,1,True,2
CNT05485,2,General,2025-04-08,2025-04-10,2025-04-13,2,True,2
CNT05486,2,General,2025-08-27,2025-08-30,2025-09-01,3,True,2
CNT05487,2,Tank,2025-08-27,2025-09-04,2025-09-01,8,False,2
CNT05488,2,General,2025-07-13,2025-07-16,2025-07-18,3,True,2
CNT05489,2,Tank,2025-08-30,2025-09-02,2025-09-04,3,True,2
CNT05490,2,Reefer,2025-05-25,2025-06-05,2025-05-30,11,False,2
CNT05491,2,Tank,2025-04-10,2025-04-21,2025-04-15,11,False,2
CNT05492,2,General,2025-08-20,2025-08-24,2025-08-25,4,True,2
CNT05493,2,General,2025-06-06,2025-06-08,2025-06-11,2,True,2
CNT05494,2,General,2025-08-18,2025-08-22,2025-08-23,4,True,2
CNT05495,2,Tank,2025-08-17,2025-08-23,2025-08-22,6,False,2
CNT05496,2,Tank,2025-07-30,2025-08-04,2025-08-04,5,True,2
CNT05497,2,Hazardous,2025-09-15,2025-09-21,2025-09-20,6,False,2
CNT05498,2,General,2025-05-09,2025-05-28,2025-05-14,19,False,2
CNT05499,2,Hazardous,2025-07-03,2025-07-07,2025-07-08,4,True,2
CNT05500,2,Tank,2025-07-10,2025-07-16,2025-07-15,6,False,2
CNT05501,2,Reefer,2025-05-28,2025-06-01,2025-06-02,4,True,2
CNT05502,2,General,2025-08-29,2025-09-09,2025-09-03,11,False,2
CNT05503,2,Hazardous,2025-06-14,2025-06-16,2025-06-19,2,True,2
CNT05504,2,Hazardous,2025-05-05,2025-05-07,2025-05-10,2,True,2
CNT05505,2,General,2025-07-28,2025-08-01,2025-08-02,4,True,2
CNT05506,2,General,2025-08-07,2025-08-12,2025-08-12,5,True,2
CNT05507,2,General,2025-08-09,2025-08-16,2025-08-14,7,False,2
CNT05508,2,Hazardous,2025-04-24,2025-05-03,2025-04-29,9,False,2
CNT05509,2,Hazardous,2025-07-11,2025-07-14,2025-07-16,3,True,2
CNT05510,2,Tank,2025-07-03,2025-07-10,2025-07-08,7,False,2
CNT05511,2,Tank,2025-08-07,2025-08-11,2025-08-12,4,True,2
CNT05512,2,General,2025-04-03,2025-04-06,2025-04-08,3,True,2
CNT05513,2,Hazardous,2025-09-17,2025-09-25,2025-09-22,8,False,2
CNT05514,2,General,2025-06-01,2025-06-23,2025-06-06,22,False,2
CNT05515,2,General,2025-09-05,2025-09-27,2025-09-10,22,False,2
CNT05516,2,Tank,2025-09-23,2025-09-28,2025-09-28,5,True,2
CNT05517,2,General,2025-05-13,2025-05-28,2025-05-18,15,False,2
CNT05518,2,General,2025-08-10,2025-08-14,2025-08-15,4,True,2
CNT05519,2,Hazardous,2025-05-06,2025-05-07,2025-05-11,1,True,2
CNT05520,2,General,2025-07-24,2025-08-01,2025-07-29,8,False,2
CNT05521,2,Reefer,2025-05-11,2025-05-16,2025-05-16,5,True,2
CNT05522,2,Hazardous,2025-05-16,2025-05-19,2025-05-21,3,True,2
CNT05523,2,Hazardous,2025-08-23,2025-08-26,2025-08-28,3,True,2
CNT05524,2,General,2025-08-23,2025-08-30,2025-08-28,7,False,2
CNT05525,2,Reefer,2025-09-16,2025-09-18,2025-09-21,2,True,2
CNT05526,2,Hazardous,2025-05-08,2025-05-16,2025-05-13,8,False,2
CNT05527,2,Tank,2025-08-02,2025-08-06,2025-08-07,4,True,2
CNT05528,2,General,2025-07-01,2025-07-15,2025-07-06,14,False,2
CNT05529,2,Tank,2025-04-11,2025-04-16,2025-04-16,5,True,2
CNT05530,2,Tank,2025-05-27,2025-06-09,2025-06-01,13,False,2
CNT05531,2,General,2025-08-03,2025-08-07,2025-08-08,4,True,2
CNT05532,2,General,2025-05-30,2025-06-01,2025-06-04,2,True,2
CNT05533,2,Tank,2025-04-17,2025-04-25,2025-04-22,8,False,2
CNT05534,2,Tank,2025-06-07,2025-06-30,2025-06-12,23,False,2
CNT05535,2,Reefer,2025-07-04,2025-07-17,2025-07-09,13,False,2
CNT05536,2,Hazardous,2025-05-30,2025-06-02,2025-06-04,3,True,2
CNT05537,2,General,2025-04-11,2025-04-14,2025-04-16,3,True,2
CNT05538,2,Reefer,2025-09-19,2025-09-30,2025-09-24,11,False,2
CNT05539,2,General,2025-05-23,2025-05-26,2025-05-28,3,True,2
CNT05540,2,Reefer,2025-08-11,2025-08-29,2025-08-16,18,False,2
CNT05541,2,General,2025-07-02,2025-07-10,2025-07-07,8,False,2
CNT05542,2,General,2025-07-09,2025-07-20,2025-07-14,11,False,2
CNT05543,2,General,2025-07-30,2025-08-01,2025-08-04,2,True,2
CNT05544,2,Reefer,2025-07-26,2025-07-31,2025-07-31,5,True,2
CNT05545,2,Reefer,2025-04-12,2025-04-16,2025-04-17,4,True,2
CNT05546,2,Tank,2025-04-11,2025-04-17,2025-04-16,6,False,2
CNT05547,2,Reefer,2025-09-14,2025-09-26,2025-09-19,12,False,2
CNT05548,2,Tank,2025-06-22,2025-06-28,2025-06-27,6,False,2
CNT05549,2,Tank,2025-04-27,2025-05-06,2025-05-02,9,False,2
CNT05550,2,Hazardous,2025-09-28,2025-10-06,2025-10-03,8,False,2
CNT05551,2,General,2025-08-12,2025-08-17,2025-08-17,5,True,2
CNT05552,2,General,2025-09-10,2025-09-16,2025-09-15,6,False,2
CNT05553,2,Reefer,2025-06-10,2025-06-13,2025-06-15,3,True,2
CNT05554,2,Tank,2025-06-07,2025-06-15,2025-06-12,8,False,2
CNT05555,2,General,2025-08-27,2025-09-07,2025-09-01,11,False,2
CNT05556,2,Reefer,2025-08-18,2025-08-22,2025-08-23,4,True,2
CNT05557,2,Reefer,2025-08-24,2025-09-03,2025-08-29,10,False,2
CNT05558,2,General,2025-05-15,2025-05-19,2025-05-20,4,True,2
CNT05559,2,Reefer,2025-07-06,2025-07-22,2025-07-11,16,False,2
CNT05560,2,General,2025-09-15,2025-09-17,2025-09-20,2,True,2
CNT05561,2,Hazardous,2025-07-06,2025-07-14,2025-07-11,8,False,2
CNT05562,2,Tank,2025-07-03,2025-07-07,2025-07-08,4,True,2
CNT05563,2,Tank,2025-08-29,2025-09-03,2025-09-03,5,True,2
CNT05564,2,Tank,2025-09-15,2025-09-19,2025-09-20,4,True,2
CNT05565,2,Hazardous,2025-04-20,2025-04-24,2025-04-25,4,True,2
CNT05566,2,General,2025-08-11,2025-08-26,2025-08-16,15,False,2
CNT05567,2,Reefer,2025-06-04,2025-06-13,2025-06-09,9,False,2
CNT05568,2,Hazardous,2025-07-06,2025-07-11,2025-07-11,5,True,2
CNT05569,2,General,2025-05-28,2025-06-02,2025-06-02,5,True,2
CNT05570,2,General,2025-08-11,2025-08-18,2025-08-16,7,False,2
CNT05571,2,Tank,2025-07-13,2025-07-18,2025-07-18,5,True,2
CNT05572,2,Reefer,2025-06-30,2025-07-04,2025-07-05,4,True,2
CNT05573,2,General,2025-06-28,2025-07-02,2025-07-03,4,True,2
CNT05574,2,General,2025-08-03,2025-08-06,2025-08-08,3,True,2
CNT05575,2,Hazardous,2025-08-02,2025-08-05,2025-08-07,3,True,2
CNT05576,2,Tank,2025-09-02,2025-09-08,2025-09-07,6,False,2
CNT05577,2,Hazardous,2025-04-02,2025-04-07,2025-04-07,5,True,2
CNT05578,2,Hazardous,2025-08-07,2025-08-09,2025-08-12,2,True,2
CNT05579,2,Hazardous,2025-05-06,2025-05-12,2025-05-11,6,False,2
CNT05580,2,Hazardous,2025-07-22,2025-07-25,2025-07-27,3,True,2
CNT05581,2,General,2025-05-13,2025-05-18,2025-05-18,5,True,2
CNT05582,2,Tank,2025-05-29,2025-06-08,2025-06-03,10,False,2
CNT05583,2,Reefer,2025-04-20,2025-04-24,2025-04-25,4,True,2
CNT05584,2,Tank,2025-08-10,2025-08-15,2025-08-15,5,True,2
CNT05585,2,Hazardous,2025-09-12,2025-09-19,2025-09-17,7,False,2
CNT05586,2,General,2025-06-11,2025-06-16,2025-06-16,5,True,2
CNT05587,2,Tank,2025-05-25,2025-05-29,2025-05-30,4,True,2
CNT05588,2,Tank,2025-05-09,2025-05-21,2025-05-14,12,False,2
CNT05589,2,General,2025-05-18,2025-05-20,2025-05-23,2,True,2
CNT05590,2,Hazardous,2025-05-11,2025-05-19,2025-05-16,8,False,2
CNT05591,2,Hazardous,2025-07-02,2025-07-06,2025-07-07,4,True,2
CNT05592,2,Tank,2025-09-02,2025-09-04,2025-09-07,2,True,2
CNT05593,2,General,2025-05-01,2025-05-04,2025-05-06,3,True,2
CNT05594,2,Hazardous,2025-09-17,2025-09-24,2025-09-22,7,False,2
CNT05595,2,General,2025-05-29,2025-06-05,2025-06-03,7,False,2
CNT05596,2,Hazardous,2025-07-16,2025-07-18,2025-07-21,2,True,2
CNT05597,2,Reefer,2025-06-24,2025-06-29,2025-06-29,5,True,2
CNT05598,2,Tank,2025-04-30,2025-05-03,2025-05-05,3,True,2
CNT05599,2,General,2025-08-02,2025-08-05,2025-08-07,3,True,2
CNT05600,2,Tank,2025-09-20,2025-09-21,2025-09-25,1,True,2
CNT05601,2,Reefer,2025-08-01,2025-08-04,2025-08-06,3,True,2
CNT05602,2,General,2025-08-01,2025-08-07,2025-08-06,6,False,2
CNT05603,2,General,2025-05-24,2025-05-26,2025-05-29,2,True,2
CNT05604,2,General,2025-08-30,2025-09-02,2025-09-04,3,True,2
CNT05605,2,General,2025-05-12,2025-05-17,2025-05-17,5,True,2
CNT05606,2,General,2025-09-13,2025-09-15,2025-09-18,2,True,2
CNT05607,2,Tank,2025-07-15,2025-07-22,2025-07-20,7,False,2
CNT05608,2,General,2025-04-06,2025-04-14,2025-04-11,8,False,2
CNT05609,2,Hazardous,2025-06-02,2025-06-05,2025-06-07,3,True,2
CNT05610,2,Tank,2025-04-12,2025-04-19,2025-04-17,7,False,2
CNT05611,2,Reefer,2025-05-03,2025-05-18,2025-05-08,15,False,2
CNT05612,2,Tank,2025-08-25,2025-08-28,2025-08-30,3,True,2
CNT05613,2,General,2025-08-30,2025-09-03,2025-09-04,4,True,2
CNT05614,2,General,2025-05-12,2025-05-17,2025-05-17,5,True,2
CNT05615,2,General,2025-05-05,2025-05-21,2025-05-10,16,False,2
CNT05616,2,Reefer,2025-09-09,2025-09-17,2025-09-14,8,False,2
CNT05617,2,Hazardous,2025-08-10,2025-08-15,2025-08-15,5,True,2
CNT05618,2,General,2025-04-11,2025-04-29,2025-04-16,18,False,2
CNT05619,2,Hazardous,2025-08-25,2025-09-05,2025-08-30,11,False,2
CNT05620,2,General,2025-05-08,2025-05-12,2025-05-13,4,True,2
CNT05621,2,Tank,2025-04-15,2025-04-19,2025-04-20,4,True,2
CNT05622,2,General,2025-05-13,2025-05-23,2025-05-18,10,False,2
CNT05623,2,Tank,2025-06-06,2025-06-19,2025-06-11,13,False,2
CNT05624,2,Reefer,2025-05-17,2025-05-28,2025-05-22,11,False,2
CNT05625,2,Hazardous,2025-08-11,2025-08-15,2025-08-16,4,True,2
CNT05626,2,Reefer,2025-07-13,2025-07-18,2025-07-18,5,True,2
CNT05627,2,Hazardous,2025-09-01,2025-09-04,2025-09-06,3,True,2
CNT05628,2,Hazardous,2025-08-23,2025-09-02,2025-08-28,10,False,2
CNT05629,2,Reefer,2025-09-11,2025-09-20,2025-09-16,9,False,2
CNT05630,2,General,2025-04-05,2025-04-10,2025-04-10,5,True,2
CNT05631,2,Reefer,2025-09-17,2025-09-20,2025-09-22,3,True,2
CNT05632,2,Hazardous,2025-06-12,2025-06-14,2025-06-17,2,True,2
CNT05633,2,Tank,2025-04-22,2025-04-26,2025-04-27,4,True,2
CNT05634,2,Hazardous,2025-05-26,2025-05-29,2025-05-31,3,True,2
CNT05635,2,Hazardous,2025-07-24,2025-07-30,2025-07-29,6,False,2
CNT05636,2,Tank,2025-09-03,2025-09-09,2025-09-08,6,False,2
CNT05637,2,General,2025-07-30,2025-08-03,2025-08-04,4,True,2
CNT05638,2,Hazardous,2025-08-02,2025-08-04,2025-08-07,2,True,2
CNT05639,2,Hazardous,2025-05-14,2025-05-17,2025-05-19,3,True,2
CNT05640,2,Hazardous,2025-05-27,2025-06-02,2025-06-01,6,False,2
CNT05641,2,General,2025-07-15,2025-07-19,2025-07-20,4,True,2
CNT05642,2,General,2025-09-01,2025-09-07,2025-09-06,6,False,2
CNT05643,2,General,2025-05-07,2025-05-10,2025-05-12,3,True,2
CNT05644,2,Reefer,2025-08-28,2025-09-01,2025-09-02,4,True,2
CNT05645,2,Reefer,2025-05-17,2025-05-29,2025-05-22,12,False,2
CNT05646,2,Hazardous,2025-09-07,2025-09-13,2025-09-12,6,False,2
CNT05647,2,Hazardous,2025-09-16,2025-09-18,2025-09-21,2,True,2
CNT05648,2,General,2025-08-09,2025-08-23,2025-08-14,14,False,2
CNT05649,2,General,2025-06-07,2025-06-20,2025-06-12,13,False,2
CNT05650,2,General,2025-05-13,2025-05-20,2025-05-18,7,False,2
CNT05651,2,General,2025-09-23,2025-09-29,2025-09-28,6,False,2
CNT05652,2,Hazardous,2025-06-27,2025-07-05,2025-07-02,8,False,2
CNT05653,2,Tank,2025-07-26,2025-08-04,2025-07-31,9,False,2
CNT05654,2,Tank,2025-08-31,2025-09-13,2025-09-05,13,False,2
CNT05655,2,Reefer,2025-08-30,2025-09-03,2025-09-04,4,True,2
CNT05656,2,General,2025-04-18,2025-04-25,2025-04-23,7,False,2
CNT05657,2,Hazardous,2025-05-29,2025-05-31,2025-06-03,2,True,2
CNT05658,2,Tank,2025-07-06,2025-07-11,2025-07-11,5,True,2
CNT05659,2,Tank,2025-07-08,2025-07-13,2025-07-13,5,True,2
CNT05660,2,General,2025-05-04,2025-05-12,2025-05-09,8,False,2
CNT05661,2,General,2025-04-28,2025-05-03,2025-05-03,5,True,2
CNT05662,2,General,2025-04-05,2025-04-08,2025-04-10,3,True,2
CNT05663,2,General,2025-05-22,2025-05-25,2025-05-27,3,True,2
CNT05664,2,General,2025-08-12,2025-08-14,2025-08-17,2,True,2
CNT05665,2,Hazardous,2025-08-08,2025-08-14,2025-08-13,6,False,2
CNT05666,2,General,2025-09-23,2025-10-10,2025-09-28,17,False,2
CNT05667,2,General,2025-07-17,2025-07-24,2025-07-22,7,False,2
CNT05668,2,Reefer,2025-05-09,2025-05-14,2025-05-14,5,True,2
CNT05669,2,General,2025-09-03,2025-09-04,2025-09-08,1,True,2
CNT05670,2,Reefer,2025-04-25,2025-05-01,2025-04-30,6,False,2
CNT05671,2,General,2025-05-16,2025-05-18,2025-05-21,2,True,2
CNT05672,2,Tank,2025-07-31,2025-08-06,2025-08-05,6,False,2
CNT05673,2,General,2025-09-05,2025-09-12,2025-09-10,7,False,2
CNT05674,2,Hazardous,2025-09-01,2025-09-07,2025-09-06,6,False,2
CNT05675,2,Reefer,2025-04-10,2025-04-26,2025-04-15,16,False,2
CNT05676,2,Hazardous,2025-08-15,2025-08-18,2025-08-20,3,True,2
CNT05677,2,Reefer,2025-08-07,2025-08-12,2025-08-12,5,True,2
CNT05678,2,Tank,2025-05-01,2025-05-14,2025-05-06,13,False,2
CNT05679,2,Tank,2025-04-24,2025-04-27,2025-04-29,3,True,2
CNT05680,2,Tank,2025-08-02,2025-08-04,2025-08-07,2,True,2
CNT05681,2,General,2025-09-16,2025-09-21,2025-09-21,5,True,2
CNT05682,2,General,2025-05-04,2025-05-18,2025-05-09,14,False,2
CNT05683,2,Hazardous,2025-09-02,2025-09-14,2025-09-07,12,False,2
CNT05684,2,General,2025-08-17,2025-08-19,2025-08-22,2,True,2
CNT05685,2,General,2025-04-01,2025-04-06,2025-04-06,5,True,2
CNT05686,2,General,2025-09-21,2025-09-24,2025-09-26,3,True,2
CNT05687,2,Reefer,2025-09-14,2025-09-16,2025-09-19,2,True,2
CNT05688,2,General,2025-07-20,2025-07-23,2025-07-25,3,True,2
CNT05689,2,Reefer,2025-08-12,2025-08-14,2025-08-17,2,True,2
CNT05690,2,Hazardous,2025-07-17,2025-07-25,2025-07-22,8,False,2
CNT05691,2,General,2025-07-04,2025-07-08,2025-07-09,4,True,2
CNT05692,2,Hazardous,2025-04-12,2025-04-15,2025-04-17,3,True,2
CNT05693,2,Hazardous,2025-09-26,2025-10-01,2025-10-01,5,True,2
CNT05694,2,Hazardous,2025-08-14,2025-08-17,2025-08-19,3,True,2
CNT05695,2,General,2025-07-19,2025-07-22,2025-07-24,3,True,2
CNT05696,2,Hazardous,2025-05-29,2025-06-08,2025-06-03,10,False,2
CNT05697,2,General,2025-08-02,2025-08-09,2025-08-07,7,False,2
CNT05698,2,Hazardous,2025-07-07,2025-07-09,2025-07-12,2,True,2
CNT05699,2,Tank,2025-06-29,2025-07-17,2025-07-04,18,False,2
CNT05700,2,Tank,2025-08-29,2025-09-02,2025-09-03,4,True,2
CNT05701,2,General,2025-09-26,2025-09-29,2025-10-01,3,True,2
CNT05702,2,General,2025-08-26,2025-08-29,2025-08-31,3,True,2
CNT05703,2,Tank,2025-04-26,2025-05-04,2025-05-01,8,False,2
CNT05704,2,Reefer,2025-07-18,2025-07-24,2025-07-23,6,False,2
CNT05705,2,General,2025-05-05,2025-05-23,2025-05-10,18,False,2
CNT05706,2,General,2025-06-05,2025-06-07,2025-06-10,2,True,2
CNT05707,2,Tank,2025-08-01,2025-08-02,2025-08-06,1,True,2
CNT05708,2,General,2025-05-30,2025-06-08,2025-06-04,9,False,2
CNT05709,2,General,2025-04-22,2025-04-30,2025-04-27,8,False,2
CNT05710,2,General,2025-06-12,2025-06-20,2025-06-17,8,False,2
CNT05711,2,Tank,2025-09-01,2025-09-22,2025-09-06,21,False,2
CNT05712,2,Tank,2025-08-18,2025-08-22,2025-08-23,4,True,2
CNT05713,2,General,2025-07-14,2025-07-18,2025-07-19,4,True,2
CNT05714,2,Tank,2025-06-05,2025-06-10,2025-06-10,5,True,2
CNT05715,2,Tank,2025-05-19,2025-05-26,2025-05-24,7,False,2
CNT05716,2,Tank,2025-04-02,2025-04-06,2025-04-07,4,True,2
CNT05717,2,General,2025-04-02,2025-04-09,2025-04-07,7,False,2
CNT05718,2,Hazardous,2025-08-26,2025-08-27,2025-08-31,1,True,2
CNT05719,2,General,2025-08-12,2025-08-28,2025-08-17,16,False,2
CNT05720,2,Reefer,2025-05-01,2025-05-04,2025-05-06,3,True,2
CNT05721,2,Tank,2025-08-12,2025-08-24,2025-08-17,12,False,2
CNT05722,2,General,2025-04-02,2025-04-04,2025-04-07,2,True,2
CNT05723,2,Tank,2025-07-06,2025-07-09,2025-07-11,3,True,2
CNT05724,2,Reefer,2025-09-15,2025-09-17,2025-09-20,2,True,2
CNT05725,2,General,2025-05-23,2025-06-03,2025-05-28,11,False,2
CNT05726,2,Tank,2025-09-24,2025-09-30,2025-09-29,6,False,2
CNT05727,2,Reefer,2025-06-20,2025-06-25,2025-06-25,5,True,2
CNT05728,2,Reefer,2025-07-14,2025-08-04,2025-07-19,21,False,2
CNT05729,2,Tank,2025-07-02,2025-07-03,2025-07-07,1,True,2
CNT05730,2,Tank,2025-04-28,2025-05-06,2025-05-03,8,False,2
CNT05731,2,Reefer,2025-05-10,2025-05-13,2025-05-15,3,True,2
CNT05732,2,General,2025-07-19,2025-07-28,2025-07-24,9,False,2
CNT05733,2,General,2025-09-14,2025-09-17,2025-09-19,3,True,2
CNT05734,2,Tank,2025-08-28,2025-08-30,2025-09-02,2,True,2
CNT05735,2,Tank,2025-06-04,2025-06-23,2025-06-09,19,False,2
CNT05736,2,Hazardous,2025-06-06,2025-06-07,2025-06-11,1,True,2
CNT05737,2,Tank,2025-08-16,2025-08-17,2025-08-21,1,True,2
CNT05738,2,Hazardous,2025-07-18,2025-07-24,2025-07-23,6,False,2
CNT05739,2,Reefer,2025-08-23,2025-08-25,2025-08-28,2,True,2
CNT05740,2,General,2025-07-03,2025-07-09,2025-07-08,6,False,2
CNT05741,2,General,2025-09-04,2025-09-07,2025-09-09,3,True,2
CNT05742,2,Reefer,2025-06-10,2025-06-24,2025-06-15,14,False,2
CNT05743,2,General,2025-09-22,2025-09-27,2025-09-27,5,True,2
CNT05744,2,Hazardous,2025-07-11,2025-07-15,2025-07-16,4,True,2
CNT05745,2,General,2025-05-23,2025-05-28,2025-05-28,5,True,2
CNT05746,2,Reefer,2025-07-15,2025-07-19,2025-07-20,4,True,2
CNT05747,2,General,2025-08-20,2025-08-27,2025-08-25,7,False,2
CNT05748,2,Reefer,2025-08-21,2025-08-28,2025-08-26,7,False,2
CNT05749,2,General,2025-08-02,2025-08-09,2025-08-07,7,False,2
CNT05750,2,Hazardous,2025-05-16,2025-05-24,2025-05-21,8,False,2
CNT05751,2,General,2025-07-04,2025-07-11,2025-07-09,7,False,2
CNT05752,2,Reefer,2025-08-22,2025-08-27,2025-08-27,5,True,2
CNT05753,2,Reefer,2025-08-21,2025-08-25,2025-08-26,4,True,2
CNT05754,2,Reefer,2025-08-02,2025-08-13,2025-08-07,11,False,2
CNT05755,2,Tank,2025-06-04,2025-06-08,2025-06-09,4,True,2
CNT05756,2,Reefer,2025-06-18,2025-06-19,2025-06-23,1,True,2
CNT05757,2,Tank,2025-08-26,2025-08-29,2025-08-31,3,True,2
CNT05758,2,General,2025-06-28,2025-06-29,2025-07-03,1,True,2
CNT05759,2,Hazardous,2025-09-28,2025-09-30,2025-10-03,2,True,2
CNT05760,2,Hazardous,2025-07-11,2025-07-18,2025-07-16,7,False,2
CNT05761,2,Hazardous,2025-05-06,2025-05-11,2025-05-11,5,True,2
CNT05762,2,Reefer,2025-09-16,2025-10-08,2025-09-21,22,False,2
CNT05763,2,Tank,2025-05-01,2025-05-05,2025-05-06,4,True,2
CNT05764,2,Tank,2025-05-29,2025-05-30,2025-06-03,1,True,2
CNT05765,2,General,2025-07-24,2025-08-07,2025-07-29,14,False,2
CNT05766,2,Tank,2025-09-27,2025-10-09,2025-10-02,12,False,2
CNT05767,2,General,2025-05-12,2025-05-15,2025-05-17,3,True,2
CNT05768,2,General,2025-04-26,2025-05-04,2025-05-01,8,False,2
CNT05769,2,General,2025-05-25,2025-05-27,2025-05-30,2,True,2
CNT05770,2,Hazardous,2025-08-09,2025-08-20,2025-08-14,11,False,2
CNT05771,2,General,2025-07-12,2025-08-02,2025-07-17,21,False,2
CNT05772,2,Tank,2025-06-26,2025-06-28,2025-07-01,2,True,2
CNT05773,2,Hazardous,2025-08-19,2025-08-21,2025-08-24,2,True,2
CNT05774,2,Hazardous,2025-09-05,2025-09-12,2025-09-10,7,False,2
CNT05775,2,Tank,2025-09-26,2025-10-02,2025-10-01,6,False,2
CNT05776,2,Reefer,2025-09-23,2025-09-24,2025-09-28,1,True,2
CNT05777,2,Tank,2025-09-28,2025-10-22,2025-10-03,24,False,2
CNT05778,2,General,2025-04-14,2025-04-25,2025-04-19,11,False,2
CNT05779,2,General,2025-05-12,2025-05-20,2025-05-17,8,False,2
CNT05780,2,Tank,2025-07-09,2025-07-18,2025-07-14,9,False,2
CNT05781,2,Tank,2025-09-10,2025-09-11,2025-09-15,1,True,2
CNT05782,2,General,2025-04-02,2025-04-06,2025-04-07,4,True,2
CNT05783,2,Hazardous,2025-04-24,2025-04-26,2025-04-29,2,True,2
CNT05784,2,Hazardous,2025-05-08,2025-05-23,2025-05-13,15,False,2
CNT05785,2,Hazardous,2025-07-30,2025-08-16,2025-08-04,17,False,2
CNT05786,2,Hazardous,2025-09-01,2025-09-09,2025-09-06,8,False,2
CNT05787,2,Tank,2025-07-21,2025-08-02,2025-07-26,12,False,2
CNT05788,2,Tank,2025-04-23,2025-04-26,2025-04-28,3,True,2
CNT05789,2,Tank,2025-04-17,2025-04-21,2025-04-22,4,True,2
CNT05790,2,General,2025-06-07,2025-06-16,2025-06-12,9,False,2
CNT05791,2,Tank,2025-05-27,2025-05-31,2025-06-01,4,True,2
CNT05792,2,General,2025-07-04,2025-07-15,2025-07-09,11,False,2
CNT05793,2,Hazardous,2025-04-21,2025-04-24,2025-04-26,3,True,2
CNT05794,2,Hazardous,2025-09-03,2025-09-06,2025-09-08,3,True,2
CNT05795,2,General,2025-04-10,2025-04-17,2025-04-15,7,False,2
CNT05796,2,General,2025-07-08,2025-07-14,2025-07-13,6,False,2
CNT05797,2,Hazardous,2025-07-12,2025-07-21,2025-07-17,9,False,2
CNT05798,2,General,2025-09-05,2025-09-09,2025-09-10,4,True,2
CNT05799,2,General,2025-09-15,2025-09-19,2025-09-20,4,True,2
CNT05800,2,Tank,2025-08-12,2025-08-17,2025-08-17,5,True,2
CNT05801,2,Reefer,2025-06-13,2025-06-19,2025-06-18,6,False,2
CNT05802,2,General,2025-08-31,2025-09-07,2025-09-05,7,False,2
CNT05803,2,Reefer,2025-04-15,2025-04-16,2025-04-20,1,True,2
CNT05804,2,Tank,2025-05-15,2025-05-18,2025-05-20,3,True,2
CNT05805,2,General,2025-09-11,2025-09-18,2025-09-16,7,False,2
CNT05806,2,Tank,2025-08-05,2025-08-12,2025-08-10,7,False,2
CNT05807,2,Tank,2025-07-22,2025-07-29,2025-07-27,7,False,2
CNT05808,2,General,2025-04-03,2025-04-07,2025-04-08,4,True,2
CNT05809,2,Reefer,2025-05-22,2025-05-25,2025-05-27,3,True,2
CNT05810,2,Tank,2025-09-16,2025-09-18,2025-09-21,2,True,2
CNT05811,2,Tank,2025-08-11,2025-08-14,2025-08-16,3,True,2
CNT05812,2,Tank,2025-06-13,2025-06-24,2025-06-18,11,False,2
CNT05813,2,General,2025-05-20,2025-06-02,2025-05-25,13,False,2
CNT05814,2,General,2025-04-09,2025-04-21,2025-04-14,12,False,2
CNT05815,2,Hazardous,2025-09-01,2025-09-09,2025-09-06,8,False,2
CNT05816,2,General,2025-08-09,2025-08-16,2025-08-14,7,False,2
CNT05817,2,Hazardous,2025-08-11,2025-08-17,2025-08-16,6,False,2
CNT05818,2,Tank,2025-09-26,2025-09-28,2025-10-01,2,True,2
CNT05819,2,General,2025-05-30,2025-06-11,2025-06-04,12,False,2
CNT05820,2,Tank,2025-09-05,2025-09-21,2025-09-10,16,False,2
CNT05821,2,Tank,2025-05-14,2025-05-16,2025-05-19,2,True,2
CNT05822,2,Tank,2025-09-20,2025-09-28,2025-09-25,8,False,2
CNT05823,2,General,2025-04-10,2025-04-13,2025-04-15,3,True,2
CNT05824,2,General,2025-07-02,2025-07-08,2025-07-07,6,False,2
CNT05825,2,Hazardous,2025-06-01,2025-06-05,2025-06-06,4,True,2
CNT05826,2,General,2025-09-15,2025-09-26,2025-09-20,11,False,2
CNT05827,2,General,2025-04-01,2025-04-06,2025-04-06,5,True,2
CNT05828,2,Reefer,2025-05-11,2025-05-28,2025-05-16,17,False,2
CNT05829,2,General,2025-04-23,2025-04-29,2025-04-28,6,False,2
CNT05830,2,Hazardous,2025-06-10,2025-06-21,2025-06-15,11,False,2
CNT05831,2,General,2025-07-12,2025-07-19,2025-07-17,7,False,2
CNT05832,2,General,2025-06-30,2025-07-02,2025-07-05,2,True,2
CNT05833,2,General,2025-09-19,2025-09-27,2025-09-24,8,False,2
CNT05834,2,Hazardous,2025-07-11,2025-07-16,2025-07-16,5,True,2
CNT05835,2,General,2025-07-13,2025-07-18,2025-07-18,5,True,2
CNT05836,2,Reefer,2025-08-29,2025-09-09,2025-09-03,11,False,2
CNT05837,2,General,2025-05-22,2025-06-03,2025-05-27,12,False,2
CNT05838,2,General,2025-08-11,2025-08-21,2025-08-16,10,False,2
CNT05839,2,General,2025-04-04,2025-04-26,2025-04-09,22,False,2
CNT05840,2,General,2025-09-28,2025-10-04,2025-10-03,6,False,2
CNT05841,2,Tank,2025-04-18,2025-04-21,2025-04-23,3,True,2
CNT05842,2,General,2025-04-24,2025-04-30,2025-04-29,6,False,2
CNT05843,2,Tank,2025-08-19,2025-08-25,2025-08-24,6,False,2
CNT05844,2,Hazardous,2025-06-12,2025-06-19,2025-06-17,7,False,2
CNT05845,2,Hazardous,2025-08-22,2025-08-28,2025-08-27,6,False,2
CNT05846,2,Hazardous,2025-08-28,2025-09-06,2025-09-02,9,False,2
CNT05847,2,Tank,2025-06-29,2025-07-03,2025-07-04,4,True,2
CNT05848,2,Reefer,2025-06-28,2025-07-03,2025-07-03,5,True,2
CNT05849,2,Reefer,2025-06-10,2025-06-24,2025-06-15,14,False,2
CNT05850,2,Hazardous,2025-05-28,2025-05-31,2025-06-02,3,True,2
CNT05851,2,Tank,2025-09-03,2025-09-05,2025-09-08,2,True,2
CNT05852,2,General,2025-05-20,2025-05-24,2025-05-25,4,True,2
CNT05853,2,General,2025-07-26,2025-07-27,2025-07-31,1,True,2
CNT05854,2,Hazardous,2025-07-13,2025-07-14,2025-07-18,1,True,2
CNT05855,2,Tank,2025-08-26,2025-09-01,2025-08-31,6,False,2
CNT05856,2,General,2025-04-02,2025-04-07,2025-04-07,5,True,2
CNT05857,2,Tank,2025-06-06,2025-06-08,2025-06-11,2,True,2
CNT05858,2,General,2025-05-15,2025-05-17,2025-05-20,2,True,2
CNT05859,2,Reefer,2025-07-14,2025-08-04,2025-07-19,21,False,2
CNT05860,2,General,2025-08-08,2025-08-11,2025-08-13,3,True,2
CNT05861,2,General,2025-04-28,2025-05-04,2025-05-03,6,False,2
CNT05862,2,Tank,2025-08-22,2025-08-29,2025-08-27,7,False,2
CNT05863,2,Tank,2025-04-19,2025-04-24,2025-04-24,5,True,2
CNT05864,2,General,2025-08-07,2025-08-19,2025-08-12,12,False,2
CNT05865,2,General,2025-06-15,2025-06-19,2025-06-20,4,True,2
CNT05866,2,General,2025-06-27,2025-06-29,2025-07-02,2,True,2
CNT05867,2,General,2025-04-30,2025-05-10,2025-05-05,10,False,2
CNT05868,2,Tank,2025-08-10,2025-08-14,2025-08-15,4,True,2
CNT05869,2,Hazardous,2025-06-05,2025-06-12,2025-06-10,7,False,2
CNT05870,2,General,2025-08-16,2025-08-27,2025-08-21,11,False,2
CNT05871,2,Tank,2025-08-26,2025-09-01,2025-08-31,6,False,2
CNT05872,2,Reefer,2025-06-04,2025-06-08,2025-06-09,4,True,2
CNT05873,2,General,2025-09-25,2025-10-11,2025-09-30,16,False,2
CNT05874,2,Hazardous,2025-07-23,2025-07-27,2025-07-28,4,True,2
CNT05875,2,Tank,2025-07-06,2025-07-18,2025-07-11,12,False,2
CNT05876,2,General,2025-08-23,2025-08-26,2025-08-28,3,True,2
CNT05877,2,General,2025-08-02,2025-08-06,2025-08-07,4,True,2
CNT05878,2,Tank,2025-06-02,2025-06-04,2025-06-07,2,True,2
CNT05879,2,General,2025-06-26,2025-07-01,2025-07-01,5,True,2
CNT05880,2,Tank,2025-07-27,2025-07-30,2025-08-01,3,True,2
CNT05881,2,General,2025-09-22,2025-09-25,2025-09-27,3,True,2
CNT05882,2,Reefer,2025-07-27,2025-08-06,2025-08-01,10,False,2
CNT05883,2,Tank,2025-08-29,2025-08-31,2025-09-03,2,True,2
CNT05884,2,General,2025-04-08,2025-04-12,2025-04-13,4,True,2
CNT05885,2,General,2025-08-02,2025-08-11,2025-08-07,9,False,2
CNT05886,2,General,2025-04-30,2025-05-18,2025-05-05,18,False,2
CNT05887,2,General,2025-06-06,2025-06-10,2025-06-11,4,True,2
CNT05888,2,General,2025-04-18,2025-04-23,2025-04-23,5,True,2
CNT05889,2,Tank,2025-07-07,2025-07-20,2025-07-12,13,False,2
CNT05890,2,Tank,2025-09-10,2025-09-12,2025-09-15,2,True,2
CNT05891,2,Tank,2025-05-27,2025-06-12,2025-06-01,16,False,2
CNT05892,2,Tank,2025-09-21,2025-09-27,2025-09-26,6,False,2
CNT05893,2,Reefer,2025-09-27,2025-10-08,2025-10-02,11,False,2
CNT05894,2,General,2025-05-29,2025-06-01,2025-06-03,3,True,2
CNT05895,2,General,2025-06-20,2025-07-01,2025-06-25,11,False,2
CNT05896,2,Tank,2025-07-15,2025-07-17,2025-07-20,2,True,2
CNT05897,2,Hazardous,2025-06-30,2025-07-10,2025-07-05,10,False,2
CNT05898,2,General,2025-08-11,2025-08-15,2025-08-16,4,True,2
CNT05899,2,Tank,2025-08-16,2025-08-25,2025-08-21,9,False,2
CNT05900,2,Tank,2025-04-03,2025-04-06,2025-04-08,3,True,2
CNT05901,2,Tank,2025-09-27,2025-10-03,2025-10-02,6,False,2
CNT05902,2,Hazardous,2025-06-07,2025-06-12,2025-06-12,5,True,2
CNT05903,2,Tank,2025-06-03,2025-06-09,2025-06-08,6,False,2
CNT05904,2,Reefer,2025-06-13,2025-06-18,2025-06-18,5,True,2
CNT05905,2,Tank,2025-04-24,2025-04-29,2025-04-29,5,True,2
CNT05906,2,General,2025-07-12,2025-07-16,2025-07-17,4,True,2
CNT05907,2,General,2025-09-20,2025-09-22,2025-09-25,2,True,2
CNT05908,2,Tank,2025-06-27,2025-07-01,2025-07-02,4,True,2
CNT05909,2,Hazardous,2025-04-20,2025-04-22,2025-04-25,2,True,2
CNT05910,2,Hazardous,2025-08-20,2025-08-24,2025-08-25,4,True,2
CNT05911,2,General,2025-05-16,2025-05-28,2025-05-21,12,False,2
CNT05912,2,Reefer,2025-07-31,2025-08-03,2025-08-05,3,True,2
CNT05913,2,Hazardous,2025-06-20,2025-06-26,2025-06-25,6,False,2
CNT05914,2,General,2025-06-30,2025-07-09,2025-07-05,9,False,2
CNT05915,2,General,2025-05-26,2025-05-30,2025-05-31,4,True,2
CNT05916,2,Tank,2025-08-25,2025-08-29,2025-08-30,4,True,2
CNT05917,2,General,2025-06-08,2025-06-16,2025-06-13,8,False,2
CNT05918,2,Tank,2025-05-17,2025-05-21,2025-05-22,4,True,2
CNT05919,2,Tank,2025-09-22,2025-10-01,2025-09-27,9,False,2
CNT05920,2,Tank,2025-05-19,2025-05-27,2025-05-24,8,False,2
CNT05921,2,Hazardous,2025-08-06,2025-08-11,2025-08-11,5,True,2
CNT05922,2,General,2025-05-22,2025-05-28,2025-05-27,6,False,2
CNT05923,2,General,2025-05-31,2025-06-04,2025-06-05,4,True,2
CNT05924,2,General,2025-06-01,2025-06-25,2025-06-06,24,False,2
CNT05925,2,General,2025-06-07,2025-06-09,2025-06-12,2,True,2
CNT05926,2,General,2025-05-23,2025-06-03,2025-05-28,11,False,2
CNT05927,2,General,2025-05-29,2025-06-01,2025-06-03,3,True,2
CNT05928,2,Tank,2025-05-22,2025-05-28,2025-05-27,6,False,2
CNT05929,2,Tank,2025-06-03,2025-06-07,2025-06-08,4,True,2
CNT05930,2,Hazardous,2025-09-06,2025-09-07,2025-09-11,1,True,2
CNT05931,2,Reefer,2025-07-01,2025-07-21,2025-07-06,20,False,2
CNT05932,2,General,2025-05-10,2025-05-14,2025-05-15,4,True,2
CNT05933,2,General,2025-04-28,2025-05-28,2025-05-03,30,False,2
CNT05934,2,General,2025-05-01,2025-05-08,2025-05-06,7,False,2
CNT05935,2,General,2025-04-21,2025-04-27,2025-04-26,6,False,2
CNT05936,2,General,2025-09-21,2025-09-25,2025-09-26,4,True,2
CNT05937,2,General,2025-09-17,2025-09-29,2025-09-22,12,False,2
CNT05938,2,Tank,2025-08-05,2025-08-09,2025-08-10,4,True,2
CNT05939,2,Hazardous,2025-09-05,2025-09-09,2025-09-10,4,True,2
CNT05940,2,Reefer,2025-04-02,2025-04-08,2025-04-07,6,False,2
CNT05941,2,General,2025-08-17,2025-08-22,2025-08-22,5,True,2
CNT05942,2,Hazardous,2025-04-11,2025-04-14,2025-04-16,3,True,2
CNT05943,2,Tank,2025-08-02,2025-08-05,2025-08-07,3,True,2
CNT05944,2,General,2025-07-05,2025-07-07,2025-07-10,2,True,2
CNT05945,2,General,2025-09-06,2025-09-11,2025-09-11,5,True,2
CNT05946,2,Hazardous,2025-06-20,2025-06-28,2025-06-25,8,False,2
CNT05947,2,Reefer,2025-08-05,2025-08-08,2025-08-10,3,True,2
CNT05948,2,General,2025-08-26,2025-08-30,2025-08-31,4,True,2
CNT05949,2,Reefer,2025-06-10,2025-06-13,2025-06-15,3,True,2
CNT05950,2,Hazardous,2025-08-04,2025-08-09,2025-08-09,5,True,2
CNT05951,2,General,2025-05-17,2025-05-18,2025-05-22,1,True,2
CNT05952,2,Reefer,2025-08-09,2025-08-13,2025-08-14,4,True,2
CNT05953,2,General,2025-06-11,2025-06-22,2025-06-16,11,False,2
CNT05954,2,Tank,2025-07-11,2025-07-16,2025-07-16,5,True,2
CNT05955,2,Reefer,2025-05-27,2025-06-09,2025-06-01,13,False,2
CNT05956,2,Reefer,2025-08-26,2025-08-28,2025-08-31,2,True,2
CNT05957,2,General,2025-05-03,2025-05-09,2025-05-08,6,False,2
CNT05958,2,General,2025-04-14,2025-04-17,2025-04-19,3,True,2
CNT05959,2,Tank,2025-08-13,2025-08-18,2025-08-18,5,True,2
CNT05960,2,General,2025-07-18,2025-07-31,2025-07-23,13,False,2
CNT05961,2,General,2025-08-01,2025-08-11,2025-08-06,10,False,2
CNT05962,2,General,2025-08-17,2025-08-22,2025-08-22,5,True,2
CNT05963,2,General,2025-04-09,2025-04-12,2025-04-14,3,True,2
CNT05964,2,Tank,2025-08-07,2025-08-09,2025-08-12,2,True,2
CNT05965,2,Reefer,2025-06-28,2025-07-10,2025-07-03,12,False,2
CNT05966,2,Reefer,2025-07-10,2025-07-22,2025-07-15,12,False,2
CNT05967,2,Hazardous,2025-09-23,2025-09-28,2025-09-28,5,True,2
CNT05968,2,General,2025-05-15,2025-05-19,2025-05-20,4,True,2
CNT05969,2,General,2025-07-27,2025-08-01,2025-08-01,5,True,2
CNT05970,2,Hazardous,2025-05-01,2025-05-04,2025-05-06,3,True,2
CNT05971,2,General,2025-09-26,2025-10-03,2025-10-01,7,False,2
CNT05972,2,Tank,2025-08-11,2025-08-16,2025-08-16,5,True,2
CNT05973,2,Tank,2025-07-27,2025-08-12,2025-08-01,16,False,2
CNT05974,2,Tank,2025-06-20,2025-06-27,2025-06-25,7,False,2
CNT05975,2,Tank,2025-09-24,2025-09-27,2025-09-29,3,True,2
CNT05976,2,Hazardous,2025-04-03,2025-04-15,2025-04-08,12,False,2
CNT05977,2,General,2025-04-04,2025-04-26,2025-04-09,22,False,2
CNT05978,2,General,2025-09-20,2025-09-23,2025-09-25,3,True,2
CNT05979,2,General,2025-05-24,2025-05-26,2025-05-29,2,True,2
CNT05980,2,General,2025-07-07,2025-07-10,2025-07-12,3,True,2
CNT05981,2,Reefer,2025-08-27,2025-09-04,2025-09-01,8,False,2
CNT05982,2,Tank,2025-04-26,2025-04-29,2025-05-01,3,True,2
CNT05983,2,General,2025-06-23,2025-06-28,2025-06-28,5,True,2
CNT05984,2,Tank,2025-07-02,2025-07-07,2025-07-07,5,True,2
CNT05985,2,Reefer,2025-09-04,2025-09-07,2025-09-09,3,True,2
CNT05986,2,Tank,2025-06-06,2025-06-08,2025-06-11,2,True,2
CNT05987,2,General,2025-05-18,2025-05-30,2025-05-23,12,False,2
CNT05988,2,Reefer,2025-08-19,2025-08-22,2025-08-24,3,True,2
CNT05989,2,General,2025-06-07,2025-06-20,2025-06-12,13,False,2
CNT05990,2,General,2025-05-31,2025-06-03,2025-06-05,3,True,2
CNT05991,2,General,2025-06-08,2025-06-09,2025-06-13,1,True,2
CNT05992,2,Hazardous,2025-07-30,2025-08-08,2025-08-04,9,False,2
CNT05993,2,General,2025-09-04,2025-09-10,2025-09-09,6,False,2
CNT05994,2,General,2025-06-27,2025-06-30,2025-07-02,3,True,2
CNT05995,2,General,2025-07-03,2025-07-09,2025-07-08,6,False,2
CNT05996,2,Hazardous,2025-05-18,2025-06-04,2025-05-23,17,False,2
CNT05997,2,General,2025-08-06,2025-08-08,2025-08-11,2,True,2
CNT05998,2,Reefer,2025-07-18,2025-07-20,2025-07-23,2,True,2
CNT05999,2,General,2025-05-24,2025-06-13,2025-05-29,20,False,2
CNT06000,2,Tank,2025-07-17,2025-07-26,2025-07-22,9,False,2
CNT06001,2,General,2025-09-27,2025-09-29,2025-10-02,2,True,2
CNT06002,2,Hazardous,2025-07-05,2025-07-08,2025-07-10,3,True,2
CNT06003,2,General,2025-07-03,2025-07-11,2025-07-08,8,False,2
CNT06004,2,Tank,2025-07-12,2025-07-16,2025-07-17,4,True,2
CNT06005,2,Tank,2025-06-11,2025-06-18,2025-06-16,7,False,2
CNT06006,2,General,2025-07-25,2025-07-28,2025-07-30,3,True,2
CNT06007,2,General,2025-05-17,2025-05-19,2025-05-22,2,True,2
CNT06008,2,General,2025-08-25,2025-08-27,2025-08-30,2,True,2
CNT06009,2,Tank,2025-05-04,2025-05-10,2025-05-09,6,False,2
CNT06010,2,General,2025-08-26,2025-08-28,2025-08-31,2,True,2
CNT06011,2,Hazardous,2025-09-23,2025-09-29,2025-09-28,6,False,2
CNT06012,2,General,2025-05-29,2025-06-03,2025-06-03,5,True,2
CNT06013,2,Tank,2025-04-26,2025-05-12,2025-05-01,16,False,2
CNT06014,2,Tank,2025-06-09,2025-06-16,2025-06-14,7,False,2
CNT06015,2,Hazardous,2025-05-31,2025-06-19,2025-06-05,19,False,2
CNT06016,2,General,2025-08-21,2025-08-26,2025-08-26,5,True,2
CNT06017,2,Tank,2025-07-20,2025-07-24,2025-07-25,4,True,2
CNT06018,2,Tank,2025-07-07,2025-07-09,2025-07-12,2,True,2
CNT06019,2,General,2025-05-21,2025-06-02,2025-05-26,12,False,2
CNT06020,2,General,2025-05-08,2025-05-11,2025-05-13,3,True,2
CNT06021,2,Tank,2025-05-09,2025-05-12,2025-05-14,3,True,2
CNT06022,2,Reefer,2025-07-31,2025-08-08,2025-08-05,8,False,2
CNT06023,2,General,2025-04-03,2025-04-13,2025-04-08,10,False,2
CNT06024,2,Hazardous,2025-05-16,2025-05-18,2025-05-21,2,True,2
CNT06025,2,Hazardous,2025-07-17,2025-07-22,2025-07-22,5,True,2
CNT06026,2,Hazardous,2025-08-06,2025-08-07,2025-08-11,1,True,2
CNT06027,2,General,2025-05-05,2025-05-24,2025-05-10,19,False,2
CNT06028,2,Tank,2025-09-09,2025-09-20,2025-09-14,11,False,2
CNT06029,2,Hazardous,2025-08-11,2025-08-30,2025-08-16,19,False,2
CNT06030,2,Tank,2025-08-15,2025-08-19,2025-08-20,4,True,2
CNT06031,2,General,2025-06-20,2025-06-26,2025-06-25,6,False,2
CNT06032,2,Hazardous,2025-08-03,2025-08-06,2025-08-08,3,True,2
CNT06033,2,Reefer,2025-06-16,2025-06-19,2025-06-21,3,True,2
CNT06034,2,Hazardous,2025-06-04,2025-06-13,2025-06-09,9,False,2
CNT06035,2,General,2025-08-22,2025-09-03,2025-08-27,12,False,2
CNT06036,2,Hazardous,2025-08-24,2025-08-25,2025-08-29,1,True,2
CNT06037,2,Reefer,2025-04-13,2025-04-16,2025-04-18,3,True,2
CNT06038,2,General,2025-07-11,2025-07-22,2025-07-16,11,False,2
CNT06039,2,General,2025-04-26,2025-04-27,2025-05-01,1,True,2
CNT06040,2,Tank,2025-09-24,2025-10-10,2025-09-29,16,False,2
CNT06041,2,General,2025-05-12,2025-05-15,2025-05-17,3,True,2
CNT06042,2,Tank,2025-04-16,2025-05-04,2025-04-21,18,False,2
CNT06043,2,Reefer,2025-05-26,2025-05-31,2025-05-31,5,True,2
CNT06044,2,Tank,2025-06-05,2025-06-08,2025-06-10,3,True,2
CNT06045,2,General,2025-07-31,2025-08-06,2025-08-05,6,False,2
CNT06046,2,General,2025-09-09,2025-09-21,2025-09-14,12,False,2
CNT06047,2,Hazardous,2025-04-25,2025-05-05,2025-04-30,10,False,2
CNT06048,2,Tank,2025-07-25,2025-08-02,2025-07-30,8,False,2
CNT06049,2,Reefer,2025-06-25,2025-06-29,2025-06-30,4,True,2
CNT06050,2,Reefer,2025-06-06,2025-06-11,2025-06-11,5,True,2
CNT06051,2,Reefer,2025-07-02,2025-07-22,2025-07-07,20,False,2
CNT06052,2,General,2025-07-02,2025-07-05,2025-07-07,3,True,2
CNT06053,2,Reefer,2025-08-22,2025-08-30,2025-08-27,8,False,2
CNT06054,2,General,2025-08-21,2025-08-26,2025-08-26,5,True,2
CNT06055,2,Hazardous,2025-06-05,2025-06-08,2025-06-10,3,True,2
CNT06056,2,Hazardous,2025-06-28,2025-07-01,2025-07-03,3,True,2
CNT06057,2,General,2025-04-06,2025-04-08,2025-04-11,2,True,2
CNT06058,2,Tank,2025-07-15,2025-07-18,2025-07-20,3,True,2
CNT06059,2,General,2025-05-02,2025-05-04,2025-05-07,2,True,2
CNT06060,2,Hazardous,2025-06-29,2025-07-03,2025-07-04,4,True,2
CNT06061,2,Tank,2025-09-21,2025-10-03,2025-09-26,12,False,2
CNT06062,2,Hazardous,2025-09-03,2025-09-07,2025-09-08,4,True,2
CNT06063,2,Hazardous,2025-05-21,2025-06-04,2025-05-26,14,False,2
CNT06064,2,General,2025-08-26,2025-08-30,2025-08-31,4,True,2
CNT06065,2,Hazardous,2025-08-26,2025-08-29,2025-08-31,3,True,2
CNT06066,2,Reefer,2025-09-14,2025-09-15,2025-09-19,1,True,2
CNT06067,2,Tank,2025-09-14,2025-09-19,2025-09-19,5,True,2
CNT06068,2,Reefer,2025-08-16,2025-08-21,2025-08-21,5,True,2
CNT06069,2,Hazardous,2025-05-15,2025-06-04,2025-05-20,20,False,2
CNT06070,2,General,2025-06-12,2025-06-23,2025-06-17,11,False,2
CNT06071,2,General,2025-06-30,2025-07-02,2025-07-05,2,True,2
CNT06072,2,General,2025-06-23,2025-06-30,2025-06-28,7,False,2
CNT06073,2,General,2025-09-20,2025-09-21,2025-09-25,1,True,2
CNT06074,2,General,2025-08-09,2025-08-12,2025-08-14,3,True,2
CNT06075,2,Tank,2025-08-03,2025-08-07,2025-08-08,4,True,2
CNT06076,2,General,2025-07-24,2025-08-04,2025-07-29,11,False,2
CNT06077,2,Tank,2025-04-21,2025-05-15,2025-04-26,24,False,2
CNT06078,2,Hazardous,2025-07-07,2025-07-11,2025-07-12,4,True,2
CNT06079,2,Hazardous,2025-09-05,2025-09-16,2025-09-10,11,False,2
CNT06080,2,Hazardous,2025-06-13,2025-06-20,2025-06-18,7,False,2
CNT06081,2,Tank,2025-07-28,2025-08-01,2025-08-02,4,True,2
CNT06082,2,General,2025-09-09,2025-09-12,2025-09-14,3,True,2
CNT06083,2,Reefer,2025-05-08,2025-05-12,2025-05-13,4,True,2
CNT06084,2,Reefer,2025-05-13,2025-05-19,2025-05-18,6,False,2
CNT06085,2,General,2025-09-11,2025-09-26,2025-09-16,15,False,2
CNT06086,2,Hazardous,2025-06-26,2025-06-29,2025-07-01,3,True,2
CNT06087,2,General,2025-07-17,2025-07-31,2025-07-22,14,False,2
CNT06088,2,Hazardous,2025-09-09,2025-09-21,2025-09-14,12,False,2
CNT06089,2,Hazardous,2025-09-04,2025-09-05,2025-09-09,1,True,2
CNT06090,2,General,2025-08-25,2025-09-01,2025-08-30,7,False,2
CNT06091,2,General,2025-07-13,2025-07-14,2025-07-18,1,True,2
CNT06092,2,General,2025-04-19,2025-04-25,2025-04-24,6,False,2
CNT06093,2,General,2025-04-21,2025-04-27,2025-04-26,6,False,2
CNT06094,2,Tank,2025-05-12,2025-05-17,2025-05-17,5,True,2
CNT06095,2,Tank,2025-06-27,2025-07-01,2025-07-02,4,True,2
CNT06096,2,Tank,2025-05-29,2025-05-31,2025-06-03,2,True,2
CNT06097,2,Reefer,2025-06-20,2025-06-29,2025-06-25,9,False,2
CNT06098,2,Tank,2025-06-21,2025-06-26,2025-06-26,5,True,2
CNT06099,2,Tank,2025-09-15,2025-09-16,2025-09-20,1,True,2
CNT06100,2,Reefer,2025-06-14,2025-06-17,2025-06-19,3,True,2
CNT06101,2,General,2025-06-08,2025-06-18,2025-06-13,10,False,2
CNT06102,2,Reefer,2025-09-02,2025-09-08,2025-09-07,6,False,2
CNT06103,2,General,2025-09-13,2025-09-22,2025-09-18,9,False,2
CNT06104,2,Hazardous,2025-07-11,2025-07-17,2025-07-16,6,False,2
CNT06105,2,Reefer,2025-06-09,2025-06-19,2025-06-14,10,False,2
CNT06106,2,General,2025-07-23,2025-07-26,2025-07-28,3,True,2
CNT06107,2,Tank,2025-07-02,2025-07-05,2025-07-07,3,True,2
CNT06108,2,Reefer,2025-08-29,2025-09-01,2025-09-03,3,True,2
CNT06109,2,General,2025-08-12,2025-08-16,2025-08-17,4,True,2
CNT06110,2,Hazardous,2025-07-25,2025-07-29,2025-07-30,4,True,2
CNT06111,2,General,2025-07-15,2025-07-19,2025-07-20,4,True,2
CNT06112,2,Hazardous,2025-05-13,2025-05-17,2025-05-18,4,True,2
CNT06113,2,Hazardous,2025-05-18,2025-05-31,2025-05-23,13,False,2
CNT06114,2,Tank,2025-04-06,2025-04-11,2025-04-11,5,True,2
CNT06115,2,Reefer,2025-05-03,2025-05-08,2025-05-08,5,True,2
CNT06116,2,General,2025-05-31,2025-06-03,2025-06-05,3,True,2
CNT06117,2,Reefer,2025-09-17,2025-09-20,2025-09-22,3,True,2
CNT06118,2,General,2025-06-04,2025-06-08,2025-06-09,4,True,2
CNT06119,2,Reefer,2025-09-27,2025-10-03,2025-10-02,6,False,2
CNT06120,2,General,2025-04-21,2025-04-29,2025-04-26,8,False,2
CNT06121,2,Hazardous,2025-05-24,2025-05-29,2025-05-29,5,True,2
CNT06122,2,Hazardous,2025-05-13,2025-06-04,2025-05-18,22,False,2
CNT06123,2,General,2025-07-11,2025-07-13,2025-07-16,2,True,2
CNT06124,2,General,2025-04-27,2025-05-06,2025-05-02,9,False,2
CNT06125,2,Reefer,2025-04-25,2025-04-26,2025-04-30,1,True,2
CNT06126,2,Reefer,2025-04-17,2025-04-22,2025-04-22,5,True,2
CNT06127,2,General,2025-07-31,2025-08-07,2025-08-05,7,False,2
CNT06128,2,General,2025-08-19,2025-08-22,2025-08-24,3,True,2
CNT06129,2,Tank,2025-04-14,2025-04-18,2025-04-19,4,True,2
CNT06130,2,General,2025-04-07,2025-04-12,2025-04-12,5,True,2
CNT06131,2,Reefer,2025-07-11,2025-07-23,2025-07-16,12,False,2
CNT06132,2,General,2025-08-13,2025-08-15,2025-08-18,2,True,2
CNT06133,2,General,2025-04-22,2025-04-23,2025-04-27,1,True,2
CNT06134,2,General,2025-04-27,2025-05-03,2025-05-02,6,False,2
CNT06135,2,Reefer,2025-06-07,2025-06-23,2025-06-12,16,False,2
CNT06136,2,Reefer,2025-09-06,2025-09-10,2025-09-11,4,True,2
CNT06137,2,General,2025-05-10,2025-05-12,2025-05-15,2,True,2
CNT06138,2,Hazardous,2025-04-22,2025-04-25,2025-04-27,3,True,2
CNT06139,2,Tank,2025-09-15,2025-09-22,2025-09-20,7,False,2
CNT06140,2,Tank,2025-07-09,2025-07-28,2025-07-14,19,False,2
CNT06141,2,General,2025-06-19,2025-06-24,2025-06-24,5,True,2
CNT06142,2,General,2025-05-29,2025-06-05,2025-06-03,7,False,2
CNT06143,2,General,2025-06-03,2025-06-08,2025-06-08,5,True,2
CNT06144,2,Hazardous,2025-06-12,2025-06-14,2025-06-17,2,True,2
CNT06145,2,General,2025-07-23,2025-07-25,2025-07-28,2,True,2
CNT06146,2,Tank,2025-09-08,2025-09-21,2025-09-13,13,False,2
CNT06147,2,Reefer,2025-05-03,2025-05-06,2025-05-08,3,True,2
CNT06148,2,General,2025-05-04,2025-05-06,2025-05-09,2,True,2
CNT06149,2,General,2025-08-13,2025-08-15,2025-08-18,2,True,2
CNT06150,2,General,2025-05-14,2025-05-16,2025-05-19,2,True,2
CNT06151,2,General,2025-04-08,2025-04-20,2025-04-13,12,False,2
CNT06152,2,General,2025-04-09,2025-04-12,2025-04-14,3,True,2
CNT06153,2,Tank,2025-09-17,2025-09-21,2025-09-22,4,True,2
CNT06154,2,General,2025-07-01,2025-07-04,2025-07-06,3,True,2
CNT06155,2,Tank,2025-06-23,2025-06-27,2025-06-28,4,True,2
CNT06156,2,Tank,2025-07-31,2025-08-02,2025-08-05,2,True,2
CNT06157,2,General,2025-07-29,2025-08-03,2025-08-03,5,True,2
CNT06158,2,Tank,2025-08-17,2025-08-21,2025-08-22,4,True,2
CNT06159,2,General,2025-06-09,2025-06-12,2025-06-14,3,True,2
CNT06160,2,General,2025-08-19,2025-08-30,2025-08-24,11,False,2
CNT06161,2,General,2025-07-23,2025-07-27,2025-07-28,4,True,2
CNT06162,2,Reefer,2025-05-05,2025-05-09,2025-05-10,4,True,2
CNT06163,2,Reefer,2025-09-26,2025-10-02,2025-10-01,6,False,2
CNT06164,2,Tank,2025-08-17,2025-08-23,2025-08-22,6,False,2
CNT06165,2,Reefer,2025-05-16,2025-05-20,2025-05-21,4,True,2
CNT06166,2,General,2025-08-30,2025-09-04,2025-09-04,5,True,2
CNT06167,2,General,2025-08-31,2025-09-03,2025-09-05,3,True,2
CNT06168,2,Hazardous,2025-07-26,2025-08-03,2025-07-31,8,False,2
CNT06169,2,Tank,2025-09-09,2025-09-17,2025-09-14,8,False,2
CNT06170,2,Tank,2025-09-10,2025-09-17,2025-09-15,7,False,2
CNT06171,2,Hazardous,2025-08-23,2025-09-07,2025-08-28,15,False,2
CNT06172,2,General,2025-07-21,2025-07-30,2025-07-26,9,False,2
CNT06173,2,Reefer,2025-08-13,2025-08-15,2025-08-18,2,True,2
CNT06174,2,Tank,2025-09-11,2025-09-14,2025-09-16,3,True,2
CNT06175,2,General,2025-09-11,2025-09-18,2025-09-16,7,False,2
CNT06176,2,Tank,2025-08-15,2025-08-20,2025-08-20,5,True,2
CNT06177,2,Hazardous,2025-06-19,2025-06-27,2025-06-24,8,False,2
CNT06178,2,Reefer,2025-06-28,2025-06-30,2025-07-03,2,True,2
CNT06179,2,General,2025-08-02,2025-08-05,2025-08-07,3,True,2
CNT06180,2,Reefer,2025-08-17,2025-08-19,2025-08-22,2,True,2
CNT06181,2,General,2025-05-29,2025-06-03,2025-06-03,5,True,2
CNT06182,2,Tank,2025-04-23,2025-05-04,2025-04-28,11,False,2
CNT06183,2,Tank,2025-07-23,2025-07-27,2025-07-28,4,True,2
CNT06184,2,General,2025-06-18,2025-07-12,2025-06-23,24,False,2
CNT06185,2,Tank,2025-07-03,2025-07-06,2025-07-08,3,True,2
CNT06186,2,Hazardous,2025-07-15,2025-07-18,2025-07-20,3,True,2
CNT06187,2,Tank,2025-06-06,2025-06-10,2025-06-11,4,True,2
CNT06188,2,Reefer,2025-05-10,2025-05-23,2025-05-15,13,False,2
CNT06189,2,Hazardous,2025-06-17,2025-06-21,2025-06-22,4,True,2
CNT06190,2,Tank,2025-04-03,2025-04-06,2025-04-08,3,True,2
CNT06191,2,Hazardous,2025-04-01,2025-04-04,2025-04-06,3,True,2
CNT06192,2,Tank,2025-08-12,2025-08-26,2025-08-17,14,False,2
CNT06193,2,Tank,2025-05-05,2025-05-10,2025-05-10,5,True,2
CNT06194,2,Hazardous,2025-06-28,2025-07-01,2025-07-03,3,True,2
CNT06195,2,General,2025-06-13,2025-06-21,2025-06-18,8,False,2
CNT06196,2,Tank,2025-07-30,2025-08-23,2025-08-04,24,False,2
CNT06197,2,General,2025-08-15,2025-08-21,2025-08-20,6,False,2
CNT06198,2,General,2025-04-03,2025-04-05,2025-04-08,2,True,2
CNT06199,2,Reefer,2025-09-24,2025-09-30,2025-09-29,6,False,2
CNT06200,2,General,2025-08-04,2025-08-08,2025-08-09,4,True,2
CNT06201,2,General,2025-08-01,2025-08-06,2025-08-06,5,True,2
CNT06202,2,Tank,2025-06-16,2025-06-19,2025-06-21,3,True,2
CNT06203,2,Reefer,2025-04-03,2025-04-09,2025-04-08,6,False,2
CNT06204,2,General,2025-07-20,2025-07-24,2025-07-25,4,True,2
CNT06205,2,Tank,2025-06-14,2025-06-20,2025-06-19,6,False,2
CNT06206,2,Tank,2025-08-31,2025-09-06,2025-09-05,6,False,2
CNT06207,2,Tank,2025-05-30,2025-06-04,2025-06-04,5,True,2
CNT06208,2,Tank,2025-04-02,2025-04-03,2025-04-07,1,True,2
CNT06209,2,General,2025-08-19,2025-08-23,2025-08-24,4,True,2
CNT06210,2,Tank,2025-07-05,2025-07-09,2025-07-10,4,True,2
CNT06211,2,Reefer,2025-05-19,2025-06-02,2025-05-24,14,False,2
CNT06212,2,Hazardous,2025-07-15,2025-07-22,2025-07-20,7,False,2
CNT06213,2,General,2025-08-22,2025-08-26,2025-08-27,4,True,2
CNT06214,2,General,2025-07-21,2025-08-10,2025-07-26,20,False,2
CNT06215,2,Tank,2025-07-11,2025-07-21,2025-07-16,10,False,2
CNT06216,2,Tank,2025-06-03,2025-06-06,2025-06-08,3,True,2
CNT06217,2,Reefer,2025-05-12,2025-05-15,2025-05-17,3,True,2
CNT06218,2,Hazardous,2025-09-13,2025-09-18,2025-09-18,5,True,2
CNT06219,2,General,2025-07-09,2025-07-10,2025-07-14,1,True,2
CNT06220,2,General,2025-07-06,2025-07-14,2025-07-11,8,False,2
CNT06221,2,Reefer,2025-05-27,2025-05-30,2025-06-01,3,True,2
CNT06222,2,General,2025-06-07,2025-06-12,2025-06-12,5,True,2
CNT06223,2,General,2025-04-21,2025-04-30,2025-04-26,9,False,2
CNT06224,2,Tank,2025-07-18,2025-07-31,2025-07-23,13,False,2
CNT06225,2,Hazardous,2025-09-08,2025-09-22,2025-09-13,14,False,2
CNT06226,2,Reefer,2025-06-01,2025-06-04,2025-06-06,3,True,2
CNT06227,2,Reefer,2025-08-11,2025-08-12,2025-08-16,1,True,2
CNT06228,2,General,2025-09-04,2025-09-26,2025-09-09,22,False,2
CNT06229,2,Hazardous,2025-09-25,2025-09-27,2025-09-30,2,True,2
CNT06230,2,Tank,2025-09-23,2025-10-01,2025-09-28,8,False,2
CNT06231,2,General,2025-06-09,2025-06-11,2025-06-14,2,True,2
CNT06232,2,General,2025-06-12,2025-06-24,2025-06-17,12,False,2
CNT06233,2,General,2025-09-14,2025-09-15,2025-09-19,1,True,2
CNT06234,2,Tank,2025-08-15,2025-08-31,2025-08-20,16,False,2
CNT06235,2,Hazardous,2025-06-08,2025-06-14,2025-06-13,6,False,2
CNT06236,2,General,2025-07-15,2025-07-18,2025-07-20,3,True,2
CNT06237,2,Hazardous,2025-05-19,2025-05-21,2025-05-24,2,True,2
CNT06238,2,Tank,2025-04-18,2025-04-26,2025-04-23,8,False,2
CNT06239,2,Reefer,2025-05-17,2025-05-21,2025-05-22,4,True,2
CNT06240,2,Tank,2025-05-05,2025-05-09,2025-05-10,4,True,2
CNT06241,2,Tank,2025-06-14,2025-06-25,2025-06-19,11,False,2
CNT06242,2,Tank,2025-04-29,2025-05-06,2025-05-04,7,False,2
CNT06243,2,Tank,2025-09-11,2025-09-14,2025-09-16,3,True,2
CNT06244,2,Tank,2025-07-26,2025-08-03,2025-07-31,8,False,2
CNT06245,2,Reefer,2025-09-06,2025-09-11,2025-09-11,5,True,2
CNT06246,2,General,2025-07-25,2025-07-28,2025-07-30,3,True,2
CNT06247,2,Tank,2025-06-09,2025-06-14,2025-06-14,5,True,2
CNT06248,2,Tank,2025-09-27,2025-10-09,2025-10-02,12,False,2
CNT06249,2,Tank,2025-09-07,2025-09-10,2025-09-12,3,True,2
CNT06250,2,Tank,2025-08-04,2025-08-07,2025-08-09,3,True,2
CNT06251,2,Tank,2025-05-19,2025-05-27,2025-05-24,8,False,2
CNT06252,2,General,2025-06-22,2025-06-27,2025-06-27,5,True,2
CNT06253,2,Hazardous,2025-04-05,2025-04-17,2025-04-10,12,False,2
CNT06254,2,Tank,2025-05-09,2025-05-16,2025-05-14,7,False,2
CNT06255,2,Reefer,2025-04-13,2025-04-28,2025-04-18,15,False,2
CNT06256,2,General,2025-08-15,2025-08-27,2025-08-20,12,False,2
CNT06257,2,General,2025-04-06,2025-04-11,2025-04-11,5,True,2
CNT06258,2,Tank,2025-05-18,2025-05-25,2025-05-23,7,False,2
CNT06259,2,Tank,2025-04-27,2025-04-28,2025-05-02,1,True,2
CNT06260,2,Tank,2025-06-12,2025-06-15,2025-06-17,3,True,2
CNT06261,2,General,2025-06-08,2025-06-20,2025-06-13,12,False,2
CNT06262,2,Hazardous,2025-05-03,2025-05-08,2025-05-08,5,True,2
CNT06263,2,Tank,2025-07-22,2025-08-05,2025-07-27,14,False,2
CNT06264,2,Tank,2025-04-03,2025-04-11,2025-04-08,8,False,2
CNT06265,2,General,2025-05-30,2025-07-07,2025-06-04,38,False,2
CNT06266,2,Tank,2025-04-24,2025-05-05,2025-04-29,11,False,2
CNT06267,2,Tank,2025-05-09,2025-05-13,2025-05-14,4,True,2
CNT06268,2,General,2025-04-04,2025-04-15,2025-04-09,11,False,2
CNT06269,2,Reefer,2025-08-05,2025-08-12,2025-08-10,7,False,2
CNT06270,2,General,2025-05-26,2025-06-01,2025-05-31,6,False,2
CNT06271,2,Tank,2025-06-27,2025-07-01,2025-07-02,4,True,2
CNT06272,2,Hazardous,2025-07-17,2025-07-20,2025-07-22,3,True,2
CNT06273,2,General,2025-06-19,2025-06-24,2025-06-24,5,True,2
CNT06274,2,Hazardous,2025-08-06,2025-08-13,2025-08-11,7,False,2
CNT06275,2,Reefer,2025-07-05,2025-07-07,2025-07-10,2,True,2
CNT06276,2,Reefer,2025-07-28,2025-07-29,2025-08-02,1,True,2
CNT06277,2,Tank,2025-09-26,2025-09-30,2025-10-01,4,True,2
CNT06278,2,General,2025-04-09,2025-04-23,2025-04-14,14,False,2
CNT06279,2,Tank,2025-06-24,2025-06-28,2025-06-29,4,True,2
CNT06280,2,Hazardous,2025-04-21,2025-05-01,2025-04-26,10,False,2
CNT06281,2,Reefer,2025-05-08,2025-05-25,2025-05-13,17,False,2
CNT06282,2,Tank,2025-04-15,2025-04-19,2025-04-20,4,True,2
CNT06283,2,General,2025-06-08,2025-06-12,2025-06-13,4,True,2
CNT06284,2,General,2025-07-10,2025-07-13,2025-07-15,3,True,2
CNT06285,2,Hazardous,2025-04-19,2025-04-26,2025-04-24,7,False,2
CNT06286,2,Hazardous,2025-08-18,2025-08-23,2025-08-23,5,True,2
CNT06287,2,Tank,2025-07-30,2025-08-02,2025-08-04,3,True,2
CNT06288,2,Reefer,2025-05-17,2025-05-20,2025-05-22,3,True,2
CNT06289,2,Reefer,2025-05-20,2025-06-02,2025-05-25,13,False,2
CNT06290,2,Hazardous,2025-06-04,2025-06-08,2025-06-09,4,True,2
CNT06291,2,Tank,2025-07-07,2025-07-13,2025-07-12,6,False,2
CNT06292,2,General,2025-04-04,2025-04-06,2025-04-09,2,True,2
CNT06293,2,General,2025-05-02,2025-05-07,2025-05-07,5,True,2
CNT06294,2,General,2025-06-03,2025-06-11,2025-06-08,8,False,2
CNT06295,2,Hazardous,2025-07-08,2025-07-12,2025-07-13,4,True,2
CNT06296,2,General,2025-07-23,2025-07-29,2025-07-28,6,False,2
CNT06297,2,General,2025-06-03,2025-06-06,2025-06-08,3,True,2
CNT06298,2,Reefer,2025-04-09,2025-04-13,2025-04-14,4,True,2
CNT06299,2,Tank,2025-05-21,2025-05-29,2025-05-26,8,False,2
CNT06300,2,Tank,2025-07-27,2025-07-30,2025-08-01,3,True,2
CNT06301,2,General,2025-04-25,2025-04-30,2025-04-30,5,True,2
CNT06302,2,Hazardous,2025-08-12,2025-08-19,2025-08-17,7,False,2
CNT06303,2,Reefer,2025-09-18,2025-10-02,2025-09-23,14,False,2
CNT06304,2,General,2025-05-24,2025-06-13,2025-05-29,20,False,2
CNT06305,2,General,2025-07-31,2025-08-07,2025-08-05,7,False,2
CNT06306,2,Tank,2025-07-09,2025-07-26,2025-07-14,17,False,2
CNT06307,2,General,2025-09-22,2025-09-27,2025-09-27,5,True,2
CNT06308,2,General,2025-06-19,2025-06-23,2025-06-24,4,True,2
CNT06309,2,Tank,2025-06-22,2025-06-25,2025-06-27,3,True,2
CNT06310,2,Tank,2025-05-11,2025-05-23,2025-05-16,12,False,2
CNT06311,2,Hazardous,2025-09-09,2025-09-11,2025-09-14,2,True,2
CNT06312,2,General,2025-04-11,2025-04-18,2025-04-16,7,False,2
CNT06313,2,General,2025-08-19,2025-08-21,2025-08-24,2,True,2
CNT06314,2,Reefer,2025-08-12,2025-08-18,2025-08-17,6,False,2
CNT06315,2,General,2025-05-02,2025-05-09,2025-05-07,7,False,2
CNT06316,2,Reefer,2025-06-04,2025-06-22,2025-06-09,18,False,2
CNT06317,2,General,2025-08-02,2025-08-08,2025-08-07,6,False,2
CNT06318,2,Hazardous,2025-09-11,2025-09-18,2025-09-16,7,False,2
CNT06319,2,Hazardous,2025-06-16,2025-06-20,2025-06-21,4,True,2
CNT06320,2,General,2025-05-21,2025-05-26,2025-05-26,5,True,2
CNT06321,2,Hazardous,2025-07-02,2025-07-04,2025-07-07,2,True,2
CNT06322,2,Hazardous,2025-04-14,2025-04-21,2025-04-19,7,False,2
CNT06323,2,Tank,2025-09-18,2025-09-20,2025-09-23,2,True,2
CNT06324,2,General,2025-05-26,2025-06-01,2025-05-31,6,False,2
CNT06325,2,General,2025-04-29,2025-05-13,2025-05-04,14,False,2
CNT06326,2,Hazardous,2025-05-31,2025-06-07,2025-06-05,7,False,2
CNT06327,2,Tank,2025-09-10,2025-09-13,2025-09-15,3,True,2
CNT06328,2,General,2025-07-21,2025-08-01,2025-07-26,11,False,2
CNT06329,2,General,2025-06-23,2025-07-06,2025-06-28,13,False,2
CNT06330,2,Hazardous,2025-04-04,2025-04-12,2025-04-09,8,False,2
CNT06331,2,Hazardous,2025-05-13,2025-05-15,2025-05-18,2,True,2
CNT06332,2,Tank,2025-06-10,2025-06-25,2025-06-15,15,False,2
CNT06333,2,General,2025-08-28,2025-09-04,2025-09-02,7,False,2
CNT06334,2,Hazardous,2025-05-01,2025-05-06,2025-05-06,5,True,2
CNT06335,2,Hazardous,2025-07-11,2025-07-14,2025-07-16,3,True,2
CNT06336,2,General,2025-06-02,2025-06-03,2025-06-07,1,True,2
CNT06337,2,General,2025-04-03,2025-04-06,2025-04-08,3,True,2
CNT06338,2,General,2025-04-11,2025-04-24,2025-04-16,13,False,2
CNT06339,2,Hazardous,2025-08-27,2025-08-28,2025-09-01,1,True,2
CNT06340,2,Hazardous,2025-09-24,2025-10-02,2025-09-29,8,False,2
CNT06341,2,Hazardous,2025-07-31,2025-08-07,2025-08-05,7,False,2
CNT06342,2,Tank,2025-09-24,2025-09-26,2025-09-29,2,True,2
CNT06343,2,General,2025-08-31,2025-09-08,2025-09-05,8,False,2
CNT06344,2,Tank,2025-05-10,2025-05-19,2025-05-15,9,False,2
CNT06345,2,Tank,2025-07-05,2025-07-09,2025-07-10,4,True,2
CNT06346,2,General,2025-04-23,2025-04-30,2025-04-28,7,False,2
CNT06347,2,General,2025-06-03,2025-06-05,2025-06-08,2,True,2
CNT06348,2,Hazardous,2025-05-11,2025-05-23,2025-05-16,12,False,2
CNT06349,2,Hazardous,2025-08-06,2025-08-15,2025-08-11,9,False,2
CNT06350,2,Tank,2025-04-24,2025-05-01,2025-04-29,7,False,2
CNT06351,2,Reefer,2025-09-23,2025-10-03,2025-09-28,10,False,2
CNT06352,2,General,2025-09-06,2025-09-11,2025-09-11,5,True,2
CNT06353,2,General,2025-06-26,2025-07-03,2025-07-01,7,False,2
CNT06354,2,Tank,2025-09-08,2025-09-19,2025-09-13,11,False,2
CNT06355,2,Reefer,2025-04-16,2025-04-19,2025-04-21,3,True,2
CNT06356,2,General,2025-04-16,2025-04-21,2025-04-21,5,True,2
CNT06357,2,Tank,2025-07-01,2025-07-06,2025-07-06,5,True,2
CNT06358,2,Hazardous,2025-09-13,2025-09-17,2025-09-18,4,True,2
CNT06359,2,Hazardous,2025-05-10,2025-05-13,2025-05-15,3,True,2
CNT06360,2,Tank,2025-09-27,2025-10-10,2025-10-02,13,False,2
CNT06361,2,Reefer,2025-08-16,2025-08-19,2025-08-21,3,True,2
CNT06362,2,General,2025-04-28,2025-04-30,2025-05-03,2,True,2
CNT06363,2,Tank,2025-05-03,2025-05-06,2025-05-08,3,True,2
CNT06364,2,General,2025-08-03,2025-08-04,2025-08-08,1,True,2
CNT06365,2,General,2025-05-30,2025-06-01,2025-06-04,2,True,2
CNT06366,2,Tank,2025-06-21,2025-06-23,2025-06-26,2,True,2
CNT06367,2,General,2025-08-21,2025-08-25,2025-08-26,4,True,2
CNT06368,2,General,2025-09-13,2025-09-16,2025-09-18,3,True,2
CNT06369,2,Reefer,2025-06-28,2025-06-29,2025-07-03,1,True,2
CNT06370,2,Tank,2025-07-22,2025-07-30,2025-07-27,8,False,2
CNT06371,2,Hazardous,2025-05-20,2025-05-26,2025-05-25,6,False,2
CNT06372,2,Tank,2025-04-06,2025-04-09,2025-04-11,3,True,2
CNT06373,2,Tank,2025-09-24,2025-09-25,2025-09-29,1,True,2
CNT06374,2,Tank,2025-07-06,2025-07-16,2025-07-11,10,False,2
CNT06375,2,Tank,2025-07-01,2025-07-04,2025-07-06,3,True,2
CNT06376,2,Hazardous,2025-05-05,2025-05-10,2025-05-10,5,True,2
CNT06377,2,Tank,2025-06-04,2025-06-11,2025-06-09,7,False,2
CNT06378,2,General,2025-04-11,2025-04-21,2025-04-16,10,False,2
CNT06379,2,Reefer,2025-08-03,2025-08-06,2025-08-08,3,True,2
CNT06380,2,Hazardous,2025-09-28,2025-10-03,2025-10-03,5,True,2
CNT06381,2,General,2025-07-22,2025-07-29,2025-07-27,7,False,2
CNT06382,2,General,2025-08-22,2025-08-24,2025-08-27,2,True,2
CNT06383,2,Reefer,2025-06-15,2025-06-18,2025-06-20,3,True,2
CNT06384,2,General,2025-08-17,2025-08-20,2025-08-22,3,True,2
CNT06385,2,Tank,2025-09-26,2025-09-28,2025-10-01,2,True,2
CNT06386,2,Tank,2025-08-04,2025-08-08,2025-08-09,4,True,2
CNT06387,2,General,2025-05-19,2025-05-30,2025-05-24,11,False,2
CNT06388,2,Hazardous,2025-08-24,2025-09-02,2025-08-29,9,False,2
CNT06389,2,Tank,2025-05-18,2025-05-23,2025-05-23,5,True,2
CNT06390,2,Reefer,2025-08-18,2025-08-23,2025-08-23,5,True,2
CNT06391,2,General,2025-06-29,2025-07-06,2025-07-04,7,False,2
CNT06392,2,General,2025-06-22,2025-07-08,2025-06-27,16,False,2
CNT06393,2,Reefer,2025-07-29,2025-08-06,2025-08-03,8,False,2
CNT06394,2,Reefer,2025-06-10,2025-06-15,2025-06-15,5,True,2
CNT06395,2,Reefer,2025-09-01,2025-09-05,2025-09-06,4,True,2
CNT06396,2,Hazardous,2025-08-20,2025-08-22,2025-08-25,2,True,2
CNT06397,2,Hazardous,2025-05-12,2025-05-15,2025-05-17,3,True,2
CNT06398,2,Hazardous,2025-04-18,2025-04-20,2025-04-23,2,True,2
CNT06399,2,Hazardous,2025-08-14,2025-08-21,2025-08-19,7,False,2
CNT06400,2,General,2025-05-10,2025-05-15,2025-05-15,5,True,2
CNT06401,2,General,2025-07-25,2025-08-06,2025-07-30,12,False,2
CNT06402,2,General,2025-06-15,2025-06-19,2025-06-20,4,True,2
CNT06403,2,General,2025-06-07,2025-06-27,2025-06-12,20,False,2
CNT06404,2,Tank,2025-08-17,2025-08-21,2025-08-22,4,True,2
CNT06405,2,General,2025-07-03,2025-07-12,2025-07-08,9,False,2
CNT06406,2,General,2025-07-26,2025-07-28,2025-07-31,2,True,2
CNT06407,2,Tank,2025-04-01,2025-04-02,2025-04-06,1,True,2
CNT06408,2,General,2025-09-11,2025-09-25,2025-09-16,14,False,2
CNT06409,2,Tank,2025-08-08,2025-08-11,2025-08-13,3,True,2
CNT06410,2,Tank,2025-07-07,2025-07-23,2025-07-12,16,False,2
CNT06411,2,General,2025-05-18,2025-05-20,2025-05-23,2,True,2
CNT06412,2,Tank,2025-04-05,2025-04-07,2025-04-10,2,True,2
CNT06413,2,Hazardous,2025-09-06,2025-09-13,2025-09-11,7,False,2
CNT06414,2,Reefer,2025-07-03,2025-07-06,2025-07-08,3,True,2
CNT06415,2,Reefer,2025-09-06,2025-09-11,2025-09-11,5,True,2
CNT06416,2,Tank,2025-06-01,2025-06-03,2025-06-06,2,True,2
CNT06417,2,Hazardous,2025-06-22,2025-06-25,2025-06-27,3,True,2
CNT06418,2,Tank,2025-04-17,2025-04-19,2025-04-22,2,True,2
CNT06419,2,Tank,2025-09-16,2025-09-22,2025-09-21,6,False,2
CNT06420,2,Tank,2025-08-16,2025-08-23,2025-08-21,7,False,2
CNT06421,2,Hazardous,2025-07-09,2025-07-10,2025-07-14,1,True,2
CNT06422,2,Tank,2025-05-19,2025-06-07,2025-05-24,19,False,2
CNT06423,2,Reefer,2025-08-13,2025-08-18,2025-08-18,5,True,2
CNT06424,2,General,2025-09-22,2025-10-04,2025-09-27,12,False,2
CNT06425,2,Tank,2025-08-06,2025-08-14,2025-08-11,8,False,2
CNT06426,2,General,2025-08-20,2025-08-21,2025-08-25,1,True,2
CNT06427,2,General,2025-05-10,2025-05-13,2025-05-15,3,True,2
CNT06428,2,General,2025-09-04,2025-09-10,2025-09-09,6,False,2
CNT06429,2,Hazardous,2025-06-12,2025-06-26,2025-06-17,14,False,2
CNT06430,2,Hazardous,2025-06-22,2025-07-01,2025-06-27,9,False,2
CNT06431,2,Tank,2025-07-14,2025-07-19,2025-07-19,5,True,2
CNT06432,2,Hazardous,2025-09-12,2025-09-16,2025-09-17,4,True,2
CNT06433,2,General,2025-06-22,2025-06-26,2025-06-27,4,True,2
CNT06434,2,General,2025-04-29,2025-05-01,2025-05-04,2,True,2
CNT06435,2,General,2025-04-25,2025-05-22,2025-04-30,27,False,2
CNT06436,2,Tank,2025-08-12,2025-08-15,2025-08-17,3,True,2
CNT06437,2,General,2025-09-16,2025-09-23,2025-09-21,7,False,2
CNT06438,2,General,2025-04-18,2025-04-21,2025-04-23,3,True,2
CNT06439,2,General,2025-04-12,2025-05-05,2025-04-17,23,False,2
CNT06440,2,Hazardous,2025-05-04,2025-05-06,2025-05-09,2,True,2
CNT06441,2,Hazardous,2025-05-16,2025-05-25,2025-05-21,9,False,2
CNT06442,2,Reefer,2025-04-09,2025-04-11,2025-04-14,2,True,2
CNT06443,2,Reefer,2025-05-22,2025-05-25,2025-05-27,3,True,2
CNT06444,2,Hazardous,2025-04-28,2025-05-01,2025-05-03,3,True,2
CNT06445,2,General,2025-08-03,2025-08-21,2025-08-08,18,False,2
CNT06446,2,Tank,2025-05-20,2025-06-20,2025-05-25,31,False,2
CNT06447,2,Hazardous,2025-04-26,2025-04-29,2025-05-01,3,True,2
CNT06448,2,Hazardous,2025-04-09,2025-04-16,2025-04-14,7,False,2
CNT06449,2,General,2025-08-25,2025-08-26,2025-08-30,1,True,2
CNT06450,2,Tank,2025-09-12,2025-09-18,2025-09-17,6,False,2
CNT06451,2,Tank,2025-07-09,2025-07-12,2025-07-14,3,True,2
CNT06452,2,Hazardous,2025-09-16,2025-10-06,2025-09-21,20,False,2
CNT06453,2,Hazardous,2025-08-04,2025-08-09,2025-08-09,5,True,2
CNT06454,2,General,2025-08-13,2025-08-15,2025-08-18,2,True,2
CNT06455,2,Tank,2025-09-07,2025-09-14,2025-09-12,7,False,2
CNT06456,2,Tank,2025-09-27,2025-09-30,2025-10-02,3,True,2
CNT06457,2,General,2025-08-30,2025-09-05,2025-09-04,6,False,2
CNT06458,2,Tank,2025-06-05,2025-06-10,2025-06-10,5,True,2
CNT06459,2,General,2025-04-13,2025-04-29,2025-04-18,16,False,2
CNT06460,2,Tank,2025-07-03,2025-07-28,2025-07-08,25,False,2
CNT06461,2,General,2025-05-27,2025-05-31,2025-06-01,4,True,2
CNT06462,2,General,2025-09-03,2025-09-05,2025-09-08,2,True,2
CNT06463,2,General,2025-04-19,2025-04-23,2025-04-24,4,True,2
CNT06464,2,General,2025-04-04,2025-04-05,2025-04-09,1,True,2
CNT06465,2,Hazardous,2025-05-24,2025-05-30,2025-05-29,6,False,2
CNT06466,2,Tank,2025-09-15,2025-09-20,2025-09-20,5,True,2
CNT06467,2,Reefer,2025-08-04,2025-08-07,2025-08-09,3,True,2
CNT06468,2,Tank,2025-04-21,2025-04-29,2025-04-26,8,False,2
CNT06469,2,General,2025-07-29,2025-08-01,2025-08-03,3,True,2
CNT06470,2,Tank,2025-09-11,2025-09-14,2025-09-16,3,True,2
CNT06471,2,General,2025-04-16,2025-04-19,2025-04-21,3,True,2
CNT06472,2,Reefer,2025-07-02,2025-07-09,2025-07-07,7,False,2
CNT06473,2,General,2025-08-21,2025-08-27,2025-08-26,6,False,2
CNT06474,2,Hazardous,2025-07-16,2025-07-17,2025-07-21,1,True,2
CNT06475,2,General,2025-07-04,2025-07-11,2025-07-09,7,False,2
CNT06476,2,Tank,2025-04-15,2025-04-29,2025-04-20,14,False,2
CNT06477,2,Tank,2025-09-05,2025-09-12,2025-09-10,7,False,2
CNT06478,2,Hazardous,2025-06-08,2025-06-11,2025-06-13,3,True,2
CNT06479,2,General,2025-08-14,2025-08-17,2025-08-19,3,True,2
CNT06480,2,Tank,2025-04-11,2025-04-16,2025-04-16,5,True,2
CNT06481,2,Tank,2025-04-19,2025-04-22,2025-04-24,3,True,2
CNT06482,2,Tank,2025-06-17,2025-06-25,2025-06-22,8,False,2
CNT06483,2,General,2025-04-20,2025-04-30,2025-04-25,10,False,2
CNT06484,2,Reefer,2025-05-26,2025-05-29,2025-05-31,3,True,2
CNT06485,2,Tank,2025-08-11,2025-08-16,2025-08-16,5,True,2
CNT06486,2,Tank,2025-04-25,2025-05-02,2025-04-30,7,False,2
CNT06487,2,General,2025-04-26,2025-05-16,2025-05-01,20,False,2
CNT06488,2,Hazardous,2025-05-30,2025-06-08,2025-06-04,9,False,2
CNT06489,2,General,2025-08-15,2025-08-29,2025-08-20,14,False,2
CNT06490,2,Tank,2025-07-08,2025-07-10,2025-07-13,2,True,2
CNT06491,2,General,2025-05-19,2025-05-24,2025-05-24,5,True,2
CNT06492,2,Hazardous,2025-05-20,2025-05-26,2025-05-25,6,False,2
CNT06493,2,General,2025-08-13,2025-08-18,2025-08-18,5,True,2
CNT06494,2,General,2025-09-16,2025-10-03,2025-09-21,17,False,2
CNT06495,2,General,2025-06-03,2025-06-06,2025-06-08,3,True,2
CNT06496,2,General,2025-08-24,2025-09-02,2025-08-29,9,False,2
CNT06497,2,Tank,2025-09-08,2025-09-14,2025-09-13,6,False,2
CNT06498,2,Tank,2025-05-16,2025-06-08,2025-05-21,23,False,2
CNT06499,2,Tank,2025-08-21,2025-08-24,2025-08-26,3,True,2
CNT06500,2,Reefer,2025-08-21,2025-08-28,2025-08-26,7,False,2
CNT06501,2,General,2025-07-16,2025-07-18,2025-07-21,2,True,2
CNT06502,2,Tank,2025-04-28,2025-05-06,2025-05-03,8,False,2
CNT06503,2,Tank,2025-09-11,2025-09-15,2025-09-16,4,True,2
CNT06504,2,General,2025-08-26,2025-09-05,2025-08-31,10,False,2
CNT06505,2,General,2025-07-01,2025-07-10,2025-07-06,9,False,2
CNT06506,2,General,2025-09-20,2025-09-22,2025-09-25,2,True,2
CNT06507,2,Tank,2025-07-27,2025-08-06,2025-08-01,10,False,2
CNT06508,2,Tank,2025-09-27,2025-10-04,2025-10-02,7,False,2
CNT06509,2,Tank,2025-09-18,2025-09-25,2025-09-23,7,False,2
CNT06510,2,Hazardous,2025-07-19,2025-07-20,2025-07-24,1,True,2
CNT06511,2,General,2025-04-27,2025-05-04,2025-05-02,7,False,2
CNT06512,2,Hazardous,2025-05-13,2025-05-26,2025-05-18,13,False,2
CNT06513,2,Tank,2025-05-17,2025-05-21,2025-05-22,4,True,2
CNT06514,2,General,2025-08-19,2025-08-28,2025-08-24,9,False,2
CNT06515,2,General,2025-07-12,2025-07-26,2025-07-17,14,False,2
CNT06516,2,Reefer,2025-08-08,2025-08-09,2025-08-13,1,True,2
CNT06517,2,General,2025-06-26,2025-06-28,2025-07-01,2,True,2
CNT06518,2,Hazardous,2025-09-16,2025-09-22,2025-09-21,6,False,2
CNT06519,2,General,2025-05-11,2025-05-17,2025-05-16,6,False,2
CNT06520,2,Hazardous,2025-08-15,2025-08-18,2025-08-20,3,True,2
CNT06521,2,Tank,2025-09-01,2025-09-06,2025-09-06,5,True,2
CNT06522,2,Hazardous,2025-07-23,2025-07-30,2025-07-28,7,False,2
CNT06523,2,Tank,2025-06-30,2025-07-04,2025-07-05,4,True,2
CNT06524,2,General,2025-06-20,2025-06-24,2025-06-25,4,True,2
CNT06525,2,Tank,2025-08-19,2025-08-24,2025-08-24,5,True,2
CNT06526,2,Tank,2025-06-23,2025-06-25,2025-06-28,2,True,2
CNT06527,2,Hazardous,2025-07-05,2025-07-24,2025-07-10,19,False,2
CNT06528,2,General,2025-07-15,2025-07-16,2025-07-20,1,True,2
CNT06529,2,General,2025-09-10,2025-09-12,2025-09-15,2,True,2
CNT06530,2,Hazardous,2025-07-20,2025-07-22,2025-07-25,2,True,2
CNT06531,2,General,2025-06-22,2025-07-01,2025-06-27,9,False,2
CNT06532,2,General,2025-09-03,2025-09-05,2025-09-08,2,True,2
CNT06533,2,General,2025-06-01,2025-06-09,2025-06-06,8,False,2
CNT06534,2,General,2025-08-23,2025-08-29,2025-08-28,6,False,2
CNT06535,2,General,2025-08-18,2025-08-27,2025-08-23,9,False,2
CNT06536,2,General,2025-05-25,2025-06-01,2025-05-30,7,False,2
CNT06537,2,Tank,2025-07-06,2025-07-09,2025-07-11,3,True,2
CNT06538,2,Tank,2025-08-19,2025-09-10,2025-08-24,22,False,2
CNT06539,2,Tank,2025-06-05,2025-06-07,2025-06-10,2,True,2
CNT06540,2,Tank,2025-07-02,2025-07-22,2025-07-07,20,False,2
CNT06541,2,General,2025-07-25,2025-08-03,2025-07-30,9,False,2
CNT06542,2,Hazardous,2025-07-24,2025-07-28,2025-07-29,4,True,2
CNT06543,2,Reefer,2025-07-11,2025-07-14,2025-07-16,3,True,2
CNT06544,2,General,2025-04-01,2025-04-06,2025-04-06,5,True,2
CNT06545,2,General,2025-04-09,2025-04-22,2025-04-14,13,False,2
CNT06546,2,General,2025-06-12,2025-06-17,2025-06-17,5,True,2
CNT06547,2,Tank,2025-08-31,2025-09-02,2025-09-05,2,True,2
CNT06548,2,Reefer,2025-04-05,2025-04-13,2025-04-10,8,False,2
CNT06549,2,General,2025-08-11,2025-08-12,2025-08-16,1,True,2
CNT06550,2,Hazardous,2025-05-05,2025-05-08,2025-05-10,3,True,2
CNT06551,2,Reefer,2025-06-17,2025-07-17,2025-06-22,30,False,2
CNT06552,2,Reefer,2025-04-02,2025-04-25,2025-04-07,23,False,2
CNT06553,2,Tank,2025-06-16,2025-06-22,2025-06-21,6,False,2
CNT06554,2,Reefer,2025-05-27,2025-05-31,2025-06-01,4,True,2
CNT06555,2,Hazardous,2025-05-25,2025-06-06,2025-05-30,12,False,2
CNT06556,2,Tank,2025-06-20,2025-06-24,2025-06-25,4,True,2
CNT06557,2,General,2025-04-06,2025-04-09,2025-04-11,3,True,2
CNT06558,2,General,2025-09-24,2025-09-30,2025-09-29,6,False,2
CNT06559,2,General,2025-06-10,2025-06-13,2025-06-15,3,True,2
CNT06560,2,Reefer,2025-08-20,2025-08-22,2025-08-25,2,True,2
CNT06561,2,General,2025-08-09,2025-08-14,2025-08-14,5,True,2
CNT06562,2,General,2025-08-21,2025-08-28,2025-08-26,7,False,2
CNT06563,2,Tank,2025-08-25,2025-08-29,2025-08-30,4,True,2
CNT06564,2,General,2025-08-25,2025-09-16,2025-08-30,22,False,2
CNT06565,2,Hazardous,2025-05-10,2025-05-13,2025-05-15,3,True,2
CNT06566,2,Reefer,2025-04-25,2025-05-01,2025-04-30,6,False,2
CNT06567,2,General,2025-04-10,2025-04-13,2025-04-15,3,True,2
CNT06568,2,Tank,2025-07-27,2025-07-31,2025-08-01,4,True,2
CNT06569,2,Tank,2025-07-01,2025-07-14,2025-07-06,13,False,2
CNT06570,2,General,2025-05-10,2025-05-23,2025-05-15,13,False,2
CNT06571,2,General,2025-05-06,2025-05-09,2025-05-11,3,True,2
CNT06572,2,Reefer,2025-06-07,2025-06-22,2025-06-12,15,False,2
CNT06573,2,General,2025-07-03,2025-07-17,2025-07-08,14,False,2
CNT06574,2,General,2025-08-28,2025-09-02,2025-09-02,5,True,2
CNT06575,2,Tank,2025-06-03,2025-06-10,2025-06-08,7,False,2
CNT06576,2,Tank,2025-05-30,2025-06-08,2025-06-04,9,False,2
CNT06577,2,General,2025-06-05,2025-06-19,2025-06-10,14,False,2
CNT06578,2,General,2025-06-16,2025-06-22,2025-06-21,6,False,2
CNT06579,2,Tank,2025-04-24,2025-04-30,2025-04-29,6,False,2
CNT06580,2,General,2025-08-25,2025-09-06,2025-08-30,12,False,2
CNT06581,2,General,2025-07-12,2025-07-17,2025-07-17,5,True,2
CNT06582,2,Tank,2025-08-24,2025-08-29,2025-08-29,5,True,2
CNT06583,2,Tank,2025-05-26,2025-06-10,2025-05-31,15,False,2
CNT06584,2,General,2025-04-20,2025-04-28,2025-04-25,8,False,2
CNT06585,2,Tank,2025-06-23,2025-07-05,2025-06-28,12,False,2
CNT06586,2,Hazardous,2025-08-02,2025-08-06,2025-08-07,4,True,2
CNT06587,2,Reefer,2025-05-15,2025-05-27,2025-05-20,12,False,2
CNT06588,2,Hazardous,2025-08-03,2025-08-10,2025-08-08,7,False,2
CNT06589,2,Tank,2025-09-24,2025-09-30,2025-09-29,6,False,2
CNT06590,2,Tank,2025-09-27,2025-10-05,2025-10-02,8,False,2
CNT06591,2,Reefer,2025-08-26,2025-08-29,2025-08-31,3,True,2
CNT06592,2,General,2025-04-25,2025-04-30,2025-04-30,5,True,2
CNT06593,2,Tank,2025-08-31,2025-09-05,2025-09-05,5,True,2
CNT06594,2,Tank,2025-09-12,2025-09-22,2025-09-17,10,False,2
CNT06595,2,General,2025-06-16,2025-06-24,2025-06-21,8,False,2
CNT06596,2,General,2025-04-10,2025-04-18,2025-04-15,8,False,2
CNT06597,2,General,2025-08-26,2025-09-03,2025-08-31,8,False,2
CNT06598,2,General,2025-07-07,2025-07-15,2025-07-12,8,False,2
CNT06599,2,Tank,2025-04-21,2025-04-29,2025-04-26,8,False,2
CNT06600,2,Tank,2025-04-15,2025-04-18,2025-04-20,3,True,2
CNT06601,2,General,2025-06-25,2025-07-04,2025-06-30,9,False,2
CNT06602,2,Hazardous,2025-06-29,2025-07-13,2025-07-04,14,False,2
CNT06603,2,Tank,2025-07-21,2025-07-24,2025-07-26,3,True,2
CNT06604,2,General,2025-07-16,2025-07-20,2025-07-21,4,True,2
CNT06605,2,General,2025-05-01,2025-05-03,2025-05-06,2,True,2
CNT06606,2,Tank,2025-05-29,2025-06-01,2025-06-03,3,True,2
CNT06607,2,General,2025-09-15,2025-09-23,2025-09-20,8,False,2
CNT06608,2,Tank,2025-09-02,2025-09-15,2025-09-07,13,False,2
CNT06609,2,Tank,2025-04-03,2025-04-07,2025-04-08,4,True,2
CNT06610,2,Reefer,2025-09-10,2025-09-12,2025-09-15,2,True,2
CNT06611,2,Tank,2025-09-09,2025-09-14,2025-09-14,5,True,2
CNT06612,2,Hazardous,2025-07-07,2025-07-09,2025-07-12,2,True,2
CNT06613,2,Hazardous,2025-04-14,2025-04-24,2025-04-19,10,False,2
CNT06614,2,General,2025-06-18,2025-06-25,2025-06-23,7,False,2
CNT06615,2,Tank,2025-08-13,2025-08-14,2025-08-18,1,True,2
CNT06616,2,General,2025-04-11,2025-04-17,2025-04-16,6,False,2
CNT06617,2,Tank,2025-06-21,2025-06-24,2025-06-26,3,True,2
CNT06618,2,Hazardous,2025-08-17,2025-08-20,2025-08-22,3,True,2
CNT06619,2,Tank,2025-08-23,2025-09-02,2025-08-28,10,False,2
CNT06620,2,Tank,2025-05-09,2025-05-26,2025-05-14,17,False,2
CNT06621,2,General,2025-06-23,2025-06-29,2025-06-28,6,False,2
CNT06622,2,Reefer,2025-08-07,2025-08-11,2025-08-12,4,True,2
CNT06623,2,Tank,2025-09-26,2025-10-03,2025-10-01,7,False,2
CNT06624,2,Hazardous,2025-05-27,2025-06-01,2025-06-01,5,True,2
CNT06625,2,Tank,2025-05-10,2025-05-15,2025-05-15,5,True,2
CNT06626,2,Tank,2025-04-13,2025-04-18,2025-04-18,5,True,2
CNT06627,2,Tank,2025-09-20,2025-09-22,2025-09-25,2,True,2
CNT06628,2,Tank,2025-07-10,2025-07-20,2025-07-15,10,False,2
CNT06629,2,Tank,2025-07-24,2025-07-26,2025-07-29,2,True,2
CNT06630,2,General,2025-08-31,2025-09-16,2025-09-05,16,False,2
CNT06631,2,General,2025-08-26,2025-09-03,2025-08-31,8,False,2
CNT06632,2,Reefer,2025-08-08,2025-08-10,2025-08-13,2,True,2
CNT06633,2,Tank,2025-04-24,2025-05-04,2025-04-29,10,False,2
CNT06634,2,Tank,2025-05-27,2025-06-20,2025-06-01,24,False,2
CNT06635,2,Reefer,2025-07-20,2025-07-22,2025-07-25,2,True,2
CNT06636,2,General,2025-06-14,2025-06-27,2025-06-19,13,False,2
CNT06637,2,Reefer,2025-07-10,2025-08-05,2025-07-15,26,False,2
CNT06638,2,Reefer,2025-05-08,2025-05-12,2025-05-13,4,True,2
CNT06639,2,Tank,2025-05-04,2025-05-08,2025-05-09,4,True,2
CNT06640,2,Tank,2025-06-26,2025-07-05,2025-07-01,9,False,2
CNT06641,2,General,2025-04-22,2025-04-27,2025-04-27,5,True,2
CNT06642,2,Hazardous,2025-07-31,2025-08-02,2025-08-05,2,True,2
CNT06643,2,Tank,2025-08-25,2025-09-11,2025-08-30,17,False,2
CNT06644,2,Hazardous,2025-04-13,2025-04-22,2025-04-18,9,False,2
CNT06645,2,Tank,2025-08-19,2025-09-08,2025-08-24,20,False,2
CNT06646,2,Tank,2025-07-12,2025-07-14,2025-07-17,2,True,2
CNT06647,2,General,2025-06-07,2025-06-09,2025-06-12,2,True,2
CNT06648,2,Reefer,2025-04-22,2025-05-02,2025-04-27,10,False,2
CNT06649,2,Tank,2025-07-12,2025-07-15,2025-07-17,3,True,2
CNT06650,2,Hazardous,2025-08-07,2025-08-12,2025-08-12,5,True,2
CNT06651,2,General,2025-07-21,2025-07-26,2025-07-26,5,True,2
CNT06652,2,Reefer,2025-09-26,2025-10-01,2025-10-01,5,True,2
CNT06653,2,Hazardous,2025-05-04,2025-05-05,2025-05-09,1,True,2
CNT06654,2,General,2025-05-05,2025-05-09,2025-05-10,4,True,2
CNT06655,2,Hazardous,2025-08-02,2025-08-14,2025-08-07,12,False,2
CNT06656,2,Tank,2025-08-22,2025-08-27,2025-08-27,5,True,2
CNT06657,2,Hazardous,2025-05-21,2025-06-02,2025-05-26,12,False,2
CNT06658,2,General,2025-08-03,2025-08-05,2025-08-08,2,True,2
CNT06659,2,Tank,2025-07-11,2025-07-12,2025-07-16,1,True,2
CNT06660,2,Reefer,2025-09-14,2025-09-15,2025-09-19,1,True,2
CNT06661,2,Tank,2025-08-25,2025-08-30,2025-08-30,5,True,2
CNT06662,2,Tank,2025-05-21,2025-05-23,2025-05-26,2,True,2
CNT06663,2,Tank,2025-08-22,2025-08-30,2025-08-27,8,False,2
CNT06664,2,Tank,2025-09-05,2025-09-13,2025-09-10,8,False,2
CNT06665,2,General,2025-08-13,2025-08-16,2025-08-18,3,True,2
CNT06666,2,Hazardous,2025-06-03,2025-06-10,2025-06-08,7,False,2
CNT06667,2,Hazardous,2025-06-02,2025-06-06,2025-06-07,4,True,2
CNT06668,2,Reefer,2025-04-19,2025-04-21,2025-04-24,2,True,2
CNT06669,2,Tank,2025-06-08,2025-06-13,2025-06-13,5,True,2
CNT06670,2,Tank,2025-07-20,2025-07-25,2025-07-25,5,True,2
CNT06671,2,Tank,2025-06-22,2025-06-24,2025-06-27,2,True,2
CNT06672,2,Hazardous,2025-09-23,2025-10-03,2025-09-28,10,False,2
CNT06673,2,Tank,2025-08-26,2025-09-04,2025-08-31,9,False,2
CNT06674,2,Reefer,2025-04-23,2025-04-26,2025-04-28,3,True,2
CNT06675,2,Hazardous,2025-04-29,2025-05-06,2025-05-04,7,False,2
CNT06676,2,Tank,2025-09-19,2025-09-24,2025-09-24,5,True,2
CNT06677,2,Tank,2025-07-15,2025-07-25,2025-07-20,10,False,2
CNT06678,2,General,2025-07-18,2025-07-21,2025-07-23,3,True,2
CNT06679,2,Tank,2025-07-03,2025-07-09,2025-07-08,6,False,2
CNT06680,2,Tank,2025-06-29,2025-06-30,2025-07-04,1,True,2
CNT06681,2,Hazardous,2025-05-19,2025-05-28,2025-05-24,9,False,2
CNT06682,2,General,2025-06-22,2025-06-25,2025-06-27,3,True,2
CNT06683,2,Reefer,2025-06-28,2025-07-01,2025-07-03,3,True,2
CNT06684,2,General,2025-08-31,2025-09-03,2025-09-05,3,True,2
CNT06685,2,Tank,2025-09-15,2025-09-21,2025-09-20,6,False,2
CNT06686,2,General,2025-04-07,2025-04-14,2025-04-12,7,False,2
CNT06687,2,Reefer,2025-06-18,2025-06-21,2025-06-23,3,True,2
CNT06688,2,Tank,2025-05-14,2025-05-21,2025-05-19,7,False,2
CNT06689,2,General,2025-06-29,2025-07-06,2025-07-04,7,False,2
CNT06690,2,Hazardous,2025-09-05,2025-09-15,2025-09-10,10,False,2
CNT06691,2,General,2025-07-23,2025-07-24,2025-07-28,1,True,2
CNT06692,2,Tank,2025-09-07,2025-09-10,2025-09-12,3,True,2
CNT06693,2,Tank,2025-05-08,2025-05-13,2025-05-13,5,True,2
CNT06694,2,General,2025-07-22,2025-07-31,2025-07-27,9,False,2
CNT06695,2,Hazardous,2025-04-12,2025-04-19,2025-04-17,7,False,2
CNT06696,2,General,2025-05-30,2025-06-07,2025-06-04,8,False,2
CNT06697,2,Reefer,2025-05-22,2025-06-07,2025-05-27,16,False,2
CNT06698,2,General,2025-09-23,2025-09-30,2025-09-28,7,False,2
CNT06699,2,Tank,2025-07-05,2025-07-09,2025-07-10,4,True,2
CNT06700,2,General,2025-05-10,2025-05-15,2025-05-15,5,True,2
CNT06701,2,Hazardous,2025-04-22,2025-04-30,2025-04-27,8,False,2
CNT06702,2,General,2025-04-29,2025-05-05,2025-05-04,6,False,2
CNT06703,2,General,2025-04-14,2025-05-10,2025-04-19,26,False,2
CNT06704,2,Tank,2025-06-02,2025-06-05,2025-06-07,3,True,2
CNT06705,2,Hazardous,2025-09-06,2025-09-14,2025-09-11,8,False,2
CNT06706,2,Tank,2025-05-08,2025-05-13,2025-05-13,5,True,2
CNT06707,2,General,2025-06-13,2025-06-18,2025-06-18,5,True,2
CNT06708,2,Tank,2025-04-04,2025-04-20,2025-04-09,16,False,2
CNT06709,2,General,2025-06-27,2025-06-30,2025-07-02,3,True,2
CNT06710,2,Hazardous,2025-09-25,2025-10-06,2025-09-30,11,False,2
CNT06711,2,General,2025-04-29,2025-05-03,2025-05-04,4,True,2
CNT06712,2,Hazardous,2025-06-18,2025-06-22,2025-06-23,4,True,2
CNT06713,2,Reefer,2025-07-25,2025-07-28,2025-07-30,3,True,2
CNT06714,2,General,2025-07-30,2025-08-01,2025-08-04,2,True,2
CNT06715,2,General,2025-04-06,2025-04-10,2025-04-11,4,True,2
CNT06716,2,Hazardous,2025-06-24,2025-07-03,2025-06-29,9,False,2
CNT06717,2,Tank,2025-05-24,2025-06-01,2025-05-29,8,False,2
CNT06718,2,General,2025-08-16,2025-08-21,2025-08-21,5,True,2
CNT06719,2,Hazardous,2025-05-25,2025-06-04,2025-05-30,10,False,2
CNT06720,2,General,2025-05-23,2025-05-28,2025-05-28,5,True,2
CNT06721,2,General,2025-08-18,2025-08-25,2025-08-23,7,False,2
CNT06722,2,General,2025-08-12,2025-08-20,2025-08-17,8,False,2
CNT06723,2,General,2025-06-06,2025-06-07,2025-06-11,1,True,2
CNT06724,2,Reefer,2025-08-19,2025-08-21,2025-08-24,2,True,2
CNT06725,2,General,2025-08-02,2025-08-05,2025-08-07,3,True,2
CNT06726,2,Tank,2025-09-07,2025-09-13,2025-09-12,6,False,2
CNT06727,2,General,2025-05-07,2025-05-21,2025-05-12,14,False,2
CNT06728,2,Tank,2025-09-25,2025-10-09,2025-09-30,14,False,2
CNT06729,2,General,2025-09-26,2025-10-03,2025-10-01,7,False,2
CNT06730,2,Hazardous,2025-09-19,2025-09-23,2025-09-24,4,True,2
CNT06731,2,General,2025-04-05,2025-04-08,2025-04-10,3,True,2
CNT06732,2,Tank,2025-07-06,2025-07-14,2025-07-11,8,False,2
CNT06733,2,General,2025-08-28,2025-08-31,2025-09-02,3,True,2
CNT06734,2,General,2025-09-17,2025-09-20,2025-09-22,3,True,2
CNT06735,2,General,2025-08-13,2025-08-22,2025-08-18,9,False,2
CNT06736,2,Tank,2025-04-12,2025-04-15,2025-04-17,3,True,2
CNT06737,2,Hazardous,2025-06-05,2025-06-13,2025-06-10,8,False,2
CNT06738,2,Hazardous,2025-05-14,2025-05-23,2025-05-19,9,False,2
CNT06739,2,Tank,2025-04-16,2025-04-19,2025-04-21,3,True,2
CNT06740,2,General,2025-06-12,2025-06-22,2025-06-17,10,False,2
CNT06741,2,General,2025-05-22,2025-05-25,2025-05-27,3,True,2
CNT06742,2,Reefer,2025-09-26,2025-09-28,2025-10-01,2,True,2
CNT06743,2,Hazardous,2025-09-06,2025-09-11,2025-09-11,5,True,2
CNT06744,2,Hazardous,2025-06-09,2025-06-14,2025-06-14,5,True,2
CNT06745,2,Hazardous,2025-04-14,2025-04-16,2025-04-19,2,True,2
CNT06746,2,General,2025-07-29,2025-08-15,2025-08-03,17,False,2
CNT06747,2,General,2025-09-15,2025-09-17,2025-09-20,2,True,2
CNT06748,2,General,2025-04-03,2025-04-08,2025-04-08,5,True,2
CNT06749,2,General,2025-04-18,2025-04-22,2025-04-23,4,True,2
CNT06750,2,General,2025-07-09,2025-07-13,2025-07-14,4,True,2
CNT06751,2,Tank,2025-09-17,2025-09-20,2025-09-22,3,True,2
CNT06752,2,General,2025-06-09,2025-06-15,2025-06-14,6,False,2
CNT06753,2,Tank,2025-09-17,2025-09-19,2025-09-22,2,True,2
CNT06754,2,General,2025-09-16,2025-09-18,2025-09-21,2,True,2
CNT06755,2,General,2025-07-02,2025-07-09,2025-07-07,7,False,2
CNT06756,2,Tank,2025-04-28,2025-04-29,2025-05-03,1,True,2
CNT06757,2,Tank,2025-04-05,2025-04-15,2025-04-10,10,False,2
CNT06758,2,General,2025-06-14,2025-06-18,2025-06-19,4,True,2
CNT06759,2,General,2025-09-14,2025-09-18,2025-09-19,4,True,2
CNT06760,2,Tank,2025-07-08,2025-07-16,2025-07-13,8,False,2
CNT06761,2,Hazardous,2025-05-30,2025-06-08,2025-06-04,9,False,2
CNT06762,2,General,2025-07-07,2025-07-14,2025-07-12,7,False,2
CNT06763,2,General,2025-08-09,2025-08-27,2025-08-14,18,False,2
CNT06764,2,Reefer,2025-04-26,2025-05-02,2025-05-01,6,False,2
CNT06765,2,Tank,2025-06-20,2025-06-26,2025-06-25,6,False,2
CNT06766,2,Hazardous,2025-08-03,2025-08-11,2025-08-08,8,False,2
CNT06767,2,Reefer,2025-08-31,2025-09-04,2025-09-05,4,True,2
CNT06768,2,General,2025-08-15,2025-08-27,2025-08-20,12,False,2
CNT06769,2,Tank,2025-04-23,2025-04-27,2025-04-28,4,True,2
CNT06770,2,General,2025-05-18,2025-06-09,2025-05-23,22,False,2
CNT06771,2,Reefer,2025-05-21,2025-05-26,2025-05-26,5,True,2
CNT06772,2,Tank,2025-08-07,2025-08-14,2025-08-12,7,False,2
CNT06773,2,Tank,2025-07-27,2025-08-01,2025-08-01,5,True,2
CNT06774,2,Tank,2025-08-22,2025-08-28,2025-08-27,6,False,2
CNT06775,2,Tank,2025-04-06,2025-04-16,2025-04-11,10,False,2
CNT06776,2,Tank,2025-04-11,2025-04-14,2025-04-16,3,True,2
CNT06777,2,General,2025-06-03,2025-06-19,2025-06-08,16,False,2
CNT06778,2,Hazardous,2025-08-14,2025-08-21,2025-08-19,7,False,2
CNT06779,2,General,2025-06-18,2025-07-04,2025-06-23,16,False,2
CNT06780,2,Reefer,2025-06-25,2025-07-01,2025-06-30,6,False,2
CNT06781,2,Hazardous,2025-08-04,2025-08-13,2025-08-09,9,False,2
CNT06782,2,Hazardous,2025-07-10,2025-07-13,2025-07-15,3,True,2
CNT06783,2,Tank,2025-05-11,2025-05-15,2025-05-16,4,True,2
CNT06784,2,General,2025-04-05,2025-04-08,2025-04-10,3,True,2
CNT06785,2,Reefer,2025-06-28,2025-07-29,2025-07-03,31,False,2
CNT06786,2,Hazardous,2025-09-23,2025-10-03,2025-09-28,10,False,2
CNT06787,2,Tank,2025-06-30,2025-07-12,2025-07-05,12,False,2
CNT06788,2,Hazardous,2025-06-30,2025-07-05,2025-07-05,5,True,2
CNT06789,2,Reefer,2025-09-08,2025-09-10,2025-09-13,2,True,2
CNT06790,2,General,2025-06-17,2025-07-01,2025-06-22,14,False,2
CNT06791,2,General,2025-05-31,2025-06-07,2025-06-05,7,False,2
CNT06792,2,General,2025-08-07,2025-08-11,2025-08-12,4,True,2
CNT06793,2,Reefer,2025-06-10,2025-06-21,2025-06-15,11,False,2
CNT06794,2,Reefer,2025-04-16,2025-04-21,2025-04-21,5,True,2
CNT06795,2,General,2025-09-08,2025-09-09,2025-09-13,1,True,2
CNT06796,2,Tank,2025-06-05,2025-06-06,2025-06-10,1,True,2
CNT06797,2,Reefer,2025-07-09,2025-07-30,2025-07-14,21,False,2
CNT06798,2,General,2025-04-08,2025-04-24,2025-04-13,16,False,2
CNT06799,2,General,2025-08-21,2025-08-27,2025-08-26,6,False,2
CNT06800,2,Hazardous,2025-06-11,2025-06-15,2025-06-16,4,True,2
CNT06801,2,General,2025-05-28,2025-06-03,2025-06-02,6,False,2
CNT06802,2,Tank,2025-05-09,2025-05-18,2025-05-14,9,False,2
CNT06803,2,General,2025-06-27,2025-07-03,2025-07-02,6,False,2
CNT06804,2,General,2025-07-10,2025-07-23,2025-07-15,13,False,2
CNT06805,2,General,2025-09-16,2025-09-18,2025-09-21,2,True,2
CNT06806,2,General,2025-05-06,2025-05-18,2025-05-11,12,False,2
CNT06807,2,Hazardous,2025-04-23,2025-05-05,2025-04-28,12,False,2
CNT06808,2,Tank,2025-07-07,2025-07-10,2025-07-12,3,True,2
CNT06809,2,General,2025-08-12,2025-08-14,2025-08-17,2,True,2
CNT06810,2,General,2025-09-21,2025-09-26,2025-09-26,5,True,2
CNT06811,2,Hazardous,2025-09-04,2025-09-10,2025-09-09,6,False,2
CNT06812,2,Hazardous,2025-09-08,2025-09-12,2025-09-13,4,True,2
CNT06813,2,General,2025-09-23,2025-10-01,2025-09-28,8,False,2
CNT06814,2,General,2025-05-29,2025-06-14,2025-06-03,16,False,2
CNT06815,2,Reefer,2025-07-16,2025-07-20,2025-07-21,4,True,2
CNT06816,2,Hazardous,2025-06-01,2025-06-03,2025-06-06,2,True,2
CNT06817,2,Tank,2025-08-25,2025-08-30,2025-08-30,5,True,2
CNT06818,2,General,2025-05-10,2025-05-11,2025-05-15,1,True,2
CNT06819,2,Reefer,2025-07-19,2025-07-22,2025-07-24,3,True,2
CNT06820,2,General,2025-06-19,2025-06-22,2025-06-24,3,True,2
CNT06821,2,General,2025-09-02,2025-09-05,2025-09-07,3,True,2
CNT06822,2,Hazardous,2025-06-24,2025-07-02,2025-06-29,8,False,2
CNT06823,2,General,2025-07-24,2025-07-30,2025-07-29,6,False,2
CNT06824,2,Reefer,2025-08-17,2025-09-03,2025-08-22,17,False,2
CNT06825,2,General,2025-05-04,2025-05-06,2025-05-09,2,True,2
CNT06826,2,Reefer,2025-05-23,2025-05-25,2025-05-28,2,True,2
CNT06827,2,Reefer,2025-09-15,2025-09-28,2025-09-20,13,False,2
CNT06828,2,General,2025-05-06,2025-05-13,2025-05-11,7,False,2
CNT06829,2,Hazardous,2025-08-27,2025-09-11,2025-09-01,15,False,2
CNT06830,2,General,2025-08-17,2025-08-21,2025-08-22,4,True,2
CNT06831,2,Tank,2025-09-23,2025-09-27,2025-09-28,4,True,2
CNT06832,2,Hazardous,2025-05-22,2025-05-25,2025-05-27,3,True,2
CNT06833,2,General,2025-05-06,2025-05-11,2025-05-11,5,True,2
CNT06834,2,General,2025-06-19,2025-06-23,2025-06-24,4,True,2
CNT06835,2,Tank,2025-09-24,2025-10-02,2025-09-29,8,False,2
CNT06836,2,General,2025-09-28,2025-10-17,2025-10-03,19,False,2
CNT06837,2,Reefer,2025-08-13,2025-08-19,2025-08-18,6,False,2
CNT06838,2,Hazardous,2025-05-05,2025-05-08,2025-05-10,3,True,2
CNT06839,2,General,2025-07-20,2025-07-27,2025-07-25,7,False,2
CNT06840,2,Tank,2025-05-08,2025-05-16,2025-05-13,8,False,2
CNT06841,2,Tank,2025-09-15,2025-09-22,2025-09-20,7,False,2
CNT06842,2,Tank,2025-08-23,2025-08-29,2025-08-28,6,False,2
CNT06843,2,General,2025-05-11,2025-05-15,2025-05-16,4,True,2
CNT06844,2,General,2025-06-21,2025-06-28,2025-06-26,7,False,2
CNT06845,2,Tank,2025-04-18,2025-04-21,2025-04-23,3,True,2
CNT06846,2,General,2025-08-21,2025-08-23,2025-08-26,2,True,2
CNT06847,2,Hazardous,2025-08-15,2025-08-25,2025-08-20,10,False,2
CNT06848,2,General,2025-05-01,2025-05-04,2025-05-06,3,True,2
CNT06849,2,Reefer,2025-05-18,2025-05-19,2025-05-23,1,True,2
CNT06850,2,General,2025-06-21,2025-06-28,2025-06-26,7,False,2
CNT06851,2,Reefer,2025-05-08,2025-05-13,2025-05-13,5,True,2
CNT06852,2,Tank,2025-04-08,2025-04-13,2025-04-13,5,True,2
CNT06853,2,Hazardous,2025-06-21,2025-07-06,2025-06-26,15,False,2
CNT06854,2,Hazardous,2025-07-15,2025-07-18,2025-07-20,3,True,2
CNT06855,2,General,2025-07-15,2025-07-19,2025-07-20,4,True,2
CNT06856,2,General,2025-06-17,2025-06-18,2025-06-22,1,True,2
CNT06857,2,Hazardous,2025-07-23,2025-07-27,2025-07-28,4,True,2
CNT06858,2,General,2025-09-11,2025-09-12,2025-09-16,1,True,2
CNT06859,2,Hazardous,2025-06-10,2025-06-15,2025-06-15,5,True,2
CNT06860,2,General,2025-05-09,2025-05-10,2025-05-14,1,True,2
CNT06861,2,Tank,2025-05-19,2025-05-22,2025-05-24,3,True,2
CNT06862,2,General,2025-04-28,2025-05-04,2025-05-03,6,False,2
CNT06863,2,General,2025-05-04,2025-05-09,2025-05-09,5,True,2
CNT06864,2,Hazardous,2025-05-18,2025-05-26,2025-05-23,8,False,2
CNT06865,2,General,2025-04-07,2025-04-11,2025-04-12,4,True,2
CNT06866,2,Hazardous,2025-09-04,2025-09-20,2025-09-09,16,False,2
CNT06867,2,Tank,2025-09-05,2025-09-07,2025-09-10,2,True,2
CNT06868,2,Reefer,2025-06-08,2025-06-13,2025-06-13,5,True,2
CNT06869,2,Hazardous,2025-09-03,2025-09-10,2025-09-08,7,False,2
CNT06870,2,General,2025-08-24,2025-09-06,2025-08-29,13,False,2
CNT06871,2,General,2025-09-04,2025-09-07,2025-09-09,3,True,2
CNT06872,2,Reefer,2025-05-30,2025-05-31,2025-06-04,1,True,2
CNT06873,2,Reefer,2025-08-31,2025-09-03,2025-09-05,3,True,2
CNT06874,2,Tank,2025-05-30,2025-06-10,2025-06-04,11,False,2
CNT06875,2,General,2025-05-30,2025-06-03,2025-06-04,4,True,2
CNT06876,2,Hazardous,2025-09-23,2025-09-28,2025-09-28,5,True,2
CNT06877,2,Tank,2025-04-07,2025-04-15,2025-04-12,8,False,2
CNT06878,2,General,2025-07-01,2025-07-11,2025-07-06,10,False,2
CNT06879,2,General,2025-04-21,2025-04-24,2025-04-26,3,True,2
CNT06880,2,General,2025-09-24,2025-10-31,2025-09-29,37,False,2
CNT06881,2,General,2025-08-01,2025-08-03,2025-08-06,2,True,2
CNT06882,2,General,2025-05-05,2025-05-07,2025-05-10,2,True,2
CNT06883,2,General,2025-08-07,2025-08-10,2025-08-12,3,True,2
CNT06884,2,General,2025-09-02,2025-09-03,2025-09-07,1,True,2
CNT06885,2,Hazardous,2025-07-30,2025-08-04,2025-08-04,5,True,2
CNT06886,2,General,2025-09-14,2025-09-19,2025-09-19,5,True,2
CNT06887,2,Reefer,2025-07-05,2025-07-09,2025-07-10,4,True,2
CNT06888,2,General,2025-05-18,2025-05-22,2025-05-23,4,True,2
CNT06889,2,Hazardous,2025-07-09,2025-07-18,2025-07-14,9,False,2
CNT06890,2,General,2025-08-04,2025-08-18,2025-08-09,14,False,2
CNT06891,2,General,2025-07-31,2025-08-04,2025-08-05,4,True,2
CNT06892,2,Reefer,2025-05-06,2025-05-10,2025-05-11,4,True,2
CNT06893,2,General,2025-05-12,2025-05-15,2025-05-17,3,True,2
CNT06894,2,Reefer,2025-05-20,2025-05-22,2025-05-25,2,True,2
CNT06895,2,Tank,2025-05-28,2025-06-12,2025-06-02,15,False,2
CNT06896,2,General,2025-04-09,2025-04-10,2025-04-14,1,True,2
CNT06897,2,Hazardous,2025-07-14,2025-07-18,2025-07-19,4,True,2
CNT06898,2,General,2025-04-04,2025-04-06,2025-04-09,2,True,2
CNT06899,2,General,2025-06-09,2025-06-19,2025-06-14,10,False,2
CNT06900,2,General,2025-07-15,2025-07-25,2025-07-20,10,False,2
CNT06901,2,Hazardous,2025-05-27,2025-06-02,2025-06-01,6,False,2
CNT06902,2,General,2025-09-19,2025-10-05,2025-09-24,16,False,2
CNT06903,2,Tank,2025-05-22,2025-05-28,2025-05-27,6,False,2
CNT06904,2,General,2025-05-23,2025-05-28,2025-05-28,5,True,2
CNT06905,2,Reefer,2025-04-17,2025-04-21,2025-04-22,4,True,2
CNT06906,2,General,2025-05-16,2025-05-18,2025-05-21,2,True,2
CNT06907,2,General,2025-07-22,2025-07-27,2025-07-27,5,True,2
CNT06908,2,General,2025-09-05,2025-09-22,2025-09-10,17,False,2
CNT06909,2,Tank,2025-08-04,2025-08-08,2025-08-09,4,True,2
CNT06910,2,Tank,2025-09-24,2025-09-29,2025-09-29,5,True,2
CNT06911,2,General,2025-06-23,2025-06-26,2025-06-28,3,True,2
CNT06912,2,General,2025-07-27,2025-07-30,2025-08-01,3,True,2
CNT06913,2,General,2025-06-03,2025-06-08,2025-06-08,5,True,2
CNT06914,2,Tank,2025-07-19,2025-07-25,2025-07-24,6,False,2
CNT06915,2,Reefer,2025-07-13,2025-08-03,2025-07-18,21,False,2
CNT06916,2,Reefer,2025-04-11,2025-04-14,2025-04-16,3,True,2
CNT06917,2,General,2025-09-03,2025-09-05,2025-09-08,2,True,2
CNT06918,2,Tank,2025-07-07,2025-07-10,2025-07-12,3,True,2
CNT06919,2,Reefer,2025-06-20,2025-07-03,2025-06-25,13,False,2
CNT06920,2,General,2025-07-10,2025-07-13,2025-07-15,3,True,2
CNT06921,2,General,2025-09-04,2025-09-14,2025-09-09,10,False,2
CNT06922,2,General,2025-08-25,2025-09-03,2025-08-30,9,False,2
CNT06923,2,General,2025-08-31,2025-09-03,2025-09-05,3,True,2
CNT06924,2,Tank,2025-08-16,2025-08-22,2025-08-21,6,False,2
CNT06925,2,General,2025-08-13,2025-08-21,2025-08-18,8,False,2
CNT06926,2,Reefer,2025-09-12,2025-09-14,2025-09-17,2,True,2
CNT06927,2,General,2025-09-28,2025-10-12,2025-10-03,14,False,2
CNT06928,2,Tank,2025-04-10,2025-04-12,2025-04-15,2,True,2
CNT06929,2,General,2025-08-12,2025-08-13,2025-08-17,1,True,2
CNT06930,2,Hazardous,2025-04-28,2025-05-05,2025-05-03,7,False,2
CNT06931,2,General,2025-07-25,2025-07-29,2025-07-30,4,True,2
CNT06932,2,Reefer,2025-07-26,2025-07-29,2025-07-31,3,True,2
CNT06933,2,General,2025-04-11,2025-04-20,2025-04-16,9,False,2
CNT06934,2,General,2025-06-02,2025-06-07,2025-06-07,5,True,2
CNT06935,2,Reefer,2025-08-11,2025-08-29,2025-08-16,18,False,2
CNT06936,2,General,2025-08-16,2025-08-19,2025-08-21,3,True,2
CNT06937,2,Reefer,2025-07-11,2025-07-16,2025-07-16,5,True,2
CNT06938,2,Tank,2025-04-11,2025-04-25,2025-04-16,14,False,2
CNT06939,2,Reefer,2025-08-21,2025-08-26,2025-08-26,5,True,2
CNT06940,2,Tank,2025-07-09,2025-07-16,2025-07-14,7,False,2
CNT06941,2,Hazardous,2025-08-11,2025-09-08,2025-08-16,28,False,2
CNT06942,2,Hazardous,2025-09-09,2025-09-14,2025-09-14,5,True,2
CNT06943,2,Hazardous,2025-04-13,2025-04-15,2025-04-18,2,True,2
CNT06944,2,Hazardous,2025-05-19,2025-05-23,2025-05-24,4,True,2
CNT06945,2,Reefer,2025-06-14,2025-06-22,2025-06-19,8,False,2
CNT06946,2,General,2025-07-22,2025-07-26,2025-07-27,4,True,2
CNT06947,2,Reefer,2025-07-11,2025-07-13,2025-07-16,2,True,2
CNT06948,2,Reefer,2025-06-17,2025-06-22,2025-06-22,5,True,2
CNT06949,2,General,2025-06-13,2025-06-22,2025-06-18,9,False,2
CNT06950,2,Reefer,2025-07-28,2025-07-30,2025-08-02,2,True,2
CNT06951,2,Tank,2025-05-13,2025-05-17,2025-05-18,4,True,2
CNT06952,2,Hazardous,2025-07-18,2025-07-20,2025-07-23,2,True,2
CNT06953,2,Tank,2025-06-15,2025-06-29,2025-06-20,14,False,2
CNT06954,2,Hazardous,2025-09-04,2025-09-08,2025-09-09,4,True,2
CNT06955,2,Hazardous,2025-04-14,2025-04-17,2025-04-19,3,True,2
CNT06956,2,General,2025-09-24,2025-09-27,2025-09-29,3,True,2
CNT06957,2,Tank,2025-08-11,2025-08-16,2025-08-16,5,True,2
CNT06958,2,General,2025-05-07,2025-05-21,2025-05-12,14,False,2
CNT06959,2,Hazardous,2025-07-28,2025-08-04,2025-08-02,7,False,2
CNT06960,2,Hazardous,2025-09-13,2025-09-15,2025-09-18,2,True,2
CNT06961,2,General,2025-07-25,2025-07-28,2025-07-30,3,True,2
CNT06962,2,Hazardous,2025-04-24,2025-04-30,2025-04-29,6,False,2
CNT06963,2,Reefer,2025-08-07,2025-08-10,2025-08-12,3,True,2
CNT06964,2,General,2025-04-29,2025-05-11,2025-05-04,12,False,2
CNT06965,2,Tank,2025-05-17,2025-05-23,2025-05-22,6,False,2
CNT06966,2,General,2025-08-28,2025-09-12,2025-09-02,15,False,2
CNT06967,2,Tank,2025-09-26,2025-10-08,2025-10-01,12,False,2
CNT06968,2,General,2025-08-18,2025-08-21,2025-08-23,3,True,2
CNT06969,2,Tank,2025-05-05,2025-05-11,2025-05-10,6,False,2
CNT06970,2,Reefer,2025-07-10,2025-07-16,2025-07-15,6,False,2
CNT06971,2,Tank,2025-07-15,2025-07-21,2025-07-20,6,False,2
CNT06972,2,Hazardous,2025-06-22,2025-06-29,2025-06-27,7,False,2
CNT06973,2,Tank,2025-07-25,2025-08-05,2025-07-30,11,False,2
CNT06974,2,Hazardous,2025-04-07,2025-04-16,2025-04-12,9,False,2
CNT06975,2,Tank,2025-05-16,2025-05-17,2025-05-21,1,True,2
CNT06976,2,Tank,2025-07-26,2025-08-02,2025-07-31,7,False,2
CNT06977,2,General,2025-08-30,2025-09-06,2025-09-04,7,False,2
CNT06978,2,Tank,2025-05-22,2025-05-27,2025-05-27,5,True,2
CNT06979,2,General,2025-07-26,2025-07-29,2025-07-31,3,True,2
CNT06980,2,General,2025-04-24,2025-05-01,2025-04-29,7,False,2
CNT06981,2,Tank,2025-06-04,2025-06-08,2025-06-09,4,True,2
CNT06982,2,General,2025-06-22,2025-06-23,2025-06-27,1,True,2
CNT06983,2,General,2025-09-25,2025-09-27,2025-09-30,2,True,2
CNT06984,2,Hazardous,2025-09-14,2025-09-21,2025-09-19,7,False,2
CNT06985,2,General,2025-05-12,2025-05-20,2025-05-17,8,False,2
CNT06986,2,General,2025-05-02,2025-05-06,2025-05-07,4,True,2
CNT06987,2,General,2025-04-24,2025-05-02,2025-04-29,8,False,2
CNT06988,2,Tank,2025-04-30,2025-05-06,2025-05-05,6,False,2
CNT06989,2,General,2025-09-28,2025-10-14,2025-10-03,16,False,2
CNT06990,2,Reefer,2025-07-25,2025-07-29,2025-07-30,4,True,2
CNT06991,2,General,2025-09-10,2025-09-13,2025-09-15,3,True,2
CNT06992,2,Tank,2025-07-02,2025-07-08,2025-07-07,6,False,2
CNT06993,2,Reefer,2025-04-22,2025-04-27,2025-04-27,5,True,2
CNT06994,2,Tank,2025-08-13,2025-08-19,2025-08-18,6,False,2
CNT06995,2,Tank,2025-07-08,2025-07-14,2025-07-13,6,False,2
CNT06996,2,Hazardous,2025-08-09,2025-08-19,2025-08-14,10,False,2
CNT06997,2,Reefer,2025-09-04,2025-09-13,2025-09-09,9,False,2
CNT06998,2,Hazardous,2025-05-11,2025-05-14,2025-05-16,3,True,2
CNT06999,2,Hazardous,2025-07-06,2025-07-08,2025-07-11,2,True,2
CNT07000,2,Hazardous,2025-08-19,2025-08-26,2025-08-24,7,False,2
CNT07001,2,Hazardous,2025-07-07,2025-07-17,2025-07-12,10,False,2
CNT07002,2,Hazardous,2025-04-12,2025-04-17,2025-04-17,5,True,2
CNT07003,2,Hazardous,2025-05-14,2025-05-28,2025-05-19,14,False,2
CNT07004,2,General,2025-06-25,2025-07-01,2025-06-30,6,False,2
CNT07005,2,Hazardous,2025-08-23,2025-09-03,2025-08-28,11,False,2
CNT07006,2,Hazardous,2025-09-16,2025-09-25,2025-09-21,9,False,2
CNT07007,2,Hazardous,2025-05-09,2025-05-14,2025-05-14,5,True,2
CNT07008,2,Tank,2025-05-12,2025-05-15,2025-05-17,3,True,2
CNT07009,2,General,2025-05-08,2025-05-24,2025-05-13,16,False,2
CNT07010,2,Tank,2025-05-16,2025-05-17,2025-05-21,1,True,2
CNT07011,2,Tank,2025-04-14,2025-05-17,2025-04-19,33,False,2
CNT07012,2,Hazardous,2025-07-17,2025-07-27,2025-07-22,10,False,2
CNT07013,2,Reefer,2025-06-18,2025-06-24,2025-06-23,6,False,2
CNT07014,2,General,2025-06-19,2025-06-29,2025-06-24,10,False,2
CNT07015,2,Reefer,2025-07-24,2025-08-10,2025-07-29,17,False,2
CNT07016,2,Hazardous,2025-06-13,2025-06-15,2025-06-18,2,True,2
CNT07017,2,Reefer,2025-09-08,2025-09-11,2025-09-13,3,True,2
CNT07018,2,General,2025-05-17,2025-05-18,2025-05-22,1,True,2
CNT07019,2,General,2025-05-01,2025-05-10,2025-05-06,9,False,2
CNT07020,2,Hazardous,2025-05-04,2025-05-10,2025-05-09,6,False,2
CNT07021,2,Reefer,2025-05-22,2025-06-01,2025-05-27,10,False,2
CNT07022,2,Reefer,2025-04-01,2025-04-06,2025-04-06,5,True,2
CNT07023,2,Hazardous,2025-09-07,2025-09-11,2025-09-12,4,True,2
CNT07024,2,Hazardous,2025-06-04,2025-06-14,2025-06-09,10,False,2
CNT07025,2,General,2025-04-04,2025-04-09,2025-04-09,5,True,2
CNT07026,2,General,2025-07-27,2025-08-10,2025-08-01,14,False,2
CNT07027,2,Tank,2025-08-06,2025-08-16,2025-08-11,10,False,2
CNT07028,2,General,2025-08-06,2025-08-09,2025-08-11,3,True,2
CNT07029,2,General,2025-08-18,2025-08-25,2025-08-23,7,False,2
CNT07030,2,General,2025-04-02,2025-04-05,2025-04-07,3,True,2
CNT07031,2,Reefer,2025-09-03,2025-09-18,2025-09-08,15,False,2
CNT07032,2,Hazardous,2025-08-05,2025-08-14,2025-08-10,9,False,2
CNT07033,2,General,2025-05-31,2025-06-02,2025-06-05,2,True,2
CNT07034,2,General,2025-05-26,2025-06-03,2025-05-31,8,False,2
CNT07035,2,Tank,2025-08-29,2025-09-10,2025-09-03,12,False,2
CNT07036,2,Tank,2025-09-16,2025-10-01,2025-09-21,15,False,2
CNT07037,2,General,2025-07-31,2025-08-17,2025-08-05,17,False,2
CNT07038,2,General,2025-07-26,2025-08-08,2025-07-31,13,False,2
CNT07039,2,Tank,2025-07-14,2025-07-22,2025-07-19,8,False,2
CNT07040,2,Reefer,2025-07-23,2025-07-26,2025-07-28,3,True,2
CNT07041,2,Reefer,2025-04-21,2025-04-25,2025-04-26,4,True,2
CNT07042,2,General,2025-09-01,2025-09-09,2025-09-06,8,False,2
CNT07043,2,Reefer,2025-09-01,2025-09-08,2025-09-06,7,False,2
CNT07044,2,Reefer,2025-04-02,2025-04-08,2025-04-07,6,False,2
CNT07045,2,General,2025-06-02,2025-06-08,2025-06-07,6,False,2
CNT07046,2,Tank,2025-08-19,2025-08-26,2025-08-24,7,False,2
CNT07047,2,Tank,2025-06-11,2025-06-14,2025-06-16,3,True,2
CNT07048,2,Reefer,2025-09-06,2025-09-09,2025-09-11,3,True,2
CNT07049,2,General,2025-09-08,2025-09-17,2025-09-13,9,False,2
CNT07050,2,General,2025-08-21,2025-08-29,2025-08-26,8,False,2
CNT07051,2,Reefer,2025-05-24,2025-06-06,2025-05-29,13,False,2
CNT07052,2,Hazardous,2025-04-13,2025-04-15,2025-04-18,2,True,2
CNT07053,2,Hazardous,2025-05-18,2025-05-29,2025-05-23,11,False,2
CNT07054,2,General,2025-05-08,2025-05-13,2025-05-13,5,True,2
CNT07055,2,Hazardous,2025-04-15,2025-04-28,2025-04-20,13,False,2
CNT07056,2,General,2025-09-15,2025-10-01,2025-09-20,16,False,2
CNT07057,2,General,2025-06-29,2025-07-04,2025-07-04,5,True,2
CNT07058,2,General,2025-04-10,2025-04-15,2025-04-15,5,True,2
CNT07059,2,General,2025-05-08,2025-05-13,2025-05-13,5,True,2
CNT07060,2,General,2025-04-09,2025-04-12,2025-04-14,3,True,2
CNT07061,2,Tank,2025-09-18,2025-09-28,2025-09-23,10,False,2
CNT07062,2,General,2025-08-26,2025-08-30,2025-08-31,4,True,2
CNT07063,2,Hazardous,2025-09-02,2025-09-25,2025-09-07,23,False,2
CNT07064,2,General,2025-06-16,2025-06-26,2025-06-21,10,False,2
CNT07065,2,Tank,2025-06-24,2025-06-30,2025-06-29,6,False,2
CNT07066,2,Tank,2025-04-23,2025-04-26,2025-04-28,3,True,2
CNT07067,2,General,2025-04-13,2025-04-15,2025-04-18,2,True,2
CNT07068,2,General,2025-04-28,2025-05-14,2025-05-03,16,False,2
CNT07069,2,Tank,2025-07-16,2025-07-29,2025-07-21,13,False,2
CNT07070,2,Hazardous,2025-05-16,2025-05-20,2025-05-21,4,True,2
CNT07071,2,Hazardous,2025-05-12,2025-05-23,2025-05-17,11,False,2
CNT07072,2,Tank,2025-09-20,2025-09-23,2025-09-25,3,True,2
CNT07073,2,General,2025-06-12,2025-06-24,2025-06-17,12,False,2
CNT07074,2,Reefer,2025-09-04,2025-09-06,2025-09-09,2,True,2
CNT07075,2,General,2025-09-17,2025-09-20,2025-09-22,3,True,2
CNT07076,2,Reefer,2025-09-25,2025-10-06,2025-09-30,11,False,2
CNT07077,2,General,2025-09-27,2025-09-28,2025-10-02,1,True,2
CNT07078,2,Hazardous,2025-08-31,2025-09-05,2025-09-05,5,True,2
CNT07079,2,General,2025-08-25,2025-08-29,2025-08-30,4,True,2
CNT07080,2,Hazardous,2025-08-22,2025-08-24,2025-08-27,2,True,2
CNT07081,2,Hazardous,2025-05-16,2025-05-19,2025-05-21,3,True,2
CNT07082,2,Reefer,2025-07-26,2025-07-28,2025-07-31,2,True,2
CNT07083,2,General,2025-08-27,2025-09-02,2025-09-01,6,False,2
CNT07084,2,General,2025-07-02,2025-07-10,2025-07-07,8,False,2
CNT07085,2,General,2025-04-10,2025-04-18,2025-04-15,8,False,2
CNT07086,2,General,2025-04-24,2025-05-01,2025-04-29,7,False,2
CNT07087,2,General,2025-06-16,2025-06-25,2025-06-21,9,False,2
CNT07088,2,Reefer,2025-06-22,2025-07-07,2025-06-27,15,False,2
CNT07089,2,Tank,2025-07-04,2025-07-11,2025-07-09,7,False,2
CNT07090,2,General,2025-07-07,2025-07-10,2025-07-12,3,True,2
CNT07091,2,Reefer,2025-04-18,2025-04-23,2025-04-23,5,True,2
CNT07092,2,Hazardous,2025-07-19,2025-07-27,2025-07-24,8,False,2
CNT07093,2,General,2025-08-19,2025-08-21,2025-08-24,2,True,2
CNT07094,2,General,2025-04-17,2025-04-21,2025-04-22,4,True,2
CNT07095,2,Reefer,2025-06-14,2025-06-18,2025-06-19,4,True,2
CNT07096,2,General,2025-07-30,2025-08-06,2025-08-04,7,False,2
CNT07097,2,Tank,2025-05-05,2025-05-08,2025-05-10,3,True,2
CNT07098,2,Hazardous,2025-05-02,2025-05-07,2025-05-07,5,True,2
CNT07099,2,Reefer,2025-09-25,2025-09-29,2025-09-30,4,True,2
CNT07100,2,General,2025-06-10,2025-06-27,2025-06-15,17,False,2
CNT07101,2,Hazardous,2025-06-24,2025-06-28,2025-06-29,4,True,2
CNT07102,2,Tank,2025-08-13,2025-08-19,2025-08-18,6,False,2
CNT07103,2,Reefer,2025-07-15,2025-07-21,2025-07-20,6,False,2
CNT07104,2,Tank,2025-08-13,2025-08-19,2025-08-18,6,False,2
CNT07105,2,Hazardous,2025-05-24,2025-05-30,2025-05-29,6,False,2
CNT07106,2,General,2025-09-26,2025-10-10,2025-10-01,14,False,2
CNT07107,2,Hazardous,2025-05-24,2025-05-27,2025-05-29,3,True,2
CNT07108,2,General,2025-09-04,2025-09-09,2025-09-09,5,True,2
CNT07109,2,Tank,2025-04-15,2025-04-16,2025-04-20,1,True,2
CNT07110,2,Tank,2025-04-28,2025-04-29,2025-05-03,1,True,2
CNT07111,2,Tank,2025-08-25,2025-09-03,2025-08-30,9,False,2
CNT07112,2,Hazardous,2025-09-09,2025-09-22,2025-09-14,13,False,2
CNT07113,2,Reefer,2025-08-14,2025-08-16,2025-08-19,2,True,2
CNT07114,2,Reefer,2025-04-23,2025-04-25,2025-04-28,2,True,2
CNT07115,2,General,2025-08-02,2025-08-08,2025-08-07,6,False,2
CNT07116,2,General,2025-09-24,2025-10-02,2025-09-29,8,False,2
CNT07117,2,Tank,2025-09-02,2025-09-07,2025-09-07,5,True,2
CNT07118,2,Tank,2025-09-28,2025-09-30,2025-10-03,2,True,2
CNT07119,2,Hazardous,2025-06-13,2025-06-15,2025-06-18,2,True,2
CNT07120,2,Tank,2025-07-19,2025-07-29,2025-07-24,10,False,2
CNT07121,2,Reefer,2025-09-03,2025-09-08,2025-09-08,5,True,2
CNT07122,2,Hazardous,2025-06-21,2025-06-30,2025-06-26,9,False,2
CNT07123,2,Tank,2025-06-06,2025-06-07,2025-06-11,1,True,2
CNT07124,2,General,2025-08-13,2025-08-26,2025-08-18,13,False,2
CNT07125,2,Tank,2025-08-26,2025-08-30,2025-08-31,4,True,2
CNT07126,2,Hazardous,2025-09-07,2025-09-11,2025-09-12,4,True,2
CNT07127,2,General,2025-06-30,2025-07-14,2025-07-05,14,False,2
CNT07128,2,Hazardous,2025-05-04,2025-05-08,2025-05-09,4,True,2
CNT07129,2,Hazardous,2025-09-05,2025-09-08,2025-09-10,3,True,2
CNT07130,2,General,2025-08-23,2025-08-26,2025-08-28,3,True,2
CNT07131,2,Reefer,2025-08-06,2025-08-07,2025-08-11,1,True,2
CNT07132,2,General,2025-08-12,2025-08-17,2025-08-17,5,True,2
CNT07133,2,General,2025-09-09,2025-09-22,2025-09-14,13,False,2
CNT07134,2,Hazardous,2025-08-06,2025-08-19,2025-08-11,13,False,2
CNT07135,2,General,2025-08-05,2025-08-10,2025-08-10,5,True,2
CNT07136,2,General,2025-05-17,2025-05-23,2025-05-22,6,False,2
CNT07137,2,General,2025-09-04,2025-09-07,2025-09-09,3,True,2
CNT07138,2,General,2025-05-30,2025-06-09,2025-06-04,10,False,2
CNT07139,2,General,2025-06-14,2025-06-17,2025-06-19,3,True,2
CNT07140,2,Hazardous,2025-05-20,2025-05-28,2025-05-25,8,False,2
CNT07141,2,Tank,2025-04-01,2025-04-04,2025-04-06,3,True,2
CNT07142,2,General,2025-05-01,2025-05-02,2025-05-06,1,True,2
CNT07143,2,Tank,2025-04-07,2025-04-08,2025-04-12,1,True,2
CNT07144,2,Reefer,2025-07-29,2025-07-31,2025-08-03,2,True,2
CNT07145,2,Reefer,2025-09-08,2025-09-09,2025-09-13,1,True,2
CNT07146,2,General,2025-05-01,2025-05-03,2025-05-06,2,True,2
CNT07147,2,Reefer,2025-05-24,2025-05-28,2025-05-29,4,True,2
CNT07148,2,Tank,2025-09-05,2025-09-09,2025-09-10,4,True,2
CNT07149,2,Tank,2025-07-16,2025-07-29,2025-07-21,13,False,2
CNT07150,2,Reefer,2025-07-15,2025-07-25,2025-07-20,10,False,2
CNT07151,2,General,2025-04-12,2025-04-18,2025-04-17,6,False,2
CNT07152,2,Tank,2025-06-25,2025-07-15,2025-06-30,20,False,2
CNT07153,2,Reefer,2025-06-29,2025-07-16,2025-07-04,17,False,2
CNT07154,2,General,2025-08-22,2025-08-25,2025-08-27,3,True,2
CNT07155,2,Hazardous,2025-09-11,2025-10-01,2025-09-16,20,False,2
CNT07156,2,Reefer,2025-05-25,2025-05-31,2025-05-30,6,False,2
CNT07157,2,General,2025-04-03,2025-04-06,2025-04-08,3,True,2
CNT07158,2,Hazardous,2025-09-11,2025-09-24,2025-09-16,13,False,2
CNT07159,2,Reefer,2025-05-22,2025-05-28,2025-05-27,6,False,2
CNT07160,2,General,2025-09-24,2025-09-29,2025-09-29,5,True,2
CNT07161,2,General,2025-06-12,2025-06-21,2025-06-17,9,False,2
CNT07162,2,General,2025-06-05,2025-06-19,2025-06-10,14,False,2
CNT07163,2,Tank,2025-04-18,2025-05-02,2025-04-23,14,False,2
CNT07164,2,General,2025-06-18,2025-06-30,2025-06-23,12,False,2
CNT07165,2,General,2025-06-16,2025-07-11,2025-06-21,25,False,2
CNT07166,2,Hazardous,2025-08-08,2025-08-21,2025-08-13,13,False,2
CNT07167,2,Tank,2025-08-19,2025-08-27,2025-08-24,8,False,2
CNT07168,2,Hazardous,2025-06-22,2025-06-29,2025-06-27,7,False,2
CNT07169,2,General,2025-04-02,2025-04-14,2025-04-07,12,False,2
CNT07170,2,General,2025-04-30,2025-05-07,2025-05-05,7,False,2
CNT07171,2,General,2025-09-23,2025-09-30,2025-09-28,7,False,2
CNT07172,2,General,2025-06-25,2025-07-02,2025-06-30,7,False,2
CNT07173,2,General,2025-06-27,2025-07-15,2025-07-02,18,False,2
CNT07174,2,General,2025-07-11,2025-08-02,2025-07-16,22,False,2
CNT07175,2,Hazardous,2025-08-24,2025-08-29,2025-08-29,5,True,2
CNT07176,2,General,2025-09-05,2025-09-09,2025-09-10,4,True,2
CNT07177,2,Hazardous,2025-04-08,2025-04-15,2025-04-13,7,False,2
CNT07178,2,Tank,2025-05-15,2025-05-27,2025-05-20,12,False,2
CNT07179,2,Hazardous,2025-05-20,2025-05-29,2025-05-25,9,False,2
CNT07180,2,Reefer,2025-06-24,2025-07-03,2025-06-29,9,False,2
CNT07181,2,Reefer,2025-06-26,2025-06-29,2025-07-01,3,True,2
CNT07182,2,Reefer,2025-09-20,2025-09-24,2025-09-25,4,True,2
CNT07183,2,Tank,2025-08-01,2025-08-04,2025-08-06,3,True,2
CNT07184,2,Reefer,2025-07-31,2025-08-06,2025-08-05,6,False,2
CNT07185,2,Tank,2025-04-10,2025-04-12,2025-04-15,2,True,2
CNT07186,2,Reefer,2025-09-13,2025-10-03,2025-09-18,20,False,2
CNT07187,2,Hazardous,2025-05-05,2025-05-11,2025-05-10,6,False,2
CNT07188,2,Reefer,2025-08-02,2025-08-08,2025-08-07,6,False,2
CNT07189,2,Reefer,2025-05-10,2025-05-13,2025-05-15,3,True,2
CNT07190,2,Hazardous,2025-09-08,2025-09-11,2025-09-13,3,True,2
CNT07191,2,General,2025-07-27,2025-07-31,2025-08-01,4,True,2
CNT07192,2,Hazardous,2025-08-16,2025-08-20,2025-08-21,4,True,2
CNT07193,2,General,2025-06-25,2025-06-27,2025-06-30,2,True,2
CNT07194,2,Hazardous,2025-07-28,2025-07-31,2025-08-02,3,True,2
CNT07195,2,Tank,2025-07-15,2025-07-18,2025-07-20,3,True,2
CNT07196,2,General,2025-04-15,2025-04-19,2025-04-20,4,True,2
CNT07197,2,Tank,2025-08-12,2025-08-27,2025-08-17,15,False,2
CNT07198,2,Hazardous,2025-06-16,2025-06-29,2025-06-21,13,False,2
CNT07199,2,General,2025-08-23,2025-09-01,2025-08-28,9,False,2
CNT07200,2,General,2025-09-21,2025-09-25,2025-09-26,4,True,2
CNT07201,2,Hazardous,2025-06-20,2025-06-26,2025-06-25,6,False,2
CNT07202,2,Reefer,2025-08-21,2025-08-25,2025-08-26,4,True,2
CNT07203,2,Reefer,2025-08-16,2025-08-30,2025-08-21,14,False,2
CNT07204,2,Hazardous,2025-04-05,2025-04-06,2025-04-10,1,True,2
CNT07205,2,General,2025-05-24,2025-05-30,2025-05-29,6,False,2
CNT07206,2,Tank,2025-08-26,2025-09-04,2025-08-31,9,False,2
CNT07207,2,General,2025-09-23,2025-10-01,2025-09-28,8,False,2
CNT07208,2,General,2025-06-24,2025-06-25,2025-06-29,1,True,2
CNT07209,2,Tank,2025-06-30,2025-07-03,2025-07-05,3,True,2
CNT07210,2,Hazardous,2025-04-17,2025-04-19,2025-04-22,2,True,2
CNT07211,2,General,2025-05-09,2025-05-13,2025-05-14,4,True,2
CNT07212,2,General,2025-06-11,2025-06-17,2025-06-16,6,False,2
CNT07213,2,Tank,2025-04-08,2025-04-25,2025-04-13,17,False,2
CNT07214,2,General,2025-06-26,2025-07-04,2025-07-01,8,False,2
CNT07215,2,General,2025-07-06,2025-07-10,2025-07-11,4,True,2
CNT07216,2,Reefer,2025-09-08,2025-09-11,2025-09-13,3,True,2
CNT07217,2,General,2025-08-15,2025-08-18,2025-08-20,3,True,2
CNT07218,2,General,2025-05-13,2025-05-23,2025-05-18,10,False,2
CNT07219,2,General,2025-08-25,2025-08-28,2025-08-30,3,True,2
CNT07220,2,General,2025-09-03,2025-09-21,2025-09-08,18,False,2
CNT07221,2,Hazardous,2025-07-09,2025-07-17,2025-07-14,8,False,2
CNT07222,2,Reefer,2025-05-18,2025-05-21,2025-05-23,3,True,2
CNT07223,2,Tank,2025-08-31,2025-09-04,2025-09-05,4,True,2
CNT07224,2,Reefer,2025-04-30,2025-05-16,2025-05-05,16,False,2
CNT07225,2,General,2025-06-18,2025-06-26,2025-06-23,8,False,2
CNT07226,2,Tank,2025-09-28,2025-10-26,2025-10-03,28,False,2
CNT07227,2,Hazardous,2025-06-20,2025-06-24,2025-06-25,4,True,2
CNT07228,2,Reefer,2025-04-09,2025-04-14,2025-04-14,5,True,2
CNT07229,2,Hazardous,2025-06-09,2025-06-11,2025-06-14,2,True,2
CNT07230,2,Hazardous,2025-07-15,2025-07-20,2025-07-20,5,True,2
CNT07231,2,Reefer,2025-04-23,2025-04-24,2025-04-28,1,True,2
CNT07232,2,Tank,2025-08-06,2025-08-14,2025-08-11,8,False,2
CNT07233,2,Reefer,2025-05-31,2025-06-03,2025-06-05,3,True,2
CNT07234,2,Reefer,2025-07-05,2025-07-17,2025-07-10,12,False,2
CNT07235,2,General,2025-07-25,2025-07-26,2025-07-30,1,True,2
CNT07236,2,Hazardous,2025-06-17,2025-06-22,2025-06-22,5,True,2
CNT07237,2,General,2025-05-26,2025-05-29,2025-05-31,3,True,2
CNT07238,2,Tank,2025-08-13,2025-08-18,2025-08-18,5,True,2
CNT07239,2,Tank,2025-06-17,2025-06-20,2025-06-22,3,True,2
CNT07240,2,General,2025-05-15,2025-05-28,2025-05-20,13,False,2
CNT07241,2,Tank,2025-04-29,2025-05-05,2025-05-04,6,False,2
CNT07242,2,Hazardous,2025-07-05,2025-07-13,2025-07-10,8,False,2
CNT07243,2,Reefer,2025-04-10,2025-04-20,2025-04-15,10,False,2
CNT07244,2,Hazardous,2025-05-22,2025-06-21,2025-05-27,30,False,2
CNT07245,2,General,2025-04-24,2025-04-30,2025-04-29,6,False,2
CNT07246,2,General,2025-07-23,2025-07-29,2025-07-28,6,False,2
CNT07247,2,Reefer,2025-08-08,2025-08-11,2025-08-13,3,True,2
CNT07248,2,Hazardous,2025-04-07,2025-04-16,2025-04-12,9,False,2
CNT07249,2,General,2025-08-02,2025-08-08,2025-08-07,6,False,2
CNT07250,2,Tank,2025-08-07,2025-08-10,2025-08-12,3,True,2
CNT07251,2,Reefer,2025-05-10,2025-05-11,2025-05-15,1,True,2
CNT07252,2,Tank,2025-05-19,2025-05-26,2025-05-24,7,False,2
CNT07253,2,General,2025-06-27,2025-06-30,2025-07-02,3,True,2
CNT07254,2,General,2025-08-02,2025-08-26,2025-08-07,24,False,2
CNT07255,2,General,2025-08-13,2025-08-24,2025-08-18,11,False,2
CNT07256,2,Reefer,2025-06-19,2025-06-24,2025-06-24,5,True,2
CNT07257,2,General,2025-06-23,2025-06-29,2025-06-28,6,False,2
CNT07258,2,General,2025-05-07,2025-05-11,2025-05-12,4,True,2
CNT07259,2,Tank,2025-04-26,2025-04-27,2025-05-01,1,True,2
CNT07260,2,Reefer,2025-08-11,2025-08-17,2025-08-16,6,False,2
CNT07261,2,General,2025-09-21,2025-09-26,2025-09-26,5,True,2
CNT07262,2,Tank,2025-05-04,2025-05-10,2025-05-09,6,False,2
CNT07263,2,Tank,2025-05-23,2025-05-30,2025-05-28,7,False,2
CNT07264,2,Tank,2025-04-10,2025-04-20,2025-04-15,10,False,2
CNT07265,2,Reefer,2025-07-27,2025-07-31,2025-08-01,4,True,2
CNT07266,2,Tank,2025-07-09,2025-07-12,2025-07-14,3,True,2
CNT07267,2,Reefer,2025-08-12,2025-08-15,2025-08-17,3,True,2
CNT07268,2,General,2025-04-30,2025-05-03,2025-05-05,3,True,2
CNT07269,2,General,2025-04-02,2025-04-04,2025-04-07,2,True,2
CNT07270,2,Reefer,2025-06-19,2025-06-23,2025-06-24,4,True,2
CNT07271,2,General,2025-04-12,2025-04-16,2025-04-17,4,True,2
CNT07272,2,Hazardous,2025-09-23,2025-09-30,2025-09-28,7,False,2
CNT07273,2,Tank,2025-08-31,2025-09-02,2025-09-05,2,True,2
CNT07274,2,Hazardous,2025-04-23,2025-05-04,2025-04-28,11,False,2
CNT07275,2,General,2025-06-25,2025-07-02,2025-06-30,7,False,2
CNT07276,2,Hazardous,2025-07-29,2025-08-06,2025-08-03,8,False,2
CNT07277,2,Hazardous,2025-04-12,2025-04-17,2025-04-17,5,True,2
CNT07278,2,General,2025-04-27,2025-05-07,2025-05-02,10,False,2
CNT07279,2,General,2025-08-12,2025-08-25,2025-08-17,13,False,2
CNT07280,2,Reefer,2025-09-16,2025-09-27,2025-09-21,11,False,2
CNT07281,2,Hazardous,2025-06-19,2025-06-21,2025-06-24,2,True,2
CNT07282,2,Tank,2025-04-06,2025-04-18,2025-04-11,12,False,2
CNT07283,2,Reefer,2025-08-26,2025-09-04,2025-08-31,9,False,2
CNT07284,2,Tank,2025-06-19,2025-06-29,2025-06-24,10,False,2
CNT07285,2,Tank,2025-09-11,2025-09-15,2025-09-16,4,True,2
CNT07286,2,Hazardous,2025-05-24,2025-05-28,2025-05-29,4,True,2
CNT07287,2,General,2025-06-22,2025-06-28,2025-06-27,6,False,2
CNT07288,2,General,2025-05-22,2025-05-25,2025-05-27,3,True,2
CNT07289,2,Tank,2025-05-20,2025-05-31,2025-05-25,11,False,2
CNT07290,2,General,2025-06-13,2025-06-17,2025-06-18,4,True,2
CNT07291,2,General,2025-06-10,2025-06-12,2025-06-15,2,True,2
CNT07292,2,General,2025-08-15,2025-08-27,2025-08-20,12,False,2
CNT07293,2,Hazardous,2025-06-21,2025-07-05,2025-06-26,14,False,2
CNT07294,2,General,2025-07-22,2025-07-24,2025-07-27,2,True,2
CNT07295,2,Reefer,2025-09-19,2025-09-27,2025-09-24,8,False,2
CNT07296,2,Tank,2025-05-01,2025-05-05,2025-05-06,4,True,2
CNT07297,2,Tank,2025-06-09,2025-07-06,2025-06-14,27,False,2
CNT07298,2,General,2025-05-09,2025-05-14,2025-05-14,5,True,2
CNT07299,2,General,2025-05-11,2025-05-14,2025-05-16,3,True,2
CNT07300,2,General,2025-06-10,2025-06-17,2025-06-15,7,False,2
CNT07301,2,General,2025-04-30,2025-05-15,2025-05-05,15,False,2
CNT07302,2,Tank,2025-04-04,2025-04-09,2025-04-09,5,True,2
CNT07303,2,Reefer,2025-09-07,2025-09-13,2025-09-12,6,False,2
CNT07304,2,Tank,2025-08-22,2025-08-26,2025-08-27,4,True,2
CNT07305,2,Tank,2025-08-10,2025-08-14,2025-08-15,4,True,2
CNT07306,2,General,2025-04-27,2025-05-05,2025-05-02,8,False,2
CNT07307,2,General,2025-05-23,2025-05-26,2025-05-28,3,True,2
CNT07308,2,General,2025-08-17,2025-08-21,2025-08-22,4,True,2
CNT07309,2,Hazardous,2025-06-29,2025-07-05,2025-07-04,6,False,2
CNT07310,2,General,2025-08-19,2025-08-30,2025-08-24,11,False,2
CNT07311,2,General,2025-06-21,2025-06-24,2025-06-26,3,True,2
CNT07312,2,General,2025-06-09,2025-06-30,2025-06-14,21,False,2
CNT07313,2,General,2025-05-07,2025-05-10,2025-05-12,3,True,2
CNT07314,2,General,2025-09-28,2025-10-01,2025-10-03,3,True,2
CNT07315,2,Reefer,2025-06-12,2025-06-22,2025-06-17,10,False,2
CNT07316,2,General,2025-08-25,2025-08-27,2025-08-30,2,True,2
CNT07317,2,Reefer,2025-06-02,2025-06-04,2025-06-07,2,True,2
CNT07318,2,General,2025-05-14,2025-05-21,2025-05-19,7,False,2
CNT07319,2,Hazardous,2025-04-19,2025-04-23,2025-04-24,4,True,2
CNT07320,2,Hazardous,2025-06-19,2025-06-21,2025-06-24,2,True,2
CNT07321,2,General,2025-09-04,2025-09-09,2025-09-09,5,True,2
CNT07322,2,Reefer,2025-06-26,2025-07-01,2025-07-01,5,True,2
CNT07323,2,Reefer,2025-08-17,2025-08-25,2025-08-22,8,False,2
CNT07324,2,Tank,2025-07-23,2025-07-27,2025-07-28,4,True,2
CNT07325,2,Reefer,2025-04-13,2025-04-17,2025-04-18,4,True,2
CNT07326,2,Reefer,2025-05-04,2025-05-22,2025-05-09,18,False,2
CNT07327,2,General,2025-04-08,2025-04-10,2025-04-13,2,True,2
CNT07328,2,Reefer,2025-07-30,2025-08-06,2025-08-04,7,False,2
CNT07329,2,General,2025-09-20,2025-09-25,2025-09-25,5,True,2
CNT07330,2,General,2025-04-13,2025-04-15,2025-04-18,2,True,2
CNT07331,2,Tank,2025-04-28,2025-05-01,2025-05-03,3,True,2
CNT07332,2,Tank,2025-07-08,2025-07-11,2025-07-13,3,True,2
CNT07333,2,General,2025-04-14,2025-04-19,2025-04-19,5,True,2
CNT07334,2,General,2025-04-23,2025-05-08,2025-04-28,15,False,2
CNT07335,2,Hazardous,2025-07-19,2025-07-22,2025-07-24,3,True,2
CNT07336,2,Reefer,2025-07-10,2025-07-18,2025-07-15,8,False,2
CNT07337,2,General,2025-05-16,2025-05-19,2025-05-21,3,True,2
CNT07338,2,General,2025-09-28,2025-10-01,2025-10-03,3,True,2
CNT07339,2,General,2025-08-31,2025-09-03,2025-09-05,3,True,2
CNT07340,2,General,2025-08-30,2025-09-05,2025-09-04,6,False,2
CNT07341,2,General,2025-09-09,2025-09-14,2025-09-14,5,True,2
CNT07342,2,Tank,2025-09-24,2025-09-25,2025-09-29,1,True,2
CNT07343,2,Reefer,2025-09-27,2025-10-04,2025-10-02,7,False,2
CNT07344,2,Tank,2025-07-24,2025-07-31,2025-07-29,7,False,2
CNT07345,2,Reefer,2025-09-05,2025-09-22,2025-09-10,17,False,2
CNT07346,2,General,2025-07-01,2025-07-03,2025-07-06,2,True,2
CNT07347,2,Hazardous,2025-06-19,2025-06-25,2025-06-24,6,False,2
CNT07348,2,Reefer,2025-06-25,2025-06-30,2025-06-30,5,True,2
CNT07349,2,Hazardous,2025-05-21,2025-06-08,2025-05-26,18,False,2
CNT07350,2,Tank,2025-09-19,2025-10-09,2025-09-24,20,False,2
CNT07351,2,General,2025-08-15,2025-08-22,2025-08-20,7,False,2
CNT07352,2,General,2025-04-21,2025-04-24,2025-04-26,3,True,2
CNT07353,2,General,2025-07-29,2025-07-31,2025-08-03,2,True,2
CNT07354,2,General,2025-08-24,2025-08-28,2025-08-29,4,True,2
CNT07355,2,General,2025-05-04,2025-05-07,2025-05-09,3,True,2
CNT07356,2,Tank,2025-04-24,2025-05-03,2025-04-29,9,False,2
CNT07357,2,General,2025-09-26,2025-09-29,2025-10-01,3,True,2
CNT07358,2,General,2025-07-29,2025-08-04,2025-08-03,6,False,2
CNT07359,2,Tank,2025-04-25,2025-04-28,2025-04-30,3,True,2
CNT07360,2,Hazardous,2025-07-26,2025-07-30,2025-07-31,4,True,2
CNT07361,2,Reefer,2025-06-19,2025-06-25,2025-06-24,6,False,2
CNT07362,2,General,2025-09-23,2025-10-05,2025-09-28,12,False,2
CNT07363,2,Tank,2025-09-12,2025-09-15,2025-09-17,3,True,2
CNT07364,2,General,2025-07-29,2025-07-31,2025-08-03,2,True,2
CNT07365,2,Reefer,2025-07-30,2025-08-01,2025-08-04,2,True,2
CNT07366,2,Tank,2025-05-30,2025-06-12,2025-06-04,13,False,2
CNT07367,2,Hazardous,2025-05-28,2025-06-06,2025-06-02,9,False,2
CNT07368,2,Tank,2025-05-07,2025-05-11,2025-05-12,4,True,2
CNT07369,2,Tank,2025-09-05,2025-09-12,2025-09-10,7,False,2
CNT07370,2,General,2025-06-06,2025-06-12,2025-06-11,6,False,2
CNT07371,2,Hazardous,2025-07-03,2025-07-06,2025-07-08,3,True,2
CNT07372,2,Reefer,2025-07-10,2025-07-14,2025-07-15,4,True,2
CNT07373,2,General,2025-05-17,2025-05-21,2025-05-22,4,True,2
CNT07374,2,General,2025-09-27,2025-10-01,2025-10-02,4,True,2
CNT07375,2,General,2025-09-18,2025-09-20,2025-09-23,2,True,2
CNT07376,2,Tank,2025-06-24,2025-06-30,2025-06-29,6,False,2
CNT07377,2,Reefer,2025-06-23,2025-06-27,2025-06-28,4,True,2
CNT07378,2,General,2025-07-26,2025-07-30,2025-07-31,4,True,2
CNT07379,2,General,2025-08-03,2025-08-27,2025-08-08,24,False,2
CNT07380,2,Tank,2025-04-08,2025-04-16,2025-04-13,8,False,2
CNT07381,2,Reefer,2025-04-17,2025-04-28,2025-04-22,11,False,2
CNT07382,2,General,2025-07-31,2025-08-01,2025-08-05,1,True,2
CNT07383,2,Tank,2025-04-29,2025-05-11,2025-05-04,12,False,2
CNT07384,2,Tank,2025-06-29,2025-07-01,2025-07-04,2,True,2
CNT07385,2,General,2025-08-01,2025-08-04,2025-08-06,3,True,2
CNT07386,2,Hazardous,2025-07-28,2025-08-04,2025-08-02,7,False,2
CNT07387,2,General,2025-05-14,2025-05-17,2025-05-19,3,True,2
CNT07388,2,Hazardous,2025-06-12,2025-06-16,2025-06-17,4,True,2
CNT07389,2,General,2025-06-29,2025-06-30,2025-07-04,1,True,2
CNT07390,2,Tank,2025-09-02,2025-09-16,2025-09-07,14,False,2
CNT07391,2,Tank,2025-08-26,2025-09-01,2025-08-31,6,False,2
CNT07392,2,Hazardous,2025-05-03,2025-05-08,2025-05-08,5,True,2
CNT07393,2,Reefer,2025-08-09,2025-08-10,2025-08-14,1,True,2
CNT07394,2,Tank,2025-04-27,2025-05-06,2025-05-02,9,False,2
CNT07395,2,Reefer,2025-07-13,2025-07-16,2025-07-18,3,True,2
CNT07396,2,General,2025-04-28,2025-05-01,2025-05-03,3,True,2
CNT07397,2,General,2025-06-23,2025-06-30,2025-06-28,7,False,2
CNT07398,2,Reefer,2025-08-21,2025-08-25,2025-08-26,4,True,2
CNT07399,2,Tank,2025-09-14,2025-09-24,2025-09-19,10,False,2
CNT07400,2,Tank,2025-04-19,2025-04-23,2025-04-24,4,True,2
CNT07401,2,General,2025-06-17,2025-06-21,2025-06-22,4,True,2
CNT07402,2,Tank,2025-08-15,2025-08-18,2025-08-20,3,True,2
CNT07403,2,Tank,2025-07-28,2025-08-02,2025-08-02,5,True,2
CNT07404,2,General,2025-07-12,2025-07-16,2025-07-17,4,True,2
CNT07405,2,General,2025-08-30,2025-09-03,2025-09-04,4,True,2
CNT07406,2,General,2025-07-15,2025-07-22,2025-07-20,7,False,2
CNT07407,2,General,2025-06-01,2025-06-05,2025-06-06,4,True,2
CNT07408,2,Tank,2025-09-06,2025-09-10,2025-09-11,4,True,2
CNT07409,2,Tank,2025-06-02,2025-06-07,2025-06-07,5,True,2
CNT07410,2,Tank,2025-08-19,2025-08-23,2025-08-24,4,True,2
CNT07411,2,Hazardous,2025-05-11,2025-05-14,2025-05-16,3,True,2
CNT07412,2,General,2025-08-02,2025-08-03,2025-08-07,1,True,2
CNT07413,2,Hazardous,2025-07-08,2025-07-10,2025-07-13,2,True,2
CNT07414,2,Reefer,2025-04-17,2025-04-24,2025-04-22,7,False,2
CNT07415,2,General,2025-06-27,2025-07-20,2025-07-02,23,False,2
CNT07416,2,General,2025-05-24,2025-05-25,2025-05-29,1,True,2
CNT07417,2,Reefer,2025-09-25,2025-09-29,2025-09-30,4,True,2
CNT07418,2,Tank,2025-08-30,2025-09-02,2025-09-04,3,True,2
CNT07419,2,General,2025-07-20,2025-07-28,2025-07-25,8,False,2
CNT07420,2,General,2025-07-21,2025-07-25,2025-07-26,4,True,2
CNT07421,2,General,2025-08-24,2025-08-25,2025-08-29,1,True,2
CNT07422,2,General,2025-06-27,2025-07-12,2025-07-02,15,False,2
CNT07423,2,Reefer,2025-08-18,2025-08-19,2025-08-23,1,True,2
CNT07424,2,General,2025-09-25,2025-10-06,2025-09-30,11,False,2
CNT07425,2,General,2025-05-31,2025-06-04,2025-06-05,4,True,2
CNT07426,2,Reefer,2025-05-15,2025-05-20,2025-05-20,5,True,2
CNT07427,2,Tank,2025-09-17,2025-09-20,2025-09-22,3,True,2
CNT07428,2,Hazardous,2025-09-19,2025-09-22,2025-09-24,3,True,2
CNT07429,2,Tank,2025-04-20,2025-04-23,2025-04-25,3,True,2
CNT07430,2,Tank,2025-08-25,2025-08-27,2025-08-30,2,True,2
CNT07431,2,General,2025-08-03,2025-08-08,2025-08-08,5,True,2
CNT07432,2,Tank,2025-04-30,2025-05-11,2025-05-05,11,False,2
CNT07433,2,General,2025-08-30,2025-09-04,2025-09-04,5,True,2
CNT07434,2,General,2025-08-31,2025-09-15,2025-09-05,15,False,2
CNT07435,2,Hazardous,2025-07-28,2025-08-02,2025-08-02,5,True,2
CNT07436,2,General,2025-06-23,2025-07-01,2025-06-28,8,False,2
CNT07437,2,General,2025-08-21,2025-08-28,2025-08-26,7,False,2
CNT07438,2,General,2025-04-25,2025-05-24,2025-04-30,29,False,2
CNT07439,2,Tank,2025-07-23,2025-07-27,2025-07-28,4,True,2
CNT07440,2,General,2025-05-16,2025-05-27,2025-05-21,11,False,2
CNT07441,2,General,2025-06-18,2025-06-28,2025-06-23,10,False,2
CNT07442,2,General,2025-07-13,2025-07-17,2025-07-18,4,True,2
CNT07443,2,Tank,2025-04-18,2025-04-23,2025-04-23,5,True,2
CNT07444,2,General,2025-09-01,2025-09-04,2025-09-06,3,True,2
CNT07445,2,Tank,2025-04-28,2025-05-02,2025-05-03,4,True,2
CNT07446,2,General,2025-09-23,2025-09-29,2025-09-28,6,False,2
CNT07447,2,General,2025-08-31,2025-09-03,2025-09-05,3,True,2
CNT07448,2,General,2025-07-07,2025-07-12,2025-07-12,5,True,2
CNT07449,2,Reefer,2025-06-23,2025-07-18,2025-06-28,25,False,2
CNT07450,2,Tank,2025-08-05,2025-08-15,2025-08-10,10,False,2
CNT07451,2,General,2025-09-13,2025-09-15,2025-09-18,2,True,2
CNT07452,2,Reefer,2025-09-17,2025-09-20,2025-09-22,3,True,2
CNT07453,2,General,2025-04-16,2025-04-20,2025-04-21,4,True,2
CNT07454,2,General,2025-04-24,2025-04-27,2025-04-29,3,True,2
CNT07455,2,Hazardous,2025-05-26,2025-05-28,2025-05-31,2,True,2
CNT07456,2,Tank,2025-05-06,2025-05-12,2025-05-11,6,False,2
CNT07457,2,Hazardous,2025-08-27,2025-09-12,2025-09-01,16,False,2
CNT07458,2,Reefer,2025-09-10,2025-09-25,2025-09-15,15,False,2
CNT07459,2,Hazardous,2025-04-01,2025-04-04,2025-04-06,3,True,2
CNT07460,2,General,2025-05-08,2025-05-19,2025-05-13,11,False,2
CNT07461,2,Hazardous,2025-09-17,2025-09-18,2025-09-22,1,True,2
CNT07462,2,Tank,2025-05-09,2025-05-12,2025-05-14,3,True,2
CNT07463,2,General,2025-07-25,2025-07-28,2025-07-30,3,True,2
CNT07464,2,Tank,2025-08-15,2025-08-30,2025-08-20,15,False,2
CNT07465,2,General,2025-06-14,2025-06-17,2025-06-19,3,True,2
CNT07466,2,General,2025-07-09,2025-07-16,2025-07-14,7,False,2
CNT07467,2,Hazardous,2025-09-05,2025-09-08,2025-09-10,3,True,2
CNT07468,2,Tank,2025-08-26,2025-09-05,2025-08-31,10,False,2
CNT07469,2,Hazardous,2025-07-24,2025-07-26,2025-07-29,2,True,2
CNT07470,2,General,2025-05-21,2025-05-22,2025-05-26,1,True,2
CNT07471,2,General,2025-05-23,2025-05-25,2025-05-28,2,True,2
CNT07472,2,Reefer,2025-09-22,2025-09-25,2025-09-27,3,True,2
CNT07473,2,Tank,2025-06-21,2025-06-24,2025-06-26,3,True,2
CNT07474,2,General,2025-06-16,2025-06-18,2025-06-21,2,True,2
CNT07475,2,General,2025-08-24,2025-08-29,2025-08-29,5,True,2
CNT07476,2,General,2025-09-21,2025-09-25,2025-09-26,4,True,2
CNT07477,2,General,2025-06-17,2025-06-21,2025-06-22,4,True,2
CNT07478,2,General,2025-07-21,2025-08-01,2025-07-26,11,False,2
CNT07479,2,Tank,2025-06-28,2025-07-02,2025-07-03,4,True,2
CNT07480,2,Reefer,2025-04-23,2025-04-26,2025-04-28,3,True,2
CNT07481,2,General,2025-08-28,2025-08-30,2025-09-02,2,True,2
CNT07482,2,General,2025-04-03,2025-04-08,2025-04-08,5,True,2
CNT07483,2,Tank,2025-09-04,2025-09-13,2025-09-09,9,False,2
CNT07484,2,General,2025-08-09,2025-08-17,2025-08-14,8,False,2
CNT07485,2,General,2025-07-13,2025-07-16,2025-07-18,3,True,2
CNT07486,2,General,2025-05-03,2025-05-10,2025-05-08,7,False,2
CNT07487,2,General,2025-06-15,2025-06-20,2025-06-20,5,True,2
CNT07488,2,General,2025-04-16,2025-05-12,2025-04-21,26,False,2
CNT07489,2,Hazardous,2025-07-04,2025-07-07,2025-07-09,3,True,2
CNT07490,2,General,2025-08-19,2025-08-22,2025-08-24,3,True,2
CNT07491,2,Hazardous,2025-04-14,2025-04-17,2025-04-19,3,True,2
CNT07492,2,Reefer,2025-04-01,2025-04-06,2025-04-06,5,True,2
CNT07493,2,Tank,2025-09-28,2025-10-07,2025-10-03,9,False,2
CNT07494,2,Hazardous,2025-08-22,2025-09-04,2025-08-27,13,False,2
CNT07495,2,Tank,2025-07-01,2025-07-06,2025-07-06,5,True,2
CNT07496,2,General,2025-04-29,2025-04-30,2025-05-04,1,True,2
CNT07497,2,Reefer,2025-06-12,2025-06-19,2025-06-17,7,False,2
CNT07498,2,General,2025-04-08,2025-04-14,2025-04-13,6,False,2
CNT07499,2,General,2025-05-31,2025-06-11,2025-06-05,11,False,2
CNT07500,2,Tank,2025-07-20,2025-07-21,2025-07-25,1,True,2
CNT07501,2,Reefer,2025-09-27,2025-09-28,2025-10-02,1,True,2
CNT07502,2,General,2025-08-30,2025-09-01,2025-09-04,2,True,2
CNT07503,2,Reefer,2025-07-10,2025-07-16,2025-07-15,6,False,2
CNT07504,2,General,2025-09-08,2025-09-16,2025-09-13,8,False,2
CNT07505,2,Reefer,2025-06-21,2025-06-26,2025-06-26,5,True,2
CNT07506,2,Tank,2025-07-07,2025-07-10,2025-07-12,3,True,2
CNT07507,2,Hazardous,2025-07-13,2025-07-17,2025-07-18,4,True,2
CNT07508,2,Tank,2025-07-07,2025-07-20,2025-07-12,13,False,2
CNT07509,2,General,2025-07-21,2025-08-11,2025-07-26,21,False,2
CNT07510,2,Tank,2025-08-18,2025-08-20,2025-08-23,2,True,2
CNT07511,2,Hazardous,2025-05-25,2025-06-06,2025-05-30,12,False,2
CNT07512,2,Hazardous,2025-09-17,2025-09-23,2025-09-22,6,False,2
CNT07513,2,Hazardous,2025-05-15,2025-05-23,2025-05-20,8,False,2
CNT07514,2,Hazardous,2025-07-31,2025-08-03,2025-08-05,3,True,2
CNT07515,2,Hazardous,2025-05-06,2025-05-11,2025-05-11,5,True,2
CNT07516,2,General,2025-05-19,2025-05-22,2025-05-24,3,True,2
CNT07517,2,Reefer,2025-08-21,2025-08-24,2025-08-26,3,True,2
CNT07518,2,Tank,2025-07-08,2025-07-10,2025-07-13,2,True,2
CNT07519,2,General,2025-07-02,2025-07-05,2025-07-07,3,True,2
CNT07520,2,General,2025-07-16,2025-07-18,2025-07-21,2,True,2
CNT07521,2,General,2025-05-10,2025-05-11,2025-05-15,1,True,2
CNT07522,2,General,2025-06-13,2025-06-20,2025-06-18,7,False,2
CNT07523,2,General,2025-09-19,2025-09-26,2025-09-24,7,False,2
CNT07524,2,General,2025-05-03,2025-05-12,2025-05-08,9,False,2
CNT07525,2,General,2025-05-05,2025-05-18,2025-05-10,13,False,2
CNT07526,2,General,2025-04-03,2025-04-06,2025-04-08,3,True,2
CNT07527,2,Hazardous,2025-04-19,2025-04-21,2025-04-24,2,True,2
CNT07528,2,Hazardous,2025-09-13,2025-09-17,2025-09-18,4,True,2
CNT07529,2,Reefer,2025-04-05,2025-04-09,2025-04-10,4,True,2
CNT07530,2,General,2025-05-07,2025-05-16,2025-05-12,9,False,2
CNT07531,2,Reefer,2025-08-03,2025-08-14,2025-08-08,11,False,2
CNT07532,2,Reefer,2025-09-16,2025-09-18,2025-09-21,2,True,2
CNT07533,2,Reefer,2025-07-21,2025-07-31,2025-07-26,10,False,2
CNT07534,2,Tank,2025-05-05,2025-05-11,2025-05-10,6,False,2
CNT07535,2,General,2025-04-22,2025-04-24,2025-04-27,2,True,2
CNT07536,2,Tank,2025-05-06,2025-05-08,2025-05-11,2,True,2
CNT07537,2,Tank,2025-09-12,2025-09-18,2025-09-17,6,False,2
CNT07538,2,Hazardous,2025-07-16,2025-07-28,2025-07-21,12,False,2
CNT07539,2,Hazardous,2025-07-26,2025-08-05,2025-07-31,10,False,2
CNT07540,2,General,2025-09-26,2025-09-29,2025-10-01,3,True,2
CNT07541,2,Hazardous,2025-09-02,2025-09-05,2025-09-07,3,True,2
CNT07542,2,Tank,2025-07-18,2025-07-22,2025-07-23,4,True,2
CNT07543,2,General,2025-09-07,2025-09-12,2025-09-12,5,True,2
CNT07544,2,General,2025-05-17,2025-05-20,2025-05-22,3,True,2
CNT07545,2,General,2025-07-26,2025-08-01,2025-07-31,6,False,2
CNT07546,2,Reefer,2025-08-09,2025-08-11,2025-08-14,2,True,2
CNT07547,2,General,2025-07-18,2025-07-25,2025-07-23,7,False,2
CNT07548,2,Tank,2025-08-20,2025-09-04,2025-08-25,15,False,2
CNT07549,2,General,2025-07-25,2025-08-04,2025-07-30,10,False,2
CNT07550,2,General,2025-07-08,2025-07-11,2025-07-13,3,True,2
CNT07551,2,Hazardous,2025-06-30,2025-07-11,2025-07-05,11,False,2
CNT07552,2,Hazardous,2025-05-28,2025-06-04,2025-06-02,7,False,2
CNT07553,2,Reefer,2025-05-18,2025-05-22,2025-05-23,4,True,2
CNT07554,2,Hazardous,2025-07-18,2025-08-07,2025-07-23,20,False,2
CNT07555,2,Tank,2025-09-02,2025-09-05,2025-09-07,3,True,2
CNT07556,2,General,2025-04-02,2025-04-05,2025-04-07,3,True,2
CNT07557,2,Reefer,2025-08-26,2025-09-13,2025-08-31,18,False,2
CNT07558,2,Reefer,2025-08-06,2025-08-11,2025-08-11,5,True,2
CNT07559,2,Hazardous,2025-05-31,2025-06-03,2025-06-05,3,True,2
CNT07560,2,Reefer,2025-08-07,2025-08-25,2025-08-12,18,False,2
CNT07561,2,General,2025-06-08,2025-06-18,2025-06-13,10,False,2
CNT07562,2,Tank,2025-07-15,2025-07-28,2025-07-20,13,False,2
CNT07563,2,General,2025-08-18,2025-08-21,2025-08-23,3,True,2
CNT07564,2,Tank,2025-08-26,2025-09-06,2025-08-31,11,False,2
CNT07565,2,Hazardous,2025-07-03,2025-07-11,2025-07-08,8,False,2
CNT07566,2,Hazardous,2025-04-09,2025-04-15,2025-04-14,6,False,2
CNT07567,2,General,2025-04-10,2025-04-13,2025-04-15,3,True,2
CNT07568,2,Reefer,2025-08-24,2025-08-27,2025-08-29,3,True,2
CNT07569,2,General,2025-08-02,2025-08-08,2025-08-07,6,False,2
CNT07570,2,General,2025-09-28,2025-10-19,2025-10-03,21,False,2
CNT07571,2,Tank,2025-07-04,2025-07-07,2025-07-09,3,True,2
CNT07572,2,Reefer,2025-04-29,2025-05-12,2025-05-04,13,False,2
CNT07573,2,Hazardous,2025-08-27,2025-09-04,2025-09-01,8,False,2
CNT07574,2,Tank,2025-08-02,2025-08-07,2025-08-07,5,True,2
CNT07575,2,Hazardous,2025-09-24,2025-09-30,2025-09-29,6,False,2
CNT07576,2,Tank,2025-04-21,2025-04-29,2025-04-26,8,False,2
CNT07577,2,General,2025-05-07,2025-05-09,2025-05-12,2,True,2
CNT07578,2,Tank,2025-08-13,2025-08-19,2025-08-18,6,False,2
CNT07579,2,General,2025-06-11,2025-06-15,2025-06-16,4,True,2
CNT07580,2,Tank,2025-07-29,2025-08-01,2025-08-03,3,True,2
CNT07581,2,Reefer,2025-08-11,2025-08-30,2025-08-16,19,False,2
CNT07582,2,Reefer,2025-04-21,2025-04-24,2025-04-26,3,True,2
CNT07583,2,General,2025-08-12,2025-08-19,2025-08-17,7,False,2
CNT07584,2,Hazardous,2025-09-04,2025-09-10,2025-09-09,6,False,2
CNT07585,2,Hazardous,2025-04-23,2025-04-28,2025-04-28,5,True,2
CNT07586,2,Reefer,2025-06-02,2025-06-11,2025-06-07,9,False,2
CNT07587,2,Hazardous,2025-07-30,2025-08-17,2025-08-04,18,False,2
CNT07588,2,Tank,2025-09-09,2025-09-15,2025-09-14,6,False,2
CNT07589,2,Tank,2025-09-17,2025-09-21,2025-09-22,4,True,2
CNT07590,2,Hazardous,2025-09-19,2025-09-27,2025-09-24,8,False,2
CNT07591,2,General,2025-04-20,2025-04-23,2025-04-25,3,True,2
CNT07592,2,General,2025-09-23,2025-09-28,2025-09-28,5,True,2
CNT07593,2,General,2025-09-10,2025-09-13,2025-09-15,3,True,2
CNT07594,2,Hazardous,2025-08-17,2025-09-05,2025-08-22,19,False,2
CNT07595,2,Reefer,2025-08-27,2025-08-30,2025-09-01,3,True,2
CNT07596,2,Hazardous,2025-06-19,2025-06-22,2025-06-24,3,True,2
CNT07597,2,General,2025-09-04,2025-09-08,2025-09-09,4,True,2
CNT07598,2,General,2025-04-14,2025-04-25,2025-04-19,11,False,2
CNT07599,2,General,2025-06-27,2025-07-01,2025-07-02,4,True,2
CNT07600,2,Reefer,2025-08-15,2025-08-22,2025-08-20,7,False,2
CNT07601,2,General,2025-04-03,2025-04-05,2025-04-08,2,True,2
CNT07602,2,Reefer,2025-07-30,2025-08-07,2025-08-04,8,False,2
CNT07603,2,General,2025-07-26,2025-08-01,2025-07-31,6,False,2
CNT07604,2,General,2025-08-10,2025-08-11,2025-08-15,1,True,2
CNT07605,2,Hazardous,2025-07-30,2025-08-04,2025-08-04,5,True,2
CNT07606,2,Hazardous,2025-08-25,2025-09-04,2025-08-30,10,False,2
CNT07607,2,General,2025-06-24,2025-07-04,2025-06-29,10,False,2
CNT07608,2,General,2025-07-17,2025-07-23,2025-07-22,6,False,2
CNT07609,2,Reefer,2025-06-30,2025-07-06,2025-07-05,6,False,2
CNT07610,2,Tank,2025-06-15,2025-06-28,2025-06-20,13,False,2
CNT07611,2,Tank,2025-06-14,2025-06-18,2025-06-19,4,True,2
CNT07612,2,General,2025-05-13,2025-05-17,2025-05-18,4,True,2
CNT07613,2,Hazardous,2025-04-10,2025-04-16,2025-04-15,6,False,2
CNT07614,2,Tank,2025-09-25,2025-09-28,2025-09-30,3,True,2
CNT07615,2,General,2025-08-31,2025-09-05,2025-09-05,5,True,2
CNT07616,2,General,2025-06-17,2025-06-19,2025-06-22,2,True,2
CNT07617,2,Tank,2025-08-23,2025-09-01,2025-08-28,9,False,2
CNT07618,2,General,2025-06-06,2025-06-18,2025-06-11,12,False,2
CNT07619,2,General,2025-04-16,2025-04-17,2025-04-21,1,True,2
CNT07620,2,Hazardous,2025-09-09,2025-09-17,2025-09-14,8,False,2
CNT07621,2,Tank,2025-07-31,2025-08-15,2025-08-05,15,False,2
CNT07622,2,Hazardous,2025-08-27,2025-09-11,2025-09-01,15,False,2
CNT07623,2,Tank,2025-05-14,2025-05-26,2025-05-19,12,False,2
CNT07624,2,General,2025-08-25,2025-08-30,2025-08-30,5,True,2
CNT07625,2,Hazardous,2025-04-14,2025-04-16,2025-04-19,2,True,2
CNT07626,2,Tank,2025-09-16,2025-09-22,2025-09-21,6,False,2
CNT07627,2,General,2025-06-14,2025-06-19,2025-06-19,5,True,2
CNT07628,2,General,2025-09-07,2025-09-13,2025-09-12,6,False,2
CNT07629,2,General,2025-04-07,2025-04-09,2025-04-12,2,True,2
CNT07630,2,Hazardous,2025-06-13,2025-06-15,2025-06-18,2,True,2
CNT07631,2,Reefer,2025-08-03,2025-08-09,2025-08-08,6,False,2
CNT07632,2,Hazardous,2025-04-22,2025-04-26,2025-04-27,4,True,2
CNT07633,2,General,2025-05-03,2025-05-04,2025-05-08,1,True,2
CNT07634,2,General,2025-08-08,2025-08-12,2025-08-13,4,True,2
CNT07635,2,General,2025-04-20,2025-04-28,2025-04-25,8,False,2
CNT07636,2,Hazardous,2025-06-11,2025-06-16,2025-06-16,5,True,2
CNT07637,2,General,2025-06-04,2025-06-14,2025-06-09,10,False,2
CNT07638,2,General,2025-05-04,2025-05-10,2025-05-09,6,False,2
CNT07639,2,Reefer,2025-09-05,2025-09-08,2025-09-10,3,True,2
CNT07640,2,General,2025-06-11,2025-06-20,2025-06-16,9,False,2
CNT07641,2,Tank,2025-06-10,2025-06-13,2025-06-15,3,True,2
CNT07642,2,General,2025-06-05,2025-06-07,2025-06-10,2,True,2
CNT07643,2,General,2025-04-04,2025-04-08,2025-04-09,4,True,2
CNT07644,2,Tank,2025-04-29,2025-05-02,2025-05-04,3,True,2
CNT07645,2,Reefer,2025-09-02,2025-09-08,2025-09-07,6,False,2
CNT07646,2,Tank,2025-05-15,2025-05-19,2025-05-20,4,True,2
CNT07647,2,Tank,2025-08-30,2025-09-14,2025-09-04,15,False,2
CNT07648,2,Reefer,2025-05-09,2025-05-12,2025-05-14,3,True,2
CNT07649,2,Reefer,2025-09-16,2025-09-19,2025-09-21,3,True,2
CNT07650,2,General,2025-07-24,2025-07-28,2025-07-29,4,True,2
CNT07651,2,Hazardous,2025-07-04,2025-07-07,2025-07-09,3,True,2
CNT07652,2,Tank,2025-05-15,2025-05-18,2025-05-20,3,True,2
CNT07653,2,Tank,2025-06-06,2025-06-16,2025-06-11,10,False,2
CNT07654,2,Tank,2025-09-27,2025-10-01,2025-10-02,4,True,2
CNT07655,2,General,2025-05-31,2025-06-03,2025-06-05,3,True,2
CNT07656,2,General,2025-08-03,2025-08-06,2025-08-08,3,True,2
CNT07657,2,Tank,2025-05-17,2025-05-30,2025-05-22,13,False,2
CNT07658,2,Tank,2025-08-14,2025-08-22,2025-08-19,8,False,2
CNT07659,2,Reefer,2025-04-09,2025-04-12,2025-04-14,3,True,2
CNT07660,2,Tank,2025-06-27,2025-07-07,2025-07-02,10,False,2
CNT07661,2,Tank,2025-04-22,2025-05-01,2025-04-27,9,False,2
CNT07662,2,Reefer,2025-05-08,2025-05-16,2025-05-13,8,False,2
CNT07663,2,Tank,2025-08-31,2025-09-13,2025-09-05,13,False,2
CNT07664,2,Hazardous,2025-05-10,2025-05-14,2025-05-15,4,True,2
CNT07665,2,Hazardous,2025-08-05,2025-08-08,2025-08-10,3,True,2
CNT07666,2,Tank,2025-07-15,2025-07-18,2025-07-20,3,True,2
CNT07667,2,General,2025-07-08,2025-07-14,2025-07-13,6,False,2
CNT07668,2,General,2025-05-31,2025-06-05,2025-06-05,5,True,2
CNT07669,2,Reefer,2025-09-17,2025-09-21,2025-09-22,4,True,2
CNT07670,2,Tank,2025-07-22,2025-07-26,2025-07-27,4,True,2
CNT07671,2,Reefer,2025-09-11,2025-09-17,2025-09-16,6,False,2
CNT07672,2,Reefer,2025-05-13,2025-05-17,2025-05-18,4,True,2
CNT07673,2,General,2025-05-24,2025-05-28,2025-05-29,4,True,2
CNT07674,2,Tank,2025-08-26,2025-08-29,2025-08-31,3,True,2
CNT07675,2,General,2025-06-28,2025-06-29,2025-07-03,1,True,2
CNT07676,2,General,2025-04-14,2025-04-17,2025-04-19,3,True,2
CNT07677,2,Hazardous,2025-09-12,2025-09-14,2025-09-17,2,True,2
CNT07678,2,General,2025-06-07,2025-06-11,2025-06-12,4,True,2
CNT07679,2,Hazardous,2025-04-30,2025-05-02,2025-05-05,2,True,2
CNT07680,2,Reefer,2025-04-14,2025-04-22,2025-04-19,8,False,2
CNT07681,2,Tank,2025-05-13,2025-05-18,2025-05-18,5,True,2
CNT07682,2,Tank,2025-07-28,2025-07-31,2025-08-02,3,True,2
CNT07683,2,Tank,2025-07-12,2025-07-17,2025-07-17,5,True,2
CNT07684,2,Tank,2025-07-31,2025-08-11,2025-08-05,11,False,2
CNT07685,2,Reefer,2025-06-17,2025-06-18,2025-06-22,1,True,2
CNT07686,2,General,2025-07-31,2025-08-05,2025-08-05,5,True,2
CNT07687,2,General,2025-08-15,2025-08-19,2025-08-20,4,True,2
CNT07688,2,Reefer,2025-05-30,2025-06-02,2025-06-04,3,True,2
CNT07689,2,Hazardous,2025-07-07,2025-07-14,2025-07-12,7,False,2
CNT07690,2,Tank,2025-09-22,2025-09-25,2025-09-27,3,True,2
CNT07691,2,General,2025-09-28,2025-10-08,2025-10-03,10,False,2
CNT07692,2,Tank,2025-07-09,2025-07-20,2025-07-14,11,False,2
CNT07693,2,Hazardous,2025-07-31,2025-08-03,2025-08-05,3,True,2
CNT07694,2,General,2025-06-07,2025-06-08,2025-06-12,1,True,2
CNT07695,2,Hazardous,2025-05-08,2025-05-18,2025-05-13,10,False,2
CNT07696,2,Tank,2025-08-14,2025-08-15,2025-08-19,1,True,2
CNT07697,2,Reefer,2025-07-21,2025-07-27,2025-07-26,6,False,2
CNT07698,2,Tank,2025-04-04,2025-04-07,2025-04-09,3,True,2
CNT07699,2,Reefer,2025-06-13,2025-06-15,2025-06-18,2,True,2
CNT07700,2,Tank,2025-07-24,2025-07-27,2025-07-29,3,True,2
CNT07701,2,General,2025-07-07,2025-07-08,2025-07-12,1,True,2
CNT07702,2,Hazardous,2025-09-21,2025-10-18,2025-09-26,27,False,2
CNT07703,2,Reefer,2025-06-20,2025-06-27,2025-06-25,7,False,2
CNT07704,2,General,2025-08-14,2025-08-27,2025-08-19,13,False,2
CNT07705,2,Reefer,2025-09-22,2025-09-29,2025-09-27,7,False,2
CNT07706,2,Reefer,2025-04-11,2025-04-17,2025-04-16,6,False,2
CNT07707,2,Hazardous,2025-04-25,2025-04-28,2025-04-30,3,True,2
CNT07708,2,Reefer,2025-08-15,2025-08-30,2025-08-20,15,False,2
CNT07709,2,General,2025-09-11,2025-09-14,2025-09-16,3,True,2
CNT07710,2,Hazardous,2025-06-30,2025-07-01,2025-07-05,1,True,2
CNT07711,2,Hazardous,2025-07-20,2025-07-22,2025-07-25,2,True,2
CNT07712,2,Hazardous,2025-09-04,2025-09-16,2025-09-09,12,False,2
CNT07713,2,Tank,2025-09-14,2025-09-19,2025-09-19,5,True,2
CNT07714,2,Tank,2025-06-09,2025-06-20,2025-06-14,11,False,2
CNT07715,2,General,2025-06-25,2025-07-08,2025-06-30,13,False,2
CNT07716,2,Tank,2025-06-09,2025-06-14,2025-06-14,5,True,2
CNT07717,2,Reefer,2025-06-08,2025-06-10,2025-06-13,2,True,2
CNT07718,2,Hazardous,2025-04-26,2025-04-29,2025-05-01,3,True,2
CNT07719,2,General,2025-06-05,2025-06-07,2025-06-10,2,True,2
CNT07720,2,General,2025-09-15,2025-09-17,2025-09-20,2,True,2
CNT07721,2,General,2025-08-28,2025-09-09,2025-09-02,12,False,2
CNT07722,2,Hazardous,2025-07-10,2025-07-15,2025-07-15,5,True,2
CNT07723,2,General,2025-07-28,2025-08-02,2025-08-02,5,True,2
CNT07724,2,Tank,2025-09-20,2025-09-24,2025-09-25,4,True,2
CNT07725,2,Reefer,2025-06-01,2025-06-07,2025-06-06,6,False,2
CNT07726,2,Hazardous,2025-09-20,2025-09-24,2025-09-25,4,True,2
CNT07727,2,General,2025-08-29,2025-09-04,2025-09-03,6,False,2
CNT07728,2,General,2025-05-20,2025-05-26,2025-05-25,6,False,2
CNT07729,2,General,2025-08-12,2025-08-15,2025-08-17,3,True,2
CNT07730,2,Tank,2025-06-26,2025-07-05,2025-07-01,9,False,2
CNT07731,2,Reefer,2025-09-21,2025-09-26,2025-09-26,5,True,2
CNT07732,2,Hazardous,2025-09-24,2025-09-30,2025-09-29,6,False,2
CNT07733,2,Tank,2025-05-17,2025-05-22,2025-05-22,5,True,2
CNT07734,2,General,2025-06-20,2025-07-01,2025-06-25,11,False,2
CNT07735,2,General,2025-08-19,2025-09-05,2025-08-24,17,False,2
CNT07736,2,Hazardous,2025-04-03,2025-04-05,2025-04-08,2,True,2
CNT07737,2,General,2025-09-20,2025-09-30,2025-09-25,10,False,2
CNT07738,2,Hazardous,2025-04-03,2025-04-07,2025-04-08,4,True,2
CNT07739,2,Reefer,2025-04-18,2025-04-23,2025-04-23,5,True,2
CNT07740,2,General,2025-04-04,2025-04-09,2025-04-09,5,True,2
CNT07741,2,General,2025-07-15,2025-07-22,2025-07-20,7,False,2
CNT07742,2,Tank,2025-04-26,2025-05-07,2025-05-01,11,False,2
CNT07743,2,General,2025-08-13,2025-08-22,2025-08-18,9,False,2
CNT07744,2,General,2025-04-27,2025-05-13,2025-05-02,16,False,2
CNT07745,2,Reefer,2025-09-23,2025-09-28,2025-09-28,5,True,2
CNT07746,2,Hazardous,2025-07-24,2025-08-01,2025-07-29,8,False,2
CNT07747,2,Tank,2025-06-29,2025-07-07,2025-07-04,8,False,2
CNT07748,2,General,2025-05-27,2025-06-15,2025-06-01,19,False,2
CNT07749,2,Tank,2025-06-12,2025-06-23,2025-06-17,11,False,2
CNT07750,2,General,2025-06-04,2025-06-07,2025-06-09,3,True,2
CNT07751,2,General,2025-05-20,2025-05-25,2025-05-25,5,True,2
CNT07752,2,Hazardous,2025-04-09,2025-04-12,2025-04-14,3,True,2
CNT07753,2,General,2025-04-07,2025-04-15,2025-04-12,8,False,2
CNT07754,2,Tank,2025-09-06,2025-09-12,2025-09-11,6,False,2
CNT07755,2,Hazardous,2025-04-24,2025-05-04,2025-04-29,10,False,2
CNT07756,2,Hazardous,2025-04-15,2025-04-18,2025-04-20,3,True,2
CNT07757,2,Hazardous,2025-08-31,2025-09-09,2025-09-05,9,False,2
CNT07758,2,Hazardous,2025-09-16,2025-09-21,2025-09-21,5,True,2
CNT07759,2,General,2025-05-26,2025-05-29,2025-05-31,3,True,2
CNT07760,2,Hazardous,2025-09-01,2025-09-12,2025-09-06,11,False,2
CNT07761,2,Tank,2025-09-11,2025-09-18,2025-09-16,7,False,2
CNT07762,2,General,2025-05-02,2025-05-05,2025-05-07,3,True,2
CNT07763,2,General,2025-05-01,2025-05-06,2025-05-06,5,True,2
CNT07764,2,General,2025-04-23,2025-04-25,2025-04-28,2,True,2
CNT07765,2,General,2025-09-02,2025-09-05,2025-09-07,3,True,2
CNT07766,2,Tank,2025-05-04,2025-05-12,2025-05-09,8,False,2
CNT07767,2,General,2025-07-06,2025-07-10,2025-07-11,4,True,2
CNT07768,2,Hazardous,2025-09-16,2025-09-22,2025-09-21,6,False,2
CNT07769,2,Tank,2025-09-13,2025-09-17,2025-09-18,4,True,2
CNT07770,2,Reefer,2025-08-23,2025-08-28,2025-08-28,5,True,2
CNT07771,2,General,2025-05-18,2025-05-24,2025-05-23,6,False,2
CNT07772,2,Reefer,2025-04-29,2025-05-06,2025-05-04,7,False,2
CNT07773,2,General,2025-09-26,2025-09-30,2025-10-01,4,True,2
CNT07774,2,Hazardous,2025-05-18,2025-06-09,2025-05-23,22,False,2
CNT07775,2,Tank,2025-06-04,2025-06-08,2025-06-09,4,True,2
CNT07776,2,Tank,2025-06-15,2025-06-20,2025-06-20,5,True,2
CNT07777,2,Tank,2025-07-29,2025-08-02,2025-08-03,4,True,2
CNT07778,2,General,2025-09-17,2025-09-21,2025-09-22,4,True,2
CNT07779,2,Tank,2025-04-20,2025-04-30,2025-04-25,10,False,2
CNT07780,2,Tank,2025-09-11,2025-10-12,2025-09-16,31,False,2
CNT07781,2,Reefer,2025-07-26,2025-07-30,2025-07-31,4,True,2
CNT07782,2,Tank,2025-06-10,2025-06-14,2025-06-15,4,True,2
CNT07783,2,General,2025-07-19,2025-08-11,2025-07-24,23,False,2
CNT07784,2,Reefer,2025-09-25,2025-10-01,2025-09-30,6,False,2
CNT07785,2,Tank,2025-09-18,2025-09-22,2025-09-23,4,True,2
CNT07786,2,Tank,2025-06-22,2025-06-25,2025-06-27,3,True,2
CNT07787,2,General,2025-06-05,2025-06-06,2025-06-10,1,True,2
CNT07788,2,Tank,2025-05-12,2025-05-22,2025-05-17,10,False,2
CNT07789,2,Reefer,2025-04-19,2025-05-01,2025-04-24,12,False,2
CNT07790,2,General,2025-06-10,2025-06-13,2025-06-15,3,True,2
CNT07791,2,Hazardous,2025-04-16,2025-04-25,2025-04-21,9,False,2
CNT07792,2,Tank,2025-07-07,2025-07-09,2025-07-12,2,True,2
CNT07793,2,General,2025-07-09,2025-07-14,2025-07-14,5,True,2
CNT07794,2,Tank,2025-06-25,2025-07-08,2025-06-30,13,False,2
CNT07795,2,General,2025-04-16,2025-04-28,2025-04-21,12,False,2
CNT07796,2,Tank,2025-06-06,2025-06-15,2025-06-11,9,False,2
CNT07797,2,General,2025-06-07,2025-07-03,2025-06-12,26,False,2
CNT07798,2,Hazardous,2025-05-16,2025-05-23,2025-05-21,7,False,2
CNT07799,2,Tank,2025-07-22,2025-07-25,2025-07-27,3,True,2
CNT07800,2,Tank,2025-04-18,2025-04-19,2025-04-23,1,True,2
CNT07801,2,Reefer,2025-08-04,2025-08-09,2025-08-09,5,True,2
CNT07802,2,General,2025-05-22,2025-05-28,2025-05-27,6,False,2
CNT07803,2,General,2025-09-04,2025-09-06,2025-09-09,2,True,2
CNT07804,2,Tank,2025-07-10,2025-07-18,2025-07-15,8,False,2
CNT07805,2,Tank,2025-05-16,2025-05-25,2025-05-21,9,False,2
CNT07806,2,General,2025-09-13,2025-09-27,2025-09-18,14,False,2
CNT07807,2,Hazardous,2025-08-04,2025-08-11,2025-08-09,7,False,2
CNT07808,2,General,2025-04-28,2025-05-05,2025-05-03,7,False,2
CNT07809,2,Reefer,2025-05-07,2025-05-12,2025-05-12,5,True,2
CNT07810,2,Tank,2025-08-17,2025-08-22,2025-08-22,5,True,2
CNT07811,2,General,2025-07-20,2025-07-22,2025-07-25,2,True,2
CNT07812,2,General,2025-05-26,2025-05-30,2025-05-31,4,True,2
CNT07813,2,General,2025-09-05,2025-09-15,2025-09-10,10,False,2
CNT07814,2,Tank,2025-09-12,2025-09-18,2025-09-17,6,False,2
CNT07815,2,General,2025-04-28,2025-05-01,2025-05-03,3,True,2
CNT07816,2,Hazardous,2025-07-23,2025-07-27,2025-07-28,4,True,2
CNT07817,2,Hazardous,2025-06-06,2025-06-10,2025-06-11,4,True,2
CNT07818,2,General,2025-04-27,2025-04-29,2025-05-02,2,True,2
CNT07819,2,Tank,2025-04-09,2025-04-12,2025-04-14,3,True,2
CNT07820,2,Hazardous,2025-04-19,2025-04-23,2025-04-24,4,True,2
CNT07821,2,General,2025-04-19,2025-04-22,2025-04-24,3,True,2
CNT07822,2,General,2025-08-25,2025-08-27,2025-08-30,2,True,2
CNT07823,2,Tank,2025-06-04,2025-06-07,2025-06-09,3,True,2
CNT07824,2,General,2025-07-24,2025-07-29,2025-07-29,5,True,2
CNT07825,2,General,2025-04-05,2025-04-16,2025-04-10,11,False,2
CNT07826,2,Hazardous,2025-08-06,2025-08-11,2025-08-11,5,True,2
CNT07827,2,Reefer,2025-05-09,2025-05-20,2025-05-14,11,False,2
CNT07828,2,General,2025-09-15,2025-09-25,2025-09-20,10,False,2
CNT07829,2,Hazardous,2025-09-11,2025-09-16,2025-09-16,5,True,2
CNT07830,2,Reefer,2025-04-01,2025-04-16,2025-04-06,15,False,2
CNT07831,2,Tank,2025-04-10,2025-04-24,2025-04-15,14,False,2
CNT07832,2,Reefer,2025-09-18,2025-09-21,2025-09-23,3,True,2
CNT07833,2,Hazardous,2025-07-09,2025-07-10,2025-07-14,1,True,2
CNT07834,2,Reefer,2025-06-08,2025-06-21,2025-06-13,13,False,2
CNT07835,2,Hazardous,2025-05-09,2025-05-15,2025-05-14,6,False,2
CNT07836,2,Tank,2025-09-27,2025-09-28,2025-10-02,1,True,2
CNT07837,2,General,2025-06-24,2025-07-07,2025-06-29,13,False,2
CNT07838,2,Reefer,2025-07-10,2025-07-12,2025-07-15,2,True,2
CNT07839,2,General,2025-08-26,2025-08-29,2025-08-31,3,True,2
CNT07840,2,Hazardous,2025-04-01,2025-04-07,2025-04-06,6,False,2
CNT07841,2,General,2025-08-10,2025-08-23,2025-08-15,13,False,2
CNT07842,2,Reefer,2025-08-04,2025-08-08,2025-08-09,4,True,2
CNT07843,2,Hazardous,2025-08-01,2025-08-09,2025-08-06,8,False,2
CNT07844,2,General,2025-07-21,2025-07-24,2025-07-26,3,True,2
CNT07845,2,Hazardous,2025-07-13,2025-07-25,2025-07-18,12,False,2
CNT07846,2,Reefer,2025-04-18,2025-04-21,2025-04-23,3,True,2
CNT07847,2,Hazardous,2025-08-17,2025-08-28,2025-08-22,11,False,2
CNT07848,2,Reefer,2025-05-28,2025-06-04,2025-06-02,7,False,2
CNT07849,2,Hazardous,2025-04-01,2025-04-04,2025-04-06,3,True,2
CNT07850,2,Reefer,2025-07-08,2025-07-16,2025-07-13,8,False,2
CNT07851,2,Tank,2025-09-24,2025-09-29,2025-09-29,5,True,2
CNT07852,2,Hazardous,2025-08-02,2025-08-08,2025-08-07,6,False,2
CNT07853,2,General,2025-05-02,2025-05-04,2025-05-07,2,True,2
CNT07854,2,General,2025-08-24,2025-08-28,2025-08-29,4,True,2
CNT07855,2,General,2025-08-16,2025-08-19,2025-08-21,3,True,2
CNT07856,2,General,2025-07-01,2025-07-02,2025-07-06,1,True,2
CNT07857,2,Reefer,2025-06-25,2025-07-03,2025-06-30,8,False,2
CNT07858,2,Hazardous,2025-09-22,2025-09-24,2025-09-27,2,True,2
CNT07859,2,Hazardous,2025-06-17,2025-06-20,2025-06-22,3,True,2
CNT07860,2,General,2025-07-12,2025-07-20,2025-07-17,8,False,2
CNT07861,2,Tank,2025-04-15,2025-05-11,2025-04-20,26,False,2
CNT07862,2,Hazardous,2025-09-09,2025-09-17,2025-09-14,8,False,2
CNT07863,2,Reefer,2025-09-13,2025-09-15,2025-09-18,2,True,2
CNT07864,2,Tank,2025-04-24,2025-05-05,2025-04-29,11,False,2
CNT07865,2,Reefer,2025-07-03,2025-07-11,2025-07-08,8,False,2
CNT07866,2,Hazardous,2025-08-15,2025-08-18,2025-08-20,3,True,2
CNT07867,2,Hazardous,2025-06-27,2025-07-12,2025-07-02,15,False,2
CNT07868,2,General,2025-04-21,2025-04-23,2025-04-26,2,True,2
CNT07869,2,General,2025-07-27,2025-08-13,2025-08-01,17,False,2
CNT07870,2,Reefer,2025-06-14,2025-07-03,2025-06-19,19,False,2
CNT07871,2,Hazardous,2025-09-13,2025-09-19,2025-09-18,6,False,2
CNT07872,2,General,2025-05-22,2025-05-25,2025-05-27,3,True,2
CNT07873,2,Hazardous,2025-05-16,2025-05-19,2025-05-21,3,True,2
CNT07874,2,Hazardous,2025-08-20,2025-08-24,2025-08-25,4,True,2
CNT07875,2,General,2025-04-11,2025-04-24,2025-04-16,13,False,2
CNT07876,2,Hazardous,2025-07-08,2025-07-11,2025-07-13,3,True,2
CNT07877,2,Hazardous,2025-09-17,2025-09-20,2025-09-22,3,True,2
CNT07878,2,General,2025-05-19,2025-05-21,2025-05-24,2,True,2
CNT07879,2,Hazardous,2025-06-16,2025-06-21,2025-06-21,5,True,2
CNT07880,2,General,2025-09-26,2025-10-02,2025-10-01,6,False,2
CNT07881,2,General,2025-07-09,2025-07-17,2025-07-14,8,False,2
CNT07882,2,Tank,2025-04-28,2025-04-29,2025-05-03,1,True,2
CNT07883,2,General,2025-09-09,2025-09-16,2025-09-14,7,False,2
CNT07884,2,Tank,2025-09-24,2025-10-04,2025-09-29,10,False,2
CNT07885,2,Hazardous,2025-07-01,2025-07-03,2025-07-06,2,True,2
CNT07886,2,General,2025-08-03,2025-08-08,2025-08-08,5,True,2
CNT07887,2,General,2025-04-22,2025-04-25,2025-04-27,3,True,2
CNT07888,2,General,2025-09-09,2025-09-15,2025-09-14,6,False,2
CNT07889,2,Hazardous,2025-07-22,2025-07-23,2025-07-27,1,True,2
CNT07890,2,Tank,2025-05-19,2025-05-23,2025-05-24,4,True,2
CNT07891,2,Hazardous,2025-05-06,2025-05-07,2025-05-11,1,True,2
CNT07892,2,Hazardous,2025-04-10,2025-04-30,2025-04-15,20,False,2
CNT07893,2,Tank,2025-05-20,2025-05-22,2025-05-25,2,True,2
CNT07894,2,Hazardous,2025-04-07,2025-04-10,2025-04-12,3,True,2
CNT07895,2,Hazardous,2025-08-30,2025-08-31,2025-09-04,1,True,2
CNT07896,2,General,2025-06-01,2025-06-11,2025-06-06,10,False,2
CNT07897,2,Hazardous,2025-08-04,2025-08-14,2025-08-09,10,False,2
CNT07898,2,General,2025-07-09,2025-07-13,2025-07-14,4,True,2
CNT07899,2,Reefer,2025-04-17,2025-04-21,2025-04-22,4,True,2
CNT07900,2,Tank,2025-08-17,2025-09-10,2025-08-22,24,False,2
CNT07901,2,Reefer,2025-09-12,2025-09-20,2025-09-17,8,False,2
CNT07902,2,Reefer,2025-06-18,2025-06-29,2025-06-23,11,False,2
CNT07903,2,General,2025-08-06,2025-08-12,2025-08-11,6,False,2
CNT07904,2,General,2025-08-15,2025-08-22,2025-08-20,7,False,2
CNT07905,2,Tank,2025-07-25,2025-08-01,2025-07-30,7,False,2
CNT07906,2,Tank,2025-04-05,2025-04-17,2025-04-10,12,False,2
CNT07907,2,General,2025-04-10,2025-04-11,2025-04-15,1,True,2
CNT07908,2,General,2025-06-26,2025-06-29,2025-07-01,3,True,2
CNT07909,2,Tank,2025-04-15,2025-04-21,2025-04-20,6,False,2
CNT07910,2,General,2025-06-26,2025-07-03,2025-07-01,7,False,2
CNT07911,2,General,2025-04-11,2025-04-13,2025-04-16,2,True,2
CNT07912,2,General,2025-07-13,2025-07-16,2025-07-18,3,True,2
CNT07913,2,Tank,2025-05-01,2025-05-02,2025-05-06,1,True,2
CNT07914,2,General,2025-05-25,2025-05-30,2025-05-30,5,True,2
CNT07915,2,Hazardous,2025-09-15,2025-09-30,2025-09-20,15,False,2
CNT07916,2,General,2025-09-18,2025-09-28,2025-09-23,10,False,2
CNT07917,2,Reefer,2025-08-12,2025-08-25,2025-08-17,13,False,2
CNT07918,2,Hazardous,2025-07-27,2025-08-03,2025-08-01,7,False,2
CNT07919,2,General,2025-09-21,2025-09-24,2025-09-26,3,True,2
CNT07920,2,Reefer,2025-08-16,2025-08-19,2025-08-21,3,True,2
CNT07921,2,Tank,2025-05-09,2025-05-12,2025-05-14,3,True,2
CNT07922,2,Tank,2025-08-27,2025-09-04,2025-09-01,8,False,2
CNT07923,2,Reefer,2025-05-30,2025-06-05,2025-06-04,6,False,2
CNT07924,2,General,2025-04-19,2025-04-22,2025-04-24,3,True,2
CNT07925,2,Tank,2025-04-10,2025-04-16,2025-04-15,6,False,2
CNT07926,2,Tank,2025-05-07,2025-05-20,2025-05-12,13,False,2
CNT07927,2,General,2025-08-04,2025-08-07,2025-08-09,3,True,2
CNT07928,2,General,2025-09-15,2025-09-18,2025-09-20,3,True,2
CNT07929,2,Tank,2025-04-05,2025-04-08,2025-04-10,3,True,2
CNT07930,2,Tank,2025-07-30,2025-08-03,2025-08-04,4,True,2
CNT07931,2,General,2025-09-06,2025-09-08,2025-09-11,2,True,2
CNT07932,2,General,2025-04-12,2025-04-17,2025-04-17,5,True,2
CNT07933,2,General,2025-06-02,2025-06-09,2025-06-07,7,False,2
CNT07934,2,Reefer,2025-09-27,2025-10-01,2025-10-02,4,True,2
CNT07935,2,Tank,2025-09-14,2025-09-21,2025-09-19,7,False,2
CNT07936,2,Hazardous,2025-05-04,2025-05-09,2025-05-09,5,True,2
CNT07937,2,General,2025-04-04,2025-04-13,2025-04-09,9,False,2
CNT07938,2,General,2025-05-15,2025-05-21,2025-05-20,6,False,2
CNT07939,2,Tank,2025-09-09,2025-09-14,2025-09-14,5,True,2
CNT07940,2,Reefer,2025-04-13,2025-04-17,2025-04-18,4,True,2
CNT07941,2,Tank,2025-06-18,2025-06-19,2025-06-23,1,True,2
CNT07942,2,Tank,2025-04-25,2025-05-06,2025-04-30,11,False,2
CNT07943,2,Tank,2025-07-26,2025-08-02,2025-07-31,7,False,2
CNT07944,2,General,2025-09-04,2025-09-07,2025-09-09,3,True,2
CNT07945,2,General,2025-05-14,2025-05-17,2025-05-19,3,True,2
CNT07946,2,Tank,2025-08-30,2025-09-02,2025-09-04,3,True,2
CNT07947,2,Tank,2025-04-17,2025-04-20,2025-04-22,3,True,2
CNT07948,2,Tank,2025-04-28,2025-05-14,2025-05-03,16,False,2
CNT07949,2,General,2025-04-30,2025-05-03,2025-05-05,3,True,2
CNT07950,2,Reefer,2025-08-06,2025-08-14,2025-08-11,8,False,2
CNT07951,2,Hazardous,2025-08-31,2025-09-04,2025-09-05,4,True,2
CNT07952,2,Hazardous,2025-09-05,2025-09-13,2025-09-10,8,False,2
CNT07953,2,General,2025-05-27,2025-05-30,2025-06-01,3,True,2
CNT07954,2,Reefer,2025-04-17,2025-04-25,2025-04-22,8,False,2
CNT07955,2,Reefer,2025-05-22,2025-06-03,2025-05-27,12,False,2
CNT07956,2,General,2025-07-19,2025-08-09,2025-07-24,21,False,2
CNT07957,2,Tank,2025-06-26,2025-07-07,2025-07-01,11,False,2
CNT07958,2,General,2025-09-21,2025-09-24,2025-09-26,3,True,2
CNT07959,2,Hazardous,2025-07-12,2025-07-14,2025-07-17,2,True,2
CNT07960,2,General,2025-06-23,2025-06-24,2025-06-28,1,True,2
CNT07961,2,Tank,2025-05-01,2025-05-03,2025-05-06,2,True,2
CNT07962,2,General,2025-09-23,2025-09-26,2025-09-28,3,True,2
CNT07963,2,General,2025-08-26,2025-08-29,2025-08-31,3,True,2
CNT07964,2,Tank,2025-08-18,2025-08-20,2025-08-23,2,True,2
CNT07965,2,Hazardous,2025-05-06,2025-05-12,2025-05-11,6,False,2
CNT07966,2,General,2025-06-22,2025-06-25,2025-06-27,3,True,2
CNT07967,2,Reefer,2025-05-25,2025-06-06,2025-05-30,12,False,2
CNT07968,2,Tank,2025-04-12,2025-04-14,2025-04-17,2,True,2
CNT07969,2,General,2025-08-30,2025-09-15,2025-09-04,16,False,2
CNT07970,2,General,2025-05-15,2025-05-16,2025-05-20,1,True,2
CNT07971,2,Tank,2025-06-25,2025-06-30,2025-06-30,5,True,2
CNT07972,2,General,2025-04-17,2025-04-26,2025-04-22,9,False,2
CNT07973,2,Hazardous,2025-05-01,2025-05-05,2025-05-06,4,True,2
CNT07974,2,General,2025-06-10,2025-06-14,2025-06-15,4,True,2
CNT07975,2,Hazardous,2025-05-07,2025-05-16,2025-05-12,9,False,2
CNT07976,2,General,2025-07-16,2025-07-19,2025-07-21,3,True,2
CNT07977,2,Reefer,2025-05-14,2025-05-17,2025-05-19,3,True,2
CNT07978,2,General,2025-09-26,2025-09-29,2025-10-01,3,True,2
CNT07979,2,Reefer,2025-07-04,2025-07-09,2025-07-09,5,True,2
CNT07980,2,General,2025-08-20,2025-08-25,2025-08-25,5,True,2
CNT07981,2,General,2025-05-13,2025-05-17,2025-05-18,4,True,2
CNT07982,2,Hazardous,2025-07-22,2025-07-31,2025-07-27,9,False,2
CNT07983,2,Reefer,2025-06-02,2025-06-06,2025-06-07,4,True,2
CNT07984,2,Reefer,2025-08-27,2025-09-01,2025-09-01,5,True,2
CNT07985,2,General,2025-04-11,2025-04-20,2025-04-16,9,False,2
CNT07986,2,Reefer,2025-05-05,2025-05-11,2025-05-10,6,False,2
CNT07987,2,Hazardous,2025-04-26,2025-05-02,2025-05-01,6,False,2
CNT07988,2,Tank,2025-09-09,2025-09-15,2025-09-14,6,False,2
CNT07989,2,Tank,2025-09-04,2025-09-17,2025-09-09,13,False,2
CNT07990,2,General,2025-07-06,2025-07-09,2025-07-11,3,True,2
CNT07991,2,General,2025-05-11,2025-05-13,2025-05-16,2,True,2
CNT07992,2,Hazardous,2025-04-05,2025-04-08,2025-04-10,3,True,2
CNT07993,2,Hazardous,2025-08-03,2025-08-08,2025-08-08,5,True,2
CNT07994,2,General,2025-04-21,2025-04-25,2025-04-26,4,True,2
CNT07995,2,General,2025-04-02,2025-04-05,2025-04-07,3,True,2
CNT07996,2,Hazardous,2025-04-02,2025-04-05,2025-04-07,3,True,2
CNT07997,2,Hazardous,2025-05-16,2025-05-25,2025-05-21,9,False,2
CNT07998,2,Tank,2025-04-23,2025-04-28,2025-04-28,5,True,2
CNT07999,2,General,2025-09-28,2025-10-07,2025-10-03,9,False,2
CNT08000,2,General,2025-09-14,2025-09-15,2025-09-19,1,True,2
CNT08001,2,General,2025-08-30,2025-09-05,2025-09-04,6,False,2
CNT08002,2,Tank,2025-06-12,2025-06-24,2025-06-17,12,False,2
CNT08003,2,Tank,2025-07-16,2025-07-25,2025-07-21,9,False,2
CNT08004,2,Hazardous,2025-09-25,2025-09-28,2025-09-30,3,True,2
CNT08005,2,Hazardous,2025-07-31,2025-08-05,2025-08-05,5,True,2
CNT08006,2,General,2025-09-25,2025-09-28,2025-09-30,3,True,2
CNT08007,2,Tank,2025-05-03,2025-05-11,2025-05-08,8,False,2
CNT08008,2,General,2025-05-23,2025-05-26,2025-05-28,3,True,2
CNT08009,2,Reefer,2025-05-07,2025-05-11,2025-05-12,4,True,2
CNT08010,2,Hazardous,2025-09-11,2025-09-15,2025-09-16,4,True,2
CNT08011,2,Tank,2025-06-09,2025-06-11,2025-06-14,2,True,2
CNT08012,2,General,2025-08-12,2025-08-18,2025-08-17,6,False,2
CNT08013,2,Tank,2025-07-25,2025-07-31,2025-07-30,6,False,2
CNT08014,2,Tank,2025-07-15,2025-07-28,2025-07-20,13,False,2
CNT08015,2,Hazardous,2025-06-01,2025-07-04,2025-06-06,33,False,2
CNT08016,2,Tank,2025-05-15,2025-05-18,2025-05-20,3,True,2
CNT08017,2,Reefer,2025-09-04,2025-09-08,2025-09-09,4,True,2
CNT08018,2,General,2025-09-25,2025-10-02,2025-09-30,7,False,2
CNT08019,2,General,2025-04-10,2025-04-13,2025-04-15,3,True,2
CNT08020,2,Tank,2025-08-31,2025-09-04,2025-09-05,4,True,2
CNT08021,2,Tank,2025-05-17,2025-05-19,2025-05-22,2,True,2
CNT08022,2,Hazardous,2025-08-06,2025-09-09,2025-08-11,34,False,2
CNT08023,2,Hazardous,2025-09-04,2025-09-06,2025-09-09,2,True,2
CNT08024,2,General,2025-04-23,2025-04-27,2025-04-28,4,True,2
CNT08025,2,General,2025-09-08,2025-09-13,2025-09-13,5,True,2
CNT08026,2,Tank,2025-06-17,2025-06-24,2025-06-22,7,False,2
CNT08027,2,General,2025-06-29,2025-07-11,2025-07-04,12,False,2
CNT08028,2,Hazardous,2025-07-17,2025-07-19,2025-07-22,2,True,2
CNT08029,2,Reefer,2025-04-02,2025-04-10,2025-04-07,8,False,2
CNT08030,2,Hazardous,2025-08-21,2025-08-22,2025-08-26,1,True,2
CNT08031,2,Tank,2025-05-31,2025-06-01,2025-06-05,1,True,2
CNT08032,2,General,2025-05-20,2025-05-31,2025-05-25,11,False,2
CNT08033,2,Tank,2025-05-01,2025-05-16,2025-05-06,15,False,2
CNT08034,2,Tank,2025-08-14,2025-08-18,2025-08-19,4,True,2
CNT08035,2,Hazardous,2025-04-25,2025-04-30,2025-04-30,5,True,2
CNT08036,2,General,2025-09-06,2025-09-10,2025-09-11,4,True,2
CNT08037,2,Reefer,2025-07-02,2025-07-08,2025-07-07,6,False,2
CNT08038,2,Hazardous,2025-08-17,2025-09-01,2025-08-22,15,False,2
CNT08039,2,General,2025-08-08,2025-08-10,2025-08-13,2,True,2
CNT08040,2,Hazardous,2025-05-27,2025-06-04,2025-06-01,8,False,2
CNT08041,2,General,2025-07-28,2025-07-29,2025-08-02,1,True,2
CNT08042,2,General,2025-09-08,2025-09-14,2025-09-13,6,False,2
CNT08043,2,General,2025-09-16,2025-09-19,2025-09-21,3,True,2
CNT08044,2,Tank,2025-05-24,2025-05-26,2025-05-29,2,True,2
CNT08045,2,Reefer,2025-06-10,2025-06-12,2025-06-15,2,True,2
CNT08046,2,Tank,2025-04-14,2025-04-19,2025-04-19,5,True,2
CNT08047,2,Tank,2025-05-20,2025-05-31,2025-05-25,11,False,2
CNT08048,2,General,2025-04-29,2025-05-03,2025-05-04,4,True,2
CNT08049,2,Tank,2025-05-09,2025-05-19,2025-05-14,10,False,2
CNT08050,2,Reefer,2025-09-23,2025-10-04,2025-09-28,11,False,2
CNT08051,2,General,2025-07-31,2025-08-08,2025-08-05,8,False,2
CNT08052,2,Hazardous,2025-08-06,2025-08-25,2025-08-11,19,False,2
CNT08053,2,Reefer,2025-05-16,2025-05-19,2025-05-21,3,True,2
CNT08054,2,General,2025-05-11,2025-05-15,2025-05-16,4,True,2
CNT08055,2,Hazardous,2025-09-19,2025-09-20,2025-09-24,1,True,2
CNT08056,2,General,2025-04-12,2025-04-20,2025-04-17,8,False,2
CNT08057,2,General,2025-04-14,2025-04-20,2025-04-19,6,False,2
CNT08058,2,General,2025-09-13,2025-09-26,2025-09-18,13,False,2
CNT08059,2,Hazardous,2025-07-03,2025-07-11,2025-07-08,8,False,2
CNT08060,2,Reefer,2025-06-12,2025-06-14,2025-06-17,2,True,2
CNT08061,2,General,2025-05-24,2025-05-28,2025-05-29,4,True,2
CNT08062,2,General,2025-07-21,2025-07-30,2025-07-26,9,False,2
CNT08063,2,Reefer,2025-06-04,2025-06-09,2025-06-09,5,True,2
CNT08064,2,Tank,2025-06-25,2025-06-28,2025-06-30,3,True,2
CNT08065,2,General,2025-09-05,2025-09-10,2025-09-10,5,True,2
CNT08066,2,General,2025-07-26,2025-07-29,2025-07-31,3,True,2
CNT08067,2,Hazardous,2025-04-12,2025-04-27,2025-04-17,15,False,2
CNT08068,2,General,2025-04-27,2025-05-05,2025-05-02,8,False,2
CNT08069,2,Hazardous,2025-04-14,2025-04-24,2025-04-19,10,False,2
CNT08070,2,General,2025-08-16,2025-08-23,2025-08-21,7,False,2
CNT08071,2,Hazardous,2025-05-16,2025-05-19,2025-05-21,3,True,2
CNT08072,2,General,2025-05-11,2025-05-14,2025-05-16,3,True,2
CNT08073,2,General,2025-04-08,2025-04-09,2025-04-13,1,True,2
CNT08074,2,Hazardous,2025-08-03,2025-08-05,2025-08-08,2,True,2
CNT08075,2,Tank,2025-08-10,2025-08-12,2025-08-15,2,True,2
CNT08076,2,Hazardous,2025-04-30,2025-05-05,2025-05-05,5,True,2
CNT08077,2,General,2025-04-19,2025-04-23,2025-04-24,4,True,2
CNT08078,2,General,2025-05-31,2025-06-05,2025-06-05,5,True,2
CNT08079,2,General,2025-07-23,2025-07-26,2025-07-28,3,True,2
CNT08080,2,General,2025-08-30,2025-09-09,2025-09-04,10,False,2
CNT08081,2,Reefer,2025-08-27,2025-08-29,2025-09-01,2,True,2
CNT08082,2,Tank,2025-06-23,2025-06-25,2025-06-28,2,True,2
CNT08083,2,General,2025-07-17,2025-07-23,2025-07-22,6,False,2
CNT08084,2,Hazardous,2025-05-21,2025-05-25,2025-05-26,4,True,2
CNT08085,2,Tank,2025-09-21,2025-09-26,2025-09-26,5,True,2
CNT08086,2,Reefer,2025-06-23,2025-06-29,2025-06-28,6,False,2
CNT08087,2,Tank,2025-05-29,2025-06-23,2025-06-03,25,False,2
CNT08088,2,Hazardous,2025-04-29,2025-05-03,2025-05-04,4,True,2
CNT08089,2,General,2025-06-23,2025-07-06,2025-06-28,13,False,2
CNT08090,2,Reefer,2025-05-29,2025-06-02,2025-06-03,4,True,2
CNT08091,2,Hazardous,2025-04-26,2025-04-28,2025-05-01,2,True,2
CNT08092,2,General,2025-05-31,2025-06-06,2025-06-05,6,False,2
CNT08093,2,Reefer,2025-07-15,2025-08-12,2025-07-20,28,False,2
CNT08094,2,General,2025-05-22,2025-06-03,2025-05-27,12,False,2
CNT08095,2,General,2025-07-06,2025-07-08,2025-07-11,2,True,2
CNT08096,2,Tank,2025-05-27,2025-05-30,2025-06-01,3,True,2
CNT08097,2,General,2025-04-19,2025-04-22,2025-04-24,3,True,2
CNT08098,2,General,2025-07-30,2025-08-05,2025-08-04,6,False,2
CNT08099,2,General,2025-08-28,2025-09-05,2025-09-02,8,False,2
CNT08100,2,Hazardous,2025-08-03,2025-08-06,2025-08-08,3,True,2
CNT08101,2,General,2025-04-14,2025-04-19,2025-04-19,5,True,2
CNT08102,2,Tank,2025-07-21,2025-07-26,2025-07-26,5,True,2
CNT08103,2,General,2025-05-08,2025-05-30,2025-05-13,22,False,2
CNT08104,2,Tank,2025-05-26,2025-05-28,2025-05-31,2,True,2
CNT08105,2,Reefer,2025-09-04,2025-09-08,2025-09-09,4,True,2
CNT08106,2,Tank,2025-07-26,2025-07-28,2025-07-31,2,True,2
CNT08107,2,General,2025-05-16,2025-05-29,2025-05-21,13,False,2
CNT08108,2,Hazardous,2025-07-09,2025-07-22,2025-07-14,13,False,2
CNT08109,2,Reefer,2025-07-05,2025-07-26,2025-07-10,21,False,2
CNT08110,2,Reefer,2025-05-05,2025-05-18,2025-05-10,13,False,2
CNT08111,2,General,2025-07-27,2025-07-31,2025-08-01,4,True,2
CNT08112,2,Reefer,2025-05-20,2025-05-27,2025-05-25,7,False,2
CNT08113,2,General,2025-09-09,2025-09-18,2025-09-14,9,False,2
CNT08114,2,General,2025-07-01,2025-07-08,2025-07-06,7,False,2
CNT08115,2,Hazardous,2025-06-09,2025-06-13,2025-06-14,4,True,2
CNT08116,2,Reefer,2025-05-22,2025-06-05,2025-05-27,14,False,2
CNT08117,2,Tank,2025-06-25,2025-06-26,2025-06-30,1,True,2
CNT08118,2,Hazardous,2025-05-03,2025-05-09,2025-05-08,6,False,2
CNT08119,2,General,2025-04-09,2025-04-18,2025-04-14,9,False,2
CNT08120,2,Reefer,2025-09-25,2025-09-30,2025-09-30,5,True,2
CNT08121,2,Hazardous,2025-08-24,2025-08-29,2025-08-29,5,True,2
CNT08122,2,Hazardous,2025-04-16,2025-04-18,2025-04-21,2,True,2
CNT08123,2,Tank,2025-06-11,2025-06-29,2025-06-16,18,False,2
CNT08124,2,General,2025-05-05,2025-05-17,2025-05-10,12,False,2
CNT08125,2,Hazardous,2025-04-29,2025-05-12,2025-05-04,13,False,2
CNT08126,2,Tank,2025-07-29,2025-08-01,2025-08-03,3,True,2
CNT08127,2,General,2025-07-27,2025-07-29,2025-08-01,2,True,2
CNT08128,2,Reefer,2025-07-17,2025-07-25,2025-07-22,8,False,2
CNT08129,2,Tank,2025-05-14,2025-05-19,2025-05-19,5,True,2
CNT08130,2,General,2025-06-27,2025-07-09,2025-07-02,12,False,2
CNT08131,2,Tank,2025-05-27,2025-05-28,2025-06-01,1,True,2
CNT08132,2,Hazardous,2025-06-15,2025-06-18,2025-06-20,3,True,2
CNT08133,2,General,2025-09-02,2025-09-04,2025-09-07,2,True,2
CNT08134,2,General,2025-05-11,2025-06-02,2025-05-16,22,False,2
CNT08135,2,Reefer,2025-09-11,2025-09-18,2025-09-16,7,False,2
CNT08136,2,Hazardous,2025-09-04,2025-09-09,2025-09-09,5,True,2
CNT08137,2,General,2025-05-14,2025-05-21,2025-05-19,7,False,2
CNT08138,2,Reefer,2025-08-26,2025-08-27,2025-08-31,1,True,2
CNT08139,2,General,2025-08-20,2025-08-24,2025-08-25,4,True,2
CNT08140,2,Hazardous,2025-05-29,2025-06-08,2025-06-03,10,False,2
CNT08141,2,General,2025-04-23,2025-04-24,2025-04-28,1,True,2
CNT08142,2,General,2025-07-15,2025-08-03,2025-07-20,19,False,2
CNT08143,2,Hazardous,2025-08-12,2025-08-13,2025-08-17,1,True,2
CNT08144,2,Hazardous,2025-08-04,2025-08-06,2025-08-09,2,True,2
CNT08145,2,General,2025-05-26,2025-06-15,2025-05-31,20,False,2
CNT08146,2,Hazardous,2025-08-30,2025-09-01,2025-09-04,2,True,2
CNT08147,2,General,2025-07-31,2025-08-23,2025-08-05,23,False,2
CNT08148,2,Tank,2025-07-28,2025-07-29,2025-08-02,1,True,2
CNT08149,2,General,2025-06-11,2025-06-15,2025-06-16,4,True,2
CNT08150,2,Hazardous,2025-04-04,2025-04-07,2025-04-09,3,True,2
CNT08151,2,Hazardous,2025-07-19,2025-07-21,2025-07-24,2,True,2
CNT08152,2,Reefer,2025-06-03,2025-06-16,2025-06-08,13,False,2
CNT08153,2,Tank,2025-06-03,2025-06-06,2025-06-08,3,True,2
CNT08154,2,General,2025-06-23,2025-06-30,2025-06-28,7,False,2
CNT08155,2,General,2025-07-21,2025-07-31,2025-07-26,10,False,2
CNT08156,2,Reefer,2025-08-27,2025-08-29,2025-09-01,2,True,2
CNT08157,2,Tank,2025-05-27,2025-06-17,2025-06-01,21,False,2
CNT08158,2,Reefer,2025-08-30,2025-09-04,2025-09-04,5,True,2
CNT08159,2,General,2025-05-09,2025-05-13,2025-05-14,4,True,2
CNT08160,2,General,2025-08-25,2025-08-31,2025-08-30,6,False,2
CNT08161,2,General,2025-04-02,2025-04-03,2025-04-07,1,True,2
CNT08162,2,General,2025-07-16,2025-07-22,2025-07-21,6,False,2
CNT08163,2,Tank,2025-04-12,2025-04-14,2025-04-17,2,True,2
CNT08164,2,Tank,2025-04-11,2025-04-12,2025-04-16,1,True,2
CNT08165,2,General,2025-07-30,2025-08-06,2025-08-04,7,False,2
CNT08166,2,General,2025-08-08,2025-08-15,2025-08-13,7,False,2
CNT08167,2,General,2025-04-09,2025-04-21,2025-04-14,12,False,2
CNT08168,2,General,2025-07-18,2025-07-22,2025-07-23,4,True,2
CNT08169,2,Reefer,2025-08-14,2025-08-17,2025-08-19,3,True,2
CNT08170,2,General,2025-07-10,2025-07-17,2025-07-15,7,False,2
CNT08171,2,Reefer,2025-08-01,2025-08-11,2025-08-06,10,False,2
CNT08172,2,Reefer,2025-09-26,2025-10-02,2025-10-01,6,False,2
CNT08173,2,Reefer,2025-04-26,2025-05-04,2025-05-01,8,False,2
CNT08174,2,General,2025-07-25,2025-07-29,2025-07-30,4,True,2
CNT08175,2,Hazardous,2025-08-05,2025-08-14,2025-08-10,9,False,2
CNT08176,2,General,2025-06-01,2025-06-04,2025-06-06,3,True,2
CNT08177,2,Tank,2025-04-22,2025-04-24,2025-04-27,2,True,2
CNT08178,2,Hazardous,2025-08-21,2025-08-26,2025-08-26,5,True,2
CNT08179,2,Tank,2025-04-04,2025-04-16,2025-04-09,12,False,2
CNT08180,2,Tank,2025-09-25,2025-10-03,2025-09-30,8,False,2
CNT08181,2,Hazardous,2025-07-14,2025-07-19,2025-07-19,5,True,2
CNT08182,2,General,2025-05-26,2025-05-28,2025-05-31,2,True,2
CNT08183,2,Reefer,2025-05-04,2025-05-11,2025-05-09,7,False,2
CNT08184,2,General,2025-07-01,2025-07-03,2025-07-06,2,True,2
CNT08185,2,Tank,2025-06-15,2025-06-26,2025-06-20,11,False,2
CNT08186,2,General,2025-06-01,2025-06-04,2025-06-06,3,True,2
CNT08187,2,General,2025-09-13,2025-09-17,2025-09-18,4,True,2
CNT08188,2,General,2025-04-24,2025-04-27,2025-04-29,3,True,2
CNT08189,2,Tank,2025-04-05,2025-04-13,2025-04-10,8,False,2
CNT08190,2,General,2025-08-01,2025-08-09,2025-08-06,8,False,2
CNT08191,2,Hazardous,2025-09-19,2025-09-23,2025-09-24,4,True,2
CNT08192,2,General,2025-06-18,2025-07-11,2025-06-23,23,False,2
CNT08193,2,Tank,2025-05-12,2025-05-19,2025-05-17,7,False,2
CNT08194,2,General,2025-09-28,2025-10-03,2025-10-03,5,True,2
CNT08195,2,Tank,2025-07-27,2025-08-02,2025-08-01,6,False,2
CNT08196,2,Tank,2025-08-25,2025-08-28,2025-08-30,3,True,2
CNT08197,2,General,2025-08-28,2025-08-31,2025-09-02,3,True,2
CNT08198,2,General,2025-04-07,2025-04-15,2025-04-12,8,False,2
CNT08199,2,General,2025-07-26,2025-07-29,2025-07-31,3,True,2
CNT08200,2,Reefer,2025-07-28,2025-08-01,2025-08-02,4,True,2
CNT08201,2,General,2025-05-06,2025-05-11,2025-05-11,5,True,2
CNT08202,2,Reefer,2025-09-28,2025-10-03,2025-10-03,5,True,2
CNT08203,2,Hazardous,2025-07-13,2025-07-17,2025-07-18,4,True,2
CNT08204,2,General,2025-05-18,2025-05-21,2025-05-23,3,True,2
CNT08205,2,Tank,2025-07-04,2025-07-19,2025-07-09,15,False,2
CNT08206,2,Reefer,2025-09-08,2025-09-11,2025-09-13,3,True,2
CNT08207,2,General,2025-07-28,2025-08-03,2025-08-02,6,False,2
CNT08208,2,Tank,2025-09-28,2025-10-05,2025-10-03,7,False,2
CNT08209,2,Hazardous,2025-09-10,2025-09-15,2025-09-15,5,True,2
CNT08210,2,General,2025-04-01,2025-04-07,2025-04-06,6,False,2
CNT08211,2,Tank,2025-09-08,2025-10-03,2025-09-13,25,False,2
CNT08212,2,Tank,2025-04-19,2025-04-26,2025-04-24,7,False,2
CNT08213,2,Tank,2025-07-08,2025-07-09,2025-07-13,1,True,2
CNT08214,2,Reefer,2025-09-24,2025-09-27,2025-09-29,3,True,2
CNT08215,2,General,2025-06-25,2025-07-12,2025-06-30,17,False,2
CNT08216,2,Reefer,2025-08-14,2025-08-26,2025-08-19,12,False,2
CNT08217,2,Hazardous,2025-04-09,2025-04-11,2025-04-14,2,True,2
CNT08218,2,Reefer,2025-06-15,2025-06-16,2025-06-20,1,True,2
CNT08219,2,Tank,2025-07-19,2025-07-22,2025-07-24,3,True,2
CNT08220,2,General,2025-06-09,2025-06-14,2025-06-14,5,True,2
CNT08221,2,Hazardous,2025-09-26,2025-09-28,2025-10-01,2,True,2
CNT08222,2,General,2025-09-04,2025-09-09,2025-09-09,5,True,2
CNT08223,2,Tank,2025-08-17,2025-08-19,2025-08-22,2,True,2
CNT08224,2,Tank,2025-08-26,2025-08-29,2025-08-31,3,True,2
CNT08225,2,Tank,2025-05-24,2025-05-31,2025-05-29,7,False,2
CNT08226,2,Hazardous,2025-09-23,2025-09-28,2025-09-28,5,True,2
CNT08227,2,General,2025-04-21,2025-05-02,2025-04-26,11,False,2
CNT08228,2,General,2025-09-06,2025-09-15,2025-09-11,9,False,2
CNT08229,2,Hazardous,2025-06-25,2025-06-28,2025-06-30,3,True,2
CNT08230,2,Tank,2025-04-15,2025-04-19,2025-04-20,4,True,2
CNT08231,2,General,2025-08-10,2025-08-13,2025-08-15,3,True,2
CNT08232,2,Hazardous,2025-09-20,2025-09-30,2025-09-25,10,False,2
CNT08233,2,General,2025-07-03,2025-07-05,2025-07-08,2,True,2
CNT08234,2,Tank,2025-04-14,2025-04-18,2025-04-19,4,True,2
CNT08235,2,Hazardous,2025-04-29,2025-05-09,2025-05-04,10,False,2
CNT08236,2,Hazardous,2025-07-08,2025-07-11,2025-07-13,3,True,2
CNT08237,2,Reefer,2025-07-03,2025-07-08,2025-07-08,5,True,2
CNT08238,2,Reefer,2025-07-29,2025-08-01,2025-08-03,3,True,2
CNT08239,2,Reefer,2025-09-06,2025-09-12,2025-09-11,6,False,2
CNT08240,2,Tank,2025-04-11,2025-04-13,2025-04-16,2,True,2
CNT08241,2,Tank,2025-07-03,2025-07-04,2025-07-08,1,True,2
CNT08242,2,Reefer,2025-07-03,2025-07-06,2025-07-08,3,True,2
CNT08243,2,Tank,2025-05-15,2025-05-23,2025-05-20,8,False,2
CNT08244,2,Reefer,2025-09-13,2025-09-17,2025-09-18,4,True,2
CNT08245,2,Reefer,2025-08-22,2025-08-28,2025-08-27,6,False,2
CNT08246,2,Hazardous,2025-09-28,2025-10-01,2025-10-03,3,True,2
CNT08247,2,Reefer,2025-04-18,2025-04-25,2025-04-23,7,False,2
CNT08248,2,Tank,2025-08-22,2025-08-27,2025-08-27,5,True,2
CNT08249,2,Reefer,2025-05-23,2025-05-26,2025-05-28,3,True,2
CNT08250,2,Reefer,2025-05-06,2025-05-11,2025-05-11,5,True,2
CNT08251,2,Tank,2025-06-25,2025-06-29,2025-06-30,4,True,2
CNT08252,2,Reefer,2025-06-01,2025-06-06,2025-06-06,5,True,2
CNT08253,2,Hazardous,2025-08-17,2025-08-25,2025-08-22,8,False,2
CNT08254,2,Tank,2025-04-30,2025-05-05,2025-05-05,5,True,2
CNT08255,2,Hazardous,2025-09-14,2025-09-17,2025-09-19,3,True,2
CNT08256,2,Hazardous,2025-08-01,2025-08-10,2025-08-06,9,False,2
CNT08257,2,Tank,2025-08-27,2025-09-09,2025-09-01,13,False,2
CNT08258,2,Tank,2025-09-27,2025-10-06,2025-10-02,9,False,2
CNT08259,2,Reefer,2025-05-24,2025-05-30,2025-05-29,6,False,2
CNT08260,2,Reefer,2025-05-28,2025-06-04,2025-06-02,7,False,2
CNT08261,2,Tank,2025-06-22,2025-06-27,2025-06-27,5,True,2
CNT08262,2,Tank,2025-06-30,2025-07-01,2025-07-05,1,True,2
CNT08263,2,Hazardous,2025-06-08,2025-06-10,2025-06-13,2,True,2
CNT08264,2,Tank,2025-08-07,2025-08-13,2025-08-12,6,False,2
CNT08265,2,General,2025-09-22,2025-10-01,2025-09-27,9,False,2
CNT08266,2,Hazardous,2025-07-18,2025-07-21,2025-07-23,3,True,2
CNT08267,2,General,2025-06-10,2025-06-14,2025-06-15,4,True,2
CNT08268,2,General,2025-04-14,2025-04-25,2025-04-19,11,False,2
CNT08269,2,Hazardous,2025-04-17,2025-04-21,2025-04-22,4,True,2
CNT08270,2,Reefer,2025-07-05,2025-07-14,2025-07-10,9,False,2
CNT08271,2,General,2025-06-28,2025-07-09,2025-07-03,11,False,2
CNT08272,2,Tank,2025-07-25,2025-08-02,2025-07-30,8,False,2
CNT08273,2,Reefer,2025-08-03,2025-08-22,2025-08-08,19,False,2
CNT08274,2,Hazardous,2025-08-07,2025-08-10,2025-08-12,3,True,2
CNT08275,2,Reefer,2025-08-13,2025-08-14,2025-08-18,1,True,2
CNT08276,2,General,2025-05-02,2025-05-07,2025-05-07,5,True,2
CNT08277,2,Tank,2025-07-30,2025-08-01,2025-08-04,2,True,2
CNT08278,2,Tank,2025-08-15,2025-08-20,2025-08-20,5,True,2
CNT08279,2,Tank,2025-09-21,2025-09-25,2025-09-26,4,True,2
CNT08280,2,General,2025-08-15,2025-08-16,2025-08-20,1,True,2
CNT08281,2,Hazardous,2025-06-14,2025-06-18,2025-06-19,4,True,2
CNT08282,2,Hazardous,2025-07-25,2025-07-27,2025-07-30,2,True,2
CNT08283,2,Reefer,2025-09-06,2025-09-09,2025-09-11,3,True,2
CNT08284,2,General,2025-07-04,2025-07-06,2025-07-09,2,True,2
CNT08285,2,General,2025-09-20,2025-09-23,2025-09-25,3,True,2
CNT08286,2,Tank,2025-09-25,2025-10-05,2025-09-30,10,False,2
CNT08287,2,Reefer,2025-04-17,2025-04-20,2025-04-22,3,True,2
CNT08288,2,Tank,2025-05-19,2025-05-21,2025-05-24,2,True,2
CNT08289,2,General,2025-07-27,2025-07-29,2025-08-01,2,True,2
CNT08290,2,Reefer,2025-04-23,2025-04-27,2025-04-28,4,True,2
CNT08291,2,Reefer,2025-04-21,2025-05-25,2025-04-26,34,False,2
CNT08292,2,Reefer,2025-07-10,2025-07-14,2025-07-15,4,True,2
CNT08293,2,Reefer,2025-05-16,2025-05-26,2025-05-21,10,False,2
CNT08294,2,Hazardous,2025-06-13,2025-06-16,2025-06-18,3,True,2
CNT08295,2,Hazardous,2025-04-20,2025-04-23,2025-04-25,3,True,2
CNT08296,2,General,2025-04-28,2025-05-01,2025-05-03,3,True,2
CNT08297,2,General,2025-05-13,2025-05-17,2025-05-18,4,True,2
CNT08298,2,Tank,2025-06-10,2025-06-17,2025-06-15,7,False,2
CNT08299,2,Reefer,2025-04-29,2025-05-03,2025-05-04,4,True,2
CNT08300,2,Reefer,2025-09-26,2025-10-10,2025-10-01,14,False,2
CNT08301,2,General,2025-05-08,2025-05-26,2025-05-13,18,False,2
CNT08302,2,Tank,2025-08-06,2025-08-15,2025-08-11,9,False,2
CNT08303,2,Reefer,2025-05-09,2025-05-17,2025-05-14,8,False,2
CNT08304,2,Tank,2025-05-23,2025-05-24,2025-05-28,1,True,2
CNT08305,2,Reefer,2025-08-12,2025-08-16,2025-08-17,4,True,2
CNT08306,2,Hazardous,2025-09-08,2025-09-09,2025-09-13,1,True,2
CNT08307,2,General,2025-04-06,2025-04-10,2025-04-11,4,True,2
CNT08308,2,General,2025-06-15,2025-06-18,2025-06-20,3,True,2
CNT08309,2,General,2025-07-16,2025-07-19,2025-07-21,3,True,2
CNT08310,2,Tank,2025-09-22,2025-09-25,2025-09-27,3,True,2
CNT08311,2,General,2025-08-17,2025-08-20,2025-08-22,3,True,2
CNT08312,2,General,2025-05-04,2025-05-07,2025-05-09,3,True,2
CNT08313,2,Tank,2025-07-31,2025-08-02,2025-08-05,2,True,2
CNT08314,2,Hazardous,2025-06-28,2025-07-15,2025-07-03,17,False,2
CNT08315,2,Tank,2025-07-17,2025-07-20,2025-07-22,3,True,2
CNT08316,2,Hazardous,2025-07-23,2025-07-30,2025-07-28,7,False,2
CNT08317,2,General,2025-09-13,2025-10-01,2025-09-18,18,False,2
CNT08318,2,General,2025-04-06,2025-04-11,2025-04-11,5,True,2
CNT08319,2,General,2025-06-14,2025-06-28,2025-06-19,14,False,2
CNT08320,2,Tank,2025-05-19,2025-06-03,2025-05-24,15,False,2
CNT08321,2,Tank,2025-04-17,2025-04-19,2025-04-22,2,True,2
CNT08322,2,General,2025-04-06,2025-04-08,2025-04-11,2,True,2
CNT08323,2,Hazardous,2025-05-30,2025-06-06,2025-06-04,7,False,2
CNT08324,2,General,2025-08-12,2025-08-26,2025-08-17,14,False,2
CNT08325,2,General,2025-09-13,2025-09-29,2025-09-18,16,False,2
CNT08326,2,General,2025-06-25,2025-07-06,2025-06-30,11,False,2
CNT08327,2,Reefer,2025-07-15,2025-07-18,2025-07-20,3,True,2
CNT08328,2,Reefer,2025-08-27,2025-09-02,2025-09-01,6,False,2
CNT08329,2,General,2025-06-27,2025-07-01,2025-07-02,4,True,2
CNT08330,2,General,2025-09-15,2025-09-17,2025-09-20,2,True,2
CNT08331,2,General,2025-09-13,2025-09-16,2025-09-18,3,True,2
CNT08332,2,Tank,2025-06-23,2025-07-06,2025-06-28,13,False,2
CNT08333,2,General,2025-08-03,2025-08-05,2025-08-08,2,True,2
CNT08334,2,Hazardous,2025-08-30,2025-08-31,2025-09-04,1,True,2
CNT08335,2,General,2025-09-18,2025-09-21,2025-09-23,3,True,2
CNT08336,2,Tank,2025-09-26,2025-10-03,2025-10-01,7,False,2
CNT08337,2,General,2025-08-14,2025-08-22,2025-08-19,8,False,2
CNT08338,2,Tank,2025-08-19,2025-09-02,2025-08-24,14,False,2
CNT08339,2,Hazardous,2025-07-23,2025-07-31,2025-07-28,8,False,2
CNT08340,2,Tank,2025-07-27,2025-07-29,2025-08-01,2,True,2
CNT08341,2,Tank,2025-06-17,2025-06-26,2025-06-22,9,False,2
CNT08342,2,Reefer,2025-08-24,2025-08-27,2025-08-29,3,True,2
CNT08343,2,General,2025-05-04,2025-05-10,2025-05-09,6,False,2
CNT08344,2,General,2025-06-18,2025-06-25,2025-06-23,7,False,2
CNT08345,2,General,2025-05-14,2025-05-20,2025-05-19,6,False,2
CNT08346,2,Reefer,2025-06-06,2025-06-14,2025-06-11,8,False,2
CNT08347,2,Hazardous,2025-05-29,2025-05-31,2025-06-03,2,True,2
CNT08348,2,Tank,2025-08-02,2025-08-05,2025-08-07,3,True,2
CNT08349,2,General,2025-07-05,2025-07-12,2025-07-10,7,False,2
CNT08350,2,Tank,2025-06-13,2025-06-18,2025-06-18,5,True,2
CNT08351,2,Reefer,2025-04-13,2025-04-14,2025-04-18,1,True,2
CNT08352,2,Reefer,2025-05-08,2025-05-13,2025-05-13,5,True,2
CNT08353,2,General,2025-06-30,2025-07-08,2025-07-05,8,False,2
CNT08354,2,General,2025-06-12,2025-06-15,2025-06-17,3,True,2
CNT08355,2,Hazardous,2025-07-26,2025-08-01,2025-07-31,6,False,2
CNT08356,2,General,2025-05-13,2025-05-17,2025-05-18,4,True,2
CNT08357,2,Tank,2025-09-06,2025-09-12,2025-09-11,6,False,2
CNT08358,2,Tank,2025-05-12,2025-05-13,2025-05-17,1,True,2
CNT08359,2,Reefer,2025-08-16,2025-08-28,2025-08-21,12,False,2
CNT08360,2,Reefer,2025-06-13,2025-06-27,2025-06-18,14,False,2
CNT08361,2,General,2025-05-17,2025-05-19,2025-05-22,2,True,2
CNT08362,2,Tank,2025-05-15,2025-05-20,2025-05-20,5,True,2
CNT08363,2,General,2025-09-25,2025-10-05,2025-09-30,10,False,2
CNT08364,2,Hazardous,2025-09-18,2025-09-28,2025-09-23,10,False,2
CNT08365,2,Hazardous,2025-05-10,2025-05-22,2025-05-15,12,False,2
CNT08366,2,General,2025-05-12,2025-05-23,2025-05-17,11,False,2
CNT08367,2,Reefer,2025-05-31,2025-06-08,2025-06-05,8,False,2
CNT08368,2,General,2025-04-30,2025-05-08,2025-05-05,8,False,2
CNT08369,2,General,2025-04-11,2025-04-30,2025-04-16,19,False,2
CNT08370,2,Hazardous,2025-06-21,2025-06-26,2025-06-26,5,True,2
CNT08371,2,General,2025-08-26,2025-09-02,2025-08-31,7,False,2
CNT08372,2,Hazardous,2025-05-03,2025-05-04,2025-05-08,1,True,2
CNT08373,2,Tank,2025-07-22,2025-07-30,2025-07-27,8,False,2
CNT08374,2,Tank,2025-06-06,2025-06-30,2025-06-11,24,False,2
CNT08375,2,Tank,2025-07-04,2025-07-08,2025-07-09,4,True,2
CNT08376,2,Hazardous,2025-05-18,2025-05-22,2025-05-23,4,True,2
CNT08377,2,General,2025-05-23,2025-05-27,2025-05-28,4,True,2
CNT08378,2,Tank,2025-08-22,2025-08-28,2025-08-27,6,False,2
CNT08379,2,General,2025-04-09,2025-04-14,2025-04-14,5,True,2
CNT08380,2,General,2025-09-18,2025-10-02,2025-09-23,14,False,2
CNT08381,2,General,2025-06-21,2025-06-25,2025-06-26,4,True,2
CNT08382,2,Hazardous,2025-06-28,2025-07-19,2025-07-03,21,False,2
CNT08383,2,General,2025-05-08,2025-05-13,2025-05-13,5,True,2
CNT08384,2,Reefer,2025-07-05,2025-07-16,2025-07-10,11,False,2
CNT08385,2,General,2025-07-24,2025-07-30,2025-07-29,6,False,2
CNT08386,2,General,2025-08-17,2025-08-25,2025-08-22,8,False,2
CNT08387,2,Reefer,2025-05-12,2025-05-14,2025-05-17,2,True,2
CNT08388,2,Hazardous,2025-08-15,2025-08-16,2025-08-20,1,True,2
CNT08389,2,General,2025-06-17,2025-06-29,2025-06-22,12,False,2
CNT08390,2,Hazardous,2025-05-02,2025-05-04,2025-05-07,2,True,2
CNT08391,2,General,2025-04-07,2025-04-11,2025-04-12,4,True,2
CNT08392,2,General,2025-07-13,2025-07-19,2025-07-18,6,False,2
CNT08393,2,Reefer,2025-08-06,2025-08-10,2025-08-11,4,True,2
CNT08394,2,Hazardous,2025-05-08,2025-05-14,2025-05-13,6,False,2
CNT08395,2,Tank,2025-07-27,2025-07-31,2025-08-01,4,True,2
CNT08396,2,Tank,2025-06-21,2025-06-22,2025-06-26,1,True,2
CNT08397,2,Tank,2025-05-10,2025-05-23,2025-05-15,13,False,2
CNT08398,2,Hazardous,2025-04-02,2025-04-04,2025-04-07,2,True,2
CNT08399,2,Hazardous,2025-08-18,2025-08-22,2025-08-23,4,True,2
CNT08400,2,Tank,2025-08-08,2025-08-11,2025-08-13,3,True,2
CNT08401,2,Reefer,2025-06-24,2025-07-03,2025-06-29,9,False,2
CNT08402,2,General,2025-09-13,2025-09-21,2025-09-18,8,False,2
CNT08403,2,Tank,2025-09-28,2025-10-06,2025-10-03,8,False,2
CNT08404,2,General,2025-06-15,2025-06-20,2025-06-20,5,True,2
CNT08405,2,Tank,2025-07-31,2025-08-12,2025-08-05,12,False,2
CNT08406,2,Tank,2025-06-14,2025-06-27,2025-06-19,13,False,2
CNT08407,2,General,2025-08-25,2025-08-28,2025-08-30,3,True,2
CNT08408,2,General,2025-09-18,2025-09-21,2025-09-23,3,True,2
CNT08409,2,General,2025-05-08,2025-05-11,2025-05-13,3,True,2
CNT08410,2,General,2025-08-23,2025-08-31,2025-08-28,8,False,2
CNT08411,2,Tank,2025-07-23,2025-07-31,2025-07-28,8,False,2
CNT08412,2,Tank,2025-06-26,2025-07-09,2025-07-01,13,False,2
CNT08413,2,Tank,2025-09-24,2025-10-02,2025-09-29,8,False,2
CNT08414,2,Tank,2025-04-29,2025-05-04,2025-05-04,5,True,2
CNT08415,2,Tank,2025-08-01,2025-08-03,2025-08-06,2,True,2
CNT08416,2,Reefer,2025-04-11,2025-04-16,2025-04-16,5,True,2
CNT08417,2,General,2025-05-06,2025-05-12,2025-05-11,6,False,2
CNT08418,2,Reefer,2025-09-21,2025-09-28,2025-09-26,7,False,2
CNT08419,2,Tank,2025-08-20,2025-08-24,2025-08-25,4,True,2
CNT08420,2,General,2025-04-30,2025-05-04,2025-05-05,4,True,2
CNT08421,2,Reefer,2025-06-18,2025-06-26,2025-06-23,8,False,2
CNT08422,2,General,2025-04-07,2025-04-19,2025-04-12,12,False,2
CNT08423,2,Hazardous,2025-07-12,2025-07-17,2025-07-17,5,True,2
CNT08424,2,Hazardous,2025-09-06,2025-09-19,2025-09-11,13,False,2
CNT08425,2,General,2025-05-27,2025-06-03,2025-06-01,7,False,2
CNT08426,2,Hazardous,2025-07-24,2025-07-28,2025-07-29,4,True,2
CNT08427,2,Reefer,2025-07-01,2025-07-13,2025-07-06,12,False,2
CNT08428,2,Hazardous,2025-04-24,2025-05-01,2025-04-29,7,False,2
CNT08429,2,General,2025-06-23,2025-06-26,2025-06-28,3,True,2
CNT08430,2,Reefer,2025-04-15,2025-04-22,2025-04-20,7,False,2
CNT08431,2,Hazardous,2025-09-03,2025-09-07,2025-09-08,4,True,2
CNT08432,2,General,2025-09-12,2025-09-26,2025-09-17,14,False,2
CNT08433,2,Reefer,2025-05-20,2025-05-25,2025-05-25,5,True,2
CNT08434,2,Tank,2025-08-28,2025-09-01,2025-09-02,4,True,2
CNT08435,2,Reefer,2025-08-13,2025-08-18,2025-08-18,5,True,2
CNT08436,2,Hazardous,2025-05-27,2025-06-01,2025-06-01,5,True,2
CNT08437,2,Tank,2025-06-11,2025-06-17,2025-06-16,6,False,2
CNT08438,2,General,2025-05-21,2025-05-25,2025-05-26,4,True,2
CNT08439,2,Hazardous,2025-04-06,2025-04-08,2025-04-11,2,True,2
CNT08440,2,Reefer,2025-04-22,2025-04-28,2025-04-27,6,False,2
CNT08441,2,Hazardous,2025-08-16,2025-08-29,2025-08-21,13,False,2
CNT08442,2,Hazardous,2025-07-24,2025-07-31,2025-07-29,7,False,2
CNT08443,2,Hazardous,2025-09-21,2025-10-02,2025-09-26,11,False,2
CNT08444,2,Reefer,2025-09-19,2025-10-09,2025-09-24,20,False,2
CNT08445,2,General,2025-04-23,2025-04-28,2025-04-28,5,True,2
CNT08446,2,General,2025-08-10,2025-08-18,2025-08-15,8,False,2
CNT08447,2,Tank,2025-07-10,2025-07-16,2025-07-15,6,False,2
CNT08448,2,General,2025-05-20,2025-05-23,2025-05-25,3,True,2
CNT08449,2,General,2025-08-04,2025-08-27,2025-08-09,23,False,2
CNT08450,2,Tank,2025-06-21,2025-06-25,2025-06-26,4,True,2
CNT08451,2,Hazardous,2025-09-02,2025-09-06,2025-09-07,4,True,2
CNT08452,2,General,2025-09-02,2025-09-10,2025-09-07,8,False,2
CNT08453,2,General,2025-08-09,2025-08-14,2025-08-14,5,True,2
CNT08454,2,General,2025-04-15,2025-04-17,2025-04-20,2,True,2
CNT08455,2,Hazardous,2025-09-18,2025-09-25,2025-09-23,7,False,2
CNT08456,2,Hazardous,2025-07-02,2025-07-07,2025-07-07,5,True,2
CNT08457,2,Tank,2025-07-11,2025-07-18,2025-07-16,7,False,2
CNT08458,2,General,2025-05-08,2025-05-15,2025-05-13,7,False,2
CNT08459,2,Tank,2025-07-19,2025-07-26,2025-07-24,7,False,2
CNT08460,2,Hazardous,2025-07-04,2025-07-20,2025-07-09,16,False,2
CNT08461,2,Hazardous,2025-07-08,2025-07-20,2025-07-13,12,False,2
CNT08462,2,General,2025-07-05,2025-07-13,2025-07-10,8,False,2
CNT08463,2,General,2025-04-04,2025-04-07,2025-04-09,3,True,2
CNT08464,2,Tank,2025-06-12,2025-06-22,2025-06-17,10,False,2
CNT08465,2,Reefer,2025-06-28,2025-07-03,2025-07-03,5,True,2
CNT08466,2,Tank,2025-06-29,2025-07-03,2025-07-04,4,True,2
CNT08467,2,Reefer,2025-06-18,2025-06-25,2025-06-23,7,False,2
CNT08468,2,Hazardous,2025-07-24,2025-07-29,2025-07-29,5,True,2
CNT08469,2,Hazardous,2025-08-22,2025-08-27,2025-08-27,5,True,2
CNT08470,2,General,2025-04-23,2025-04-28,2025-04-28,5,True,2
CNT08471,2,Reefer,2025-05-26,2025-06-01,2025-05-31,6,False,2
CNT08472,2,Tank,2025-07-23,2025-07-27,2025-07-28,4,True,2
CNT08473,2,General,2025-07-16,2025-07-24,2025-07-21,8,False,2
CNT08474,2,Reefer,2025-07-23,2025-07-29,2025-07-28,6,False,2
CNT08475,2,Hazardous,2025-06-13,2025-06-15,2025-06-18,2,True,2
CNT08476,2,Tank,2025-05-12,2025-05-19,2025-05-17,7,False,2
CNT08477,2,Hazardous,2025-07-18,2025-07-20,2025-07-23,2,True,2
CNT08478,2,Hazardous,2025-07-16,2025-07-25,2025-07-21,9,False,2
CNT08479,2,Tank,2025-05-06,2025-05-10,2025-05-11,4,True,2
CNT08480,2,Hazardous,2025-08-29,2025-09-06,2025-09-03,8,False,2
CNT08481,2,Reefer,2025-09-01,2025-09-04,2025-09-06,3,True,2
CNT08482,2,Reefer,2025-04-23,2025-04-25,2025-04-28,2,True,2
CNT08483,2,General,2025-05-07,2025-05-09,2025-05-12,2,True,2
CNT08484,2,Hazardous,2025-05-24,2025-06-27,2025-05-29,34,False,2
CNT08485,2,General,2025-06-17,2025-06-21,2025-06-22,4,True,2
CNT08486,2,Hazardous,2025-07-31,2025-08-08,2025-08-05,8,False,2
CNT08487,2,Tank,2025-08-13,2025-08-16,2025-08-18,3,True,2
CNT08488,2,Tank,2025-06-25,2025-06-29,2025-06-30,4,True,2
CNT08489,2,General,2025-04-17,2025-04-19,2025-04-22,2,True,2
CNT08490,2,General,2025-08-30,2025-09-02,2025-09-04,3,True,2
CNT08491,2,Tank,2025-07-06,2025-07-08,2025-07-11,2,True,2
CNT08492,2,General,2025-04-23,2025-04-25,2025-04-28,2,True,2
CNT08493,2,Hazardous,2025-04-02,2025-04-26,2025-04-07,24,False,2
CNT08494,2,Hazardous,2025-07-14,2025-07-16,2025-07-19,2,True,2
CNT08495,2,Hazardous,2025-09-11,2025-09-12,2025-09-16,1,True,2
CNT08496,2,Reefer,2025-06-09,2025-06-13,2025-06-14,4,True,2
CNT08497,2,Tank,2025-07-16,2025-07-18,2025-07-21,2,True,2
CNT08498,2,Tank,2025-05-15,2025-05-18,2025-05-20,3,True,2
CNT08499,2,Reefer,2025-08-21,2025-08-24,2025-08-26,3,True,2
CNT08500,2,Reefer,2025-07-28,2025-08-12,2025-08-02,15,False,2
CNT08501,2,Tank,2025-08-24,2025-08-30,2025-08-29,6,False,2
CNT08502,2,General,2025-05-06,2025-05-28,2025-05-11,22,False,2
CNT08503,2,General,2025-05-22,2025-05-23,2025-05-27,1,True,2
CNT08504,2,General,2025-05-18,2025-05-22,2025-05-23,4,True,2
CNT08505,2,Hazardous,2025-07-07,2025-07-14,2025-07-12,7,False,2
CNT08506,2,Hazardous,2025-06-14,2025-06-27,2025-06-19,13,False,2
CNT08507,2,Hazardous,2025-08-20,2025-08-23,2025-08-25,3,True,2
CNT08508,2,Hazardous,2025-08-04,2025-08-08,2025-08-09,4,True,2
CNT08509,2,Tank,2025-04-11,2025-04-15,2025-04-16,4,True,2
CNT08510,2,General,2025-06-17,2025-06-23,2025-06-22,6,False,2
CNT08511,2,General,2025-08-28,2025-09-08,2025-09-02,11,False,2
CNT08512,2,Hazardous,2025-06-17,2025-06-21,2025-06-22,4,True,2
CNT08513,2,Tank,2025-08-05,2025-08-08,2025-08-10,3,True,2
CNT08514,2,Hazardous,2025-08-22,2025-08-27,2025-08-27,5,True,2
CNT08515,2,Reefer,2025-07-28,2025-08-06,2025-08-02,9,False,2
CNT08516,2,Tank,2025-05-28,2025-06-01,2025-06-02,4,True,2
CNT08517,2,General,2025-04-07,2025-04-23,2025-04-12,16,False,2
CNT08518,2,General,2025-04-01,2025-04-02,2025-04-06,1,True,2
CNT08519,2,Hazardous,2025-05-10,2025-05-18,2025-05-15,8,False,2
CNT08520,2,Tank,2025-06-07,2025-06-13,2025-06-12,6,False,2
CNT08521,2,Tank,2025-06-16,2025-06-17,2025-06-21,1,True,2
CNT08522,2,Hazardous,2025-09-11,2025-09-17,2025-09-16,6,False,2
CNT08523,2,Reefer,2025-09-10,2025-09-25,2025-09-15,15,False,2
CNT08524,2,Hazardous,2025-07-30,2025-08-01,2025-08-04,2,True,2
CNT08525,2,General,2025-05-02,2025-05-04,2025-05-07,2,True,2
CNT08526,2,Tank,2025-09-15,2025-09-20,2025-09-20,5,True,2
CNT08527,2,General,2025-09-18,2025-09-20,2025-09-23,2,True,2
CNT08528,2,General,2025-06-13,2025-06-14,2025-06-18,1,True,2
CNT08529,2,General,2025-07-16,2025-07-25,2025-07-21,9,False,2
CNT08530,2,General,2025-05-16,2025-05-22,2025-05-21,6,False,2
CNT08531,2,General,2025-08-04,2025-08-10,2025-08-09,6,False,2
CNT08532,2,Tank,2025-09-24,2025-09-25,2025-09-29,1,True,2
CNT08533,2,Hazardous,2025-09-13,2025-10-13,2025-09-18,30,False,2
CNT08534,2,Hazardous,2025-06-02,2025-06-06,2025-06-07,4,True,2
CNT08535,2,Tank,2025-04-08,2025-04-11,2025-04-13,3,True,2
CNT08536,2,General,2025-05-01,2025-05-04,2025-05-06,3,True,2
CNT08537,2,General,2025-06-10,2025-06-18,2025-06-15,8,False,2
CNT08538,2,Reefer,2025-08-05,2025-08-08,2025-08-10,3,True,2
CNT08539,2,Hazardous,2025-04-18,2025-04-25,2025-04-23,7,False,2
CNT08540,2,Reefer,2025-09-01,2025-09-06,2025-09-06,5,True,2
CNT08541,2,Hazardous,2025-07-02,2025-07-16,2025-07-07,14,False,2
CNT08542,2,Tank,2025-08-27,2025-09-03,2025-09-01,7,False,2
CNT08543,2,Tank,2025-08-02,2025-08-05,2025-08-07,3,True,2
CNT08544,2,Tank,2025-08-23,2025-08-27,2025-08-28,4,True,2
CNT08545,2,Reefer,2025-07-21,2025-07-25,2025-07-26,4,True,2
CNT08546,2,Hazardous,2025-06-06,2025-06-08,2025-06-11,2,True,2
CNT08547,2,Tank,2025-09-08,2025-09-18,2025-09-13,10,False,2
CNT08548,2,General,2025-09-23,2025-10-07,2025-09-28,14,False,2
CNT08549,2,Tank,2025-07-31,2025-08-04,2025-08-05,4,True,2
CNT08550,2,General,2025-09-25,2025-10-02,2025-09-30,7,False,2
CNT08551,2,Hazardous,2025-05-01,2025-05-17,2025-05-06,16,False,2
CNT08552,2,General,2025-07-05,2025-07-12,2025-07-10,7,False,2
CNT08553,2,Hazardous,2025-08-10,2025-08-22,2025-08-15,12,False,2
CNT08554,2,Tank,2025-08-26,2025-08-31,2025-08-31,5,True,2
CNT08555,2,General,2025-04-05,2025-04-07,2025-04-10,2,True,2
CNT08556,2,Tank,2025-06-06,2025-06-16,2025-06-11,10,False,2
CNT08557,2,Reefer,2025-05-12,2025-05-16,2025-05-17,4,True,2
CNT08558,2,Tank,2025-08-27,2025-08-30,2025-09-01,3,True,2
CNT08559,2,Tank,2025-04-15,2025-04-18,2025-04-20,3,True,2
CNT08560,2,Reefer,2025-05-08,2025-05-15,2025-05-13,7,False,2
CNT08561,2,Hazardous,2025-06-21,2025-06-26,2025-06-26,5,True,2
CNT08562,2,General,2025-07-28,2025-08-02,2025-08-02,5,True,2
CNT08563,2,General,2025-09-25,2025-10-03,2025-09-30,8,False,2
CNT08564,2,Tank,2025-05-05,2025-05-09,2025-05-10,4,True,2
CNT08565,2,Tank,2025-07-01,2025-07-12,2025-07-06,11,False,2
CNT08566,2,Tank,2025-05-12,2025-05-13,2025-05-17,1,True,2
CNT08567,2,General,2025-04-14,2025-04-17,2025-04-19,3,True,2
CNT08568,2,General,2025-06-09,2025-06-20,2025-06-14,11,False,2
CNT08569,2,General,2025-07-02,2025-07-05,2025-07-07,3,True,2
CNT08570,2,General,2025-07-17,2025-07-19,2025-07-22,2,True,2
CNT08571,2,Tank,2025-09-10,2025-09-20,2025-09-15,10,False,2
CNT08572,2,Tank,2025-07-01,2025-07-03,2025-07-06,2,True,2
CNT08573,2,General,2025-04-13,2025-04-17,2025-04-18,4,True,2
CNT08574,2,General,2025-06-14,2025-06-16,2025-06-19,2,True,2
CNT08575,2,General,2025-06-14,2025-06-19,2025-06-19,5,True,2
CNT08576,2,General,2025-08-14,2025-08-15,2025-08-19,1,True,2
CNT08577,2,General,2025-09-11,2025-09-14,2025-09-16,3,True,2
CNT08578,2,General,2025-04-20,2025-04-22,2025-04-25,2,True,2
CNT08579,2,General,2025-08-10,2025-08-13,2025-08-15,3,True,2
CNT08580,2,Hazardous,2025-05-20,2025-06-14,2025-05-25,25,False,2
CNT08581,2,Tank,2025-09-08,2025-09-19,2025-09-13,11,False,2
CNT08582,2,Tank,2025-05-17,2025-05-29,2025-05-22,12,False,2
CNT08583,2,Hazardous,2025-04-25,2025-05-03,2025-04-30,8,False,2
CNT08584,2,General,2025-09-01,2025-09-05,2025-09-06,4,True,2
CNT08585,2,Reefer,2025-05-13,2025-05-20,2025-05-18,7,False,2
CNT08586,2,General,2025-08-18,2025-08-19,2025-08-23,1,True,2
CNT08587,2,Reefer,2025-06-22,2025-07-02,2025-06-27,10,False,2
CNT08588,2,General,2025-06-20,2025-06-25,2025-06-25,5,True,2
CNT08589,2,Hazardous,2025-09-23,2025-10-02,2025-09-28,9,False,2
CNT08590,2,General,2025-06-17,2025-06-28,2025-06-22,11,False,2
CNT08591,2,Hazardous,2025-06-09,2025-06-13,2025-06-14,4,True,2
CNT08592,2,General,2025-09-23,2025-09-25,2025-09-28,2,True,2
CNT08593,2,Reefer,2025-09-26,2025-10-23,2025-10-01,27,False,2
CNT08594,2,Reefer,2025-09-24,2025-10-12,2025-09-29,18,False,2
CNT08595,2,Hazardous,2025-07-02,2025-07-07,2025-07-07,5,True,2
CNT08596,2,Hazardous,2025-04-25,2025-04-27,2025-04-30,2,True,2
CNT08597,2,General,2025-08-15,2025-08-18,2025-08-20,3,True,2
CNT08598,2,Tank,2025-08-27,2025-09-03,2025-09-01,7,False,2
CNT08599,2,General,2025-06-30,2025-07-02,2025-07-05,2,True,2
CNT08600,2,Tank,2025-05-07,2025-05-14,2025-05-12,7,False,2
CNT08601,2,Reefer,2025-04-04,2025-04-05,2025-04-09,1,True,2
CNT08602,2,General,2025-05-06,2025-05-11,2025-05-11,5,True,2
CNT08603,2,General,2025-08-11,2025-08-20,2025-08-16,9,False,2
CNT08604,2,Tank,2025-06-12,2025-06-19,2025-06-17,7,False,2
CNT08605,2,Reefer,2025-07-05,2025-07-10,2025-07-10,5,True,2
CNT08606,2,Tank,2025-08-03,2025-08-16,2025-08-08,13,False,2
CNT08607,2,Hazardous,2025-07-15,2025-07-18,2025-07-20,3,True,2
CNT08608,2,General,2025-06-27,2025-07-02,2025-07-02,5,True,2
CNT08609,2,General,2025-05-12,2025-05-24,2025-05-17,12,False,2
CNT08610,2,Reefer,2025-04-27,2025-05-01,2025-05-02,4,True,2
CNT08611,2,Hazardous,2025-05-26,2025-05-31,2025-05-31,5,True,2
CNT08612,2,General,2025-05-10,2025-05-14,2025-05-15,4,True,2
CNT08613,2,General,2025-08-07,2025-08-12,2025-08-12,5,True,2
CNT08614,2,Reefer,2025-05-27,2025-05-31,2025-06-01,4,True,2
CNT08615,2,General,2025-05-19,2025-05-22,2025-05-24,3,True,2
CNT08616,2,General,2025-08-22,2025-08-24,2025-08-27,2,True,2
CNT08617,2,Hazardous,2025-09-05,2025-09-22,2025-09-10,17,False,2
CNT08618,2,Tank,2025-09-24,2025-09-27,2025-09-29,3,True,2
CNT08619,2,Hazardous,2025-08-13,2025-08-14,2025-08-18,1,True,2
CNT08620,2,General,2025-08-15,2025-08-21,2025-08-20,6,False,2
CNT08621,2,General,2025-08-20,2025-08-23,2025-08-25,3,True,2
CNT08622,2,General,2025-09-27,2025-10-06,2025-10-02,9,False,2
CNT08623,2,Hazardous,2025-04-30,2025-05-10,2025-05-05,10,False,2
CNT08624,2,General,2025-07-16,2025-07-21,2025-07-21,5,True,2
CNT08625,2,Hazardous,2025-07-27,2025-07-31,2025-08-01,4,True,2
CNT08626,2,Tank,2025-04-20,2025-04-21,2025-04-25,1,True,2
CNT08627,2,General,2025-04-30,2025-05-06,2025-05-05,6,False,2
CNT08628,2,Hazardous,2025-05-04,2025-05-14,2025-05-09,10,False,2
CNT08629,2,General,2025-04-05,2025-04-19,2025-04-10,14,False,2
CNT08630,2,Hazardous,2025-08-01,2025-08-05,2025-08-06,4,True,2
CNT08631,2,Tank,2025-06-29,2025-07-03,2025-07-04,4,True,2
CNT08632,2,Reefer,2025-06-19,2025-06-22,2025-06-24,3,True,2
CNT08633,2,Hazardous,2025-09-24,2025-09-25,2025-09-29,1,True,2
CNT08634,2,Reefer,2025-07-02,2025-07-27,2025-07-07,25,False,2
CNT08635,2,General,2025-05-06,2025-05-11,2025-05-11,5,True,2
CNT08636,2,General,2025-07-23,2025-07-27,2025-07-28,4,True,2
CNT08637,2,General,2025-08-31,2025-09-10,2025-09-05,10,False,2
CNT08638,2,Hazardous,2025-08-12,2025-08-20,2025-08-17,8,False,2
CNT08639,2,Tank,2025-06-27,2025-06-30,2025-07-02,3,True,2
CNT08640,2,General,2025-05-15,2025-05-18,2025-05-20,3,True,2
CNT08641,2,Hazardous,2025-06-17,2025-06-19,2025-06-22,2,True,2
CNT08642,2,General,2025-04-08,2025-04-12,2025-04-13,4,True,2
CNT08643,2,Hazardous,2025-05-01,2025-05-02,2025-05-06,1,True,2
CNT08644,2,General,2025-05-27,2025-06-01,2025-06-01,5,True,2
CNT08645,2,General,2025-05-03,2025-05-17,2025-05-08,14,False,2
CNT08646,2,General,2025-09-25,2025-09-27,2025-09-30,2,True,2
CNT08647,2,Hazardous,2025-05-07,2025-05-12,2025-05-12,5,True,2
CNT08648,2,Hazardous,2025-09-24,2025-09-30,2025-09-29,6,False,2
CNT08649,2,Tank,2025-05-29,2025-06-13,2025-06-03,15,False,2
CNT08650,2,General,2025-06-18,2025-06-24,2025-06-23,6,False,2
CNT08651,2,General,2025-05-03,2025-05-08,2025-05-08,5,True,2
CNT08652,2,Tank,2025-05-24,2025-05-27,2025-05-29,3,True,2
CNT08653,2,Tank,2025-05-04,2025-05-09,2025-05-09,5,True,2
CNT08654,2,Tank,2025-04-21,2025-04-22,2025-04-26,1,True,2
CNT08655,2,Reefer,2025-07-18,2025-07-21,2025-07-23,3,True,2
CNT08656,2,General,2025-09-24,2025-10-01,2025-09-29,7,False,2
CNT08657,2,General,2025-04-29,2025-05-02,2025-05-04,3,True,2
CNT08658,2,Tank,2025-04-20,2025-04-27,2025-04-25,7,False,2
CNT08659,2,Reefer,2025-04-05,2025-04-15,2025-04-10,10,False,2
CNT08660,2,Tank,2025-08-02,2025-08-09,2025-08-07,7,False,2
CNT08661,2,Tank,2025-07-20,2025-07-23,2025-07-25,3,True,2
CNT08662,2,Tank,2025-04-11,2025-04-13,2025-04-16,2,True,2
CNT08663,2,Tank,2025-05-21,2025-06-04,2025-05-26,14,False,2
CNT08664,2,Hazardous,2025-04-28,2025-04-30,2025-05-03,2,True,2
CNT08665,2,Hazardous,2025-04-09,2025-04-13,2025-04-14,4,True,2
CNT08666,2,Tank,2025-09-16,2025-09-23,2025-09-21,7,False,2
CNT08667,2,General,2025-08-10,2025-08-13,2025-08-15,3,True,2
CNT08668,2,General,2025-08-30,2025-09-08,2025-09-04,9,False,2
CNT08669,2,General,2025-04-16,2025-04-19,2025-04-21,3,True,2
CNT08670,2,General,2025-07-30,2025-08-02,2025-08-04,3,True,2
CNT08671,2,General,2025-05-01,2025-05-02,2025-05-06,1,True,2
CNT08672,2,General,2025-06-04,2025-06-12,2025-06-09,8,False,2
CNT08673,2,Reefer,2025-04-12,2025-04-13,2025-04-17,1,True,2
CNT08674,2,Tank,2025-04-17,2025-04-26,2025-04-22,9,False,2
CNT08675,2,Tank,2025-06-17,2025-06-20,2025-06-22,3,True,2
CNT08676,2,General,2025-09-18,2025-09-22,2025-09-23,4,True,2
CNT08677,2,Tank,2025-04-03,2025-04-12,2025-04-08,9,False,2
CNT08678,2,General,2025-04-25,2025-04-30,2025-04-30,5,True,2
CNT08679,2,General,2025-05-02,2025-05-03,2025-05-07,1,True,2
CNT08680,2,Reefer,2025-09-02,2025-09-07,2025-09-07,5,True,2
CNT08681,2,Hazardous,2025-05-23,2025-05-30,2025-05-28,7,False,2
CNT08682,2,Reefer,2025-08-29,2025-09-01,2025-09-03,3,True,2
CNT08683,2,General,2025-05-22,2025-05-28,2025-05-27,6,False,2
CNT08684,2,Hazardous,2025-05-18,2025-05-23,2025-05-23,5,True,2
CNT08685,2,Tank,2025-09-19,2025-10-08,2025-09-24,19,False,2
CNT08686,2,General,2025-06-29,2025-07-01,2025-07-04,2,True,2
CNT08687,2,Tank,2025-04-08,2025-04-12,2025-04-13,4,True,2
CNT08688,2,Reefer,2025-04-24,2025-04-28,2025-04-29,4,True,2
CNT08689,2,General,2025-05-08,2025-05-10,2025-05-13,2,True,2
CNT08690,2,General,2025-06-11,2025-06-18,2025-06-16,7,False,2
CNT08691,2,Hazardous,2025-08-27,2025-09-06,2025-09-01,10,False,2
CNT08692,2,Tank,2025-06-29,2025-07-12,2025-07-04,13,False,2
CNT08693,2,Hazardous,2025-06-30,2025-07-03,2025-07-05,3,True,2
CNT08694,2,General,2025-05-12,2025-05-19,2025-05-17,7,False,2
CNT08695,2,General,2025-08-07,2025-09-08,2025-08-12,32,False,2
CNT08696,2,Hazardous,2025-09-04,2025-09-07,2025-09-09,3,True,2
CNT08697,2,Tank,2025-06-01,2025-06-06,2025-06-06,5,True,2
CNT08698,2,General,2025-08-08,2025-08-10,2025-08-13,2,True,2
CNT08699,2,Tank,2025-08-24,2025-09-02,2025-08-29,9,False,2
CNT08700,2,General,2025-04-18,2025-04-20,2025-04-23,2,True,2
CNT08701,2,General,2025-04-26,2025-04-29,2025-05-01,3,True,2
CNT08702,2,General,2025-08-27,2025-08-29,2025-09-01,2,True,2
CNT08703,2,Reefer,2025-04-04,2025-04-07,2025-04-09,3,True,2
CNT08704,2,Hazardous,2025-08-14,2025-08-20,2025-08-19,6,False,2
CNT08705,2,General,2025-05-26,2025-05-29,2025-05-31,3,True,2
CNT08706,2,Reefer,2025-05-20,2025-05-24,2025-05-25,4,True,2
CNT08707,2,General,2025-06-12,2025-06-13,2025-06-17,1,True,2
CNT08708,2,Reefer,2025-05-14,2025-05-20,2025-05-19,6,False,2
CNT08709,2,General,2025-08-16,2025-08-23,2025-08-21,7,False,2
CNT08710,2,General,2025-04-02,2025-04-06,2025-04-07,4,True,2
CNT08711,2,Tank,2025-04-26,2025-04-30,2025-05-01,4,True,2
CNT08712,2,Tank,2025-05-25,2025-05-29,2025-05-30,4,True,2
CNT08713,2,General,2025-08-08,2025-08-10,2025-08-13,2,True,2
CNT08714,2,Tank,2025-07-31,2025-08-03,2025-08-05,3,True,2
CNT08715,2,General,2025-07-03,2025-07-04,2025-07-08,1,True,2
CNT08716,2,Tank,2025-09-26,2025-09-28,2025-10-01,2,True,2
CNT08717,2,Hazardous,2025-08-29,2025-08-31,2025-09-03,2,True,2
CNT08718,2,Reefer,2025-05-18,2025-05-31,2025-05-23,13,False,2
CNT08719,2,Tank,2025-07-22,2025-07-31,2025-07-27,9,False,2
CNT08720,2,Tank,2025-09-20,2025-09-26,2025-09-25,6,False,2
CNT08721,2,Reefer,2025-04-28,2025-04-29,2025-05-03,1,True,2
CNT08722,2,Reefer,2025-05-17,2025-05-27,2025-05-22,10,False,2
CNT08723,2,Reefer,2025-06-30,2025-07-03,2025-07-05,3,True,2
CNT08724,2,Tank,2025-07-07,2025-07-12,2025-07-12,5,True,2
CNT08725,2,Reefer,2025-07-18,2025-07-21,2025-07-23,3,True,2
CNT08726,2,General,2025-05-25,2025-05-27,2025-05-30,2,True,2
CNT08727,2,Reefer,2025-08-10,2025-08-12,2025-08-15,2,True,2
CNT08728,2,General,2025-05-29,2025-06-07,2025-06-03,9,False,2
CNT08729,2,General,2025-07-14,2025-07-19,2025-07-19,5,True,2
CNT08730,2,Tank,2025-04-29,2025-05-15,2025-05-04,16,False,2
CNT08731,2,General,2025-06-20,2025-06-26,2025-06-25,6,False,2
CNT08732,2,Tank,2025-05-02,2025-05-08,2025-05-07,6,False,2
CNT08733,2,General,2025-07-29,2025-07-31,2025-08-03,2,True,2
CNT08734,2,Tank,2025-04-29,2025-05-01,2025-05-04,2,True,2
CNT08735,2,Reefer,2025-08-12,2025-08-28,2025-08-17,16,False,2
CNT08736,2,Reefer,2025-05-05,2025-05-11,2025-05-10,6,False,2
CNT08737,2,Tank,2025-08-05,2025-08-11,2025-08-10,6,False,2
CNT08738,2,Tank,2025-07-02,2025-07-14,2025-07-07,12,False,2
CNT08739,2,Hazardous,2025-09-28,2025-10-01,2025-10-03,3,True,2
CNT08740,2,Reefer,2025-06-13,2025-06-19,2025-06-18,6,False,2
CNT08741,2,Hazardous,2025-08-21,2025-08-25,2025-08-26,4,True,2
CNT08742,2,General,2025-04-11,2025-04-17,2025-04-16,6,False,2
CNT08743,2,General,2025-04-22,2025-05-12,2025-04-27,20,False,2
CNT08744,2,Tank,2025-06-23,2025-07-04,2025-06-28,11,False,2
CNT08745,2,Reefer,2025-08-05,2025-08-13,2025-08-10,8,False,2
CNT08746,2,General,2025-04-30,2025-05-09,2025-05-05,9,False,2
CNT08747,2,General,2025-07-08,2025-07-15,2025-07-13,7,False,2
CNT08748,2,Reefer,2025-06-12,2025-06-19,2025-06-17,7,False,2
CNT08749,2,Tank,2025-07-26,2025-07-28,2025-07-31,2,True,2
CNT08750,2,Tank,2025-09-01,2025-09-04,2025-09-06,3,True,2
CNT08751,2,Tank,2025-06-19,2025-06-20,2025-06-24,1,True,2
CNT08752,2,Hazardous,2025-09-23,2025-10-01,2025-09-28,8,False,2
CNT08753,2,General,2025-07-23,2025-07-29,2025-07-28,6,False,2
CNT08754,2,General,2025-05-28,2025-05-30,2025-06-02,2,True,2
CNT08755,2,Reefer,2025-08-20,2025-09-07,2025-08-25,18,False,2
CNT08756,2,General,2025-07-14,2025-07-19,2025-07-19,5,True,2
CNT08757,2,Tank,2025-06-14,2025-06-17,2025-06-19,3,True,2
CNT08758,2,Tank,2025-07-19,2025-07-26,2025-07-24,7,False,2
CNT08759,2,Hazardous,2025-05-19,2025-05-20,2025-05-24,1,True,2
CNT08760,2,General,2025-04-18,2025-04-24,2025-04-23,6,False,2
CNT08761,2,Tank,2025-07-31,2025-08-01,2025-08-05,1,True,2
CNT08762,2,General,2025-09-21,2025-09-23,2025-09-26,2,True,2
CNT08763,2,Tank,2025-07-04,2025-07-09,2025-07-09,5,True,2
CNT08764,2,Hazardous,2025-05-16,2025-06-14,2025-05-21,29,False,2
CNT08765,2,Tank,2025-04-04,2025-04-16,2025-04-09,12,False,2
CNT08766,2,Reefer,2025-09-20,2025-10-01,2025-09-25,11,False,2
CNT08767,2,General,2025-08-04,2025-08-08,2025-08-09,4,True,2
CNT08768,2,General,2025-09-20,2025-09-26,2025-09-25,6,False,2
CNT08769,2,Hazardous,2025-04-27,2025-04-30,2025-05-02,3,True,2
CNT08770,2,General,2025-07-11,2025-07-15,2025-07-16,4,True,2
CNT08771,2,Reefer,2025-07-22,2025-07-25,2025-07-27,3,True,2
CNT08772,2,General,2025-08-12,2025-08-24,2025-08-17,12,False,2
CNT08773,2,Tank,2025-09-16,2025-10-12,2025-09-21,26,False,2
CNT08774,2,General,2025-09-21,2025-10-02,2025-09-26,11,False,2
CNT08775,2,Reefer,2025-04-22,2025-04-27,2025-04-27,5,True,2
CNT08776,2,Reefer,2025-05-01,2025-05-21,2025-05-06,20,False,2
CNT08777,2,Hazardous,2025-05-07,2025-05-18,2025-05-12,11,False,2
CNT08778,2,Hazardous,2025-07-11,2025-07-14,2025-07-16,3,True,2
CNT08779,2,Tank,2025-07-12,2025-07-17,2025-07-17,5,True,2
CNT08780,2,Tank,2025-09-25,2025-09-30,2025-09-30,5,True,2
CNT08781,2,Tank,2025-08-30,2025-09-12,2025-09-04,13,False,2
CNT08782,2,General,2025-04-27,2025-05-03,2025-05-02,6,False,2
CNT08783,2,Reefer,2025-05-14,2025-05-19,2025-05-19,5,True,2
CNT08784,2,General,2025-04-17,2025-04-21,2025-04-22,4,True,2
CNT08785,2,General,2025-07-03,2025-07-14,2025-07-08,11,False,2
CNT08786,2,Reefer,2025-05-21,2025-06-08,2025-05-26,18,False,2
CNT08787,2,Reefer,2025-06-26,2025-07-02,2025-07-01,6,False,2
CNT08788,2,General,2025-05-22,2025-05-25,2025-05-27,3,True,2
CNT08789,2,General,2025-08-31,2025-09-12,2025-09-05,12,False,2
CNT08790,2,General,2025-07-13,2025-07-17,2025-07-18,4,True,2
CNT08791,2,Hazardous,2025-05-02,2025-05-10,2025-05-07,8,False,2
CNT08792,2,Tank,2025-05-30,2025-06-08,2025-06-04,9,False,2
CNT08793,2,Tank,2025-07-18,2025-07-21,2025-07-23,3,True,2
CNT08794,2,General,2025-08-06,2025-08-09,2025-08-11,3,True,2
CNT08795,2,Hazardous,2025-06-11,2025-06-13,2025-06-16,2,True,2
CNT08796,2,Hazardous,2025-08-27,2025-09-01,2025-09-01,5,True,2
CNT08797,2,Reefer,2025-08-30,2025-09-06,2025-09-04,7,False,2
CNT08798,2,Hazardous,2025-06-09,2025-06-14,2025-06-14,5,True,2
CNT08799,2,General,2025-09-12,2025-09-29,2025-09-17,17,False,2
CNT08800,2,Tank,2025-07-12,2025-07-14,2025-07-17,2,True,2
CNT08801,2,General,2025-07-01,2025-07-08,2025-07-06,7,False,2
CNT08802,2,General,2025-07-31,2025-08-09,2025-08-05,9,False,2
CNT08803,2,Tank,2025-09-18,2025-10-01,2025-09-23,13,False,2
CNT08804,2,General,2025-09-02,2025-09-05,2025-09-07,3,True,2
CNT08805,2,Hazardous,2025-07-13,2025-07-18,2025-07-18,5,True,2
CNT08806,2,General,2025-08-03,2025-08-09,2025-08-08,6,False,2
CNT08807,2,Reefer,2025-08-09,2025-08-13,2025-08-14,4,True,2
CNT08808,2,Reefer,2025-06-11,2025-06-30,2025-06-16,19,False,2
CNT08809,2,General,2025-05-08,2025-05-12,2025-05-13,4,True,2
CNT08810,2,Reefer,2025-07-26,2025-07-29,2025-07-31,3,True,2
CNT08811,2,Tank,2025-04-28,2025-05-12,2025-05-03,14,False,2
CNT08812,2,Reefer,2025-05-02,2025-05-09,2025-05-07,7,False,2
CNT08813,2,General,2025-06-04,2025-06-13,2025-06-09,9,False,2
CNT08814,2,Hazardous,2025-08-04,2025-08-13,2025-08-09,9,False,2
CNT08815,2,Tank,2025-08-06,2025-08-29,2025-08-11,23,False,2
CNT08816,2,Hazardous,2025-05-30,2025-06-04,2025-06-04,5,True,2
CNT08817,2,Hazardous,2025-09-08,2025-09-11,2025-09-13,3,True,2
CNT08818,2,Reefer,2025-05-05,2025-05-13,2025-05-10,8,False,2
CNT08819,2,General,2025-04-08,2025-04-11,2025-04-13,3,True,2
CNT08820,2,Hazardous,2025-04-26,2025-05-01,2025-05-01,5,True,2
CNT08821,2,General,2025-04-14,2025-04-26,2025-04-19,12,False,2
CNT08822,2,Tank,2025-04-18,2025-04-22,2025-04-23,4,True,2
CNT08823,2,Tank,2025-08-06,2025-08-12,2025-08-11,6,False,2
CNT08824,2,Reefer,2025-09-21,2025-09-28,2025-09-26,7,False,2
CNT08825,2,Tank,2025-04-07,2025-04-19,2025-04-12,12,False,2
CNT08826,2,Tank,2025-05-16,2025-05-23,2025-05-21,7,False,2
CNT08827,2,Tank,2025-07-07,2025-07-11,2025-07-12,4,True,2
CNT08828,2,Hazardous,2025-09-02,2025-09-17,2025-09-07,15,False,2
CNT08829,2,Reefer,2025-09-21,2025-09-24,2025-09-26,3,True,2
CNT08830,2,General,2025-06-23,2025-06-28,2025-06-28,5,True,2
CNT08831,2,General,2025-05-10,2025-06-07,2025-05-15,28,False,2
CNT08832,2,Hazardous,2025-06-17,2025-06-21,2025-06-22,4,True,2
CNT08833,2,Hazardous,2025-09-07,2025-09-12,2025-09-12,5,True,2
CNT08834,2,Tank,2025-09-07,2025-09-11,2025-09-12,4,True,2
CNT08835,2,General,2025-04-25,2025-04-29,2025-04-30,4,True,2
CNT08836,2,Hazardous,2025-04-20,2025-04-22,2025-04-25,2,True,2
CNT08837,2,General,2025-09-17,2025-09-25,2025-09-22,8,False,2
CNT08838,2,General,2025-08-12,2025-08-15,2025-08-17,3,True,2
CNT08839,2,General,2025-08-05,2025-08-27,2025-08-10,22,False,2
CNT08840,2,General,2025-07-29,2025-08-09,2025-08-03,11,False,2
CNT08841,2,General,2025-05-22,2025-05-29,2025-05-27,7,False,2
CNT08842,2,General,2025-06-15,2025-06-20,2025-06-20,5,True,2
CNT08843,2,General,2025-09-17,2025-09-21,2025-09-22,4,True,2
CNT08844,2,Reefer,2025-08-06,2025-08-10,2025-08-11,4,True,2
CNT08845,2,Hazardous,2025-08-04,2025-08-07,2025-08-09,3,True,2
CNT08846,2,Reefer,2025-08-08,2025-08-10,2025-08-13,2,True,2
CNT08847,2,Reefer,2025-06-06,2025-06-19,2025-06-11,13,False,2
CNT08848,2,General,2025-08-17,2025-08-20,2025-08-22,3,True,2
CNT08849,2,Tank,2025-06-27,2025-07-11,2025-07-02,14,False,2
CNT08850,2,Tank,2025-08-17,2025-08-23,2025-08-22,6,False,2
CNT08851,2,General,2025-08-18,2025-08-20,2025-08-23,2,True,2
CNT08852,2,Hazardous,2025-04-05,2025-04-09,2025-04-10,4,True,2
CNT08853,2,General,2025-04-09,2025-04-11,2025-04-14,2,True,2
CNT08854,2,General,2025-07-20,2025-08-01,2025-07-25,12,False,2
CNT08855,2,General,2025-05-01,2025-05-12,2025-05-06,11,False,2
CNT08856,2,Tank,2025-07-08,2025-07-26,2025-07-13,18,False,2
CNT08857,2,General,2025-07-25,2025-07-28,2025-07-30,3,True,2
CNT08858,2,General,2025-06-20,2025-06-23,2025-06-25,3,True,2
CNT08859,2,General,2025-07-06,2025-07-11,2025-07-11,5,True,2
CNT08860,2,General,2025-07-23,2025-07-27,2025-07-28,4,True,2
CNT08861,2,Tank,2025-07-27,2025-08-05,2025-08-01,9,False,2
CNT08862,2,Reefer,2025-04-10,2025-04-14,2025-04-15,4,True,2
CNT08863,2,General,2025-04-09,2025-04-14,2025-04-14,5,True,2
CNT08864,2,Tank,2025-05-16,2025-05-22,2025-05-21,6,False,2
CNT08865,2,Tank,2025-08-21,2025-08-27,2025-08-26,6,False,2
CNT08866,2,Tank,2025-09-16,2025-10-02,2025-09-21,16,False,2
CNT08867,2,Tank,2025-06-17,2025-07-05,2025-06-22,18,False,2
CNT08868,2,General,2025-09-28,2025-10-07,2025-10-03,9,False,2
CNT08869,2,General,2025-05-13,2025-05-15,2025-05-18,2,True,2
CNT08870,2,Reefer,2025-08-04,2025-08-13,2025-08-09,9,False,2
CNT08871,2,Tank,2025-07-20,2025-08-13,2025-07-25,24,False,2
CNT08872,2,Tank,2025-05-05,2025-05-23,2025-05-10,18,False,2
CNT08873,2,Tank,2025-06-19,2025-06-21,2025-06-24,2,True,2
CNT08874,2,Hazardous,2025-07-09,2025-07-17,2025-07-14,8,False,2
CNT08875,2,Tank,2025-08-03,2025-08-07,2025-08-08,4,True,2
CNT08876,2,General,2025-04-29,2025-05-02,2025-05-04,3,True,2
CNT08877,2,Hazardous,2025-08-24,2025-08-27,2025-08-29,3,True,2
CNT08878,2,General,2025-09-20,2025-09-27,2025-09-25,7,False,2
CNT08879,2,Hazardous,2025-08-04,2025-08-07,2025-08-09,3,True,2
CNT08880,2,Tank,2025-09-16,2025-09-20,2025-09-21,4,True,2
CNT08881,2,Tank,2025-08-20,2025-09-07,2025-08-25,18,False,2
CNT08882,2,Hazardous,2025-09-23,2025-09-30,2025-09-28,7,False,2
CNT08883,2,General,2025-08-17,2025-08-21,2025-08-22,4,True,2
CNT08884,2,Tank,2025-08-25,2025-08-28,2025-08-30,3,True,2
CNT08885,2,Tank,2025-07-30,2025-08-04,2025-08-04,5,True,2
CNT08886,2,Tank,2025-07-31,2025-08-03,2025-08-05,3,True,2
CNT08887,2,Hazardous,2025-08-22,2025-08-29,2025-08-27,7,False,2
CNT08888,2,Tank,2025-05-11,2025-05-13,2025-05-16,2,True,2
CNT08889,2,Hazardous,2025-08-08,2025-08-12,2025-08-13,4,True,2
CNT08890,2,Tank,2025-04-15,2025-04-27,2025-04-20,12,False,2
CNT08891,2,Tank,2025-07-10,2025-07-19,2025-07-15,9,False,2
CNT08892,2,Tank,2025-06-07,2025-06-12,2025-06-12,5,True,2
CNT08893,2,Reefer,2025-08-05,2025-08-08,2025-08-10,3,True,2
CNT08894,2,General,2025-08-30,2025-09-06,2025-09-04,7,False,2
CNT08895,2,Reefer,2025-07-06,2025-07-09,2025-07-11,3,True,2
CNT08896,2,General,2025-09-05,2025-09-06,2025-09-10,1,True,2
CNT08897,2,Tank,2025-09-21,2025-10-18,2025-09-26,27,False,2
CNT08898,2,Hazardous,2025-06-30,2025-07-15,2025-07-05,15,False,2
CNT08899,2,Reefer,2025-06-12,2025-06-21,2025-06-17,9,False,2
CNT08900,2,General,2025-06-22,2025-06-25,2025-06-27,3,True,2
CNT08901,2,General,2025-04-16,2025-04-18,2025-04-21,2,True,2
CNT08902,2,Reefer,2025-04-08,2025-04-10,2025-04-13,2,True,2
CNT08903,2,General,2025-08-30,2025-08-31,2025-09-04,1,True,2
CNT08904,2,Hazardous,2025-04-12,2025-04-15,2025-04-17,3,True,2
CNT08905,2,General,2025-05-03,2025-05-07,2025-05-08,4,True,2
CNT08906,2,Tank,2025-07-03,2025-07-08,2025-07-08,5,True,2
CNT08907,2,Reefer,2025-06-29,2025-07-07,2025-07-04,8,False,2
CNT08908,2,Hazardous,2025-08-28,2025-09-02,2025-09-02,5,True,2
CNT08909,2,Tank,2025-04-07,2025-04-14,2025-04-12,7,False,2
CNT08910,2,General,2025-09-08,2025-09-10,2025-09-13,2,True,2
CNT08911,2,Tank,2025-06-27,2025-07-16,2025-07-02,19,False,2
CNT08912,2,Hazardous,2025-07-07,2025-07-11,2025-07-12,4,True,2
CNT08913,2,General,2025-04-25,2025-04-26,2025-04-30,1,True,2
CNT08914,2,Tank,2025-07-19,2025-07-25,2025-07-24,6,False,2
CNT08915,2,General,2025-06-28,2025-07-01,2025-07-03,3,True,2
CNT08916,2,General,2025-07-01,2025-07-27,2025-07-06,26,False,2
CNT08917,2,General,2025-07-15,2025-07-22,2025-07-20,7,False,2
CNT08918,2,General,2025-06-29,2025-07-01,2025-07-04,2,True,2
CNT08919,2,General,2025-04-15,2025-04-23,2025-04-20,8,False,2
CNT08920,2,Tank,2025-09-17,2025-09-20,2025-09-22,3,True,2
CNT08921,2,Tank,2025-06-02,2025-06-06,2025-06-07,4,True,2
CNT08922,2,Hazardous,2025-06-03,2025-06-06,2025-06-08,3,True,2
CNT08923,2,Hazardous,2025-05-31,2025-06-03,2025-06-05,3,True,2
CNT08924,2,Hazardous,2025-09-13,2025-09-23,2025-09-18,10,False,2
CNT08925,2,Reefer,2025-06-19,2025-06-25,2025-06-24,6,False,2
CNT08926,2,Hazardous,2025-08-30,2025-09-06,2025-09-04,7,False,2
CNT08927,2,General,2025-04-22,2025-04-27,2025-04-27,5,True,2
CNT08928,2,General,2025-09-24,2025-09-27,2025-09-29,3,True,2
CNT08929,2,Hazardous,2025-04-17,2025-04-19,2025-04-22,2,True,2
CNT08930,2,Hazardous,2025-06-18,2025-07-08,2025-06-23,20,False,2
CNT08931,2,Reefer,2025-04-30,2025-05-02,2025-05-05,2,True,2
CNT08932,2,Tank,2025-06-26,2025-06-28,2025-07-01,2,True,2
CNT08933,2,Tank,2025-05-14,2025-05-17,2025-05-19,3,True,2
CNT08934,2,General,2025-04-06,2025-04-12,2025-04-11,6,False,2
CNT08935,2,Tank,2025-08-16,2025-08-22,2025-08-21,6,False,2
CNT08936,2,Tank,2025-06-23,2025-06-30,2025-06-28,7,False,2
CNT08937,2,General,2025-04-10,2025-04-13,2025-04-15,3,True,2
CNT08938,2,Hazardous,2025-07-27,2025-08-01,2025-08-01,5,True,2
CNT08939,2,Reefer,2025-09-16,2025-09-26,2025-09-21,10,False,2
CNT08940,2,Tank,2025-07-18,2025-07-24,2025-07-23,6,False,2
CNT08941,2,Hazardous,2025-08-24,2025-09-01,2025-08-29,8,False,2
CNT08942,2,General,2025-08-10,2025-08-14,2025-08-15,4,True,2
CNT08943,2,Tank,2025-07-17,2025-07-19,2025-07-22,2,True,2
CNT08944,2,Tank,2025-06-08,2025-06-12,2025-06-13,4,True,2
CNT08945,2,Hazardous,2025-04-06,2025-04-11,2025-04-11,5,True,2
CNT08946,2,Reefer,2025-09-26,2025-09-29,2025-10-01,3,True,2
CNT08947,2,General,2025-07-30,2025-08-02,2025-08-04,3,True,2
CNT08948,2,General,2025-08-29,2025-08-31,2025-09-03,2,True,2
CNT08949,2,Tank,2025-04-06,2025-04-12,2025-04-11,6,False,2
CNT08950,2,Tank,2025-06-21,2025-06-24,2025-06-26,3,True,2
CNT08951,2,General,2025-07-06,2025-07-09,2025-07-11,3,True,2
CNT08952,2,Reefer,2025-08-25,2025-09-04,2025-08-30,10,False,2
CNT08953,2,Tank,2025-07-09,2025-07-13,2025-07-14,4,True,2
CNT08954,2,General,2025-06-22,2025-06-29,2025-06-27,7,False,2
CNT08955,2,General,2025-08-25,2025-09-04,2025-08-30,10,False,2
CNT08956,2,General,2025-04-26,2025-05-01,2025-05-01,5,True,2
CNT08957,2,General,2025-08-04,2025-08-09,2025-08-09,5,True,2
CNT08958,2,General,2025-04-26,2025-04-30,2025-05-01,4,True,2
CNT08959,2,General,2025-09-24,2025-10-02,2025-09-29,8,False,2
CNT08960,2,Tank,2025-09-20,2025-09-25,2025-09-25,5,True,2
CNT08961,2,Hazardous,2025-05-23,2025-05-26,2025-05-28,3,True,2
CNT08962,2,General,2025-06-26,2025-06-28,2025-07-01,2,True,2
CNT08963,2,General,2025-08-06,2025-08-07,2025-08-11,1,True,2
CNT08964,2,Hazardous,2025-08-07,2025-08-13,2025-08-12,6,False,2
CNT08965,2,Tank,2025-09-18,2025-09-25,2025-09-23,7,False,2
CNT08966,2,Reefer,2025-06-26,2025-07-08,2025-07-01,12,False,2
CNT08967,2,Tank,2025-05-13,2025-05-19,2025-05-18,6,False,2
CNT08968,2,Reefer,2025-09-05,2025-09-13,2025-09-10,8,False,2
CNT08969,2,Reefer,2025-06-16,2025-06-17,2025-06-21,1,True,2
CNT08970,2,General,2025-07-03,2025-07-06,2025-07-08,3,True,2
CNT08971,2,Tank,2025-07-21,2025-07-27,2025-07-26,6,False,2
CNT08972,2,General,2025-05-22,2025-05-25,2025-05-27,3,True,2
CNT08973,2,Reefer,2025-08-06,2025-08-08,2025-08-11,2,True,2
CNT08974,2,General,2025-09-10,2025-09-13,2025-09-15,3,True,2
CNT08975,2,Tank,2025-04-20,2025-04-25,2025-04-25,5,True,2
CNT08976,2,Tank,2025-08-16,2025-08-21,2025-08-21,5,True,2
CNT08977,2,General,2025-05-25,2025-05-30,2025-05-30,5,True,2
CNT08978,2,Tank,2025-06-13,2025-06-18,2025-06-18,5,True,2
CNT08979,2,General,2025-06-07,2025-06-10,2025-06-12,3,True,2
CNT08980,2,Hazardous,2025-04-13,2025-04-16,2025-04-18,3,True,2
CNT08981,2,General,2025-06-16,2025-06-19,2025-06-21,3,True,2
CNT08982,2,General,2025-08-25,2025-08-31,2025-08-30,6,False,2
CNT08983,2,Tank,2025-07-12,2025-07-16,2025-07-17,4,True,2
CNT08984,2,General,2025-05-28,2025-05-29,2025-06-02,1,True,2
CNT08985,2,General,2025-09-07,2025-09-14,2025-09-12,7,False,2
CNT08986,2,Tank,2025-04-24,2025-05-01,2025-04-29,7,False,2
CNT08987,2,Hazardous,2025-08-27,2025-09-04,2025-09-01,8,False,2
CNT08988,2,Reefer,2025-04-25,2025-05-05,2025-04-30,10,False,2
CNT08989,2,Tank,2025-08-30,2025-09-03,2025-09-04,4,True,2
CNT08990,2,Tank,2025-06-26,2025-07-03,2025-07-01,7,False,2
CNT08991,2,Hazardous,2025-06-09,2025-06-18,2025-06-14,9,False,2
CNT08992,2,Tank,2025-04-18,2025-04-20,2025-04-23,2,True,2
CNT08993,2,Hazardous,2025-08-24,2025-08-29,2025-08-29,5,True,2
CNT08994,2,Tank,2025-08-14,2025-08-17,2025-08-19,3,True,2
CNT08995,2,Tank,2025-07-31,2025-08-02,2025-08-05,2,True,2
CNT08996,2,Reefer,2025-07-19,2025-07-25,2025-07-24,6,False,2
CNT08997,2,Reefer,2025-05-24,2025-06-06,2025-05-29,13,False,2
CNT08998,2,Hazardous,2025-06-28,2025-07-01,2025-07-03,3,True,2
CNT08999,2,General,2025-04-20,2025-04-22,2025-04-25,2,True,2
CNT09000,2,General,2025-09-14,2025-09-17,2025-09-19,3,True,2
CNT09001,2,General,2025-06-17,2025-06-18,2025-06-22,1,True,2
CNT09002,2,General,2025-08-08,2025-08-10,2025-08-13,2,True,2
CNT09003,2,Tank,2025-06-16,2025-06-28,2025-06-21,12,False,2
CNT09004,2,Tank,2025-07-20,2025-07-23,2025-07-25,3,True,2
CNT09005,2,General,2025-09-17,2025-09-18,2025-09-22,1,True,2
CNT09006,2,Tank,2025-08-17,2025-08-22,2025-08-22,5,True,2
CNT09007,2,General,2025-06-20,2025-06-29,2025-06-25,9,False,2
CNT09008,2,General,2025-05-22,2025-06-10,2025-05-27,19,False,2
CNT09009,2,Reefer,2025-07-16,2025-07-21,2025-07-21,5,True,2
CNT09010,2,General,2025-07-12,2025-07-18,2025-07-17,6,False,2
CNT09011,2,General,2025-06-04,2025-06-09,2025-06-09,5,True,2
CNT09012,2,General,2025-09-07,2025-09-12,2025-09-12,5,True,2
CNT09013,2,General,2025-08-10,2025-08-13,2025-08-15,3,True,2
CNT09014,2,Hazardous,2025-07-26,2025-07-29,2025-07-31,3,True,2
CNT09015,2,General,2025-09-19,2025-09-23,2025-09-24,4,True,2
CNT09016,2,Hazardous,2025-08-19,2025-08-28,2025-08-24,9,False,2
CNT09017,2,Tank,2025-05-17,2025-06-02,2025-05-22,16,False,2
CNT09018,2,Hazardous,2025-04-05,2025-04-08,2025-04-10,3,True,2
CNT09019,2,General,2025-09-08,2025-09-10,2025-09-13,2,True,2
CNT09020,2,Tank,2025-09-28,2025-10-01,2025-10-03,3,True,2
CNT09021,2,General,2025-08-11,2025-08-29,2025-08-16,18,False,2
CNT09022,2,Tank,2025-05-18,2025-06-04,2025-05-23,17,False,2
CNT09023,2,Reefer,2025-08-26,2025-08-30,2025-08-31,4,True,2
CNT09024,2,Tank,2025-08-06,2025-08-09,2025-08-11,3,True,2
CNT09025,2,Hazardous,2025-05-25,2025-05-31,2025-05-30,6,False,2
CNT09026,2,Hazardous,2025-09-17,2025-09-21,2025-09-22,4,True,2
CNT09027,2,General,2025-07-29,2025-08-02,2025-08-03,4,True,2
CNT09028,2,General,2025-06-08,2025-06-10,2025-06-13,2,True,2
CNT09029,2,Tank,2025-09-11,2025-09-14,2025-09-16,3,True,2
CNT09030,2,General,2025-08-15,2025-08-23,2025-08-20,8,False,2
CNT09031,2,Hazardous,2025-09-05,2025-09-14,2025-09-10,9,False,2
CNT09032,2,General,2025-07-21,2025-07-26,2025-07-26,5,True,2
CNT09033,2,General,2025-08-23,2025-09-07,2025-08-28,15,False,2
CNT09034,2,Reefer,2025-09-08,2025-09-09,2025-09-13,1,True,2
CNT09035,2,General,2025-04-16,2025-04-23,2025-04-21,7,False,2
CNT09036,2,Reefer,2025-08-12,2025-08-14,2025-08-17,2,True,2
CNT09037,2,General,2025-05-22,2025-06-03,2025-05-27,12,False,2
CNT09038,2,Reefer,2025-07-03,2025-07-14,2025-07-08,11,False,2
CNT09039,2,Reefer,2025-07-28,2025-07-29,2025-08-02,1,True,2
CNT09040,2,Tank,2025-05-08,2025-05-13,2025-05-13,5,True,2
CNT09041,2,Hazardous,2025-06-01,2025-06-05,2025-06-06,4,True,2
CNT09042,2,Tank,2025-05-09,2025-05-17,2025-05-14,8,False,2
CNT09043,2,Reefer,2025-09-23,2025-09-30,2025-09-28,7,False,2
CNT09044,2,Reefer,2025-06-16,2025-06-22,2025-06-21,6,False,2
CNT09045,2,Tank,2025-07-21,2025-07-23,2025-07-26,2,True,2
CNT09046,2,Hazardous,2025-07-15,2025-07-18,2025-07-20,3,True,2
CNT09047,2,Hazardous,2025-06-21,2025-06-27,2025-06-26,6,False,2
CNT09048,2,Tank,2025-04-17,2025-04-20,2025-04-22,3,True,2
CNT09049,2,General,2025-09-10,2025-09-16,2025-09-15,6,False,2
CNT09050,2,General,2025-05-23,2025-05-26,2025-05-28,3,True,2
CNT09051,2,Tank,2025-07-15,2025-07-31,2025-07-20,16,False,2
CNT09052,2,General,2025-06-08,2025-06-09,2025-06-13,1,True,2
CNT09053,2,Tank,2025-06-13,2025-06-20,2025-06-18,7,False,2
CNT09054,2,General,2025-09-13,2025-09-15,2025-09-18,2,True,2
CNT09055,2,General,2025-05-12,2025-05-17,2025-05-17,5,True,2
CNT09056,2,Reefer,2025-06-05,2025-06-08,2025-06-10,3,True,2
CNT09057,2,General,2025-09-23,2025-10-02,2025-09-28,9,False,2
CNT09058,2,General,2025-09-01,2025-09-08,2025-09-06,7,False,2
CNT09059,2,Hazardous,2025-05-31,2025-06-08,2025-06-05,8,False,2
CNT09060,2,Tank,2025-07-13,2025-07-27,2025-07-18,14,False,2
CNT09061,2,General,2025-06-01,2025-06-04,2025-06-06,3,True,2
CNT09062,2,Reefer,2025-04-30,2025-05-05,2025-05-05,5,True,2
CNT09063,2,General,2025-05-09,2025-05-12,2025-05-14,3,True,2
CNT09064,2,Reefer,2025-05-20,2025-05-25,2025-05-25,5,True,2
CNT09065,2,Tank,2025-04-08,2025-04-16,2025-04-13,8,False,2
CNT09066,2,General,2025-06-02,2025-06-07,2025-06-07,5,True,2
CNT09067,2,Reefer,2025-06-19,2025-06-22,2025-06-24,3,True,2
CNT09068,2,Hazardous,2025-07-28,2025-07-31,2025-08-02,3,True,2
CNT09069,2,General,2025-08-03,2025-08-08,2025-08-08,5,True,2
CNT09070,2,General,2025-08-22,2025-08-25,2025-08-27,3,True,2
CNT09071,2,Tank,2025-07-21,2025-07-25,2025-07-26,4,True,2
CNT09072,2,Hazardous,2025-07-18,2025-07-28,2025-07-23,10,False,2
CNT09073,2,Tank,2025-09-13,2025-09-29,2025-09-18,16,False,2
CNT09074,2,Reefer,2025-04-10,2025-04-22,2025-04-15,12,False,2
CNT09075,2,Reefer,2025-05-22,2025-06-02,2025-05-27,11,False,2
CNT09076,2,Hazardous,2025-05-11,2025-05-14,2025-05-16,3,True,2
CNT09077,2,Reefer,2025-06-09,2025-06-12,2025-06-14,3,True,2
CNT09078,2,General,2025-05-05,2025-05-15,2025-05-10,10,False,2
CNT09079,2,Tank,2025-04-08,2025-04-17,2025-04-13,9,False,2
CNT09080,2,Hazardous,2025-06-06,2025-06-11,2025-06-11,5,True,2
CNT09081,2,Hazardous,2025-06-11,2025-06-16,2025-06-16,5,True,2
CNT09082,2,Tank,2025-09-16,2025-09-17,2025-09-21,1,True,2
CNT09083,2,General,2025-08-19,2025-09-10,2025-08-24,22,False,2
CNT09084,2,Tank,2025-05-16,2025-05-19,2025-05-21,3,True,2
CNT09085,2,Tank,2025-09-12,2025-09-21,2025-09-17,9,False,2
CNT09086,2,Tank,2025-04-11,2025-04-12,2025-04-16,1,True,2
CNT09087,2,General,2025-08-03,2025-08-16,2025-08-08,13,False,2
CNT09088,2,General,2025-04-06,2025-04-20,2025-04-11,14,False,2
CNT09089,2,Reefer,2025-04-15,2025-04-29,2025-04-20,14,False,2
CNT09090,2,General,2025-04-22,2025-05-02,2025-04-27,10,False,2
CNT09091,2,Reefer,2025-06-20,2025-06-26,2025-06-25,6,False,2
CNT09092,2,Tank,2025-09-02,2025-09-14,2025-09-07,12,False,2
CNT09093,2,General,2025-06-16,2025-06-19,2025-06-21,3,True,2
CNT09094,2,General,2025-04-17,2025-04-19,2025-04-22,2,True,2
CNT09095,2,Hazardous,2025-07-14,2025-07-17,2025-07-19,3,True,2
CNT09096,2,General,2025-07-03,2025-07-21,2025-07-08,18,False,2
CNT09097,2,Tank,2025-09-19,2025-09-24,2025-09-24,5,True,2
CNT09098,2,Tank,2025-09-16,2025-09-20,2025-09-21,4,True,2
CNT09099,2,Tank,2025-04-24,2025-04-29,2025-04-29,5,True,2
CNT09100,2,General,2025-07-11,2025-07-15,2025-07-16,4,True,2
CNT09101,2,Tank,2025-05-06,2025-05-24,2025-05-11,18,False,2
CNT09102,2,Tank,2025-05-31,2025-06-04,2025-06-05,4,True,2
CNT09103,2,Tank,2025-04-29,2025-05-07,2025-05-04,8,False,2
CNT09104,2,Reefer,2025-08-25,2025-08-27,2025-08-30,2,True,2
CNT09105,2,General,2025-08-07,2025-08-22,2025-08-12,15,False,2
CNT09106,2,Tank,2025-05-01,2025-05-13,2025-05-06,12,False,2
CNT09107,2,Hazardous,2025-08-12,2025-08-20,2025-08-17,8,False,2
CNT09108,2,General,2025-09-18,2025-09-20,2025-09-23,2,True,2
CNT09109,2,General,2025-08-27,2025-08-30,2025-09-01,3,True,2
CNT09110,2,General,2025-08-13,2025-08-18,2025-08-18,5,True,2
CNT09111,2,Hazardous,2025-06-04,2025-06-10,2025-06-09,6,False,2
CNT09112,2,General,2025-08-06,2025-08-09,2025-08-11,3,True,2
CNT09113,2,Tank,2025-04-24,2025-04-30,2025-04-29,6,False,2
CNT09114,2,General,2025-05-31,2025-06-07,2025-06-05,7,False,2
CNT09115,2,Tank,2025-09-01,2025-09-10,2025-09-06,9,False,2
CNT09116,2,General,2025-05-02,2025-05-11,2025-05-07,9,False,2
CNT09117,2,General,2025-06-20,2025-06-28,2025-06-25,8,False,2
CNT09118,2,General,2025-06-24,2025-07-01,2025-06-29,7,False,2
CNT09119,2,Hazardous,2025-08-28,2025-09-17,2025-09-02,20,False,2
CNT09120,2,Tank,2025-07-09,2025-07-11,2025-07-14,2,True,2
CNT09121,2,Reefer,2025-05-31,2025-06-02,2025-06-05,2,True,2
CNT09122,2,Tank,2025-07-18,2025-07-25,2025-07-23,7,False,2
CNT09123,2,Tank,2025-05-26,2025-05-30,2025-05-31,4,True,2
CNT09124,2,Hazardous,2025-05-07,2025-05-10,2025-05-12,3,True,2
CNT09125,2,Tank,2025-04-28,2025-04-30,2025-05-03,2,True,2
CNT09126,2,Reefer,2025-05-15,2025-05-20,2025-05-20,5,True,2
CNT09127,2,Tank,2025-05-25,2025-05-27,2025-05-30,2,True,2
CNT09128,2,General,2025-06-10,2025-06-13,2025-06-15,3,True,2
CNT09129,2,Hazardous,2025-07-22,2025-07-24,2025-07-27,2,True,2
CNT09130,2,General,2025-07-14,2025-07-16,2025-07-19,2,True,2
CNT09131,2,Reefer,2025-06-05,2025-06-14,2025-06-10,9,False,2
CNT09132,2,Tank,2025-08-29,2025-09-04,2025-09-03,6,False,2
CNT09133,2,Reefer,2025-04-15,2025-04-16,2025-04-20,1,True,2
CNT09134,2,Tank,2025-08-04,2025-08-12,2025-08-09,8,False,2
CNT09135,2,General,2025-08-15,2025-08-16,2025-08-20,1,True,2
CNT09136,2,Tank,2025-07-05,2025-07-20,2025-07-10,15,False,2
CNT09137,2,Tank,2025-09-27,2025-10-02,2025-10-02,5,True,2
CNT09138,2,General,2025-04-29,2025-05-02,2025-05-04,3,True,2
CNT09139,2,General,2025-06-21,2025-06-24,2025-06-26,3,True,2
CNT09140,2,Reefer,2025-08-18,2025-08-27,2025-08-23,9,False,2
CNT09141,2,Hazardous,2025-07-18,2025-07-26,2025-07-23,8,False,2
CNT09142,2,Hazardous,2025-07-31,2025-08-08,2025-08-05,8,False,2
CNT09143,2,Hazardous,2025-09-22,2025-09-30,2025-09-27,8,False,2
CNT09144,2,Tank,2025-06-03,2025-06-07,2025-06-08,4,True,2
CNT09145,2,General,2025-06-11,2025-06-17,2025-06-16,6,False,2
CNT09146,2,General,2025-05-08,2025-05-09,2025-05-13,1,True,2
CNT09147,2,Hazardous,2025-07-02,2025-07-06,2025-07-07,4,True,2
CNT09148,2,Tank,2025-07-31,2025-08-04,2025-08-05,4,True,2
CNT09149,2,Hazardous,2025-07-04,2025-07-06,2025-07-09,2,True,2
CNT09150,2,Hazardous,2025-06-18,2025-06-22,2025-06-23,4,True,2
CNT09151,2,Hazardous,2025-04-06,2025-04-16,2025-04-11,10,False,2
CNT09152,2,Hazardous,2025-09-13,2025-09-15,2025-09-18,2,True,2
CNT09153,2,Reefer,2025-09-03,2025-09-13,2025-09-08,10,False,2
CNT09154,2,Reefer,2025-04-09,2025-04-14,2025-04-14,5,True,2
CNT09155,2,General,2025-09-17,2025-09-18,2025-09-22,1,True,2
CNT09156,2,Tank,2025-04-14,2025-04-20,2025-04-19,6,False,2
CNT09157,2,Reefer,2025-09-24,2025-10-05,2025-09-29,11,False,2
CNT09158,2,General,2025-09-19,2025-09-30,2025-09-24,11,False,2
CNT09159,2,Tank,2025-06-01,2025-06-11,2025-06-06,10,False,2
CNT09160,2,Reefer,2025-06-04,2025-06-07,2025-06-09,3,True,2
CNT09161,2,Reefer,2025-08-20,2025-08-28,2025-08-25,8,False,2
CNT09162,2,Hazardous,2025-07-08,2025-07-14,2025-07-13,6,False,2
CNT09163,2,General,2025-06-19,2025-06-25,2025-06-24,6,False,2
CNT09164,2,Tank,2025-09-11,2025-09-28,2025-09-16,17,False,2
CNT09165,2,General,2025-09-27,2025-09-29,2025-10-02,2,True,2
CNT09166,2,Hazardous,2025-07-02,2025-07-12,2025-07-07,10,False,2
CNT09167,2,General,2025-09-23,2025-09-27,2025-09-28,4,True,2
CNT09168,2,General,2025-05-02,2025-05-03,2025-05-07,1,True,2
CNT09169,2,Tank,2025-08-15,2025-08-20,2025-08-20,5,True,2
CNT09170,2,Tank,2025-05-31,2025-06-12,2025-06-05,12,False,2
CNT09171,2,General,2025-07-23,2025-07-27,2025-07-28,4,True,2
CNT09172,2,General,2025-07-09,2025-07-19,2025-07-14,10,False,2
CNT09173,2,Tank,2025-04-03,2025-04-09,2025-04-08,6,False,2
CNT09174,2,General,2025-07-10,2025-07-12,2025-07-15,2,True,2
CNT09175,2,General,2025-06-05,2025-06-14,2025-06-10,9,False,2
CNT09176,2,General,2025-06-17,2025-06-20,2025-06-22,3,True,2
CNT09177,2,Hazardous,2025-04-24,2025-05-01,2025-04-29,7,False,2
CNT09178,2,Tank,2025-05-31,2025-06-05,2025-06-05,5,True,2
CNT09179,2,Reefer,2025-06-16,2025-06-23,2025-06-21,7,False,2
CNT09180,2,Hazardous,2025-05-24,2025-06-01,2025-05-29,8,False,2
CNT09181,2,Hazardous,2025-05-12,2025-05-28,2025-05-17,16,False,2
CNT09182,2,General,2025-07-22,2025-07-30,2025-07-27,8,False,2
CNT09183,2,Hazardous,2025-09-09,2025-09-11,2025-09-14,2,True,2
CNT09184,2,Hazardous,2025-06-21,2025-06-25,2025-06-26,4,True,2
CNT09185,2,Hazardous,2025-09-12,2025-09-13,2025-09-17,1,True,2
CNT09186,2,Tank,2025-07-14,2025-07-15,2025-07-19,1,True,2
CNT09187,2,Hazardous,2025-04-09,2025-04-13,2025-04-14,4,True,2
CNT09188,2,Tank,2025-06-10,2025-06-20,2025-06-15,10,False,2
CNT09189,2,General,2025-04-21,2025-04-25,2025-04-26,4,True,2
CNT09190,2,General,2025-08-04,2025-08-17,2025-08-09,13,False,2
CNT09191,2,Tank,2025-07-30,2025-08-05,2025-08-04,6,False,2
CNT09192,2,Tank,2025-07-15,2025-07-17,2025-07-20,2,True,2
CNT09193,2,Tank,2025-06-25,2025-06-27,2025-06-30,2,True,2
CNT09194,2,General,2025-07-18,2025-08-07,2025-07-23,20,False,2
CNT09195,2,General,2025-04-26,2025-05-02,2025-05-01,6,False,2
CNT09196,2,Reefer,2025-05-12,2025-05-19,2025-05-17,7,False,2
CNT09197,2,Reefer,2025-09-26,2025-10-04,2025-10-01,8,False,2
CNT09198,2,Tank,2025-06-06,2025-06-09,2025-06-11,3,True,2
CNT09199,2,Tank,2025-08-08,2025-08-12,2025-08-13,4,True,2
CNT09200,2,General,2025-04-17,2025-04-19,2025-04-22,2,True,2
CNT09201,2,General,2025-06-30,2025-07-05,2025-07-05,5,True,2
CNT09202,2,Hazardous,2025-07-17,2025-07-21,2025-07-22,4,True,2
CNT09203,2,Tank,2025-09-02,2025-09-18,2025-09-07,16,False,2
CNT09204,2,Reefer,2025-08-19,2025-08-25,2025-08-24,6,False,2
CNT09205,2,Hazardous,2025-06-23,2025-06-30,2025-06-28,7,False,2
CNT09206,2,Reefer,2025-07-26,2025-08-01,2025-07-31,6,False,2
CNT09207,2,General,2025-09-25,2025-10-03,2025-09-30,8,False,2
CNT09208,2,General,2025-04-08,2025-04-12,2025-04-13,4,True,2
CNT09209,2,Tank,2025-04-14,2025-04-16,2025-04-19,2,True,2
CNT09210,2,Tank,2025-09-12,2025-09-19,2025-09-17,7,False,2
CNT09211,2,General,2025-09-12,2025-09-19,2025-09-17,7,False,2
CNT09212,2,Tank,2025-05-18,2025-05-24,2025-05-23,6,False,2
CNT09213,2,Hazardous,2025-09-09,2025-09-25,2025-09-14,16,False,2
CNT09214,2,Hazardous,2025-07-23,2025-07-31,2025-07-28,8,False,2
CNT09215,2,Tank,2025-09-12,2025-09-13,2025-09-17,1,True,2
CNT09216,2,General,2025-05-05,2025-05-10,2025-05-10,5,True,2
CNT09217,2,Tank,2025-04-01,2025-04-06,2025-04-06,5,True,2
CNT09218,2,Reefer,2025-07-12,2025-07-15,2025-07-17,3,True,2
CNT09219,2,Reefer,2025-05-22,2025-05-31,2025-05-27,9,False,2
CNT09220,2,Tank,2025-09-08,2025-09-12,2025-09-13,4,True,2
CNT09221,2,General,2025-06-18,2025-06-21,2025-06-23,3,True,2
CNT09222,2,General,2025-06-20,2025-06-27,2025-06-25,7,False,2
CNT09223,2,Tank,2025-08-26,2025-09-07,2025-08-31,12,False,2
CNT09224,2,Tank,2025-04-22,2025-04-24,2025-04-27,2,True,2
CNT09225,2,General,2025-04-29,2025-05-03,2025-05-04,4,True,2
CNT09226,2,General,2025-05-11,2025-05-14,2025-05-16,3,True,2
CNT09227,2,General,2025-06-03,2025-06-11,2025-06-08,8,False,2
CNT09228,2,Reefer,2025-08-11,2025-08-20,2025-08-16,9,False,2
CNT09229,2,Hazardous,2025-09-14,2025-09-19,2025-09-19,5,True,2
CNT09230,2,Reefer,2025-05-04,2025-05-13,2025-05-09,9,False,2
CNT09231,2,Tank,2025-08-31,2025-09-07,2025-09-05,7,False,2
CNT09232,2,General,2025-09-23,2025-09-24,2025-09-28,1,True,2
CNT09233,2,Tank,2025-07-15,2025-07-27,2025-07-20,12,False,2
CNT09234,2,General,2025-06-21,2025-06-24,2025-06-26,3,True,2
CNT09235,2,Tank,2025-07-25,2025-07-30,2025-07-30,5,True,2
CNT09236,2,General,2025-08-01,2025-08-03,2025-08-06,2,True,2
CNT09237,2,Tank,2025-05-05,2025-05-11,2025-05-10,6,False,2
CNT09238,2,Hazardous,2025-06-06,2025-06-10,2025-06-11,4,True,2
CNT09239,2,General,2025-05-15,2025-05-20,2025-05-20,5,True,2
CNT09240,2,General,2025-09-23,2025-09-28,2025-09-28,5,True,2
CNT09241,2,General,2025-08-30,2025-09-14,2025-09-04,15,False,2
CNT09242,2,Tank,2025-06-23,2025-07-01,2025-06-28,8,False,2
CNT09243,2,Reefer,2025-06-12,2025-06-13,2025-06-17,1,True,2
CNT09244,2,General,2025-05-21,2025-05-25,2025-05-26,4,True,2
CNT09245,2,General,2025-04-22,2025-04-26,2025-04-27,4,True,2
CNT09246,2,Tank,2025-07-16,2025-07-25,2025-07-21,9,False,2
CNT09247,2,Hazardous,2025-07-04,2025-07-17,2025-07-09,13,False,2
CNT09248,2,Reefer,2025-05-17,2025-05-19,2025-05-22,2,True,2
CNT09249,2,Reefer,2025-07-10,2025-07-13,2025-07-15,3,True,2
CNT09250,2,Hazardous,2025-07-06,2025-07-09,2025-07-11,3,True,2
CNT09251,2,Reefer,2025-08-25,2025-09-05,2025-08-30,11,False,2
CNT09252,2,General,2025-05-28,2025-05-29,2025-06-02,1,True,2
CNT09253,2,Reefer,2025-04-06,2025-04-08,2025-04-11,2,True,2
CNT09254,2,Reefer,2025-04-06,2025-04-11,2025-04-11,5,True,2
CNT09255,2,Hazardous,2025-08-21,2025-08-26,2025-08-26,5,True,2
CNT09256,2,Reefer,2025-09-13,2025-09-18,2025-09-18,5,True,2
CNT09257,2,Hazardous,2025-09-04,2025-09-05,2025-09-09,1,True,2
CNT09258,2,Tank,2025-09-08,2025-09-15,2025-09-13,7,False,2
CNT09259,2,Reefer,2025-05-29,2025-06-01,2025-06-03,3,True,2
CNT09260,2,Tank,2025-04-23,2025-04-29,2025-04-28,6,False,2
CNT09261,2,Hazardous,2025-07-28,2025-08-02,2025-08-02,5,True,2
CNT09262,2,Hazardous,2025-05-21,2025-05-30,2025-05-26,9,False,2
CNT09263,2,Tank,2025-06-07,2025-06-11,2025-06-12,4,True,2
CNT09264,2,Reefer,2025-09-27,2025-09-30,2025-10-02,3,True,2
CNT09265,2,General,2025-05-14,2025-05-19,2025-05-19,5,True,2
CNT09266,2,Tank,2025-04-13,2025-04-19,2025-04-18,6,False,2
CNT09267,2,Tank,2025-07-12,2025-07-16,2025-07-17,4,True,2
CNT09268,2,Tank,2025-09-06,2025-09-11,2025-09-11,5,True,2
CNT09269,2,Tank,2025-07-19,2025-07-29,2025-07-24,10,False,2
CNT09270,2,Reefer,2025-09-01,2025-09-06,2025-09-06,5,True,2
CNT09271,2,Reefer,2025-06-06,2025-06-13,2025-06-11,7,False,2
CNT09272,2,Tank,2025-05-09,2025-05-15,2025-05-14,6,False,2
CNT09273,2,Tank,2025-04-23,2025-04-30,2025-04-28,7,False,2
CNT09274,2,Tank,2025-07-04,2025-07-07,2025-07-09,3,True,2
CNT09275,2,General,2025-05-14,2025-05-16,2025-05-19,2,True,2
CNT09276,2,Hazardous,2025-08-24,2025-08-26,2025-08-29,2,True,2
CNT09277,2,Tank,2025-05-01,2025-05-04,2025-05-06,3,True,2
CNT09278,2,General,2025-04-04,2025-04-10,2025-04-09,6,False,2
CNT09279,2,Tank,2025-08-13,2025-08-17,2025-08-18,4,True,2
CNT09280,2,Hazardous,2025-07-21,2025-08-02,2025-07-26,12,False,2
CNT09281,2,General,2025-07-26,2025-07-31,2025-07-31,5,True,2
CNT09282,2,General,2025-09-20,2025-09-25,2025-09-25,5,True,2
CNT09283,2,Hazardous,2025-08-05,2025-08-07,2025-08-10,2,True,2
CNT09284,2,Tank,2025-05-01,2025-05-04,2025-05-06,3,True,2
CNT09285,2,General,2025-05-28,2025-06-01,2025-06-02,4,True,2
CNT09286,2,Hazardous,2025-05-23,2025-05-30,2025-05-28,7,False,2
CNT09287,2,General,2025-05-19,2025-05-23,2025-05-24,4,True,2
CNT09288,2,Tank,2025-06-08,2025-06-27,2025-06-13,19,False,2
CNT09289,2,Hazardous,2025-06-13,2025-06-17,2025-06-18,4,True,2
CNT09290,2,Reefer,2025-08-05,2025-08-06,2025-08-10,1,True,2
CNT09291,2,General,2025-07-07,2025-07-08,2025-07-12,1,True,2
CNT09292,2,General,2025-05-04,2025-05-06,2025-05-09,2,True,2
CNT09293,2,General,2025-07-20,2025-07-22,2025-07-25,2,True,2
CNT09294,2,Tank,2025-05-23,2025-05-29,2025-05-28,6,False,2
CNT09295,2,General,2025-09-01,2025-09-07,2025-09-06,6,False,2
CNT09296,2,Hazardous,2025-05-26,2025-06-04,2025-05-31,9,False,2
CNT09297,2,General,2025-06-12,2025-06-17,2025-06-17,5,True,2
CNT09298,2,Hazardous,2025-09-21,2025-10-03,2025-09-26,12,False,2
CNT09299,2,General,2025-05-19,2025-05-28,2025-05-24,9,False,2
CNT09300,2,Tank,2025-07-17,2025-07-22,2025-07-22,5,True,2
CNT09301,2,Tank,2025-05-17,2025-05-23,2025-05-22,6,False,2
CNT09302,2,General,2025-07-14,2025-07-18,2025-07-19,4,True,2
CNT09303,2,Hazardous,2025-05-08,2025-05-13,2025-05-13,5,True,2
CNT09304,2,General,2025-04-08,2025-04-11,2025-04-13,3,True,2
CNT09305,2,Tank,2025-06-14,2025-06-18,2025-06-19,4,True,2
CNT09306,2,Reefer,2025-06-07,2025-06-08,2025-06-12,1,True,2
CNT09307,2,Tank,2025-05-31,2025-06-11,2025-06-05,11,False,2
CNT09308,2,Reefer,2025-09-06,2025-09-16,2025-09-11,10,False,2
CNT09309,2,Tank,2025-07-25,2025-07-31,2025-07-30,6,False,2
CNT09310,2,Tank,2025-06-03,2025-06-05,2025-06-08,2,True,2
CNT09311,2,General,2025-07-04,2025-07-11,2025-07-09,7,False,2
CNT09312,2,Tank,2025-08-28,2025-09-02,2025-09-02,5,True,2
CNT09313,2,Reefer,2025-09-23,2025-09-29,2025-09-28,6,False,2
CNT09314,2,General,2025-09-13,2025-09-20,2025-09-18,7,False,2
CNT09315,2,Tank,2025-07-27,2025-07-30,2025-08-01,3,True,2
CNT09316,2,Hazardous,2025-04-22,2025-05-06,2025-04-27,14,False,2
CNT09317,2,Hazardous,2025-04-03,2025-04-06,2025-04-08,3,True,2
CNT09318,2,Tank,2025-07-30,2025-08-03,2025-08-04,4,True,2
CNT09319,2,General,2025-05-05,2025-05-15,2025-05-10,10,False,2
CNT09320,2,Reefer,2025-06-22,2025-07-01,2025-06-27,9,False,2
CNT09321,2,Hazardous,2025-09-25,2025-09-27,2025-09-30,2,True,2
CNT09322,2,Hazardous,2025-07-11,2025-07-17,2025-07-16,6,False,2
CNT09323,2,General,2025-09-23,2025-09-25,2025-09-28,2,True,2
CNT09324,2,Tank,2025-05-25,2025-05-28,2025-05-30,3,True,2
CNT09325,2,General,2025-07-08,2025-07-18,2025-07-13,10,False,2
CNT09326,2,Hazardous,2025-07-18,2025-07-24,2025-07-23,6,False,2
CNT09327,2,Reefer,2025-08-31,2025-09-13,2025-09-05,13,False,2
CNT09328,2,General,2025-06-05,2025-06-09,2025-06-10,4,True,2
CNT09329,2,General,2025-04-19,2025-04-27,2025-04-24,8,False,2
CNT09330,2,Tank,2025-04-25,2025-04-26,2025-04-30,1,True,2
CNT09331,2,Hazardous,2025-08-21,2025-08-23,2025-08-26,2,True,2
CNT09332,2,General,2025-04-16,2025-04-19,2025-04-21,3,True,2
CNT09333,2,General,2025-04-14,2025-04-15,2025-04-19,1,True,2
CNT09334,2,Reefer,2025-06-25,2025-07-02,2025-06-30,7,False,2
CNT09335,2,Tank,2025-05-31,2025-06-03,2025-06-05,3,True,2
CNT09336,2,General,2025-07-30,2025-08-04,2025-08-04,5,True,2
CNT09337,2,Hazardous,2025-06-30,2025-07-02,2025-07-05,2,True,2
CNT09338,2,General,2025-09-03,2025-09-12,2025-09-08,9,False,2
CNT09339,2,General,2025-09-19,2025-09-22,2025-09-24,3,True,2
CNT09340,2,General,2025-09-01,2025-09-04,2025-09-06,3,True,2
CNT09341,2,Tank,2025-04-12,2025-04-15,2025-04-17,3,True,2
CNT09342,2,Hazardous,2025-04-02,2025-04-05,2025-04-07,3,True,2
CNT09343,2,General,2025-06-04,2025-06-09,2025-06-09,5,True,2
CNT09344,2,Tank,2025-08-08,2025-08-11,2025-08-13,3,True,2
CNT09345,2,General,2025-09-06,2025-09-15,2025-09-11,9,False,2
CNT09346,2,General,2025-07-07,2025-07-12,2025-07-12,5,True,2
CNT09347,2,Tank,2025-06-17,2025-06-24,2025-06-22,7,False,2
CNT09348,2,General,2025-07-11,2025-07-17,2025-07-16,6,False,2
CNT09349,2,General,2025-09-19,2025-09-26,2025-09-24,7,False,2
CNT09350,2,General,2025-07-04,2025-07-07,2025-07-09,3,True,2
CNT09351,2,General,2025-05-04,2025-05-13,2025-05-09,9,False,2
CNT09352,2,Reefer,2025-08-22,2025-08-31,2025-08-27,9,False,2
CNT09353,2,General,2025-04-11,2025-04-14,2025-04-16,3,True,2
CNT09354,2,Reefer,2025-08-27,2025-08-29,2025-09-01,2,True,2
CNT09355,2,General,2025-05-16,2025-05-18,2025-05-21,2,True,2
CNT09356,2,Tank,2025-06-06,2025-06-09,2025-06-11,3,True,2
CNT09357,2,General,2025-05-14,2025-05-20,2025-05-19,6,False,2
CNT09358,2,General,2025-08-07,2025-08-10,2025-08-12,3,True,2
CNT09359,2,Hazardous,2025-08-05,2025-08-12,2025-08-10,7,False,2
CNT09360,2,General,2025-06-26,2025-06-27,2025-07-01,1,True,2
CNT09361,2,Tank,2025-07-29,2025-08-06,2025-08-03,8,False,2
CNT09362,2,Reefer,2025-05-04,2025-05-09,2025-05-09,5,True,2
CNT09363,2,General,2025-04-23,2025-05-08,2025-04-28,15,False,2
CNT09364,2,General,2025-06-21,2025-07-06,2025-06-26,15,False,2
CNT09365,2,Reefer,2025-08-14,2025-08-16,2025-08-19,2,True,2
CNT09366,2,General,2025-07-20,2025-07-23,2025-07-25,3,True,2
CNT09367,2,Tank,2025-05-07,2025-05-16,2025-05-12,9,False,2
CNT09368,2,Hazardous,2025-06-06,2025-06-07,2025-06-11,1,True,2
CNT09369,2,Reefer,2025-04-30,2025-05-06,2025-05-05,6,False,2
CNT09370,2,Hazardous,2025-06-20,2025-06-24,2025-06-25,4,True,2
CNT09371,2,General,2025-04-12,2025-04-13,2025-04-17,1,True,2
CNT09372,2,General,2025-05-03,2025-05-06,2025-05-08,3,True,2
CNT09373,2,Tank,2025-08-06,2025-08-10,2025-08-11,4,True,2
CNT09374,2,General,2025-06-11,2025-06-13,2025-06-16,2,True,2
CNT09375,2,General,2025-07-02,2025-07-12,2025-07-07,10,False,2
CNT09376,2,Tank,2025-07-20,2025-07-25,2025-07-25,5,True,2
CNT09377,2,Tank,2025-06-12,2025-06-16,2025-06-17,4,True,2
CNT09378,2,Hazardous,2025-06-07,2025-06-08,2025-06-12,1,True,2
CNT09379,2,Hazardous,2025-09-04,2025-09-17,2025-09-09,13,False,2
CNT09380,2,Tank,2025-06-07,2025-06-12,2025-06-12,5,True,2
CNT09381,2,General,2025-08-11,2025-08-14,2025-08-16,3,True,2
CNT09382,2,General,2025-06-20,2025-06-23,2025-06-25,3,True,2
CNT09383,2,Reefer,2025-07-21,2025-07-22,2025-07-26,1,True,2
CNT09384,2,Tank,2025-05-13,2025-06-01,2025-05-18,19,False,2
CNT09385,2,Reefer,2025-06-20,2025-06-25,2025-06-25,5,True,2
CNT09386,2,General,2025-08-04,2025-08-05,2025-08-09,1,True,2
CNT09387,2,General,2025-05-09,2025-05-11,2025-05-14,2,True,2
CNT09388,2,Tank,2025-08-21,2025-08-23,2025-08-26,2,True,2
CNT09389,2,Reefer,2025-09-16,2025-09-20,2025-09-21,4,True,2
CNT09390,2,Reefer,2025-09-10,2025-09-12,2025-09-15,2,True,2
CNT09391,2,General,2025-07-22,2025-07-28,2025-07-27,6,False,2
CNT09392,2,General,2025-04-14,2025-04-17,2025-04-19,3,True,2
CNT09393,2,General,2025-05-19,2025-05-22,2025-05-24,3,True,2
CNT09394,2,General,2025-05-09,2025-05-15,2025-05-14,6,False,2
CNT09395,2,Hazardous,2025-04-14,2025-04-17,2025-04-19,3,True,2
CNT09396,2,Hazardous,2025-05-29,2025-06-04,2025-06-03,6,False,2
CNT09397,2,General,2025-05-17,2025-06-03,2025-05-22,17,False,2
CNT09398,2,Hazardous,2025-04-10,2025-04-29,2025-04-15,19,False,2
CNT09399,2,Hazardous,2025-07-30,2025-08-02,2025-08-04,3,True,2
CNT09400,2,General,2025-06-06,2025-06-09,2025-06-11,3,True,2
CNT09401,2,Tank,2025-05-12,2025-05-16,2025-05-17,4,True,2
CNT09402,2,Hazardous,2025-09-28,2025-09-30,2025-10-03,2,True,2
CNT09403,2,General,2025-07-29,2025-08-16,2025-08-03,18,False,2
CNT09404,2,General,2025-07-21,2025-07-30,2025-07-26,9,False,2
CNT09405,2,Tank,2025-04-30,2025-05-01,2025-05-05,1,True,2
CNT09406,2,Hazardous,2025-08-05,2025-08-08,2025-08-10,3,True,2
CNT09407,2,General,2025-04-11,2025-04-16,2025-04-16,5,True,2
CNT09408,2,General,2025-07-23,2025-08-04,2025-07-28,12,False,2
CNT09409,2,General,2025-07-01,2025-07-04,2025-07-06,3,True,2
CNT09410,2,General,2025-08-22,2025-09-08,2025-08-27,17,False,2
CNT09411,2,General,2025-08-03,2025-08-07,2025-08-08,4,True,2
CNT09412,2,General,2025-07-27,2025-07-30,2025-08-01,3,True,2
CNT09413,2,Reefer,2025-08-05,2025-08-26,2025-08-10,21,False,2
CNT09414,2,General,2025-04-29,2025-05-15,2025-05-04,16,False,2
CNT09415,2,Hazardous,2025-05-08,2025-05-19,2025-05-13,11,False,2
CNT09416,2,General,2025-05-02,2025-05-09,2025-05-07,7,False,2
CNT09417,2,Tank,2025-06-29,2025-07-11,2025-07-04,12,False,2
CNT09418,2,Reefer,2025-04-24,2025-05-07,2025-04-29,13,False,2
CNT09419,2,General,2025-05-23,2025-05-27,2025-05-28,4,True,2
CNT09420,2,General,2025-06-12,2025-06-16,2025-06-17,4,True,2
CNT09421,2,Tank,2025-05-17,2025-05-28,2025-05-22,11,False,2
CNT09422,2,Hazardous,2025-05-14,2025-05-27,2025-05-19,13,False,2
CNT09423,2,Tank,2025-08-09,2025-08-24,2025-08-14,15,False,2
CNT09424,2,Tank,2025-06-09,2025-06-13,2025-06-14,4,True,2
CNT09425,2,Reefer,2025-08-23,2025-09-05,2025-08-28,13,False,2
CNT09426,2,Hazardous,2025-09-17,2025-09-20,2025-09-22,3,True,2
CNT09427,2,General,2025-08-28,2025-09-01,2025-09-02,4,True,2
CNT09428,2,Tank,2025-05-25,2025-05-30,2025-05-30,5,True,2
CNT09429,2,Reefer,2025-08-28,2025-09-02,2025-09-02,5,True,2
CNT09430,2,Reefer,2025-04-02,2025-04-06,2025-04-07,4,True,2
CNT09431,2,General,2025-08-13,2025-08-21,2025-08-18,8,False,2
CNT09432,2,Reefer,2025-08-25,2025-08-30,2025-08-30,5,True,2
CNT09433,2,Tank,2025-05-17,2025-05-25,2025-05-22,8,False,2
CNT09434,2,Tank,2025-07-16,2025-08-01,2025-07-21,16,False,2
CNT09435,2,Reefer,2025-04-20,2025-04-24,2025-04-25,4,True,2
CNT09436,2,Reefer,2025-06-03,2025-06-04,2025-06-08,1,True,2
CNT09437,2,Hazardous,2025-08-06,2025-08-24,2025-08-11,18,False,2
CNT09438,2,General,2025-09-21,2025-09-23,2025-09-26,2,True,2
CNT09439,2,Tank,2025-04-25,2025-05-12,2025-04-30,17,False,2
CNT09440,2,Reefer,2025-06-24,2025-06-28,2025-06-29,4,True,2
CNT09441,2,General,2025-04-07,2025-04-15,2025-04-12,8,False,2
CNT09442,2,Reefer,2025-06-12,2025-06-20,2025-06-17,8,False,2
CNT09443,2,General,2025-09-22,2025-09-23,2025-09-27,1,True,2
CNT09444,2,General,2025-09-22,2025-09-30,2025-09-27,8,False,2
CNT09445,2,Reefer,2025-05-02,2025-05-05,2025-05-07,3,True,2
CNT09446,2,Reefer,2025-07-10,2025-07-11,2025-07-15,1,True,2
CNT09447,2,Hazardous,2025-07-05,2025-07-11,2025-07-10,6,False,2
CNT09448,2,Tank,2025-08-30,2025-09-06,2025-09-04,7,False,2
CNT09449,2,General,2025-04-28,2025-05-01,2025-05-03,3,True,2
CNT09450,2,Tank,2025-06-22,2025-06-30,2025-06-27,8,False,2
CNT09451,2,General,2025-05-10,2025-05-19,2025-05-15,9,False,2
CNT09452,2,General,2025-04-08,2025-04-13,2025-04-13,5,True,2
CNT09453,2,General,2025-04-21,2025-04-22,2025-04-26,1,True,2
CNT09454,2,Tank,2025-07-27,2025-08-11,2025-08-01,15,False,2
CNT09455,2,General,2025-09-16,2025-09-22,2025-09-21,6,False,2
CNT09456,2,Hazardous,2025-08-01,2025-08-04,2025-08-06,3,True,2
CNT09457,2,Hazardous,2025-07-26,2025-08-03,2025-07-31,8,False,2
CNT09458,2,Hazardous,2025-09-08,2025-09-17,2025-09-13,9,False,2
CNT09459,2,General,2025-06-08,2025-06-14,2025-06-13,6,False,2
CNT09460,2,General,2025-08-31,2025-09-20,2025-09-05,20,False,2
CNT09461,2,Tank,2025-09-16,2025-09-20,2025-09-21,4,True,2
CNT09462,2,General,2025-04-02,2025-04-06,2025-04-07,4,True,2
CNT09463,2,General,2025-06-24,2025-06-25,2025-06-29,1,True,2
CNT09464,2,Reefer,2025-04-12,2025-04-17,2025-04-17,5,True,2
CNT09465,2,Tank,2025-09-15,2025-10-02,2025-09-20,17,False,2
CNT09466,2,Tank,2025-09-07,2025-09-15,2025-09-12,8,False,2
CNT09467,2,General,2025-07-25,2025-07-29,2025-07-30,4,True,2
CNT09468,2,Hazardous,2025-06-23,2025-07-02,2025-06-28,9,False,2
CNT09469,2,General,2025-08-24,2025-08-26,2025-08-29,2,True,2
CNT09470,2,Hazardous,2025-05-04,2025-05-16,2025-05-09,12,False,2
CNT09471,2,Tank,2025-05-25,2025-05-29,2025-05-30,4,True,2
CNT09472,2,General,2025-04-13,2025-04-17,2025-04-18,4,True,2
CNT09473,2,Hazardous,2025-09-12,2025-09-18,2025-09-17,6,False,2
CNT09474,2,Tank,2025-06-12,2025-06-13,2025-06-17,1,True,2
CNT09475,2,General,2025-06-22,2025-06-26,2025-06-27,4,True,2
CNT09476,2,General,2025-04-15,2025-04-23,2025-04-20,8,False,2
CNT09477,2,Reefer,2025-04-19,2025-04-23,2025-04-24,4,True,2
CNT09478,2,General,2025-08-19,2025-09-02,2025-08-24,14,False,2
CNT09479,2,Hazardous,2025-09-02,2025-09-05,2025-09-07,3,True,2
CNT09480,2,General,2025-07-07,2025-07-10,2025-07-12,3,True,2
CNT09481,2,General,2025-04-24,2025-04-30,2025-04-29,6,False,2
CNT09482,2,Hazardous,2025-07-12,2025-07-15,2025-07-17,3,True,2
CNT09483,2,General,2025-06-05,2025-06-06,2025-06-10,1,True,2
CNT09484,2,Reefer,2025-05-16,2025-05-26,2025-05-21,10,False,2
CNT09485,2,General,2025-06-01,2025-06-07,2025-06-06,6,False,2
CNT09486,2,Reefer,2025-07-12,2025-07-19,2025-07-17,7,False,2
CNT09487,2,Hazardous,2025-04-23,2025-04-26,2025-04-28,3,True,2
CNT09488,2,General,2025-04-06,2025-04-13,2025-04-11,7,False,2
CNT09489,2,Hazardous,2025-05-24,2025-05-26,2025-05-29,2,True,2
CNT09490,2,Hazardous,2025-05-12,2025-05-21,2025-05-17,9,False,2
CNT09491,2,Tank,2025-07-09,2025-07-10,2025-07-14,1,True,2
CNT09492,2,Hazardous,2025-07-13,2025-07-16,2025-07-18,3,True,2
CNT09493,2,General,2025-06-12,2025-06-22,2025-06-17,10,False,2
CNT09494,2,General,2025-09-13,2025-09-21,2025-09-18,8,False,2
CNT09495,2,Tank,2025-09-15,2025-09-27,2025-09-20,12,False,2
CNT09496,2,General,2025-05-10,2025-05-14,2025-05-15,4,True,2
CNT09497,2,Tank,2025-05-01,2025-05-12,2025-05-06,11,False,2
CNT09498,2,General,2025-06-16,2025-06-18,2025-06-21,2,True,2
CNT09499,2,General,2025-08-04,2025-08-12,2025-08-09,8,False,2
CNT09500,2,General,2025-07-20,2025-07-29,2025-07-25,9,False,2
CNT09501,2,General,2025-06-19,2025-06-23,2025-06-24,4,True,2
CNT09502,2,Hazardous,2025-09-23,2025-10-03,2025-09-28,10,False,2
CNT09503,2,General,2025-09-02,2025-09-07,2025-09-07,5,True,2
CNT09504,2,Tank,2025-05-04,2025-05-11,2025-05-09,7,False,2
CNT09505,2,Hazardous,2025-07-01,2025-07-04,2025-07-06,3,True,2
CNT09506,2,Reefer,2025-09-18,2025-09-19,2025-09-23,1,True,2
CNT09507,2,Reefer,2025-04-25,2025-05-09,2025-04-30,14,False,2
CNT09508,2,Hazardous,2025-07-04,2025-07-11,2025-07-09,7,False,2
CNT09509,2,Hazardous,2025-08-10,2025-08-14,2025-08-15,4,True,2
CNT09510,2,Hazardous,2025-05-22,2025-05-27,2025-05-27,5,True,2
CNT09511,2,Hazardous,2025-08-04,2025-08-07,2025-08-09,3,True,2
CNT09512,2,Hazardous,2025-07-24,2025-07-28,2025-07-29,4,True,2
CNT09513,2,General,2025-07-09,2025-07-17,2025-07-14,8,False,2
CNT09514,2,Reefer,2025-07-31,2025-08-06,2025-08-05,6,False,2
CNT09515,2,General,2025-06-08,2025-06-11,2025-06-13,3,True,2
CNT09516,2,General,2025-08-23,2025-08-30,2025-08-28,7,False,2
CNT09517,2,General,2025-09-01,2025-09-08,2025-09-06,7,False,2
CNT09518,2,Hazardous,2025-07-18,2025-07-21,2025-07-23,3,True,2
CNT09519,2,Hazardous,2025-04-24,2025-05-03,2025-04-29,9,False,2
CNT09520,2,Hazardous,2025-07-18,2025-07-28,2025-07-23,10,False,2
CNT09521,2,General,2025-07-04,2025-07-16,2025-07-09,12,False,2
CNT09522,2,Hazardous,2025-09-05,2025-09-14,2025-09-10,9,False,2
CNT09523,2,Reefer,2025-05-18,2025-05-29,2025-05-23,11,False,2
CNT09524,2,Tank,2025-07-21,2025-07-28,2025-07-26,7,False,2
CNT09525,2,Reefer,2025-09-09,2025-09-12,2025-09-14,3,True,2
CNT09526,2,Tank,2025-07-19,2025-07-22,2025-07-24,3,True,2
CNT09527,2,General,2025-04-24,2025-04-30,2025-04-29,6,False,2
CNT09528,2,General,2025-04-11,2025-04-19,2025-04-16,8,False,2
CNT09529,2,Tank,2025-08-10,2025-08-27,2025-08-15,17,False,2
CNT09530,2,Tank,2025-06-27,2025-07-14,2025-07-02,17,False,2
CNT09531,2,Tank,2025-07-28,2025-08-14,2025-08-02,17,False,2
CNT09532,2,Hazardous,2025-09-21,2025-09-28,2025-09-26,7,False,2
CNT09533,2,General,2025-05-28,2025-06-04,2025-06-02,7,False,2
CNT09534,2,General,2025-09-13,2025-09-19,2025-09-18,6,False,2
CNT09535,2,General,2025-09-23,2025-09-25,2025-09-28,2,True,2
CNT09536,2,Tank,2025-05-10,2025-05-21,2025-05-15,11,False,2
CNT09537,2,General,2025-08-05,2025-08-09,2025-08-10,4,True,2
CNT09538,2,Tank,2025-08-13,2025-08-27,2025-08-18,14,False,2
CNT09539,2,General,2025-09-09,2025-10-03,2025-09-14,24,False,2
CNT09540,2,Reefer,2025-09-13,2025-09-15,2025-09-18,2,True,2
CNT09541,2,Hazardous,2025-08-13,2025-08-19,2025-08-18,6,False,2
CNT09542,2,General,2025-04-22,2025-04-26,2025-04-27,4,True,2
CNT09543,2,Reefer,2025-06-14,2025-06-22,2025-06-19,8,False,2
CNT09544,2,Tank,2025-07-29,2025-08-01,2025-08-03,3,True,2
CNT09545,2,Reefer,2025-07-21,2025-08-05,2025-07-26,15,False,2
CNT09546,2,General,2025-04-21,2025-04-23,2025-04-26,2,True,2
CNT09547,2,General,2025-08-01,2025-08-05,2025-08-06,4,True,2
CNT09548,2,General,2025-06-16,2025-06-20,2025-06-21,4,True,2
CNT09549,2,General,2025-05-09,2025-05-14,2025-05-14,5,True,2
CNT09550,2,General,2025-05-03,2025-05-30,2025-05-08,27,False,2
CNT09551,2,Reefer,2025-09-23,2025-09-28,2025-09-28,5,True,2
CNT09552,2,General,2025-06-16,2025-06-19,2025-06-21,3,True,2
CNT09553,2,Tank,2025-06-03,2025-06-17,2025-06-08,14,False,2
CNT09554,2,Hazardous,2025-08-12,2025-08-20,2025-08-17,8,False,2
CNT09555,2,Tank,2025-07-19,2025-07-23,2025-07-24,4,True,2
CNT09556,2,Hazardous,2025-06-15,2025-06-26,2025-06-20,11,False,2
CNT09557,2,Tank,2025-08-24,2025-09-01,2025-08-29,8,False,2
CNT09558,2,Hazardous,2025-04-13,2025-04-15,2025-04-18,2,True,2
CNT09559,2,General,2025-08-20,2025-08-22,2025-08-25,2,True,2
CNT09560,2,Tank,2025-04-20,2025-04-29,2025-04-25,9,False,2
CNT09561,2,General,2025-04-12,2025-04-17,2025-04-17,5,True,2
CNT09562,2,General,2025-08-10,2025-08-15,2025-08-15,5,True,2
CNT09563,2,General,2025-04-28,2025-05-05,2025-05-03,7,False,2
CNT09564,2,Tank,2025-08-09,2025-08-11,2025-08-14,2,True,2
CNT09565,2,Tank,2025-07-18,2025-07-21,2025-07-23,3,True,2
CNT09566,2,Tank,2025-07-15,2025-07-18,2025-07-20,3,True,2
CNT09567,2,Reefer,2025-04-25,2025-04-28,2025-04-30,3,True,2
CNT09568,2,General,2025-07-28,2025-07-29,2025-08-02,1,True,2
CNT09569,2,General,2025-09-17,2025-09-28,2025-09-22,11,False,2
CNT09570,2,General,2025-08-24,2025-08-25,2025-08-29,1,True,2
CNT09571,2,Reefer,2025-06-04,2025-06-06,2025-06-09,2,True,2
CNT09572,2,Hazardous,2025-06-30,2025-07-03,2025-07-05,3,True,2
CNT09573,2,General,2025-06-05,2025-06-15,2025-06-10,10,False,2
CNT09574,2,Reefer,2025-08-28,2025-09-06,2025-09-02,9,False,2
CNT09575,2,Hazardous,2025-04-21,2025-04-23,2025-04-26,2,True,2
CNT09576,2,Reefer,2025-08-07,2025-08-14,2025-08-12,7,False,2
CNT09577,2,General,2025-04-05,2025-04-08,2025-04-10,3,True,2
CNT09578,2,General,2025-04-30,2025-05-03,2025-05-05,3,True,2
CNT09579,2,General,2025-09-17,2025-09-23,2025-09-22,6,False,2
CNT09580,2,Reefer,2025-07-28,2025-07-31,2025-08-02,3,True,2
CNT09581,2,General,2025-05-16,2025-05-24,2025-05-21,8,False,2
CNT09582,2,General,2025-05-17,2025-05-19,2025-05-22,2,True,2
CNT09583,2,Tank,2025-07-10,2025-07-13,2025-07-15,3,True,2
CNT09584,2,Tank,2025-04-12,2025-04-16,2025-04-17,4,True,2
CNT09585,2,General,2025-04-22,2025-04-25,2025-04-27,3,True,2
CNT09586,2,Tank,2025-07-16,2025-07-18,2025-07-21,2,True,2
CNT09587,2,General,2025-09-28,2025-10-09,2025-10-03,11,False,2
CNT09588,2,Hazardous,2025-06-16,2025-06-22,2025-06-21,6,False,2
CNT09589,2,General,2025-06-20,2025-06-22,2025-06-25,2,True,2
CNT09590,2,Reefer,2025-08-29,2025-08-30,2025-09-03,1,True,2
CNT09591,2,Tank,2025-07-26,2025-07-30,2025-07-31,4,True,2
CNT09592,2,Hazardous,2025-09-19,2025-09-26,2025-09-24,7,False,2
CNT09593,2,Hazardous,2025-07-25,2025-08-05,2025-07-30,11,False,2
CNT09594,2,General,2025-09-07,2025-09-12,2025-09-12,5,True,2
CNT09595,2,Reefer,2025-06-07,2025-06-13,2025-06-12,6,False,2
CNT09596,2,General,2025-06-27,2025-07-06,2025-07-02,9,False,2
CNT09597,2,Tank,2025-05-18,2025-05-22,2025-05-23,4,True,2
CNT09598,2,General,2025-05-25,2025-05-27,2025-05-30,2,True,2
CNT09599,2,Reefer,2025-05-18,2025-05-27,2025-05-23,9,False,2
CNT09600,2,Tank,2025-04-21,2025-05-25,2025-04-26,34,False,2
CNT09601,2,Hazardous,2025-09-02,2025-09-04,2025-09-07,2,True,2
CNT09602,2,Tank,2025-06-06,2025-06-08,2025-06-11,2,True,2
CNT09603,2,General,2025-09-20,2025-09-23,2025-09-25,3,True,2
CNT09604,2,Tank,2025-04-28,2025-05-11,2025-05-03,13,False,2
CNT09605,2,Hazardous,2025-07-21,2025-07-24,2025-07-26,3,True,2
CNT09606,2,Reefer,2025-08-15,2025-08-20,2025-08-20,5,True,2
CNT09607,2,General,2025-04-05,2025-04-11,2025-04-10,6,False,2
CNT09608,2,General,2025-04-02,2025-04-04,2025-04-07,2,True,2
CNT09609,2,Tank,2025-07-11,2025-07-15,2025-07-16,4,True,2
CNT09610,2,Hazardous,2025-04-30,2025-05-15,2025-05-05,15,False,2
CNT09611,2,General,2025-04-04,2025-04-07,2025-04-09,3,True,2
CNT09612,2,General,2025-05-14,2025-05-17,2025-05-19,3,True,2
CNT09613,2,General,2025-09-15,2025-10-04,2025-09-20,19,False,2
CNT09614,2,Tank,2025-08-01,2025-08-02,2025-08-06,1,True,2
CNT09615,2,Hazardous,2025-07-27,2025-07-30,2025-08-01,3,True,2
CNT09616,2,Hazardous,2025-09-25,2025-09-30,2025-09-30,5,True,2
CNT09617,2,Tank,2025-07-13,2025-07-22,2025-07-18,9,False,2
CNT09618,2,General,2025-09-16,2025-09-24,2025-09-21,8,False,2
CNT09619,2,Hazardous,2025-09-02,2025-09-11,2025-09-07,9,False,2
CNT09620,2,General,2025-08-03,2025-08-10,2025-08-08,7,False,2
CNT09621,2,Tank,2025-06-17,2025-06-23,2025-06-22,6,False,2
CNT09622,2,General,2025-09-06,2025-09-11,2025-09-11,5,True,2
CNT09623,2,General,2025-09-05,2025-09-06,2025-09-10,1,True,2
CNT09624,2,General,2025-07-02,2025-07-05,2025-07-07,3,True,2
CNT09625,2,Reefer,2025-09-24,2025-10-11,2025-09-29,17,False,2
CNT09626,2,Tank,2025-09-20,2025-09-24,2025-09-25,4,True,2
CNT09627,2,Hazardous,2025-09-24,2025-10-14,2025-09-29,20,False,2
CNT09628,2,Tank,2025-09-20,2025-09-23,2025-09-25,3,True,2
CNT09629,2,Reefer,2025-07-11,2025-07-17,2025-07-16,6,False,2
CNT09630,2,General,2025-06-17,2025-06-19,2025-06-22,2,True,2
CNT09631,2,Tank,2025-04-23,2025-04-27,2025-04-28,4,True,2
CNT09632,2,Reefer,2025-05-03,2025-05-10,2025-05-08,7,False,2
CNT09633,2,Tank,2025-05-05,2025-05-10,2025-05-10,5,True,2
CNT09634,2,Tank,2025-04-04,2025-04-06,2025-04-09,2,True,2
CNT09635,2,Hazardous,2025-05-19,2025-05-22,2025-05-24,3,True,2
CNT09636,2,Hazardous,2025-04-29,2025-05-01,2025-05-04,2,True,2
CNT09637,2,Reefer,2025-04-05,2025-04-08,2025-04-10,3,True,2
CNT09638,2,Tank,2025-09-26,2025-09-29,2025-10-01,3,True,2
CNT09639,2,Hazardous,2025-05-19,2025-05-21,2025-05-24,2,True,2
CNT09640,2,Tank,2025-04-07,2025-04-13,2025-04-12,6,False,2
CNT09641,2,Hazardous,2025-05-24,2025-05-28,2025-05-29,4,True,2
CNT09642,2,Reefer,2025-08-02,2025-08-08,2025-08-07,6,False,2
CNT09643,2,Reefer,2025-09-14,2025-09-22,2025-09-19,8,False,2
CNT09644,2,General,2025-05-08,2025-05-16,2025-05-13,8,False,2
CNT09645,2,Tank,2025-09-14,2025-10-01,2025-09-19,17,False,2
CNT09646,2,Hazardous,2025-06-01,2025-06-04,2025-06-06,3,True,2
CNT09647,2,Hazardous,2025-07-21,2025-07-28,2025-07-26,7,False,2
CNT09648,2,Tank,2025-09-08,2025-09-13,2025-09-13,5,True,2
CNT09649,2,General,2025-08-16,2025-09-10,2025-08-21,25,False,2
CNT09650,2,General,2025-05-19,2025-05-22,2025-05-24,3,True,2
CNT09651,2,Hazardous,2025-04-23,2025-04-28,2025-04-28,5,True,2
CNT09652,2,Reefer,2025-06-17,2025-06-20,2025-06-22,3,True,2
CNT09653,2,General,2025-07-28,2025-08-05,2025-08-02,8,False,2
CNT09654,2,Reefer,2025-05-08,2025-05-10,2025-05-13,2,True,2
CNT09655,2,Reefer,2025-07-31,2025-08-05,2025-08-05,5,True,2
CNT09656,2,Tank,2025-07-18,2025-07-19,2025-07-23,1,True,2
CNT09657,2,General,2025-04-06,2025-04-15,2025-04-11,9,False,2
CNT09658,2,Tank,2025-04-30,2025-05-06,2025-05-05,6,False,2
CNT09659,2,Tank,2025-05-13,2025-05-17,2025-05-18,4,True,2
CNT09660,2,General,2025-05-10,2025-05-16,2025-05-15,6,False,2
CNT09661,2,Hazardous,2025-09-27,2025-10-08,2025-10-02,11,False,2
CNT09662,2,General,2025-07-23,2025-07-28,2025-07-28,5,True,2
CNT09663,2,Tank,2025-08-03,2025-08-06,2025-08-08,3,True,2
CNT09664,2,General,2025-07-30,2025-08-01,2025-08-04,2,True,2
CNT09665,2,Reefer,2025-04-06,2025-04-12,2025-04-11,6,False,2
CNT09666,2,General,2025-07-25,2025-07-29,2025-07-30,4,True,2
CNT09667,2,General,2025-08-28,2025-09-09,2025-09-02,12,False,2
CNT09668,2,Reefer,2025-06-02,2025-06-14,2025-06-07,12,False,2
CNT09669,2,Hazardous,2025-05-22,2025-05-29,2025-05-27,7,False,2
CNT09670,2,Reefer,2025-06-15,2025-06-16,2025-06-20,1,True,2
CNT09671,2,General,2025-08-24,2025-08-26,2025-08-29,2,True,2
CNT09672,2,General,2025-07-10,2025-07-13,2025-07-15,3,True,2
CNT09673,2,Tank,2025-04-14,2025-04-21,2025-04-19,7,False,2
CNT09674,2,Reefer,2025-06-25,2025-06-28,2025-06-30,3,True,2
CNT09675,2,Hazardous,2025-04-03,2025-04-07,2025-04-08,4,True,2
CNT09676,2,General,2025-04-27,2025-05-04,2025-05-02,7,False,2
CNT09677,2,General,2025-09-09,2025-09-24,2025-09-14,15,False,2
CNT09678,2,Hazardous,2025-07-20,2025-07-22,2025-07-25,2,True,2
CNT09679,2,Reefer,2025-07-16,2025-07-19,2025-07-21,3,True,2
CNT09680,2,Reefer,2025-08-05,2025-08-11,2025-08-10,6,False,2
CNT09681,2,Reefer,2025-08-27,2025-08-31,2025-09-01,4,True,2
CNT09682,2,General,2025-08-31,2025-09-09,2025-09-05,9,False,2
CNT09683,2,General,2025-08-20,2025-08-28,2025-08-25,8,False,2
CNT09684,2,Hazardous,2025-06-14,2025-06-19,2025-06-19,5,True,2
CNT09685,2,General,2025-04-10,2025-04-12,2025-04-15,2,True,2
CNT09686,2,Hazardous,2025-08-03,2025-08-05,2025-08-08,2,True,2
CNT09687,2,Tank,2025-07-12,2025-07-25,2025-07-17,13,False,2
CNT09688,2,Tank,2025-08-03,2025-08-11,2025-08-08,8,False,2
CNT09689,2,General,2025-08-10,2025-08-20,2025-08-15,10,False,2
CNT09690,2,Reefer,2025-08-30,2025-09-01,2025-09-04,2,True,2
CNT09691,2,Hazardous,2025-09-04,2025-09-08,2025-09-09,4,True,2
CNT09692,2,General,2025-09-21,2025-09-25,2025-09-26,4,True,2
CNT09693,2,General,2025-08-03,2025-08-11,2025-08-08,8,False,2
CNT09694,2,Hazardous,2025-05-30,2025-06-15,2025-06-04,16,False,2
CNT09695,2,General,2025-04-16,2025-04-20,2025-04-21,4,True,2
CNT09696,2,Hazardous,2025-08-14,2025-08-29,2025-08-19,15,False,2
CNT09697,2,General,2025-04-05,2025-04-09,2025-04-10,4,True,2
CNT09698,2,Hazardous,2025-07-18,2025-07-22,2025-07-23,4,True,2
CNT09699,2,General,2025-08-26,2025-09-02,2025-08-31,7,False,2
CNT09700,2,Tank,2025-06-20,2025-07-06,2025-06-25,16,False,2
CNT09701,2,Hazardous,2025-08-20,2025-09-06,2025-08-25,17,False,2
CNT09702,2,Tank,2025-04-17,2025-04-18,2025-04-22,1,True,2
CNT09703,2,General,2025-06-08,2025-06-10,2025-06-13,2,True,2
CNT09704,2,General,2025-09-13,2025-09-17,2025-09-18,4,True,2
CNT09705,2,General,2025-07-16,2025-07-20,2025-07-21,4,True,2
CNT09706,2,Reefer,2025-07-31,2025-08-04,2025-08-05,4,True,2
CNT09707,2,Reefer,2025-04-30,2025-05-02,2025-05-05,2,True,2
CNT09708,2,General,2025-08-05,2025-08-08,2025-08-10,3,True,2
CNT09709,2,General,2025-09-07,2025-10-10,2025-09-12,33,False,2
CNT09710,2,Reefer,2025-09-13,2025-09-15,2025-09-18,2,True,2
CNT09711,2,General,2025-06-28,2025-07-18,2025-07-03,20,False,2
CNT09712,2,Hazardous,2025-07-24,2025-07-28,2025-07-29,4,True,2
CNT09713,2,Hazardous,2025-09-26,2025-09-27,2025-10-01,1,True,2
CNT09714,2,Tank,2025-07-21,2025-07-28,2025-07-26,7,False,2
CNT09715,2,Hazardous,2025-04-06,2025-04-10,2025-04-11,4,True,2
CNT09716,2,Hazardous,2025-05-12,2025-05-16,2025-05-17,4,True,2
CNT09717,2,General,2025-06-13,2025-06-15,2025-06-18,2,True,2
CNT09718,2,Reefer,2025-05-20,2025-05-23,2025-05-25,3,True,2
CNT09719,2,General,2025-07-30,2025-08-03,2025-08-04,4,True,2
CNT09720,2,Reefer,2025-06-28,2025-07-02,2025-07-03,4,True,2
CNT09721,2,General,2025-07-22,2025-07-24,2025-07-27,2,True,2
CNT09722,2,General,2025-05-30,2025-06-02,2025-06-04,3,True,2
CNT09723,2,Tank,2025-08-08,2025-08-12,2025-08-13,4,True,2
CNT09724,2,Hazardous,2025-05-27,2025-05-31,2025-06-01,4,True,2
CNT09725,2,Tank,2025-08-29,2025-09-02,2025-09-03,4,True,2
CNT09726,2,Hazardous,2025-09-23,2025-09-27,2025-09-28,4,True,2
CNT09727,2,Tank,2025-06-26,2025-07-22,2025-07-01,26,False,2
CNT09728,2,Tank,2025-09-02,2025-09-08,2025-09-07,6,False,2
CNT09729,2,General,2025-09-16,2025-09-22,2025-09-21,6,False,2
CNT09730,2,Reefer,2025-07-29,2025-08-01,2025-08-03,3,True,2
CNT09731,2,Hazardous,2025-05-04,2025-05-06,2025-05-09,2,True,2
CNT09732,2,Tank,2025-06-15,2025-06-19,2025-06-20,4,True,2
CNT09733,2,General,2025-07-09,2025-07-20,2025-07-14,11,False,2
CNT09734,2,General,2025-07-16,2025-08-02,2025-07-21,17,False,2
CNT09735,2,Tank,2025-09-20,2025-09-23,2025-09-25,3,True,2
CNT09736,2,Hazardous,2025-09-15,2025-09-23,2025-09-20,8,False,2
CNT09737,2,Reefer,2025-07-02,2025-07-15,2025-07-07,13,False,2
CNT09738,2,Hazardous,2025-07-30,2025-08-06,2025-08-04,7,False,2
CNT09739,2,Hazardous,2025-05-12,2025-05-26,2025-05-17,14,False,2
CNT09740,2,General,2025-09-07,2025-09-12,2025-09-12,5,True,2
CNT09741,2,Tank,2025-05-24,2025-05-25,2025-05-29,1,True,2
CNT09742,2,General,2025-06-12,2025-06-20,2025-06-17,8,False,2
CNT09743,2,Tank,2025-09-24,2025-10-06,2025-09-29,12,False,2
CNT09744,2,General,2025-04-23,2025-04-29,2025-04-28,6,False,2
CNT09745,2,Tank,2025-09-18,2025-09-22,2025-09-23,4,True,2
CNT09746,2,Tank,2025-08-02,2025-08-15,2025-08-07,13,False,2
CNT09747,2,General,2025-05-04,2025-05-20,2025-05-09,16,False,2
CNT09748,2,Reefer,2025-05-15,2025-05-20,2025-05-20,5,True,2
CNT09749,2,General,2025-05-22,2025-05-27,2025-05-27,5,True,2
CNT09750,2,Hazardous,2025-05-11,2025-05-12,2025-05-16,1,True,2
CNT09751,2,Hazardous,2025-09-03,2025-09-13,2025-09-08,10,False,2
CNT09752,2,General,2025-08-04,2025-08-07,2025-08-09,3,True,2
CNT09753,2,Hazardous,2025-04-26,2025-05-09,2025-05-01,13,False,2
CNT09754,2,Hazardous,2025-07-16,2025-07-28,2025-07-21,12,False,2
CNT09755,2,General,2025-08-05,2025-08-16,2025-08-10,11,False,2
CNT09756,2,General,2025-06-17,2025-06-20,2025-06-22,3,True,2
CNT09757,2,General,2025-05-31,2025-06-03,2025-06-05,3,True,2
CNT09758,2,Hazardous,2025-05-24,2025-06-01,2025-05-29,8,False,2
CNT09759,2,Tank,2025-08-21,2025-09-06,2025-08-26,16,False,2
CNT09760,2,Tank,2025-04-13,2025-04-18,2025-04-18,5,True,2
CNT09761,2,General,2025-04-05,2025-04-14,2025-04-10,9,False,2
CNT09762,2,Hazardous,2025-07-01,2025-07-03,2025-07-06,2,True,2
CNT09763,2,General,2025-06-06,2025-06-10,2025-06-11,4,True,2
CNT09764,2,General,2025-07-01,2025-07-06,2025-07-06,5,True,2
CNT09765,2,General,2025-09-21,2025-09-26,2025-09-26,5,True,2
CNT09766,2,Hazardous,2025-05-11,2025-05-25,2025-05-16,14,False,2
CNT09767,2,Tank,2025-05-15,2025-05-21,2025-05-20,6,False,2
CNT09768,2,General,2025-08-07,2025-08-08,2025-08-12,1,True,2
CNT09769,2,General,2025-04-09,2025-04-13,2025-04-14,4,True,2
CNT09770,2,Reefer,2025-04-17,2025-04-28,2025-04-22,11,False,2
CNT09771,2,Reefer,2025-06-26,2025-06-30,2025-07-01,4,True,2
CNT09772,2,General,2025-07-20,2025-07-31,2025-07-25,11,False,2
CNT09773,2,General,2025-04-30,2025-05-03,2025-05-05,3,True,2
CNT09774,2,General,2025-09-06,2025-09-09,2025-09-11,3,True,2
CNT09775,2,General,2025-05-29,2025-06-05,2025-06-03,7,False,2
CNT09776,2,Tank,2025-05-01,2025-05-04,2025-05-06,3,True,2
CNT09777,2,General,2025-08-22,2025-08-26,2025-08-27,4,True,2
CNT09778,2,Tank,2025-05-28,2025-06-02,2025-06-02,5,True,2
CNT09779,2,Hazardous,2025-08-03,2025-08-12,2025-08-08,9,False,2
CNT09780,2,General,2025-06-06,2025-06-09,2025-06-11,3,True,2
CNT09781,2,Reefer,2025-06-27,2025-06-30,2025-07-02,3,True,2
CNT09782,2,Hazardous,2025-06-30,2025-07-08,2025-07-05,8,False,2
CNT09783,2,General,2025-04-12,2025-04-18,2025-04-17,6,False,2
CNT09784,2,General,2025-08-21,2025-08-28,2025-08-26,7,False,2
CNT09785,2,Tank,2025-06-08,2025-06-28,2025-06-13,20,False,2
CNT09786,2,General,2025-05-09,2025-05-24,2025-05-14,15,False,2
CNT09787,2,General,2025-09-24,2025-10-03,2025-09-29,9,False,2
CNT09788,2,Hazardous,2025-08-10,2025-08-24,2025-08-15,14,False,2
CNT09789,2,General,2025-09-02,2025-09-13,2025-09-07,11,False,2
CNT09790,2,Reefer,2025-09-19,2025-09-28,2025-09-24,9,False,2
CNT09791,2,General,2025-04-27,2025-05-15,2025-05-02,18,False,2
CNT09792,2,Hazardous,2025-09-28,2025-10-01,2025-10-03,3,True,2
CNT09793,2,Tank,2025-04-13,2025-04-15,2025-04-18,2,True,2
CNT09794,2,Reefer,2025-07-22,2025-07-28,2025-07-27,6,False,2
CNT09795,2,General,2025-07-27,2025-07-28,2025-08-01,1,True,2
CNT09796,2,General,2025-04-29,2025-05-02,2025-05-04,3,True,2
CNT09797,2,Tank,2025-04-28,2025-05-03,2025-05-03,5,True,2
CNT09798,2,General,2025-09-04,2025-09-11,2025-09-09,7,False,2
CNT09799,2,General,2025-09-04,2025-09-06,2025-09-09,2,True,2
CNT09800,2,Hazardous,2025-04-27,2025-05-08,2025-05-02,11,False,2
CNT09801,2,Tank,2025-08-22,2025-08-31,2025-08-27,9,False,2
CNT09802,2,General,2025-04-11,2025-04-20,2025-04-16,9,False,2
CNT09803,2,Tank,2025-08-08,2025-08-12,2025-08-13,4,True,2
CNT09804,2,Hazardous,2025-04-27,2025-05-11,2025-05-02,14,False,2
CNT09805,2,Tank,2025-05-13,2025-05-16,2025-05-18,3,True,2
CNT09806,2,Tank,2025-09-09,2025-09-24,2025-09-14,15,False,2
CNT09807,2,General,2025-05-01,2025-05-08,2025-05-06,7,False,2
CNT09808,2,Tank,2025-05-23,2025-05-26,2025-05-28,3,True,2
CNT09809,2,Hazardous,2025-07-02,2025-07-04,2025-07-07,2,True,2
CNT09810,2,General,2025-05-11,2025-05-14,2025-05-16,3,True,2
CNT09811,2,Tank,2025-06-14,2025-06-21,2025-06-19,7,False,2
CNT09812,2,Hazardous,2025-07-23,2025-07-30,2025-07-28,7,False,2
CNT09813,2,Hazardous,2025-08-08,2025-08-20,2025-08-13,12,False,2
CNT09814,2,Reefer,2025-08-06,2025-08-10,2025-08-11,4,True,2
CNT09815,2,General,2025-04-26,2025-04-28,2025-05-01,2,True,2
CNT09816,2,Tank,2025-05-10,2025-05-11,2025-05-15,1,True,2
CNT09817,2,General,2025-09-13,2025-09-16,2025-09-18,3,True,2
CNT09818,2,Hazardous,2025-07-03,2025-07-04,2025-07-08,1,True,2
CNT09819,2,General,2025-06-25,2025-07-08,2025-06-30,13,False,2
CNT09820,2,General,2025-05-06,2025-05-12,2025-05-11,6,False,2
CNT09821,2,Reefer,2025-05-02,2025-05-05,2025-05-07,3,True,2
CNT09822,2,Reefer,2025-05-22,2025-05-24,2025-05-27,2,True,2
CNT09823,2,Hazardous,2025-07-22,2025-07-24,2025-07-27,2,True,2
CNT09824,2,Reefer,2025-07-16,2025-07-22,2025-07-21,6,False,2
CNT09825,2,Tank,2025-04-02,2025-04-11,2025-04-07,9,False,2
CNT09826,2,General,2025-06-02,2025-06-05,2025-06-07,3,True,2
CNT09827,2,Hazardous,2025-07-31,2025-08-07,2025-08-05,7,False,2
CNT09828,2,Tank,2025-06-27,2025-07-10,2025-07-02,13,False,2
CNT09829,2,Hazardous,2025-06-13,2025-06-15,2025-06-18,2,True,2
CNT09830,2,Hazardous,2025-08-08,2025-08-20,2025-08-13,12,False,2
CNT09831,2,Tank,2025-05-14,2025-05-20,2025-05-19,6,False,2
CNT09832,2,Hazardous,2025-04-22,2025-04-26,2025-04-27,4,True,2
CNT09833,2,General,2025-06-08,2025-06-09,2025-06-13,1,True,2
CNT09834,2,Tank,2025-07-05,2025-07-18,2025-07-10,13,False,2
CNT09835,2,General,2025-07-16,2025-07-27,2025-07-21,11,False,2
CNT09836,2,Hazardous,2025-07-02,2025-07-06,2025-07-07,4,True,2
CNT09837,2,General,2025-09-09,2025-09-16,2025-09-14,7,False,2
CNT09838,2,General,2025-09-18,2025-09-26,2025-09-23,8,False,2
CNT09839,2,Tank,2025-06-02,2025-06-06,2025-06-07,4,True,2
CNT09840,2,General,2025-05-09,2025-05-11,2025-05-14,2,True,2
CNT09841,2,General,2025-08-14,2025-08-19,2025-08-19,5,True,2
CNT09842,2,Hazardous,2025-07-17,2025-07-24,2025-07-22,7,False,2
CNT09843,2,General,2025-05-29,2025-06-06,2025-06-03,8,False,2
CNT09844,2,Hazardous,2025-05-06,2025-05-14,2025-05-11,8,False,2
CNT09845,2,Reefer,2025-07-19,2025-07-25,2025-07-24,6,False,2
CNT09846,2,Tank,2025-07-15,2025-07-23,2025-07-20,8,False,2
CNT09847,2,Hazardous,2025-07-14,2025-07-16,2025-07-19,2,True,2
CNT09848,2,Reefer,2025-07-27,2025-08-07,2025-08-01,11,False,2
CNT09849,2,Tank,2025-08-11,2025-08-15,2025-08-16,4,True,2
CNT09850,2,Reefer,2025-09-22,2025-09-26,2025-09-27,4,True,2
CNT09851,2,General,2025-07-02,2025-07-07,2025-07-07,5,True,2
CNT09852,2,General,2025-04-08,2025-04-13,2025-04-13,5,True,2
CNT09853,2,General,2025-07-23,2025-07-29,2025-07-28,6,False,2
CNT09854,2,Tank,2025-05-08,2025-05-11,2025-05-13,3,True,2
CNT09855,2,Reefer,2025-04-03,2025-04-10,2025-04-08,7,False,2
CNT09856,2,Reefer,2025-08-11,2025-08-15,2025-08-16,4,True,2
CNT09857,2,General,2025-04-18,2025-04-25,2025-04-23,7,False,2
CNT09858,2,General,2025-04-22,2025-04-29,2025-04-27,7,False,2
CNT09859,2,General,2025-06-26,2025-07-03,2025-07-01,7,False,2
CNT09860,2,Hazardous,2025-06-20,2025-06-27,2025-06-25,7,False,2
CNT09861,2,General,2025-07-12,2025-07-23,2025-07-17,11,False,2
CNT09862,2,Hazardous,2025-05-13,2025-05-19,2025-05-18,6,False,2
CNT09863,2,General,2025-07-21,2025-07-27,2025-07-26,6,False,2
CNT09864,2,Hazardous,2025-04-16,2025-05-02,2025-04-21,16,False,2
CNT09865,2,General,2025-07-10,2025-07-20,2025-07-15,10,False,2
CNT09866,2,General,2025-04-10,2025-04-15,2025-04-15,5,True,2
CNT09867,2,Hazardous,2025-09-17,2025-09-19,2025-09-22,2,True,2
CNT09868,2,General,2025-09-12,2025-09-19,2025-09-17,7,False,2
CNT09869,2,General,2025-05-09,2025-05-10,2025-05-14,1,True,2
CNT09870,2,General,2025-08-26,2025-09-01,2025-08-31,6,False,2
CNT09871,2,Tank,2025-04-15,2025-04-20,2025-04-20,5,True,2
CNT09872,2,General,2025-09-09,2025-09-13,2025-09-14,4,True,2
CNT09873,2,Tank,2025-09-17,2025-09-20,2025-09-22,3,True,2
CNT09874,2,General,2025-08-12,2025-08-15,2025-08-17,3,True,2
CNT09875,2,Reefer,2025-06-15,2025-06-23,2025-06-20,8,False,2
CNT09876,2,Reefer,2025-07-17,2025-07-19,2025-07-22,2,True,2
CNT09877,2,General,2025-07-12,2025-07-16,2025-07-17,4,True,2
CNT09878,2,Reefer,2025-09-22,2025-09-24,2025-09-27,2,True,2
CNT09879,2,Reefer,2025-09-27,2025-10-03,2025-10-02,6,False,2
CNT09880,2,Hazardous,2025-08-20,2025-08-25,2025-08-25,5,True,2
CNT09881,2,General,2025-06-17,2025-06-26,2025-06-22,9,False,2
CNT09882,2,General,2025-06-20,2025-06-30,2025-06-25,10,False,2
CNT09883,2,Hazardous,2025-06-28,2025-07-02,2025-07-03,4,True,2
CNT09884,2,General,2025-04-03,2025-04-05,2025-04-08,2,True,2
CNT09885,2,General,2025-06-11,2025-06-20,2025-06-16,9,False,2
CNT09886,2,General,2025-08-14,2025-08-19,2025-08-19,5,True,2
CNT09887,2,General,2025-09-04,2025-09-06,2025-09-09,2,True,2
CNT09888,2,Tank,2025-05-08,2025-05-18,2025-05-13,10,False,2
CNT09889,2,Reefer,2025-09-27,2025-10-09,2025-10-02,12,False,2
CNT09890,2,Hazardous,2025-07-13,2025-07-17,2025-07-18,4,True,2
CNT09891,2,General,2025-07-24,2025-08-07,2025-07-29,14,False,2
CNT09892,2,Tank,2025-09-12,2025-09-21,2025-09-17,9,False,2
CNT09893,2,Tank,2025-05-23,2025-05-28,2025-05-28,5,True,2
CNT09894,2,Hazardous,2025-08-18,2025-08-19,2025-08-23,1,True,2
CNT09895,2,General,2025-09-07,2025-09-09,2025-09-12,2,True,2
CNT09896,2,General,2025-09-06,2025-09-11,2025-09-11,5,True,2
CNT09897,2,Hazardous,2025-09-14,2025-09-17,2025-09-19,3,True,2
CNT09898,2,General,2025-07-23,2025-07-30,2025-07-28,7,False,2
CNT09899,2,Reefer,2025-09-26,2025-09-29,2025-10-01,3,True,2
CNT09900,2,General,2025-06-28,2025-07-01,2025-07-03,3,True,2
CNT09901,2,Hazardous,2025-09-14,2025-09-16,2025-09-19,2,True,2
CNT09902,2,General,2025-07-13,2025-07-18,2025-07-18,5,True,2
CNT09903,2,Reefer,2025-05-21,2025-05-22,2025-05-26,1,True,2
CNT09904,2,Hazardous,2025-06-17,2025-06-22,2025-06-22,5,True,2
CNT09905,2,Hazardous,2025-04-22,2025-04-26,2025-04-27,4,True,2
CNT09906,2,Tank,2025-04-10,2025-04-11,2025-04-15,1,True,2
CNT09907,2,General,2025-08-16,2025-09-09,2025-08-21,24,False,2
CNT09908,2,General,2025-06-25,2025-07-04,2025-06-30,9,False,2
CNT09909,2,Hazardous,2025-07-09,2025-07-13,2025-07-14,4,True,2
CNT09910,2,Tank,2025-05-03,2025-05-11,2025-05-08,8,False,2
CNT09911,2,Reefer,2025-08-12,2025-08-17,2025-08-17,5,True,2
CNT09912,2,Tank,2025-08-17,2025-08-22,2025-08-22,5,True,2
CNT09913,2,General,2025-06-12,2025-06-15,2025-06-17,3,True,2
CNT09914,2,Hazardous,2025-05-25,2025-05-30,2025-05-30,5,True,2
CNT09915,2,General,2025-04-24,2025-05-13,2025-04-29,19,False,2
CNT09916,2,Reefer,2025-08-09,2025-08-10,2025-08-14,1,True,2
CNT09917,2,Reefer,2025-08-20,2025-08-25,2025-08-25,5,True,2
CNT09918,2,Hazardous,2025-06-19,2025-06-23,2025-06-24,4,True,2
CNT09919,2,General,2025-08-12,2025-08-16,2025-08-17,4,True,2
CNT09920,2,General,2025-06-27,2025-07-02,2025-07-02,5,True,2
CNT09921,2,Tank,2025-09-10,2025-09-12,2025-09-15,2,True,2
CNT09922,2,Hazardous,2025-05-11,2025-05-15,2025-05-16,4,True,2
CNT09923,2,Tank,2025-04-06,2025-04-07,2025-04-11,1,True,2
CNT09924,2,General,2025-04-08,2025-04-24,2025-04-13,16,False,2
CNT09925,2,Tank,2025-08-17,2025-08-28,2025-08-22,11,False,2
CNT09926,2,Tank,2025-08-30,2025-09-01,2025-09-04,2,True,2
CNT09927,2,Reefer,2025-06-06,2025-06-09,2025-06-11,3,True,2
CNT09928,2,Tank,2025-06-01,2025-06-05,2025-06-06,4,True,2
CNT09929,2,Tank,2025-06-17,2025-06-20,2025-06-22,3,True,2
CNT09930,2,General,2025-07-18,2025-07-22,2025-07-23,4,True,2
CNT09931,2,General,2025-08-08,2025-08-24,2025-08-13,16,False,2
CNT09932,2,General,2025-04-29,2025-04-30,2025-05-04,1,True,2
CNT09933,2,General,2025-04-16,2025-04-20,2025-04-21,4,True,2
CNT09934,2,Tank,2025-07-05,2025-07-09,2025-07-10,4,True,2
CNT09935,2,Reefer,2025-06-06,2025-06-09,2025-06-11,3,True,2
CNT09936,2,General,2025-09-08,2025-09-11,2025-09-13,3,True,2
CNT09937,2,General,2025-08-08,2025-08-12,2025-08-13,4,True,2
CNT09938,2,Tank,2025-06-30,2025-07-04,2025-07-05,4,True,2
CNT09939,2,Hazardous,2025-05-02,2025-05-06,2025-05-07,4,True,2
CNT09940,2,General,2025-04-13,2025-04-21,2025-04-18,8,False,2
CNT09941,2,Hazardous,2025-09-14,2025-10-03,2025-09-19,19,False,2
CNT09942,2,General,2025-05-02,2025-05-04,2025-05-07,2,True,2
CNT09943,2,Tank,2025-07-24,2025-07-27,2025-07-29,3,True,2
CNT09944,2,General,2025-06-16,2025-06-18,2025-06-21,2,True,2
CNT09945,2,Hazardous,2025-08-25,2025-08-30,2025-08-30,5,True,2
CNT09946,2,Tank,2025-04-02,2025-04-08,2025-04-07,6,False,2
CNT09947,2,Reefer,2025-07-26,2025-08-03,2025-07-31,8,False,2
CNT09948,2,Tank,2025-06-26,2025-06-29,2025-07-01,3,True,2
CNT09949,2,Reefer,2025-05-31,2025-06-05,2025-06-05,5,True,2
CNT09950,2,General,2025-08-27,2025-09-02,2025-09-01,6,False,2
CNT09951,2,General,2025-08-23,2025-08-29,2025-08-28,6,False,2
CNT09952,2,General,2025-09-08,2025-09-12,2025-09-13,4,True,2
CNT09953,2,Tank,2025-09-18,2025-09-21,2025-09-23,3,True,2
CNT09954,2,Hazardous,2025-08-15,2025-08-19,2025-08-20,4,True,2
CNT09955,2,Tank,2025-08-31,2025-09-18,2025-09-05,18,False,2
CNT09956,2,General,2025-05-30,2025-06-07,2025-06-04,8,False,2
CNT09957,2,Hazardous,2025-06-29,2025-07-06,2025-07-04,7,False,2
CNT09958,2,General,2025-06-16,2025-06-23,2025-06-21,7,False,2
CNT09959,2,Hazardous,2025-06-12,2025-06-18,2025-06-17,6,False,2
CNT09960,2,General,2025-09-18,2025-09-20,2025-09-23,2,True,2
CNT09961,2,General,2025-08-25,2025-09-12,2025-08-30,18,False,2
CNT09962,2,Tank,2025-09-20,2025-09-22,2025-09-25,2,True,2
CNT09963,2,General,2025-05-06,2025-05-09,2025-05-11,3,True,2
CNT09964,2,General,2025-07-06,2025-07-14,2025-07-11,8,False,2
CNT09965,2,Hazardous,2025-08-12,2025-08-18,2025-08-17,6,False,2
CNT09966,2,Tank,2025-06-03,2025-06-07,2025-06-08,4,True,2
CNT09967,2,Tank,2025-04-27,2025-05-05,2025-05-02,8,False,2
CNT09968,2,General,2025-06-23,2025-06-26,2025-06-28,3,True,2
CNT09969,2,General,2025-08-11,2025-08-13,2025-08-16,2,True,2
CNT09970,2,Tank,2025-08-28,2025-09-03,2025-09-02,6,False,2
CNT09971,2,Hazardous,2025-05-20,2025-05-21,2025-05-25,1,True,2
CNT09972,2,Tank,2025-07-02,2025-07-13,2025-07-07,11,False,2
CNT09973,2,Tank,2025-07-26,2025-08-07,2025-07-31,12,False,2
CNT09974,2,General,2025-04-26,2025-05-07,2025-05-01,11,False,2
CNT09975,2,Tank,2025-05-08,2025-05-13,2025-05-13,5,True,2
CNT09976,2,General,2025-07-18,2025-08-01,2025-07-23,14,False,2
CNT09977,2,Reefer,2025-07-15,2025-07-31,2025-07-20,16,False,2
CNT09978,2,Tank,2025-04-21,2025-04-26,2025-04-26,5,True,2
CNT09979,2,Tank,2025-04-24,2025-04-28,2025-04-29,4,True,2
CNT09980,2,Hazardous,2025-04-16,2025-04-22,2025-04-21,6,False,2
CNT09981,2,Tank,2025-07-18,2025-07-25,2025-07-23,7,False,2
CNT09982,2,Hazardous,2025-05-04,2025-05-17,2025-05-09,13,False,2
CNT09983,2,General,2025-07-31,2025-08-05,2025-08-05,5,True,2
CNT09984,2,Hazardous,2025-05-25,2025-06-02,2025-05-30,8,False,2
CNT09985,2,General,2025-07-24,2025-07-30,2025-07-29,6,False,2
CNT09986,2,Tank,2025-04-20,2025-04-21,2025-04-25,1,True,2
CNT09987,2,Reefer,2025-07-04,2025-07-11,2025-07-09,7,False,2
CNT09988,2,General,2025-09-21,2025-09-27,2025-09-26,6,False,2
CNT09989,2,Hazardous,2025-08-13,2025-08-14,2025-08-18,1,True,2
CNT09990,2,General,2025-07-13,2025-07-23,2025-07-18,10,False,2
CNT09991,2,General,2025-08-29,2025-09-18,2025-09-03,20,False,2
CNT09992,2,Hazardous,2025-08-22,2025-08-28,2025-08-27,6,False,2
CNT09993,2,General,2025-08-11,2025-08-22,2025-08-16,11,False,2
CNT09994,2,General,2025-07-11,2025-07-16,2025-07-16,5,True,2
CNT09995,2,Hazardous,2025-06-07,2025-06-09,2025-06-12,2,True,2
CNT09996,2,General,2025-08-28,2025-09-01,2025-09-02,4,True,2
CNT09997,2,Tank,2025-08-06,2025-08-14,2025-08-11,8,False,2
CNT09998,2,General,2025-09-10,2025-09-17,2025-09-15,7,False,2
CNT09999,2,General,2025-07-18,2025-07-21,2025-07-23,3,True,2
CNT10000,2,General,2025-07-22,2025-07-30,2025-07-27,8,False,2
