Month,Depot,SKU,Forecast,Validty,Product Category,Active
01-06-2025,Depot A,SKU-001,120772,Valid,Product A,Active
01-06-2025,Depot A,SKU-002,3001,Valid,Product A,Active
01-06-2025,Depot A,SKU-003,1555,Valid,Product A,Active
01-06-2025,Depot A,SKU-004,1424,Valid,Product A,Active
01-06-2025,Depot A,SKU-005,12097,Valid,Product A,Active
01-06-2025,Depot A,SKU-006,1106,Valid,Product A,Active
01-06-2025,Depot A,SKU-007,11844,Valid,Product A,Active
01-06-2025,Depot A,SKU-008,1094,Valid,Product A,Not Active
01-06-2025,Depot A,SKU-009,4555,Valid,Product A,Not Active
01-06-2025,Depot A,SKU-010,1971,Valid,Product A,Active
01-06-2025,Depot A,SKU-011,1477,Valid,Product A,Active
01-06-2025,Depot A,SKU-012,2437,Valid,Product A,Not Active
01-06-2025,Depot A,SKU-013,2932,Valid,Product A,Not Active
01-06-2025,Depot A,SKU-014,1764,Valid,Product A,Not Active
01-06-2025,Depot A,SKU-015,142,Valid,Product A,Active
01-06-2025,Depot A,SKU-016,22100,Valid,Product A,Active
01-06-2025,Depot A,SKU-017,1468,Valid,Product A,Active
01-06-2025,Depot A,SKU-018,6351,Valid,Product A,Active
01-06-2025,Depot A,SKU-019,884,Valid,Product A,Active
01-06-2025,Depot A,SKU-020,2463,Valid,Product A,Active
01-06-2025,Depot A,SKU-021,2535,Valid,Product A,Active
01-06-2025,Depot A,SKU-022,1246,Valid,Product A,Active
01-06-2025,Depot A,SKU-023,262,Valid,Product A,Active
01-06-2025,Depot A,SKU-024,5541,Valid,Product A,Active
01-06-2025,Depot A,SKU-025,407,Valid,Product A,Active
01-06-2025,Depot A,SKU-026,2194,Valid,Product A,Active
01-06-2025,Depot A,SKU-027,2857,Valid,Product A,Active
01-06-2025,Depot A,SKU-028,1785,Valid,Product A,Active
01-06-2025,Depot A,SKU-029,2373,Valid,Product A,Active
01-06-2025,Depot A,SKU-030,1125,Valid,Product A,Active
01-06-2025,Depot A,SKU-031,539,Valid,Product A,Active
01-06-2025,Depot A,SKU-032,1667,Valid,Product A,Active
01-06-2025,Depot A,SKU-033,2198,Valid,Product A,Active
01-06-2025,Depot A,SKU-034,1253,Valid,Product A,Active
01-06-2025,Depot A,SKU-035,328,Valid,Product A,Active
01-06-2025,Depot A,SKU-036,751,Valid,Product A,Active
01-06-2025,Depot A,SKU-037,2046,Valid,Product A,Active
01-06-2025,Depot A,SKU-038,870,Valid,Product A,Active
01-06-2025,Depot A,SKU-039,384,Valid,Product A,Active
01-06-2025,Depot A,SKU-040,39,Valid,Product A,Active
01-06-2025,Depot A,SKU-041,8443,Valid,Product A,Not Active
01-06-2025,Depot A,SKU-042,914,Valid,Product A,Not Active
01-06-2025,Depot A,SKU-043,1324,Valid,Product A,Not Active
01-06-2025,Depot A,SKU-044,3545,Valid,Product A,Not Active
01-06-2025,Depot A,SKU-045,506,Valid,Product A,Not Active
01-06-2025,Depot A,SKU-046,1964,Valid,Product A,Not Active
01-06-2025,Depot A,SKU-047,1335,Valid,Product A,Not Active
01-06-2025,Depot A,SKU-048,149,Valid,Product A,Not Active
01-06-2025,Depot A,SKU-049,85,Valid,Product A,Not Active
01-06-2025,Depot A,SKU-050,1215,Valid,Product A,Not Active
01-06-2025,Depot A,SKU-051,1040,Valid,Product A,Not Active
01-06-2025,Depot A,SKU-052,639,Valid,Product A,Not Active
01-06-2025,Depot A,SKU-053,529,Valid,Product A,Not Active
01-06-2025,Depot A,SKU-054,299,Valid,Product A,Not Active
01-06-2025,Depot A,SKU-055,153,Valid,Product A,Not Active
01-06-2025,Depot A,SKU-056,663,Valid,Product A,Not Active
01-06-2025,Depot A,SKU-057,20,Valid,Product A,Not Active
01-06-2025,Depot A,SKU-058,31,Valid,Product A,Not Active
01-06-2025,Depot A,SKU-059,846,Valid,Product A,Active
01-06-2025,Depot A,SKU-060,912,Valid,Product A,Active
01-06-2025,Depot B,SKU-001,6167,Valid,Product A,Active
01-06-2025,Depot B,SKU-002,55,Valid,Product A,Active
01-06-2025,Depot B,SKU-004,632,Valid,Product A,Active
01-06-2025,Depot B,SKU-061,186,Valid,Product A,Active
01-06-2025,Depot B,SKU-062,141,Valid,Product A,Active
01-06-2025,Depot B,SKU-005,604,Valid,Product A,Active
01-06-2025,Depot B,SKU-006,242,Valid,Product A,Active
01-06-2025,Depot B,SKU-007,2275,Valid,Product A,Active
01-06-2025,Depot B,SKU-063,170,Valid,Product A,Not Active
01-06-2025,Depot B,SKU-008,10875,Valid,Product A,Not Active
01-06-2025,Depot B,SKU-009,21252,Valid,Product A,Not Active
01-06-2025,Depot B,SKU-010,315,Valid,Product A,Active
01-06-2025,Depot B,SKU-011,246,Valid,Product A,Active
01-06-2025,Depot B,SKU-014,717,Valid,Product A,Not Active
01-06-2025,Depot B,SKU-015,889,Valid,Product A,Active
01-06-2025,Depot B,SKU-016,56303,Valid,Product A,Active
01-06-2025,Depot B,SKU-017,1546,Valid,Product A,Active
01-06-2025,Depot B,SKU-064,222,Valid,Product A,Active
01-06-2025,Depot B,SKU-065,101,Valid,Product A,Active
01-06-2025,Depot B,SKU-018,771,Valid,Product A,Active
01-06-2025,Depot B,SKU-019,5404,Valid,Product A,Active
01-06-2025,Depot B,SKU-020,537,Valid,Product A,Active
01-06-2025,Depot B,SKU-066,145,Valid,Product A,Active
01-06-2025,Depot B,SKU-021,4877,Valid,Product A,Active
01-06-2025,Depot B,SKU-067,311,Valid,Product A,Active
01-06-2025,Depot B,SKU-022,223,Valid,Product A,Active
01-06-2025,Depot B,SKU-068,81,Valid,Product A,Active
01-06-2025,Depot B,SKU-069,2137,Valid,Product A,Active
01-06-2025,Depot B,SKU-024,5581,Valid,Product A,Active
01-06-2025,Depot B,SKU-025,2427,Valid,Product A,Active
01-06-2025,Depot B,SKU-070,13,Valid,Product A,Active
01-06-2025,Depot B,SKU-071,22,Valid,Product A,Active
01-06-2025,Depot B,SKU-072,41,Valid,Product A,Active
01-06-2025,Depot B,SKU-073,24,Valid,Product A,Active
01-06-2025,Depot B,SKU-074,162,Valid,Product A,Active
01-06-2025,Depot B,SKU-075,37,Valid,Product A,Active
01-06-2025,Depot B,SKU-076,52,Valid,Product A,Active
01-06-2025,Depot B,SKU-077,69,Valid,Product A,Active
01-06-2025,Depot B,SKU-078,33,Valid,Product A,Active
01-06-2025,Depot B,SKU-079,168,Valid,Product A,Active
01-06-2025,Depot B,SKU-080,21,Valid,Product A,Active
01-06-2025,Depot B,SKU-081,367,Valid,Product A,Active
01-06-2025,Depot B,SKU-082,268,Valid,Product A,Active
01-06-2025,Depot B,SKU-083,315,Valid,Product A,Active
01-06-2025,Depot B,SKU-084,410,Valid,Product A,Active
01-06-2025,Depot B,SKU-085,261,Valid,Product A,Active
01-06-2025,Depot B,SKU-086,131,Valid,Product A,Active
01-06-2025,Depot B,SKU-087,97,Valid,Product A,Active
01-06-2025,Depot B,SKU-088,719,Valid,Product A,Active
01-06-2025,Depot B,SKU-026,1729,Valid,Product A,Active
01-06-2025,Depot B,SKU-027,755,Valid,Product A,Active
01-06-2025,Depot B,SKU-028,1063,Valid,Product A,Active
01-06-2025,Depot B,SKU-029,1673,Valid,Product A,Active
01-06-2025,Depot B,SKU-030,351,Valid,Product A,Active
01-06-2025,Depot B,SKU-031,615,Valid,Product A,Active
01-06-2025,Depot B,SKU-032,1913,Valid,Product A,Active
01-06-2025,Depot B,SKU-033,519,Valid,Product A,Active
01-06-2025,Depot B,SKU-034,2566,Valid,Product A,Active
01-06-2025,Depot B,SKU-089,1501,Valid,Product A,Active
01-06-2025,Depot B,SKU-037,1205,Valid,Product A,Active
01-06-2025,Depot B,SKU-038,377,Valid,Product A,Active
01-06-2025,Depot B,SKU-039,119,Valid,Product A,Active
01-06-2025,Depot B,SKU-090,36,Valid,Product A,Active
01-06-2025,Depot B,SKU-040,91,Valid,Product A,Active
01-06-2025,Depot B,SKU-091,278,Valid,Product A,Active
01-06-2025,Depot B,SKU-041,177,Valid,Product A,Not Active
01-06-2025,Depot B,SKU-042,82,Valid,Product A,Not Active
01-06-2025,Depot B,SKU-043,119,Valid,Product A,Not Active
01-06-2025,Depot B,SKU-044,83,Valid,Product A,Not Active
01-06-2025,Depot B,SKU-045,74,Valid,Product A,Not Active
01-06-2025,Depot B,SKU-047,294,Valid,Product A,Not Active
01-06-2025,Depot B,SKU-048,59,Valid,Product A,Not Active
01-06-2025,Depot B,SKU-049,60,Valid,Product A,Not Active
01-06-2025,Depot B,SKU-050,8067,Valid,Product A,Not Active
01-06-2025,Depot B,SKU-051,8912,Valid,Product A,Not Active
01-06-2025,Depot B,SKU-052,6120,Valid,Product A,Not Active
01-06-2025,Depot B,SKU-053,17514,Valid,Product A,Not Active
01-06-2025,Depot B,SKU-054,570,Valid,Product A,Not Active
01-06-2025,Depot B,SKU-056,7928,Valid,Product A,Not Active
01-06-2025,Depot B,SKU-057,867,Valid,Product A,Not Active
01-06-2025,Depot B,SKU-058,439,Valid,Product A,Not Active
01-06-2025,Depot B,SKU-092,568,Valid,Product A,Active
01-06-2025,Depot B,SKU-093,295,Valid,Product A,Active
01-06-2025,Depot B,SKU-094,251,Valid,Product A,Active
01-06-2025,Depot B,SKU-095,137,Valid,Product A,Active
01-06-2025,Depot B,SKU-096,842,Valid,Product A,Active
01-06-2025,Depot B,SKU-097,40524,Valid,Product A,Active
01-06-2025,Depot B,SKU-098,1365,Valid,Product A,Active
01-06-2025,Depot B,SKU-099,463,Valid,Product A,Active
01-06-2025,Depot B,SKU-100,2541,Valid,Product A,Active
01-06-2025,Depot B,SKU-101,4350,Valid,Product A,Active
01-06-2025,Depot B,SKU-102,481,Valid,Product A,Active
01-06-2025,Depot B,SKU-103,7625,Valid,Product A,Active
01-06-2025,Depot B,SKU-104,264,Valid,Product A,Active
01-06-2025,Depot B,SKU-105,1072,Valid,Product A,Active
01-06-2025,Depot B,SKU-106,10731,Valid,Product A,Active
01-06-2025,Depot B,SKU-107,226,Valid,Product A,Active
01-06-2025,Depot B,SKU-108,1849,Valid,Product A,Active
01-06-2025,Depot B,SKU-109,1814,Valid,Product A,Active
01-06-2025,Depot B,SKU-110,6758,Valid,Product A,Active
01-06-2025,Depot B,SKU-111,2168,Valid,Product A,Active
01-06-2025,Depot B,SKU-112,3810,Valid,Product A,Active
01-06-2025,Depot B,SKU-113,3814,Valid,Product A,Active
01-06-2025,Depot B,SKU-059,596,Valid,Product A,Active
01-06-2025,Depot B,SKU-114,118767,Valid,Product A,Active
01-06-2025,Depot B,SKU-115,1277,Valid,Product A,Active
01-06-2025,Depot B,SKU-116,5289,Valid,Product A,Active
01-06-2025,Depot B,SKU-117,1133,Valid,Product A,Active
01-06-2025,Depot B,SKU-118,1375,Valid,Product A,Active
01-06-2025,Depot B,SKU-119,7471,Valid,Product A,Active
01-06-2025,Depot B,SKU-120,182,Valid,Product A,Active
01-06-2025,Depot B,SKU-121,390,Valid,Product A,Active
01-06-2025,Depot B,SKU-122,1996,Valid,Product A,Active
01-06-2025,Depot B,SKU-123,17520,Valid,Product A,Active
01-06-2025,Depot B,SKU-124,384,Valid,Product A,Active
01-06-2025,Depot B,SKU-125,18,Valid,Product A,Active
01-06-2025,Depot B,SKU-126,304,Valid,Product A,Active
01-06-2025,Depot B,SKU-127,920,Valid,Product A,Active
01-06-2025,Depot B,SKU-128,167,Valid,Product A,Active
01-06-2025,Depot B,SKU-129,335,Valid,Product A,Active
01-06-2025,Depot B,SKU-130,2834,Valid,Product A,Active
01-06-2025,Depot B,SKU-060,2576,Valid,Product A,Active
01-06-2025,Depot B,SKU-131,7708,Valid,Product A,Active
01-06-2025,Depot B,SKU-132,248,Valid,Product A,Active
01-06-2025,Depot B,SKU-133,11996,Valid,Product A,Active
01-06-2025,Depot B,SKU-134,101,Valid,Product A,Active
01-06-2025,Depot B,SKU-135,5,Valid,Product A,Active
01-06-2025,Depot B,SKU-136,44,Valid,Product A,Active
01-06-2025,Depot B,SKU-137,26,Valid,Product A,Active
01-06-2025,Depot B,SKU-138,1278,Valid,Product A,Active
01-06-2025,Depot B,SKU-139,353,Valid,Product A,Active
01-06-2025,Depot B,SKU-140,11176,Valid,Product A,Active
01-06-2025,Depot B,SKU-141,203,Valid,Product A,Active
01-06-2025,Depot B,SKU-142,9335,Valid,Product A,Active
01-06-2025,Depot B,SKU-143,259,Valid,Product A,Active
01-06-2025,Depot B,SKU-144,4596,Valid,Product A,Active
01-06-2025,Depot B,SKU-145,518,Valid,Product A,Active
01-06-2025,Depot B,SKU-146,5963,Valid,Product A,Active
01-06-2025,Depot B,SKU-147,9,Valid,Product A,Active
01-06-2025,Depot B,SKU-148,128,Valid,Product A,Active
01-06-2025,Depot B,SKU-149,1886,Valid,Product A,Active
01-06-2025,Depot B,SKU-150,54,Valid,Product A,Active
01-06-2025,Depot B,SKU-151,357,Valid,Product A,Active
01-06-2025,Depot B,SKU-152,181,Valid,Product A,Active
01-06-2025,Depot B,SKU-153,61,Valid,Product A,Active
01-06-2025,Depot B,SKU-154,401,Valid,Product A,Active
01-06-2025,Depot B,SKU-155,10697,Valid,Product A,Active
01-06-2025,Depot B,SKU-156,112,Valid,Product A,Active
01-06-2025,Depot C,SKU-001,21143,Valid,Product A,Active
01-06-2025,Depot C,SKU-004,416,Valid,Product A,Active
01-06-2025,Depot C,SKU-061,1625,Valid,Product A,Active
01-06-2025,Depot C,SKU-005,916,Valid,Product A,Active
01-06-2025,Depot C,SKU-006,1435,Valid,Product A,Active
01-06-2025,Depot C,SKU-007,4035,Valid,Product A,Active
01-06-2025,Depot C,SKU-157,1676,Valid,Product A,Not Active
01-06-2025,Depot C,SKU-063,10532,Valid,Product A,Not Active
01-06-2025,Depot C,SKU-010,7994,Valid,Product A,Active
01-06-2025,Depot C,SKU-158,596,Valid,Product A,Active
01-06-2025,Depot C,SKU-159,1,Valid,Product A,Active
01-06-2025,Depot C,SKU-015,1755,Valid,Product A,Active
01-06-2025,Depot C,SKU-016,135155,Valid,Product A,Active
01-06-2025,Depot C,SKU-017,1807,Valid,Product A,Active
01-06-2025,Depot C,SKU-064,190,Valid,Product A,Active
01-06-2025,Depot C,SKU-018,9946,Valid,Product A,Active
01-06-2025,Depot C,SKU-019,6026,Valid,Product A,Active
01-06-2025,Depot C,SKU-020,3869,Valid,Product A,Active
01-06-2025,Depot C,SKU-066,995,Valid,Product A,Active
01-06-2025,Depot C,SKU-021,5567,Valid,Product A,Active
01-06-2025,Depot C,SKU-160,688,Valid,Product A,Active
01-06-2025,Depot C,SKU-067,153,Valid,Product A,Active
01-06-2025,Depot C,SKU-022,522,Valid,Product A,Active
01-06-2025,Depot C,SKU-068,765,Valid,Product A,Active
01-06-2025,Depot C,SKU-069,842,Valid,Product A,Active
01-06-2025,Depot C,SKU-024,6358,Valid,Product A,Active
01-06-2025,Depot C,SKU-025,2503,Valid,Product A,Active
01-06-2025,Depot C,SKU-073,346,Valid,Product A,Active
01-06-2025,Depot C,SKU-161,222,Valid,Product A,Active
01-06-2025,Depot C,SKU-162,537,Valid,Product A,Active
01-06-2025,Depot C,SKU-163,327,Valid,Product A,Active
01-06-2025,Depot C,SKU-077,227,Valid,Product A,Active
01-06-2025,Depot C,SKU-164,473,Valid,Product A,Active
01-06-2025,Depot C,SKU-165,78,Valid,Product A,Active
01-06-2025,Depot C,SKU-166,93,Valid,Product A,Active
01-06-2025,Depot C,SKU-167,512,Valid,Product A,Active
01-06-2025,Depot C,SKU-168,231,Valid,Product A,Active
01-06-2025,Depot C,SKU-169,101,Valid,Product A,Active
01-06-2025,Depot C,SKU-170,44,Valid,Product A,Active
01-06-2025,Depot C,SKU-088,1604,Valid,Product A,Active
01-06-2025,Depot C,SKU-026,4631,Valid,Product A,Active
01-06-2025,Depot C,SKU-027,951,Valid,Product A,Active
01-06-2025,Depot C,SKU-028,3032,Valid,Product A,Active
01-06-2025,Depot C,SKU-029,46,Valid,Product A,Active
01-06-2025,Depot C,SKU-030,1729,Valid,Product A,Active
01-06-2025,Depot C,SKU-031,256,Valid,Product A,Active
01-06-2025,Depot C,SKU-032,1992,Valid,Product A,Active
01-06-2025,Depot C,SKU-033,478,Valid,Product A,Active
01-06-2025,Depot C,SKU-034,1722,Valid,Product A,Active
01-06-2025,Depot C,SKU-089,646,Valid,Product A,Active
01-06-2025,Depot C,SKU-035,133,Valid,Product A,Active
01-06-2025,Depot C,SKU-036,282,Valid,Product A,Active
01-06-2025,Depot C,SKU-037,998,Valid,Product A,Active
01-06-2025,Depot C,SKU-038,362,Valid,Product A,Active
01-06-2025,Depot C,SKU-040,991,Valid,Product A,Active
01-06-2025,Depot C,SKU-091,269,Valid,Product A,Active
01-06-2025,Depot C,SKU-041,309,Valid,Product A,Not Active
01-06-2025,Depot C,SKU-042,167,Valid,Product A,Not Active
01-06-2025,Depot C,SKU-043,255,Valid,Product A,Not Active
01-06-2025,Depot C,SKU-044,230,Valid,Product A,Not Active
01-06-2025,Depot C,SKU-045,80,Valid,Product A,Not Active
01-06-2025,Depot C,SKU-046,25,Valid,Product A,Not Active
01-06-2025,Depot C,SKU-047,85,Valid,Product A,Not Active
01-06-2025,Depot C,SKU-049,43,Valid,Product A,Not Active
01-06-2025,Depot C,SKU-050,2687,Valid,Product A,Not Active
01-06-2025,Depot C,SKU-051,1488,Valid,Product A,Not Active
01-06-2025,Depot C,SKU-052,1118,Valid,Product A,Not Active
01-06-2025,Depot C,SKU-053,1465,Valid,Product A,Not Active
01-06-2025,Depot C,SKU-054,1572,Valid,Product A,Not Active
01-06-2025,Depot C,SKU-055,140,Valid,Product A,Not Active
01-06-2025,Depot C,SKU-056,1320,Valid,Product A,Not Active
01-06-2025,Depot C,SKU-058,292,Valid,Product A,Not Active
01-06-2025,Depot C,SKU-171,367,Valid,Product A,Not Active
01-06-2025,Depot C,SKU-172,180,Valid,Product A,Not Active
01-06-2025,Depot C,SKU-173,160,Valid,Product A,Not Active
01-06-2025,Depot C,SKU-174,335,Valid,Product A,Not Active
01-06-2025,Depot C,SKU-175,335,Valid,Product A,Not Active
01-06-2025,Depot C,SKU-176,290,Valid,Product A,Not Active
01-06-2025,Depot C,SKU-177,681,Valid,Product A,Not Active
01-06-2025,Depot C,SKU-178,79,Valid,Product A,Not Active
01-06-2025,Depot C,SKU-092,976,Valid,Product A,Active
01-06-2025,Depot C,SKU-179,1573,Valid,Product A,Active
01-06-2025,Depot C,SKU-180,657,Valid,Product A,Active
01-06-2025,Depot C,SKU-097,3646,Valid,Product A,Active
01-06-2025,Depot C,SKU-098,53,Valid,Product A,Active
01-06-2025,Depot C,SKU-100,2004,Valid,Product A,Active
01-06-2025,Depot C,SKU-101,267,Valid,Product A,Active
01-06-2025,Depot C,SKU-181,226,Valid,Product A,Active
01-06-2025,Depot C,SKU-102,108,Valid,Product A,Active
01-06-2025,Depot C,SKU-182,1601,Valid,Product A,Active
01-06-2025,Depot C,SKU-103,2154,Valid,Product A,Active
01-06-2025,Depot C,SKU-104,143,Valid,Product A,Active
01-06-2025,Depot C,SKU-183,435,Valid,Product A,Active
01-06-2025,Depot C,SKU-106,1879,Valid,Product A,Active
01-06-2025,Depot C,SKU-184,38,Valid,Product A,Active
01-06-2025,Depot C,SKU-107,477,Valid,Product A,Active
01-06-2025,Depot C,SKU-185,432,Valid,Product A,Active
01-06-2025,Depot C,SKU-186,37,Valid,Product A,Active
01-06-2025,Depot C,SKU-187,15,Valid,Product A,Active
01-06-2025,Depot C,SKU-188,11,Valid,Product A,Active
01-06-2025,Depot C,SKU-189,44,Valid,Product A,Active
01-06-2025,Depot C,SKU-190,9,Valid,Product A,Active
01-06-2025,Depot C,SKU-191,62,Valid,Product A,Active
01-06-2025,Depot C,SKU-108,76,Valid,Product A,Active
01-06-2025,Depot C,SKU-109,109,Valid,Product A,Active
01-06-2025,Depot C,SKU-110,2080,Valid,Product A,Active
01-06-2025,Depot C,SKU-111,227,Valid,Product A,Active
01-06-2025,Depot C,SKU-112,985,Valid,Product A,Active
01-06-2025,Depot C,SKU-192,217,Valid,Product A,Active
01-06-2025,Depot C,SKU-193,174,Valid,Product A,Active
01-06-2025,Depot C,SKU-113,2221,Valid,Product A,Active
01-06-2025,Depot C,SKU-059,2571,Valid,Product A,Active
01-06-2025,Depot C,SKU-114,14040,Valid,Product A,Active
01-06-2025,Depot C,SKU-115,343,Valid,Product A,Active
01-06-2025,Depot C,SKU-116,1587,Valid,Product A,Active
01-06-2025,Depot C,SKU-117,30,Valid,Product A,Active
01-06-2025,Depot C,SKU-194,147,Valid,Product A,Active
01-06-2025,Depot C,SKU-195,1512,Valid,Product A,Active
01-06-2025,Depot C,SKU-118,835,Valid,Product A,Active
01-06-2025,Depot C,SKU-119,458,Valid,Product A,Active
01-06-2025,Depot C,SKU-196,104,Valid,Product A,Active
01-06-2025,Depot C,SKU-120,248,Valid,Product A,Active
01-06-2025,Depot C,SKU-121,69,Valid,Product A,Active
01-06-2025,Depot C,SKU-122,1252,Valid,Product A,Active
01-06-2025,Depot C,SKU-123,3434,Valid,Product A,Active
01-06-2025,Depot C,SKU-124,317,Valid,Product A,Active
01-06-2025,Depot C,SKU-125,25,Valid,Product A,Active
01-06-2025,Depot C,SKU-126,149,Valid,Product A,Active
01-06-2025,Depot C,SKU-128,86,Valid,Product A,Active
01-06-2025,Depot C,SKU-130,176,Valid,Product A,Active
01-06-2025,Depot C,SKU-060,639,Valid,Product A,Active
01-06-2025,Depot C,SKU-131,958,Valid,Product A,Active
01-06-2025,Depot C,SKU-132,403,Valid,Product A,Active
01-06-2025,Depot C,SKU-133,1455,Valid,Product A,Active
01-06-2025,Depot C,SKU-197,30,Valid,Product A,Active
01-06-2025,Depot C,SKU-198,37,Valid,Product A,Active
01-06-2025,Depot C,SKU-138,13,Valid,Product A,Active
01-06-2025,Depot C,SKU-139,87,Valid,Product A,Active
01-06-2025,Depot C,SKU-140,1583,Valid,Product A,Active
01-06-2025,Depot C,SKU-141,434,Valid,Product A,Active
01-06-2025,Depot C,SKU-142,578,Valid,Product A,Active
01-06-2025,Depot C,SKU-143,63,Valid,Product A,Active
01-06-2025,Depot C,SKU-144,422,Valid,Product A,Active
01-06-2025,Depot C,SKU-145,165,Valid,Product A,Active
01-06-2025,Depot C,SKU-146,1008,Valid,Product A,Active
01-06-2025,Depot C,SKU-147,53,Valid,Product A,Active
01-06-2025,Depot C,SKU-148,45,Valid,Product A,Active
01-06-2025,Depot C,SKU-149,411,Valid,Product A,Active
01-06-2025,Depot C,SKU-152,26,Valid,Product A,Active
01-06-2025,Depot C,SKU-153,48,Valid,Product A,Active
01-06-2025,Depot C,SKU-154,52,Valid,Product A,Active
01-06-2025,Depot C,SKU-155,598,Valid,Product A,Active
01-06-2025,Depot D,SKU-001,17187,Valid,Product A,Active
01-06-2025,Depot D,SKU-199,366,Valid,Product A,Active
01-06-2025,Depot D,SKU-200,10842,Valid,Product A,Active
01-06-2025,Depot D,SKU-201,357,Valid,Product A,Active
01-06-2025,Depot D,SKU-002,253,Valid,Product A,Active
01-06-2025,Depot D,SKU-003,745,Valid,Product A,Active
01-06-2025,Depot D,SKU-004,368,Valid,Product A,Active
01-06-2025,Depot D,SKU-202,737,Valid,Product A,Active
01-06-2025,Depot D,SKU-203,832,Valid,Product A,Active
01-06-2025,Depot D,SKU-204,483,Valid,Product A,Active
01-06-2025,Depot D,SKU-205,185,Valid,Product A,Active
01-06-2025,Depot D,SKU-005,1820,Valid,Product A,Active
01-06-2025,Depot D,SKU-006,379,Valid,Product A,Active
01-06-2025,Depot D,SKU-206,207,Valid,Product A,Active
01-06-2025,Depot D,SKU-207,453,Valid,Product A,Active
01-06-2025,Depot D,SKU-007,4810,Valid,Product A,Active
01-06-2025,Depot D,SKU-208,3050,Valid,Product A,Active
01-06-2025,Depot D,SKU-008,1645,Valid,Product A,Not Active
01-06-2025,Depot D,SKU-009,10043,Valid,Product A,Not Active
01-06-2025,Depot D,SKU-010,285,Valid,Product A,Active
01-06-2025,Depot D,SKU-158,614,Valid,Product A,Active
01-06-2025,Depot D,SKU-159,538,Valid,Product A,Active
01-06-2025,Depot D,SKU-011,724,Valid,Product A,Active
01-06-2025,Depot D,SKU-013,849,Valid,Product A,Not Active
01-06-2025,Depot D,SKU-014,2141,Valid,Product A,Not Active
01-06-2025,Depot D,SKU-015,66,Valid,Product A,Active
01-06-2025,Depot D,SKU-209,543,Valid,Product A,Active
01-06-2025,Depot D,SKU-016,40045,Valid,Product A,Active
01-06-2025,Depot D,SKU-017,7161,Valid,Product A,Active
01-06-2025,Depot D,SKU-064,1260,Valid,Product A,Active
01-06-2025,Depot D,SKU-018,6190,Valid,Product A,Active
01-06-2025,Depot D,SKU-210,421,Valid,Product A,Active
01-06-2025,Depot D,SKU-019,1958,Valid,Product A,Active
01-06-2025,Depot D,SKU-020,4427,Valid,Product A,Active
01-06-2025,Depot D,SKU-066,127,Valid,Product A,Active
01-06-2025,Depot D,SKU-021,5553,Valid,Product A,Active
01-06-2025,Depot D,SKU-022,2685,Valid,Product A,Active
01-06-2025,Depot D,SKU-069,211,Valid,Product A,Active
01-06-2025,Depot D,SKU-024,9838,Valid,Product A,Active
01-06-2025,Depot D,SKU-025,1069,Valid,Product A,Active
01-06-2025,Depot D,SKU-070,63,Valid,Product A,Active
01-06-2025,Depot D,SKU-072,19,Valid,Product A,Active
01-06-2025,Depot D,SKU-073,213,Valid,Product A,Active
01-06-2025,Depot D,SKU-161,655,Valid,Product A,Active
01-06-2025,Depot D,SKU-162,756,Valid,Product A,Active
01-06-2025,Depot D,SKU-078,182,Valid,Product A,Active
01-06-2025,Depot D,SKU-211,94,Valid,Product A,Not Active
01-06-2025,Depot D,SKU-212,34,Valid,Product A,Active
01-06-2025,Depot D,SKU-081,337,Valid,Product A,Active
01-06-2025,Depot D,SKU-082,372,Valid,Product A,Active
01-06-2025,Depot D,SKU-213,178,Valid,Product A,Not Active
01-06-2025,Depot D,SKU-214,416,Valid,Product A,Not Active
01-06-2025,Depot D,SKU-083,316,Valid,Product A,Active
01-06-2025,Depot D,SKU-084,434,Valid,Product A,Active
01-06-2025,Depot D,SKU-215,38,Valid,Product A,Active
01-06-2025,Depot D,SKU-085,114,Valid,Product A,Active
01-06-2025,Depot D,SKU-216,123,Valid,Product A,Not Active
01-06-2025,Depot D,SKU-086,54,Valid,Product A,Active
01-06-2025,Depot D,SKU-217,29,Valid,Product A,Active
01-06-2025,Depot D,SKU-088,1128,Valid,Product A,Active
01-06-2025,Depot D,SKU-026,3670,Valid,Product A,Active
01-06-2025,Depot D,SKU-027,360,Valid,Product A,Active
01-06-2025,Depot D,SKU-028,2233,Valid,Product A,Active
01-06-2025,Depot D,SKU-029,287,Valid,Product A,Active
01-06-2025,Depot D,SKU-030,1016,Valid,Product A,Active
01-06-2025,Depot D,SKU-031,96,Valid,Product A,Active
01-06-2025,Depot D,SKU-032,1612,Valid,Product A,Active
01-06-2025,Depot D,SKU-033,622,Valid,Product A,Active
01-06-2025,Depot D,SKU-034,1537,Valid,Product A,Active
01-06-2025,Depot D,SKU-089,295,Valid,Product A,Active
01-06-2025,Depot D,SKU-218,157,Valid,Product A,Active
01-06-2025,Depot D,SKU-037,532,Valid,Product A,Active
01-06-2025,Depot D,SKU-038,987,Valid,Product A,Active
01-06-2025,Depot D,SKU-039,263,Valid,Product A,Active
01-06-2025,Depot D,SKU-090,64,Valid,Product A,Active
01-06-2025,Depot D,SKU-040,34,Valid,Product A,Active
01-06-2025,Depot D,SKU-050,6979,Valid,Product A,Not Active
01-06-2025,Depot D,SKU-051,5081,Valid,Product A,Not Active
01-06-2025,Depot D,SKU-052,2085,Valid,Product A,Not Active
01-06-2025,Depot D,SKU-053,4799,Valid,Product A,Not Active
01-06-2025,Depot D,SKU-054,2269,Valid,Product A,Not Active
01-06-2025,Depot D,SKU-056,143,Valid,Product A,Not Active
01-06-2025,Depot D,SKU-057,54,Valid,Product A,Not Active
01-06-2025,Depot D,SKU-058,158,Valid,Product A,Not Active
01-06-2025,Depot D,SKU-097,4245,Valid,Product A,Active
01-06-2025,Depot D,SKU-098,1149,Valid,Product A,Active
01-06-2025,Depot D,SKU-103,753,Valid,Product A,Active
01-06-2025,Depot D,SKU-106,843,Valid,Product A,Active
01-06-2025,Depot D,SKU-109,1113,Valid,Product A,Active
01-06-2025,Depot D,SKU-110,226,Valid,Product A,Active
01-06-2025,Depot D,SKU-111,178,Valid,Product A,Active
01-06-2025,Depot D,SKU-112,1272,Valid,Product A,Active
01-06-2025,Depot D,SKU-113,174,Valid,Product A,Active
01-06-2025,Depot D,SKU-059,1000,Valid,Product A,Active
01-06-2025,Depot D,SKU-114,3390,Valid,Product A,Active
01-06-2025,Depot D,SKU-116,1080,Valid,Product A,Active
01-06-2025,Depot D,SKU-117,88,Valid,Product A,Active
01-06-2025,Depot D,SKU-195,320,Valid,Product A,Active
01-06-2025,Depot D,SKU-119,778,Valid,Product A,Active
01-06-2025,Depot D,SKU-120,199,Valid,Product A,Active
01-06-2025,Depot D,SKU-123,1909,Valid,Product A,Active
01-06-2025,Depot D,SKU-126,64,Valid,Product A,Active
01-06-2025,Depot D,SKU-130,32,Valid,Product A,Active
01-06-2025,Depot D,SKU-131,667,Valid,Product A,Active
01-06-2025,Depot D,SKU-133,142,Valid,Product A,Active
01-06-2025,Depot D,SKU-219,55,Valid,Product A,Active
01-06-2025,Depot D,SKU-197,121,Valid,Product A,Active
01-06-2025,Depot D,SKU-140,82,Valid,Product A,Active
01-06-2025,Depot D,SKU-142,23,Valid,Product A,Active
01-06-2025,Depot D,SKU-144,48,Valid,Product A,Active
01-06-2025,Depot D,SKU-146,63,Valid,Product A,Active
01-06-2025,Depot D,SKU-149,59,Valid,Product A,Active
01-06-2025,Depot D,SKU-151,17,Valid,Product A,Active
01-06-2025,Depot D,SKU-220,489,Valid,Product A,Active
01-06-2025,Depot D,SKU-155,107,Valid,Product A,Active
01-06-2025,Depot E,SKU-001,269219,Valid,Product A,Active
01-06-2025,Depot E,SKU-199,616,Valid,Product A,Active
01-06-2025,Depot E,SKU-221,11262,Valid,Product A,Active
01-06-2025,Depot E,SKU-002,25696,Valid,Product A,Active
01-06-2025,Depot E,SKU-003,6673,Valid,Product A,Active
01-06-2025,Depot E,SKU-202,7345,Valid,Product A,Active
01-06-2025,Depot E,SKU-222,638,Valid,Product A,Active
01-06-2025,Depot E,SKU-203,4382,Valid,Product A,Active
01-06-2025,Depot E,SKU-223,1467,Valid,Product A,Active
01-06-2025,Depot E,SKU-061,12512,Valid,Product A,Active
01-06-2025,Depot E,SKU-005,74797,Valid,Product A,Active
01-06-2025,Depot E,SKU-007,27521,Valid,Product A,Active
01-06-2025,Depot E,SKU-157,21807,Valid,Product A,Not Active
01-06-2025,Depot E,SKU-008,30656,Valid,Product A,Not Active
01-06-2025,Depot E,SKU-010,10431,Valid,Product A,Active
01-06-2025,Depot E,SKU-158,703,Valid,Product A,Active
01-06-2025,Depot E,SKU-159,1992,Valid,Product A,Active
01-06-2025,Depot E,SKU-011,11210,Valid,Product A,Active
01-06-2025,Depot E,SKU-012,221,Valid,Product A,Not Active
01-06-2025,Depot E,SKU-015,4339,Valid,Product A,Active
01-06-2025,Depot E,SKU-016,590336,Valid,Product A,Active
01-06-2025,Depot E,SKU-017,16298,Valid,Product A,Active
01-06-2025,Depot E,SKU-064,837,Valid,Product A,Active
01-06-2025,Depot E,SKU-018,65578,Valid,Product A,Active
01-06-2025,Depot E,SKU-210,1384,Valid,Product A,Active
01-06-2025,Depot E,SKU-020,38761,Valid,Product A,Active
01-06-2025,Depot E,SKU-021,8450,Valid,Product A,Active
01-06-2025,Depot E,SKU-022,52450,Valid,Product A,Active
01-06-2025,Depot E,SKU-068,1716,Valid,Product A,Active
01-06-2025,Depot E,SKU-069,562,Valid,Product A,Active
01-06-2025,Depot E,SKU-024,63711,Valid,Product A,Active
01-06-2025,Depot E,SKU-025,381,Valid,Product A,Active
01-06-2025,Depot E,SKU-224,267,Valid,Product A,Active
01-06-2025,Depot E,SKU-072,862,Valid,Product A,Active
01-06-2025,Depot E,SKU-073,1075,Valid,Product A,Active
01-06-2025,Depot E,SKU-162,1073,Valid,Product A,Active
01-06-2025,Depot E,SKU-163,1535,Valid,Product A,Active
01-06-2025,Depot E,SKU-077,231,Valid,Product A,Active
01-06-2025,Depot E,SKU-082,660,Valid,Product A,Active
01-06-2025,Depot E,SKU-085,3084,Valid,Product A,Active
01-06-2025,Depot E,SKU-026,6952,Valid,Product A,Active
01-06-2025,Depot E,SKU-027,3764,Valid,Product A,Active
01-06-2025,Depot E,SKU-028,30176,Valid,Product A,Active
01-06-2025,Depot E,SKU-029,7233,Valid,Product A,Active
01-06-2025,Depot E,SKU-030,64538,Valid,Product A,Active
01-06-2025,Depot E,SKU-031,2654,Valid,Product A,Active
01-06-2025,Depot E,SKU-032,33657,Valid,Product A,Active
01-06-2025,Depot E,SKU-033,9115,Valid,Product A,Active
01-06-2025,Depot E,SKU-034,6812,Valid,Product A,Active
01-06-2025,Depot E,SKU-089,1114,Valid,Product A,Active
01-06-2025,Depot E,SKU-035,2568,Valid,Product A,Active
01-06-2025,Depot E,SKU-036,2987,Valid,Product A,Active
01-06-2025,Depot E,SKU-037,17028,Valid,Product A,Active
01-06-2025,Depot E,SKU-038,10949,Valid,Product A,Active
01-06-2025,Depot E,SKU-039,1197,Valid,Product A,Active
01-06-2025,Depot E,SKU-040,1628,Valid,Product A,Active
01-06-2025,Depot E,SKU-091,864,Valid,Product A,Active
01-06-2025,Depot E,SKU-041,219,Valid,Product A,Not Active
01-06-2025,Depot E,SKU-042,795,Valid,Product A,Not Active
01-06-2025,Depot E,SKU-043,373,Valid,Product A,Not Active
01-06-2025,Depot E,SKU-044,1342,Valid,Product A,Not Active
01-06-2025,Depot E,SKU-045,393,Valid,Product A,Not Active
01-06-2025,Depot E,SKU-047,621,Valid,Product A,Not Active
01-06-2025,Depot E,SKU-050,930,Valid,Product A,Not Active
01-06-2025,Depot E,SKU-051,2195,Valid,Product A,Not Active
01-06-2025,Depot E,SKU-052,1209,Valid,Product A,Not Active
01-06-2025,Depot E,SKU-053,1791,Valid,Product A,Not Active
01-06-2025,Depot E,SKU-054,489,Valid,Product A,Not Active
01-06-2025,Depot E,SKU-056,1793,Valid,Product A,Not Active
01-06-2025,Depot E,SKU-097,2537,Valid,Product A,Active
01-06-2025,Depot E,SKU-106,55,Valid,Product A,Active
01-06-2025,Depot E,SKU-189,209,Valid,Product A,Active
01-06-2025,Depot E,SKU-059,16125,Valid,Product A,Active
01-06-2025,Depot E,SKU-114,61563,Valid,Product A,Active
01-06-2025,Depot E,SKU-115,565,Valid,Product A,Active
01-06-2025,Depot E,SKU-116,1853,Valid,Product A,Active
01-06-2025,Depot E,SKU-117,164,Valid,Product A,Active
01-06-2025,Depot E,SKU-194,1114,Valid,Product A,Active
01-06-2025,Depot E,SKU-195,26748,Valid,Product A,Active
01-06-2025,Depot E,SKU-196,1576,Valid,Product A,Active
01-06-2025,Depot E,SKU-120,14022,Valid,Product A,Active
01-06-2025,Depot E,SKU-122,3009,Valid,Product A,Active
01-06-2025,Depot E,SKU-123,9144,Valid,Product A,Active
01-06-2025,Depot E,SKU-225,811,Valid,Product A,Active
01-06-2025,Depot E,SKU-126,1525,Valid,Product A,Active
01-06-2025,Depot E,SKU-128,1065,Valid,Product A,Active
01-06-2025,Depot E,SKU-130,292,Valid,Product A,Active
01-06-2025,Depot E,SKU-060,5759,Valid,Product A,Active
01-06-2025,Depot E,SKU-131,27242,Valid,Product A,Active
01-06-2025,Depot E,SKU-132,160,Valid,Product A,Active
01-06-2025,Depot E,SKU-133,347,Valid,Product A,Active
01-06-2025,Depot E,SKU-197,561,Valid,Product A,Active
01-06-2025,Depot E,SKU-226,1147,Valid,Product A,Active
01-06-2025,Depot E,SKU-198,1730,Valid,Product A,Active
01-06-2025,Depot E,SKU-139,572,Valid,Product A,Active
01-06-2025,Depot E,SKU-140,3670,Valid,Product A,Active
01-06-2025,Depot E,SKU-141,1111,Valid,Product A,Active
01-06-2025,Depot E,SKU-142,6152,Valid,Product A,Active
01-06-2025,Depot E,SKU-143,376,Valid,Product A,Active
01-06-2025,Depot E,SKU-144,1788,Valid,Product A,Active
01-06-2025,Depot E,SKU-145,2782,Valid,Product A,Active
01-06-2025,Depot E,SKU-146,17335,Valid,Product A,Active
01-06-2025,Depot E,SKU-227,66,Valid,Product A,Active
01-06-2025,Depot E,SKU-147,3074,Valid,Product A,Active
01-06-2025,Depot E,SKU-148,2142,Valid,Product A,Active
01-06-2025,Depot E,SKU-149,6384,Valid,Product A,Active
01-06-2025,Depot E,SKU-152,35,Valid,Product A,Active
01-06-2025,Depot E,SKU-153,436,Valid,Product A,Active
01-06-2025,Depot E,SKU-154,402,Valid,Product A,Active
01-06-2025,Depot E,SKU-155,1246,Valid,Product A,Active
01-06-2025,Depot F,SKU-001,104540,Valid,Product A,Active
01-06-2025,Depot F,SKU-199,1448,Valid,Product A,Active
01-06-2025,Depot F,SKU-002,2240,Valid,Product A,Active
01-06-2025,Depot F,SKU-003,6900,Valid,Product A,Active
01-06-2025,Depot F,SKU-202,717,Valid,Product A,Active
01-06-2025,Depot F,SKU-203,497,Valid,Product A,Active
01-06-2025,Depot F,SKU-204,5362,Valid,Product A,Active
01-06-2025,Depot F,SKU-061,1877,Valid,Product A,Active
01-06-2025,Depot F,SKU-005,1413,Valid,Product A,Active
01-06-2025,Depot F,SKU-007,6613,Valid,Product A,Active
01-06-2025,Depot F,SKU-157,13494,Valid,Product A,Not Active
01-06-2025,Depot F,SKU-008,23020,Valid,Product A,Not Active
01-06-2025,Depot F,SKU-010,581,Valid,Product A,Active
01-06-2025,Depot F,SKU-012,11524,Valid,Product A,Not Active
01-06-2025,Depot F,SKU-015,952,Valid,Product A,Active
01-06-2025,Depot F,SKU-016,79029,Valid,Product A,Active
01-06-2025,Depot F,SKU-017,3999,Valid,Product A,Active
01-06-2025,Depot F,SKU-018,9920,Valid,Product A,Active
01-06-2025,Depot F,SKU-020,10661,Valid,Product A,Active
01-06-2025,Depot F,SKU-021,5488,Valid,Product A,Active
01-06-2025,Depot F,SKU-022,5115,Valid,Product A,Active
01-06-2025,Depot F,SKU-068,177,Valid,Product A,Active
01-06-2025,Depot F,SKU-024,16877,Valid,Product A,Active
01-06-2025,Depot F,SKU-025,601,Valid,Product A,Active
01-06-2025,Depot F,SKU-162,1018,Valid,Product A,Active
01-06-2025,Depot F,SKU-163,1157,Valid,Product A,Active
01-06-2025,Depot F,SKU-082,610,Valid,Product A,Active
01-06-2025,Depot F,SKU-026,2927,Valid,Product A,Active
01-06-2025,Depot F,SKU-027,2335,Valid,Product A,Active
01-06-2025,Depot F,SKU-028,6417,Valid,Product A,Active
01-06-2025,Depot F,SKU-029,4250,Valid,Product A,Active
01-06-2025,Depot F,SKU-030,2660,Valid,Product A,Active
01-06-2025,Depot F,SKU-031,2171,Valid,Product A,Active
01-06-2025,Depot F,SKU-032,1819,Valid,Product A,Active
01-06-2025,Depot F,SKU-033,5418,Valid,Product A,Active
01-06-2025,Depot F,SKU-034,2016,Valid,Product A,Active
01-06-2025,Depot F,SKU-089,657,Valid,Product A,Active
01-06-2025,Depot F,SKU-035,1058,Valid,Product A,Active
01-06-2025,Depot F,SKU-036,1165,Valid,Product A,Active
01-06-2025,Depot F,SKU-037,2907,Valid,Product A,Active
01-06-2025,Depot F,SKU-038,4095,Valid,Product A,Active
01-06-2025,Depot F,SKU-041,427,Valid,Product A,Not Active
01-06-2025,Depot F,SKU-042,471,Valid,Product A,Not Active
01-06-2025,Depot F,SKU-043,1341,Valid,Product A,Not Active
01-06-2025,Depot F,SKU-044,2292,Valid,Product A,Not Active
01-06-2025,Depot F,SKU-046,474,Valid,Product A,Not Active
01-06-2025,Depot F,SKU-047,713,Valid,Product A,Not Active
01-06-2025,Depot F,SKU-049,144,Valid,Product A,Not Active
01-06-2025,Depot F,SKU-059,4330,Valid,Product A,Active
01-06-2025,Depot F,SKU-114,13854,Valid,Product A,Active
01-06-2025,Depot F,SKU-115,252,Valid,Product A,Active
01-06-2025,Depot F,SKU-116,1484,Valid,Product A,Active
01-06-2025,Depot F,SKU-194,1629,Valid,Product A,Active
01-06-2025,Depot F,SKU-195,3759,Valid,Product A,Active
01-06-2025,Depot F,SKU-196,291,Valid,Product A,Active
01-06-2025,Depot F,SKU-120,2290,Valid,Product A,Active
01-06-2025,Depot F,SKU-123,8197,Valid,Product A,Active
01-06-2025,Depot F,SKU-126,660,Valid,Product A,Active
01-06-2025,Depot F,SKU-060,1447,Valid,Product A,Active
01-06-2025,Depot F,SKU-131,3556,Valid,Product A,Active
01-06-2025,Depot F,SKU-133,682,Valid,Product A,Active
01-06-2025,Depot F,SKU-197,537,Valid,Product A,Active
01-06-2025,Depot F,SKU-198,539,Valid,Product A,Active
01-06-2025,Depot F,SKU-139,552,Valid,Product A,Active
01-06-2025,Depot F,SKU-140,954,Valid,Product A,Active
01-06-2025,Depot F,SKU-141,272,Valid,Product A,Active
01-06-2025,Depot F,SKU-142,1070,Valid,Product A,Active
01-06-2025,Depot F,SKU-143,423,Valid,Product A,Active
01-06-2025,Depot F,SKU-144,572,Valid,Product A,Active
01-06-2025,Depot F,SKU-145,305,Valid,Product A,Active
01-06-2025,Depot F,SKU-146,1746,Valid,Product A,Active
01-06-2025,Depot F,SKU-147,296,Valid,Product A,Active
01-06-2025,Depot F,SKU-148,221,Valid,Product A,Active
01-06-2025,Depot F,SKU-149,934,Valid,Product A,Active
01-06-2025,Depot F,SKU-153,91,Valid,Product A,Active
01-06-2025,Depot F,SKU-155,157,Valid,Product A,Active
01-06-2025,Depot G,SKU-001,13257,Valid,Product A,Active
01-06-2025,Depot G,SKU-002,111,Valid,Product A,Active
01-06-2025,Depot G,SKU-003,67,Valid,Product A,Active
01-06-2025,Depot G,SKU-004,220,Valid,Product A,Active
01-06-2025,Depot G,SKU-204,133,Valid,Product A,Active
01-06-2025,Depot G,SKU-005,409,Valid,Product A,Active
01-06-2025,Depot G,SKU-007,1855,Valid,Product A,Active
01-06-2025,Depot G,SKU-228,16849,Valid,Product A,Active
01-06-2025,Depot G,SKU-008,6500,Valid,Product A,Not Active
01-06-2025,Depot G,SKU-009,11546,Valid,Product A,Not Active
01-06-2025,Depot G,SKU-010,103,Valid,Product A,Active
01-06-2025,Depot G,SKU-011,186,Valid,Product A,Active
01-06-2025,Depot G,SKU-014,576,Valid,Product A,Not Active
01-06-2025,Depot G,SKU-016,21866,Valid,Product A,Active
01-06-2025,Depot G,SKU-017,626,Valid,Product A,Active
01-06-2025,Depot G,SKU-064,90,Valid,Product A,Active
01-06-2025,Depot G,SKU-018,1559,Valid,Product A,Active
01-06-2025,Depot G,SKU-019,296,Valid,Product A,Active
01-06-2025,Depot G,SKU-020,339,Valid,Product A,Active
01-06-2025,Depot G,SKU-021,2336,Valid,Product A,Active
01-06-2025,Depot G,SKU-022,1395,Valid,Product A,Active
01-06-2025,Depot G,SKU-024,2274,Valid,Product A,Active
01-06-2025,Depot G,SKU-025,1016,Valid,Product A,Active
01-06-2025,Depot G,SKU-073,53,Valid,Product A,Active
01-06-2025,Depot G,SKU-161,211,Valid,Product A,Active
01-06-2025,Depot G,SKU-162,79,Valid,Product A,Active
01-06-2025,Depot G,SKU-026,245,Valid,Product A,Active
01-06-2025,Depot G,SKU-027,800,Valid,Product A,Active
01-06-2025,Depot G,SKU-028,230,Valid,Product A,Active
01-06-2025,Depot G,SKU-029,436,Valid,Product A,Active
01-06-2025,Depot G,SKU-030,239,Valid,Product A,Active
01-06-2025,Depot G,SKU-031,468,Valid,Product A,Active
01-06-2025,Depot G,SKU-032,122,Valid,Product A,Active
01-06-2025,Depot G,SKU-033,692,Valid,Product A,Active
01-06-2025,Depot G,SKU-034,219,Valid,Product A,Active
01-06-2025,Depot G,SKU-089,188,Valid,Product A,Active
01-06-2025,Depot G,SKU-037,794,Valid,Product A,Active
01-06-2025,Depot G,SKU-038,529,Valid,Product A,Active
01-06-2025,Depot G,SKU-091,110,Valid,Product A,Active
01-06-2025,Depot G,SKU-041,114,Valid,Product A,Not Active
01-06-2025,Depot G,SKU-042,120,Valid,Product A,Not Active
01-06-2025,Depot G,SKU-043,157,Valid,Product A,Not Active
01-06-2025,Depot G,SKU-044,201,Valid,Product A,Not Active
01-06-2025,Depot G,SKU-045,146,Valid,Product A,Not Active
01-06-2025,Depot G,SKU-047,120,Valid,Product A,Not Active
01-06-2025,Depot G,SKU-049,30,Valid,Product A,Not Active
01-06-2025,Depot G,SKU-050,309,Valid,Product A,Not Active
01-06-2025,Depot G,SKU-051,285,Valid,Product A,Not Active
01-06-2025,Depot G,SKU-052,181,Valid,Product A,Not Active
01-06-2025,Depot G,SKU-053,224,Valid,Product A,Not Active
01-06-2025,Depot G,SKU-054,254,Valid,Product A,Not Active
01-06-2025,Depot G,SKU-056,177,Valid,Product A,Not Active
01-06-2025,Depot G,SKU-058,12,Valid,Product A,Not Active
01-06-2025,Depot G,SKU-114,12425,Valid,Product A,Active
01-06-2025,Depot G,SKU-116,1661,Valid,Product A,Active
01-06-2025,Depot G,SKU-117,693,Valid,Product A,Active
01-06-2025,Depot G,SKU-195,3282,Valid,Product A,Active
01-06-2025,Depot G,SKU-119,1008,Valid,Product A,Active
01-06-2025,Depot G,SKU-120,128,Valid,Product A,Active
01-06-2025,Depot G,SKU-123,2397,Valid,Product A,Active
01-06-2025,Depot G,SKU-126,205,Valid,Product A,Active
01-06-2025,Depot G,SKU-131,2965,Valid,Product A,Active
01-06-2025,Depot G,SKU-133,701,Valid,Product A,Active
01-06-2025,Depot G,SKU-136,88,Valid,Product A,Active
01-06-2025,Depot G,SKU-219,41,Valid,Product A,Active
01-06-2025,Depot G,SKU-140,1229,Valid,Product A,Active
01-06-2025,Depot G,SKU-142,884,Valid,Product A,Active
01-06-2025,Depot G,SKU-144,449,Valid,Product A,Active
01-06-2025,Depot G,SKU-146,807,Valid,Product A,Active
01-06-2025,Depot G,SKU-149,280,Valid,Product A,Active
01-06-2025,Depot G,SKU-153,201,Valid,Product A,Active
01-06-2025,Depot G,SKU-155,676,Valid,Product A,Active
01-06-2025,Depot H,SKU-001,15465,Valid,Product A,Active
01-06-2025,Depot H,SKU-204,477,Valid,Product A,Active
01-06-2025,Depot H,SKU-005,1057,Valid,Product A,Active
01-06-2025,Depot H,SKU-007,3073,Valid,Product A,Active
01-06-2025,Depot H,SKU-229,3403,Valid,Product A,Active
01-06-2025,Depot H,SKU-063,1388,Valid,Product A,Not Active
01-06-2025,Depot H,SKU-008,2096,Valid,Product A,Not Active
01-06-2025,Depot H,SKU-009,23846,Valid,Product A,Not Active
01-06-2025,Depot H,SKU-010,137,Valid,Product A,Active
01-06-2025,Depot H,SKU-015,404,Valid,Product A,Active
01-06-2025,Depot H,SKU-016,17536,Valid,Product A,Active
01-06-2025,Depot H,SKU-017,308,Valid,Product A,Active
01-06-2025,Depot H,SKU-064,29,Valid,Product A,Active
01-06-2025,Depot H,SKU-018,6026,Valid,Product A,Active
01-06-2025,Depot H,SKU-020,1155,Valid,Product A,Active
01-06-2025,Depot H,SKU-021,1194,Valid,Product A,Active
01-06-2025,Depot H,SKU-022,221,Valid,Product A,Active
01-06-2025,Depot H,SKU-230,20,Valid,Product A,Active
01-06-2025,Depot H,SKU-069,31,Valid,Product A,Active
01-06-2025,Depot H,SKU-024,3997,Valid,Product A,Active
01-06-2025,Depot H,SKU-025,369,Valid,Product A,Active
01-06-2025,Depot H,SKU-073,165,Valid,Product A,Active
01-06-2025,Depot H,SKU-161,48,Valid,Product A,Active
01-06-2025,Depot H,SKU-162,125,Valid,Product A,Active
01-06-2025,Depot H,SKU-026,118,Valid,Product A,Active
01-06-2025,Depot H,SKU-027,535,Valid,Product A,Active
01-06-2025,Depot H,SKU-028,906,Valid,Product A,Active
01-06-2025,Depot H,SKU-029,679,Valid,Product A,Active
01-06-2025,Depot H,SKU-030,237,Valid,Product A,Active
01-06-2025,Depot H,SKU-031,186,Valid,Product A,Active
01-06-2025,Depot H,SKU-032,952,Valid,Product A,Active
01-06-2025,Depot H,SKU-033,1879,Valid,Product A,Active
01-06-2025,Depot H,SKU-034,208,Valid,Product A,Active
01-06-2025,Depot H,SKU-089,324,Valid,Product A,Active
01-06-2025,Depot H,SKU-036,150,Valid,Product A,Active
01-06-2025,Depot H,SKU-037,933,Valid,Product A,Active
01-06-2025,Depot H,SKU-038,623,Valid,Product A,Active
01-06-2025,Depot H,SKU-040,59,Valid,Product A,Active
01-06-2025,Depot H,SKU-091,123,Valid,Product A,Active
01-06-2025,Depot H,SKU-050,345,Valid,Product A,Not Active
01-06-2025,Depot H,SKU-053,808,Valid,Product A,Not Active
01-06-2025,Depot H,SKU-054,31,Valid,Product A,Not Active
01-06-2025,Depot H,SKU-056,229,Valid,Product A,Not Active
01-06-2025,Depot H,SKU-058,110,Valid,Product A,Not Active
01-06-2025,Depot H,SKU-059,3867,Valid,Product A,Active
01-06-2025,Depot H,SKU-114,3805,Valid,Product A,Active
01-06-2025,Depot H,SKU-115,148,Valid,Product A,Active
01-06-2025,Depot H,SKU-116,220,Valid,Product A,Active
01-06-2025,Depot H,SKU-194,400,Valid,Product A,Active
01-06-2025,Depot H,SKU-195,339,Valid,Product A,Active
01-06-2025,Depot H,SKU-196,259,Valid,Product A,Active
01-06-2025,Depot H,SKU-120,239,Valid,Product A,Active
01-06-2025,Depot H,SKU-122,231,Valid,Product A,Active
01-06-2025,Depot H,SKU-123,379,Valid,Product A,Active
01-06-2025,Depot H,SKU-060,784,Valid,Product A,Active
01-06-2025,Depot H,SKU-131,1023,Valid,Product A,Active
01-06-2025,Depot H,SKU-132,81,Valid,Product A,Active
01-06-2025,Depot H,SKU-133,158,Valid,Product A,Active
01-06-2025,Depot H,SKU-139,56,Valid,Product A,Active
01-06-2025,Depot H,SKU-140,193,Valid,Product A,Active
01-06-2025,Depot H,SKU-142,20,Valid,Product A,Active
01-06-2025,Depot H,SKU-144,629,Valid,Product A,Active
01-06-2025,Depot H,SKU-145,279,Valid,Product A,Active
01-06-2025,Depot H,SKU-146,290,Valid,Product A,Active
01-06-2025,Depot H,SKU-148,301,Valid,Product A,Active
01-06-2025,Depot H,SKU-149,281,Valid,Product A,Active
01-06-2025,Depot H,SKU-152,59,Valid,Product A,Active
01-06-2025,Depot H,SKU-153,34,Valid,Product A,Active
01-06-2025,Depot H,SKU-155,1158,Valid,Product A,Active
01-06-2025,Depot I,SKU-001,30024,Valid,Product A,Active
01-06-2025,Depot I,SKU-199,364,Valid,Product A,Active
01-06-2025,Depot I,SKU-002,721,Valid,Product A,Active
01-06-2025,Depot I,SKU-003,2332,Valid,Product A,Active
01-06-2025,Depot I,SKU-202,700,Valid,Product A,Active
01-06-2025,Depot I,SKU-203,2371,Valid,Product A,Active
01-06-2025,Depot I,SKU-204,813,Valid,Product A,Active
01-06-2025,Depot I,SKU-005,1076,Valid,Product A,Active
01-06-2025,Depot I,SKU-007,8852,Valid,Product A,Active
01-06-2025,Depot I,SKU-008,19694,Valid,Product A,Not Active
01-06-2025,Depot I,SKU-009,3664,Valid,Product A,Not Active
01-06-2025,Depot I,SKU-231,1778,Valid,Product A,Not Active
01-06-2025,Depot I,SKU-010,390,Valid,Product A,Active
01-06-2025,Depot I,SKU-011,470,Valid,Product A,Active
01-06-2025,Depot I,SKU-012,2075,Valid,Product A,Not Active
01-06-2025,Depot I,SKU-013,496,Valid,Product A,Not Active
01-06-2025,Depot I,SKU-015,40,Valid,Product A,Active
01-06-2025,Depot I,SKU-016,26333,Valid,Product A,Active
01-06-2025,Depot I,SKU-017,426,Valid,Product A,Active
01-06-2025,Depot I,SKU-064,70,Valid,Product A,Active
01-06-2025,Depot I,SKU-018,7124,Valid,Product A,Active
01-06-2025,Depot I,SKU-020,4894,Valid,Product A,Active
01-06-2025,Depot I,SKU-021,6008,Valid,Product A,Active
01-06-2025,Depot I,SKU-022,138,Valid,Product A,Active
01-06-2025,Depot I,SKU-232,263,Valid,Product A,Active
01-06-2025,Depot I,SKU-069,165,Valid,Product A,Active
01-06-2025,Depot I,SKU-024,2112,Valid,Product A,Active
01-06-2025,Depot I,SKU-025,955,Valid,Product A,Active
01-06-2025,Depot I,SKU-073,65,Valid,Product A,Active
01-06-2025,Depot I,SKU-161,20,Valid,Product A,Active
01-06-2025,Depot I,SKU-162,80,Valid,Product A,Active
01-06-2025,Depot I,SKU-163,78,Valid,Product A,Active
01-06-2025,Depot I,SKU-078,81,Valid,Product A,Active
01-06-2025,Depot I,SKU-081,137,Valid,Product A,Active
01-06-2025,Depot I,SKU-082,177,Valid,Product A,Active
01-06-2025,Depot I,SKU-083,625,Valid,Product A,Active
01-06-2025,Depot I,SKU-233,75,Valid,Product A,Active
01-06-2025,Depot I,SKU-026,286,Valid,Product A,Active
01-06-2025,Depot I,SKU-027,905,Valid,Product A,Active
01-06-2025,Depot I,SKU-028,109,Valid,Product A,Active
01-06-2025,Depot I,SKU-029,529,Valid,Product A,Active
01-06-2025,Depot I,SKU-030,46,Valid,Product A,Active
01-06-2025,Depot I,SKU-031,1043,Valid,Product A,Active
01-06-2025,Depot I,SKU-032,86,Valid,Product A,Active
01-06-2025,Depot I,SKU-033,658,Valid,Product A,Active
01-06-2025,Depot I,SKU-034,327,Valid,Product A,Active
01-06-2025,Depot I,SKU-089,828,Valid,Product A,Active
01-06-2025,Depot I,SKU-037,368,Valid,Product A,Active
01-06-2025,Depot I,SKU-038,768,Valid,Product A,Active
01-06-2025,Depot I,SKU-091,3,Valid,Product A,Active
01-06-2025,Depot I,SKU-041,35,Valid,Product A,Not Active
01-06-2025,Depot I,SKU-042,84,Valid,Product A,Not Active
01-06-2025,Depot I,SKU-043,49,Valid,Product A,Not Active
01-06-2025,Depot I,SKU-044,328,Valid,Product A,Not Active
01-06-2025,Depot I,SKU-045,216,Valid,Product A,Not Active
01-06-2025,Depot I,SKU-047,100,Valid,Product A,Not Active
01-06-2025,Depot I,SKU-052,63,Valid,Product A,Not Active
01-06-2025,Depot I,SKU-059,2653,Valid,Product A,Active
01-06-2025,Depot I,SKU-114,33013,Valid,Product A,Active
01-06-2025,Depot I,SKU-115,350,Valid,Product A,Active
01-06-2025,Depot I,SKU-116,1429,Valid,Product A,Active
01-06-2025,Depot I,SKU-117,54,Valid,Product A,Active
01-06-2025,Depot I,SKU-194,291,Valid,Product A,Active
01-06-2025,Depot I,SKU-195,3012,Valid,Product A,Active
01-06-2025,Depot I,SKU-196,479,Valid,Product A,Active
01-06-2025,Depot I,SKU-120,7354,Valid,Product A,Active
01-06-2025,Depot I,SKU-122,437,Valid,Product A,Active
01-06-2025,Depot I,SKU-123,109,Valid,Product A,Active
01-06-2025,Depot I,SKU-126,645,Valid,Product A,Active
01-06-2025,Depot I,SKU-234,25,Valid,Product A,Active
01-06-2025,Depot I,SKU-127,43,Valid,Product A,Active
01-06-2025,Depot I,SKU-130,741,Valid,Product A,Active
01-06-2025,Depot I,SKU-060,297,Valid,Product A,Active
01-06-2025,Depot I,SKU-131,5080,Valid,Product A,Active
01-06-2025,Depot I,SKU-133,297,Valid,Product A,Active
01-06-2025,Depot I,SKU-136,208,Valid,Product A,Active
01-06-2025,Depot I,SKU-219,54,Valid,Product A,Active
01-06-2025,Depot I,SKU-197,523,Valid,Product A,Active
01-06-2025,Depot I,SKU-198,221,Valid,Product A,Active
01-06-2025,Depot I,SKU-138,114,Valid,Product A,Active
01-06-2025,Depot I,SKU-139,72,Valid,Product A,Active
01-06-2025,Depot I,SKU-140,2260,Valid,Product A,Active
01-06-2025,Depot I,SKU-141,92,Valid,Product A,Active
01-06-2025,Depot I,SKU-142,1085,Valid,Product A,Active
01-06-2025,Depot I,SKU-143,3,Valid,Product A,Active
01-06-2025,Depot I,SKU-144,2743,Valid,Product A,Active
01-06-2025,Depot I,SKU-145,56,Valid,Product A,Active
01-06-2025,Depot I,SKU-146,4705,Valid,Product A,Active
01-06-2025,Depot I,SKU-147,255,Valid,Product A,Active
01-06-2025,Depot I,SKU-148,107,Valid,Product A,Active
01-06-2025,Depot I,SKU-149,1573,Valid,Product A,Active
01-06-2025,Depot I,SKU-153,189,Valid,Product A,Active
01-06-2025,Depot I,SKU-154,82,Valid,Product A,Active
01-06-2025,Depot I,SKU-155,3828,Valid,Product A,Active
01-06-2025,Depot J,SKU-001,9248,Valid,Product A,Active
01-06-2025,Depot J,SKU-199,195,Valid,Product A,Active
01-06-2025,Depot J,SKU-002,68,Valid,Product A,Active
01-06-2025,Depot J,SKU-003,920,Valid,Product A,Active
01-06-2025,Depot J,SKU-004,565,Valid,Product A,Active
01-06-2025,Depot J,SKU-202,331,Valid,Product A,Active
01-06-2025,Depot J,SKU-203,94,Valid,Product A,Active
01-06-2025,Depot J,SKU-005,137,Valid,Product A,Active
01-06-2025,Depot J,SKU-006,157,Valid,Product A,Active
01-06-2025,Depot J,SKU-235,89,Valid,Product A,Active
01-06-2025,Depot J,SKU-206,717,Valid,Product A,Active
01-06-2025,Depot J,SKU-207,111,Valid,Product A,Active
01-06-2025,Depot J,SKU-007,271,Valid,Product A,Active
01-06-2025,Depot J,SKU-208,26,Valid,Product A,Active
01-06-2025,Depot J,SKU-009,1555,Valid,Product A,Not Active
01-06-2025,Depot J,SKU-236,157,Valid,Product A,Not Active
01-06-2025,Depot J,SKU-010,305,Valid,Product A,Active
01-06-2025,Depot J,SKU-159,16,Valid,Product A,Active
01-06-2025,Depot J,SKU-011,436,Valid,Product A,Active
01-06-2025,Depot J,SKU-013,351,Valid,Product A,Not Active
01-06-2025,Depot J,SKU-014,760,Valid,Product A,Not Active
01-06-2025,Depot J,SKU-015,48,Valid,Product A,Active
01-06-2025,Depot J,SKU-237,239,Valid,Product A,Active
01-06-2025,Depot J,SKU-209,990,Valid,Product A,Active
01-06-2025,Depot J,SKU-238,86,Valid,Product A,Active
01-06-2025,Depot J,SKU-016,2357,Valid,Product A,Active
01-06-2025,Depot J,SKU-017,1642,Valid,Product A,Active
01-06-2025,Depot J,SKU-019,279,Valid,Product A,Active
01-06-2025,Depot J,SKU-021,182,Valid,Product A,Active
01-06-2025,Depot J,SKU-069,128,Valid,Product A,Active
01-06-2025,Depot J,SKU-024,331,Valid,Product A,Active
01-06-2025,Depot J,SKU-025,172,Valid,Product A,Active
01-06-2025,Depot J,SKU-081,70,Valid,Product A,Active
01-06-2025,Depot J,SKU-027,254,Valid,Product A,Active
01-06-2025,Depot J,SKU-029,35,Valid,Product A,Active
01-06-2025,Depot J,SKU-089,317,Valid,Product A,Active
01-06-2025,Depot J,SKU-050,427,Valid,Product A,Not Active
01-06-2025,Depot J,SKU-051,215,Valid,Product A,Not Active
01-06-2025,Depot J,SKU-052,111,Valid,Product A,Not Active
01-06-2025,Depot J,SKU-053,182,Valid,Product A,Not Active
01-06-2025,Depot J,SKU-054,174,Valid,Product A,Not Active
01-06-2025,Depot J,SKU-056,46,Valid,Product A,Not Active
01-06-2025,Depot J,SKU-114,1007,Valid,Product A,Active
01-06-2025,Depot J,SKU-116,486,Valid,Product A,Active
01-06-2025,Depot J,SKU-119,145,Valid,Product A,Active
01-06-2025,Depot J,SKU-123,215,Valid,Product A,Active
01-06-2025,Depot J,SKU-130,18,Valid,Product A,Active
01-06-2025,Depot J,SKU-131,145,Valid,Product A,Active
01-06-2025,Depot J,SKU-133,62,Valid,Product A,Active
01-06-2025,Depot J,SKU-140,71,Valid,Product A,Active
01-06-2025,Depot J,SKU-142,113,Valid,Product A,Active
01-06-2025,Depot J,SKU-146,73,Valid,Product A,Active
01-06-2025,Depot J,SKU-149,10,Valid,Product A,Active
01-06-2025,Depot J,SKU-155,89,Valid,Product A,Active
01-06-2025,Depot K,SKU-239,16586,Valid,Product A,Active
01-06-2025,Depot K,SKU-001,690390,Valid,Product A,Active
01-06-2025,Depot K,SKU-240,436,Valid,Product A,Active
01-06-2025,Depot K,SKU-199,2703,Valid,Product A,Active
01-06-2025,Depot K,SKU-241,283,Valid,Product A,Active
01-06-2025,Depot K,SKU-242,1386,Valid,Product A,Active
01-06-2025,Depot K,SKU-221,7460,Valid,Product A,Active
01-06-2025,Depot K,SKU-243,302,Valid,Product A,Active
01-06-2025,Depot K,SKU-002,13328,Valid,Product A,Active
01-06-2025,Depot K,SKU-244,208,Valid,Product A,Active
01-06-2025,Depot K,SKU-003,1335,Valid,Product A,Active
01-06-2025,Depot K,SKU-004,489,Valid,Product A,Active
01-06-2025,Depot K,SKU-245,692,Valid,Product A,Active
01-06-2025,Depot K,SKU-202,2558,Valid,Product A,Active
01-06-2025,Depot K,SKU-246,1060,Valid,Product A,Active
01-06-2025,Depot K,SKU-203,4956,Valid,Product A,Active
01-06-2025,Depot K,SKU-061,297,Valid,Product A,Active
01-06-2025,Depot K,SKU-005,39777,Valid,Product A,Active
01-06-2025,Depot K,SKU-247,668,Valid,Product A,Active
01-06-2025,Depot K,SKU-006,6475,Valid,Product A,Active
01-06-2025,Depot K,SKU-206,836,Valid,Product A,Active
01-06-2025,Depot K,SKU-007,14336,Valid,Product A,Active
01-06-2025,Depot K,SKU-208,3067,Valid,Product A,Active
01-06-2025,Depot K,SKU-248,1756,Valid,Product A,Active
01-06-2025,Depot K,SKU-157,690,Valid,Product A,Not Active
01-06-2025,Depot K,SKU-063,4427,Valid,Product A,Not Active
01-06-2025,Depot K,SKU-008,2819,Valid,Product A,Not Active
01-06-2025,Depot K,SKU-009,20220,Valid,Product A,Not Active
01-06-2025,Depot K,SKU-249,535,Valid,Product A,Not Active
01-06-2025,Depot K,SKU-236,5742,Valid,Product A,Not Active
01-06-2025,Depot K,SKU-250,3362,Valid,Product A,Active
01-06-2025,Depot K,SKU-010,8113,Valid,Product A,Active
01-06-2025,Depot K,SKU-159,1834,Valid,Product A,Active
01-06-2025,Depot K,SKU-011,9154,Valid,Product A,Active
01-06-2025,Depot K,SKU-012,2335,Valid,Product A,Not Active
01-06-2025,Depot K,SKU-013,5400,Valid,Product A,Not Active
01-06-2025,Depot K,SKU-014,2049,Valid,Product A,Not Active
01-06-2025,Depot K,SKU-251,1164,Valid,Product A,Active
01-06-2025,Depot K,SKU-015,542,Valid,Product A,Active
01-06-2025,Depot K,SKU-252,36,Valid,Product A,Active
01-06-2025,Depot K,SKU-253,107,Valid,Product A,Active
01-06-2025,Depot K,SKU-209,243,Valid,Product A,Active
01-06-2025,Depot K,SKU-238,678,Valid,Product A,Active
01-06-2025,Depot K,SKU-254,109,Valid,Product A,Active
01-06-2025,Depot K,SKU-016,147081,Valid,Product A,Active
01-06-2025,Depot K,SKU-017,17230,Valid,Product A,Active
01-06-2025,Depot K,SKU-064,2560,Valid,Product A,Active
01-06-2025,Depot K,SKU-065,350,Valid,Product A,Active
01-06-2025,Depot K,SKU-018,10660,Valid,Product A,Active
01-06-2025,Depot K,SKU-210,265,Valid,Product A,Active
01-06-2025,Depot K,SKU-020,8641,Valid,Product A,Active
01-06-2025,Depot K,SKU-066,92,Valid,Product A,Active
01-06-2025,Depot K,SKU-021,11006,Valid,Product A,Active
01-06-2025,Depot K,SKU-255,353,Valid,Product A,Active
01-06-2025,Depot K,SKU-022,6761,Valid,Product A,Active
01-06-2025,Depot K,SKU-068,243,Valid,Product A,Active
01-06-2025,Depot K,SKU-069,6107,Valid,Product A,Active
01-06-2025,Depot K,SKU-023,2581,Valid,Product A,Active
01-06-2025,Depot K,SKU-024,17548,Valid,Product A,Active
01-06-2025,Depot K,SKU-025,6559,Valid,Product A,Active
01-06-2025,Depot K,SKU-070,226,Valid,Product A,Active
01-06-2025,Depot K,SKU-071,109,Valid,Product A,Active
01-06-2025,Depot K,SKU-224,660,Valid,Product A,Active
01-06-2025,Depot K,SKU-072,549,Valid,Product A,Active
01-06-2025,Depot K,SKU-073,250,Valid,Product A,Active
01-06-2025,Depot K,SKU-161,185,Valid,Product A,Active
01-06-2025,Depot K,SKU-162,11,Valid,Product A,Active
01-06-2025,Depot K,SKU-163,257,Valid,Product A,Active
01-06-2025,Depot K,SKU-256,214,Valid,Product A,Active
01-06-2025,Depot K,SKU-078,4689,Valid,Product A,Active
01-06-2025,Depot K,SKU-212,1291,Valid,Product A,Active
01-06-2025,Depot K,SKU-081,2795,Valid,Product A,Active
01-06-2025,Depot K,SKU-082,2921,Valid,Product A,Active
01-06-2025,Depot K,SKU-083,3673,Valid,Product A,Active
01-06-2025,Depot K,SKU-084,1283,Valid,Product A,Active
01-06-2025,Depot K,SKU-085,1372,Valid,Product A,Active
01-06-2025,Depot K,SKU-257,30,Valid,Product A,Active
01-06-2025,Depot K,SKU-087,178,Valid,Product A,Active
01-06-2025,Depot K,SKU-088,624,Valid,Product A,Active
01-06-2025,Depot K,SKU-233,330,Valid,Product A,Active
01-06-2025,Depot K,SKU-026,3422,Valid,Product A,Active
01-06-2025,Depot K,SKU-027,2832,Valid,Product A,Active
01-06-2025,Depot K,SKU-028,3707,Valid,Product A,Active
01-06-2025,Depot K,SKU-029,2640,Valid,Product A,Active
01-06-2025,Depot K,SKU-030,2667,Valid,Product A,Active
01-06-2025,Depot K,SKU-031,1687,Valid,Product A,Active
01-06-2025,Depot K,SKU-032,6040,Valid,Product A,Active
01-06-2025,Depot K,SKU-033,2842,Valid,Product A,Active
01-06-2025,Depot K,SKU-034,4348,Valid,Product A,Active
01-06-2025,Depot K,SKU-089,1249,Valid,Product A,Active
01-06-2025,Depot K,SKU-037,2030,Valid,Product A,Active
01-06-2025,Depot K,SKU-038,1095,Valid,Product A,Active
01-06-2025,Depot K,SKU-039,188,Valid,Product A,Active
01-06-2025,Depot K,SKU-090,96,Valid,Product A,Active
01-06-2025,Depot K,SKU-040,78,Valid,Product A,Active
01-06-2025,Depot K,SKU-091,263,Valid,Product A,Active
01-06-2025,Depot K,SKU-041,1422,Valid,Product A,Not Active
01-06-2025,Depot K,SKU-042,269,Valid,Product A,Not Active
01-06-2025,Depot K,SKU-043,206,Valid,Product A,Not Active
01-06-2025,Depot K,SKU-044,1081,Valid,Product A,Not Active
01-06-2025,Depot K,SKU-045,157,Valid,Product A,Not Active
01-06-2025,Depot K,SKU-047,518,Valid,Product A,Not Active
01-06-2025,Depot K,SKU-048,27,Valid,Product A,Not Active
01-06-2025,Depot K,SKU-049,82,Valid,Product A,Not Active
01-06-2025,Depot K,SKU-050,1331,Valid,Product A,Not Active
01-06-2025,Depot K,SKU-051,451,Valid,Product A,Not Active
01-06-2025,Depot K,SKU-052,297,Valid,Product A,Not Active
01-06-2025,Depot K,SKU-053,864,Valid,Product A,Not Active
01-06-2025,Depot K,SKU-054,994,Valid,Product A,Not Active
01-06-2025,Depot K,SKU-056,802,Valid,Product A,Not Active
01-06-2025,Depot K,SKU-097,1804,Valid,Product A,Active
01-06-2025,Depot K,SKU-059,4461,Valid,Product A,Active
01-06-2025,Depot K,SKU-114,6635,Valid,Product A,Active
01-06-2025,Depot K,SKU-115,809,Valid,Product A,Active
01-06-2025,Depot K,SKU-116,314,Valid,Product A,Active
01-06-2025,Depot K,SKU-194,428,Valid,Product A,Active
01-06-2025,Depot K,SKU-195,614,Valid,Product A,Active
01-06-2025,Depot K,SKU-196,644,Valid,Product A,Active
01-06-2025,Depot K,SKU-120,159,Valid,Product A,Active
01-06-2025,Depot K,SKU-122,592,Valid,Product A,Active
01-06-2025,Depot K,SKU-123,2331,Valid,Product A,Active
01-06-2025,Depot K,SKU-225,197,Valid,Product A,Active
01-06-2025,Depot K,SKU-126,131,Valid,Product A,Active
01-06-2025,Depot K,SKU-258,225,Valid,Product A,Active
01-06-2025,Depot K,SKU-060,873,Valid,Product A,Active
01-06-2025,Depot K,SKU-131,853,Valid,Product A,Active
01-06-2025,Depot K,SKU-132,382,Valid,Product A,Active
01-06-2025,Depot K,SKU-133,208,Valid,Product A,Active
01-06-2025,Depot K,SKU-139,551,Valid,Product A,Active
01-06-2025,Depot K,SKU-140,228,Valid,Product A,Active
01-06-2025,Depot K,SKU-142,254,Valid,Product A,Active
01-06-2025,Depot K,SKU-144,551,Valid,Product A,Active
01-06-2025,Depot K,SKU-145,346,Valid,Product A,Active
01-06-2025,Depot K,SKU-146,172,Valid,Product A,Active
01-06-2025,Depot K,SKU-148,305,Valid,Product A,Active
01-06-2025,Depot K,SKU-149,176,Valid,Product A,Active
01-06-2025,Depot K,SKU-154,236,Valid,Product A,Active
01-06-2025,Depot K,SKU-155,153,Valid,Product A,Active
01-06-2025,Depot L,SKU-001,57684,Valid,Product A,Active
01-06-2025,Depot L,SKU-199,160,Valid,Product A,Active
01-06-2025,Depot L,SKU-221,979,Valid,Product A,Active
01-06-2025,Depot L,SKU-002,2173,Valid,Product A,Active
01-06-2025,Depot L,SKU-003,2058,Valid,Product A,Active
01-06-2025,Depot L,SKU-202,2863,Valid,Product A,Active
01-06-2025,Depot L,SKU-203,3507,Valid,Product A,Active
01-06-2025,Depot L,SKU-204,1993,Valid,Product A,Active
01-06-2025,Depot L,SKU-061,11075,Valid,Product A,Active
01-06-2025,Depot L,SKU-005,3732,Valid,Product A,Active
01-06-2025,Depot L,SKU-007,12775,Valid,Product A,Active
01-06-2025,Depot L,SKU-157,6938,Valid,Product A,Not Active
01-06-2025,Depot L,SKU-008,32766,Valid,Product A,Not Active
01-06-2025,Depot L,SKU-009,2035,Valid,Product A,Not Active
01-06-2025,Depot L,SKU-010,1039,Valid,Product A,Active
01-06-2025,Depot L,SKU-159,1370,Valid,Product A,Active
01-06-2025,Depot L,SKU-011,947,Valid,Product A,Active
01-06-2025,Depot L,SKU-012,3053,Valid,Product A,Not Active
01-06-2025,Depot L,SKU-014,1420,Valid,Product A,Not Active
01-06-2025,Depot L,SKU-015,1112,Valid,Product A,Active
01-06-2025,Depot L,SKU-209,456,Valid,Product A,Active
01-06-2025,Depot L,SKU-238,96,Valid,Product A,Active
01-06-2025,Depot L,SKU-254,151,Valid,Product A,Active
01-06-2025,Depot L,SKU-016,366126,Valid,Product A,Active
01-06-2025,Depot L,SKU-017,3081,Valid,Product A,Active
01-06-2025,Depot L,SKU-065,365,Valid,Product A,Active
01-06-2025,Depot L,SKU-018,19162,Valid,Product A,Active
01-06-2025,Depot L,SKU-210,296,Valid,Product A,Active
01-06-2025,Depot L,SKU-020,23988,Valid,Product A,Active
01-06-2025,Depot L,SKU-066,21,Valid,Product A,Active
01-06-2025,Depot L,SKU-021,7451,Valid,Product A,Active
01-06-2025,Depot L,SKU-255,337,Valid,Product A,Active
01-06-2025,Depot L,SKU-022,21900,Valid,Product A,Active
01-06-2025,Depot L,SKU-068,1413,Valid,Product A,Active
01-06-2025,Depot L,SKU-024,19814,Valid,Product A,Active
01-06-2025,Depot L,SKU-025,1706,Valid,Product A,Active
01-06-2025,Depot L,SKU-224,324,Valid,Product A,Active
01-06-2025,Depot L,SKU-072,304,Valid,Product A,Active
01-06-2025,Depot L,SKU-073,428,Valid,Product A,Active
01-06-2025,Depot L,SKU-161,479,Valid,Product A,Active
01-06-2025,Depot L,SKU-162,3227,Valid,Product A,Active
01-06-2025,Depot L,SKU-163,2043,Valid,Product A,Active
01-06-2025,Depot L,SKU-084,117,Valid,Product A,Active
01-06-2025,Depot L,SKU-088,64,Valid,Product A,Active
01-06-2025,Depot L,SKU-026,2612,Valid,Product A,Active
01-06-2025,Depot L,SKU-027,2320,Valid,Product A,Active
01-06-2025,Depot L,SKU-028,12486,Valid,Product A,Active
01-06-2025,Depot L,SKU-029,4377,Valid,Product A,Active
01-06-2025,Depot L,SKU-030,1599,Valid,Product A,Active
01-06-2025,Depot L,SKU-031,1678,Valid,Product A,Active
01-06-2025,Depot L,SKU-032,13309,Valid,Product A,Active
01-06-2025,Depot L,SKU-033,4609,Valid,Product A,Active
01-06-2025,Depot L,SKU-034,5322,Valid,Product A,Active
01-06-2025,Depot L,SKU-089,1120,Valid,Product A,Active
01-06-2025,Depot L,SKU-035,1212,Valid,Product A,Active
01-06-2025,Depot L,SKU-036,435,Valid,Product A,Active
01-06-2025,Depot L,SKU-037,10793,Valid,Product A,Active
01-06-2025,Depot L,SKU-038,2397,Valid,Product A,Active
01-06-2025,Depot L,SKU-039,368,Valid,Product A,Active
01-06-2025,Depot L,SKU-040,1034,Valid,Product A,Active
01-06-2025,Depot L,SKU-091,190,Valid,Product A,Active
01-06-2025,Depot L,SKU-041,928,Valid,Product A,Not Active
01-06-2025,Depot L,SKU-042,803,Valid,Product A,Not Active
01-06-2025,Depot L,SKU-043,1075,Valid,Product A,Not Active
01-06-2025,Depot L,SKU-044,3991,Valid,Product A,Not Active
01-06-2025,Depot L,SKU-045,1448,Valid,Product A,Not Active
01-06-2025,Depot L,SKU-046,348,Valid,Product A,Not Active
01-06-2025,Depot L,SKU-047,3428,Valid,Product A,Not Active
01-06-2025,Depot L,SKU-048,77,Valid,Product A,Not Active
01-06-2025,Depot L,SKU-049,251,Valid,Product A,Not Active
01-06-2025,Depot L,SKU-053,5276,Valid,Product A,Not Active
01-06-2025,Depot L,SKU-056,1099,Valid,Product A,Not Active
01-06-2025,Depot L,SKU-058,39,Valid,Product A,Not Active
01-06-2025,Depot L,SKU-059,6965,Valid,Product A,Active
01-06-2025,Depot L,SKU-114,41688,Valid,Product A,Active
01-06-2025,Depot L,SKU-115,220,Valid,Product A,Active
01-06-2025,Depot L,SKU-116,450,Valid,Product A,Active
01-06-2025,Depot L,SKU-194,3548,Valid,Product A,Active
01-06-2025,Depot L,SKU-195,2725,Valid,Product A,Active
01-06-2025,Depot L,SKU-196,648,Valid,Product A,Active
01-06-2025,Depot L,SKU-120,1708,Valid,Product A,Active
01-06-2025,Depot L,SKU-122,1140,Valid,Product A,Active
01-06-2025,Depot L,SKU-123,4445,Valid,Product A,Active
01-06-2025,Depot L,SKU-225,312,Valid,Product A,Active
01-06-2025,Depot L,SKU-126,2735,Valid,Product A,Active
01-06-2025,Depot L,SKU-259,19,Valid,Product A,Active
01-06-2025,Depot L,SKU-128,83,Valid,Product A,Active
01-06-2025,Depot L,SKU-060,2529,Valid,Product A,Active
01-06-2025,Depot L,SKU-131,8072,Valid,Product A,Active
01-06-2025,Depot L,SKU-132,388,Valid,Product A,Active
01-06-2025,Depot L,SKU-133,55,Valid,Product A,Active
01-06-2025,Depot L,SKU-135,71,Valid,Product A,Active
01-06-2025,Depot L,SKU-260,646,Valid,Product A,Active
01-06-2025,Depot L,SKU-197,603,Valid,Product A,Active
01-06-2025,Depot L,SKU-198,107,Valid,Product A,Active
01-06-2025,Depot L,SKU-139,585,Valid,Product A,Active
01-06-2025,Depot L,SKU-140,1428,Valid,Product A,Active
01-06-2025,Depot L,SKU-141,1607,Valid,Product A,Active
01-06-2025,Depot L,SKU-142,917,Valid,Product A,Active
01-06-2025,Depot L,SKU-143,528,Valid,Product A,Active
01-06-2025,Depot L,SKU-144,763,Valid,Product A,Active
01-06-2025,Depot L,SKU-145,720,Valid,Product A,Active
01-06-2025,Depot L,SKU-146,3275,Valid,Product A,Active
01-06-2025,Depot L,SKU-227,273,Valid,Product A,Active
01-06-2025,Depot L,SKU-147,221,Valid,Product A,Active
01-06-2025,Depot L,SKU-148,1412,Valid,Product A,Active
01-06-2025,Depot L,SKU-149,2061,Valid,Product A,Active
01-06-2025,Depot L,SKU-152,247,Valid,Product A,Active
01-06-2025,Depot L,SKU-153,132,Valid,Product A,Active
01-06-2025,Depot L,SKU-154,374,Valid,Product A,Active
01-06-2025,Depot L,SKU-155,760,Valid,Product A,Active
01-06-2025,Depot M,SKU-001,1748972,Valid,Product A,Active
01-06-2025,Depot M,SKU-199,1933,Valid,Product A,Active
01-06-2025,Depot M,SKU-241,1236,Valid,Product A,Active
01-06-2025,Depot M,SKU-221,137484,Valid,Product A,Active
01-06-2025,Depot M,SKU-002,47928,Valid,Product A,Active
01-06-2025,Depot M,SKU-003,6140,Valid,Product A,Active
01-06-2025,Depot M,SKU-004,1304,Valid,Product A,Active
01-06-2025,Depot M,SKU-202,13846,Valid,Product A,Active
01-06-2025,Depot M,SKU-203,23195,Valid,Product A,Active
01-06-2025,Depot M,SKU-204,7337,Valid,Product A,Active
01-06-2025,Depot M,SKU-061,97638,Valid,Product A,Active
01-06-2025,Depot M,SKU-062,10233,Valid,Product A,Active
01-06-2025,Depot M,SKU-005,72188,Valid,Product A,Active
01-06-2025,Depot M,SKU-006,7481,Valid,Product A,Active
01-06-2025,Depot M,SKU-206,428,Valid,Product A,Active
01-06-2025,Depot M,SKU-007,63845,Valid,Product A,Active
01-06-2025,Depot M,SKU-157,41221,Valid,Product A,Not Active
01-06-2025,Depot M,SKU-063,30195,Valid,Product A,Not Active
01-06-2025,Depot M,SKU-008,59498,Valid,Product A,Not Active
01-06-2025,Depot M,SKU-009,56177,Valid,Product A,Not Active
01-06-2025,Depot M,SKU-236,2816,Valid,Product A,Not Active
01-06-2025,Depot M,SKU-010,41740,Valid,Product A,Active
01-06-2025,Depot M,SKU-158,9013,Valid,Product A,Active
01-06-2025,Depot M,SKU-159,6596,Valid,Product A,Active
01-06-2025,Depot M,SKU-011,20930,Valid,Product A,Active
01-06-2025,Depot M,SKU-012,7966,Valid,Product A,Not Active
01-06-2025,Depot M,SKU-013,5527,Valid,Product A,Not Active
01-06-2025,Depot M,SKU-014,3429,Valid,Product A,Not Active
01-06-2025,Depot M,SKU-261,391,Valid,Product A,Active
01-06-2025,Depot M,SKU-237,5521,Valid,Product A,Active
01-06-2025,Depot M,SKU-209,5356,Valid,Product A,Active
01-06-2025,Depot M,SKU-238,657,Valid,Product A,Active
01-06-2025,Depot M,SKU-254,437,Valid,Product A,Active
01-06-2025,Depot M,SKU-262,173,Valid,Product A,Active
01-06-2025,Depot M,SKU-016,575051,Valid,Product A,Active
01-06-2025,Depot M,SKU-017,10265,Valid,Product A,Active
01-06-2025,Depot M,SKU-064,3364,Valid,Product A,Active
01-06-2025,Depot M,SKU-018,124525,Valid,Product A,Active
01-06-2025,Depot M,SKU-210,263,Valid,Product A,Active
01-06-2025,Depot M,SKU-020,13273,Valid,Product A,Active
01-06-2025,Depot M,SKU-021,44221,Valid,Product A,Active
01-06-2025,Depot M,SKU-255,7075,Valid,Product A,Active
01-06-2025,Depot M,SKU-022,36256,Valid,Product A,Active
01-06-2025,Depot M,SKU-230,596,Valid,Product A,Active
01-06-2025,Depot M,SKU-068,674,Valid,Product A,Active
01-06-2025,Depot M,SKU-023,879,Valid,Product A,Active
01-06-2025,Depot M,SKU-024,75535,Valid,Product A,Active
01-06-2025,Depot M,SKU-025,2770,Valid,Product A,Active
01-06-2025,Depot M,SKU-070,36,Valid,Product A,Active
01-06-2025,Depot M,SKU-224,1040,Valid,Product A,Active
01-06-2025,Depot M,SKU-072,3141,Valid,Product A,Active
01-06-2025,Depot M,SKU-073,1811,Valid,Product A,Active
01-06-2025,Depot M,SKU-161,683,Valid,Product A,Active
01-06-2025,Depot M,SKU-162,6900,Valid,Product A,Active
01-06-2025,Depot M,SKU-163,2136,Valid,Product A,Active
01-06-2025,Depot M,SKU-078,1646,Valid,Product A,Active
01-06-2025,Depot M,SKU-212,227,Valid,Product A,Active
01-06-2025,Depot M,SKU-081,763,Valid,Product A,Active
01-06-2025,Depot M,SKU-082,1262,Valid,Product A,Active
01-06-2025,Depot M,SKU-083,348,Valid,Product A,Active
01-06-2025,Depot M,SKU-084,217,Valid,Product A,Active
01-06-2025,Depot M,SKU-085,1017,Valid,Product A,Active
01-06-2025,Depot M,SKU-257,544,Valid,Product A,Active
01-06-2025,Depot M,SKU-087,37,Valid,Product A,Active
01-06-2025,Depot M,SKU-026,16081,Valid,Product A,Active
01-06-2025,Depot M,SKU-027,8572,Valid,Product A,Active
01-06-2025,Depot M,SKU-028,12325,Valid,Product A,Active
01-06-2025,Depot M,SKU-029,8269,Valid,Product A,Active
01-06-2025,Depot M,SKU-030,16478,Valid,Product A,Active
01-06-2025,Depot M,SKU-031,6799,Valid,Product A,Active
01-06-2025,Depot M,SKU-032,32092,Valid,Product A,Active
01-06-2025,Depot M,SKU-033,15466,Valid,Product A,Active
01-06-2025,Depot M,SKU-034,16692,Valid,Product A,Active
01-06-2025,Depot M,SKU-089,7621,Valid,Product A,Active
01-06-2025,Depot M,SKU-035,463,Valid,Product A,Active
01-06-2025,Depot M,SKU-037,13945,Valid,Product A,Active
01-06-2025,Depot M,SKU-038,9927,Valid,Product A,Active
01-06-2025,Depot M,SKU-039,5612,Valid,Product A,Active
01-06-2025,Depot M,SKU-090,1213,Valid,Product A,Active
01-06-2025,Depot M,SKU-040,3578,Valid,Product A,Active
01-06-2025,Depot M,SKU-091,1279,Valid,Product A,Active
01-06-2025,Depot M,SKU-041,7233,Valid,Product A,Not Active
01-06-2025,Depot M,SKU-042,3180,Valid,Product A,Not Active
01-06-2025,Depot M,SKU-043,601,Valid,Product A,Not Active
01-06-2025,Depot M,SKU-044,1401,Valid,Product A,Not Active
01-06-2025,Depot M,SKU-045,1605,Valid,Product A,Not Active
01-06-2025,Depot M,SKU-046,233,Valid,Product A,Not Active
01-06-2025,Depot M,SKU-047,5134,Valid,Product A,Not Active
01-06-2025,Depot M,SKU-048,2502,Valid,Product A,Not Active
01-06-2025,Depot M,SKU-049,696,Valid,Product A,Not Active
01-06-2025,Depot M,SKU-050,9423,Valid,Product A,Not Active
01-06-2025,Depot M,SKU-051,14483,Valid,Product A,Not Active
01-06-2025,Depot M,SKU-052,13369,Valid,Product A,Not Active
01-06-2025,Depot M,SKU-053,43382,Valid,Product A,Not Active
01-06-2025,Depot M,SKU-054,8636,Valid,Product A,Not Active
01-06-2025,Depot M,SKU-055,961,Valid,Product A,Not Active
01-06-2025,Depot M,SKU-056,42021,Valid,Product A,Not Active
01-06-2025,Depot M,SKU-057,3331,Valid,Product A,Not Active
01-06-2025,Depot M,SKU-058,2009,Valid,Product A,Not Active
01-06-2025,Depot M,SKU-059,29702,Valid,Product A,Active
01-06-2025,Depot M,SKU-114,34024,Valid,Product A,Active
01-06-2025,Depot M,SKU-115,1054,Valid,Product A,Active
01-06-2025,Depot M,SKU-116,2366,Valid,Product A,Active
01-06-2025,Depot M,SKU-194,4521,Valid,Product A,Active
01-06-2025,Depot M,SKU-195,13066,Valid,Product A,Active
01-06-2025,Depot M,SKU-196,2574,Valid,Product A,Active
01-06-2025,Depot M,SKU-120,5649,Valid,Product A,Active
01-06-2025,Depot M,SKU-122,2638,Valid,Product A,Active
01-06-2025,Depot M,SKU-123,20780,Valid,Product A,Active
01-06-2025,Depot M,SKU-263,493,Valid,Product A,Active
01-06-2025,Depot M,SKU-225,2111,Valid,Product A,Active
01-06-2025,Depot M,SKU-126,14843,Valid,Product A,Active
01-06-2025,Depot M,SKU-264,247,Valid,Product A,Active
01-06-2025,Depot M,SKU-258,174,Valid,Product A,Active
01-06-2025,Depot M,SKU-060,6548,Valid,Product A,Active
01-06-2025,Depot M,SKU-131,12546,Valid,Product A,Active
01-06-2025,Depot M,SKU-132,321,Valid,Product A,Active
01-06-2025,Depot M,SKU-133,180,Valid,Product A,Active
01-06-2025,Depot M,SKU-265,370,Valid,Product A,Active
01-06-2025,Depot M,SKU-266,302,Valid,Product A,Active
01-06-2025,Depot M,SKU-267,455,Valid,Product A,Active
01-06-2025,Depot M,SKU-135,809,Valid,Product A,Active
01-06-2025,Depot M,SKU-268,218,Valid,Product A,Active
01-06-2025,Depot M,SKU-136,326,Valid,Product A,Active
01-06-2025,Depot M,SKU-269,5,Valid,Product A,Active
01-06-2025,Depot M,SKU-219,204,Valid,Product A,Active
01-06-2025,Depot M,SKU-260,229,Valid,Product A,Active
01-06-2025,Depot M,SKU-197,677,Valid,Product A,Active
01-06-2025,Depot M,SKU-226,53,Valid,Product A,Active
01-06-2025,Depot M,SKU-198,163,Valid,Product A,Active
01-06-2025,Depot M,SKU-139,937,Valid,Product A,Active
01-06-2025,Depot M,SKU-140,4076,Valid,Product A,Active
01-06-2025,Depot M,SKU-141,1090,Valid,Product A,Active
01-06-2025,Depot M,SKU-142,10471,Valid,Product A,Active
01-06-2025,Depot M,SKU-143,1095,Valid,Product A,Active
01-06-2025,Depot M,SKU-144,6825,Valid,Product A,Active
01-06-2025,Depot M,SKU-145,1263,Valid,Product A,Active
01-06-2025,Depot M,SKU-146,8388,Valid,Product A,Active
01-06-2025,Depot M,SKU-147,125,Valid,Product A,Active
01-06-2025,Depot M,SKU-148,1017,Valid,Product A,Active
01-06-2025,Depot M,SKU-149,9305,Valid,Product A,Active
01-06-2025,Depot M,SKU-150,187,Valid,Product A,Active
01-06-2025,Depot M,SKU-151,1999,Valid,Product A,Active
01-06-2025,Depot M,SKU-152,310,Valid,Product A,Active
01-06-2025,Depot M,SKU-153,841,Valid,Product A,Active
01-06-2025,Depot M,SKU-154,3133,Valid,Product A,Active
01-06-2025,Depot M,SKU-155,3429,Valid,Product A,Active
01-06-2025,Depot N,SKU-001,90176,Valid,Product A,Active
01-06-2025,Depot N,SKU-199,378,Valid,Product A,Active
01-06-2025,Depot N,SKU-241,999,Valid,Product A,Active
01-06-2025,Depot N,SKU-002,668,Valid,Product A,Active
01-06-2025,Depot N,SKU-003,159,Valid,Product A,Active
01-06-2025,Depot N,SKU-004,1242,Valid,Product A,Active
01-06-2025,Depot N,SKU-202,595,Valid,Product A,Active
01-06-2025,Depot N,SKU-203,453,Valid,Product A,Active
01-06-2025,Depot N,SKU-204,189,Valid,Product A,Active
01-06-2025,Depot N,SKU-005,17612,Valid,Product A,Active
01-06-2025,Depot N,SKU-006,24722,Valid,Product A,Active
01-06-2025,Depot N,SKU-007,37458,Valid,Product A,Active
01-06-2025,Depot N,SKU-229,1361,Valid,Product A,Active
01-06-2025,Depot N,SKU-157,2221,Valid,Product A,Not Active
01-06-2025,Depot N,SKU-063,33585,Valid,Product A,Not Active
01-06-2025,Depot N,SKU-008,29010,Valid,Product A,Not Active
01-06-2025,Depot N,SKU-009,132439,Valid,Product A,Not Active
01-06-2025,Depot N,SKU-010,19152,Valid,Product A,Active
01-06-2025,Depot N,SKU-158,1456,Valid,Product A,Active
01-06-2025,Depot N,SKU-013,59989,Valid,Product A,Not Active
01-06-2025,Depot N,SKU-014,1556,Valid,Product A,Not Active
01-06-2025,Depot N,SKU-015,3013,Valid,Product A,Active
01-06-2025,Depot N,SKU-252,182,Valid,Product A,Active
01-06-2025,Depot N,SKU-253,106,Valid,Product A,Active
01-06-2025,Depot N,SKU-016,680925,Valid,Product A,Active
01-06-2025,Depot N,SKU-017,7457,Valid,Product A,Active
01-06-2025,Depot N,SKU-064,629,Valid,Product A,Active
01-06-2025,Depot N,SKU-065,1570,Valid,Product A,Active
01-06-2025,Depot N,SKU-018,5594,Valid,Product A,Active
01-06-2025,Depot N,SKU-019,27199,Valid,Product A,Active
01-06-2025,Depot N,SKU-020,7426,Valid,Product A,Active
01-06-2025,Depot N,SKU-270,481,Valid,Product A,Active
01-06-2025,Depot N,SKU-066,250,Valid,Product A,Active
01-06-2025,Depot N,SKU-021,38068,Valid,Product A,Active
01-06-2025,Depot N,SKU-160,98,Valid,Product A,Active
01-06-2025,Depot N,SKU-067,663,Valid,Product A,Active
01-06-2025,Depot N,SKU-022,18867,Valid,Product A,Active
01-06-2025,Depot N,SKU-271,57,Valid,Product A,Active
01-06-2025,Depot N,SKU-230,664,Valid,Product A,Active
01-06-2025,Depot N,SKU-068,934,Valid,Product A,Active
01-06-2025,Depot N,SKU-069,1591,Valid,Product A,Active
01-06-2025,Depot N,SKU-024,52065,Valid,Product A,Active
01-06-2025,Depot N,SKU-025,9655,Valid,Product A,Active
01-06-2025,Depot N,SKU-070,152,Valid,Product A,Active
01-06-2025,Depot N,SKU-072,477,Valid,Product A,Active
01-06-2025,Depot N,SKU-073,940,Valid,Product A,Active
01-06-2025,Depot N,SKU-161,526,Valid,Product A,Active
01-06-2025,Depot N,SKU-162,418,Valid,Product A,Active
01-06-2025,Depot N,SKU-163,400,Valid,Product A,Active
01-06-2025,Depot N,SKU-088,3023,Valid,Product A,Active
01-06-2025,Depot N,SKU-233,1362,Valid,Product A,Active
01-06-2025,Depot N,SKU-026,2989,Valid,Product A,Active
01-06-2025,Depot N,SKU-027,3098,Valid,Product A,Active
01-06-2025,Depot N,SKU-028,9044,Valid,Product A,Active
01-06-2025,Depot N,SKU-029,2135,Valid,Product A,Active
01-06-2025,Depot N,SKU-030,8475,Valid,Product A,Active
01-06-2025,Depot N,SKU-031,2051,Valid,Product A,Active
01-06-2025,Depot N,SKU-032,4981,Valid,Product A,Active
01-06-2025,Depot N,SKU-033,4821,Valid,Product A,Active
01-06-2025,Depot N,SKU-034,2033,Valid,Product A,Active
01-06-2025,Depot N,SKU-089,2972,Valid,Product A,Active
01-06-2025,Depot N,SKU-035,1981,Valid,Product A,Active
01-06-2025,Depot N,SKU-036,722,Valid,Product A,Active
01-06-2025,Depot N,SKU-218,153,Valid,Product A,Active
01-06-2025,Depot N,SKU-037,6340,Valid,Product A,Active
01-06-2025,Depot N,SKU-038,4859,Valid,Product A,Active
01-06-2025,Depot N,SKU-039,137,Valid,Product A,Active
01-06-2025,Depot N,SKU-090,158,Valid,Product A,Active
01-06-2025,Depot N,SKU-040,3019,Valid,Product A,Active
01-06-2025,Depot N,SKU-091,1452,Valid,Product A,Active
01-06-2025,Depot N,SKU-041,1906,Valid,Product A,Not Active
01-06-2025,Depot N,SKU-042,424,Valid,Product A,Not Active
01-06-2025,Depot N,SKU-043,598,Valid,Product A,Not Active
01-06-2025,Depot N,SKU-044,841,Valid,Product A,Not Active
01-06-2025,Depot N,SKU-045,222,Valid,Product A,Not Active
01-06-2025,Depot N,SKU-046,157,Valid,Product A,Not Active
01-06-2025,Depot N,SKU-047,406,Valid,Product A,Not Active
01-06-2025,Depot N,SKU-048,159,Valid,Product A,Not Active
01-06-2025,Depot N,SKU-049,231,Valid,Product A,Not Active
01-06-2025,Depot N,SKU-050,2050,Valid,Product A,Not Active
01-06-2025,Depot N,SKU-051,2474,Valid,Product A,Not Active
01-06-2025,Depot N,SKU-052,1323,Valid,Product A,Not Active
01-06-2025,Depot N,SKU-053,2284,Valid,Product A,Not Active
01-06-2025,Depot N,SKU-054,1559,Valid,Product A,Not Active
01-06-2025,Depot N,SKU-055,106,Valid,Product A,Not Active
01-06-2025,Depot N,SKU-056,1135,Valid,Product A,Not Active
01-06-2025,Depot N,SKU-057,183,Valid,Product A,Not Active
01-06-2025,Depot N,SKU-058,303,Valid,Product A,Not Active
01-06-2025,Depot N,SKU-179,3817,Valid,Product A,Active
01-06-2025,Depot N,SKU-180,2397,Valid,Product A,Active
01-06-2025,Depot N,SKU-097,40058,Valid,Product A,Active
01-06-2025,Depot N,SKU-107,88,Valid,Product A,Active
01-06-2025,Depot N,SKU-186,131,Valid,Product A,Active
01-06-2025,Depot N,SKU-187,182,Valid,Product A,Active
01-06-2025,Depot N,SKU-188,134,Valid,Product A,Active
01-06-2025,Depot N,SKU-189,319,Valid,Product A,Active
01-06-2025,Depot N,SKU-190,267,Valid,Product A,Active
01-06-2025,Depot N,SKU-191,332,Valid,Product A,Active
01-06-2025,Depot N,SKU-109,771,Valid,Product A,Active
01-06-2025,Depot N,SKU-112,166,Valid,Product A,Active
01-06-2025,Depot N,SKU-113,676,Valid,Product A,Active
01-06-2025,Depot N,SKU-272,57,Valid,Product A,Active
01-06-2025,Depot N,SKU-273,11,Valid,Product A,Active
01-06-2025,Depot N,SKU-274,86,Valid,Product A,Active
01-06-2025,Depot N,SKU-059,17728,Valid,Product A,Active
01-06-2025,Depot N,SKU-114,234659,Valid,Product A,Active
01-06-2025,Depot N,SKU-115,939,Valid,Product A,Active
01-06-2025,Depot N,SKU-116,6065,Valid,Product A,Active
01-06-2025,Depot N,SKU-117,443,Valid,Product A,Active
01-06-2025,Depot N,SKU-275,602,Valid,Product A,Active
01-06-2025,Depot N,SKU-194,570,Valid,Product A,Active
01-06-2025,Depot N,SKU-195,2311,Valid,Product A,Active
01-06-2025,Depot N,SKU-118,2951,Valid,Product A,Active
01-06-2025,Depot N,SKU-119,5350,Valid,Product A,Active
01-06-2025,Depot N,SKU-196,1111,Valid,Product A,Active
01-06-2025,Depot N,SKU-120,3803,Valid,Product A,Active
01-06-2025,Depot N,SKU-121,662,Valid,Product A,Active
01-06-2025,Depot N,SKU-122,7017,Valid,Product A,Active
01-06-2025,Depot N,SKU-123,14946,Valid,Product A,Active
01-06-2025,Depot N,SKU-124,594,Valid,Product A,Active
01-06-2025,Depot N,SKU-125,756,Valid,Product A,Active
01-06-2025,Depot N,SKU-225,81,Valid,Product A,Active
01-06-2025,Depot N,SKU-126,2278,Valid,Product A,Active
01-06-2025,Depot N,SKU-234,16,Valid,Product A,Active
01-06-2025,Depot N,SKU-127,245,Valid,Product A,Active
01-06-2025,Depot N,SKU-259,343,Valid,Product A,Active
01-06-2025,Depot N,SKU-128,1913,Valid,Product A,Active
01-06-2025,Depot N,SKU-129,300,Valid,Product A,Active
01-06-2025,Depot N,SKU-130,1477,Valid,Product A,Active
01-06-2025,Depot N,SKU-060,2411,Valid,Product A,Active
01-06-2025,Depot N,SKU-131,8595,Valid,Product A,Active
01-06-2025,Depot N,SKU-132,596,Valid,Product A,Active
01-06-2025,Depot N,SKU-133,2651,Valid,Product A,Active
01-06-2025,Depot N,SKU-134,78,Valid,Product A,Active
01-06-2025,Depot N,SKU-135,156,Valid,Product A,Active
01-06-2025,Depot N,SKU-268,22,Valid,Product A,Active
01-06-2025,Depot N,SKU-136,203,Valid,Product A,Active
01-06-2025,Depot N,SKU-219,547,Valid,Product A,Active
01-06-2025,Depot N,SKU-260,71,Valid,Product A,Active
01-06-2025,Depot N,SKU-197,314,Valid,Product A,Active
01-06-2025,Depot N,SKU-198,210,Valid,Product A,Active
01-06-2025,Depot N,SKU-138,961,Valid,Product A,Active
01-06-2025,Depot N,SKU-139,651,Valid,Product A,Active
01-06-2025,Depot N,SKU-140,1625,Valid,Product A,Active
01-06-2025,Depot N,SKU-276,64,Valid,Product A,Active
01-06-2025,Depot N,SKU-141,951,Valid,Product A,Active
01-06-2025,Depot N,SKU-142,8892,Valid,Product A,Active
01-06-2025,Depot N,SKU-277,76,Valid,Product A,Active
01-06-2025,Depot N,SKU-143,994,Valid,Product A,Active
01-06-2025,Depot N,SKU-144,3690,Valid,Product A,Active
01-06-2025,Depot N,SKU-278,54,Valid,Product A,Active
01-06-2025,Depot N,SKU-279,124,Valid,Product A,Active
01-06-2025,Depot N,SKU-145,1634,Valid,Product A,Active
01-06-2025,Depot N,SKU-146,8361,Valid,Product A,Active
01-06-2025,Depot N,SKU-227,72,Valid,Product A,Active
01-06-2025,Depot N,SKU-147,605,Valid,Product A,Active
01-06-2025,Depot N,SKU-280,77,Valid,Product A,Active
01-06-2025,Depot N,SKU-148,491,Valid,Product A,Active
01-06-2025,Depot N,SKU-149,2825,Valid,Product A,Active
01-06-2025,Depot N,SKU-150,26,Valid,Product A,Active
01-06-2025,Depot N,SKU-151,400,Valid,Product A,Active
01-06-2025,Depot N,SKU-152,360,Valid,Product A,Active
01-06-2025,Depot N,SKU-153,1481,Valid,Product A,Active
01-06-2025,Depot N,SKU-281,50,Valid,Product A,Active
01-06-2025,Depot N,SKU-154,740,Valid,Product A,Active
01-06-2025,Depot N,SKU-155,2287,Valid,Product A,Active
01-06-2025,Depot O,SKU-001,10041,Valid,Product A,Active
01-06-2025,Depot O,SKU-005,1675,Valid,Product A,Active
01-06-2025,Depot O,SKU-007,7402,Valid,Product A,Active
01-06-2025,Depot O,SKU-008,975,Valid,Product A,Not Active
01-06-2025,Depot O,SKU-009,11311,Valid,Product A,Not Active
01-06-2025,Depot O,SKU-016,50607,Valid,Product A,Active
01-06-2025,Depot O,SKU-017,3095,Valid,Product A,Active
01-06-2025,Depot O,SKU-018,10537,Valid,Product A,Active
01-06-2025,Depot O,SKU-020,3257,Valid,Product A,Active
01-06-2025,Depot O,SKU-021,4251,Valid,Product A,Active
01-06-2025,Depot O,SKU-022,2524,Valid,Product A,Active
01-06-2025,Depot O,SKU-069,825,Valid,Product A,Active
01-06-2025,Depot O,SKU-024,14602,Valid,Product A,Active
01-06-2025,Depot O,SKU-025,528,Valid,Product A,Active
01-06-2025,Depot O,SKU-073,224,Valid,Product A,Active
01-06-2025,Depot O,SKU-162,499,Valid,Product A,Active
01-06-2025,Depot O,SKU-026,773,Valid,Product A,Active
01-06-2025,Depot O,SKU-027,1447,Valid,Product A,Active
01-06-2025,Depot O,SKU-029,2454,Valid,Product A,Active
01-06-2025,Depot O,SKU-031,679,Valid,Product A,Active
01-06-2025,Depot O,SKU-032,2676,Valid,Product A,Active
01-06-2025,Depot O,SKU-033,4179,Valid,Product A,Active
01-06-2025,Depot O,SKU-034,695,Valid,Product A,Active
01-06-2025,Depot O,SKU-089,3134,Valid,Product A,Active
01-06-2025,Depot O,SKU-037,578,Valid,Product A,Active
01-06-2025,Depot O,SKU-038,5076,Valid,Product A,Active
01-06-2025,Depot O,SKU-040,197,Valid,Product A,Active
01-06-2025,Depot O,SKU-091,719,Valid,Product A,Active
01-06-2025,Depot O,SKU-114,1788,Valid,Product A,Active
01-06-2025,Depot P,SKU-001,40035,Valid,Product A,Active
01-06-2025,Depot P,SKU-199,205,Valid,Product A,Active
01-06-2025,Depot P,SKU-221,111,Valid,Product A,Active
01-06-2025,Depot P,SKU-003,169,Valid,Product A,Active
01-06-2025,Depot P,SKU-004,397,Valid,Product A,Active
01-06-2025,Depot P,SKU-202,609,Valid,Product A,Active
01-06-2025,Depot P,SKU-203,403,Valid,Product A,Active
01-06-2025,Depot P,SKU-204,1110,Valid,Product A,Active
01-06-2025,Depot P,SKU-005,3148,Valid,Product A,Active
01-06-2025,Depot P,SKU-006,1532,Valid,Product A,Active
01-06-2025,Depot P,SKU-007,3320,Valid,Product A,Active
01-06-2025,Depot P,SKU-063,1191,Valid,Product A,Not Active
01-06-2025,Depot P,SKU-249,1049,Valid,Product A,Not Active
01-06-2025,Depot P,SKU-231,2706,Valid,Product A,Not Active
01-06-2025,Depot P,SKU-236,12444,Valid,Product A,Not Active
01-06-2025,Depot P,SKU-250,8650,Valid,Product A,Active
01-06-2025,Depot P,SKU-010,835,Valid,Product A,Active
01-06-2025,Depot P,SKU-282,521,Valid,Product A,Active
01-06-2025,Depot P,SKU-158,431,Valid,Product A,Active
01-06-2025,Depot P,SKU-011,2338,Valid,Product A,Active
01-06-2025,Depot P,SKU-012,315,Valid,Product A,Not Active
01-06-2025,Depot P,SKU-013,2930,Valid,Product A,Not Active
01-06-2025,Depot P,SKU-283,6823,Valid,Product A,Not Active
01-06-2025,Depot P,SKU-251,13922,Valid,Product A,Active
01-06-2025,Depot P,SKU-015,245,Valid,Product A,Active
01-06-2025,Depot P,SKU-016,33924,Valid,Product A,Active
01-06-2025,Depot P,SKU-017,6503,Valid,Product A,Active
01-06-2025,Depot P,SKU-064,408,Valid,Product A,Active
01-06-2025,Depot P,SKU-018,6257,Valid,Product A,Active
01-06-2025,Depot P,SKU-019,2013,Valid,Product A,Active
01-06-2025,Depot P,SKU-020,1290,Valid,Product A,Active
01-06-2025,Depot P,SKU-021,17725,Valid,Product A,Active
01-06-2025,Depot P,SKU-160,176,Valid,Product A,Active
01-06-2025,Depot P,SKU-067,553,Valid,Product A,Active
01-06-2025,Depot P,SKU-022,756,Valid,Product A,Active
01-06-2025,Depot P,SKU-069,354,Valid,Product A,Active
01-06-2025,Depot P,SKU-024,4123,Valid,Product A,Active
01-06-2025,Depot P,SKU-025,2450,Valid,Product A,Active
01-06-2025,Depot P,SKU-224,90,Valid,Product A,Active
01-06-2025,Depot P,SKU-072,340,Valid,Product A,Active
01-06-2025,Depot P,SKU-073,390,Valid,Product A,Active
01-06-2025,Depot P,SKU-161,903,Valid,Product A,Active
01-06-2025,Depot P,SKU-162,160,Valid,Product A,Active
01-06-2025,Depot P,SKU-163,308,Valid,Product A,Active
01-06-2025,Depot P,SKU-077,250,Valid,Product A,Active
01-06-2025,Depot P,SKU-078,217,Valid,Product A,Active
01-06-2025,Depot P,SKU-284,89,Valid,Product A,Not Active
01-06-2025,Depot P,SKU-082,0,Valid,Product A,Active
01-06-2025,Depot P,SKU-213,107,Valid,Product A,Not Active
01-06-2025,Depot P,SKU-214,101,Valid,Product A,Not Active
01-06-2025,Depot P,SKU-083,47,Valid,Product A,Active
01-06-2025,Depot P,SKU-216,46,Valid,Product A,Not Active
01-06-2025,Depot P,SKU-088,359,Valid,Product A,Active
01-06-2025,Depot P,SKU-026,1960,Valid,Product A,Active
01-06-2025,Depot P,SKU-027,62,Valid,Product A,Active
01-06-2025,Depot P,SKU-028,2658,Valid,Product A,Active
01-06-2025,Depot P,SKU-029,646,Valid,Product A,Active
01-06-2025,Depot P,SKU-030,507,Valid,Product A,Active
01-06-2025,Depot P,SKU-032,1943,Valid,Product A,Active
01-06-2025,Depot P,SKU-033,499,Valid,Product A,Active
01-06-2025,Depot P,SKU-034,2475,Valid,Product A,Active
01-06-2025,Depot P,SKU-089,566,Valid,Product A,Active
01-06-2025,Depot P,SKU-218,410,Valid,Product A,Active
01-06-2025,Depot P,SKU-037,1575,Valid,Product A,Active
01-06-2025,Depot P,SKU-038,309,Valid,Product A,Active
01-06-2025,Depot P,SKU-039,367,Valid,Product A,Active
01-06-2025,Depot P,SKU-040,233,Valid,Product A,Active
01-06-2025,Depot P,SKU-041,1397,Valid,Product A,Not Active
01-06-2025,Depot P,SKU-042,399,Valid,Product A,Not Active
01-06-2025,Depot P,SKU-043,1000,Valid,Product A,Not Active
01-06-2025,Depot P,SKU-044,299,Valid,Product A,Not Active
01-06-2025,Depot P,SKU-045,122,Valid,Product A,Not Active
01-06-2025,Depot P,SKU-047,1596,Valid,Product A,Not Active
01-06-2025,Depot P,SKU-048,90,Valid,Product A,Not Active
01-06-2025,Depot P,SKU-049,72,Valid,Product A,Not Active
01-06-2025,Depot P,SKU-050,2690,Valid,Product A,Not Active
01-06-2025,Depot P,SKU-051,1674,Valid,Product A,Not Active
01-06-2025,Depot P,SKU-052,7186,Valid,Product A,Not Active
01-06-2025,Depot P,SKU-053,364,Valid,Product A,Not Active
01-06-2025,Depot P,SKU-054,1663,Valid,Product A,Not Active
01-06-2025,Depot P,SKU-056,2495,Valid,Product A,Not Active
01-06-2025,Depot P,SKU-058,241,Valid,Product A,Not Active
01-06-2025,Depot P,SKU-092,1806,Valid,Product A,Active
01-06-2025,Depot P,SKU-179,1631,Valid,Product A,Active
01-06-2025,Depot P,SKU-285,307,Valid,Product A,Active
01-06-2025,Depot P,SKU-286,301,Valid,Product A,Active
01-06-2025,Depot P,SKU-287,170,Valid,Product A,Active
01-06-2025,Depot P,SKU-288,361,Valid,Product A,Active
01-06-2025,Depot P,SKU-289,8,Valid,Product A,Active
01-06-2025,Depot P,SKU-180,1118,Valid,Product A,Active
01-06-2025,Depot P,SKU-097,2880,Valid,Product A,Active
01-06-2025,Depot P,SKU-098,322,Valid,Product A,Active
01-06-2025,Depot P,SKU-100,354,Valid,Product A,Active
01-06-2025,Depot P,SKU-181,164,Valid,Product A,Active
01-06-2025,Depot P,SKU-103,1326,Valid,Product A,Active
01-06-2025,Depot P,SKU-106,295,Valid,Product A,Active
01-06-2025,Depot P,SKU-107,413,Valid,Product A,Active
01-06-2025,Depot P,SKU-186,638,Valid,Product A,Active
01-06-2025,Depot P,SKU-187,385,Valid,Product A,Active
01-06-2025,Depot P,SKU-188,132,Valid,Product A,Active
01-06-2025,Depot P,SKU-189,119,Valid,Product A,Active
01-06-2025,Depot P,SKU-190,48,Valid,Product A,Active
01-06-2025,Depot P,SKU-191,397,Valid,Product A,Active
01-06-2025,Depot P,SKU-109,68,Valid,Product A,Active
01-06-2025,Depot P,SKU-110,133,Valid,Product A,Active
01-06-2025,Depot P,SKU-112,262,Valid,Product A,Active
01-06-2025,Depot P,SKU-113,269,Valid,Product A,Active
01-06-2025,Depot P,SKU-059,17544,Valid,Product A,Active
01-06-2025,Depot P,SKU-114,81831,Valid,Product A,Active
01-06-2025,Depot P,SKU-115,2702,Valid,Product A,Active
01-06-2025,Depot P,SKU-116,17753,Valid,Product A,Active
01-06-2025,Depot P,SKU-290,256,Valid,Product A,Active
01-06-2025,Depot P,SKU-117,1432,Valid,Product A,Active
01-06-2025,Depot P,SKU-194,4111,Valid,Product A,Active
01-06-2025,Depot P,SKU-195,13664,Valid,Product A,Active
01-06-2025,Depot P,SKU-118,1037,Valid,Product A,Active
01-06-2025,Depot P,SKU-119,1050,Valid,Product A,Active
01-06-2025,Depot P,SKU-196,701,Valid,Product A,Active
01-06-2025,Depot P,SKU-120,5299,Valid,Product A,Active
01-06-2025,Depot P,SKU-121,4,Valid,Product A,Active
01-06-2025,Depot P,SKU-122,9315,Valid,Product A,Active
01-06-2025,Depot P,SKU-123,27328,Valid,Product A,Active
01-06-2025,Depot P,SKU-291,121,Valid,Product A,Active
01-06-2025,Depot P,SKU-124,258,Valid,Product A,Active
01-06-2025,Depot P,SKU-292,263,Valid,Product A,Active
01-06-2025,Depot P,SKU-125,174,Valid,Product A,Active
01-06-2025,Depot P,SKU-225,844,Valid,Product A,Active
01-06-2025,Depot P,SKU-126,231,Valid,Product A,Active
01-06-2025,Depot P,SKU-293,20,Valid,Product A,Active
01-06-2025,Depot P,SKU-234,17,Valid,Product A,Active
01-06-2025,Depot P,SKU-129,134,Valid,Product A,Active
01-06-2025,Depot P,SKU-130,506,Valid,Product A,Active
01-06-2025,Depot P,SKU-264,648,Valid,Product A,Active
01-06-2025,Depot P,SKU-258,91,Valid,Product A,Active
01-06-2025,Depot P,SKU-060,4468,Valid,Product A,Active
01-06-2025,Depot P,SKU-131,6048,Valid,Product A,Active
01-06-2025,Depot P,SKU-132,1488,Valid,Product A,Active
01-06-2025,Depot P,SKU-133,2514,Valid,Product A,Active
01-06-2025,Depot P,SKU-294,66,Valid,Product A,Active
01-06-2025,Depot P,SKU-134,250,Valid,Product A,Active
01-06-2025,Depot P,SKU-135,200,Valid,Product A,Active
01-06-2025,Depot P,SKU-268,219,Valid,Product A,Active
01-06-2025,Depot P,SKU-136,295,Valid,Product A,Active
01-06-2025,Depot P,SKU-269,296,Valid,Product A,Active
01-06-2025,Depot P,SKU-219,715,Valid,Product A,Active
01-06-2025,Depot P,SKU-260,351,Valid,Product A,Active
01-06-2025,Depot P,SKU-197,232,Valid,Product A,Active
01-06-2025,Depot P,SKU-198,268,Valid,Product A,Active
01-06-2025,Depot P,SKU-295,29,Valid,Product A,Active
01-06-2025,Depot P,SKU-296,177,Valid,Product A,Active
01-06-2025,Depot P,SKU-137,315,Valid,Product A,Active
01-06-2025,Depot P,SKU-297,431,Valid,Product A,Active
01-06-2025,Depot P,SKU-298,667,Valid,Product A,Active
01-06-2025,Depot P,SKU-299,2062,Valid,Product A,Active
01-06-2025,Depot P,SKU-300,551,Valid,Product A,Active
01-06-2025,Depot P,SKU-301,410,Valid,Product A,Active
01-06-2025,Depot P,SKU-302,951,Valid,Product A,Active
01-06-2025,Depot P,SKU-303,3051,Valid,Product A,Active
01-06-2025,Depot P,SKU-304,142,Valid,Product A,Active
01-06-2025,Depot P,SKU-305,199,Valid,Product A,Active
01-06-2025,Depot P,SKU-138,3529,Valid,Product A,Active
01-06-2025,Depot P,SKU-306,331,Valid,Product A,Active
01-06-2025,Depot P,SKU-139,768,Valid,Product A,Active
01-06-2025,Depot P,SKU-307,1423,Valid,Product A,Active
01-06-2025,Depot P,SKU-140,6229,Valid,Product A,Active
01-06-2025,Depot P,SKU-276,542,Valid,Product A,Active
01-06-2025,Depot P,SKU-141,703,Valid,Product A,Active
01-06-2025,Depot P,SKU-308,190,Valid,Product A,Active
01-06-2025,Depot P,SKU-142,6467,Valid,Product A,Active
01-06-2025,Depot P,SKU-277,431,Valid,Product A,Active
01-06-2025,Depot P,SKU-143,590,Valid,Product A,Active
01-06-2025,Depot P,SKU-144,2888,Valid,Product A,Active
01-06-2025,Depot P,SKU-278,156,Valid,Product A,Active
01-06-2025,Depot P,SKU-279,1661,Valid,Product A,Active
01-06-2025,Depot P,SKU-145,535,Valid,Product A,Active
01-06-2025,Depot P,SKU-309,2516,Valid,Product A,Active
01-06-2025,Depot P,SKU-146,7715,Valid,Product A,Active
01-06-2025,Depot P,SKU-227,57,Valid,Product A,Active
01-06-2025,Depot P,SKU-147,109,Valid,Product A,Active
01-06-2025,Depot P,SKU-280,653,Valid,Product A,Active
01-06-2025,Depot P,SKU-148,419,Valid,Product A,Active
01-06-2025,Depot P,SKU-310,784,Valid,Product A,Active
01-06-2025,Depot P,SKU-149,1729,Valid,Product A,Active
01-06-2025,Depot P,SKU-311,36,Valid,Product A,Active
01-06-2025,Depot P,SKU-150,118,Valid,Product A,Active
01-06-2025,Depot P,SKU-151,158,Valid,Product A,Active
01-06-2025,Depot P,SKU-312,68,Valid,Product A,Active
01-06-2025,Depot P,SKU-152,108,Valid,Product A,Active
01-06-2025,Depot P,SKU-153,225,Valid,Product A,Active
01-06-2025,Depot P,SKU-313,1297,Valid,Product A,Active
01-06-2025,Depot P,SKU-154,789,Valid,Product A,Active
01-06-2025,Depot P,SKU-220,622,Valid,Product A,Active
01-06-2025,Depot P,SKU-155,8319,Valid,Product A,Active
01-06-2025,Depot Q,SKU-001,227594,Valid,Product A,Active
01-06-2025,Depot Q,SKU-199,831,Valid,Product A,Active
01-06-2025,Depot Q,SKU-241,83,Valid,Product A,Active
01-06-2025,Depot Q,SKU-200,30143,Valid,Product A,Active
01-06-2025,Depot Q,SKU-201,386,Valid,Product A,Active
01-06-2025,Depot Q,SKU-002,1609,Valid,Product A,Active
01-06-2025,Depot Q,SKU-003,2358,Valid,Product A,Active
01-06-2025,Depot Q,SKU-004,926,Valid,Product A,Active
01-06-2025,Depot Q,SKU-202,2725,Valid,Product A,Active
01-06-2025,Depot Q,SKU-203,10580,Valid,Product A,Active
01-06-2025,Depot Q,SKU-061,1985,Valid,Product A,Active
01-06-2025,Depot Q,SKU-005,17686,Valid,Product A,Active
01-06-2025,Depot Q,SKU-206,531,Valid,Product A,Active
01-06-2025,Depot Q,SKU-007,3893,Valid,Product A,Active
01-06-2025,Depot Q,SKU-228,2743,Valid,Product A,Active
01-06-2025,Depot Q,SKU-157,414,Valid,Product A,Not Active
01-06-2025,Depot Q,SKU-008,6581,Valid,Product A,Not Active
01-06-2025,Depot Q,SKU-009,18691,Valid,Product A,Not Active
01-06-2025,Depot Q,SKU-314,11514,Valid,Product A,Not Active
01-06-2025,Depot Q,SKU-231,48,Valid,Product A,Not Active
01-06-2025,Depot Q,SKU-010,6626,Valid,Product A,Active
01-06-2025,Depot Q,SKU-158,487,Valid,Product A,Active
01-06-2025,Depot Q,SKU-315,3566,Valid,Product A,Active
01-06-2025,Depot Q,SKU-159,666,Valid,Product A,Active
01-06-2025,Depot Q,SKU-011,3086,Valid,Product A,Active
01-06-2025,Depot Q,SKU-012,4587,Valid,Product A,Not Active
01-06-2025,Depot Q,SKU-013,1052,Valid,Product A,Not Active
01-06-2025,Depot Q,SKU-014,2321,Valid,Product A,Not Active
01-06-2025,Depot Q,SKU-316,1658,Valid,Product A,Not Active
01-06-2025,Depot Q,SKU-317,30131,Valid,Product A,Not Active
01-06-2025,Depot Q,SKU-015,2048,Valid,Product A,Active
01-06-2025,Depot Q,SKU-252,71,Valid,Product A,Active
01-06-2025,Depot Q,SKU-237,283,Valid,Product A,Active
01-06-2025,Depot Q,SKU-209,44,Valid,Product A,Active
01-06-2025,Depot Q,SKU-016,286188,Valid,Product A,Active
01-06-2025,Depot Q,SKU-017,1795,Valid,Product A,Active
01-06-2025,Depot Q,SKU-065,168,Valid,Product A,Active
01-06-2025,Depot Q,SKU-018,14891,Valid,Product A,Active
01-06-2025,Depot Q,SKU-019,6908,Valid,Product A,Active
01-06-2025,Depot Q,SKU-020,6049,Valid,Product A,Active
01-06-2025,Depot Q,SKU-066,28,Valid,Product A,Active
01-06-2025,Depot Q,SKU-021,12399,Valid,Product A,Active
01-06-2025,Depot Q,SKU-022,2205,Valid,Product A,Active
01-06-2025,Depot Q,SKU-271,274,Valid,Product A,Active
01-06-2025,Depot Q,SKU-068,1497,Valid,Product A,Active
01-06-2025,Depot Q,SKU-069,1112,Valid,Product A,Active
01-06-2025,Depot Q,SKU-024,28626,Valid,Product A,Active
01-06-2025,Depot Q,SKU-025,652,Valid,Product A,Active
01-06-2025,Depot Q,SKU-073,3305,Valid,Product A,Active
01-06-2025,Depot Q,SKU-162,706,Valid,Product A,Active
01-06-2025,Depot Q,SKU-163,700,Valid,Product A,Active
01-06-2025,Depot Q,SKU-077,538,Valid,Product A,Active
01-06-2025,Depot Q,SKU-078,126,Valid,Product A,Active
01-06-2025,Depot Q,SKU-212,63,Valid,Product A,Active
01-06-2025,Depot Q,SKU-081,340,Valid,Product A,Active
01-06-2025,Depot Q,SKU-082,1280,Valid,Product A,Active
01-06-2025,Depot Q,SKU-083,138,Valid,Product A,Active
01-06-2025,Depot Q,SKU-085,133,Valid,Product A,Active
01-06-2025,Depot Q,SKU-087,123,Valid,Product A,Active
01-06-2025,Depot Q,SKU-026,1509,Valid,Product A,Active
01-06-2025,Depot Q,SKU-027,2666,Valid,Product A,Active
01-06-2025,Depot Q,SKU-028,3840,Valid,Product A,Active
01-06-2025,Depot Q,SKU-029,4386,Valid,Product A,Active
01-06-2025,Depot Q,SKU-030,1651,Valid,Product A,Active
01-06-2025,Depot Q,SKU-031,4127,Valid,Product A,Active
01-06-2025,Depot Q,SKU-032,5618,Valid,Product A,Active
01-06-2025,Depot Q,SKU-033,15832,Valid,Product A,Active
01-06-2025,Depot Q,SKU-034,1367,Valid,Product A,Active
01-06-2025,Depot Q,SKU-089,1803,Valid,Product A,Active
01-06-2025,Depot Q,SKU-035,2195,Valid,Product A,Active
01-06-2025,Depot Q,SKU-036,6646,Valid,Product A,Active
01-06-2025,Depot Q,SKU-037,2773,Valid,Product A,Active
01-06-2025,Depot Q,SKU-038,7227,Valid,Product A,Active
01-06-2025,Depot Q,SKU-040,227,Valid,Product A,Active
01-06-2025,Depot Q,SKU-091,42,Valid,Product A,Active
01-06-2025,Depot Q,SKU-041,1754,Valid,Product A,Not Active
01-06-2025,Depot Q,SKU-042,1344,Valid,Product A,Not Active
01-06-2025,Depot Q,SKU-043,331,Valid,Product A,Not Active
01-06-2025,Depot Q,SKU-044,1835,Valid,Product A,Not Active
01-06-2025,Depot Q,SKU-045,190,Valid,Product A,Not Active
01-06-2025,Depot Q,SKU-046,545,Valid,Product A,Not Active
01-06-2025,Depot Q,SKU-047,77,Valid,Product A,Not Active
01-06-2025,Depot Q,SKU-049,123,Valid,Product A,Not Active
01-06-2025,Depot Q,SKU-050,166,Valid,Product A,Not Active
01-06-2025,Depot Q,SKU-051,2182,Valid,Product A,Not Active
01-06-2025,Depot Q,SKU-052,479,Valid,Product A,Not Active
01-06-2025,Depot Q,SKU-053,1368,Valid,Product A,Not Active
01-06-2025,Depot Q,SKU-054,77,Valid,Product A,Not Active
01-06-2025,Depot Q,SKU-055,109,Valid,Product A,Not Active
01-06-2025,Depot Q,SKU-056,430,Valid,Product A,Not Active
01-06-2025,Depot Q,SKU-097,8255,Valid,Product A,Active
01-06-2025,Depot Q,SKU-098,683,Valid,Product A,Active
01-06-2025,Depot Q,SKU-100,161,Valid,Product A,Active
01-06-2025,Depot Q,SKU-101,149,Valid,Product A,Active
01-06-2025,Depot Q,SKU-181,319,Valid,Product A,Active
01-06-2025,Depot Q,SKU-318,865,Valid,Product A,Active
01-06-2025,Depot Q,SKU-103,2109,Valid,Product A,Active
01-06-2025,Depot Q,SKU-319,117,Valid,Product A,Active
01-06-2025,Depot Q,SKU-106,741,Valid,Product A,Active
01-06-2025,Depot Q,SKU-320,134,Valid,Product A,Active
01-06-2025,Depot Q,SKU-107,407,Valid,Product A,Active
01-06-2025,Depot Q,SKU-186,464,Valid,Product A,Active
01-06-2025,Depot Q,SKU-187,116,Valid,Product A,Active
01-06-2025,Depot Q,SKU-188,38,Valid,Product A,Active
01-06-2025,Depot Q,SKU-189,171,Valid,Product A,Active
01-06-2025,Depot Q,SKU-321,156,Valid,Product A,Active
01-06-2025,Depot Q,SKU-190,154,Valid,Product A,Active
01-06-2025,Depot Q,SKU-191,128,Valid,Product A,Active
01-06-2025,Depot Q,SKU-109,316,Valid,Product A,Active
01-06-2025,Depot Q,SKU-112,1156,Valid,Product A,Active
01-06-2025,Depot Q,SKU-322,72,Valid,Product A,Active
01-06-2025,Depot Q,SKU-113,572,Valid,Product A,Active
01-06-2025,Depot Q,SKU-323,57,Valid,Product A,Active
01-06-2025,Depot Q,SKU-324,100,Valid,Product A,Active
01-06-2025,Depot Q,SKU-325,132,Valid,Product A,Active
01-06-2025,Depot Q,SKU-272,254,Valid,Product A,Active
01-06-2025,Depot Q,SKU-326,31,Valid,Product A,Active
01-06-2025,Depot Q,SKU-327,54,Valid,Product A,Active
01-06-2025,Depot Q,SKU-059,15944,Valid,Product A,Active
01-06-2025,Depot Q,SKU-114,360697,Valid,Product A,Active
01-06-2025,Depot Q,SKU-115,559,Valid,Product A,Active
01-06-2025,Depot Q,SKU-116,10905,Valid,Product A,Active
01-06-2025,Depot Q,SKU-275,367,Valid,Product A,Active
01-06-2025,Depot Q,SKU-194,1478,Valid,Product A,Active
01-06-2025,Depot Q,SKU-195,5454,Valid,Product A,Active
01-06-2025,Depot Q,SKU-328,207,Valid,Product A,Active
01-06-2025,Depot Q,SKU-118,1327,Valid,Product A,Active
01-06-2025,Depot Q,SKU-119,15117,Valid,Product A,Active
01-06-2025,Depot Q,SKU-196,736,Valid,Product A,Active
01-06-2025,Depot Q,SKU-120,11353,Valid,Product A,Active
01-06-2025,Depot Q,SKU-329,67,Valid,Product A,Active
01-06-2025,Depot Q,SKU-121,612,Valid,Product A,Active
01-06-2025,Depot Q,SKU-122,3640,Valid,Product A,Active
01-06-2025,Depot Q,SKU-123,39885,Valid,Product A,Active
01-06-2025,Depot Q,SKU-124,104,Valid,Product A,Active
01-06-2025,Depot Q,SKU-225,784,Valid,Product A,Active
01-06-2025,Depot Q,SKU-126,5363,Valid,Product A,Active
01-06-2025,Depot Q,SKU-293,76,Valid,Product A,Active
01-06-2025,Depot Q,SKU-234,124,Valid,Product A,Active
01-06-2025,Depot Q,SKU-259,1138,Valid,Product A,Active
01-06-2025,Depot Q,SKU-128,1428,Valid,Product A,Active
01-06-2025,Depot Q,SKU-129,627,Valid,Product A,Active
01-06-2025,Depot Q,SKU-130,3782,Valid,Product A,Active
01-06-2025,Depot Q,SKU-264,158,Valid,Product A,Active
01-06-2025,Depot Q,SKU-258,724,Valid,Product A,Active
01-06-2025,Depot Q,SKU-060,4701,Valid,Product A,Active
01-06-2025,Depot Q,SKU-131,21449,Valid,Product A,Active
01-06-2025,Depot Q,SKU-132,728,Valid,Product A,Active
01-06-2025,Depot Q,SKU-133,1437,Valid,Product A,Active
01-06-2025,Depot Q,SKU-134,492,Valid,Product A,Active
01-06-2025,Depot Q,SKU-330,170,Valid,Product A,Active
01-06-2025,Depot Q,SKU-135,136,Valid,Product A,Active
01-06-2025,Depot Q,SKU-136,526,Valid,Product A,Active
01-06-2025,Depot Q,SKU-219,357,Valid,Product A,Active
01-06-2025,Depot Q,SKU-260,199,Valid,Product A,Active
01-06-2025,Depot Q,SKU-197,2220,Valid,Product A,Active
01-06-2025,Depot Q,SKU-226,244,Valid,Product A,Active
01-06-2025,Depot Q,SKU-198,1364,Valid,Product A,Active
01-06-2025,Depot Q,SKU-296,95,Valid,Product A,Active
01-06-2025,Depot Q,SKU-137,914,Valid,Product A,Active
01-06-2025,Depot Q,SKU-138,616,Valid,Product A,Active
01-06-2025,Depot Q,SKU-139,807,Valid,Product A,Active
01-06-2025,Depot Q,SKU-140,13544,Valid,Product A,Active
01-06-2025,Depot Q,SKU-141,2262,Valid,Product A,Active
01-06-2025,Depot Q,SKU-142,25985,Valid,Product A,Active
01-06-2025,Depot Q,SKU-143,824,Valid,Product A,Active
01-06-2025,Depot Q,SKU-144,14351,Valid,Product A,Active
01-06-2025,Depot Q,SKU-145,2927,Valid,Product A,Active
01-06-2025,Depot Q,SKU-146,31260,Valid,Product A,Active
01-06-2025,Depot Q,SKU-227,664,Valid,Product A,Active
01-06-2025,Depot Q,SKU-147,12215,Valid,Product A,Active
01-06-2025,Depot Q,SKU-148,1644,Valid,Product A,Active
01-06-2025,Depot Q,SKU-149,20830,Valid,Product A,Active
01-06-2025,Depot Q,SKU-151,1023,Valid,Product A,Active
01-06-2025,Depot Q,SKU-152,277,Valid,Product A,Active
01-06-2025,Depot Q,SKU-153,816,Valid,Product A,Active
01-06-2025,Depot Q,SKU-154,707,Valid,Product A,Active
01-06-2025,Depot Q,SKU-155,3976,Valid,Product A,Active
01-06-2025,Depot Q,SKU-331,149,Valid,Product A,Active
01-06-2025,Depot Q,SKU-332,115,Valid,Product A,Active
01-06-2025,Depot Q,SKU-156,245,Valid,Product A,Active
01-06-2025,Depot Q,SKU-333,425,Valid,Product A,Active
01-06-2025,Depot Q,SKU-334,233,Valid,Product A,Active
01-06-2025,Depot A,SKU-335,101,Invalid,Product A,Not Active
01-06-2025,Depot A,SKU-336,11,Invalid,Product A,Not Active
01-06-2025,Depot A,SKU-199,684,Invalid,Product A,Active
01-06-2025,Depot A,SKU-241,36,Invalid,Product A,Active
01-06-2025,Depot A,SKU-337,877,Invalid,Product A,Not Active
01-06-2025,Depot A,SKU-338,58127,Invalid,Product A,Not Active
01-06-2025,Depot A,SKU-221,460,Invalid,Product A,Active
01-06-2025,Depot A,SKU-339,306,Invalid,Product A,Not Active
01-06-2025,Depot A,SKU-340,611,Invalid,Product A,Active
01-06-2025,Depot A,SKU-202,375,Invalid,Product A,Active
01-06-2025,Depot A,SKU-203,75,Invalid,Product A,Active
01-06-2025,Depot A,SKU-341,122,Invalid,Product A,Not Active
01-06-2025,Depot A,SKU-062,119,Invalid,Product A,Active
01-06-2025,Depot A,SKU-342,70,Invalid,Product A,Not Active
01-06-2025,Depot A,SKU-343,5397,Invalid,Product A,Not Active
01-06-2025,Depot A,SKU-344,2844,Invalid,Product A,Not Active
01-06-2025,Depot A,SKU-345,482,Invalid,Product A,Not Active
01-06-2025,Depot A,SKU-346,1059,Invalid,Product A,Not Active
01-06-2025,Depot A,SKU-206,177,Invalid,Product A,Active
01-06-2025,Depot A,SKU-347,81,Invalid,Product A,Active
01-06-2025,Depot A,SKU-348,2780,Invalid,Product A,Active
01-06-2025,Depot A,SKU-229,345,Invalid,Product A,Active
01-06-2025,Depot A,SKU-349,1218,Invalid,Product A,Active
01-06-2025,Depot A,SKU-208,218,Invalid,Product A,Active
01-06-2025,Depot A,SKU-350,208,Invalid,Product A,Active
01-06-2025,Depot A,SKU-157,399,Invalid,Product A,Not Active
01-06-2025,Depot A,SKU-063,1287,Invalid,Product A,Not Active
01-06-2025,Depot A,SKU-236,189,Invalid,Product A,Not Active
01-06-2025,Depot A,SKU-158,637,Invalid,Product A,Active
01-06-2025,Depot A,SKU-159,231,Invalid,Product A,Active
01-06-2025,Depot A,SKU-251,192,Invalid,Product A,Active
01-06-2025,Depot A,SKU-252,30,Invalid,Product A,Active
01-06-2025,Depot A,SKU-253,17,Invalid,Product A,Active
01-06-2025,Depot A,SKU-351,93,Invalid,Product A,Active
01-06-2025,Depot A,SKU-352,10,Invalid,Product A,Active
01-06-2025,Depot A,SKU-353,28,Invalid,Product A,Active
01-06-2025,Depot A,SKU-354,31,Invalid,Product A,Active
01-06-2025,Depot A,SKU-355,16,Invalid,Product A,Active
01-06-2025,Depot A,SKU-356,33,Invalid,Product A,Active
01-06-2025,Depot A,SKU-357,15,Invalid,Product A,Active
01-06-2025,Depot A,SKU-358,52,Invalid,Product A,Active
01-06-2025,Depot A,SKU-359,61,Invalid,Product A,Not Active
01-06-2025,Depot A,SKU-360,21,Invalid,Product A,Active
01-06-2025,Depot A,SKU-361,59,Invalid,Product A,Not Active
01-06-2025,Depot A,SKU-362,115,Invalid,Product A,Not Active
01-06-2025,Depot A,SKU-363,51,Invalid,Product A,Not Active
01-06-2025,Depot A,SKU-364,35,Invalid,Product A,Not Active
01-06-2025,Depot A,SKU-365,1,Invalid,Product A,Not Active
01-06-2025,Depot A,SKU-366,10,Invalid,Product A,Not Active
01-06-2025,Depot A,SKU-367,93,Invalid,Product A,Not Active
01-06-2025,Depot A,SKU-368,2,Invalid,Product A,Active
01-06-2025,Depot A,SKU-369,18,Invalid,Product A,Not Active
01-06-2025,Depot A,SKU-370,41,Invalid,Product A,Active
01-06-2025,Depot A,SKU-371,77,Invalid,Product A,Not Active
01-06-2025,Depot A,SKU-372,24,Invalid,Product A,Not Active
01-06-2025,Depot A,SKU-373,44,Invalid,Product A,Active
01-06-2025,Depot A,SKU-374,93,Invalid,Product A,Not Active
01-06-2025,Depot A,SKU-375,17,Invalid,Product A,Active
01-06-2025,Depot A,SKU-376,10,Invalid,Product A,Not Active
01-06-2025,Depot A,SKU-377,31,Invalid,Product A,Not Active
01-06-2025,Depot A,SKU-238,17,Invalid,Product A,Active
01-06-2025,Depot A,SKU-254,10,Invalid,Product A,Active
01-06-2025,Depot A,SKU-262,3,Invalid,Product A,Active
01-06-2025,Depot A,SKU-064,17,Invalid,Product A,Active
01-06-2025,Depot A,SKU-065,467,Invalid,Product A,Active
01-06-2025,Depot A,SKU-066,18,Invalid,Product A,Active
01-06-2025,Depot A,SKU-378,40,Invalid,Product A,Active
01-06-2025,Depot A,SKU-160,97,Invalid,Product A,Active
01-06-2025,Depot A,SKU-067,10,Invalid,Product A,Active
01-06-2025,Depot A,SKU-271,4,Invalid,Product A,Active
01-06-2025,Depot A,SKU-230,89,Invalid,Product A,Active
01-06-2025,Depot A,SKU-068,306,Invalid,Product A,Active
01-06-2025,Depot A,SKU-232,20,Invalid,Product A,Active
01-06-2025,Depot A,SKU-069,763,Invalid,Product A,Active
01-06-2025,Depot A,SKU-379,34,Invalid,Product A,Not Active
01-06-2025,Depot A,SKU-380,11131,Invalid,Product A,Not Active
01-06-2025,Depot A,SKU-381,93,Invalid,Product A,Not Active
01-06-2025,Depot A,SKU-382,21,Invalid,Product A,Active
01-06-2025,Depot A,SKU-070,59,Invalid,Product A,Active
01-06-2025,Depot A,SKU-383,70,Invalid,Product A,Active
01-06-2025,Depot A,SKU-071,88,Invalid,Product A,Active
01-06-2025,Depot A,SKU-224,16,Invalid,Product A,Active
01-06-2025,Depot A,SKU-072,19,Invalid,Product A,Active
01-06-2025,Depot A,SKU-073,25,Invalid,Product A,Active
01-06-2025,Depot A,SKU-161,28,Invalid,Product A,Active
01-06-2025,Depot A,SKU-162,8,Invalid,Product A,Active
01-06-2025,Depot A,SKU-384,20,Invalid,Product A,Active
01-06-2025,Depot A,SKU-088,415,Invalid,Product A,Active
01-06-2025,Depot A,SKU-233,351,Invalid,Product A,Active
01-06-2025,Depot A,SKU-385,64,Invalid,Product A,Active
01-06-2025,Depot A,SKU-386,65,Invalid,Product A,Active
01-06-2025,Depot A,SKU-387,62,Invalid,Product A,Active
01-06-2025,Depot A,SKU-388,11,Invalid,Product A,Active
01-06-2025,Depot A,SKU-089,643,Invalid,Product A,Active
01-06-2025,Depot A,SKU-389,6,Invalid,Product A,Active
01-06-2025,Depot A,SKU-390,19,Invalid,Product A,Active
01-06-2025,Depot A,SKU-391,31,Invalid,Product A,Active
01-06-2025,Depot A,SKU-090,152,Invalid,Product A,Active
01-06-2025,Depot A,SKU-091,68,Invalid,Product A,Active
01-06-2025,Depot A,SKU-180,20,Invalid,Product A,Active
01-06-2025,Depot A,SKU-392,15,Invalid,Product A,Active
01-06-2025,Depot A,SKU-097,729,Invalid,Product A,Active
01-06-2025,Depot A,SKU-098,109,Invalid,Product A,Active
01-06-2025,Depot A,SKU-393,21,Invalid,Product A,Active
01-06-2025,Depot A,SKU-394,2,Invalid,Product A,Active
01-06-2025,Depot A,SKU-103,40,Invalid,Product A,Active
01-06-2025,Depot A,SKU-105,3,Invalid,Product A,Active
01-06-2025,Depot A,SKU-395,51,Invalid,Product A,Active
01-06-2025,Depot A,SKU-396,100,Invalid,Product A,Not Active
01-06-2025,Depot A,SKU-397,4,Invalid,Product A,Active
01-06-2025,Depot A,SKU-398,210,Invalid,Product A,Not Active
01-06-2025,Depot A,SKU-399,253,Invalid,Product A,Active
01-06-2025,Depot A,SKU-106,227,Invalid,Product A,Active
01-06-2025,Depot A,SKU-184,11,Invalid,Product A,Active
01-06-2025,Depot A,SKU-320,20,Invalid,Product A,Active
01-06-2025,Depot A,SKU-400,4,Invalid,Product A,Active
01-06-2025,Depot A,SKU-401,101,Invalid,Product A,Active
01-06-2025,Depot A,SKU-187,20,Invalid,Product A,Active
01-06-2025,Depot A,SKU-188,20,Invalid,Product A,Active
01-06-2025,Depot A,SKU-189,20,Invalid,Product A,Active
01-06-2025,Depot A,SKU-321,20,Invalid,Product A,Active
01-06-2025,Depot A,SKU-190,20,Invalid,Product A,Active
01-06-2025,Depot A,SKU-191,41,Invalid,Product A,Active
01-06-2025,Depot A,SKU-402,20,Invalid,Product A,Not Active
01-06-2025,Depot A,SKU-403,20,Invalid,Product A,Active
01-06-2025,Depot A,SKU-404,41,Invalid,Product A,Active
01-06-2025,Depot A,SKU-109,39,Invalid,Product A,Active
01-06-2025,Depot A,SKU-405,10,Invalid,Product A,Active
01-06-2025,Depot A,SKU-406,20,Invalid,Product A,Not Active
01-06-2025,Depot A,SKU-407,41,Invalid,Product A,Active
01-06-2025,Depot A,SKU-408,30,Invalid,Product A,Not Active
01-06-2025,Depot A,SKU-409,20,Invalid,Product A,Not Active
01-06-2025,Depot A,SKU-410,30,Invalid,Product A,Active
01-06-2025,Depot A,SKU-411,1,Invalid,Product A,Active
01-06-2025,Depot A,SKU-412,30,Invalid,Product A,Active
01-06-2025,Depot A,SKU-192,5,Invalid,Product A,Active
01-06-2025,Depot A,SKU-413,10,Invalid,Product A,Active
01-06-2025,Depot A,SKU-193,20,Invalid,Product A,Active
01-06-2025,Depot A,SKU-414,11,Invalid,Product A,Active
01-06-2025,Depot A,SKU-415,5,Invalid,Product A,Active
01-06-2025,Depot A,SKU-416,10,Invalid,Product A,Active
01-06-2025,Depot A,SKU-417,5,Invalid,Product A,Active
01-06-2025,Depot A,SKU-418,20,Invalid,Product A,Active
01-06-2025,Depot A,SKU-419,5,Invalid,Product A,Active
01-06-2025,Depot A,SKU-420,2,Invalid,Product A,Not Active
01-06-2025,Depot A,SKU-421,5,Invalid,Product A,Active
01-06-2025,Depot A,SKU-422,3,Invalid,Product A,Not Active
01-06-2025,Depot A,SKU-423,3,Invalid,Product A,Active
01-06-2025,Depot A,SKU-424,6,Invalid,Product A,Not Active
01-06-2025,Depot A,SKU-425,1,Invalid,Product A,Not Active
01-06-2025,Depot A,SKU-426,6,Invalid,Product A,Active
01-06-2025,Depot A,SKU-427,2,Invalid,Product A,Not Active
01-06-2025,Depot A,SKU-428,6,Invalid,Product A,Active
01-06-2025,Depot A,SKU-429,1,Invalid,Product A,Not Active
01-06-2025,Depot A,SKU-430,2,Invalid,Product A,Active
01-06-2025,Depot A,SKU-431,10,Invalid,Product A,Not Active
01-06-2025,Depot A,SKU-432,5,Invalid,Product A,Active
01-06-2025,Depot A,SKU-433,1,Invalid,Product A,Not Active
01-06-2025,Depot A,SKU-434,5,Invalid,Product A,Active
01-06-2025,Depot A,SKU-435,1,Invalid,Product A,Not Active
01-06-2025,Depot A,SKU-436,1,Invalid,Product A,Active
01-06-2025,Depot A,SKU-437,4,Invalid,Product A,Not Active
01-06-2025,Depot A,SKU-438,24,Invalid,Product A,Active
01-06-2025,Depot A,SKU-439,1,Invalid,Product A,Not Active
01-06-2025,Depot A,SKU-440,11,Invalid,Product A,Active
01-06-2025,Depot A,SKU-441,1,Invalid,Product A,Not Active
01-06-2025,Depot A,SKU-442,1,Invalid,Product A,Active
01-06-2025,Depot A,SKU-443,8,Invalid,Product A,Not Active
01-06-2025,Depot A,SKU-444,5,Invalid,Product A,Active
01-06-2025,Depot A,SKU-445,5,Invalid,Product A,Active
01-06-2025,Depot A,SKU-446,24,Invalid,Product A,Active
01-06-2025,Depot A,SKU-447,1,Invalid,Product A,Not Active
01-06-2025,Depot A,SKU-448,23,Invalid,Product A,Active
01-06-2025,Depot A,SKU-449,1,Invalid,Product A,Not Active
01-06-2025,Depot A,SKU-450,1,Invalid,Product A,Active
01-06-2025,Depot A,SKU-451,8,Invalid,Product A,Not Active
01-06-2025,Depot A,SKU-452,6,Invalid,Product A,Active
01-06-2025,Depot A,SKU-453,2,Invalid,Product A,Not Active
01-06-2025,Depot A,SKU-454,2,Invalid,Product A,Active
01-06-2025,Depot A,SKU-455,10,Invalid,Product A,Not Active
01-06-2025,Depot A,SKU-456,5,Invalid,Product A,Active
01-06-2025,Depot A,SKU-457,10,Invalid,Product A,Active
01-06-2025,Depot A,SKU-458,5,Invalid,Product A,Active
01-06-2025,Depot A,SKU-459,10,Invalid,Product A,Active
01-06-2025,Depot A,SKU-460,25,Invalid,Product A,Active
01-06-2025,Depot A,SKU-461,5,Invalid,Product A,Active
01-06-2025,Depot A,SKU-462,10,Invalid,Product A,Active
01-06-2025,Depot A,SKU-463,16,Invalid,Product A,Active
01-06-2025,Depot A,SKU-464,5,Invalid,Product A,Active
01-06-2025,Depot A,SKU-465,5,Invalid,Product A,Active
01-06-2025,Depot A,SKU-466,5,Invalid,Product A,Active
01-06-2025,Depot A,SKU-114,3194,Invalid,Product A,Active
01-06-2025,Depot A,SKU-115,22,Invalid,Product A,Active
01-06-2025,Depot A,SKU-116,214,Invalid,Product A,Active
01-06-2025,Depot A,SKU-290,128,Invalid,Product A,Active
01-06-2025,Depot A,SKU-117,14,Invalid,Product A,Active
01-06-2025,Depot A,SKU-467,41,Invalid,Product A,Active
01-06-2025,Depot A,SKU-468,33,Invalid,Product A,Active
01-06-2025,Depot A,SKU-194,41,Invalid,Product A,Active
01-06-2025,Depot A,SKU-195,274,Invalid,Product A,Active
01-06-2025,Depot A,SKU-469,20,Invalid,Product A,Active
01-06-2025,Depot A,SKU-118,172,Invalid,Product A,Active
01-06-2025,Depot A,SKU-119,678,Invalid,Product A,Active
01-06-2025,Depot A,SKU-196,86,Invalid,Product A,Active
01-06-2025,Depot A,SKU-120,191,Invalid,Product A,Active
01-06-2025,Depot A,SKU-329,17,Invalid,Product A,Active
01-06-2025,Depot A,SKU-121,69,Invalid,Product A,Active
01-06-2025,Depot A,SKU-122,92,Invalid,Product A,Active
01-06-2025,Depot A,SKU-123,393,Invalid,Product A,Active
01-06-2025,Depot A,SKU-124,112,Invalid,Product A,Active
01-06-2025,Depot A,SKU-292,19,Invalid,Product A,Active
01-06-2025,Depot A,SKU-225,9,Invalid,Product A,Active
01-06-2025,Depot A,SKU-293,9,Invalid,Product A,Active
01-06-2025,Depot A,SKU-259,12,Invalid,Product A,Active
01-06-2025,Depot A,SKU-129,18,Invalid,Product A,Active
01-06-2025,Depot A,SKU-130,12,Invalid,Product A,Active
01-06-2025,Depot A,SKU-264,10,Invalid,Product A,Active
01-06-2025,Depot A,SKU-258,101,Invalid,Product A,Active
01-06-2025,Depot A,SKU-470,12,Invalid,Product A,Not Active
01-06-2025,Depot A,SKU-471,21,Invalid,Product A,Not Active
01-06-2025,Depot A,SKU-472,374,Invalid,Product A,Not Active
01-06-2025,Depot A,SKU-473,830,Invalid,Product A,Active
01-06-2025,Depot A,SKU-474,72,Invalid,Product A,Not Active
01-06-2025,Depot A,SKU-475,2532,Invalid,Product A,Active
01-06-2025,Depot A,SKU-131,245,Invalid,Product A,Active
01-06-2025,Depot A,SKU-476,48,Invalid,Product A,Not Active
01-06-2025,Depot A,SKU-132,49,Invalid,Product A,Active
01-06-2025,Depot A,SKU-133,105,Invalid,Product A,Active
01-06-2025,Depot A,SKU-134,139,Invalid,Product A,Active
01-06-2025,Depot A,SKU-298,364,Invalid,Product A,Active
01-06-2025,Depot A,SKU-302,21,Invalid,Product A,Active
01-06-2025,Depot A,SKU-303,225,Invalid,Product A,Active
01-06-2025,Depot A,SKU-477,21,Invalid,Product A,Active
01-06-2025,Depot A,SKU-305,470,Invalid,Product A,Active
01-06-2025,Depot A,SKU-138,38,Invalid,Product A,Active
01-06-2025,Depot A,SKU-478,12,Invalid,Product A,Active
01-06-2025,Depot A,SKU-306,166,Invalid,Product A,Active
01-06-2025,Depot A,SKU-139,581,Invalid,Product A,Active
01-06-2025,Depot A,SKU-307,101,Invalid,Product A,Active
01-06-2025,Depot A,SKU-140,254,Invalid,Product A,Active
01-06-2025,Depot A,SKU-479,23,Invalid,Product A,Active
01-06-2025,Depot A,SKU-276,187,Invalid,Product A,Active
01-06-2025,Depot A,SKU-141,137,Invalid,Product A,Active
01-06-2025,Depot A,SKU-308,169,Invalid,Product A,Active
01-06-2025,Depot A,SKU-142,257,Invalid,Product A,Active
01-06-2025,Depot A,SKU-480,34,Invalid,Product A,Active
01-06-2025,Depot A,SKU-277,66,Invalid,Product A,Active
01-06-2025,Depot A,SKU-143,246,Invalid,Product A,Active
01-06-2025,Depot A,SKU-481,162,Invalid,Product A,Active
01-06-2025,Depot A,SKU-144,64,Invalid,Product A,Active
01-06-2025,Depot A,SKU-279,163,Invalid,Product A,Active
01-06-2025,Depot A,SKU-145,121,Invalid,Product A,Active
01-06-2025,Depot A,SKU-309,33,Invalid,Product A,Active
01-06-2025,Depot A,SKU-146,167,Invalid,Product A,Active
01-06-2025,Depot A,SKU-482,3,Invalid,Product A,Active
01-06-2025,Depot A,SKU-483,10,Invalid,Product A,Active
01-06-2025,Depot A,SKU-227,46,Invalid,Product A,Active
01-06-2025,Depot A,SKU-484,21,Invalid,Product A,Active
01-06-2025,Depot A,SKU-147,64,Invalid,Product A,Active
01-06-2025,Depot A,SKU-280,48,Invalid,Product A,Active
01-06-2025,Depot A,SKU-148,88,Invalid,Product A,Active
01-06-2025,Depot A,SKU-310,56,Invalid,Product A,Active
01-06-2025,Depot A,SKU-149,78,Invalid,Product A,Active
01-06-2025,Depot A,SKU-485,14,Invalid,Product A,Active
01-06-2025,Depot A,SKU-311,12,Invalid,Product A,Active
01-06-2025,Depot A,SKU-150,9,Invalid,Product A,Active
01-06-2025,Depot A,SKU-486,50,Invalid,Product A,Active
01-06-2025,Depot A,SKU-487,5,Invalid,Product A,Active
01-06-2025,Depot A,SKU-312,12,Invalid,Product A,Active
01-06-2025,Depot A,SKU-152,4,Invalid,Product A,Active
01-06-2025,Depot A,SKU-488,25,Invalid,Product A,Active
01-06-2025,Depot A,SKU-153,5,Invalid,Product A,Active
01-06-2025,Depot A,SKU-154,46,Invalid,Product A,Active
01-06-2025,Depot A,SKU-155,44,Invalid,Product A,Active
01-06-2025,Depot B,SKU-489,12,Invalid,Product A,Not Active
01-06-2025,Depot B,SKU-490,1,Invalid,Product A,Not Active
01-06-2025,Depot B,SKU-491,20,Invalid,Product A,Not Active
01-06-2025,Depot B,SKU-492,19,Invalid,Product A,Not Active
01-06-2025,Depot B,SKU-199,135,Invalid,Product A,Active
01-06-2025,Depot B,SKU-241,67,Invalid,Product A,Active
01-06-2025,Depot B,SKU-200,1311,Invalid,Product A,Active
01-06-2025,Depot B,SKU-201,32,Invalid,Product A,Active
01-06-2025,Depot B,SKU-493,13,Invalid,Product A,Active
01-06-2025,Depot B,SKU-337,23,Invalid,Product A,Not Active
01-06-2025,Depot B,SKU-338,1081,Invalid,Product A,Not Active
01-06-2025,Depot B,SKU-494,58,Invalid,Product A,Not Active
01-06-2025,Depot B,SKU-495,7,Invalid,Product A,Not Active
01-06-2025,Depot B,SKU-221,277,Invalid,Product A,Active
01-06-2025,Depot B,SKU-496,3858,Invalid,Product A,Active
01-06-2025,Depot B,SKU-003,236,Invalid,Product A,Active
01-06-2025,Depot B,SKU-497,548,Invalid,Product A,Active
01-06-2025,Depot B,SKU-498,55,Invalid,Product A,Active
01-06-2025,Depot B,SKU-499,21,Invalid,Product A,Active
01-06-2025,Depot B,SKU-500,39,Invalid,Product A,Active
01-06-2025,Depot B,SKU-501,22,Invalid,Product A,Active
01-06-2025,Depot B,SKU-339,17,Invalid,Product A,Not Active
01-06-2025,Depot B,SKU-340,582,Invalid,Product A,Active
01-06-2025,Depot B,SKU-502,32,Invalid,Product A,Active
01-06-2025,Depot B,SKU-202,283,Invalid,Product A,Active
01-06-2025,Depot B,SKU-503,9,Invalid,Product A,Active
01-06-2025,Depot B,SKU-504,16,Invalid,Product A,Active
01-06-2025,Depot B,SKU-505,88,Invalid,Product A,Active
01-06-2025,Depot B,SKU-506,83,Invalid,Product A,Active
01-06-2025,Depot B,SKU-507,29,Invalid,Product A,Active
01-06-2025,Depot B,SKU-508,134,Invalid,Product A,Not Active
01-06-2025,Depot B,SKU-203,503,Invalid,Product A,Active
01-06-2025,Depot B,SKU-204,49,Invalid,Product A,Active
01-06-2025,Depot B,SKU-509,10,Invalid,Product A,Not Active
01-06-2025,Depot B,SKU-205,17,Invalid,Product A,Active
01-06-2025,Depot B,SKU-235,9,Invalid,Product A,Active
01-06-2025,Depot B,SKU-510,215,Invalid,Product A,Active
01-06-2025,Depot B,SKU-343,1040,Invalid,Product A,Not Active
01-06-2025,Depot B,SKU-511,20,Invalid,Product A,Not Active
01-06-2025,Depot B,SKU-344,189,Invalid,Product A,Not Active
01-06-2025,Depot B,SKU-512,101,Invalid,Product A,Not Active
01-06-2025,Depot B,SKU-345,310,Invalid,Product A,Not Active
01-06-2025,Depot B,SKU-346,78,Invalid,Product A,Not Active
01-06-2025,Depot B,SKU-206,36,Invalid,Product A,Active
01-06-2025,Depot B,SKU-207,9,Invalid,Product A,Active
01-06-2025,Depot B,SKU-347,79,Invalid,Product A,Active
01-06-2025,Depot B,SKU-348,3289,Invalid,Product A,Active
01-06-2025,Depot B,SKU-229,2561,Invalid,Product A,Active
01-06-2025,Depot B,SKU-208,143,Invalid,Product A,Active
01-06-2025,Depot B,SKU-513,63,Invalid,Product A,Active
01-06-2025,Depot B,SKU-350,258,Invalid,Product A,Active
01-06-2025,Depot B,SKU-514,61,Invalid,Product A,Active
01-06-2025,Depot B,SKU-248,187,Invalid,Product A,Active
01-06-2025,Depot B,SKU-157,213,Invalid,Product A,Not Active
01-06-2025,Depot B,SKU-314,123,Invalid,Product A,Not Active
01-06-2025,Depot B,SKU-249,294,Invalid,Product A,Not Active
01-06-2025,Depot B,SKU-231,135,Invalid,Product A,Not Active
01-06-2025,Depot B,SKU-236,123,Invalid,Product A,Not Active
01-06-2025,Depot B,SKU-282,67,Invalid,Product A,Active
01-06-2025,Depot B,SKU-158,49,Invalid,Product A,Active
01-06-2025,Depot B,SKU-315,108,Invalid,Product A,Active
01-06-2025,Depot B,SKU-515,190,Invalid,Product A,Not Active
01-06-2025,Depot B,SKU-516,166,Invalid,Product A,Active
01-06-2025,Depot B,SKU-159,114,Invalid,Product A,Active
01-06-2025,Depot B,SKU-517,23,Invalid,Product A,Active
01-06-2025,Depot B,SKU-012,1009,Invalid,Product A,Not Active
01-06-2025,Depot B,SKU-013,281,Invalid,Product A,Not Active
01-06-2025,Depot B,SKU-283,246,Invalid,Product A,Not Active
01-06-2025,Depot B,SKU-252,163,Invalid,Product A,Active
01-06-2025,Depot B,SKU-253,320,Invalid,Product A,Active
01-06-2025,Depot B,SKU-352,21,Invalid,Product A,Active
01-06-2025,Depot B,SKU-354,20,Invalid,Product A,Active
01-06-2025,Depot B,SKU-355,11,Invalid,Product A,Active
01-06-2025,Depot B,SKU-356,9,Invalid,Product A,Active
01-06-2025,Depot B,SKU-518,12,Invalid,Product A,Active
01-06-2025,Depot B,SKU-519,25,Invalid,Product A,Active
01-06-2025,Depot B,SKU-357,13,Invalid,Product A,Active
01-06-2025,Depot B,SKU-358,14,Invalid,Product A,Active
01-06-2025,Depot B,SKU-359,20,Invalid,Product A,Not Active
01-06-2025,Depot B,SKU-360,117,Invalid,Product A,Active
01-06-2025,Depot B,SKU-361,65,Invalid,Product A,Not Active
01-06-2025,Depot B,SKU-362,27,Invalid,Product A,Not Active
01-06-2025,Depot B,SKU-363,5,Invalid,Product A,Not Active
01-06-2025,Depot B,SKU-520,37,Invalid,Product A,Not Active
01-06-2025,Depot B,SKU-364,175,Invalid,Product A,Not Active
01-06-2025,Depot B,SKU-365,10,Invalid,Product A,Not Active
01-06-2025,Depot B,SKU-521,41,Invalid,Product A,Active
01-06-2025,Depot B,SKU-366,21,Invalid,Product A,Not Active
01-06-2025,Depot B,SKU-367,11,Invalid,Product A,Not Active
01-06-2025,Depot B,SKU-522,10,Invalid,Product A,Not Active
01-06-2025,Depot B,SKU-369,6,Invalid,Product A,Not Active
01-06-2025,Depot B,SKU-523,20,Invalid,Product A,Not Active
01-06-2025,Depot B,SKU-370,20,Invalid,Product A,Active
01-06-2025,Depot B,SKU-371,4,Invalid,Product A,Not Active
01-06-2025,Depot B,SKU-524,27,Invalid,Product A,Active
01-06-2025,Depot B,SKU-372,17,Invalid,Product A,Not Active
01-06-2025,Depot B,SKU-373,123,Invalid,Product A,Active
01-06-2025,Depot B,SKU-376,14,Invalid,Product A,Not Active
01-06-2025,Depot B,SKU-377,13,Invalid,Product A,Not Active
01-06-2025,Depot B,SKU-525,130,Invalid,Product A,Not Active
01-06-2025,Depot B,SKU-526,18,Invalid,Product A,Not Active
01-06-2025,Depot B,SKU-527,14,Invalid,Product A,Not Active
01-06-2025,Depot B,SKU-528,131,Invalid,Product A,Not Active
01-06-2025,Depot B,SKU-529,44,Invalid,Product A,Not Active
01-06-2025,Depot B,SKU-530,95,Invalid,Product A,Not Active
01-06-2025,Depot B,SKU-531,130,Invalid,Product A,Not Active
01-06-2025,Depot B,SKU-532,18,Invalid,Product A,Not Active
01-06-2025,Depot B,SKU-533,14,Invalid,Product A,Not Active
01-06-2025,Depot B,SKU-534,131,Invalid,Product A,Not Active
01-06-2025,Depot B,SKU-535,26,Invalid,Product A,Not Active
01-06-2025,Depot B,SKU-536,95,Invalid,Product A,Not Active
01-06-2025,Depot B,SKU-261,64,Invalid,Product A,Active
01-06-2025,Depot B,SKU-237,104,Invalid,Product A,Active
01-06-2025,Depot B,SKU-209,45,Invalid,Product A,Active
01-06-2025,Depot B,SKU-238,41,Invalid,Product A,Active
01-06-2025,Depot B,SKU-254,15,Invalid,Product A,Active
01-06-2025,Depot B,SKU-262,22,Invalid,Product A,Active
01-06-2025,Depot B,SKU-537,42,Invalid,Product A,Active
01-06-2025,Depot B,SKU-210,16,Invalid,Product A,Active
01-06-2025,Depot B,SKU-270,20,Invalid,Product A,Active
01-06-2025,Depot B,SKU-538,20,Invalid,Product A,Active
01-06-2025,Depot B,SKU-378,96,Invalid,Product A,Active
01-06-2025,Depot B,SKU-160,194,Invalid,Product A,Active
01-06-2025,Depot B,SKU-255,841,Invalid,Product A,Active
01-06-2025,Depot B,SKU-271,2,Invalid,Product A,Active
01-06-2025,Depot B,SKU-230,125,Invalid,Product A,Active
01-06-2025,Depot B,SKU-539,65,Invalid,Product A,Active
01-06-2025,Depot B,SKU-540,33,Invalid,Product A,Active
01-06-2025,Depot B,SKU-379,254,Invalid,Product A,Not Active
01-06-2025,Depot B,SKU-541,10934,Invalid,Product A,Active
01-06-2025,Depot B,SKU-380,53,Invalid,Product A,Not Active
01-06-2025,Depot B,SKU-542,181,Invalid,Product A,Not Active
01-06-2025,Depot B,SKU-543,20,Invalid,Product A,Not Active
01-06-2025,Depot B,SKU-544,62,Invalid,Product A,Active
01-06-2025,Depot B,SKU-545,121,Invalid,Product A,Not Active
01-06-2025,Depot B,SKU-381,515,Invalid,Product A,Not Active
01-06-2025,Depot B,SKU-546,135,Invalid,Product A,Active
01-06-2025,Depot B,SKU-547,10,Invalid,Product A,Not Active
01-06-2025,Depot B,SKU-382,29,Invalid,Product A,Active
01-06-2025,Depot B,SKU-548,33,Invalid,Product A,Active
01-06-2025,Depot B,SKU-549,45,Invalid,Product A,Active
01-06-2025,Depot B,SKU-383,26,Invalid,Product A,Active
01-06-2025,Depot B,SKU-550,19,Invalid,Product A,Active
01-06-2025,Depot B,SKU-224,47,Invalid,Product A,Active
01-06-2025,Depot B,SKU-161,20,Invalid,Product A,Active
01-06-2025,Depot B,SKU-162,22,Invalid,Product A,Active
01-06-2025,Depot B,SKU-163,5,Invalid,Product A,Active
01-06-2025,Depot B,SKU-551,30,Invalid,Product A,Active
01-06-2025,Depot B,SKU-256,97,Invalid,Product A,Active
01-06-2025,Depot B,SKU-552,32,Invalid,Product A,Active
01-06-2025,Depot B,SKU-553,13,Invalid,Product A,Not Active
01-06-2025,Depot B,SKU-554,20,Invalid,Product A,Active
01-06-2025,Depot B,SKU-555,20,Invalid,Product A,Active
01-06-2025,Depot B,SKU-211,105,Invalid,Product A,Not Active
01-06-2025,Depot B,SKU-164,660,Invalid,Product A,Active
01-06-2025,Depot B,SKU-556,10,Invalid,Product A,Active
01-06-2025,Depot B,SKU-557,20,Invalid,Product A,Active
01-06-2025,Depot B,SKU-212,162,Invalid,Product A,Active
01-06-2025,Depot B,SKU-284,79,Invalid,Product A,Not Active
01-06-2025,Depot B,SKU-165,53,Invalid,Product A,Active
01-06-2025,Depot B,SKU-558,21,Invalid,Product A,Active
01-06-2025,Depot B,SKU-559,23,Invalid,Product A,Active
01-06-2025,Depot B,SKU-560,67,Invalid,Product A,Not Active
01-06-2025,Depot B,SKU-166,97,Invalid,Product A,Active
01-06-2025,Depot B,SKU-561,10,Invalid,Product A,Active
01-06-2025,Depot B,SKU-562,20,Invalid,Product A,Active
01-06-2025,Depot B,SKU-213,42,Invalid,Product A,Not Active
01-06-2025,Depot B,SKU-167,96,Invalid,Product A,Active
01-06-2025,Depot B,SKU-214,67,Invalid,Product A,Not Active
01-06-2025,Depot B,SKU-563,10,Invalid,Product A,Active
01-06-2025,Depot B,SKU-564,23,Invalid,Product A,Active
01-06-2025,Depot B,SKU-565,25,Invalid,Product A,Active
01-06-2025,Depot B,SKU-566,10,Invalid,Product A,Active
01-06-2025,Depot B,SKU-567,20,Invalid,Product A,Active
01-06-2025,Depot B,SKU-568,10,Invalid,Product A,Active
01-06-2025,Depot B,SKU-569,21,Invalid,Product A,Active
01-06-2025,Depot B,SKU-215,10,Invalid,Product A,Active
01-06-2025,Depot B,SKU-216,22,Invalid,Product A,Not Active
01-06-2025,Depot B,SKU-169,8,Invalid,Product A,Active
01-06-2025,Depot B,SKU-570,65,Invalid,Product A,Active
01-06-2025,Depot B,SKU-257,59,Invalid,Product A,Active
01-06-2025,Depot B,SKU-571,2,Invalid,Product A,Not Active
01-06-2025,Depot B,SKU-572,42,Invalid,Product A,Not Active
01-06-2025,Depot B,SKU-217,28,Invalid,Product A,Active
01-06-2025,Depot B,SKU-233,117,Invalid,Product A,Active
01-06-2025,Depot B,SKU-388,614,Invalid,Product A,Active
01-06-2025,Depot B,SKU-035,19,Invalid,Product A,Active
01-06-2025,Depot B,SKU-036,3,Invalid,Product A,Active
01-06-2025,Depot B,SKU-218,281,Invalid,Product A,Active
01-06-2025,Depot B,SKU-046,76,Invalid,Product A,Not Active
01-06-2025,Depot B,SKU-573,981,Invalid,Product A,Not Active
01-06-2025,Depot B,SKU-574,3279,Invalid,Product A,Not Active
01-06-2025,Depot B,SKU-575,23,Invalid,Product A,Not Active
01-06-2025,Depot B,SKU-576,2973,Invalid,Product A,Not Active
01-06-2025,Depot B,SKU-577,769,Invalid,Product A,Not Active
01-06-2025,Depot B,SKU-055,96,Invalid,Product A,Not Active
01-06-2025,Depot B,SKU-171,67,Invalid,Product A,Not Active
01-06-2025,Depot B,SKU-172,79,Invalid,Product A,Not Active
01-06-2025,Depot B,SKU-173,46,Invalid,Product A,Not Active
01-06-2025,Depot B,SKU-174,92,Invalid,Product A,Not Active
01-06-2025,Depot B,SKU-175,74,Invalid,Product A,Not Active
01-06-2025,Depot B,SKU-176,89,Invalid,Product A,Not Active
01-06-2025,Depot B,SKU-177,50,Invalid,Product A,Not Active
01-06-2025,Depot B,SKU-178,23,Invalid,Product A,Not Active
01-06-2025,Depot B,SKU-578,1235,Invalid,Product A,Active
01-06-2025,Depot B,SKU-579,51,Invalid,Product A,Active
01-06-2025,Depot B,SKU-580,110,Invalid,Product A,Active
01-06-2025,Depot B,SKU-581,13,Invalid,Product A,Active
01-06-2025,Depot B,SKU-582,53,Invalid,Product A,Active
01-06-2025,Depot B,SKU-583,4,Invalid,Product A,Active
01-06-2025,Depot B,SKU-584,259,Invalid,Product A,Active
01-06-2025,Depot B,SKU-585,20,Invalid,Product A,Active
01-06-2025,Depot B,SKU-586,23,Invalid,Product A,Not Active
01-06-2025,Depot B,SKU-587,362,Invalid,Product A,Active
01-06-2025,Depot B,SKU-588,213,Invalid,Product A,Active
01-06-2025,Depot B,SKU-589,37,Invalid,Product A,Active
01-06-2025,Depot B,SKU-590,280,Invalid,Product A,Active
01-06-2025,Depot B,SKU-591,99,Invalid,Product A,Active
01-06-2025,Depot B,SKU-592,20,Invalid,Product A,Active
01-06-2025,Depot B,SKU-593,324,Invalid,Product A,Active
01-06-2025,Depot B,SKU-594,190,Invalid,Product A,Active
01-06-2025,Depot B,SKU-595,49,Invalid,Product A,Active
01-06-2025,Depot B,SKU-596,82,Invalid,Product A,Active
01-06-2025,Depot B,SKU-597,7,Invalid,Product A,Active
01-06-2025,Depot B,SKU-598,42,Invalid,Product A,Active
01-06-2025,Depot B,SKU-599,61,Invalid,Product A,Active
01-06-2025,Depot B,SKU-600,9,Invalid,Product A,Active
01-06-2025,Depot B,SKU-601,10,Invalid,Product A,Active
01-06-2025,Depot B,SKU-602,10,Invalid,Product A,Active
01-06-2025,Depot B,SKU-603,12,Invalid,Product A,Active
01-06-2025,Depot B,SKU-604,14,Invalid,Product A,Active
01-06-2025,Depot B,SKU-605,20,Invalid,Product A,Active
01-06-2025,Depot B,SKU-606,10,Invalid,Product A,Active
01-06-2025,Depot B,SKU-607,10,Invalid,Product A,Active
01-06-2025,Depot B,SKU-608,18,Invalid,Product A,Active
01-06-2025,Depot B,SKU-179,854,Invalid,Product A,Active
01-06-2025,Depot B,SKU-285,144,Invalid,Product A,Active
01-06-2025,Depot B,SKU-609,54,Invalid,Product A,Active
01-06-2025,Depot B,SKU-610,1,Invalid,Product A,Active
01-06-2025,Depot B,SKU-611,1,Invalid,Product A,Active
01-06-2025,Depot B,SKU-612,39,Invalid,Product A,Active
01-06-2025,Depot B,SKU-613,30,Invalid,Product A,Active
01-06-2025,Depot B,SKU-287,169,Invalid,Product A,Active
01-06-2025,Depot B,SKU-614,150,Invalid,Product A,Not Active
01-06-2025,Depot B,SKU-615,3,Invalid,Product A,Active
01-06-2025,Depot B,SKU-616,30,Invalid,Product A,Active
01-06-2025,Depot B,SKU-617,10,Invalid,Product A,Active
01-06-2025,Depot B,SKU-618,113,Invalid,Product A,Active
01-06-2025,Depot B,SKU-288,112,Invalid,Product A,Active
01-06-2025,Depot B,SKU-619,23,Invalid,Product A,Active
01-06-2025,Depot B,SKU-620,40,Invalid,Product A,Active
01-06-2025,Depot B,SKU-621,16,Invalid,Product A,Active
01-06-2025,Depot B,SKU-622,34,Invalid,Product A,Active
01-06-2025,Depot B,SKU-623,432,Invalid,Product A,Active
01-06-2025,Depot B,SKU-624,78,Invalid,Product A,Active
01-06-2025,Depot B,SKU-625,10,Invalid,Product A,Active
01-06-2025,Depot B,SKU-626,29,Invalid,Product A,Active
01-06-2025,Depot B,SKU-627,11,Invalid,Product A,Active
01-06-2025,Depot B,SKU-628,1,Invalid,Product A,Active
01-06-2025,Depot B,SKU-629,13,Invalid,Product A,Active
01-06-2025,Depot B,SKU-630,55,Invalid,Product A,Active
01-06-2025,Depot B,SKU-631,57,Invalid,Product A,Active
01-06-2025,Depot B,SKU-632,7,Invalid,Product A,Active
01-06-2025,Depot B,SKU-633,49,Invalid,Product A,Active
01-06-2025,Depot B,SKU-634,47,Invalid,Product A,Active
01-06-2025,Depot B,SKU-635,80,Invalid,Product A,Active
01-06-2025,Depot B,SKU-636,11,Invalid,Product A,Active
01-06-2025,Depot B,SKU-637,20,Invalid,Product A,Active
01-06-2025,Depot B,SKU-638,12,Invalid,Product A,Active
01-06-2025,Depot B,SKU-639,659,Invalid,Product A,Active
01-06-2025,Depot B,SKU-640,38,Invalid,Product A,Active
01-06-2025,Depot B,SKU-641,2212,Invalid,Product A,Active
01-06-2025,Depot B,SKU-642,1,Invalid,Product A,Active
01-06-2025,Depot B,SKU-643,51,Invalid,Product A,Active
01-06-2025,Depot B,SKU-644,13,Invalid,Product A,Active
01-06-2025,Depot B,SKU-645,160,Invalid,Product A,Active
01-06-2025,Depot B,SKU-646,1,Invalid,Product A,Active
01-06-2025,Depot B,SKU-647,680,Invalid,Product A,Active
01-06-2025,Depot B,SKU-648,7,Invalid,Product A,Active
01-06-2025,Depot B,SKU-649,132,Invalid,Product A,Active
01-06-2025,Depot B,SKU-650,8,Invalid,Product A,Active
01-06-2025,Depot B,SKU-651,2,Invalid,Product A,Active
01-06-2025,Depot B,SKU-652,472,Invalid,Product A,Active
01-06-2025,Depot B,SKU-289,5,Invalid,Product A,Active
01-06-2025,Depot B,SKU-653,98,Invalid,Product A,Active
01-06-2025,Depot B,SKU-654,6,Invalid,Product A,Active
01-06-2025,Depot B,SKU-655,2,Invalid,Product A,Active
01-06-2025,Depot B,SKU-656,289,Invalid,Product A,Active
01-06-2025,Depot B,SKU-657,8,Invalid,Product A,Active
01-06-2025,Depot B,SKU-658,4,Invalid,Product A,Active
01-06-2025,Depot B,SKU-659,23,Invalid,Product A,Active
01-06-2025,Depot B,SKU-660,15,Invalid,Product A,Active
01-06-2025,Depot B,SKU-661,25,Invalid,Product A,Active
01-06-2025,Depot B,SKU-662,16,Invalid,Product A,Active
01-06-2025,Depot B,SKU-663,17,Invalid,Product A,Active
01-06-2025,Depot B,SKU-664,103,Invalid,Product A,Active
01-06-2025,Depot B,SKU-665,1,Invalid,Product A,Active
01-06-2025,Depot B,SKU-666,1,Invalid,Product A,Active
01-06-2025,Depot B,SKU-667,12,Invalid,Product A,Active
01-06-2025,Depot B,SKU-668,25,Invalid,Product A,Active
01-06-2025,Depot B,SKU-669,13,Invalid,Product A,Active
01-06-2025,Depot B,SKU-670,17,Invalid,Product A,Active
01-06-2025,Depot B,SKU-671,5,Invalid,Product A,Active
01-06-2025,Depot B,SKU-672,14,Invalid,Product A,Active
01-06-2025,Depot B,SKU-673,15,Invalid,Product A,Active
01-06-2025,Depot B,SKU-674,14,Invalid,Product A,Active
01-06-2025,Depot B,SKU-180,3242,Invalid,Product A,Active
01-06-2025,Depot B,SKU-392,450,Invalid,Product A,Active
01-06-2025,Depot B,SKU-675,504,Invalid,Product A,Active
01-06-2025,Depot B,SKU-676,78,Invalid,Product A,Active
01-06-2025,Depot B,SKU-677,40,Invalid,Product A,Active
01-06-2025,Depot B,SKU-678,388,Invalid,Product A,Active
01-06-2025,Depot B,SKU-679,18,Invalid,Product A,Active
01-06-2025,Depot B,SKU-680,54,Invalid,Product A,Active
01-06-2025,Depot B,SKU-681,40,Invalid,Product A,Not Active
01-06-2025,Depot B,SKU-682,101,Invalid,Product A,Not Active
01-06-2025,Depot B,SKU-683,23,Invalid,Product A,Active
01-06-2025,Depot B,SKU-684,102,Invalid,Product A,Active
01-06-2025,Depot B,SKU-685,20,Invalid,Product A,Active
01-06-2025,Depot B,SKU-686,1049,Invalid,Product A,Active
01-06-2025,Depot B,SKU-687,60,Invalid,Product A,Active
01-06-2025,Depot B,SKU-394,20,Invalid,Product A,Active
01-06-2025,Depot B,SKU-688,50,Invalid,Product A,Active
01-06-2025,Depot B,SKU-181,247,Invalid,Product A,Active
01-06-2025,Depot B,SKU-689,1,Invalid,Product A,Active
01-06-2025,Depot B,SKU-690,61,Invalid,Product A,Active
01-06-2025,Depot B,SKU-182,32,Invalid,Product A,Active
01-06-2025,Depot B,SKU-318,609,Invalid,Product A,Active
01-06-2025,Depot B,SKU-691,20,Invalid,Product A,Active
01-06-2025,Depot B,SKU-692,10,Invalid,Product A,Active
01-06-2025,Depot B,SKU-693,16,Invalid,Product A,Active
01-06-2025,Depot B,SKU-694,451,Invalid,Product A,Active
01-06-2025,Depot B,SKU-695,93,Invalid,Product A,Active
01-06-2025,Depot B,SKU-696,221,Invalid,Product A,Active
01-06-2025,Depot B,SKU-697,79,Invalid,Product A,Active
01-06-2025,Depot B,SKU-698,12,Invalid,Product A,Active
01-06-2025,Depot B,SKU-699,543,Invalid,Product A,Active
01-06-2025,Depot B,SKU-700,10,Invalid,Product A,Not Active
01-06-2025,Depot B,SKU-701,108,Invalid,Product A,Not Active
01-06-2025,Depot B,SKU-702,40,Invalid,Product A,Not Active
01-06-2025,Depot B,SKU-703,10,Invalid,Product A,Active
01-06-2025,Depot B,SKU-704,16,Invalid,Product A,Active
01-06-2025,Depot B,SKU-705,10,Invalid,Product A,Active
01-06-2025,Depot B,SKU-706,5023,Invalid,Product A,Active
01-06-2025,Depot B,SKU-707,3,Invalid,Product A,Active
01-06-2025,Depot B,SKU-708,20,Invalid,Product A,Active
01-06-2025,Depot B,SKU-709,18,Invalid,Product A,Active
01-06-2025,Depot B,SKU-710,41,Invalid,Product A,Not Active
01-06-2025,Depot B,SKU-711,312,Invalid,Product A,Not Active
01-06-2025,Depot B,SKU-396,516,Invalid,Product A,Not Active
01-06-2025,Depot B,SKU-397,201,Invalid,Product A,Active
01-06-2025,Depot B,SKU-398,456,Invalid,Product A,Not Active
01-06-2025,Depot B,SKU-712,514,Invalid,Product A,Active
01-06-2025,Depot B,SKU-713,2693,Invalid,Product A,Not Active
01-06-2025,Depot B,SKU-399,24424,Invalid,Product A,Active
01-06-2025,Depot B,SKU-714,10,Invalid,Product A,Not Active
01-06-2025,Depot B,SKU-183,563,Invalid,Product A,Active
01-06-2025,Depot B,SKU-715,10,Invalid,Product A,Not Active
01-06-2025,Depot B,SKU-319,141,Invalid,Product A,Active
01-06-2025,Depot B,SKU-716,982,Invalid,Product A,Not Active
01-06-2025,Depot B,SKU-717,19,Invalid,Product A,Not Active
01-06-2025,Depot B,SKU-718,96,Invalid,Product A,Not Active
01-06-2025,Depot B,SKU-719,1563,Invalid,Product A,Not Active
01-06-2025,Depot B,SKU-184,23,Invalid,Product A,Active
01-06-2025,Depot B,SKU-320,139,Invalid,Product A,Active
01-06-2025,Depot B,SKU-720,9,Invalid,Product A,Active
01-06-2025,Depot B,SKU-721,96,Invalid,Product A,Active
01-06-2025,Depot B,SKU-722,15,Invalid,Product A,Active
01-06-2025,Depot B,SKU-723,6,Invalid,Product A,Active
01-06-2025,Depot B,SKU-724,38,Invalid,Product A,Active
01-06-2025,Depot B,SKU-725,131,Invalid,Product A,Active
01-06-2025,Depot B,SKU-726,7,Invalid,Product A,Active
01-06-2025,Depot B,SKU-400,11,Invalid,Product A,Active
01-06-2025,Depot B,SKU-727,10,Invalid,Product A,Active
01-06-2025,Depot B,SKU-728,17,Invalid,Product A,Active
01-06-2025,Depot B,SKU-729,10,Invalid,Product A,Active
01-06-2025,Depot B,SKU-730,58,Invalid,Product A,Active
01-06-2025,Depot B,SKU-731,66,Invalid,Product A,Active
01-06-2025,Depot B,SKU-732,21,Invalid,Product A,Active
01-06-2025,Depot B,SKU-185,15,Invalid,Product A,Active
01-06-2025,Depot B,SKU-733,53,Invalid,Product A,Active
01-06-2025,Depot B,SKU-734,96,Invalid,Product A,Active
01-06-2025,Depot B,SKU-186,44,Invalid,Product A,Active
01-06-2025,Depot B,SKU-187,22,Invalid,Product A,Active
01-06-2025,Depot B,SKU-188,26,Invalid,Product A,Active
01-06-2025,Depot B,SKU-189,52,Invalid,Product A,Active
01-06-2025,Depot B,SKU-321,1,Invalid,Product A,Active
01-06-2025,Depot B,SKU-190,15,Invalid,Product A,Active
01-06-2025,Depot B,SKU-735,2,Invalid,Product A,Active
01-06-2025,Depot B,SKU-191,33,Invalid,Product A,Active
01-06-2025,Depot B,SKU-736,62,Invalid,Product A,Active
01-06-2025,Depot B,SKU-737,23,Invalid,Product A,Active
01-06-2025,Depot B,SKU-738,20,Invalid,Product A,Active
01-06-2025,Depot B,SKU-404,148,Invalid,Product A,Active
01-06-2025,Depot B,SKU-739,20,Invalid,Product A,Active
01-06-2025,Depot B,SKU-740,143,Invalid,Product A,Active
01-06-2025,Depot B,SKU-741,20,Invalid,Product A,Active
01-06-2025,Depot B,SKU-405,71,Invalid,Product A,Active
01-06-2025,Depot B,SKU-742,78,Invalid,Product A,Active
01-06-2025,Depot B,SKU-743,978,Invalid,Product A,Active
01-06-2025,Depot B,SKU-744,187,Invalid,Product A,Active
01-06-2025,Depot B,SKU-745,20,Invalid,Product A,Active
01-06-2025,Depot B,SKU-746,731,Invalid,Product A,Active
01-06-2025,Depot B,SKU-407,11,Invalid,Product A,Active
01-06-2025,Depot B,SKU-408,20,Invalid,Product A,Not Active
01-06-2025,Depot B,SKU-747,806,Invalid,Product A,Active
01-06-2025,Depot B,SKU-748,3,Invalid,Product A,Active
01-06-2025,Depot B,SKU-749,25,Invalid,Product A,Active
01-06-2025,Depot B,SKU-750,20,Invalid,Product A,Active
01-06-2025,Depot B,SKU-751,33,Invalid,Product A,Active
01-06-2025,Depot B,SKU-409,20,Invalid,Product A,Not Active
01-06-2025,Depot B,SKU-752,49,Invalid,Product A,Active
01-06-2025,Depot B,SKU-753,34,Invalid,Product A,Active
01-06-2025,Depot B,SKU-410,10,Invalid,Product A,Active
01-06-2025,Depot B,SKU-754,10,Invalid,Product A,Active
01-06-2025,Depot B,SKU-755,501,Invalid,Product A,Active
01-06-2025,Depot B,SKU-411,10,Invalid,Product A,Active
01-06-2025,Depot B,SKU-756,1,Invalid,Product A,Active
01-06-2025,Depot B,SKU-757,10,Invalid,Product A,Active
01-06-2025,Depot B,SKU-758,2,Invalid,Product A,Active
01-06-2025,Depot B,SKU-322,16,Invalid,Product A,Active
01-06-2025,Depot B,SKU-412,49,Invalid,Product A,Active
01-06-2025,Depot B,SKU-759,2,Invalid,Product A,Active
01-06-2025,Depot B,SKU-760,24,Invalid,Product A,Active
01-06-2025,Depot B,SKU-761,1420,Invalid,Product A,Active
01-06-2025,Depot B,SKU-762,10,Invalid,Product A,Active
01-06-2025,Depot B,SKU-192,356,Invalid,Product A,Active
01-06-2025,Depot B,SKU-413,495,Invalid,Product A,Active
01-06-2025,Depot B,SKU-763,21,Invalid,Product A,Active
01-06-2025,Depot B,SKU-764,21,Invalid,Product A,Active
01-06-2025,Depot B,SKU-765,5,Invalid,Product A,Active
01-06-2025,Depot B,SKU-193,30,Invalid,Product A,Active
01-06-2025,Depot B,SKU-414,32,Invalid,Product A,Active
01-06-2025,Depot B,SKU-766,10,Invalid,Product A,Active
01-06-2025,Depot B,SKU-767,4,Invalid,Product A,Active
01-06-2025,Depot B,SKU-768,28,Invalid,Product A,Active
01-06-2025,Depot B,SKU-415,1,Invalid,Product A,Active
01-06-2025,Depot B,SKU-769,95,Invalid,Product A,Active
01-06-2025,Depot B,SKU-416,11,Invalid,Product A,Active
01-06-2025,Depot B,SKU-770,6,Invalid,Product A,Active
01-06-2025,Depot B,SKU-771,5,Invalid,Product A,Active
01-06-2025,Depot B,SKU-772,5,Invalid,Product A,Active
01-06-2025,Depot B,SKU-773,40,Invalid,Product A,Active
01-06-2025,Depot B,SKU-774,20,Invalid,Product A,Active
01-06-2025,Depot B,SKU-775,30,Invalid,Product A,Not Active
01-06-2025,Depot B,SKU-776,1499,Invalid,Product A,Active
01-06-2025,Depot B,SKU-777,13,Invalid,Product A,Active
01-06-2025,Depot B,SKU-778,71,Invalid,Product A,Active
01-06-2025,Depot B,SKU-779,9,Invalid,Product A,Active
01-06-2025,Depot B,SKU-418,149,Invalid,Product A,Active
01-06-2025,Depot B,SKU-780,30,Invalid,Product A,Active
01-06-2025,Depot B,SKU-781,13,Invalid,Product A,Active
01-06-2025,Depot B,SKU-421,26,Invalid,Product A,Active
01-06-2025,Depot B,SKU-423,6,Invalid,Product A,Active
01-06-2025,Depot B,SKU-323,10,Invalid,Product A,Active
01-06-2025,Depot B,SKU-782,40,Invalid,Product A,Active
01-06-2025,Depot B,SKU-783,2,Invalid,Product A,Not Active
01-06-2025,Depot B,SKU-784,4,Invalid,Product A,Not Active
01-06-2025,Depot B,SKU-785,0,Invalid,Product A,Not Active
01-06-2025,Depot B,SKU-786,8,Invalid,Product A,Active
01-06-2025,Depot B,SKU-428,5,Invalid,Product A,Active
01-06-2025,Depot B,SKU-430,1,Invalid,Product A,Active
01-06-2025,Depot B,SKU-787,40,Invalid,Product A,Active
01-06-2025,Depot B,SKU-788,14,Invalid,Product A,Active
01-06-2025,Depot B,SKU-789,6,Invalid,Product A,Not Active
01-06-2025,Depot B,SKU-790,1,Invalid,Product A,Active
01-06-2025,Depot B,SKU-434,10,Invalid,Product A,Active
01-06-2025,Depot B,SKU-436,10,Invalid,Product A,Active
01-06-2025,Depot B,SKU-324,34,Invalid,Product A,Active
01-06-2025,Depot B,SKU-791,5,Invalid,Product A,Active
01-06-2025,Depot B,SKU-792,2,Invalid,Product A,Not Active
01-06-2025,Depot B,SKU-793,4,Invalid,Product A,Not Active
01-06-2025,Depot B,SKU-794,1,Invalid,Product A,Not Active
01-06-2025,Depot B,SKU-795,15,Invalid,Product A,Active
01-06-2025,Depot B,SKU-440,9,Invalid,Product A,Active
01-06-2025,Depot B,SKU-442,16,Invalid,Product A,Active
01-06-2025,Depot B,SKU-325,28,Invalid,Product A,Active
01-06-2025,Depot B,SKU-272,52,Invalid,Product A,Active
01-06-2025,Depot B,SKU-796,6,Invalid,Product A,Not Active
01-06-2025,Depot B,SKU-797,3,Invalid,Product A,Not Active
01-06-2025,Depot B,SKU-798,3,Invalid,Product A,Not Active
01-06-2025,Depot B,SKU-445,3,Invalid,Product A,Active
01-06-2025,Depot B,SKU-799,1,Invalid,Product A,Active
01-06-2025,Depot B,SKU-448,18,Invalid,Product A,Active
01-06-2025,Depot B,SKU-326,20,Invalid,Product A,Active
01-06-2025,Depot B,SKU-273,44,Invalid,Product A,Active
01-06-2025,Depot B,SKU-800,11,Invalid,Product A,Not Active
01-06-2025,Depot B,SKU-801,3,Invalid,Product A,Not Active
01-06-2025,Depot B,SKU-802,2,Invalid,Product A,Not Active
01-06-2025,Depot B,SKU-803,1,Invalid,Product A,Active
01-06-2025,Depot B,SKU-452,6,Invalid,Product A,Active
01-06-2025,Depot B,SKU-804,1,Invalid,Product A,Active
01-06-2025,Depot B,SKU-805,6,Invalid,Product A,Active
01-06-2025,Depot B,SKU-806,1,Invalid,Product A,Not Active
01-06-2025,Depot B,SKU-807,1,Invalid,Product A,Not Active
01-06-2025,Depot B,SKU-808,1,Invalid,Product A,Active
01-06-2025,Depot B,SKU-454,7,Invalid,Product A,Active
01-06-2025,Depot B,SKU-809,2,Invalid,Product A,Active
01-06-2025,Depot B,SKU-327,26,Invalid,Product A,Active
01-06-2025,Depot B,SKU-274,114,Invalid,Product A,Active
01-06-2025,Depot B,SKU-810,2,Invalid,Product A,Not Active
01-06-2025,Depot B,SKU-811,4,Invalid,Product A,Not Active
01-06-2025,Depot B,SKU-812,27,Invalid,Product A,Active
01-06-2025,Depot B,SKU-813,30,Invalid,Product A,Active
01-06-2025,Depot B,SKU-814,8,Invalid,Product A,Active
01-06-2025,Depot B,SKU-456,1,Invalid,Product A,Active
01-06-2025,Depot B,SKU-815,35,Invalid,Product A,Active
01-06-2025,Depot B,SKU-457,3,Invalid,Product A,Active
01-06-2025,Depot B,SKU-816,6,Invalid,Product A,Active
01-06-2025,Depot B,SKU-458,4,Invalid,Product A,Active
01-06-2025,Depot B,SKU-817,8,Invalid,Product A,Active
01-06-2025,Depot B,SKU-459,16,Invalid,Product A,Active
01-06-2025,Depot B,SKU-818,5,Invalid,Product A,Active
01-06-2025,Depot B,SKU-819,1,Invalid,Product A,Active
01-06-2025,Depot B,SKU-820,9,Invalid,Product A,Active
01-06-2025,Depot B,SKU-460,12,Invalid,Product A,Active
01-06-2025,Depot B,SKU-821,6,Invalid,Product A,Active
01-06-2025,Depot B,SKU-461,1,Invalid,Product A,Active
01-06-2025,Depot B,SKU-822,8,Invalid,Product A,Active
01-06-2025,Depot B,SKU-823,9,Invalid,Product A,Active
01-06-2025,Depot B,SKU-463,10,Invalid,Product A,Active
01-06-2025,Depot B,SKU-824,5,Invalid,Product A,Active
01-06-2025,Depot B,SKU-464,1,Invalid,Product A,Active
01-06-2025,Depot B,SKU-465,1,Invalid,Product A,Active
01-06-2025,Depot B,SKU-825,3,Invalid,Product A,Active
01-06-2025,Depot B,SKU-826,3,Invalid,Product A,Active
01-06-2025,Depot B,SKU-827,8,Invalid,Product A,Active
01-06-2025,Depot B,SKU-828,6,Invalid,Product A,Active
01-06-2025,Depot B,SKU-466,10,Invalid,Product A,Active
01-06-2025,Depot B,SKU-829,8,Invalid,Product A,Active
01-06-2025,Depot B,SKU-830,3,Invalid,Product A,Active
01-06-2025,Depot B,SKU-831,1,Invalid,Product A,Active
01-06-2025,Depot B,SKU-832,5,Invalid,Product A,Active
01-06-2025,Depot B,SKU-833,10,Invalid,Product A,Active
01-06-2025,Depot B,SKU-290,16,Invalid,Product A,Active
01-06-2025,Depot B,SKU-468,77,Invalid,Product A,Active
01-06-2025,Depot B,SKU-275,20,Invalid,Product A,Active
01-06-2025,Depot B,SKU-194,34,Invalid,Product A,Active
01-06-2025,Depot B,SKU-195,380,Invalid,Product A,Active
01-06-2025,Depot B,SKU-469,19,Invalid,Product A,Active
01-06-2025,Depot B,SKU-328,27,Invalid,Product A,Active
01-06-2025,Depot B,SKU-196,52,Invalid,Product A,Active
01-06-2025,Depot B,SKU-834,51,Invalid,Product A,Active
01-06-2025,Depot B,SKU-835,8,Invalid,Product A,Active
01-06-2025,Depot B,SKU-836,45,Invalid,Product A,Active
01-06-2025,Depot B,SKU-837,20,Invalid,Product A,Active
01-06-2025,Depot B,SKU-329,39,Invalid,Product A,Active
01-06-2025,Depot B,SKU-838,42,Invalid,Product A,Active
01-06-2025,Depot B,SKU-839,29,Invalid,Product A,Active
01-06-2025,Depot B,SKU-840,9,Invalid,Product A,Active
01-06-2025,Depot B,SKU-291,15,Invalid,Product A,Active
01-06-2025,Depot B,SKU-292,16,Invalid,Product A,Active
01-06-2025,Depot B,SKU-841,16,Invalid,Product A,Active
01-06-2025,Depot B,SKU-263,80,Invalid,Product A,Active
01-06-2025,Depot B,SKU-225,52,Invalid,Product A,Active
01-06-2025,Depot B,SKU-293,8,Invalid,Product A,Active
01-06-2025,Depot B,SKU-234,92,Invalid,Product A,Active
01-06-2025,Depot B,SKU-842,10,Invalid,Product A,Active
01-06-2025,Depot B,SKU-843,125,Invalid,Product A,Active
01-06-2025,Depot B,SKU-259,31,Invalid,Product A,Active
01-06-2025,Depot B,SKU-470,14,Invalid,Product A,Not Active
01-06-2025,Depot B,SKU-471,40,Invalid,Product A,Not Active
01-06-2025,Depot B,SKU-472,234,Invalid,Product A,Not Active
01-06-2025,Depot B,SKU-473,1049,Invalid,Product A,Active
01-06-2025,Depot B,SKU-474,1876,Invalid,Product A,Not Active
01-06-2025,Depot B,SKU-475,15953,Invalid,Product A,Active
01-06-2025,Depot B,SKU-844,131,Invalid,Product A,Not Active
01-06-2025,Depot B,SKU-845,20,Invalid,Product A,Not Active
01-06-2025,Depot B,SKU-846,990,Invalid,Product A,Not Active
01-06-2025,Depot B,SKU-476,129,Invalid,Product A,Not Active
01-06-2025,Depot B,SKU-847,1073,Invalid,Product A,Not Active
01-06-2025,Depot B,SKU-848,51,Invalid,Product A,Active
01-06-2025,Depot B,SKU-849,28,Invalid,Product A,Active
01-06-2025,Depot B,SKU-850,10,Invalid,Product A,Active
01-06-2025,Depot B,SKU-851,56,Invalid,Product A,Active
01-06-2025,Depot B,SKU-852,16,Invalid,Product A,Active
01-06-2025,Depot B,SKU-853,39,Invalid,Product A,Active
01-06-2025,Depot B,SKU-854,38,Invalid,Product A,Active
01-06-2025,Depot B,SKU-855,20,Invalid,Product A,Active
01-06-2025,Depot B,SKU-856,5,Invalid,Product A,Active
01-06-2025,Depot B,SKU-294,140,Invalid,Product A,Active
01-06-2025,Depot B,SKU-857,19,Invalid,Product A,Active
01-06-2025,Depot B,SKU-330,50,Invalid,Product A,Active
01-06-2025,Depot B,SKU-267,66,Invalid,Product A,Active
01-06-2025,Depot B,SKU-268,24,Invalid,Product A,Active
01-06-2025,Depot B,SKU-269,11,Invalid,Product A,Active
01-06-2025,Depot B,SKU-219,35,Invalid,Product A,Active
01-06-2025,Depot B,SKU-260,16,Invalid,Product A,Active
01-06-2025,Depot B,SKU-197,18,Invalid,Product A,Active
01-06-2025,Depot B,SKU-226,10,Invalid,Product A,Active
01-06-2025,Depot B,SKU-198,34,Invalid,Product A,Active
01-06-2025,Depot B,SKU-858,34,Invalid,Product A,Active
01-06-2025,Depot B,SKU-859,72,Invalid,Product A,Active
01-06-2025,Depot B,SKU-860,11,Invalid,Product A,Active
01-06-2025,Depot B,SKU-295,57,Invalid,Product A,Active
01-06-2025,Depot B,SKU-296,7,Invalid,Product A,Active
01-06-2025,Depot B,SKU-297,237,Invalid,Product A,Active
01-06-2025,Depot B,SKU-298,521,Invalid,Product A,Active
01-06-2025,Depot B,SKU-299,1489,Invalid,Product A,Active
01-06-2025,Depot B,SKU-861,20,Invalid,Product A,Active
01-06-2025,Depot B,SKU-300,606,Invalid,Product A,Active
01-06-2025,Depot B,SKU-301,423,Invalid,Product A,Active
01-06-2025,Depot B,SKU-862,10,Invalid,Product A,Active
01-06-2025,Depot B,SKU-302,590,Invalid,Product A,Active
01-06-2025,Depot B,SKU-863,10,Invalid,Product A,Active
01-06-2025,Depot B,SKU-864,23,Invalid,Product A,Active
01-06-2025,Depot B,SKU-303,266,Invalid,Product A,Active
01-06-2025,Depot B,SKU-477,21,Invalid,Product A,Active
01-06-2025,Depot B,SKU-865,28,Invalid,Product A,Active
01-06-2025,Depot B,SKU-304,13,Invalid,Product A,Active
01-06-2025,Depot B,SKU-305,350,Invalid,Product A,Active
01-06-2025,Depot B,SKU-866,65,Invalid,Product A,Active
01-06-2025,Depot B,SKU-867,15,Invalid,Product A,Active
01-06-2025,Depot B,SKU-478,13,Invalid,Product A,Active
01-06-2025,Depot B,SKU-868,442,Invalid,Product A,Active
01-06-2025,Depot B,SKU-306,27,Invalid,Product A,Active
01-06-2025,Depot B,SKU-869,16,Invalid,Product A,Active
01-06-2025,Depot B,SKU-307,43,Invalid,Product A,Active
01-06-2025,Depot B,SKU-479,14,Invalid,Product A,Active
01-06-2025,Depot B,SKU-870,5,Invalid,Product A,Active
01-06-2025,Depot B,SKU-276,20,Invalid,Product A,Active
01-06-2025,Depot B,SKU-871,122,Invalid,Product A,Active
01-06-2025,Depot B,SKU-308,1074,Invalid,Product A,Active
01-06-2025,Depot B,SKU-872,8579,Invalid,Product A,Active
01-06-2025,Depot B,SKU-480,11,Invalid,Product A,Active
01-06-2025,Depot B,SKU-873,19,Invalid,Product A,Active
01-06-2025,Depot B,SKU-277,190,Invalid,Product A,Active
01-06-2025,Depot B,SKU-874,34,Invalid,Product A,Active
01-06-2025,Depot B,SKU-481,347,Invalid,Product A,Active
01-06-2025,Depot B,SKU-278,23,Invalid,Product A,Active
01-06-2025,Depot B,SKU-875,56,Invalid,Product A,Active
01-06-2025,Depot B,SKU-279,11,Invalid,Product A,Active
01-06-2025,Depot B,SKU-876,38,Invalid,Product A,Active
01-06-2025,Depot B,SKU-309,45,Invalid,Product A,Active
01-06-2025,Depot B,SKU-482,10,Invalid,Product A,Active
01-06-2025,Depot B,SKU-877,9,Invalid,Product A,Active
01-06-2025,Depot B,SKU-483,3,Invalid,Product A,Active
01-06-2025,Depot B,SKU-227,7,Invalid,Product A,Active
01-06-2025,Depot B,SKU-878,5,Invalid,Product A,Active
01-06-2025,Depot B,SKU-484,100,Invalid,Product A,Active
01-06-2025,Depot B,SKU-879,16,Invalid,Product A,Active
01-06-2025,Depot B,SKU-880,49,Invalid,Product A,Active
01-06-2025,Depot B,SKU-280,103,Invalid,Product A,Active
01-06-2025,Depot B,SKU-881,7,Invalid,Product A,Active
01-06-2025,Depot B,SKU-310,10,Invalid,Product A,Active
01-06-2025,Depot B,SKU-485,1,Invalid,Product A,Active
01-06-2025,Depot B,SKU-882,9,Invalid,Product A,Active
01-06-2025,Depot B,SKU-311,17,Invalid,Product A,Active
01-06-2025,Depot B,SKU-883,18,Invalid,Product A,Active
01-06-2025,Depot B,SKU-487,3,Invalid,Product A,Active
01-06-2025,Depot B,SKU-884,26,Invalid,Product A,Active
01-06-2025,Depot B,SKU-312,3,Invalid,Product A,Active
01-06-2025,Depot B,SKU-885,7,Invalid,Product A,Active
01-06-2025,Depot B,SKU-488,2,Invalid,Product A,Active
01-06-2025,Depot B,SKU-281,41,Invalid,Product A,Active
01-06-2025,Depot B,SKU-886,66,Invalid,Product A,Active
01-06-2025,Depot B,SKU-313,14,Invalid,Product A,Active
01-06-2025,Depot B,SKU-887,3,Invalid,Product A,Active
01-06-2025,Depot B,SKU-220,24,Invalid,Product A,Active
01-06-2025,Depot B,SKU-888,21,Invalid,Product A,Active
01-06-2025,Depot B,SKU-889,20,Invalid,Product A,Active
01-06-2025,Depot B,SKU-331,246,Invalid,Product A,Active
01-06-2025,Depot B,SKU-890,10,Invalid,Product A,Active
01-06-2025,Depot B,SKU-332,20,Invalid,Product A,Active
01-06-2025,Depot B,SKU-891,19,Invalid,Product A,Active
01-06-2025,Depot B,SKU-333,18,Invalid,Product A,Active
01-06-2025,Depot B,SKU-892,20,Invalid,Product A,Active
01-06-2025,Depot B,SKU-334,41,Invalid,Product A,Active
01-06-2025,Depot B,SKU-893,12,Invalid,Product A,Active
01-06-2025,Depot B,SKU-894,12,Invalid,Product A,Active
01-06-2025,Depot B,SKU-895,69,Invalid,Product A,Active
01-06-2025,Depot B,SKU-896,6,Invalid,Product A,Active
01-06-2025,Depot B,SKU-897,5,Invalid,Product A,Active
01-06-2025,Depot C,SKU-489,54,Invalid,Product A,Not Active
01-06-2025,Depot C,SKU-490,15,Invalid,Product A,Not Active
01-06-2025,Depot C,SKU-491,11,Invalid,Product A,Not Active
01-06-2025,Depot C,SKU-199,17,Invalid,Product A,Active
01-06-2025,Depot C,SKU-241,31,Invalid,Product A,Active
01-06-2025,Depot C,SKU-200,229,Invalid,Product A,Active
01-06-2025,Depot C,SKU-337,4664,Invalid,Product A,Not Active
01-06-2025,Depot C,SKU-338,1014,Invalid,Product A,Not Active
01-06-2025,Depot C,SKU-495,1628,Invalid,Product A,Not Active
01-06-2025,Depot C,SKU-221,321,Invalid,Product A,Active
01-06-2025,Depot C,SKU-002,130,Invalid,Product A,Active
01-06-2025,Depot C,SKU-898,270,Invalid,Product A,Not Active
01-06-2025,Depot C,SKU-496,15,Invalid,Product A,Active
01-06-2025,Depot C,SKU-003,1,Invalid,Product A,Active
01-06-2025,Depot C,SKU-497,184,Invalid,Product A,Active
01-06-2025,Depot C,SKU-499,13,Invalid,Product A,Active
01-06-2025,Depot C,SKU-899,10,Invalid,Product A,Not Active
01-06-2025,Depot C,SKU-339,370,Invalid,Product A,Not Active
01-06-2025,Depot C,SKU-502,182,Invalid,Product A,Active
01-06-2025,Depot C,SKU-202,2431,Invalid,Product A,Active
01-06-2025,Depot C,SKU-503,11,Invalid,Product A,Active
01-06-2025,Depot C,SKU-222,176,Invalid,Product A,Active
01-06-2025,Depot C,SKU-508,11,Invalid,Product A,Not Active
01-06-2025,Depot C,SKU-203,2718,Invalid,Product A,Active
01-06-2025,Depot C,SKU-223,152,Invalid,Product A,Active
01-06-2025,Depot C,SKU-204,5,Invalid,Product A,Active
01-06-2025,Depot C,SKU-900,241,Invalid,Product A,Not Active
01-06-2025,Depot C,SKU-062,1108,Invalid,Product A,Active
01-06-2025,Depot C,SKU-901,61,Invalid,Product A,Not Active
01-06-2025,Depot C,SKU-510,12,Invalid,Product A,Active
01-06-2025,Depot C,SKU-343,6324,Invalid,Product A,Not Active
01-06-2025,Depot C,SKU-511,61,Invalid,Product A,Not Active
01-06-2025,Depot C,SKU-344,16,Invalid,Product A,Not Active
01-06-2025,Depot C,SKU-345,88,Invalid,Product A,Not Active
01-06-2025,Depot C,SKU-346,176,Invalid,Product A,Not Active
01-06-2025,Depot C,SKU-206,3,Invalid,Product A,Active
01-06-2025,Depot C,SKU-207,10,Invalid,Product A,Active
01-06-2025,Depot C,SKU-347,5,Invalid,Product A,Active
01-06-2025,Depot C,SKU-902,3005,Invalid,Product A,Active
01-06-2025,Depot C,SKU-348,2056,Invalid,Product A,Active
01-06-2025,Depot C,SKU-229,1194,Invalid,Product A,Active
01-06-2025,Depot C,SKU-349,40,Invalid,Product A,Active
01-06-2025,Depot C,SKU-208,38,Invalid,Product A,Active
01-06-2025,Depot C,SKU-350,213,Invalid,Product A,Active
01-06-2025,Depot C,SKU-008,1068,Invalid,Product A,Not Active
01-06-2025,Depot C,SKU-009,23782,Invalid,Product A,Not Active
01-06-2025,Depot C,SKU-249,120,Invalid,Product A,Not Active
01-06-2025,Depot C,SKU-231,120,Invalid,Product A,Not Active
01-06-2025,Depot C,SKU-236,23,Invalid,Product A,Not Active
01-06-2025,Depot C,SKU-282,33,Invalid,Product A,Active
01-06-2025,Depot C,SKU-515,95,Invalid,Product A,Not Active
01-06-2025,Depot C,SKU-903,74,Invalid,Product A,Active
01-06-2025,Depot C,SKU-011,205,Invalid,Product A,Active
01-06-2025,Depot C,SKU-517,14,Invalid,Product A,Active
01-06-2025,Depot C,SKU-012,427,Invalid,Product A,Not Active
01-06-2025,Depot C,SKU-013,3021,Invalid,Product A,Not Active
01-06-2025,Depot C,SKU-014,359,Invalid,Product A,Not Active
01-06-2025,Depot C,SKU-251,91,Invalid,Product A,Active
01-06-2025,Depot C,SKU-252,1,Invalid,Product A,Active
01-06-2025,Depot C,SKU-253,106,Invalid,Product A,Active
01-06-2025,Depot C,SKU-904,19,Invalid,Product A,Active
01-06-2025,Depot C,SKU-352,23,Invalid,Product A,Active
01-06-2025,Depot C,SKU-353,6,Invalid,Product A,Active
01-06-2025,Depot C,SKU-354,10,Invalid,Product A,Active
01-06-2025,Depot C,SKU-355,52,Invalid,Product A,Active
01-06-2025,Depot C,SKU-519,1,Invalid,Product A,Active
01-06-2025,Depot C,SKU-358,4,Invalid,Product A,Active
01-06-2025,Depot C,SKU-359,27,Invalid,Product A,Not Active
01-06-2025,Depot C,SKU-360,33,Invalid,Product A,Active
01-06-2025,Depot C,SKU-361,202,Invalid,Product A,Not Active
01-06-2025,Depot C,SKU-362,81,Invalid,Product A,Not Active
01-06-2025,Depot C,SKU-363,7,Invalid,Product A,Not Active
01-06-2025,Depot C,SKU-905,5,Invalid,Product A,Active
01-06-2025,Depot C,SKU-520,14,Invalid,Product A,Not Active
01-06-2025,Depot C,SKU-364,2,Invalid,Product A,Not Active
01-06-2025,Depot C,SKU-365,10,Invalid,Product A,Not Active
01-06-2025,Depot C,SKU-906,5,Invalid,Product A,Not Active
01-06-2025,Depot C,SKU-366,8,Invalid,Product A,Not Active
01-06-2025,Depot C,SKU-367,6,Invalid,Product A,Not Active
01-06-2025,Depot C,SKU-368,59,Invalid,Product A,Active
01-06-2025,Depot C,SKU-522,10,Invalid,Product A,Not Active
01-06-2025,Depot C,SKU-369,37,Invalid,Product A,Not Active
01-06-2025,Depot C,SKU-523,46,Invalid,Product A,Not Active
01-06-2025,Depot C,SKU-370,222,Invalid,Product A,Active
01-06-2025,Depot C,SKU-371,2,Invalid,Product A,Not Active
01-06-2025,Depot C,SKU-524,10,Invalid,Product A,Active
01-06-2025,Depot C,SKU-372,314,Invalid,Product A,Not Active
01-06-2025,Depot C,SKU-373,322,Invalid,Product A,Active
01-06-2025,Depot C,SKU-374,41,Invalid,Product A,Not Active
01-06-2025,Depot C,SKU-261,11,Invalid,Product A,Active
01-06-2025,Depot C,SKU-237,18,Invalid,Product A,Active
01-06-2025,Depot C,SKU-209,3,Invalid,Product A,Active
01-06-2025,Depot C,SKU-238,17,Invalid,Product A,Active
01-06-2025,Depot C,SKU-254,41,Invalid,Product A,Active
01-06-2025,Depot C,SKU-262,5,Invalid,Product A,Active
01-06-2025,Depot C,SKU-907,5,Invalid,Product A,Active
01-06-2025,Depot C,SKU-065,204,Invalid,Product A,Active
01-06-2025,Depot C,SKU-210,49,Invalid,Product A,Active
01-06-2025,Depot C,SKU-270,139,Invalid,Product A,Active
01-06-2025,Depot C,SKU-538,118,Invalid,Product A,Active
01-06-2025,Depot C,SKU-908,22,Invalid,Product A,Active
01-06-2025,Depot C,SKU-255,979,Invalid,Product A,Active
01-06-2025,Depot C,SKU-909,10,Invalid,Product A,Active
01-06-2025,Depot C,SKU-271,14,Invalid,Product A,Active
01-06-2025,Depot C,SKU-230,70,Invalid,Product A,Active
01-06-2025,Depot C,SKU-539,64,Invalid,Product A,Active
01-06-2025,Depot C,SKU-540,341,Invalid,Product A,Active
01-06-2025,Depot C,SKU-379,51,Invalid,Product A,Not Active
01-06-2025,Depot C,SKU-380,160,Invalid,Product A,Not Active
01-06-2025,Depot C,SKU-542,163,Invalid,Product A,Not Active
01-06-2025,Depot C,SKU-544,11,Invalid,Product A,Active
01-06-2025,Depot C,SKU-545,3,Invalid,Product A,Not Active
01-06-2025,Depot C,SKU-381,66,Invalid,Product A,Not Active
01-06-2025,Depot C,SKU-546,62,Invalid,Product A,Active
01-06-2025,Depot C,SKU-382,28,Invalid,Product A,Active
01-06-2025,Depot C,SKU-548,6,Invalid,Product A,Active
01-06-2025,Depot C,SKU-070,18,Invalid,Product A,Active
01-06-2025,Depot C,SKU-383,7,Invalid,Product A,Active
01-06-2025,Depot C,SKU-071,31,Invalid,Product A,Active
01-06-2025,Depot C,SKU-910,36,Invalid,Product A,Active
01-06-2025,Depot C,SKU-072,49,Invalid,Product A,Active
01-06-2025,Depot C,SKU-911,2,Invalid,Product A,Active
01-06-2025,Depot C,SKU-912,20,Invalid,Product A,Not Active
01-06-2025,Depot C,SKU-074,52,Invalid,Product A,Active
01-06-2025,Depot C,SKU-076,7,Invalid,Product A,Active
01-06-2025,Depot C,SKU-553,111,Invalid,Product A,Not Active
01-06-2025,Depot C,SKU-913,42,Invalid,Product A,Active
01-06-2025,Depot C,SKU-079,519,Invalid,Product A,Active
01-06-2025,Depot C,SKU-211,12,Invalid,Product A,Not Active
01-06-2025,Depot C,SKU-212,9,Invalid,Product A,Active
01-06-2025,Depot C,SKU-284,110,Invalid,Product A,Not Active
01-06-2025,Depot C,SKU-081,923,Invalid,Product A,Active
01-06-2025,Depot C,SKU-560,23,Invalid,Product A,Not Active
01-06-2025,Depot C,SKU-082,1171,Invalid,Product A,Active
01-06-2025,Depot C,SKU-213,8,Invalid,Product A,Not Active
01-06-2025,Depot C,SKU-083,1885,Invalid,Product A,Active
01-06-2025,Depot C,SKU-914,20,Invalid,Product A,Not Active
01-06-2025,Depot C,SKU-565,3,Invalid,Product A,Active
01-06-2025,Depot C,SKU-084,388,Invalid,Product A,Active
01-06-2025,Depot C,SKU-215,50,Invalid,Product A,Active
01-06-2025,Depot C,SKU-216,8,Invalid,Product A,Not Active
01-06-2025,Depot C,SKU-257,62,Invalid,Product A,Active
01-06-2025,Depot C,SKU-915,7,Invalid,Product A,Active
01-06-2025,Depot C,SKU-572,43,Invalid,Product A,Not Active
01-06-2025,Depot C,SKU-233,32,Invalid,Product A,Active
01-06-2025,Depot C,SKU-386,110,Invalid,Product A,Active
01-06-2025,Depot C,SKU-916,215,Invalid,Product A,Active
01-06-2025,Depot C,SKU-917,28,Invalid,Product A,Active
01-06-2025,Depot C,SKU-918,687,Invalid,Product A,Active
01-06-2025,Depot C,SKU-218,155,Invalid,Product A,Active
01-06-2025,Depot C,SKU-039,15,Invalid,Product A,Active
01-06-2025,Depot C,SKU-090,141,Invalid,Product A,Active
01-06-2025,Depot C,SKU-048,26,Invalid,Product A,Not Active
01-06-2025,Depot C,SKU-573,501,Invalid,Product A,Not Active
01-06-2025,Depot C,SKU-574,51,Invalid,Product A,Not Active
01-06-2025,Depot C,SKU-575,284,Invalid,Product A,Not Active
01-06-2025,Depot C,SKU-576,1,Invalid,Product A,Not Active
01-06-2025,Depot C,SKU-577,292,Invalid,Product A,Not Active
01-06-2025,Depot C,SKU-919,150,Invalid,Product A,Not Active
01-06-2025,Depot C,SKU-920,8,Invalid,Product A,Not Active
01-06-2025,Depot C,SKU-921,10,Invalid,Product A,Not Active
01-06-2025,Depot C,SKU-057,34,Invalid,Product A,Not Active
01-06-2025,Depot C,SKU-922,5,Invalid,Product A,Not Active
01-06-2025,Depot C,SKU-923,94,Invalid,Product A,Not Active
01-06-2025,Depot C,SKU-578,69,Invalid,Product A,Active
01-06-2025,Depot C,SKU-924,98,Invalid,Product A,Active
01-06-2025,Depot C,SKU-925,1824,Invalid,Product A,Active
01-06-2025,Depot C,SKU-579,23,Invalid,Product A,Active
01-06-2025,Depot C,SKU-580,48,Invalid,Product A,Active
01-06-2025,Depot C,SKU-581,4,Invalid,Product A,Active
01-06-2025,Depot C,SKU-583,105,Invalid,Product A,Active
01-06-2025,Depot C,SKU-584,55,Invalid,Product A,Active
01-06-2025,Depot C,SKU-585,10,Invalid,Product A,Active
01-06-2025,Depot C,SKU-586,22,Invalid,Product A,Not Active
01-06-2025,Depot C,SKU-587,621,Invalid,Product A,Active
01-06-2025,Depot C,SKU-093,890,Invalid,Product A,Active
01-06-2025,Depot C,SKU-588,14,Invalid,Product A,Active
01-06-2025,Depot C,SKU-589,37,Invalid,Product A,Active
01-06-2025,Depot C,SKU-590,66,Invalid,Product A,Active
01-06-2025,Depot C,SKU-593,126,Invalid,Product A,Active
01-06-2025,Depot C,SKU-594,43,Invalid,Product A,Active
01-06-2025,Depot C,SKU-926,1,Invalid,Product A,Active
01-06-2025,Depot C,SKU-595,20,Invalid,Product A,Active
01-06-2025,Depot C,SKU-596,0,Invalid,Product A,Active
01-06-2025,Depot C,SKU-598,15,Invalid,Product A,Active
01-06-2025,Depot C,SKU-599,27,Invalid,Product A,Active
01-06-2025,Depot C,SKU-600,14,Invalid,Product A,Active
01-06-2025,Depot C,SKU-603,8,Invalid,Product A,Active
01-06-2025,Depot C,SKU-605,5,Invalid,Product A,Active
01-06-2025,Depot C,SKU-606,41,Invalid,Product A,Active
01-06-2025,Depot C,SKU-608,5,Invalid,Product A,Active
01-06-2025,Depot C,SKU-285,861,Invalid,Product A,Active
01-06-2025,Depot C,SKU-927,240,Invalid,Product A,Active
01-06-2025,Depot C,SKU-286,289,Invalid,Product A,Active
01-06-2025,Depot C,SKU-609,61,Invalid,Product A,Active
01-06-2025,Depot C,SKU-928,19,Invalid,Product A,Active
01-06-2025,Depot C,SKU-610,2,Invalid,Product A,Active
01-06-2025,Depot C,SKU-929,2,Invalid,Product A,Active
01-06-2025,Depot C,SKU-611,27,Invalid,Product A,Active
01-06-2025,Depot C,SKU-612,17,Invalid,Product A,Active
01-06-2025,Depot C,SKU-613,9,Invalid,Product A,Active
01-06-2025,Depot C,SKU-930,210,Invalid,Product A,Not Active
01-06-2025,Depot C,SKU-931,3421,Invalid,Product A,Active
01-06-2025,Depot C,SKU-287,84,Invalid,Product A,Active
01-06-2025,Depot C,SKU-614,632,Invalid,Product A,Not Active
01-06-2025,Depot C,SKU-615,2,Invalid,Product A,Active
01-06-2025,Depot C,SKU-616,153,Invalid,Product A,Active
01-06-2025,Depot C,SKU-288,229,Invalid,Product A,Active
01-06-2025,Depot C,SKU-619,133,Invalid,Product A,Active
01-06-2025,Depot C,SKU-620,23,Invalid,Product A,Active
01-06-2025,Depot C,SKU-932,128,Invalid,Product A,Active
01-06-2025,Depot C,SKU-622,3,Invalid,Product A,Active
01-06-2025,Depot C,SKU-623,57,Invalid,Product A,Active
01-06-2025,Depot C,SKU-624,26,Invalid,Product A,Active
01-06-2025,Depot C,SKU-626,0,Invalid,Product A,Active
01-06-2025,Depot C,SKU-933,105,Invalid,Product A,Active
01-06-2025,Depot C,SKU-934,4,Invalid,Product A,Active
01-06-2025,Depot C,SKU-935,17,Invalid,Product A,Active
01-06-2025,Depot C,SKU-630,3,Invalid,Product A,Active
01-06-2025,Depot C,SKU-631,1,Invalid,Product A,Active
01-06-2025,Depot C,SKU-632,0,Invalid,Product A,Active
01-06-2025,Depot C,SKU-936,58,Invalid,Product A,Active
01-06-2025,Depot C,SKU-633,22,Invalid,Product A,Active
01-06-2025,Depot C,SKU-634,64,Invalid,Product A,Active
01-06-2025,Depot C,SKU-937,12,Invalid,Product A,Active
01-06-2025,Depot C,SKU-636,6,Invalid,Product A,Active
01-06-2025,Depot C,SKU-637,7,Invalid,Product A,Active
01-06-2025,Depot C,SKU-638,10,Invalid,Product A,Active
01-06-2025,Depot C,SKU-938,104,Invalid,Product A,Active
01-06-2025,Depot C,SKU-639,70,Invalid,Product A,Active
01-06-2025,Depot C,SKU-640,23,Invalid,Product A,Active
01-06-2025,Depot C,SKU-939,12,Invalid,Product A,Active
01-06-2025,Depot C,SKU-641,4,Invalid,Product A,Active
01-06-2025,Depot C,SKU-642,65,Invalid,Product A,Active
01-06-2025,Depot C,SKU-643,1,Invalid,Product A,Active
01-06-2025,Depot C,SKU-644,47,Invalid,Product A,Active
01-06-2025,Depot C,SKU-940,98,Invalid,Product A,Active
01-06-2025,Depot C,SKU-645,523,Invalid,Product A,Active
01-06-2025,Depot C,SKU-646,142,Invalid,Product A,Active
01-06-2025,Depot C,SKU-941,13,Invalid,Product A,Active
01-06-2025,Depot C,SKU-647,5,Invalid,Product A,Active
01-06-2025,Depot C,SKU-648,5,Invalid,Product A,Active
01-06-2025,Depot C,SKU-649,5,Invalid,Product A,Active
01-06-2025,Depot C,SKU-650,4,Invalid,Product A,Active
01-06-2025,Depot C,SKU-942,69,Invalid,Product A,Active
01-06-2025,Depot C,SKU-094,31,Invalid,Product A,Active
01-06-2025,Depot C,SKU-651,7,Invalid,Product A,Active
01-06-2025,Depot C,SKU-943,25,Invalid,Product A,Active
01-06-2025,Depot C,SKU-652,0,Invalid,Product A,Active
01-06-2025,Depot C,SKU-289,80,Invalid,Product A,Active
01-06-2025,Depot C,SKU-653,11,Invalid,Product A,Active
01-06-2025,Depot C,SKU-654,10,Invalid,Product A,Active
01-06-2025,Depot C,SKU-944,390,Invalid,Product A,Active
01-06-2025,Depot C,SKU-095,35,Invalid,Product A,Active
01-06-2025,Depot C,SKU-655,6,Invalid,Product A,Active
01-06-2025,Depot C,SKU-945,21,Invalid,Product A,Active
01-06-2025,Depot C,SKU-656,6,Invalid,Product A,Active
01-06-2025,Depot C,SKU-657,7,Invalid,Product A,Active
01-06-2025,Depot C,SKU-658,2,Invalid,Product A,Active
01-06-2025,Depot C,SKU-946,8,Invalid,Product A,Active
01-06-2025,Depot C,SKU-947,2,Invalid,Product A,Active
01-06-2025,Depot C,SKU-659,11,Invalid,Product A,Active
01-06-2025,Depot C,SKU-660,4,Invalid,Product A,Active
01-06-2025,Depot C,SKU-948,2,Invalid,Product A,Active
01-06-2025,Depot C,SKU-661,1,Invalid,Product A,Active
01-06-2025,Depot C,SKU-662,5,Invalid,Product A,Active
01-06-2025,Depot C,SKU-663,6,Invalid,Product A,Active
01-06-2025,Depot C,SKU-949,4,Invalid,Product A,Active
01-06-2025,Depot C,SKU-950,11,Invalid,Product A,Active
01-06-2025,Depot C,SKU-664,29,Invalid,Product A,Active
01-06-2025,Depot C,SKU-665,1,Invalid,Product A,Active
01-06-2025,Depot C,SKU-951,4,Invalid,Product A,Active
01-06-2025,Depot C,SKU-666,2,Invalid,Product A,Active
01-06-2025,Depot C,SKU-667,0,Invalid,Product A,Active
01-06-2025,Depot C,SKU-668,1,Invalid,Product A,Active
01-06-2025,Depot C,SKU-952,1,Invalid,Product A,Active
01-06-2025,Depot C,SKU-953,4,Invalid,Product A,Active
01-06-2025,Depot C,SKU-669,2,Invalid,Product A,Active
01-06-2025,Depot C,SKU-670,1,Invalid,Product A,Active
01-06-2025,Depot C,SKU-954,7,Invalid,Product A,Active
01-06-2025,Depot C,SKU-671,1,Invalid,Product A,Active
01-06-2025,Depot C,SKU-672,49,Invalid,Product A,Active
01-06-2025,Depot C,SKU-955,8,Invalid,Product A,Active
01-06-2025,Depot C,SKU-673,20,Invalid,Product A,Active
01-06-2025,Depot C,SKU-956,39,Invalid,Product A,Active
01-06-2025,Depot C,SKU-096,25,Invalid,Product A,Active
01-06-2025,Depot C,SKU-957,1,Invalid,Product A,Active
01-06-2025,Depot C,SKU-958,20,Invalid,Product A,Active
01-06-2025,Depot C,SKU-674,6,Invalid,Product A,Active
01-06-2025,Depot C,SKU-392,514,Invalid,Product A,Active
01-06-2025,Depot C,SKU-675,95,Invalid,Product A,Active
01-06-2025,Depot C,SKU-676,44,Invalid,Product A,Active
01-06-2025,Depot C,SKU-678,15,Invalid,Product A,Active
01-06-2025,Depot C,SKU-679,17,Invalid,Product A,Active
01-06-2025,Depot C,SKU-680,40,Invalid,Product A,Active
01-06-2025,Depot C,SKU-099,38,Invalid,Product A,Active
01-06-2025,Depot C,SKU-681,20,Invalid,Product A,Not Active
01-06-2025,Depot C,SKU-959,20,Invalid,Product A,Not Active
01-06-2025,Depot C,SKU-682,69,Invalid,Product A,Not Active
01-06-2025,Depot C,SKU-683,658,Invalid,Product A,Active
01-06-2025,Depot C,SKU-393,102,Invalid,Product A,Active
01-06-2025,Depot C,SKU-684,24,Invalid,Product A,Active
01-06-2025,Depot C,SKU-960,1,Invalid,Product A,Active
01-06-2025,Depot C,SKU-686,42,Invalid,Product A,Active
01-06-2025,Depot C,SKU-961,15,Invalid,Product A,Active
01-06-2025,Depot C,SKU-687,13,Invalid,Product A,Active
01-06-2025,Depot C,SKU-394,4,Invalid,Product A,Active
01-06-2025,Depot C,SKU-688,21,Invalid,Product A,Active
01-06-2025,Depot C,SKU-962,30,Invalid,Product A,Not Active
01-06-2025,Depot C,SKU-963,20,Invalid,Product A,Not Active
01-06-2025,Depot C,SKU-964,51,Invalid,Product A,Not Active
01-06-2025,Depot C,SKU-965,79,Invalid,Product A,Active
01-06-2025,Depot C,SKU-689,2,Invalid,Product A,Active
01-06-2025,Depot C,SKU-966,19,Invalid,Product A,Active
01-06-2025,Depot C,SKU-967,20,Invalid,Product A,Active
01-06-2025,Depot C,SKU-318,545,Invalid,Product A,Active
01-06-2025,Depot C,SKU-691,24,Invalid,Product A,Active
01-06-2025,Depot C,SKU-968,8,Invalid,Product A,Active
01-06-2025,Depot C,SKU-969,19,Invalid,Product A,Active
01-06-2025,Depot C,SKU-970,60,Invalid,Product A,Active
01-06-2025,Depot C,SKU-692,9,Invalid,Product A,Active
01-06-2025,Depot C,SKU-693,35,Invalid,Product A,Active
01-06-2025,Depot C,SKU-694,170,Invalid,Product A,Active
01-06-2025,Depot C,SKU-695,46,Invalid,Product A,Active
01-06-2025,Depot C,SKU-971,23,Invalid,Product A,Active
01-06-2025,Depot C,SKU-696,2,Invalid,Product A,Active
01-06-2025,Depot C,SKU-697,7,Invalid,Product A,Active
01-06-2025,Depot C,SKU-698,30,Invalid,Product A,Active
01-06-2025,Depot C,SKU-699,69,Invalid,Product A,Active
01-06-2025,Depot C,SKU-972,10,Invalid,Product A,Active
01-06-2025,Depot C,SKU-973,10,Invalid,Product A,Active
01-06-2025,Depot C,SKU-974,8,Invalid,Product A,Active
01-06-2025,Depot C,SKU-700,100,Invalid,Product A,Not Active
01-06-2025,Depot C,SKU-701,10,Invalid,Product A,Not Active
01-06-2025,Depot C,SKU-702,1,Invalid,Product A,Not Active
01-06-2025,Depot C,SKU-975,26,Invalid,Product A,Active
01-06-2025,Depot C,SKU-976,11,Invalid,Product A,Active
01-06-2025,Depot C,SKU-704,46,Invalid,Product A,Active
01-06-2025,Depot C,SKU-706,115,Invalid,Product A,Active
01-06-2025,Depot C,SKU-707,25,Invalid,Product A,Active
01-06-2025,Depot C,SKU-709,14,Invalid,Product A,Active
01-06-2025,Depot C,SKU-105,17,Invalid,Product A,Active
01-06-2025,Depot C,SKU-710,153,Invalid,Product A,Not Active
01-06-2025,Depot C,SKU-977,124,Invalid,Product A,Not Active
01-06-2025,Depot C,SKU-711,145,Invalid,Product A,Not Active
01-06-2025,Depot C,SKU-396,348,Invalid,Product A,Not Active
01-06-2025,Depot C,SKU-397,248,Invalid,Product A,Active
01-06-2025,Depot C,SKU-398,1562,Invalid,Product A,Not Active
01-06-2025,Depot C,SKU-712,576,Invalid,Product A,Active
01-06-2025,Depot C,SKU-713,121,Invalid,Product A,Not Active
01-06-2025,Depot C,SKU-399,0,Invalid,Product A,Active
01-06-2025,Depot C,SKU-715,11,Invalid,Product A,Not Active
01-06-2025,Depot C,SKU-319,105,Invalid,Product A,Active
01-06-2025,Depot C,SKU-716,252,Invalid,Product A,Not Active
01-06-2025,Depot C,SKU-717,66,Invalid,Product A,Not Active
01-06-2025,Depot C,SKU-718,361,Invalid,Product A,Not Active
01-06-2025,Depot C,SKU-719,619,Invalid,Product A,Not Active
01-06-2025,Depot C,SKU-978,117,Invalid,Product A,Not Active
01-06-2025,Depot C,SKU-320,8,Invalid,Product A,Active
01-06-2025,Depot C,SKU-979,10,Invalid,Product A,Active
01-06-2025,Depot C,SKU-980,45,Invalid,Product A,Active
01-06-2025,Depot C,SKU-981,9,Invalid,Product A,Active
01-06-2025,Depot C,SKU-720,10,Invalid,Product A,Active
01-06-2025,Depot C,SKU-982,21,Invalid,Product A,Active
01-06-2025,Depot C,SKU-721,6,Invalid,Product A,Active
01-06-2025,Depot C,SKU-722,5,Invalid,Product A,Active
01-06-2025,Depot C,SKU-723,6,Invalid,Product A,Active
01-06-2025,Depot C,SKU-983,11,Invalid,Product A,Active
01-06-2025,Depot C,SKU-725,49,Invalid,Product A,Active
01-06-2025,Depot C,SKU-984,26,Invalid,Product A,Active
01-06-2025,Depot C,SKU-727,34,Invalid,Product A,Active
01-06-2025,Depot C,SKU-985,2,Invalid,Product A,Active
01-06-2025,Depot C,SKU-986,10,Invalid,Product A,Active
01-06-2025,Depot C,SKU-987,20,Invalid,Product A,Active
01-06-2025,Depot C,SKU-988,8,Invalid,Product A,Active
01-06-2025,Depot C,SKU-989,13,Invalid,Product A,Active
01-06-2025,Depot C,SKU-990,32,Invalid,Product A,Active
01-06-2025,Depot C,SKU-731,19,Invalid,Product A,Active
01-06-2025,Depot C,SKU-991,15,Invalid,Product A,Active
01-06-2025,Depot C,SKU-992,33,Invalid,Product A,Active
01-06-2025,Depot C,SKU-732,61,Invalid,Product A,Active
01-06-2025,Depot C,SKU-993,62,Invalid,Product A,Active
01-06-2025,Depot C,SKU-994,13,Invalid,Product A,Active
01-06-2025,Depot C,SKU-995,6,Invalid,Product A,Active
01-06-2025,Depot C,SKU-996,26,Invalid,Product A,Active
01-06-2025,Depot C,SKU-997,22,Invalid,Product A,Active
01-06-2025,Depot C,SKU-321,2,Invalid,Product A,Active
01-06-2025,Depot C,SKU-735,1,Invalid,Product A,Active
01-06-2025,Depot C,SKU-402,2,Invalid,Product A,Not Active
01-06-2025,Depot C,SKU-736,16,Invalid,Product A,Active
01-06-2025,Depot C,SKU-737,16,Invalid,Product A,Active
01-06-2025,Depot C,SKU-998,7,Invalid,Product A,Not Active
01-06-2025,Depot C,SKU-404,31,Invalid,Product A,Active
01-06-2025,Depot C,SKU-739,26,Invalid,Product A,Active
01-06-2025,Depot C,SKU-740,15,Invalid,Product A,Active
01-06-2025,Depot C,SKU-741,19,Invalid,Product A,Active
01-06-2025,Depot C,SKU-405,20,Invalid,Product A,Active
01-06-2025,Depot C,SKU-406,2,Invalid,Product A,Not Active
01-06-2025,Depot C,SKU-742,107,Invalid,Product A,Active
01-06-2025,Depot C,SKU-743,26,Invalid,Product A,Active
01-06-2025,Depot C,SKU-744,13,Invalid,Product A,Active
01-06-2025,Depot C,SKU-745,60,Invalid,Product A,Active
01-06-2025,Depot C,SKU-746,176,Invalid,Product A,Active
01-06-2025,Depot C,SKU-407,10,Invalid,Product A,Active
01-06-2025,Depot C,SKU-408,1,Invalid,Product A,Not Active
01-06-2025,Depot C,SKU-747,81,Invalid,Product A,Active
01-06-2025,Depot C,SKU-748,3,Invalid,Product A,Active
01-06-2025,Depot C,SKU-749,3,Invalid,Product A,Active
01-06-2025,Depot C,SKU-999,18,Invalid,Product A,Active
01-06-2025,Depot C,SKU-751,34,Invalid,Product A,Active
01-06-2025,Depot C,SKU-409,2,Invalid,Product A,Not Active
01-06-2025,Depot C,SKU-752,35,Invalid,Product A,Active
01-06-2025,Depot C,SKU-753,80,Invalid,Product A,Active
01-06-2025,Depot C,SKU-410,13,Invalid,Product A,Active
01-06-2025,Depot C,SKU-754,130,Invalid,Product A,Active
01-06-2025,Depot C,SKU-411,38,Invalid,Product A,Active
01-06-2025,Depot C,SKU-1000,103,Invalid,Product A,Active
01-06-2025,Depot C,SKU-1001,23,Invalid,Product A,Active
01-06-2025,Depot C,SKU-1002,12,Invalid,Product A,Active
01-06-2025,Depot C,SKU-1003,10,Invalid,Product A,Active
01-06-2025,Depot C,SKU-1004,1,Invalid,Product A,Not Active
01-06-2025,Depot C,SKU-757,22,Invalid,Product A,Active
01-06-2025,Depot C,SKU-758,20,Invalid,Product A,Active
01-06-2025,Depot C,SKU-1005,4,Invalid,Product A,Active
01-06-2025,Depot C,SKU-1006,5,Invalid,Product A,Active
01-06-2025,Depot C,SKU-322,4,Invalid,Product A,Active
01-06-2025,Depot C,SKU-412,6,Invalid,Product A,Active
01-06-2025,Depot C,SKU-759,20,Invalid,Product A,Active
01-06-2025,Depot C,SKU-1007,11,Invalid,Product A,Active
01-06-2025,Depot C,SKU-761,12,Invalid,Product A,Active
01-06-2025,Depot C,SKU-1008,9,Invalid,Product A,Not Active
01-06-2025,Depot C,SKU-413,72,Invalid,Product A,Active
01-06-2025,Depot C,SKU-763,27,Invalid,Product A,Active
01-06-2025,Depot C,SKU-764,11,Invalid,Product A,Active
01-06-2025,Depot C,SKU-765,5,Invalid,Product A,Active
01-06-2025,Depot C,SKU-414,8,Invalid,Product A,Active
01-06-2025,Depot C,SKU-766,5,Invalid,Product A,Active
01-06-2025,Depot C,SKU-769,3,Invalid,Product A,Active
01-06-2025,Depot C,SKU-1009,2,Invalid,Product A,Active
01-06-2025,Depot C,SKU-1010,3,Invalid,Product A,Not Active
01-06-2025,Depot C,SKU-417,6,Invalid,Product A,Active
01-06-2025,Depot C,SKU-770,3,Invalid,Product A,Active
01-06-2025,Depot C,SKU-771,10,Invalid,Product A,Active
01-06-2025,Depot C,SKU-772,10,Invalid,Product A,Active
01-06-2025,Depot C,SKU-773,18,Invalid,Product A,Active
01-06-2025,Depot C,SKU-774,8,Invalid,Product A,Active
01-06-2025,Depot C,SKU-775,4,Invalid,Product A,Not Active
01-06-2025,Depot C,SKU-776,63,Invalid,Product A,Active
01-06-2025,Depot C,SKU-777,151,Invalid,Product A,Active
01-06-2025,Depot C,SKU-778,125,Invalid,Product A,Active
01-06-2025,Depot C,SKU-779,71,Invalid,Product A,Active
01-06-2025,Depot C,SKU-418,53,Invalid,Product A,Active
01-06-2025,Depot C,SKU-1011,1,Invalid,Product A,Active
01-06-2025,Depot C,SKU-1012,1,Invalid,Product A,Active
01-06-2025,Depot C,SKU-780,4,Invalid,Product A,Active
01-06-2025,Depot C,SKU-420,2,Invalid,Product A,Not Active
01-06-2025,Depot C,SKU-781,0,Invalid,Product A,Active
01-06-2025,Depot C,SKU-421,15,Invalid,Product A,Active
01-06-2025,Depot C,SKU-1013,5,Invalid,Product A,Not Active
01-06-2025,Depot C,SKU-1014,1,Invalid,Product A,Active
01-06-2025,Depot C,SKU-423,0,Invalid,Product A,Active
01-06-2025,Depot C,SKU-1015,10,Invalid,Product A,Active
01-06-2025,Depot C,SKU-323,69,Invalid,Product A,Active
01-06-2025,Depot C,SKU-782,8,Invalid,Product A,Active
01-06-2025,Depot C,SKU-783,7,Invalid,Product A,Not Active
01-06-2025,Depot C,SKU-785,48,Invalid,Product A,Not Active
01-06-2025,Depot C,SKU-426,3,Invalid,Product A,Active
01-06-2025,Depot C,SKU-427,1,Invalid,Product A,Not Active
01-06-2025,Depot C,SKU-786,2,Invalid,Product A,Active
01-06-2025,Depot C,SKU-428,11,Invalid,Product A,Active
01-06-2025,Depot C,SKU-1016,9,Invalid,Product A,Not Active
01-06-2025,Depot C,SKU-430,4,Invalid,Product A,Active
01-06-2025,Depot C,SKU-1017,1,Invalid,Product A,Active
01-06-2025,Depot C,SKU-787,2,Invalid,Product A,Active
01-06-2025,Depot C,SKU-1018,0,Invalid,Product A,Active
01-06-2025,Depot C,SKU-788,4,Invalid,Product A,Active
01-06-2025,Depot C,SKU-789,1,Invalid,Product A,Not Active
01-06-2025,Depot C,SKU-790,1,Invalid,Product A,Active
01-06-2025,Depot C,SKU-434,1,Invalid,Product A,Active
01-06-2025,Depot C,SKU-1019,1,Invalid,Product A,Not Active
01-06-2025,Depot C,SKU-436,2,Invalid,Product A,Active
01-06-2025,Depot C,SKU-1020,1,Invalid,Product A,Active
01-06-2025,Depot C,SKU-324,15,Invalid,Product A,Active
01-06-2025,Depot C,SKU-791,23,Invalid,Product A,Active
01-06-2025,Depot C,SKU-794,1,Invalid,Product A,Not Active
01-06-2025,Depot C,SKU-438,2,Invalid,Product A,Active
01-06-2025,Depot C,SKU-439,5,Invalid,Product A,Not Active
01-06-2025,Depot C,SKU-795,2,Invalid,Product A,Active
01-06-2025,Depot C,SKU-440,4,Invalid,Product A,Active
01-06-2025,Depot C,SKU-1021,2,Invalid,Product A,Not Active
01-06-2025,Depot C,SKU-442,1,Invalid,Product A,Active
01-06-2025,Depot C,SKU-1022,4,Invalid,Product A,Active
01-06-2025,Depot C,SKU-325,66,Invalid,Product A,Active
01-06-2025,Depot C,SKU-1023,42,Invalid,Product A,Active
01-06-2025,Depot C,SKU-272,28,Invalid,Product A,Active
01-06-2025,Depot C,SKU-796,5,Invalid,Product A,Not Active
01-06-2025,Depot C,SKU-798,2,Invalid,Product A,Not Active
01-06-2025,Depot C,SKU-1024,1,Invalid,Product A,Active
01-06-2025,Depot C,SKU-1025,2,Invalid,Product A,Active
01-06-2025,Depot C,SKU-1026,8,Invalid,Product A,Active
01-06-2025,Depot C,SKU-1027,3,Invalid,Product A,Active
01-06-2025,Depot C,SKU-444,1,Invalid,Product A,Active
01-06-2025,Depot C,SKU-445,20,Invalid,Product A,Active
01-06-2025,Depot C,SKU-1028,1,Invalid,Product A,Not Active
01-06-2025,Depot C,SKU-447,4,Invalid,Product A,Not Active
01-06-2025,Depot C,SKU-799,3,Invalid,Product A,Active
01-06-2025,Depot C,SKU-1029,3,Invalid,Product A,Not Active
01-06-2025,Depot C,SKU-450,1,Invalid,Product A,Active
01-06-2025,Depot C,SKU-1030,2,Invalid,Product A,Active
01-06-2025,Depot C,SKU-326,4,Invalid,Product A,Active
01-06-2025,Depot C,SKU-1031,5,Invalid,Product A,Active
01-06-2025,Depot C,SKU-273,10,Invalid,Product A,Active
01-06-2025,Depot C,SKU-802,31,Invalid,Product A,Not Active
01-06-2025,Depot C,SKU-803,1,Invalid,Product A,Active
01-06-2025,Depot C,SKU-452,1,Invalid,Product A,Active
01-06-2025,Depot C,SKU-1032,1,Invalid,Product A,Not Active
01-06-2025,Depot C,SKU-804,1,Invalid,Product A,Active
01-06-2025,Depot C,SKU-1033,1,Invalid,Product A,Active
01-06-2025,Depot C,SKU-1034,6,Invalid,Product A,Active
01-06-2025,Depot C,SKU-1035,1,Invalid,Product A,Active
01-06-2025,Depot C,SKU-805,20,Invalid,Product A,Active
01-06-2025,Depot C,SKU-807,4,Invalid,Product A,Not Active
01-06-2025,Depot C,SKU-1036,3,Invalid,Product A,Active
01-06-2025,Depot C,SKU-1037,1,Invalid,Product A,Not Active
01-06-2025,Depot C,SKU-808,4,Invalid,Product A,Active
01-06-2025,Depot C,SKU-454,0,Invalid,Product A,Active
01-06-2025,Depot C,SKU-1038,11,Invalid,Product A,Not Active
01-06-2025,Depot C,SKU-809,4,Invalid,Product A,Active
01-06-2025,Depot C,SKU-1039,7,Invalid,Product A,Active
01-06-2025,Depot C,SKU-327,0,Invalid,Product A,Active
01-06-2025,Depot C,SKU-1040,1,Invalid,Product A,Active
01-06-2025,Depot C,SKU-274,20,Invalid,Product A,Active
01-06-2025,Depot C,SKU-1041,4,Invalid,Product A,Not Active
01-06-2025,Depot C,SKU-811,3,Invalid,Product A,Not Active
01-06-2025,Depot C,SKU-812,6,Invalid,Product A,Active
01-06-2025,Depot C,SKU-813,6,Invalid,Product A,Active
01-06-2025,Depot C,SKU-814,6,Invalid,Product A,Active
01-06-2025,Depot C,SKU-456,6,Invalid,Product A,Active
01-06-2025,Depot C,SKU-815,3,Invalid,Product A,Active
01-06-2025,Depot C,SKU-457,1,Invalid,Product A,Active
01-06-2025,Depot C,SKU-816,41,Invalid,Product A,Active
01-06-2025,Depot C,SKU-458,5,Invalid,Product A,Active
01-06-2025,Depot C,SKU-817,7,Invalid,Product A,Active
01-06-2025,Depot C,SKU-818,4,Invalid,Product A,Active
01-06-2025,Depot C,SKU-819,4,Invalid,Product A,Active
01-06-2025,Depot C,SKU-820,6,Invalid,Product A,Active
01-06-2025,Depot C,SKU-460,6,Invalid,Product A,Active
01-06-2025,Depot C,SKU-821,4,Invalid,Product A,Active
01-06-2025,Depot C,SKU-461,3,Invalid,Product A,Active
01-06-2025,Depot C,SKU-462,0,Invalid,Product A,Active
01-06-2025,Depot C,SKU-1042,2,Invalid,Product A,Active
01-06-2025,Depot C,SKU-823,3,Invalid,Product A,Active
01-06-2025,Depot C,SKU-463,4,Invalid,Product A,Active
01-06-2025,Depot C,SKU-824,3,Invalid,Product A,Active
01-06-2025,Depot C,SKU-1043,2,Invalid,Product A,Active
01-06-2025,Depot C,SKU-826,3,Invalid,Product A,Active
01-06-2025,Depot C,SKU-827,2,Invalid,Product A,Active
01-06-2025,Depot C,SKU-828,10,Invalid,Product A,Active
01-06-2025,Depot C,SKU-832,5,Invalid,Product A,Active
01-06-2025,Depot C,SKU-1044,3,Invalid,Product A,Active
01-06-2025,Depot C,SKU-290,22,Invalid,Product A,Active
01-06-2025,Depot C,SKU-468,23,Invalid,Product A,Active
01-06-2025,Depot C,SKU-275,80,Invalid,Product A,Active
01-06-2025,Depot C,SKU-328,30,Invalid,Product A,Active
01-06-2025,Depot C,SKU-834,23,Invalid,Product A,Active
01-06-2025,Depot C,SKU-329,4,Invalid,Product A,Active
01-06-2025,Depot C,SKU-838,47,Invalid,Product A,Active
01-06-2025,Depot C,SKU-839,8,Invalid,Product A,Active
01-06-2025,Depot C,SKU-840,5,Invalid,Product A,Active
01-06-2025,Depot C,SKU-291,52,Invalid,Product A,Active
01-06-2025,Depot C,SKU-292,40,Invalid,Product A,Active
01-06-2025,Depot C,SKU-263,21,Invalid,Product A,Active
01-06-2025,Depot C,SKU-225,16,Invalid,Product A,Active
01-06-2025,Depot C,SKU-293,35,Invalid,Product A,Active
01-06-2025,Depot C,SKU-234,60,Invalid,Product A,Active
01-06-2025,Depot C,SKU-843,43,Invalid,Product A,Active
01-06-2025,Depot C,SKU-127,148,Invalid,Product A,Active
01-06-2025,Depot C,SKU-259,62,Invalid,Product A,Active
01-06-2025,Depot C,SKU-129,35,Invalid,Product A,Active
01-06-2025,Depot C,SKU-470,198,Invalid,Product A,Not Active
01-06-2025,Depot C,SKU-471,97,Invalid,Product A,Not Active
01-06-2025,Depot C,SKU-472,1825,Invalid,Product A,Not Active
01-06-2025,Depot C,SKU-473,618,Invalid,Product A,Active
01-06-2025,Depot C,SKU-474,31,Invalid,Product A,Not Active
01-06-2025,Depot C,SKU-475,1957,Invalid,Product A,Active
01-06-2025,Depot C,SKU-844,159,Invalid,Product A,Not Active
01-06-2025,Depot C,SKU-845,162,Invalid,Product A,Not Active
01-06-2025,Depot C,SKU-476,7,Invalid,Product A,Not Active
01-06-2025,Depot C,SKU-847,325,Invalid,Product A,Not Active
01-06-2025,Depot C,SKU-848,10,Invalid,Product A,Active
01-06-2025,Depot C,SKU-852,11,Invalid,Product A,Active
01-06-2025,Depot C,SKU-294,15,Invalid,Product A,Active
01-06-2025,Depot C,SKU-857,15,Invalid,Product A,Active
01-06-2025,Depot C,SKU-134,109,Invalid,Product A,Active
01-06-2025,Depot C,SKU-330,31,Invalid,Product A,Active
01-06-2025,Depot C,SKU-267,11,Invalid,Product A,Active
01-06-2025,Depot C,SKU-135,0,Invalid,Product A,Active
01-06-2025,Depot C,SKU-136,19,Invalid,Product A,Active
01-06-2025,Depot C,SKU-269,30,Invalid,Product A,Active
01-06-2025,Depot C,SKU-219,64,Invalid,Product A,Active
01-06-2025,Depot C,SKU-260,36,Invalid,Product A,Active
01-06-2025,Depot C,SKU-226,35,Invalid,Product A,Active
01-06-2025,Depot C,SKU-859,10,Invalid,Product A,Active
01-06-2025,Depot C,SKU-860,20,Invalid,Product A,Active
01-06-2025,Depot C,SKU-295,24,Invalid,Product A,Active
01-06-2025,Depot C,SKU-296,25,Invalid,Product A,Active
01-06-2025,Depot C,SKU-137,18,Invalid,Product A,Active
01-06-2025,Depot C,SKU-298,48,Invalid,Product A,Active
01-06-2025,Depot C,SKU-299,6,Invalid,Product A,Active
01-06-2025,Depot C,SKU-300,13,Invalid,Product A,Active
01-06-2025,Depot C,SKU-301,14,Invalid,Product A,Active
01-06-2025,Depot C,SKU-862,19,Invalid,Product A,Active
01-06-2025,Depot C,SKU-302,108,Invalid,Product A,Active
01-06-2025,Depot C,SKU-864,7,Invalid,Product A,Active
01-06-2025,Depot C,SKU-303,56,Invalid,Product A,Active
01-06-2025,Depot C,SKU-305,17,Invalid,Product A,Active
01-06-2025,Depot C,SKU-867,17,Invalid,Product A,Active
01-06-2025,Depot C,SKU-478,40,Invalid,Product A,Active
01-06-2025,Depot C,SKU-868,31,Invalid,Product A,Active
01-06-2025,Depot C,SKU-869,2,Invalid,Product A,Active
01-06-2025,Depot C,SKU-307,333,Invalid,Product A,Active
01-06-2025,Depot C,SKU-479,29,Invalid,Product A,Active
01-06-2025,Depot C,SKU-870,44,Invalid,Product A,Active
01-06-2025,Depot C,SKU-871,8,Invalid,Product A,Active
01-06-2025,Depot C,SKU-308,1072,Invalid,Product A,Active
01-06-2025,Depot C,SKU-872,130,Invalid,Product A,Active
01-06-2025,Depot C,SKU-480,18,Invalid,Product A,Active
01-06-2025,Depot C,SKU-873,22,Invalid,Product A,Active
01-06-2025,Depot C,SKU-874,7,Invalid,Product A,Active
01-06-2025,Depot C,SKU-481,347,Invalid,Product A,Active
01-06-2025,Depot C,SKU-278,14,Invalid,Product A,Active
01-06-2025,Depot C,SKU-875,40,Invalid,Product A,Active
01-06-2025,Depot C,SKU-876,19,Invalid,Product A,Active
01-06-2025,Depot C,SKU-309,224,Invalid,Product A,Active
01-06-2025,Depot C,SKU-482,6,Invalid,Product A,Active
01-06-2025,Depot C,SKU-877,6,Invalid,Product A,Active
01-06-2025,Depot C,SKU-227,16,Invalid,Product A,Active
01-06-2025,Depot C,SKU-878,2,Invalid,Product A,Active
01-06-2025,Depot C,SKU-484,5,Invalid,Product A,Active
01-06-2025,Depot C,SKU-879,37,Invalid,Product A,Active
01-06-2025,Depot C,SKU-880,4,Invalid,Product A,Active
01-06-2025,Depot C,SKU-881,4,Invalid,Product A,Active
01-06-2025,Depot C,SKU-310,188,Invalid,Product A,Active
01-06-2025,Depot C,SKU-150,5,Invalid,Product A,Active
01-06-2025,Depot C,SKU-486,6,Invalid,Product A,Active
01-06-2025,Depot C,SKU-487,4,Invalid,Product A,Active
01-06-2025,Depot C,SKU-884,5,Invalid,Product A,Active
01-06-2025,Depot C,SKU-885,1,Invalid,Product A,Active
01-06-2025,Depot C,SKU-488,18,Invalid,Product A,Active
01-06-2025,Depot C,SKU-281,48,Invalid,Product A,Active
01-06-2025,Depot C,SKU-886,25,Invalid,Product A,Active
01-06-2025,Depot C,SKU-313,320,Invalid,Product A,Active
01-06-2025,Depot C,SKU-887,24,Invalid,Product A,Active
01-06-2025,Depot D,SKU-489,12,Invalid,Product A,Not Active
01-06-2025,Depot D,SKU-490,10,Invalid,Product A,Not Active
01-06-2025,Depot D,SKU-491,8,Invalid,Product A,Not Active
01-06-2025,Depot D,SKU-492,16,Invalid,Product A,Not Active
01-06-2025,Depot D,SKU-241,108,Invalid,Product A,Active
01-06-2025,Depot D,SKU-493,398,Invalid,Product A,Active
01-06-2025,Depot D,SKU-337,98,Invalid,Product A,Not Active
01-06-2025,Depot D,SKU-338,266,Invalid,Product A,Not Active
01-06-2025,Depot D,SKU-494,467,Invalid,Product A,Not Active
01-06-2025,Depot D,SKU-495,33,Invalid,Product A,Not Active
01-06-2025,Depot D,SKU-221,32,Invalid,Product A,Active
01-06-2025,Depot D,SKU-898,51,Invalid,Product A,Not Active
01-06-2025,Depot D,SKU-1045,79,Invalid,Product A,Active
01-06-2025,Depot D,SKU-496,223,Invalid,Product A,Active
01-06-2025,Depot D,SKU-497,228,Invalid,Product A,Active
01-06-2025,Depot D,SKU-498,406,Invalid,Product A,Active
01-06-2025,Depot D,SKU-499,21,Invalid,Product A,Active
01-06-2025,Depot D,SKU-500,29,Invalid,Product A,Active
01-06-2025,Depot D,SKU-339,384,Invalid,Product A,Not Active
01-06-2025,Depot D,SKU-502,22,Invalid,Product A,Active
01-06-2025,Depot D,SKU-503,31,Invalid,Product A,Active
01-06-2025,Depot D,SKU-504,6,Invalid,Product A,Active
01-06-2025,Depot D,SKU-1046,10,Invalid,Product A,Active
01-06-2025,Depot D,SKU-1047,10,Invalid,Product A,Active
01-06-2025,Depot D,SKU-1048,10,Invalid,Product A,Active
01-06-2025,Depot D,SKU-507,101,Invalid,Product A,Active
01-06-2025,Depot D,SKU-508,303,Invalid,Product A,Not Active
01-06-2025,Depot D,SKU-1049,3,Invalid,Product A,Not Active
01-06-2025,Depot D,SKU-509,10,Invalid,Product A,Not Active
01-06-2025,Depot D,SKU-341,29,Invalid,Product A,Not Active
01-06-2025,Depot D,SKU-235,6,Invalid,Product A,Active
01-06-2025,Depot D,SKU-343,1285,Invalid,Product A,Not Active
01-06-2025,Depot D,SKU-344,1935,Invalid,Product A,Not Active
01-06-2025,Depot D,SKU-512,245,Invalid,Product A,Not Active
01-06-2025,Depot D,SKU-345,103,Invalid,Product A,Not Active
01-06-2025,Depot D,SKU-346,3260,Invalid,Product A,Not Active
01-06-2025,Depot D,SKU-347,90,Invalid,Product A,Active
01-06-2025,Depot D,SKU-902,26831,Invalid,Product A,Active
01-06-2025,Depot D,SKU-348,2138,Invalid,Product A,Active
01-06-2025,Depot D,SKU-229,1608,Invalid,Product A,Active
01-06-2025,Depot D,SKU-349,687,Invalid,Product A,Active
01-06-2025,Depot D,SKU-513,293,Invalid,Product A,Active
01-06-2025,Depot D,SKU-228,353,Invalid,Product A,Active
01-06-2025,Depot D,SKU-350,397,Invalid,Product A,Active
01-06-2025,Depot D,SKU-514,26,Invalid,Product A,Active
01-06-2025,Depot D,SKU-248,69,Invalid,Product A,Active
01-06-2025,Depot D,SKU-157,15,Invalid,Product A,Not Active
01-06-2025,Depot D,SKU-063,2866,Invalid,Product A,Not Active
01-06-2025,Depot D,SKU-249,601,Invalid,Product A,Not Active
01-06-2025,Depot D,SKU-231,716,Invalid,Product A,Not Active
01-06-2025,Depot D,SKU-236,1520,Invalid,Product A,Not Active
01-06-2025,Depot D,SKU-250,109,Invalid,Product A,Active
01-06-2025,Depot D,SKU-282,234,Invalid,Product A,Active
01-06-2025,Depot D,SKU-315,12,Invalid,Product A,Active
01-06-2025,Depot D,SKU-515,8,Invalid,Product A,Not Active
01-06-2025,Depot D,SKU-1050,82,Invalid,Product A,Not Active
01-06-2025,Depot D,SKU-516,14,Invalid,Product A,Active
01-06-2025,Depot D,SKU-517,41,Invalid,Product A,Active
01-06-2025,Depot D,SKU-012,926,Invalid,Product A,Not Active
01-06-2025,Depot D,SKU-316,158,Invalid,Product A,Not Active
01-06-2025,Depot D,SKU-251,123,Invalid,Product A,Active
01-06-2025,Depot D,SKU-252,10,Invalid,Product A,Active
01-06-2025,Depot D,SKU-253,57,Invalid,Product A,Active
01-06-2025,Depot D,SKU-351,7,Invalid,Product A,Active
01-06-2025,Depot D,SKU-352,9,Invalid,Product A,Active
01-06-2025,Depot D,SKU-353,6,Invalid,Product A,Active
01-06-2025,Depot D,SKU-354,30,Invalid,Product A,Active
01-06-2025,Depot D,SKU-355,32,Invalid,Product A,Active
01-06-2025,Depot D,SKU-356,191,Invalid,Product A,Active
01-06-2025,Depot D,SKU-519,9,Invalid,Product A,Active
01-06-2025,Depot D,SKU-357,243,Invalid,Product A,Active
01-06-2025,Depot D,SKU-358,4,Invalid,Product A,Active
01-06-2025,Depot D,SKU-359,11,Invalid,Product A,Not Active
01-06-2025,Depot D,SKU-360,2,Invalid,Product A,Active
01-06-2025,Depot D,SKU-361,10,Invalid,Product A,Not Active
01-06-2025,Depot D,SKU-362,17,Invalid,Product A,Not Active
01-06-2025,Depot D,SKU-363,14,Invalid,Product A,Not Active
01-06-2025,Depot D,SKU-905,11,Invalid,Product A,Active
01-06-2025,Depot D,SKU-520,65,Invalid,Product A,Not Active
01-06-2025,Depot D,SKU-364,19,Invalid,Product A,Not Active
01-06-2025,Depot D,SKU-365,70,Invalid,Product A,Not Active
01-06-2025,Depot D,SKU-521,6,Invalid,Product A,Active
01-06-2025,Depot D,SKU-906,20,Invalid,Product A,Not Active
01-06-2025,Depot D,SKU-366,17,Invalid,Product A,Not Active
01-06-2025,Depot D,SKU-367,17,Invalid,Product A,Not Active
01-06-2025,Depot D,SKU-368,17,Invalid,Product A,Active
01-06-2025,Depot D,SKU-522,81,Invalid,Product A,Not Active
01-06-2025,Depot D,SKU-369,11,Invalid,Product A,Not Active
01-06-2025,Depot D,SKU-370,61,Invalid,Product A,Active
01-06-2025,Depot D,SKU-371,4,Invalid,Product A,Not Active
01-06-2025,Depot D,SKU-524,85,Invalid,Product A,Active
01-06-2025,Depot D,SKU-372,2,Invalid,Product A,Not Active
01-06-2025,Depot D,SKU-373,3,Invalid,Product A,Active
01-06-2025,Depot D,SKU-374,7,Invalid,Product A,Not Active
01-06-2025,Depot D,SKU-376,8,Invalid,Product A,Not Active
01-06-2025,Depot D,SKU-377,11,Invalid,Product A,Not Active
01-06-2025,Depot D,SKU-237,74,Invalid,Product A,Active
01-06-2025,Depot D,SKU-238,27,Invalid,Product A,Active
01-06-2025,Depot D,SKU-254,23,Invalid,Product A,Active
01-06-2025,Depot D,SKU-262,5,Invalid,Product A,Active
01-06-2025,Depot D,SKU-065,65,Invalid,Product A,Active
01-06-2025,Depot D,SKU-270,8,Invalid,Product A,Active
01-06-2025,Depot D,SKU-538,19,Invalid,Product A,Active
01-06-2025,Depot D,SKU-160,110,Invalid,Product A,Active
01-06-2025,Depot D,SKU-067,255,Invalid,Product A,Active
01-06-2025,Depot D,SKU-271,295,Invalid,Product A,Active
01-06-2025,Depot D,SKU-230,15,Invalid,Product A,Active
01-06-2025,Depot D,SKU-068,12,Invalid,Product A,Active
01-06-2025,Depot D,SKU-232,11,Invalid,Product A,Active
01-06-2025,Depot D,SKU-539,53,Invalid,Product A,Active
01-06-2025,Depot D,SKU-540,87,Invalid,Product A,Active
01-06-2025,Depot D,SKU-1051,10,Invalid,Product A,Active
01-06-2025,Depot D,SKU-023,10,Invalid,Product A,Active
01-06-2025,Depot D,SKU-379,20,Invalid,Product A,Not Active
01-06-2025,Depot D,SKU-541,4333,Invalid,Product A,Active
01-06-2025,Depot D,SKU-380,795,Invalid,Product A,Not Active
01-06-2025,Depot D,SKU-542,9,Invalid,Product A,Not Active
01-06-2025,Depot D,SKU-544,561,Invalid,Product A,Active
01-06-2025,Depot D,SKU-381,19,Invalid,Product A,Not Active
01-06-2025,Depot D,SKU-546,11,Invalid,Product A,Active
01-06-2025,Depot D,SKU-549,8,Invalid,Product A,Active
01-06-2025,Depot D,SKU-383,2,Invalid,Product A,Active
01-06-2025,Depot D,SKU-550,5,Invalid,Product A,Active
01-06-2025,Depot D,SKU-071,132,Invalid,Product A,Active
01-06-2025,Depot D,SKU-910,8,Invalid,Product A,Active
01-06-2025,Depot D,SKU-224,98,Invalid,Product A,Active
01-06-2025,Depot D,SKU-163,39,Invalid,Product A,Active
01-06-2025,Depot D,SKU-1052,5,Invalid,Product A,Not Active
01-06-2025,Depot D,SKU-911,11,Invalid,Product A,Active
01-06-2025,Depot D,SKU-074,14,Invalid,Product A,Active
01-06-2025,Depot D,SKU-075,59,Invalid,Product A,Active
01-06-2025,Depot D,SKU-076,44,Invalid,Product A,Active
01-06-2025,Depot D,SKU-077,9,Invalid,Product A,Active
01-06-2025,Depot D,SKU-1053,10,Invalid,Product A,Active
01-06-2025,Depot D,SKU-256,102,Invalid,Product A,Active
01-06-2025,Depot D,SKU-552,12,Invalid,Product A,Active
01-06-2025,Depot D,SKU-553,155,Invalid,Product A,Not Active
01-06-2025,Depot D,SKU-913,117586,Invalid,Product A,Active
01-06-2025,Depot D,SKU-1054,9,Invalid,Product A,Active
01-06-2025,Depot D,SKU-554,20,Invalid,Product A,Active
01-06-2025,Depot D,SKU-079,30,Invalid,Product A,Active
01-06-2025,Depot D,SKU-164,3612,Invalid,Product A,Active
01-06-2025,Depot D,SKU-1055,11,Invalid,Product A,Active
01-06-2025,Depot D,SKU-284,455,Invalid,Product A,Not Active
01-06-2025,Depot D,SKU-165,11733,Invalid,Product A,Active
01-06-2025,Depot D,SKU-558,16,Invalid,Product A,Active
01-06-2025,Depot D,SKU-560,51,Invalid,Product A,Not Active
01-06-2025,Depot D,SKU-166,5699,Invalid,Product A,Active
01-06-2025,Depot D,SKU-561,19,Invalid,Product A,Active
01-06-2025,Depot D,SKU-562,20,Invalid,Product A,Active
01-06-2025,Depot D,SKU-167,4499,Invalid,Product A,Active
01-06-2025,Depot D,SKU-168,12,Invalid,Product A,Active
01-06-2025,Depot D,SKU-563,19,Invalid,Product A,Active
01-06-2025,Depot D,SKU-564,15,Invalid,Product A,Active
01-06-2025,Depot D,SKU-914,42,Invalid,Product A,Not Active
01-06-2025,Depot D,SKU-566,13,Invalid,Product A,Active
01-06-2025,Depot D,SKU-567,9,Invalid,Product A,Active
01-06-2025,Depot D,SKU-1056,22,Invalid,Product A,Active
01-06-2025,Depot D,SKU-568,15,Invalid,Product A,Active
01-06-2025,Depot D,SKU-1057,7,Invalid,Product A,Active
01-06-2025,Depot D,SKU-169,5,Invalid,Product A,Active
01-06-2025,Depot D,SKU-1058,10,Invalid,Product A,Active
01-06-2025,Depot D,SKU-1059,6,Invalid,Product A,Active
01-06-2025,Depot D,SKU-257,60,Invalid,Product A,Active
01-06-2025,Depot D,SKU-571,19,Invalid,Product A,Not Active
01-06-2025,Depot D,SKU-915,5,Invalid,Product A,Active
01-06-2025,Depot D,SKU-1060,30,Invalid,Product A,Active
01-06-2025,Depot D,SKU-087,6,Invalid,Product A,Active
01-06-2025,Depot D,SKU-572,97,Invalid,Product A,Not Active
01-06-2025,Depot D,SKU-170,4,Invalid,Product A,Active
01-06-2025,Depot D,SKU-1061,12,Invalid,Product A,Active
01-06-2025,Depot D,SKU-1062,3,Invalid,Product A,Active
01-06-2025,Depot D,SKU-384,18,Invalid,Product A,Active
01-06-2025,Depot D,SKU-233,20,Invalid,Product A,Active
01-06-2025,Depot D,SKU-385,11,Invalid,Product A,Active
01-06-2025,Depot D,SKU-386,44,Invalid,Product A,Active
01-06-2025,Depot D,SKU-387,60,Invalid,Product A,Active
01-06-2025,Depot D,SKU-388,22,Invalid,Product A,Active
01-06-2025,Depot D,SKU-1063,51,Invalid,Product A,Active
01-06-2025,Depot D,SKU-390,32,Invalid,Product A,Active
01-06-2025,Depot D,SKU-391,10,Invalid,Product A,Active
01-06-2025,Depot D,SKU-1064,5,Invalid,Product A,Active
01-06-2025,Depot D,SKU-091,86,Invalid,Product A,Active
01-06-2025,Depot D,SKU-041,55,Invalid,Product A,Not Active
01-06-2025,Depot D,SKU-042,296,Invalid,Product A,Not Active
01-06-2025,Depot D,SKU-043,215,Invalid,Product A,Not Active
01-06-2025,Depot D,SKU-044,22,Invalid,Product A,Not Active
01-06-2025,Depot D,SKU-045,3,Invalid,Product A,Not Active
01-06-2025,Depot D,SKU-047,7,Invalid,Product A,Not Active
01-06-2025,Depot D,SKU-048,9,Invalid,Product A,Not Active
01-06-2025,Depot D,SKU-049,322,Invalid,Product A,Not Active
01-06-2025,Depot D,SKU-573,2597,Invalid,Product A,Not Active
01-06-2025,Depot D,SKU-574,264,Invalid,Product A,Not Active
01-06-2025,Depot D,SKU-575,157,Invalid,Product A,Not Active
01-06-2025,Depot D,SKU-576,723,Invalid,Product A,Not Active
01-06-2025,Depot D,SKU-577,444,Invalid,Product A,Not Active
01-06-2025,Depot D,SKU-920,30,Invalid,Product A,Not Active
01-06-2025,Depot D,SKU-921,365,Invalid,Product A,Not Active
01-06-2025,Depot D,SKU-092,12245,Invalid,Product A,Active
01-06-2025,Depot D,SKU-578,11,Invalid,Product A,Active
01-06-2025,Depot D,SKU-925,1855,Invalid,Product A,Active
01-06-2025,Depot D,SKU-579,10,Invalid,Product A,Active
01-06-2025,Depot D,SKU-580,269,Invalid,Product A,Active
01-06-2025,Depot D,SKU-584,30,Invalid,Product A,Active
01-06-2025,Depot D,SKU-585,78,Invalid,Product A,Active
01-06-2025,Depot D,SKU-586,2772,Invalid,Product A,Not Active
01-06-2025,Depot D,SKU-587,3915,Invalid,Product A,Active
01-06-2025,Depot D,SKU-093,87,Invalid,Product A,Active
01-06-2025,Depot D,SKU-589,9,Invalid,Product A,Active
01-06-2025,Depot D,SKU-590,987,Invalid,Product A,Active
01-06-2025,Depot D,SKU-593,184,Invalid,Product A,Active
01-06-2025,Depot D,SKU-594,706,Invalid,Product A,Active
01-06-2025,Depot D,SKU-596,59,Invalid,Product A,Active
01-06-2025,Depot D,SKU-598,395,Invalid,Product A,Active
01-06-2025,Depot D,SKU-599,44,Invalid,Product A,Active
01-06-2025,Depot D,SKU-600,715,Invalid,Product A,Active
01-06-2025,Depot D,SKU-179,2558,Invalid,Product A,Active
01-06-2025,Depot D,SKU-285,313,Invalid,Product A,Active
01-06-2025,Depot D,SKU-286,12,Invalid,Product A,Active
01-06-2025,Depot D,SKU-609,280,Invalid,Product A,Active
01-06-2025,Depot D,SKU-928,44,Invalid,Product A,Active
01-06-2025,Depot D,SKU-612,3,Invalid,Product A,Active
01-06-2025,Depot D,SKU-613,24,Invalid,Product A,Active
01-06-2025,Depot D,SKU-931,42,Invalid,Product A,Active
01-06-2025,Depot D,SKU-287,39,Invalid,Product A,Active
01-06-2025,Depot D,SKU-615,54,Invalid,Product A,Active
01-06-2025,Depot D,SKU-616,24,Invalid,Product A,Active
01-06-2025,Depot D,SKU-288,159,Invalid,Product A,Active
01-06-2025,Depot D,SKU-619,195,Invalid,Product A,Active
01-06-2025,Depot D,SKU-932,18,Invalid,Product A,Active
01-06-2025,Depot D,SKU-622,1,Invalid,Product A,Active
01-06-2025,Depot D,SKU-623,44,Invalid,Product A,Active
01-06-2025,Depot D,SKU-632,11,Invalid,Product A,Active
01-06-2025,Depot D,SKU-936,1972,Invalid,Product A,Active
01-06-2025,Depot D,SKU-634,568,Invalid,Product A,Active
01-06-2025,Depot D,SKU-637,26,Invalid,Product A,Active
01-06-2025,Depot D,SKU-638,1,Invalid,Product A,Active
01-06-2025,Depot D,SKU-938,1821,Invalid,Product A,Active
01-06-2025,Depot D,SKU-640,412,Invalid,Product A,Active
01-06-2025,Depot D,SKU-642,30,Invalid,Product A,Active
01-06-2025,Depot D,SKU-643,189,Invalid,Product A,Active
01-06-2025,Depot D,SKU-644,1,Invalid,Product A,Active
01-06-2025,Depot D,SKU-940,1754,Invalid,Product A,Active
01-06-2025,Depot D,SKU-646,711,Invalid,Product A,Active
01-06-2025,Depot D,SKU-647,50,Invalid,Product A,Active
01-06-2025,Depot D,SKU-649,3,Invalid,Product A,Active
01-06-2025,Depot D,SKU-650,1,Invalid,Product A,Active
01-06-2025,Depot D,SKU-942,1163,Invalid,Product A,Active
01-06-2025,Depot D,SKU-289,1,Invalid,Product A,Active
01-06-2025,Depot D,SKU-653,56,Invalid,Product A,Active
01-06-2025,Depot D,SKU-654,2,Invalid,Product A,Active
01-06-2025,Depot D,SKU-944,3500,Invalid,Product A,Active
01-06-2025,Depot D,SKU-655,253,Invalid,Product A,Active
01-06-2025,Depot D,SKU-662,1,Invalid,Product A,Active
01-06-2025,Depot D,SKU-663,12,Invalid,Product A,Active
01-06-2025,Depot D,SKU-949,3,Invalid,Product A,Active
01-06-2025,Depot D,SKU-950,105,Invalid,Product A,Active
01-06-2025,Depot D,SKU-668,2,Invalid,Product A,Active
01-06-2025,Depot D,SKU-953,230,Invalid,Product A,Active
01-06-2025,Depot D,SKU-672,4,Invalid,Product A,Active
01-06-2025,Depot D,SKU-955,49,Invalid,Product A,Active
01-06-2025,Depot D,SKU-673,4,Invalid,Product A,Active
01-06-2025,Depot D,SKU-956,1207,Invalid,Product A,Active
01-06-2025,Depot D,SKU-674,109,Invalid,Product A,Active
01-06-2025,Depot D,SKU-180,292,Invalid,Product A,Active
01-06-2025,Depot D,SKU-392,358,Invalid,Product A,Active
01-06-2025,Depot D,SKU-675,319,Invalid,Product A,Active
01-06-2025,Depot D,SKU-676,140,Invalid,Product A,Active
01-06-2025,Depot D,SKU-678,38,Invalid,Product A,Active
01-06-2025,Depot D,SKU-679,20,Invalid,Product A,Active
01-06-2025,Depot D,SKU-1065,20,Invalid,Product A,Active
01-06-2025,Depot D,SKU-680,20,Invalid,Product A,Active
01-06-2025,Depot D,SKU-099,255,Invalid,Product A,Active
01-06-2025,Depot D,SKU-100,1459,Invalid,Product A,Active
01-06-2025,Depot D,SKU-686,20,Invalid,Product A,Active
01-06-2025,Depot D,SKU-687,39,Invalid,Product A,Active
01-06-2025,Depot D,SKU-101,292,Invalid,Product A,Active
01-06-2025,Depot D,SKU-394,16,Invalid,Product A,Active
01-06-2025,Depot D,SKU-688,38,Invalid,Product A,Active
01-06-2025,Depot D,SKU-181,587,Invalid,Product A,Active
01-06-2025,Depot D,SKU-1066,20,Invalid,Product A,Active
01-06-2025,Depot D,SKU-102,8,Invalid,Product A,Active
01-06-2025,Depot D,SKU-182,36,Invalid,Product A,Active
01-06-2025,Depot D,SKU-318,42,Invalid,Product A,Active
01-06-2025,Depot D,SKU-968,102,Invalid,Product A,Active
01-06-2025,Depot D,SKU-104,107,Invalid,Product A,Active
01-06-2025,Depot D,SKU-693,71,Invalid,Product A,Active
01-06-2025,Depot D,SKU-1067,20,Invalid,Product A,Active
01-06-2025,Depot D,SKU-695,61,Invalid,Product A,Active
01-06-2025,Depot D,SKU-971,21,Invalid,Product A,Active
01-06-2025,Depot D,SKU-696,84,Invalid,Product A,Active
01-06-2025,Depot D,SKU-698,9,Invalid,Product A,Active
01-06-2025,Depot D,SKU-699,907,Invalid,Product A,Active
01-06-2025,Depot D,SKU-707,30,Invalid,Product A,Active
01-06-2025,Depot D,SKU-709,10,Invalid,Product A,Active
01-06-2025,Depot D,SKU-105,312,Invalid,Product A,Active
01-06-2025,Depot D,SKU-1068,10,Invalid,Product A,Active
01-06-2025,Depot D,SKU-395,10,Invalid,Product A,Active
01-06-2025,Depot D,SKU-710,41,Invalid,Product A,Not Active
01-06-2025,Depot D,SKU-711,19,Invalid,Product A,Not Active
01-06-2025,Depot D,SKU-396,8,Invalid,Product A,Not Active
01-06-2025,Depot D,SKU-398,118,Invalid,Product A,Not Active
01-06-2025,Depot D,SKU-713,557,Invalid,Product A,Not Active
01-06-2025,Depot D,SKU-399,2004,Invalid,Product A,Active
01-06-2025,Depot D,SKU-183,115,Invalid,Product A,Active
01-06-2025,Depot D,SKU-319,66,Invalid,Product A,Active
01-06-2025,Depot D,SKU-717,49,Invalid,Product A,Not Active
01-06-2025,Depot D,SKU-718,25,Invalid,Product A,Not Active
01-06-2025,Depot D,SKU-184,10,Invalid,Product A,Active
01-06-2025,Depot D,SKU-320,16,Invalid,Product A,Active
01-06-2025,Depot D,SKU-107,349,Invalid,Product A,Active
01-06-2025,Depot D,SKU-720,20,Invalid,Product A,Active
01-06-2025,Depot D,SKU-721,5,Invalid,Product A,Active
01-06-2025,Depot D,SKU-723,59,Invalid,Product A,Active
01-06-2025,Depot D,SKU-983,44,Invalid,Product A,Active
01-06-2025,Depot D,SKU-727,20,Invalid,Product A,Active
01-06-2025,Depot D,SKU-986,10,Invalid,Product A,Active
01-06-2025,Depot D,SKU-989,10,Invalid,Product A,Active
01-06-2025,Depot D,SKU-990,10,Invalid,Product A,Active
01-06-2025,Depot D,SKU-731,14,Invalid,Product A,Active
01-06-2025,Depot D,SKU-991,59,Invalid,Product A,Active
01-06-2025,Depot D,SKU-992,10,Invalid,Product A,Active
01-06-2025,Depot D,SKU-732,254,Invalid,Product A,Active
01-06-2025,Depot D,SKU-993,10,Invalid,Product A,Active
01-06-2025,Depot D,SKU-185,20,Invalid,Product A,Active
01-06-2025,Depot D,SKU-1069,20,Invalid,Product A,Active
01-06-2025,Depot D,SKU-401,10,Invalid,Product A,Active
01-06-2025,Depot D,SKU-186,126,Invalid,Product A,Active
01-06-2025,Depot D,SKU-187,356,Invalid,Product A,Active
01-06-2025,Depot D,SKU-188,80,Invalid,Product A,Active
01-06-2025,Depot D,SKU-189,278,Invalid,Product A,Active
01-06-2025,Depot D,SKU-190,23,Invalid,Product A,Active
01-06-2025,Depot D,SKU-735,7,Invalid,Product A,Active
01-06-2025,Depot D,SKU-191,99,Invalid,Product A,Active
01-06-2025,Depot D,SKU-737,57,Invalid,Product A,Active
01-06-2025,Depot D,SKU-108,1143,Invalid,Product A,Active
01-06-2025,Depot D,SKU-740,58,Invalid,Product A,Active
01-06-2025,Depot D,SKU-406,1,Invalid,Product A,Not Active
01-06-2025,Depot D,SKU-742,7,Invalid,Product A,Active
01-06-2025,Depot D,SKU-744,93,Invalid,Product A,Active
01-06-2025,Depot D,SKU-749,20,Invalid,Product A,Active
01-06-2025,Depot D,SKU-752,9,Invalid,Product A,Active
01-06-2025,Depot D,SKU-1001,10,Invalid,Product A,Active
01-06-2025,Depot D,SKU-1002,19,Invalid,Product A,Active
01-06-2025,Depot D,SKU-761,235,Invalid,Product A,Active
01-06-2025,Depot D,SKU-413,1,Invalid,Product A,Active
01-06-2025,Depot D,SKU-764,17,Invalid,Product A,Active
01-06-2025,Depot D,SKU-193,8,Invalid,Product A,Active
01-06-2025,Depot D,SKU-1070,1,Invalid,Product A,Not Active
01-06-2025,Depot D,SKU-768,29,Invalid,Product A,Active
01-06-2025,Depot D,SKU-769,14,Invalid,Product A,Active
01-06-2025,Depot D,SKU-1010,4,Invalid,Product A,Not Active
01-06-2025,Depot D,SKU-771,5,Invalid,Product A,Active
01-06-2025,Depot D,SKU-773,13,Invalid,Product A,Active
01-06-2025,Depot D,SKU-775,2,Invalid,Product A,Not Active
01-06-2025,Depot D,SKU-778,110,Invalid,Product A,Active
01-06-2025,Depot D,SKU-418,10,Invalid,Product A,Active
01-06-2025,Depot D,SKU-1071,2,Invalid,Product A,Active
01-06-2025,Depot D,SKU-1072,3,Invalid,Product A,Active
01-06-2025,Depot D,SKU-1073,10,Invalid,Product A,Active
01-06-2025,Depot D,SKU-419,4,Invalid,Product A,Active
01-06-2025,Depot D,SKU-423,12,Invalid,Product A,Active
01-06-2025,Depot D,SKU-1074,10,Invalid,Product A,Active
01-06-2025,Depot D,SKU-782,17,Invalid,Product A,Active
01-06-2025,Depot D,SKU-1075,5,Invalid,Product A,Not Active
01-06-2025,Depot D,SKU-426,6,Invalid,Product A,Active
01-06-2025,Depot D,SKU-430,2,Invalid,Product A,Active
01-06-2025,Depot D,SKU-1018,20,Invalid,Product A,Active
01-06-2025,Depot D,SKU-788,34,Invalid,Product A,Active
01-06-2025,Depot D,SKU-1076,3,Invalid,Product A,Not Active
01-06-2025,Depot D,SKU-432,2,Invalid,Product A,Active
01-06-2025,Depot D,SKU-790,10,Invalid,Product A,Active
01-06-2025,Depot D,SKU-436,16,Invalid,Product A,Active
01-06-2025,Depot D,SKU-1077,20,Invalid,Product A,Active
01-06-2025,Depot D,SKU-791,14,Invalid,Product A,Active
01-06-2025,Depot D,SKU-1078,12,Invalid,Product A,Not Active
01-06-2025,Depot D,SKU-438,6,Invalid,Product A,Active
01-06-2025,Depot D,SKU-795,2,Invalid,Product A,Active
01-06-2025,Depot D,SKU-442,9,Invalid,Product A,Active
01-06-2025,Depot D,SKU-1023,30,Invalid,Product A,Active
01-06-2025,Depot D,SKU-272,13,Invalid,Product A,Active
01-06-2025,Depot D,SKU-1079,10,Invalid,Product A,Not Active
01-06-2025,Depot D,SKU-446,4,Invalid,Product A,Active
01-06-2025,Depot D,SKU-799,2,Invalid,Product A,Active
01-06-2025,Depot D,SKU-450,10,Invalid,Product A,Active
01-06-2025,Depot D,SKU-1031,30,Invalid,Product A,Active
01-06-2025,Depot D,SKU-273,34,Invalid,Product A,Active
01-06-2025,Depot D,SKU-1080,6,Invalid,Product A,Not Active
01-06-2025,Depot D,SKU-804,1,Invalid,Product A,Active
01-06-2025,Depot D,SKU-805,5,Invalid,Product A,Active
01-06-2025,Depot D,SKU-1036,7,Invalid,Product A,Active
01-06-2025,Depot D,SKU-808,19,Invalid,Product A,Active
01-06-2025,Depot D,SKU-809,12,Invalid,Product A,Active
01-06-2025,Depot D,SKU-274,23,Invalid,Product A,Active
01-06-2025,Depot D,SKU-1081,19,Invalid,Product A,Not Active
01-06-2025,Depot D,SKU-813,26,Invalid,Product A,Active
01-06-2025,Depot D,SKU-460,29,Invalid,Product A,Active
01-06-2025,Depot D,SKU-463,6,Invalid,Product A,Active
01-06-2025,Depot D,SKU-115,135,Invalid,Product A,Active
01-06-2025,Depot D,SKU-290,10,Invalid,Product A,Active
01-06-2025,Depot D,SKU-468,63,Invalid,Product A,Active
01-06-2025,Depot D,SKU-194,357,Invalid,Product A,Active
01-06-2025,Depot D,SKU-469,48,Invalid,Product A,Active
01-06-2025,Depot D,SKU-328,45,Invalid,Product A,Active
01-06-2025,Depot D,SKU-118,58,Invalid,Product A,Active
01-06-2025,Depot D,SKU-196,84,Invalid,Product A,Active
01-06-2025,Depot D,SKU-835,20,Invalid,Product A,Active
01-06-2025,Depot D,SKU-1082,10,Invalid,Product A,Active
01-06-2025,Depot D,SKU-837,59,Invalid,Product A,Active
01-06-2025,Depot D,SKU-329,33,Invalid,Product A,Active
01-06-2025,Depot D,SKU-121,68,Invalid,Product A,Active
01-06-2025,Depot D,SKU-122,984,Invalid,Product A,Active
01-06-2025,Depot D,SKU-124,47,Invalid,Product A,Active
01-06-2025,Depot D,SKU-292,8,Invalid,Product A,Active
01-06-2025,Depot D,SKU-125,14,Invalid,Product A,Active
01-06-2025,Depot D,SKU-225,47,Invalid,Product A,Active
01-06-2025,Depot D,SKU-234,10,Invalid,Product A,Active
01-06-2025,Depot D,SKU-259,20,Invalid,Product A,Active
01-06-2025,Depot D,SKU-128,10,Invalid,Product A,Active
01-06-2025,Depot D,SKU-129,54,Invalid,Product A,Active
01-06-2025,Depot D,SKU-470,163,Invalid,Product A,Not Active
01-06-2025,Depot D,SKU-471,4,Invalid,Product A,Not Active
01-06-2025,Depot D,SKU-472,227,Invalid,Product A,Not Active
01-06-2025,Depot D,SKU-473,1050,Invalid,Product A,Active
01-06-2025,Depot D,SKU-474,1364,Invalid,Product A,Not Active
01-06-2025,Depot D,SKU-475,3143,Invalid,Product A,Active
01-06-2025,Depot D,SKU-844,351,Invalid,Product A,Not Active
01-06-2025,Depot D,SKU-060,71,Invalid,Product A,Active
01-06-2025,Depot D,SKU-476,32,Invalid,Product A,Not Active
01-06-2025,Depot D,SKU-847,690,Invalid,Product A,Not Active
01-06-2025,Depot D,SKU-132,53,Invalid,Product A,Active
01-06-2025,Depot D,SKU-851,10,Invalid,Product A,Active
01-06-2025,Depot D,SKU-294,16,Invalid,Product A,Active
01-06-2025,Depot D,SKU-134,24,Invalid,Product A,Active
01-06-2025,Depot D,SKU-330,10,Invalid,Product A,Active
01-06-2025,Depot D,SKU-266,54,Invalid,Product A,Active
01-06-2025,Depot D,SKU-267,11,Invalid,Product A,Active
01-06-2025,Depot D,SKU-135,54,Invalid,Product A,Active
01-06-2025,Depot D,SKU-136,16,Invalid,Product A,Active
01-06-2025,Depot D,SKU-269,21,Invalid,Product A,Active
01-06-2025,Depot D,SKU-260,14,Invalid,Product A,Active
01-06-2025,Depot D,SKU-198,6,Invalid,Product A,Active
01-06-2025,Depot D,SKU-1083,5,Invalid,Product A,Active
01-06-2025,Depot D,SKU-858,10,Invalid,Product A,Active
01-06-2025,Depot D,SKU-859,23,Invalid,Product A,Active
01-06-2025,Depot D,SKU-295,33,Invalid,Product A,Active
01-06-2025,Depot D,SKU-137,20,Invalid,Product A,Active
01-06-2025,Depot D,SKU-297,656,Invalid,Product A,Active
01-06-2025,Depot D,SKU-298,52,Invalid,Product A,Active
01-06-2025,Depot D,SKU-299,71,Invalid,Product A,Active
01-06-2025,Depot D,SKU-300,22,Invalid,Product A,Active
01-06-2025,Depot D,SKU-301,109,Invalid,Product A,Active
01-06-2025,Depot D,SKU-1084,257,Invalid,Product A,Active
01-06-2025,Depot D,SKU-302,49,Invalid,Product A,Active
01-06-2025,Depot D,SKU-303,116,Invalid,Product A,Active
01-06-2025,Depot D,SKU-304,37,Invalid,Product A,Active
01-06-2025,Depot D,SKU-305,9,Invalid,Product A,Active
01-06-2025,Depot D,SKU-867,339,Invalid,Product A,Active
01-06-2025,Depot D,SKU-138,13,Invalid,Product A,Active
01-06-2025,Depot D,SKU-868,43,Invalid,Product A,Active
01-06-2025,Depot D,SKU-306,97,Invalid,Product A,Active
01-06-2025,Depot D,SKU-139,17,Invalid,Product A,Active
01-06-2025,Depot D,SKU-869,110,Invalid,Product A,Active
01-06-2025,Depot D,SKU-307,968,Invalid,Product A,Active
01-06-2025,Depot D,SKU-870,29,Invalid,Product A,Active
01-06-2025,Depot D,SKU-276,8,Invalid,Product A,Active
01-06-2025,Depot D,SKU-141,4,Invalid,Product A,Active
01-06-2025,Depot D,SKU-871,40,Invalid,Product A,Active
01-06-2025,Depot D,SKU-308,764,Invalid,Product A,Active
01-06-2025,Depot D,SKU-873,25,Invalid,Product A,Active
01-06-2025,Depot D,SKU-277,18,Invalid,Product A,Active
01-06-2025,Depot D,SKU-143,7,Invalid,Product A,Active
01-06-2025,Depot D,SKU-874,62,Invalid,Product A,Active
01-06-2025,Depot D,SKU-481,644,Invalid,Product A,Active
01-06-2025,Depot D,SKU-875,10,Invalid,Product A,Active
01-06-2025,Depot D,SKU-279,76,Invalid,Product A,Active
01-06-2025,Depot D,SKU-145,18,Invalid,Product A,Active
01-06-2025,Depot D,SKU-876,31,Invalid,Product A,Active
01-06-2025,Depot D,SKU-309,368,Invalid,Product A,Active
01-06-2025,Depot D,SKU-280,21,Invalid,Product A,Active
01-06-2025,Depot D,SKU-148,18,Invalid,Product A,Active
01-06-2025,Depot D,SKU-881,36,Invalid,Product A,Active
01-06-2025,Depot D,SKU-310,11,Invalid,Product A,Active
01-06-2025,Depot D,SKU-485,5,Invalid,Product A,Active
01-06-2025,Depot D,SKU-311,9,Invalid,Product A,Active
01-06-2025,Depot D,SKU-150,14,Invalid,Product A,Active
01-06-2025,Depot D,SKU-883,25,Invalid,Product A,Active
01-06-2025,Depot D,SKU-486,72,Invalid,Product A,Active
01-06-2025,Depot D,SKU-884,6,Invalid,Product A,Active
01-06-2025,Depot D,SKU-152,4,Invalid,Product A,Active
01-06-2025,Depot D,SKU-885,5,Invalid,Product A,Active
01-06-2025,Depot D,SKU-488,6,Invalid,Product A,Active
01-06-2025,Depot D,SKU-153,5,Invalid,Product A,Active
01-06-2025,Depot D,SKU-886,35,Invalid,Product A,Active
01-06-2025,Depot D,SKU-313,103,Invalid,Product A,Active
01-06-2025,Depot D,SKU-154,21,Invalid,Product A,Active
01-06-2025,Depot D,SKU-887,18,Invalid,Product A,Active
01-06-2025,Depot D,SKU-1085,17,Invalid,Product A,Active
01-06-2025,Depot D,SKU-888,22,Invalid,Product A,Active
01-06-2025,Depot D,SKU-1086,28,Invalid,Product A,Active
01-06-2025,Depot D,SKU-331,46,Invalid,Product A,Active
01-06-2025,Depot D,SKU-1087,41,Invalid,Product A,Active
01-06-2025,Depot D,SKU-332,41,Invalid,Product A,Active
01-06-2025,Depot D,SKU-156,111,Invalid,Product A,Active
01-06-2025,Depot D,SKU-1088,31,Invalid,Product A,Active
01-06-2025,Depot D,SKU-333,62,Invalid,Product A,Active
01-06-2025,Depot D,SKU-1089,33,Invalid,Product A,Active
01-06-2025,Depot D,SKU-334,81,Invalid,Product A,Active
01-06-2025,Depot D,SKU-1090,23,Invalid,Product A,Active
01-06-2025,Depot D,SKU-893,42,Invalid,Product A,Active
01-06-2025,Depot D,SKU-1091,22,Invalid,Product A,Active
01-06-2025,Depot D,SKU-894,35,Invalid,Product A,Active
01-06-2025,Depot D,SKU-1092,16,Invalid,Product A,Active
01-06-2025,Depot D,SKU-895,6,Invalid,Product A,Active
01-06-2025,Depot D,SKU-1093,7,Invalid,Product A,Active
01-06-2025,Depot D,SKU-896,2,Invalid,Product A,Active
01-06-2025,Depot D,SKU-1094,7,Invalid,Product A,Active
01-06-2025,Depot D,SKU-897,9,Invalid,Product A,Active
01-06-2025,Depot E,SKU-489,32,Invalid,Product A,Not Active
01-06-2025,Depot E,SKU-490,0,Invalid,Product A,Not Active
01-06-2025,Depot E,SKU-241,130,Invalid,Product A,Active
01-06-2025,Depot E,SKU-200,1601,Invalid,Product A,Active
01-06-2025,Depot E,SKU-201,41,Invalid,Product A,Active
01-06-2025,Depot E,SKU-493,20,Invalid,Product A,Active
01-06-2025,Depot E,SKU-337,18,Invalid,Product A,Not Active
01-06-2025,Depot E,SKU-338,19417,Invalid,Product A,Not Active
01-06-2025,Depot E,SKU-495,112,Invalid,Product A,Not Active
01-06-2025,Depot E,SKU-1045,20,Invalid,Product A,Active
01-06-2025,Depot E,SKU-004,609,Invalid,Product A,Active
01-06-2025,Depot E,SKU-339,1117,Invalid,Product A,Not Active
01-06-2025,Depot E,SKU-503,30,Invalid,Product A,Active
01-06-2025,Depot E,SKU-504,11,Invalid,Product A,Active
01-06-2025,Depot E,SKU-505,18,Invalid,Product A,Active
01-06-2025,Depot E,SKU-1095,24,Invalid,Product A,Active
01-06-2025,Depot E,SKU-1096,5,Invalid,Product A,Active
01-06-2025,Depot E,SKU-1097,20,Invalid,Product A,Not Active
01-06-2025,Depot E,SKU-204,3467,Invalid,Product A,Active
01-06-2025,Depot E,SKU-062,264,Invalid,Product A,Active
01-06-2025,Depot E,SKU-006,1727,Invalid,Product A,Active
01-06-2025,Depot E,SKU-1098,20,Invalid,Product A,Not Active
01-06-2025,Depot E,SKU-235,101,Invalid,Product A,Active
01-06-2025,Depot E,SKU-343,1624,Invalid,Product A,Not Active
01-06-2025,Depot E,SKU-344,380,Invalid,Product A,Not Active
01-06-2025,Depot E,SKU-345,1643,Invalid,Product A,Not Active
01-06-2025,Depot E,SKU-346,108,Invalid,Product A,Not Active
01-06-2025,Depot E,SKU-206,701,Invalid,Product A,Active
01-06-2025,Depot E,SKU-207,32,Invalid,Product A,Active
01-06-2025,Depot E,SKU-347,59,Invalid,Product A,Active
01-06-2025,Depot E,SKU-902,21985,Invalid,Product A,Active
01-06-2025,Depot E,SKU-348,22188,Invalid,Product A,Active
01-06-2025,Depot E,SKU-349,697,Invalid,Product A,Active
01-06-2025,Depot E,SKU-208,36,Invalid,Product A,Active
01-06-2025,Depot E,SKU-228,101,Invalid,Product A,Active
01-06-2025,Depot E,SKU-350,292,Invalid,Product A,Active
01-06-2025,Depot E,SKU-063,16569,Invalid,Product A,Not Active
01-06-2025,Depot E,SKU-009,26681,Invalid,Product A,Not Active
01-06-2025,Depot E,SKU-314,345,Invalid,Product A,Not Active
01-06-2025,Depot E,SKU-249,343,Invalid,Product A,Not Active
01-06-2025,Depot E,SKU-231,3304,Invalid,Product A,Not Active
01-06-2025,Depot E,SKU-236,461,Invalid,Product A,Not Active
01-06-2025,Depot E,SKU-315,1312,Invalid,Product A,Active
01-06-2025,Depot E,SKU-515,85,Invalid,Product A,Not Active
01-06-2025,Depot E,SKU-516,51,Invalid,Product A,Active
01-06-2025,Depot E,SKU-517,41,Invalid,Product A,Active
01-06-2025,Depot E,SKU-013,168,Invalid,Product A,Not Active
01-06-2025,Depot E,SKU-014,2463,Invalid,Product A,Not Active
01-06-2025,Depot E,SKU-316,415,Invalid,Product A,Not Active
01-06-2025,Depot E,SKU-317,142,Invalid,Product A,Not Active
01-06-2025,Depot E,SKU-1099,11,Invalid,Product A,Active
01-06-2025,Depot E,SKU-252,312,Invalid,Product A,Active
01-06-2025,Depot E,SKU-253,31,Invalid,Product A,Active
01-06-2025,Depot E,SKU-904,7,Invalid,Product A,Active
01-06-2025,Depot E,SKU-351,46,Invalid,Product A,Active
01-06-2025,Depot E,SKU-352,29,Invalid,Product A,Active
01-06-2025,Depot E,SKU-353,5,Invalid,Product A,Active
01-06-2025,Depot E,SKU-354,10,Invalid,Product A,Active
01-06-2025,Depot E,SKU-355,12,Invalid,Product A,Active
01-06-2025,Depot E,SKU-356,13,Invalid,Product A,Active
01-06-2025,Depot E,SKU-519,43,Invalid,Product A,Active
01-06-2025,Depot E,SKU-357,12,Invalid,Product A,Active
01-06-2025,Depot E,SKU-358,4,Invalid,Product A,Active
01-06-2025,Depot E,SKU-360,6,Invalid,Product A,Active
01-06-2025,Depot E,SKU-361,10,Invalid,Product A,Not Active
01-06-2025,Depot E,SKU-362,102,Invalid,Product A,Not Active
01-06-2025,Depot E,SKU-363,78,Invalid,Product A,Not Active
01-06-2025,Depot E,SKU-520,19,Invalid,Product A,Not Active
01-06-2025,Depot E,SKU-364,35,Invalid,Product A,Not Active
01-06-2025,Depot E,SKU-365,14,Invalid,Product A,Not Active
01-06-2025,Depot E,SKU-906,10,Invalid,Product A,Not Active
01-06-2025,Depot E,SKU-367,137,Invalid,Product A,Not Active
01-06-2025,Depot E,SKU-371,1,Invalid,Product A,Not Active
01-06-2025,Depot E,SKU-372,22,Invalid,Product A,Not Active
01-06-2025,Depot E,SKU-374,23,Invalid,Product A,Not Active
01-06-2025,Depot E,SKU-376,24,Invalid,Product A,Not Active
01-06-2025,Depot E,SKU-377,44,Invalid,Product A,Not Active
01-06-2025,Depot E,SKU-261,48,Invalid,Product A,Active
01-06-2025,Depot E,SKU-237,46,Invalid,Product A,Active
01-06-2025,Depot E,SKU-209,167,Invalid,Product A,Active
01-06-2025,Depot E,SKU-238,63,Invalid,Product A,Active
01-06-2025,Depot E,SKU-254,33,Invalid,Product A,Active
01-06-2025,Depot E,SKU-262,12,Invalid,Product A,Active
01-06-2025,Depot E,SKU-065,34,Invalid,Product A,Active
01-06-2025,Depot E,SKU-019,291,Invalid,Product A,Active
01-06-2025,Depot E,SKU-270,17,Invalid,Product A,Active
01-06-2025,Depot E,SKU-066,302,Invalid,Product A,Active
01-06-2025,Depot E,SKU-160,76,Invalid,Product A,Active
01-06-2025,Depot E,SKU-067,76,Invalid,Product A,Active
01-06-2025,Depot E,SKU-255,1908,Invalid,Product A,Active
01-06-2025,Depot E,SKU-271,16,Invalid,Product A,Active
01-06-2025,Depot E,SKU-230,25,Invalid,Product A,Active
01-06-2025,Depot E,SKU-023,69,Invalid,Product A,Active
01-06-2025,Depot E,SKU-379,382,Invalid,Product A,Not Active
01-06-2025,Depot E,SKU-380,56116,Invalid,Product A,Not Active
01-06-2025,Depot E,SKU-542,6309,Invalid,Product A,Not Active
01-06-2025,Depot E,SKU-545,355,Invalid,Product A,Not Active
01-06-2025,Depot E,SKU-381,166,Invalid,Product A,Not Active
01-06-2025,Depot E,SKU-382,11,Invalid,Product A,Active
01-06-2025,Depot E,SKU-548,33,Invalid,Product A,Active
01-06-2025,Depot E,SKU-549,38,Invalid,Product A,Active
01-06-2025,Depot E,SKU-070,67,Invalid,Product A,Active
01-06-2025,Depot E,SKU-071,219,Invalid,Product A,Active
01-06-2025,Depot E,SKU-161,1462,Invalid,Product A,Active
01-06-2025,Depot E,SKU-074,30,Invalid,Product A,Active
01-06-2025,Depot E,SKU-256,203,Invalid,Product A,Active
01-06-2025,Depot E,SKU-552,203,Invalid,Product A,Active
01-06-2025,Depot E,SKU-078,310,Invalid,Product A,Active
01-06-2025,Depot E,SKU-079,109,Invalid,Product A,Active
01-06-2025,Depot E,SKU-212,2786,Invalid,Product A,Active
01-06-2025,Depot E,SKU-080,575,Invalid,Product A,Active
01-06-2025,Depot E,SKU-081,739,Invalid,Product A,Active
01-06-2025,Depot E,SKU-167,239,Invalid,Product A,Active
01-06-2025,Depot E,SKU-083,271,Invalid,Product A,Active
01-06-2025,Depot E,SKU-084,100,Invalid,Product A,Active
01-06-2025,Depot E,SKU-215,33,Invalid,Product A,Active
01-06-2025,Depot E,SKU-1057,17,Invalid,Product A,Active
01-06-2025,Depot E,SKU-257,457,Invalid,Product A,Active
01-06-2025,Depot E,SKU-086,24,Invalid,Product A,Active
01-06-2025,Depot E,SKU-087,492,Invalid,Product A,Active
01-06-2025,Depot E,SKU-217,62,Invalid,Product A,Active
01-06-2025,Depot E,SKU-384,101,Invalid,Product A,Active
01-06-2025,Depot E,SKU-088,1160,Invalid,Product A,Active
01-06-2025,Depot E,SKU-233,180,Invalid,Product A,Active
01-06-2025,Depot E,SKU-385,26,Invalid,Product A,Active
01-06-2025,Depot E,SKU-386,92,Invalid,Product A,Active
01-06-2025,Depot E,SKU-387,47,Invalid,Product A,Active
01-06-2025,Depot E,SKU-1100,17,Invalid,Product A,Active
01-06-2025,Depot E,SKU-388,38,Invalid,Product A,Active
01-06-2025,Depot E,SKU-1101,20,Invalid,Product A,Active
01-06-2025,Depot E,SKU-1063,59,Invalid,Product A,Active
01-06-2025,Depot E,SKU-389,6,Invalid,Product A,Active
01-06-2025,Depot E,SKU-390,32,Invalid,Product A,Active
01-06-2025,Depot E,SKU-1102,6,Invalid,Product A,Active
01-06-2025,Depot E,SKU-391,101,Invalid,Product A,Active
01-06-2025,Depot E,SKU-090,531,Invalid,Product A,Active
01-06-2025,Depot E,SKU-1064,11,Invalid,Product A,Active
01-06-2025,Depot E,SKU-1103,20,Invalid,Product A,Active
01-06-2025,Depot E,SKU-046,532,Invalid,Product A,Not Active
01-06-2025,Depot E,SKU-048,33,Invalid,Product A,Not Active
01-06-2025,Depot E,SKU-049,34,Invalid,Product A,Not Active
01-06-2025,Depot E,SKU-576,122,Invalid,Product A,Not Active
01-06-2025,Depot E,SKU-055,127,Invalid,Product A,Not Active
01-06-2025,Depot E,SKU-057,98,Invalid,Product A,Not Active
01-06-2025,Depot E,SKU-058,268,Invalid,Product A,Not Active
01-06-2025,Depot E,SKU-092,672,Invalid,Product A,Active
01-06-2025,Depot E,SKU-578,3,Invalid,Product A,Active
01-06-2025,Depot E,SKU-925,6,Invalid,Product A,Active
01-06-2025,Depot E,SKU-579,20,Invalid,Product A,Active
01-06-2025,Depot E,SKU-580,1,Invalid,Product A,Active
01-06-2025,Depot E,SKU-581,19,Invalid,Product A,Active
01-06-2025,Depot E,SKU-583,9,Invalid,Product A,Active
01-06-2025,Depot E,SKU-584,9,Invalid,Product A,Active
01-06-2025,Depot E,SKU-585,21,Invalid,Product A,Active
01-06-2025,Depot E,SKU-586,389,Invalid,Product A,Not Active
01-06-2025,Depot E,SKU-587,7,Invalid,Product A,Active
01-06-2025,Depot E,SKU-1104,166,Invalid,Product A,Not Active
01-06-2025,Depot E,SKU-093,87,Invalid,Product A,Active
01-06-2025,Depot E,SKU-588,11,Invalid,Product A,Active
01-06-2025,Depot E,SKU-589,19,Invalid,Product A,Active
01-06-2025,Depot E,SKU-590,2,Invalid,Product A,Active
01-06-2025,Depot E,SKU-592,16,Invalid,Product A,Active
01-06-2025,Depot E,SKU-593,1,Invalid,Product A,Active
01-06-2025,Depot E,SKU-594,2,Invalid,Product A,Active
01-06-2025,Depot E,SKU-595,82,Invalid,Product A,Active
01-06-2025,Depot E,SKU-596,13,Invalid,Product A,Active
01-06-2025,Depot E,SKU-597,12,Invalid,Product A,Active
01-06-2025,Depot E,SKU-598,1,Invalid,Product A,Active
01-06-2025,Depot E,SKU-599,1,Invalid,Product A,Active
01-06-2025,Depot E,SKU-600,1,Invalid,Product A,Active
01-06-2025,Depot E,SKU-1105,1,Invalid,Product A,Active
01-06-2025,Depot E,SKU-1106,1,Invalid,Product A,Active
01-06-2025,Depot E,SKU-1107,1,Invalid,Product A,Active
01-06-2025,Depot E,SKU-606,9,Invalid,Product A,Active
01-06-2025,Depot E,SKU-608,10,Invalid,Product A,Active
01-06-2025,Depot E,SKU-179,1119,Invalid,Product A,Active
01-06-2025,Depot E,SKU-285,81,Invalid,Product A,Active
01-06-2025,Depot E,SKU-927,20,Invalid,Product A,Active
01-06-2025,Depot E,SKU-286,451,Invalid,Product A,Active
01-06-2025,Depot E,SKU-609,121,Invalid,Product A,Active
01-06-2025,Depot E,SKU-610,20,Invalid,Product A,Active
01-06-2025,Depot E,SKU-611,22,Invalid,Product A,Active
01-06-2025,Depot E,SKU-612,25,Invalid,Product A,Active
01-06-2025,Depot E,SKU-613,105,Invalid,Product A,Active
01-06-2025,Depot E,SKU-930,702,Invalid,Product A,Not Active
01-06-2025,Depot E,SKU-931,266,Invalid,Product A,Active
01-06-2025,Depot E,SKU-287,384,Invalid,Product A,Active
01-06-2025,Depot E,SKU-614,24,Invalid,Product A,Not Active
01-06-2025,Depot E,SKU-615,45,Invalid,Product A,Active
01-06-2025,Depot E,SKU-616,10,Invalid,Product A,Active
01-06-2025,Depot E,SKU-288,514,Invalid,Product A,Active
01-06-2025,Depot E,SKU-619,21,Invalid,Product A,Active
01-06-2025,Depot E,SKU-620,11,Invalid,Product A,Active
01-06-2025,Depot E,SKU-932,13,Invalid,Product A,Active
01-06-2025,Depot E,SKU-621,10,Invalid,Product A,Active
01-06-2025,Depot E,SKU-622,34,Invalid,Product A,Active
01-06-2025,Depot E,SKU-623,17,Invalid,Product A,Active
01-06-2025,Depot E,SKU-934,83,Invalid,Product A,Active
01-06-2025,Depot E,SKU-935,10,Invalid,Product A,Active
01-06-2025,Depot E,SKU-631,22,Invalid,Product A,Active
01-06-2025,Depot E,SKU-633,33,Invalid,Product A,Active
01-06-2025,Depot E,SKU-634,18,Invalid,Product A,Active
01-06-2025,Depot E,SKU-937,13,Invalid,Product A,Active
01-06-2025,Depot E,SKU-636,1,Invalid,Product A,Active
01-06-2025,Depot E,SKU-637,174,Invalid,Product A,Active
01-06-2025,Depot E,SKU-638,60,Invalid,Product A,Active
01-06-2025,Depot E,SKU-938,2,Invalid,Product A,Active
01-06-2025,Depot E,SKU-639,34,Invalid,Product A,Active
01-06-2025,Depot E,SKU-640,74,Invalid,Product A,Active
01-06-2025,Depot E,SKU-939,27,Invalid,Product A,Active
01-06-2025,Depot E,SKU-641,102,Invalid,Product A,Active
01-06-2025,Depot E,SKU-642,1,Invalid,Product A,Active
01-06-2025,Depot E,SKU-643,22,Invalid,Product A,Active
01-06-2025,Depot E,SKU-644,8,Invalid,Product A,Active
01-06-2025,Depot E,SKU-940,8,Invalid,Product A,Active
01-06-2025,Depot E,SKU-645,65,Invalid,Product A,Active
01-06-2025,Depot E,SKU-646,20,Invalid,Product A,Active
01-06-2025,Depot E,SKU-941,33,Invalid,Product A,Active
01-06-2025,Depot E,SKU-647,52,Invalid,Product A,Active
01-06-2025,Depot E,SKU-648,2,Invalid,Product A,Active
01-06-2025,Depot E,SKU-649,11,Invalid,Product A,Active
01-06-2025,Depot E,SKU-650,9,Invalid,Product A,Active
01-06-2025,Depot E,SKU-094,8,Invalid,Product A,Active
01-06-2025,Depot E,SKU-651,16,Invalid,Product A,Active
01-06-2025,Depot E,SKU-943,21,Invalid,Product A,Active
01-06-2025,Depot E,SKU-652,10,Invalid,Product A,Active
01-06-2025,Depot E,SKU-289,6,Invalid,Product A,Active
01-06-2025,Depot E,SKU-653,30,Invalid,Product A,Active
01-06-2025,Depot E,SKU-654,17,Invalid,Product A,Active
01-06-2025,Depot E,SKU-944,5,Invalid,Product A,Active
01-06-2025,Depot E,SKU-095,52,Invalid,Product A,Active
01-06-2025,Depot E,SKU-655,41,Invalid,Product A,Active
01-06-2025,Depot E,SKU-945,61,Invalid,Product A,Active
01-06-2025,Depot E,SKU-656,170,Invalid,Product A,Active
01-06-2025,Depot E,SKU-657,2,Invalid,Product A,Active
01-06-2025,Depot E,SKU-658,1,Invalid,Product A,Active
01-06-2025,Depot E,SKU-946,6,Invalid,Product A,Active
01-06-2025,Depot E,SKU-659,20,Invalid,Product A,Active
01-06-2025,Depot E,SKU-660,14,Invalid,Product A,Active
01-06-2025,Depot E,SKU-948,10,Invalid,Product A,Active
01-06-2025,Depot E,SKU-661,6,Invalid,Product A,Active
01-06-2025,Depot E,SKU-662,1,Invalid,Product A,Active
01-06-2025,Depot E,SKU-663,67,Invalid,Product A,Active
01-06-2025,Depot E,SKU-949,11,Invalid,Product A,Active
01-06-2025,Depot E,SKU-950,5,Invalid,Product A,Active
01-06-2025,Depot E,SKU-664,62,Invalid,Product A,Active
01-06-2025,Depot E,SKU-665,33,Invalid,Product A,Active
01-06-2025,Depot E,SKU-951,18,Invalid,Product A,Active
01-06-2025,Depot E,SKU-666,9,Invalid,Product A,Active
01-06-2025,Depot E,SKU-668,6,Invalid,Product A,Active
01-06-2025,Depot E,SKU-669,27,Invalid,Product A,Active
01-06-2025,Depot E,SKU-670,11,Invalid,Product A,Active
01-06-2025,Depot E,SKU-954,14,Invalid,Product A,Active
01-06-2025,Depot E,SKU-671,10,Invalid,Product A,Active
01-06-2025,Depot E,SKU-955,36,Invalid,Product A,Active
01-06-2025,Depot E,SKU-673,17,Invalid,Product A,Active
01-06-2025,Depot E,SKU-956,10,Invalid,Product A,Active
01-06-2025,Depot E,SKU-096,21,Invalid,Product A,Active
01-06-2025,Depot E,SKU-958,28,Invalid,Product A,Active
01-06-2025,Depot E,SKU-674,68,Invalid,Product A,Active
01-06-2025,Depot E,SKU-180,1311,Invalid,Product A,Active
01-06-2025,Depot E,SKU-392,8,Invalid,Product A,Active
01-06-2025,Depot E,SKU-675,938,Invalid,Product A,Active
01-06-2025,Depot E,SKU-676,184,Invalid,Product A,Active
01-06-2025,Depot E,SKU-677,75,Invalid,Product A,Active
01-06-2025,Depot E,SKU-678,164,Invalid,Product A,Active
01-06-2025,Depot E,SKU-098,13,Invalid,Product A,Active
01-06-2025,Depot E,SKU-679,66,Invalid,Product A,Active
01-06-2025,Depot E,SKU-680,6,Invalid,Product A,Active
01-06-2025,Depot E,SKU-099,4,Invalid,Product A,Active
01-06-2025,Depot E,SKU-959,40,Invalid,Product A,Not Active
01-06-2025,Depot E,SKU-683,61,Invalid,Product A,Active
01-06-2025,Depot E,SKU-393,93,Invalid,Product A,Active
01-06-2025,Depot E,SKU-684,106,Invalid,Product A,Active
01-06-2025,Depot E,SKU-100,190,Invalid,Product A,Active
01-06-2025,Depot E,SKU-685,20,Invalid,Product A,Active
01-06-2025,Depot E,SKU-1108,60,Invalid,Product A,Active
01-06-2025,Depot E,SKU-394,25,Invalid,Product A,Active
01-06-2025,Depot E,SKU-688,108,Invalid,Product A,Active
01-06-2025,Depot E,SKU-181,61,Invalid,Product A,Active
01-06-2025,Depot E,SKU-964,10,Invalid,Product A,Not Active
01-06-2025,Depot E,SKU-689,78,Invalid,Product A,Active
01-06-2025,Depot E,SKU-182,112,Invalid,Product A,Active
01-06-2025,Depot E,SKU-318,466,Invalid,Product A,Active
01-06-2025,Depot E,SKU-103,238,Invalid,Product A,Active
01-06-2025,Depot E,SKU-691,38,Invalid,Product A,Active
01-06-2025,Depot E,SKU-104,23,Invalid,Product A,Active
01-06-2025,Depot E,SKU-694,1,Invalid,Product A,Active
01-06-2025,Depot E,SKU-695,17,Invalid,Product A,Active
01-06-2025,Depot E,SKU-971,118,Invalid,Product A,Active
01-06-2025,Depot E,SKU-696,48,Invalid,Product A,Active
01-06-2025,Depot E,SKU-699,23,Invalid,Product A,Active
01-06-2025,Depot E,SKU-973,20,Invalid,Product A,Active
01-06-2025,Depot E,SKU-700,10,Invalid,Product A,Not Active
01-06-2025,Depot E,SKU-702,10,Invalid,Product A,Not Active
01-06-2025,Depot E,SKU-975,26,Invalid,Product A,Active
01-06-2025,Depot E,SKU-703,51,Invalid,Product A,Active
01-06-2025,Depot E,SKU-976,135,Invalid,Product A,Active
01-06-2025,Depot E,SKU-704,1,Invalid,Product A,Active
01-06-2025,Depot E,SKU-709,51,Invalid,Product A,Active
01-06-2025,Depot E,SKU-711,103,Invalid,Product A,Not Active
01-06-2025,Depot E,SKU-396,135,Invalid,Product A,Not Active
01-06-2025,Depot E,SKU-397,679,Invalid,Product A,Active
01-06-2025,Depot E,SKU-398,342,Invalid,Product A,Not Active
01-06-2025,Depot E,SKU-712,847,Invalid,Product A,Active
01-06-2025,Depot E,SKU-713,831,Invalid,Product A,Not Active
01-06-2025,Depot E,SKU-399,290,Invalid,Product A,Active
01-06-2025,Depot E,SKU-183,153,Invalid,Product A,Active
01-06-2025,Depot E,SKU-715,101,Invalid,Product A,Not Active
01-06-2025,Depot E,SKU-319,230,Invalid,Product A,Active
01-06-2025,Depot E,SKU-718,438,Invalid,Product A,Not Active
01-06-2025,Depot E,SKU-719,371,Invalid,Product A,Not Active
01-06-2025,Depot E,SKU-184,97,Invalid,Product A,Active
01-06-2025,Depot E,SKU-320,22,Invalid,Product A,Active
01-06-2025,Depot E,SKU-107,99,Invalid,Product A,Active
01-06-2025,Depot E,SKU-981,11,Invalid,Product A,Active
01-06-2025,Depot E,SKU-720,17,Invalid,Product A,Active
01-06-2025,Depot E,SKU-982,31,Invalid,Product A,Active
01-06-2025,Depot E,SKU-723,24,Invalid,Product A,Active
01-06-2025,Depot E,SKU-983,21,Invalid,Product A,Active
01-06-2025,Depot E,SKU-726,77,Invalid,Product A,Active
01-06-2025,Depot E,SKU-727,31,Invalid,Product A,Active
01-06-2025,Depot E,SKU-728,10,Invalid,Product A,Active
01-06-2025,Depot E,SKU-1109,71,Invalid,Product A,Active
01-06-2025,Depot E,SKU-987,142,Invalid,Product A,Active
01-06-2025,Depot E,SKU-732,10,Invalid,Product A,Active
01-06-2025,Depot E,SKU-993,28,Invalid,Product A,Active
01-06-2025,Depot E,SKU-994,33,Invalid,Product A,Active
01-06-2025,Depot E,SKU-185,17,Invalid,Product A,Active
01-06-2025,Depot E,SKU-995,10,Invalid,Product A,Active
01-06-2025,Depot E,SKU-996,9,Invalid,Product A,Active
01-06-2025,Depot E,SKU-997,1,Invalid,Product A,Active
01-06-2025,Depot E,SKU-186,130,Invalid,Product A,Active
01-06-2025,Depot E,SKU-187,99,Invalid,Product A,Active
01-06-2025,Depot E,SKU-188,13,Invalid,Product A,Active
01-06-2025,Depot E,SKU-321,54,Invalid,Product A,Active
01-06-2025,Depot E,SKU-190,56,Invalid,Product A,Active
01-06-2025,Depot E,SKU-735,17,Invalid,Product A,Active
01-06-2025,Depot E,SKU-191,42,Invalid,Product A,Active
01-06-2025,Depot E,SKU-736,40,Invalid,Product A,Active
01-06-2025,Depot E,SKU-1110,13,Invalid,Product A,Active
01-06-2025,Depot E,SKU-737,20,Invalid,Product A,Active
01-06-2025,Depot E,SKU-403,20,Invalid,Product A,Active
01-06-2025,Depot E,SKU-998,41,Invalid,Product A,Not Active
01-06-2025,Depot E,SKU-404,20,Invalid,Product A,Active
01-06-2025,Depot E,SKU-739,1,Invalid,Product A,Active
01-06-2025,Depot E,SKU-740,10,Invalid,Product A,Active
01-06-2025,Depot E,SKU-109,105,Invalid,Product A,Active
01-06-2025,Depot E,SKU-405,44,Invalid,Product A,Active
01-06-2025,Depot E,SKU-742,23,Invalid,Product A,Active
01-06-2025,Depot E,SKU-743,50,Invalid,Product A,Active
01-06-2025,Depot E,SKU-744,12,Invalid,Product A,Active
01-06-2025,Depot E,SKU-110,36,Invalid,Product A,Active
01-06-2025,Depot E,SKU-407,24,Invalid,Product A,Active
01-06-2025,Depot E,SKU-747,37,Invalid,Product A,Active
01-06-2025,Depot E,SKU-748,105,Invalid,Product A,Active
01-06-2025,Depot E,SKU-749,201,Invalid,Product A,Active
01-06-2025,Depot E,SKU-111,18,Invalid,Product A,Active
01-06-2025,Depot E,SKU-751,99,Invalid,Product A,Active
01-06-2025,Depot E,SKU-409,73,Invalid,Product A,Not Active
01-06-2025,Depot E,SKU-752,20,Invalid,Product A,Active
01-06-2025,Depot E,SKU-753,40,Invalid,Product A,Active
01-06-2025,Depot E,SKU-410,103,Invalid,Product A,Active
01-06-2025,Depot E,SKU-112,332,Invalid,Product A,Active
01-06-2025,Depot E,SKU-411,79,Invalid,Product A,Active
01-06-2025,Depot E,SKU-1000,1,Invalid,Product A,Active
01-06-2025,Depot E,SKU-1001,10,Invalid,Product A,Active
01-06-2025,Depot E,SKU-1002,137,Invalid,Product A,Active
01-06-2025,Depot E,SKU-1003,56,Invalid,Product A,Active
01-06-2025,Depot E,SKU-757,20,Invalid,Product A,Active
01-06-2025,Depot E,SKU-758,25,Invalid,Product A,Active
01-06-2025,Depot E,SKU-1005,101,Invalid,Product A,Active
01-06-2025,Depot E,SKU-322,15,Invalid,Product A,Active
01-06-2025,Depot E,SKU-412,12,Invalid,Product A,Active
01-06-2025,Depot E,SKU-761,29,Invalid,Product A,Active
01-06-2025,Depot E,SKU-762,10,Invalid,Product A,Active
01-06-2025,Depot E,SKU-192,24,Invalid,Product A,Active
01-06-2025,Depot E,SKU-1008,20,Invalid,Product A,Not Active
01-06-2025,Depot E,SKU-413,12,Invalid,Product A,Active
01-06-2025,Depot E,SKU-763,8,Invalid,Product A,Active
01-06-2025,Depot E,SKU-764,3,Invalid,Product A,Active
01-06-2025,Depot E,SKU-193,51,Invalid,Product A,Active
01-06-2025,Depot E,SKU-414,58,Invalid,Product A,Active
01-06-2025,Depot E,SKU-769,61,Invalid,Product A,Active
01-06-2025,Depot E,SKU-416,49,Invalid,Product A,Active
01-06-2025,Depot E,SKU-417,5,Invalid,Product A,Active
01-06-2025,Depot E,SKU-771,5,Invalid,Product A,Active
01-06-2025,Depot E,SKU-772,45,Invalid,Product A,Active
01-06-2025,Depot E,SKU-773,29,Invalid,Product A,Active
01-06-2025,Depot E,SKU-774,1,Invalid,Product A,Active
01-06-2025,Depot E,SKU-776,40,Invalid,Product A,Active
01-06-2025,Depot E,SKU-777,14,Invalid,Product A,Active
01-06-2025,Depot E,SKU-778,18,Invalid,Product A,Active
01-06-2025,Depot E,SKU-113,64,Invalid,Product A,Active
01-06-2025,Depot E,SKU-1072,4,Invalid,Product A,Active
01-06-2025,Depot E,SKU-1111,10,Invalid,Product A,Active
01-06-2025,Depot E,SKU-1073,55,Invalid,Product A,Active
01-06-2025,Depot E,SKU-1112,2,Invalid,Product A,Not Active
01-06-2025,Depot E,SKU-1113,6,Invalid,Product A,Not Active
01-06-2025,Depot E,SKU-419,1,Invalid,Product A,Active
01-06-2025,Depot E,SKU-420,1,Invalid,Product A,Not Active
01-06-2025,Depot E,SKU-781,10,Invalid,Product A,Active
01-06-2025,Depot E,SKU-421,9,Invalid,Product A,Active
01-06-2025,Depot E,SKU-1013,7,Invalid,Product A,Not Active
01-06-2025,Depot E,SKU-1114,2,Invalid,Product A,Not Active
01-06-2025,Depot E,SKU-1014,1,Invalid,Product A,Active
01-06-2025,Depot E,SKU-423,10,Invalid,Product A,Active
01-06-2025,Depot E,SKU-1015,35,Invalid,Product A,Active
01-06-2025,Depot E,SKU-323,39,Invalid,Product A,Active
01-06-2025,Depot E,SKU-782,64,Invalid,Product A,Active
01-06-2025,Depot E,SKU-783,1,Invalid,Product A,Not Active
01-06-2025,Depot E,SKU-784,2,Invalid,Product A,Not Active
01-06-2025,Depot E,SKU-1075,1,Invalid,Product A,Not Active
01-06-2025,Depot E,SKU-785,10,Invalid,Product A,Not Active
01-06-2025,Depot E,SKU-426,1,Invalid,Product A,Active
01-06-2025,Depot E,SKU-427,15,Invalid,Product A,Not Active
01-06-2025,Depot E,SKU-786,1,Invalid,Product A,Active
01-06-2025,Depot E,SKU-428,12,Invalid,Product A,Active
01-06-2025,Depot E,SKU-429,5,Invalid,Product A,Not Active
01-06-2025,Depot E,SKU-1115,1,Invalid,Product A,Not Active
01-06-2025,Depot E,SKU-1116,2,Invalid,Product A,Active
01-06-2025,Depot E,SKU-430,27,Invalid,Product A,Active
01-06-2025,Depot E,SKU-1017,31,Invalid,Product A,Active
01-06-2025,Depot E,SKU-787,69,Invalid,Product A,Active
01-06-2025,Depot E,SKU-1018,20,Invalid,Product A,Active
01-06-2025,Depot E,SKU-788,105,Invalid,Product A,Active
01-06-2025,Depot E,SKU-1117,11,Invalid,Product A,Not Active
01-06-2025,Depot E,SKU-1118,9,Invalid,Product A,Not Active
01-06-2025,Depot E,SKU-789,4,Invalid,Product A,Not Active
01-06-2025,Depot E,SKU-432,4,Invalid,Product A,Active
01-06-2025,Depot E,SKU-433,1,Invalid,Product A,Not Active
01-06-2025,Depot E,SKU-790,5,Invalid,Product A,Active
01-06-2025,Depot E,SKU-434,23,Invalid,Product A,Active
01-06-2025,Depot E,SKU-1019,10,Invalid,Product A,Not Active
01-06-2025,Depot E,SKU-1119,5,Invalid,Product A,Not Active
01-06-2025,Depot E,SKU-1120,1,Invalid,Product A,Active
01-06-2025,Depot E,SKU-436,4,Invalid,Product A,Active
01-06-2025,Depot E,SKU-1020,33,Invalid,Product A,Active
01-06-2025,Depot E,SKU-324,80,Invalid,Product A,Active
01-06-2025,Depot E,SKU-791,29,Invalid,Product A,Active
01-06-2025,Depot E,SKU-793,4,Invalid,Product A,Not Active
01-06-2025,Depot E,SKU-794,1,Invalid,Product A,Not Active
01-06-2025,Depot E,SKU-438,1,Invalid,Product A,Active
01-06-2025,Depot E,SKU-439,1,Invalid,Product A,Not Active
01-06-2025,Depot E,SKU-795,1,Invalid,Product A,Active
01-06-2025,Depot E,SKU-440,5,Invalid,Product A,Active
01-06-2025,Depot E,SKU-1021,7,Invalid,Product A,Not Active
01-06-2025,Depot E,SKU-1121,2,Invalid,Product A,Not Active
01-06-2025,Depot E,SKU-442,24,Invalid,Product A,Active
01-06-2025,Depot E,SKU-1022,48,Invalid,Product A,Active
01-06-2025,Depot E,SKU-325,36,Invalid,Product A,Active
01-06-2025,Depot E,SKU-1023,20,Invalid,Product A,Active
01-06-2025,Depot E,SKU-272,56,Invalid,Product A,Active
01-06-2025,Depot E,SKU-796,10,Invalid,Product A,Not Active
01-06-2025,Depot E,SKU-1122,5,Invalid,Product A,Not Active
01-06-2025,Depot E,SKU-797,3,Invalid,Product A,Not Active
01-06-2025,Depot E,SKU-1079,5,Invalid,Product A,Not Active
01-06-2025,Depot E,SKU-798,10,Invalid,Product A,Not Active
01-06-2025,Depot E,SKU-1123,1,Invalid,Product A,Active
01-06-2025,Depot E,SKU-1124,7,Invalid,Product A,Not Active
01-06-2025,Depot E,SKU-1024,1,Invalid,Product A,Active
01-06-2025,Depot E,SKU-1025,1,Invalid,Product A,Active
01-06-2025,Depot E,SKU-1125,3,Invalid,Product A,Not Active
01-06-2025,Depot E,SKU-1026,1,Invalid,Product A,Active
01-06-2025,Depot E,SKU-1027,21,Invalid,Product A,Active
01-06-2025,Depot E,SKU-444,5,Invalid,Product A,Active
01-06-2025,Depot E,SKU-445,45,Invalid,Product A,Active
01-06-2025,Depot E,SKU-1028,1,Invalid,Product A,Not Active
01-06-2025,Depot E,SKU-1126,4,Invalid,Product A,Not Active
01-06-2025,Depot E,SKU-1127,2,Invalid,Product A,Not Active
01-06-2025,Depot E,SKU-446,1,Invalid,Product A,Active
01-06-2025,Depot E,SKU-447,3,Invalid,Product A,Not Active
01-06-2025,Depot E,SKU-799,2,Invalid,Product A,Active
01-06-2025,Depot E,SKU-448,1,Invalid,Product A,Active
01-06-2025,Depot E,SKU-449,5,Invalid,Product A,Not Active
01-06-2025,Depot E,SKU-1029,1,Invalid,Product A,Not Active
01-06-2025,Depot E,SKU-1128,1,Invalid,Product A,Active
01-06-2025,Depot E,SKU-450,18,Invalid,Product A,Active
01-06-2025,Depot E,SKU-1030,30,Invalid,Product A,Active
01-06-2025,Depot E,SKU-326,16,Invalid,Product A,Active
01-06-2025,Depot E,SKU-1031,20,Invalid,Product A,Active
01-06-2025,Depot E,SKU-273,127,Invalid,Product A,Active
01-06-2025,Depot E,SKU-801,12,Invalid,Product A,Not Active
01-06-2025,Depot E,SKU-1080,1,Invalid,Product A,Not Active
01-06-2025,Depot E,SKU-802,5,Invalid,Product A,Not Active
01-06-2025,Depot E,SKU-1129,2,Invalid,Product A,Not Active
01-06-2025,Depot E,SKU-803,1,Invalid,Product A,Active
01-06-2025,Depot E,SKU-452,1,Invalid,Product A,Active
01-06-2025,Depot E,SKU-1130,5,Invalid,Product A,Not Active
01-06-2025,Depot E,SKU-1131,1,Invalid,Product A,Active
01-06-2025,Depot E,SKU-805,47,Invalid,Product A,Active
01-06-2025,Depot E,SKU-1132,1,Invalid,Product A,Not Active
01-06-2025,Depot E,SKU-453,4,Invalid,Product A,Not Active
01-06-2025,Depot E,SKU-806,3,Invalid,Product A,Not Active
01-06-2025,Depot E,SKU-808,1,Invalid,Product A,Active
01-06-2025,Depot E,SKU-454,8,Invalid,Product A,Active
01-06-2025,Depot E,SKU-809,20,Invalid,Product A,Active
01-06-2025,Depot E,SKU-1039,10,Invalid,Product A,Active
01-06-2025,Depot E,SKU-327,11,Invalid,Product A,Active
01-06-2025,Depot E,SKU-274,67,Invalid,Product A,Active
01-06-2025,Depot E,SKU-1133,1,Invalid,Product A,Not Active
01-06-2025,Depot E,SKU-812,5,Invalid,Product A,Active
01-06-2025,Depot E,SKU-813,6,Invalid,Product A,Active
01-06-2025,Depot E,SKU-814,1,Invalid,Product A,Active
01-06-2025,Depot E,SKU-456,0,Invalid,Product A,Active
01-06-2025,Depot E,SKU-815,7,Invalid,Product A,Active
01-06-2025,Depot E,SKU-457,7,Invalid,Product A,Active
01-06-2025,Depot E,SKU-816,1,Invalid,Product A,Active
01-06-2025,Depot E,SKU-458,3,Invalid,Product A,Active
01-06-2025,Depot E,SKU-817,4,Invalid,Product A,Active
01-06-2025,Depot E,SKU-459,1,Invalid,Product A,Active
01-06-2025,Depot E,SKU-818,2,Invalid,Product A,Active
01-06-2025,Depot E,SKU-819,1,Invalid,Product A,Active
01-06-2025,Depot E,SKU-820,1,Invalid,Product A,Active
01-06-2025,Depot E,SKU-460,19,Invalid,Product A,Active
01-06-2025,Depot E,SKU-821,2,Invalid,Product A,Active
01-06-2025,Depot E,SKU-461,5,Invalid,Product A,Active
01-06-2025,Depot E,SKU-1134,2,Invalid,Product A,Active
01-06-2025,Depot E,SKU-462,3,Invalid,Product A,Active
01-06-2025,Depot E,SKU-1042,1,Invalid,Product A,Active
01-06-2025,Depot E,SKU-822,5,Invalid,Product A,Active
01-06-2025,Depot E,SKU-823,1,Invalid,Product A,Active
01-06-2025,Depot E,SKU-463,6,Invalid,Product A,Active
01-06-2025,Depot E,SKU-824,1,Invalid,Product A,Active
01-06-2025,Depot E,SKU-464,15,Invalid,Product A,Active
01-06-2025,Depot E,SKU-1135,2,Invalid,Product A,Active
01-06-2025,Depot E,SKU-825,9,Invalid,Product A,Active
01-06-2025,Depot E,SKU-826,1,Invalid,Product A,Active
01-06-2025,Depot E,SKU-828,3,Invalid,Product A,Active
01-06-2025,Depot E,SKU-466,4,Invalid,Product A,Active
01-06-2025,Depot E,SKU-1136,2,Invalid,Product A,Active
01-06-2025,Depot E,SKU-290,13,Invalid,Product A,Active
01-06-2025,Depot E,SKU-468,13,Invalid,Product A,Active
01-06-2025,Depot E,SKU-275,26,Invalid,Product A,Active
01-06-2025,Depot E,SKU-469,443,Invalid,Product A,Active
01-06-2025,Depot E,SKU-328,112,Invalid,Product A,Active
01-06-2025,Depot E,SKU-119,697,Invalid,Product A,Active
01-06-2025,Depot E,SKU-834,10,Invalid,Product A,Active
01-06-2025,Depot E,SKU-329,344,Invalid,Product A,Active
01-06-2025,Depot E,SKU-121,445,Invalid,Product A,Active
01-06-2025,Depot E,SKU-291,139,Invalid,Product A,Active
01-06-2025,Depot E,SKU-124,168,Invalid,Product A,Active
01-06-2025,Depot E,SKU-292,105,Invalid,Product A,Active
01-06-2025,Depot E,SKU-125,41,Invalid,Product A,Active
01-06-2025,Depot E,SKU-841,14,Invalid,Product A,Active
01-06-2025,Depot E,SKU-263,20,Invalid,Product A,Active
01-06-2025,Depot E,SKU-293,41,Invalid,Product A,Active
01-06-2025,Depot E,SKU-234,70,Invalid,Product A,Active
01-06-2025,Depot E,SKU-842,20,Invalid,Product A,Active
01-06-2025,Depot E,SKU-127,15,Invalid,Product A,Active
01-06-2025,Depot E,SKU-259,63,Invalid,Product A,Active
01-06-2025,Depot E,SKU-129,16,Invalid,Product A,Active
01-06-2025,Depot E,SKU-264,108,Invalid,Product A,Active
01-06-2025,Depot E,SKU-258,35,Invalid,Product A,Active
01-06-2025,Depot E,SKU-470,12,Invalid,Product A,Not Active
01-06-2025,Depot E,SKU-471,108,Invalid,Product A,Not Active
01-06-2025,Depot E,SKU-472,1157,Invalid,Product A,Not Active
01-06-2025,Depot E,SKU-473,9198,Invalid,Product A,Active
01-06-2025,Depot E,SKU-474,4261,Invalid,Product A,Not Active
01-06-2025,Depot E,SKU-475,21410,Invalid,Product A,Active
01-06-2025,Depot E,SKU-844,7865,Invalid,Product A,Not Active
01-06-2025,Depot E,SKU-476,35,Invalid,Product A,Not Active
01-06-2025,Depot E,SKU-847,90,Invalid,Product A,Not Active
01-06-2025,Depot E,SKU-852,35,Invalid,Product A,Active
01-06-2025,Depot E,SKU-294,79,Invalid,Product A,Active
01-06-2025,Depot E,SKU-134,39,Invalid,Product A,Active
01-06-2025,Depot E,SKU-265,47,Invalid,Product A,Active
01-06-2025,Depot E,SKU-266,73,Invalid,Product A,Active
01-06-2025,Depot E,SKU-267,78,Invalid,Product A,Active
01-06-2025,Depot E,SKU-135,352,Invalid,Product A,Active
01-06-2025,Depot E,SKU-268,282,Invalid,Product A,Active
01-06-2025,Depot E,SKU-136,699,Invalid,Product A,Active
01-06-2025,Depot E,SKU-269,185,Invalid,Product A,Active
01-06-2025,Depot E,SKU-219,461,Invalid,Product A,Active
01-06-2025,Depot E,SKU-260,54,Invalid,Product A,Active
01-06-2025,Depot E,SKU-296,18,Invalid,Product A,Active
01-06-2025,Depot E,SKU-137,540,Invalid,Product A,Active
01-06-2025,Depot E,SKU-297,405,Invalid,Product A,Active
01-06-2025,Depot E,SKU-298,406,Invalid,Product A,Active
01-06-2025,Depot E,SKU-299,51,Invalid,Product A,Active
01-06-2025,Depot E,SKU-861,80,Invalid,Product A,Active
01-06-2025,Depot E,SKU-300,232,Invalid,Product A,Active
01-06-2025,Depot E,SKU-1137,918,Invalid,Product A,Active
01-06-2025,Depot E,SKU-301,37,Invalid,Product A,Active
01-06-2025,Depot E,SKU-1138,554,Invalid,Product A,Active
01-06-2025,Depot E,SKU-862,504,Invalid,Product A,Active
01-06-2025,Depot E,SKU-302,45,Invalid,Product A,Active
01-06-2025,Depot E,SKU-303,136,Invalid,Product A,Active
01-06-2025,Depot E,SKU-477,105,Invalid,Product A,Active
01-06-2025,Depot E,SKU-304,20,Invalid,Product A,Active
01-06-2025,Depot E,SKU-305,64,Invalid,Product A,Active
01-06-2025,Depot E,SKU-866,19,Invalid,Product A,Active
01-06-2025,Depot E,SKU-138,565,Invalid,Product A,Active
01-06-2025,Depot E,SKU-478,35,Invalid,Product A,Active
01-06-2025,Depot E,SKU-306,33,Invalid,Product A,Active
01-06-2025,Depot E,SKU-869,87,Invalid,Product A,Active
01-06-2025,Depot E,SKU-479,123,Invalid,Product A,Active
01-06-2025,Depot E,SKU-870,100,Invalid,Product A,Active
01-06-2025,Depot E,SKU-276,79,Invalid,Product A,Active
01-06-2025,Depot E,SKU-871,208,Invalid,Product A,Active
01-06-2025,Depot E,SKU-308,97,Invalid,Product A,Active
01-06-2025,Depot E,SKU-872,18,Invalid,Product A,Active
01-06-2025,Depot E,SKU-1139,80,Invalid,Product A,Active
01-06-2025,Depot E,SKU-480,96,Invalid,Product A,Active
01-06-2025,Depot E,SKU-277,44,Invalid,Product A,Active
01-06-2025,Depot E,SKU-874,16,Invalid,Product A,Active
01-06-2025,Depot E,SKU-278,79,Invalid,Product A,Active
01-06-2025,Depot E,SKU-279,375,Invalid,Product A,Active
01-06-2025,Depot E,SKU-876,28,Invalid,Product A,Active
01-06-2025,Depot E,SKU-309,97,Invalid,Product A,Active
01-06-2025,Depot E,SKU-482,113,Invalid,Product A,Active
01-06-2025,Depot E,SKU-483,31,Invalid,Product A,Active
01-06-2025,Depot E,SKU-878,19,Invalid,Product A,Active
01-06-2025,Depot E,SKU-484,8,Invalid,Product A,Active
01-06-2025,Depot E,SKU-879,24,Invalid,Product A,Active
01-06-2025,Depot E,SKU-880,10,Invalid,Product A,Active
01-06-2025,Depot E,SKU-280,17,Invalid,Product A,Active
01-06-2025,Depot E,SKU-881,7,Invalid,Product A,Active
01-06-2025,Depot E,SKU-310,32,Invalid,Product A,Active
01-06-2025,Depot E,SKU-150,24,Invalid,Product A,Active
01-06-2025,Depot E,SKU-883,51,Invalid,Product A,Active
01-06-2025,Depot E,SKU-487,39,Invalid,Product A,Active
01-06-2025,Depot E,SKU-884,6,Invalid,Product A,Active
01-06-2025,Depot E,SKU-885,3,Invalid,Product A,Active
01-06-2025,Depot E,SKU-281,173,Invalid,Product A,Active
01-06-2025,Depot E,SKU-313,9,Invalid,Product A,Active
01-06-2025,Depot E,SKU-887,62,Invalid,Product A,Active
01-06-2025,Depot E,SKU-220,51,Invalid,Product A,Active
01-06-2025,Depot F,SKU-336,50,Invalid,Product A,Not Active
01-06-2025,Depot F,SKU-492,8,Invalid,Product A,Not Active
01-06-2025,Depot F,SKU-241,169,Invalid,Product A,Active
01-06-2025,Depot F,SKU-493,43,Invalid,Product A,Active
01-06-2025,Depot F,SKU-337,236,Invalid,Product A,Not Active
01-06-2025,Depot F,SKU-1140,14416,Invalid,Product A,Active
01-06-2025,Depot F,SKU-338,24582,Invalid,Product A,Not Active
01-06-2025,Depot F,SKU-221,298,Invalid,Product A,Active
01-06-2025,Depot F,SKU-496,568,Invalid,Product A,Active
01-06-2025,Depot F,SKU-004,220,Invalid,Product A,Active
01-06-2025,Depot F,SKU-499,81,Invalid,Product A,Active
01-06-2025,Depot F,SKU-899,10,Invalid,Product A,Not Active
01-06-2025,Depot F,SKU-339,75,Invalid,Product A,Not Active
01-06-2025,Depot F,SKU-340,468,Invalid,Product A,Active
01-06-2025,Depot F,SKU-503,43,Invalid,Product A,Active
01-06-2025,Depot F,SKU-222,233,Invalid,Product A,Active
01-06-2025,Depot F,SKU-507,176,Invalid,Product A,Active
01-06-2025,Depot F,SKU-508,100,Invalid,Product A,Not Active
01-06-2025,Depot F,SKU-1097,152,Invalid,Product A,Not Active
01-06-2025,Depot F,SKU-223,20,Invalid,Product A,Active
01-06-2025,Depot F,SKU-205,61,Invalid,Product A,Active
01-06-2025,Depot F,SKU-343,108,Invalid,Product A,Not Active
01-06-2025,Depot F,SKU-344,11,Invalid,Product A,Not Active
01-06-2025,Depot F,SKU-512,310,Invalid,Product A,Not Active
01-06-2025,Depot F,SKU-345,514,Invalid,Product A,Not Active
01-06-2025,Depot F,SKU-346,126,Invalid,Product A,Not Active
01-06-2025,Depot F,SKU-206,175,Invalid,Product A,Active
01-06-2025,Depot F,SKU-207,31,Invalid,Product A,Active
01-06-2025,Depot F,SKU-347,17,Invalid,Product A,Active
01-06-2025,Depot F,SKU-902,2915,Invalid,Product A,Active
01-06-2025,Depot F,SKU-348,3183,Invalid,Product A,Active
01-06-2025,Depot F,SKU-229,100,Invalid,Product A,Active
01-06-2025,Depot F,SKU-349,37,Invalid,Product A,Active
01-06-2025,Depot F,SKU-208,40,Invalid,Product A,Active
01-06-2025,Depot F,SKU-063,1835,Invalid,Product A,Not Active
01-06-2025,Depot F,SKU-009,1000,Invalid,Product A,Not Active
01-06-2025,Depot F,SKU-249,20,Invalid,Product A,Not Active
01-06-2025,Depot F,SKU-231,238,Invalid,Product A,Not Active
01-06-2025,Depot F,SKU-236,3,Invalid,Product A,Not Active
01-06-2025,Depot F,SKU-282,11,Invalid,Product A,Active
01-06-2025,Depot F,SKU-158,159,Invalid,Product A,Active
01-06-2025,Depot F,SKU-315,6,Invalid,Product A,Active
01-06-2025,Depot F,SKU-1050,174,Invalid,Product A,Not Active
01-06-2025,Depot F,SKU-516,19,Invalid,Product A,Active
01-06-2025,Depot F,SKU-159,986,Invalid,Product A,Active
01-06-2025,Depot F,SKU-011,7925,Invalid,Product A,Active
01-06-2025,Depot F,SKU-013,1488,Invalid,Product A,Not Active
01-06-2025,Depot F,SKU-014,522,Invalid,Product A,Not Active
01-06-2025,Depot F,SKU-316,517,Invalid,Product A,Not Active
01-06-2025,Depot F,SKU-251,643,Invalid,Product A,Active
01-06-2025,Depot F,SKU-252,49,Invalid,Product A,Active
01-06-2025,Depot F,SKU-253,15,Invalid,Product A,Active
01-06-2025,Depot F,SKU-352,20,Invalid,Product A,Active
01-06-2025,Depot F,SKU-353,10,Invalid,Product A,Active
01-06-2025,Depot F,SKU-354,20,Invalid,Product A,Active
01-06-2025,Depot F,SKU-518,23,Invalid,Product A,Active
01-06-2025,Depot F,SKU-358,30,Invalid,Product A,Active
01-06-2025,Depot F,SKU-359,10,Invalid,Product A,Not Active
01-06-2025,Depot F,SKU-361,25,Invalid,Product A,Not Active
01-06-2025,Depot F,SKU-362,2,Invalid,Product A,Not Active
01-06-2025,Depot F,SKU-363,16,Invalid,Product A,Not Active
01-06-2025,Depot F,SKU-520,41,Invalid,Product A,Not Active
01-06-2025,Depot F,SKU-364,2,Invalid,Product A,Not Active
01-06-2025,Depot F,SKU-365,114,Invalid,Product A,Not Active
01-06-2025,Depot F,SKU-522,20,Invalid,Product A,Not Active
01-06-2025,Depot F,SKU-371,32,Invalid,Product A,Not Active
01-06-2025,Depot F,SKU-372,13,Invalid,Product A,Not Active
01-06-2025,Depot F,SKU-373,66,Invalid,Product A,Active
01-06-2025,Depot F,SKU-374,18,Invalid,Product A,Not Active
01-06-2025,Depot F,SKU-376,20,Invalid,Product A,Not Active
01-06-2025,Depot F,SKU-377,20,Invalid,Product A,Not Active
01-06-2025,Depot F,SKU-238,8,Invalid,Product A,Active
01-06-2025,Depot F,SKU-254,12,Invalid,Product A,Active
01-06-2025,Depot F,SKU-064,321,Invalid,Product A,Active
01-06-2025,Depot F,SKU-065,363,Invalid,Product A,Active
01-06-2025,Depot F,SKU-210,61,Invalid,Product A,Active
01-06-2025,Depot F,SKU-066,212,Invalid,Product A,Active
01-06-2025,Depot F,SKU-160,9,Invalid,Product A,Active
01-06-2025,Depot F,SKU-908,43,Invalid,Product A,Active
01-06-2025,Depot F,SKU-067,237,Invalid,Product A,Active
01-06-2025,Depot F,SKU-255,98,Invalid,Product A,Active
01-06-2025,Depot F,SKU-271,6,Invalid,Product A,Active
01-06-2025,Depot F,SKU-1141,233,Invalid,Product A,Not Active
01-06-2025,Depot F,SKU-230,159,Invalid,Product A,Active
01-06-2025,Depot F,SKU-069,23,Invalid,Product A,Active
01-06-2025,Depot F,SKU-023,67,Invalid,Product A,Active
01-06-2025,Depot F,SKU-379,20,Invalid,Product A,Not Active
01-06-2025,Depot F,SKU-541,47806,Invalid,Product A,Active
01-06-2025,Depot F,SKU-380,7547,Invalid,Product A,Not Active
01-06-2025,Depot F,SKU-542,51,Invalid,Product A,Not Active
01-06-2025,Depot F,SKU-543,50,Invalid,Product A,Not Active
01-06-2025,Depot F,SKU-381,29,Invalid,Product A,Not Active
01-06-2025,Depot F,SKU-382,35,Invalid,Product A,Active
01-06-2025,Depot F,SKU-548,64,Invalid,Product A,Active
01-06-2025,Depot F,SKU-070,77,Invalid,Product A,Active
01-06-2025,Depot F,SKU-071,32,Invalid,Product A,Active
01-06-2025,Depot F,SKU-224,53,Invalid,Product A,Active
01-06-2025,Depot F,SKU-072,18,Invalid,Product A,Active
01-06-2025,Depot F,SKU-073,43,Invalid,Product A,Active
01-06-2025,Depot F,SKU-161,65,Invalid,Product A,Active
01-06-2025,Depot F,SKU-911,15,Invalid,Product A,Active
01-06-2025,Depot F,SKU-077,20,Invalid,Product A,Active
01-06-2025,Depot F,SKU-256,35,Invalid,Product A,Active
01-06-2025,Depot F,SKU-078,92,Invalid,Product A,Active
01-06-2025,Depot F,SKU-212,976,Invalid,Product A,Active
01-06-2025,Depot F,SKU-081,5,Invalid,Product A,Active
01-06-2025,Depot F,SKU-168,93,Invalid,Product A,Active
01-06-2025,Depot F,SKU-083,629,Invalid,Product A,Active
01-06-2025,Depot F,SKU-084,84,Invalid,Product A,Active
01-06-2025,Depot F,SKU-215,50,Invalid,Product A,Active
01-06-2025,Depot F,SKU-085,1496,Invalid,Product A,Active
01-06-2025,Depot F,SKU-257,50,Invalid,Product A,Active
01-06-2025,Depot F,SKU-086,10,Invalid,Product A,Active
01-06-2025,Depot F,SKU-087,256,Invalid,Product A,Active
01-06-2025,Depot F,SKU-088,10,Invalid,Product A,Active
01-06-2025,Depot F,SKU-233,65,Invalid,Product A,Active
01-06-2025,Depot F,SKU-218,60,Invalid,Product A,Active
01-06-2025,Depot F,SKU-040,121,Invalid,Product A,Active
01-06-2025,Depot F,SKU-091,297,Invalid,Product A,Active
01-06-2025,Depot F,SKU-045,64,Invalid,Product A,Not Active
01-06-2025,Depot F,SKU-050,90,Invalid,Product A,Not Active
01-06-2025,Depot F,SKU-051,83,Invalid,Product A,Not Active
01-06-2025,Depot F,SKU-052,40,Invalid,Product A,Not Active
01-06-2025,Depot F,SKU-053,75,Invalid,Product A,Not Active
01-06-2025,Depot F,SKU-054,38,Invalid,Product A,Not Active
01-06-2025,Depot F,SKU-055,46,Invalid,Product A,Not Active
01-06-2025,Depot F,SKU-056,7,Invalid,Product A,Not Active
01-06-2025,Depot F,SKU-058,49,Invalid,Product A,Not Active
01-06-2025,Depot F,SKU-092,795,Invalid,Product A,Active
01-06-2025,Depot F,SKU-578,73,Invalid,Product A,Active
01-06-2025,Depot F,SKU-924,41,Invalid,Product A,Active
01-06-2025,Depot F,SKU-925,354,Invalid,Product A,Active
01-06-2025,Depot F,SKU-580,37,Invalid,Product A,Active
01-06-2025,Depot F,SKU-581,20,Invalid,Product A,Active
01-06-2025,Depot F,SKU-582,20,Invalid,Product A,Active
01-06-2025,Depot F,SKU-583,20,Invalid,Product A,Active
01-06-2025,Depot F,SKU-584,10,Invalid,Product A,Active
01-06-2025,Depot F,SKU-586,190,Invalid,Product A,Not Active
01-06-2025,Depot F,SKU-587,494,Invalid,Product A,Active
01-06-2025,Depot F,SKU-093,137,Invalid,Product A,Active
01-06-2025,Depot F,SKU-588,5,Invalid,Product A,Active
01-06-2025,Depot F,SKU-589,53,Invalid,Product A,Active
01-06-2025,Depot F,SKU-590,16,Invalid,Product A,Active
01-06-2025,Depot F,SKU-591,10,Invalid,Product A,Active
01-06-2025,Depot F,SKU-593,121,Invalid,Product A,Active
01-06-2025,Depot F,SKU-594,20,Invalid,Product A,Active
01-06-2025,Depot F,SKU-926,41,Invalid,Product A,Active
01-06-2025,Depot F,SKU-595,66,Invalid,Product A,Active
01-06-2025,Depot F,SKU-596,10,Invalid,Product A,Active
01-06-2025,Depot F,SKU-1142,61,Invalid,Product A,Active
01-06-2025,Depot F,SKU-599,10,Invalid,Product A,Active
01-06-2025,Depot F,SKU-600,20,Invalid,Product A,Active
01-06-2025,Depot F,SKU-605,21,Invalid,Product A,Active
01-06-2025,Depot F,SKU-606,33,Invalid,Product A,Active
01-06-2025,Depot F,SKU-607,20,Invalid,Product A,Active
01-06-2025,Depot F,SKU-179,525,Invalid,Product A,Active
01-06-2025,Depot F,SKU-285,126,Invalid,Product A,Active
01-06-2025,Depot F,SKU-286,352,Invalid,Product A,Active
01-06-2025,Depot F,SKU-928,20,Invalid,Product A,Active
01-06-2025,Depot F,SKU-611,38,Invalid,Product A,Active
01-06-2025,Depot F,SKU-612,41,Invalid,Product A,Active
01-06-2025,Depot F,SKU-613,20,Invalid,Product A,Active
01-06-2025,Depot F,SKU-931,322,Invalid,Product A,Active
01-06-2025,Depot F,SKU-287,18,Invalid,Product A,Active
01-06-2025,Depot F,SKU-614,30,Invalid,Product A,Not Active
01-06-2025,Depot F,SKU-615,111,Invalid,Product A,Active
01-06-2025,Depot F,SKU-616,110,Invalid,Product A,Active
01-06-2025,Depot F,SKU-288,186,Invalid,Product A,Active
01-06-2025,Depot F,SKU-619,25,Invalid,Product A,Active
01-06-2025,Depot F,SKU-1143,41,Invalid,Product A,Active
01-06-2025,Depot F,SKU-620,54,Invalid,Product A,Active
01-06-2025,Depot F,SKU-932,9,Invalid,Product A,Active
01-06-2025,Depot F,SKU-623,19,Invalid,Product A,Active
01-06-2025,Depot F,SKU-624,37,Invalid,Product A,Active
01-06-2025,Depot F,SKU-934,62,Invalid,Product A,Active
01-06-2025,Depot F,SKU-1144,10,Invalid,Product A,Active
01-06-2025,Depot F,SKU-631,1,Invalid,Product A,Active
01-06-2025,Depot F,SKU-633,20,Invalid,Product A,Active
01-06-2025,Depot F,SKU-637,51,Invalid,Product A,Active
01-06-2025,Depot F,SKU-639,37,Invalid,Product A,Active
01-06-2025,Depot F,SKU-939,30,Invalid,Product A,Active
01-06-2025,Depot F,SKU-643,51,Invalid,Product A,Active
01-06-2025,Depot F,SKU-645,2,Invalid,Product A,Active
01-06-2025,Depot F,SKU-941,23,Invalid,Product A,Active
01-06-2025,Depot F,SKU-649,54,Invalid,Product A,Active
01-06-2025,Depot F,SKU-094,100,Invalid,Product A,Active
01-06-2025,Depot F,SKU-943,18,Invalid,Product A,Active
01-06-2025,Depot F,SKU-652,13,Invalid,Product A,Active
01-06-2025,Depot F,SKU-653,17,Invalid,Product A,Active
01-06-2025,Depot F,SKU-095,285,Invalid,Product A,Active
01-06-2025,Depot F,SKU-945,47,Invalid,Product A,Active
01-06-2025,Depot F,SKU-658,4,Invalid,Product A,Active
01-06-2025,Depot F,SKU-659,27,Invalid,Product A,Active
01-06-2025,Depot F,SKU-948,7,Invalid,Product A,Active
01-06-2025,Depot F,SKU-663,18,Invalid,Product A,Active
01-06-2025,Depot F,SKU-664,7,Invalid,Product A,Active
01-06-2025,Depot F,SKU-951,21,Invalid,Product A,Active
01-06-2025,Depot F,SKU-666,3,Invalid,Product A,Active
01-06-2025,Depot F,SKU-668,2,Invalid,Product A,Active
01-06-2025,Depot F,SKU-669,3,Invalid,Product A,Active
01-06-2025,Depot F,SKU-954,5,Invalid,Product A,Active
01-06-2025,Depot F,SKU-955,93,Invalid,Product A,Active
01-06-2025,Depot F,SKU-096,51,Invalid,Product A,Active
01-06-2025,Depot F,SKU-180,579,Invalid,Product A,Active
01-06-2025,Depot F,SKU-675,346,Invalid,Product A,Active
01-06-2025,Depot F,SKU-097,2793,Invalid,Product A,Active
01-06-2025,Depot F,SKU-676,23,Invalid,Product A,Active
01-06-2025,Depot F,SKU-678,43,Invalid,Product A,Active
01-06-2025,Depot F,SKU-098,198,Invalid,Product A,Active
01-06-2025,Depot F,SKU-683,283,Invalid,Product A,Active
01-06-2025,Depot F,SKU-684,117,Invalid,Product A,Active
01-06-2025,Depot F,SKU-100,281,Invalid,Product A,Active
01-06-2025,Depot F,SKU-394,32,Invalid,Product A,Active
01-06-2025,Depot F,SKU-688,212,Invalid,Product A,Active
01-06-2025,Depot F,SKU-181,144,Invalid,Product A,Active
01-06-2025,Depot F,SKU-102,82,Invalid,Product A,Active
01-06-2025,Depot F,SKU-1145,3,Invalid,Product A,Active
01-06-2025,Depot F,SKU-182,219,Invalid,Product A,Active
01-06-2025,Depot F,SKU-318,108,Invalid,Product A,Active
01-06-2025,Depot F,SKU-103,464,Invalid,Product A,Active
01-06-2025,Depot F,SKU-1067,20,Invalid,Product A,Active
01-06-2025,Depot F,SKU-971,41,Invalid,Product A,Active
01-06-2025,Depot F,SKU-699,11,Invalid,Product A,Active
01-06-2025,Depot F,SKU-704,23,Invalid,Product A,Active
01-06-2025,Depot F,SKU-711,20,Invalid,Product A,Not Active
01-06-2025,Depot F,SKU-396,217,Invalid,Product A,Not Active
01-06-2025,Depot F,SKU-397,12,Invalid,Product A,Active
01-06-2025,Depot F,SKU-398,230,Invalid,Product A,Not Active
01-06-2025,Depot F,SKU-712,101,Invalid,Product A,Active
01-06-2025,Depot F,SKU-713,177,Invalid,Product A,Not Active
01-06-2025,Depot F,SKU-399,552,Invalid,Product A,Active
01-06-2025,Depot F,SKU-183,67,Invalid,Product A,Active
01-06-2025,Depot F,SKU-319,145,Invalid,Product A,Active
01-06-2025,Depot F,SKU-716,141,Invalid,Product A,Not Active
01-06-2025,Depot F,SKU-106,486,Invalid,Product A,Active
01-06-2025,Depot F,SKU-184,36,Invalid,Product A,Active
01-06-2025,Depot F,SKU-320,48,Invalid,Product A,Active
01-06-2025,Depot F,SKU-107,68,Invalid,Product A,Active
01-06-2025,Depot F,SKU-723,41,Invalid,Product A,Active
01-06-2025,Depot F,SKU-725,10,Invalid,Product A,Active
01-06-2025,Depot F,SKU-726,5,Invalid,Product A,Active
01-06-2025,Depot F,SKU-727,20,Invalid,Product A,Active
01-06-2025,Depot F,SKU-732,9,Invalid,Product A,Active
01-06-2025,Depot F,SKU-185,7,Invalid,Product A,Active
01-06-2025,Depot F,SKU-186,454,Invalid,Product A,Active
01-06-2025,Depot F,SKU-187,56,Invalid,Product A,Active
01-06-2025,Depot F,SKU-188,61,Invalid,Product A,Active
01-06-2025,Depot F,SKU-189,59,Invalid,Product A,Active
01-06-2025,Depot F,SKU-321,15,Invalid,Product A,Active
01-06-2025,Depot F,SKU-190,38,Invalid,Product A,Active
01-06-2025,Depot F,SKU-735,26,Invalid,Product A,Active
01-06-2025,Depot F,SKU-191,126,Invalid,Product A,Active
01-06-2025,Depot F,SKU-404,20,Invalid,Product A,Active
01-06-2025,Depot F,SKU-739,20,Invalid,Product A,Active
01-06-2025,Depot F,SKU-109,182,Invalid,Product A,Active
01-06-2025,Depot F,SKU-405,30,Invalid,Product A,Active
01-06-2025,Depot F,SKU-742,20,Invalid,Product A,Active
01-06-2025,Depot F,SKU-743,61,Invalid,Product A,Active
01-06-2025,Depot F,SKU-110,214,Invalid,Product A,Active
01-06-2025,Depot F,SKU-407,105,Invalid,Product A,Active
01-06-2025,Depot F,SKU-747,20,Invalid,Product A,Active
01-06-2025,Depot F,SKU-111,105,Invalid,Product A,Active
01-06-2025,Depot F,SKU-751,38,Invalid,Product A,Active
01-06-2025,Depot F,SKU-753,20,Invalid,Product A,Active
01-06-2025,Depot F,SKU-112,437,Invalid,Product A,Active
01-06-2025,Depot F,SKU-411,70,Invalid,Product A,Active
01-06-2025,Depot F,SKU-1002,10,Invalid,Product A,Active
01-06-2025,Depot F,SKU-757,5,Invalid,Product A,Active
01-06-2025,Depot F,SKU-322,26,Invalid,Product A,Active
01-06-2025,Depot F,SKU-412,9,Invalid,Product A,Active
01-06-2025,Depot F,SKU-192,24,Invalid,Product A,Active
01-06-2025,Depot F,SKU-413,5,Invalid,Product A,Active
01-06-2025,Depot F,SKU-763,13,Invalid,Product A,Active
01-06-2025,Depot F,SKU-193,21,Invalid,Product A,Active
01-06-2025,Depot F,SKU-414,55,Invalid,Product A,Active
01-06-2025,Depot F,SKU-773,2,Invalid,Product A,Active
01-06-2025,Depot F,SKU-418,14,Invalid,Product A,Active
01-06-2025,Depot F,SKU-421,2,Invalid,Product A,Active
01-06-2025,Depot F,SKU-323,53,Invalid,Product A,Active
01-06-2025,Depot F,SKU-782,14,Invalid,Product A,Active
01-06-2025,Depot F,SKU-786,1,Invalid,Product A,Active
01-06-2025,Depot F,SKU-428,5,Invalid,Product A,Active
01-06-2025,Depot F,SKU-429,1,Invalid,Product A,Not Active
01-06-2025,Depot F,SKU-1116,8,Invalid,Product A,Active
01-06-2025,Depot F,SKU-787,42,Invalid,Product A,Active
01-06-2025,Depot F,SKU-788,45,Invalid,Product A,Active
01-06-2025,Depot F,SKU-434,2,Invalid,Product A,Active
01-06-2025,Depot F,SKU-1120,1,Invalid,Product A,Active
01-06-2025,Depot F,SKU-324,19,Invalid,Product A,Active
01-06-2025,Depot F,SKU-791,29,Invalid,Product A,Active
01-06-2025,Depot F,SKU-795,1,Invalid,Product A,Active
01-06-2025,Depot F,SKU-440,2,Invalid,Product A,Active
01-06-2025,Depot F,SKU-1146,4,Invalid,Product A,Active
01-06-2025,Depot F,SKU-325,51,Invalid,Product A,Active
01-06-2025,Depot F,SKU-272,47,Invalid,Product A,Active
01-06-2025,Depot F,SKU-1024,1,Invalid,Product A,Active
01-06-2025,Depot F,SKU-1025,1,Invalid,Product A,Active
01-06-2025,Depot F,SKU-1147,2,Invalid,Product A,Active
01-06-2025,Depot F,SKU-444,9,Invalid,Product A,Active
01-06-2025,Depot F,SKU-445,20,Invalid,Product A,Active
01-06-2025,Depot F,SKU-799,2,Invalid,Product A,Active
01-06-2025,Depot F,SKU-448,7,Invalid,Product A,Active
01-06-2025,Depot F,SKU-1128,12,Invalid,Product A,Active
01-06-2025,Depot F,SKU-326,50,Invalid,Product A,Active
01-06-2025,Depot F,SKU-273,69,Invalid,Product A,Active
01-06-2025,Depot F,SKU-452,1,Invalid,Product A,Active
01-06-2025,Depot F,SKU-804,2,Invalid,Product A,Active
01-06-2025,Depot F,SKU-1034,5,Invalid,Product A,Active
01-06-2025,Depot F,SKU-327,11,Invalid,Product A,Active
01-06-2025,Depot F,SKU-1040,32,Invalid,Product A,Active
01-06-2025,Depot F,SKU-274,37,Invalid,Product A,Active
01-06-2025,Depot F,SKU-820,61,Invalid,Product A,Active
01-06-2025,Depot F,SKU-290,113,Invalid,Product A,Active
01-06-2025,Depot F,SKU-117,168,Invalid,Product A,Active
01-06-2025,Depot F,SKU-468,141,Invalid,Product A,Active
01-06-2025,Depot F,SKU-275,135,Invalid,Product A,Active
01-06-2025,Depot F,SKU-469,164,Invalid,Product A,Active
01-06-2025,Depot F,SKU-328,23,Invalid,Product A,Active
01-06-2025,Depot F,SKU-119,41,Invalid,Product A,Active
01-06-2025,Depot F,SKU-329,36,Invalid,Product A,Active
01-06-2025,Depot F,SKU-121,454,Invalid,Product A,Active
01-06-2025,Depot F,SKU-122,1104,Invalid,Product A,Active
01-06-2025,Depot F,SKU-291,16,Invalid,Product A,Active
01-06-2025,Depot F,SKU-124,201,Invalid,Product A,Active
01-06-2025,Depot F,SKU-125,159,Invalid,Product A,Active
01-06-2025,Depot F,SKU-225,136,Invalid,Product A,Active
01-06-2025,Depot F,SKU-293,25,Invalid,Product A,Active
01-06-2025,Depot F,SKU-234,3,Invalid,Product A,Active
01-06-2025,Depot F,SKU-843,12,Invalid,Product A,Active
01-06-2025,Depot F,SKU-259,345,Invalid,Product A,Active
01-06-2025,Depot F,SKU-128,73,Invalid,Product A,Active
01-06-2025,Depot F,SKU-130,24,Invalid,Product A,Active
01-06-2025,Depot F,SKU-258,51,Invalid,Product A,Active
01-06-2025,Depot F,SKU-470,19,Invalid,Product A,Not Active
01-06-2025,Depot F,SKU-471,5,Invalid,Product A,Not Active
01-06-2025,Depot F,SKU-472,2546,Invalid,Product A,Not Active
01-06-2025,Depot F,SKU-473,2021,Invalid,Product A,Active
01-06-2025,Depot F,SKU-474,8,Invalid,Product A,Not Active
01-06-2025,Depot F,SKU-475,3479,Invalid,Product A,Active
01-06-2025,Depot F,SKU-844,12,Invalid,Product A,Not Active
01-06-2025,Depot F,SKU-847,38,Invalid,Product A,Not Active
01-06-2025,Depot F,SKU-132,505,Invalid,Product A,Active
01-06-2025,Depot F,SKU-853,9,Invalid,Product A,Active
01-06-2025,Depot F,SKU-854,10,Invalid,Product A,Active
01-06-2025,Depot F,SKU-855,21,Invalid,Product A,Active
01-06-2025,Depot F,SKU-294,32,Invalid,Product A,Active
01-06-2025,Depot F,SKU-134,16,Invalid,Product A,Active
01-06-2025,Depot F,SKU-135,44,Invalid,Product A,Active
01-06-2025,Depot F,SKU-136,54,Invalid,Product A,Active
01-06-2025,Depot F,SKU-269,21,Invalid,Product A,Active
01-06-2025,Depot F,SKU-219,388,Invalid,Product A,Active
01-06-2025,Depot F,SKU-260,148,Invalid,Product A,Active
01-06-2025,Depot F,SKU-226,91,Invalid,Product A,Active
01-06-2025,Depot F,SKU-1148,51,Invalid,Product A,Not Active
01-06-2025,Depot F,SKU-295,30,Invalid,Product A,Active
01-06-2025,Depot F,SKU-477,185,Invalid,Product A,Active
01-06-2025,Depot F,SKU-865,20,Invalid,Product A,Active
01-06-2025,Depot F,SKU-305,65,Invalid,Product A,Active
01-06-2025,Depot F,SKU-867,22,Invalid,Product A,Active
01-06-2025,Depot F,SKU-138,5,Invalid,Product A,Active
01-06-2025,Depot F,SKU-478,16,Invalid,Product A,Active
01-06-2025,Depot F,SKU-868,178,Invalid,Product A,Active
01-06-2025,Depot F,SKU-307,58,Invalid,Product A,Active
01-06-2025,Depot F,SKU-308,20,Invalid,Product A,Active
01-06-2025,Depot F,SKU-872,387,Invalid,Product A,Active
01-06-2025,Depot F,SKU-480,19,Invalid,Product A,Active
01-06-2025,Depot F,SKU-481,53,Invalid,Product A,Active
01-06-2025,Depot F,SKU-278,64,Invalid,Product A,Active
01-06-2025,Depot F,SKU-309,166,Invalid,Product A,Active
01-06-2025,Depot F,SKU-482,7,Invalid,Product A,Active
01-06-2025,Depot F,SKU-227,46,Invalid,Product A,Active
01-06-2025,Depot F,SKU-484,21,Invalid,Product A,Active
01-06-2025,Depot F,SKU-879,31,Invalid,Product A,Active
01-06-2025,Depot F,SKU-310,243,Invalid,Product A,Active
01-06-2025,Depot F,SKU-487,9,Invalid,Product A,Active
01-06-2025,Depot F,SKU-152,15,Invalid,Product A,Active
01-06-2025,Depot F,SKU-488,14,Invalid,Product A,Active
01-06-2025,Depot F,SKU-154,119,Invalid,Product A,Active
01-06-2025,Depot F,SKU-220,63,Invalid,Product A,Active
01-06-2025,Depot G,SKU-492,13,Invalid,Product A,Not Active
01-06-2025,Depot G,SKU-199,62,Invalid,Product A,Active
01-06-2025,Depot G,SKU-241,74,Invalid,Product A,Active
01-06-2025,Depot G,SKU-200,1010,Invalid,Product A,Active
01-06-2025,Depot G,SKU-201,137,Invalid,Product A,Active
01-06-2025,Depot G,SKU-493,103,Invalid,Product A,Active
01-06-2025,Depot G,SKU-337,110,Invalid,Product A,Not Active
01-06-2025,Depot G,SKU-1140,3444,Invalid,Product A,Active
01-06-2025,Depot G,SKU-338,2111,Invalid,Product A,Not Active
01-06-2025,Depot G,SKU-495,60,Invalid,Product A,Not Active
01-06-2025,Depot G,SKU-221,48,Invalid,Product A,Active
01-06-2025,Depot G,SKU-496,119,Invalid,Product A,Active
01-06-2025,Depot G,SKU-497,105,Invalid,Product A,Active
01-06-2025,Depot G,SKU-498,10,Invalid,Product A,Active
01-06-2025,Depot G,SKU-499,12,Invalid,Product A,Active
01-06-2025,Depot G,SKU-500,20,Invalid,Product A,Active
01-06-2025,Depot G,SKU-501,13,Invalid,Product A,Active
01-06-2025,Depot G,SKU-339,1,Invalid,Product A,Not Active
01-06-2025,Depot G,SKU-502,15,Invalid,Product A,Active
01-06-2025,Depot G,SKU-202,47,Invalid,Product A,Active
01-06-2025,Depot G,SKU-503,18,Invalid,Product A,Active
01-06-2025,Depot G,SKU-504,11,Invalid,Product A,Active
01-06-2025,Depot G,SKU-505,10,Invalid,Product A,Active
01-06-2025,Depot G,SKU-506,14,Invalid,Product A,Active
01-06-2025,Depot G,SKU-1149,10,Invalid,Product A,Active
01-06-2025,Depot G,SKU-1096,17,Invalid,Product A,Active
01-06-2025,Depot G,SKU-222,17,Invalid,Product A,Active
01-06-2025,Depot G,SKU-507,14,Invalid,Product A,Active
01-06-2025,Depot G,SKU-508,16,Invalid,Product A,Not Active
01-06-2025,Depot G,SKU-203,61,Invalid,Product A,Active
01-06-2025,Depot G,SKU-1150,61,Invalid,Product A,Not Active
01-06-2025,Depot G,SKU-061,495,Invalid,Product A,Active
01-06-2025,Depot G,SKU-205,7,Invalid,Product A,Active
01-06-2025,Depot G,SKU-900,30,Invalid,Product A,Not Active
01-06-2025,Depot G,SKU-062,6,Invalid,Product A,Active
01-06-2025,Depot G,SKU-006,6,Invalid,Product A,Active
01-06-2025,Depot G,SKU-235,10,Invalid,Product A,Active
01-06-2025,Depot G,SKU-343,775,Invalid,Product A,Not Active
01-06-2025,Depot G,SKU-511,71,Invalid,Product A,Not Active
01-06-2025,Depot G,SKU-344,19,Invalid,Product A,Not Active
01-06-2025,Depot G,SKU-512,97,Invalid,Product A,Not Active
01-06-2025,Depot G,SKU-345,82,Invalid,Product A,Not Active
01-06-2025,Depot G,SKU-346,4,Invalid,Product A,Not Active
01-06-2025,Depot G,SKU-206,43,Invalid,Product A,Active
01-06-2025,Depot G,SKU-207,143,Invalid,Product A,Active
01-06-2025,Depot G,SKU-347,26,Invalid,Product A,Active
01-06-2025,Depot G,SKU-902,237,Invalid,Product A,Active
01-06-2025,Depot G,SKU-348,107,Invalid,Product A,Active
01-06-2025,Depot G,SKU-349,465,Invalid,Product A,Active
01-06-2025,Depot G,SKU-208,136,Invalid,Product A,Active
01-06-2025,Depot G,SKU-248,44,Invalid,Product A,Active
01-06-2025,Depot G,SKU-1151,123,Invalid,Product A,Active
01-06-2025,Depot G,SKU-157,174,Invalid,Product A,Not Active
01-06-2025,Depot G,SKU-063,2049,Invalid,Product A,Not Active
01-06-2025,Depot G,SKU-314,138,Invalid,Product A,Not Active
01-06-2025,Depot G,SKU-249,23,Invalid,Product A,Not Active
01-06-2025,Depot G,SKU-231,28,Invalid,Product A,Not Active
01-06-2025,Depot G,SKU-236,18,Invalid,Product A,Not Active
01-06-2025,Depot G,SKU-250,33,Invalid,Product A,Active
01-06-2025,Depot G,SKU-282,34,Invalid,Product A,Active
01-06-2025,Depot G,SKU-158,179,Invalid,Product A,Active
01-06-2025,Depot G,SKU-315,2689,Invalid,Product A,Active
01-06-2025,Depot G,SKU-516,14,Invalid,Product A,Active
01-06-2025,Depot G,SKU-159,139,Invalid,Product A,Active
01-06-2025,Depot G,SKU-517,126,Invalid,Product A,Active
01-06-2025,Depot G,SKU-012,123,Invalid,Product A,Not Active
01-06-2025,Depot G,SKU-013,1222,Invalid,Product A,Not Active
01-06-2025,Depot G,SKU-283,18,Invalid,Product A,Not Active
01-06-2025,Depot G,SKU-251,150,Invalid,Product A,Active
01-06-2025,Depot G,SKU-1099,94,Invalid,Product A,Active
01-06-2025,Depot G,SKU-015,9,Invalid,Product A,Active
01-06-2025,Depot G,SKU-252,4,Invalid,Product A,Active
01-06-2025,Depot G,SKU-253,12,Invalid,Product A,Active
01-06-2025,Depot G,SKU-904,11,Invalid,Product A,Active
01-06-2025,Depot G,SKU-351,13,Invalid,Product A,Active
01-06-2025,Depot G,SKU-352,9,Invalid,Product A,Active
01-06-2025,Depot G,SKU-353,5,Invalid,Product A,Active
01-06-2025,Depot G,SKU-354,4,Invalid,Product A,Active
01-06-2025,Depot G,SKU-356,17,Invalid,Product A,Active
01-06-2025,Depot G,SKU-518,12,Invalid,Product A,Active
01-06-2025,Depot G,SKU-519,8,Invalid,Product A,Active
01-06-2025,Depot G,SKU-357,10,Invalid,Product A,Active
01-06-2025,Depot G,SKU-358,7,Invalid,Product A,Active
01-06-2025,Depot G,SKU-359,5,Invalid,Product A,Not Active
01-06-2025,Depot G,SKU-360,8,Invalid,Product A,Active
01-06-2025,Depot G,SKU-362,10,Invalid,Product A,Not Active
01-06-2025,Depot G,SKU-363,17,Invalid,Product A,Not Active
01-06-2025,Depot G,SKU-520,9,Invalid,Product A,Not Active
01-06-2025,Depot G,SKU-364,1194,Invalid,Product A,Not Active
01-06-2025,Depot G,SKU-365,27,Invalid,Product A,Not Active
01-06-2025,Depot G,SKU-906,10,Invalid,Product A,Not Active
01-06-2025,Depot G,SKU-366,18,Invalid,Product A,Not Active
01-06-2025,Depot G,SKU-367,123,Invalid,Product A,Not Active
01-06-2025,Depot G,SKU-522,10,Invalid,Product A,Not Active
01-06-2025,Depot G,SKU-369,10,Invalid,Product A,Not Active
01-06-2025,Depot G,SKU-371,2,Invalid,Product A,Not Active
01-06-2025,Depot G,SKU-524,11,Invalid,Product A,Active
01-06-2025,Depot G,SKU-372,3,Invalid,Product A,Not Active
01-06-2025,Depot G,SKU-373,10,Invalid,Product A,Active
01-06-2025,Depot G,SKU-374,16,Invalid,Product A,Not Active
01-06-2025,Depot G,SKU-376,11,Invalid,Product A,Not Active
01-06-2025,Depot G,SKU-377,6,Invalid,Product A,Not Active
01-06-2025,Depot G,SKU-261,26,Invalid,Product A,Active
01-06-2025,Depot G,SKU-237,7,Invalid,Product A,Active
01-06-2025,Depot G,SKU-209,28,Invalid,Product A,Active
01-06-2025,Depot G,SKU-238,303,Invalid,Product A,Active
01-06-2025,Depot G,SKU-254,27,Invalid,Product A,Active
01-06-2025,Depot G,SKU-537,96,Invalid,Product A,Active
01-06-2025,Depot G,SKU-065,125,Invalid,Product A,Active
01-06-2025,Depot G,SKU-210,28,Invalid,Product A,Active
01-06-2025,Depot G,SKU-066,55,Invalid,Product A,Active
01-06-2025,Depot G,SKU-160,49,Invalid,Product A,Active
01-06-2025,Depot G,SKU-067,67,Invalid,Product A,Active
01-06-2025,Depot G,SKU-255,21,Invalid,Product A,Active
01-06-2025,Depot G,SKU-271,24,Invalid,Product A,Active
01-06-2025,Depot G,SKU-230,15,Invalid,Product A,Active
01-06-2025,Depot G,SKU-068,22,Invalid,Product A,Active
01-06-2025,Depot G,SKU-539,7,Invalid,Product A,Active
01-06-2025,Depot G,SKU-540,21,Invalid,Product A,Active
01-06-2025,Depot G,SKU-069,25,Invalid,Product A,Active
01-06-2025,Depot G,SKU-379,21,Invalid,Product A,Not Active
01-06-2025,Depot G,SKU-541,2896,Invalid,Product A,Active
01-06-2025,Depot G,SKU-380,2139,Invalid,Product A,Not Active
01-06-2025,Depot G,SKU-542,168,Invalid,Product A,Not Active
01-06-2025,Depot G,SKU-545,10,Invalid,Product A,Not Active
01-06-2025,Depot G,SKU-381,8,Invalid,Product A,Not Active
01-06-2025,Depot G,SKU-546,26,Invalid,Product A,Active
01-06-2025,Depot G,SKU-070,82,Invalid,Product A,Active
01-06-2025,Depot G,SKU-383,10,Invalid,Product A,Active
01-06-2025,Depot G,SKU-071,73,Invalid,Product A,Active
01-06-2025,Depot G,SKU-224,1027,Invalid,Product A,Active
01-06-2025,Depot G,SKU-072,23,Invalid,Product A,Active
01-06-2025,Depot G,SKU-163,64,Invalid,Product A,Active
01-06-2025,Depot G,SKU-911,185,Invalid,Product A,Active
01-06-2025,Depot G,SKU-074,11,Invalid,Product A,Active
01-06-2025,Depot G,SKU-077,17,Invalid,Product A,Active
01-06-2025,Depot G,SKU-211,34,Invalid,Product A,Not Active
01-06-2025,Depot G,SKU-164,137,Invalid,Product A,Active
01-06-2025,Depot G,SKU-284,28,Invalid,Product A,Not Active
01-06-2025,Depot G,SKU-165,84,Invalid,Product A,Active
01-06-2025,Depot G,SKU-081,10,Invalid,Product A,Active
01-06-2025,Depot G,SKU-560,84,Invalid,Product A,Not Active
01-06-2025,Depot G,SKU-166,20,Invalid,Product A,Active
01-06-2025,Depot G,SKU-082,10,Invalid,Product A,Active
01-06-2025,Depot G,SKU-213,64,Invalid,Product A,Not Active
01-06-2025,Depot G,SKU-167,59,Invalid,Product A,Active
01-06-2025,Depot G,SKU-214,59,Invalid,Product A,Not Active
01-06-2025,Depot G,SKU-168,20,Invalid,Product A,Active
01-06-2025,Depot G,SKU-083,10,Invalid,Product A,Active
01-06-2025,Depot G,SKU-914,25,Invalid,Product A,Not Active
01-06-2025,Depot G,SKU-215,11,Invalid,Product A,Active
01-06-2025,Depot G,SKU-216,37,Invalid,Product A,Not Active
01-06-2025,Depot G,SKU-169,8,Invalid,Product A,Active
01-06-2025,Depot G,SKU-572,9,Invalid,Product A,Not Active
01-06-2025,Depot G,SKU-088,72,Invalid,Product A,Active
01-06-2025,Depot G,SKU-233,184,Invalid,Product A,Active
01-06-2025,Depot G,SKU-035,12,Invalid,Product A,Active
01-06-2025,Depot G,SKU-036,41,Invalid,Product A,Active
01-06-2025,Depot G,SKU-039,17,Invalid,Product A,Active
01-06-2025,Depot G,SKU-090,36,Invalid,Product A,Active
01-06-2025,Depot G,SKU-040,198,Invalid,Product A,Active
01-06-2025,Depot G,SKU-046,11,Invalid,Product A,Not Active
01-06-2025,Depot G,SKU-048,35,Invalid,Product A,Not Active
01-06-2025,Depot G,SKU-573,267,Invalid,Product A,Not Active
01-06-2025,Depot G,SKU-574,676,Invalid,Product A,Not Active
01-06-2025,Depot G,SKU-575,538,Invalid,Product A,Not Active
01-06-2025,Depot G,SKU-576,8612,Invalid,Product A,Not Active
01-06-2025,Depot G,SKU-577,3587,Invalid,Product A,Not Active
01-06-2025,Depot G,SKU-055,25,Invalid,Product A,Not Active
01-06-2025,Depot G,SKU-920,6,Invalid,Product A,Not Active
01-06-2025,Depot G,SKU-057,23,Invalid,Product A,Not Active
01-06-2025,Depot G,SKU-922,31,Invalid,Product A,Not Active
01-06-2025,Depot G,SKU-180,64,Invalid,Product A,Active
01-06-2025,Depot G,SKU-675,453,Invalid,Product A,Active
01-06-2025,Depot G,SKU-097,268,Invalid,Product A,Active
01-06-2025,Depot G,SKU-676,40,Invalid,Product A,Active
01-06-2025,Depot G,SKU-098,71,Invalid,Product A,Active
01-06-2025,Depot G,SKU-683,19,Invalid,Product A,Active
01-06-2025,Depot G,SKU-684,100,Invalid,Product A,Active
01-06-2025,Depot G,SKU-100,1293,Invalid,Product A,Active
01-06-2025,Depot G,SKU-686,20,Invalid,Product A,Active
01-06-2025,Depot G,SKU-101,70,Invalid,Product A,Active
01-06-2025,Depot G,SKU-181,20,Invalid,Product A,Active
01-06-2025,Depot G,SKU-182,761,Invalid,Product A,Active
01-06-2025,Depot G,SKU-318,94,Invalid,Product A,Active
01-06-2025,Depot G,SKU-103,689,Invalid,Product A,Active
01-06-2025,Depot G,SKU-104,10,Invalid,Product A,Active
01-06-2025,Depot G,SKU-694,12,Invalid,Product A,Active
01-06-2025,Depot G,SKU-696,394,Invalid,Product A,Active
01-06-2025,Depot G,SKU-700,1,Invalid,Product A,Not Active
01-06-2025,Depot G,SKU-706,168,Invalid,Product A,Active
01-06-2025,Depot G,SKU-105,9,Invalid,Product A,Active
01-06-2025,Depot G,SKU-710,1,Invalid,Product A,Not Active
01-06-2025,Depot G,SKU-711,150,Invalid,Product A,Not Active
01-06-2025,Depot G,SKU-396,80,Invalid,Product A,Not Active
01-06-2025,Depot G,SKU-397,5145,Invalid,Product A,Active
01-06-2025,Depot G,SKU-712,34,Invalid,Product A,Active
01-06-2025,Depot G,SKU-713,57,Invalid,Product A,Not Active
01-06-2025,Depot G,SKU-399,2289,Invalid,Product A,Active
01-06-2025,Depot G,SKU-183,82,Invalid,Product A,Active
01-06-2025,Depot G,SKU-319,23,Invalid,Product A,Active
01-06-2025,Depot G,SKU-716,98,Invalid,Product A,Not Active
01-06-2025,Depot G,SKU-106,525,Invalid,Product A,Active
01-06-2025,Depot G,SKU-717,21,Invalid,Product A,Not Active
01-06-2025,Depot G,SKU-719,680,Invalid,Product A,Not Active
01-06-2025,Depot G,SKU-978,203,Invalid,Product A,Not Active
01-06-2025,Depot G,SKU-184,20,Invalid,Product A,Active
01-06-2025,Depot G,SKU-107,83,Invalid,Product A,Active
01-06-2025,Depot G,SKU-1152,29,Invalid,Product A,Active
01-06-2025,Depot G,SKU-989,4,Invalid,Product A,Active
01-06-2025,Depot G,SKU-731,31,Invalid,Product A,Active
01-06-2025,Depot G,SKU-190,7,Invalid,Product A,Active
01-06-2025,Depot G,SKU-191,1,Invalid,Product A,Active
01-06-2025,Depot G,SKU-108,38,Invalid,Product A,Active
01-06-2025,Depot G,SKU-739,42,Invalid,Product A,Active
01-06-2025,Depot G,SKU-740,1,Invalid,Product A,Active
01-06-2025,Depot G,SKU-109,53,Invalid,Product A,Active
01-06-2025,Depot G,SKU-743,3,Invalid,Product A,Active
01-06-2025,Depot G,SKU-744,77,Invalid,Product A,Active
01-06-2025,Depot G,SKU-110,2356,Invalid,Product A,Active
01-06-2025,Depot G,SKU-748,3,Invalid,Product A,Active
01-06-2025,Depot G,SKU-111,33,Invalid,Product A,Active
01-06-2025,Depot G,SKU-751,61,Invalid,Product A,Active
01-06-2025,Depot G,SKU-753,2,Invalid,Product A,Active
01-06-2025,Depot G,SKU-410,5,Invalid,Product A,Active
01-06-2025,Depot G,SKU-112,268,Invalid,Product A,Active
01-06-2025,Depot G,SKU-411,81,Invalid,Product A,Active
01-06-2025,Depot G,SKU-1007,20,Invalid,Product A,Active
01-06-2025,Depot G,SKU-192,24,Invalid,Product A,Active
01-06-2025,Depot G,SKU-763,3,Invalid,Product A,Active
01-06-2025,Depot G,SKU-193,25,Invalid,Product A,Active
01-06-2025,Depot G,SKU-414,53,Invalid,Product A,Active
01-06-2025,Depot G,SKU-767,9,Invalid,Product A,Active
01-06-2025,Depot G,SKU-769,55,Invalid,Product A,Active
01-06-2025,Depot G,SKU-770,4,Invalid,Product A,Active
01-06-2025,Depot G,SKU-773,5,Invalid,Product A,Active
01-06-2025,Depot G,SKU-777,15,Invalid,Product A,Active
01-06-2025,Depot G,SKU-778,87,Invalid,Product A,Active
01-06-2025,Depot G,SKU-113,2485,Invalid,Product A,Active
01-06-2025,Depot G,SKU-418,51,Invalid,Product A,Active
01-06-2025,Depot G,SKU-450,5,Invalid,Product A,Active
01-06-2025,Depot G,SKU-809,8,Invalid,Product A,Active
01-06-2025,Depot G,SKU-059,3129,Invalid,Product A,Active
01-06-2025,Depot G,SKU-115,48,Invalid,Product A,Active
01-06-2025,Depot G,SKU-290,18,Invalid,Product A,Active
01-06-2025,Depot G,SKU-194,233,Invalid,Product A,Active
01-06-2025,Depot G,SKU-469,20,Invalid,Product A,Active
01-06-2025,Depot G,SKU-328,1180,Invalid,Product A,Active
01-06-2025,Depot G,SKU-118,294,Invalid,Product A,Active
01-06-2025,Depot G,SKU-196,262,Invalid,Product A,Active
01-06-2025,Depot G,SKU-836,4,Invalid,Product A,Active
01-06-2025,Depot G,SKU-329,19,Invalid,Product A,Active
01-06-2025,Depot G,SKU-121,193,Invalid,Product A,Active
01-06-2025,Depot G,SKU-122,216,Invalid,Product A,Active
01-06-2025,Depot G,SKU-124,47,Invalid,Product A,Active
01-06-2025,Depot G,SKU-1153,23,Invalid,Product A,Active
01-06-2025,Depot G,SKU-125,75,Invalid,Product A,Active
01-06-2025,Depot G,SKU-225,48,Invalid,Product A,Active
01-06-2025,Depot G,SKU-234,5,Invalid,Product A,Active
01-06-2025,Depot G,SKU-1154,41,Invalid,Product A,Active
01-06-2025,Depot G,SKU-843,24,Invalid,Product A,Active
01-06-2025,Depot G,SKU-127,38,Invalid,Product A,Active
01-06-2025,Depot G,SKU-128,19,Invalid,Product A,Active
01-06-2025,Depot G,SKU-129,20,Invalid,Product A,Active
01-06-2025,Depot G,SKU-130,89,Invalid,Product A,Active
01-06-2025,Depot G,SKU-264,10,Invalid,Product A,Active
01-06-2025,Depot G,SKU-470,22,Invalid,Product A,Not Active
01-06-2025,Depot G,SKU-471,50,Invalid,Product A,Not Active
01-06-2025,Depot G,SKU-472,366,Invalid,Product A,Not Active
01-06-2025,Depot G,SKU-473,131,Invalid,Product A,Active
01-06-2025,Depot G,SKU-474,405,Invalid,Product A,Not Active
01-06-2025,Depot G,SKU-475,4052,Invalid,Product A,Active
01-06-2025,Depot G,SKU-844,74,Invalid,Product A,Not Active
01-06-2025,Depot G,SKU-845,30,Invalid,Product A,Not Active
01-06-2025,Depot G,SKU-060,324,Invalid,Product A,Active
01-06-2025,Depot G,SKU-846,371,Invalid,Product A,Not Active
01-06-2025,Depot G,SKU-476,28,Invalid,Product A,Not Active
01-06-2025,Depot G,SKU-847,121,Invalid,Product A,Not Active
01-06-2025,Depot G,SKU-1155,50,Invalid,Product A,Not Active
01-06-2025,Depot G,SKU-132,56,Invalid,Product A,Active
01-06-2025,Depot G,SKU-854,43,Invalid,Product A,Active
01-06-2025,Depot G,SKU-134,99,Invalid,Product A,Active
01-06-2025,Depot G,SKU-330,51,Invalid,Product A,Active
01-06-2025,Depot G,SKU-266,25,Invalid,Product A,Active
01-06-2025,Depot G,SKU-135,75,Invalid,Product A,Active
01-06-2025,Depot G,SKU-260,9,Invalid,Product A,Active
01-06-2025,Depot G,SKU-197,50,Invalid,Product A,Active
01-06-2025,Depot G,SKU-198,13,Invalid,Product A,Active
01-06-2025,Depot G,SKU-1083,10,Invalid,Product A,Active
01-06-2025,Depot G,SKU-858,10,Invalid,Product A,Active
01-06-2025,Depot G,SKU-295,10,Invalid,Product A,Active
01-06-2025,Depot G,SKU-137,22,Invalid,Product A,Active
01-06-2025,Depot G,SKU-297,41,Invalid,Product A,Active
01-06-2025,Depot G,SKU-298,31,Invalid,Product A,Active
01-06-2025,Depot G,SKU-300,23,Invalid,Product A,Active
01-06-2025,Depot G,SKU-301,108,Invalid,Product A,Active
01-06-2025,Depot G,SKU-863,10,Invalid,Product A,Active
01-06-2025,Depot G,SKU-864,46,Invalid,Product A,Active
01-06-2025,Depot G,SKU-303,37,Invalid,Product A,Active
01-06-2025,Depot G,SKU-304,22,Invalid,Product A,Active
01-06-2025,Depot G,SKU-305,155,Invalid,Product A,Active
01-06-2025,Depot G,SKU-867,39,Invalid,Product A,Active
01-06-2025,Depot G,SKU-138,55,Invalid,Product A,Active
01-06-2025,Depot G,SKU-478,93,Invalid,Product A,Active
01-06-2025,Depot G,SKU-306,108,Invalid,Product A,Active
01-06-2025,Depot G,SKU-139,131,Invalid,Product A,Active
01-06-2025,Depot G,SKU-307,43,Invalid,Product A,Active
01-06-2025,Depot G,SKU-276,4,Invalid,Product A,Active
01-06-2025,Depot G,SKU-141,14,Invalid,Product A,Active
01-06-2025,Depot G,SKU-480,110,Invalid,Product A,Active
01-06-2025,Depot G,SKU-277,136,Invalid,Product A,Active
01-06-2025,Depot G,SKU-143,174,Invalid,Product A,Active
01-06-2025,Depot G,SKU-481,31,Invalid,Product A,Active
01-06-2025,Depot G,SKU-278,68,Invalid,Product A,Active
01-06-2025,Depot G,SKU-875,31,Invalid,Product A,Active
01-06-2025,Depot G,SKU-279,17,Invalid,Product A,Active
01-06-2025,Depot G,SKU-145,82,Invalid,Product A,Active
01-06-2025,Depot G,SKU-309,76,Invalid,Product A,Active
01-06-2025,Depot G,SKU-227,42,Invalid,Product A,Active
01-06-2025,Depot G,SKU-147,17,Invalid,Product A,Active
01-06-2025,Depot G,SKU-879,31,Invalid,Product A,Active
01-06-2025,Depot G,SKU-880,21,Invalid,Product A,Active
01-06-2025,Depot G,SKU-280,5,Invalid,Product A,Active
01-06-2025,Depot G,SKU-148,155,Invalid,Product A,Active
01-06-2025,Depot G,SKU-881,2,Invalid,Product A,Active
01-06-2025,Depot G,SKU-310,38,Invalid,Product A,Active
01-06-2025,Depot G,SKU-485,1,Invalid,Product A,Active
01-06-2025,Depot G,SKU-151,14,Invalid,Product A,Active
01-06-2025,Depot G,SKU-487,28,Invalid,Product A,Active
01-06-2025,Depot G,SKU-312,6,Invalid,Product A,Active
01-06-2025,Depot G,SKU-152,4,Invalid,Product A,Active
01-06-2025,Depot G,SKU-281,16,Invalid,Product A,Active
01-06-2025,Depot G,SKU-313,85,Invalid,Product A,Active
01-06-2025,Depot G,SKU-154,89,Invalid,Product A,Active
01-06-2025,Depot G,SKU-887,18,Invalid,Product A,Active
01-06-2025,Depot G,SKU-220,31,Invalid,Product A,Active
01-06-2025,Depot H,SKU-492,46,Invalid,Product A,Not Active
01-06-2025,Depot H,SKU-199,93,Invalid,Product A,Active
01-06-2025,Depot H,SKU-241,46,Invalid,Product A,Active
01-06-2025,Depot H,SKU-200,3291,Invalid,Product A,Active
01-06-2025,Depot H,SKU-337,469,Invalid,Product A,Not Active
01-06-2025,Depot H,SKU-338,3968,Invalid,Product A,Not Active
01-06-2025,Depot H,SKU-221,129,Invalid,Product A,Active
01-06-2025,Depot H,SKU-002,107,Invalid,Product A,Active
01-06-2025,Depot H,SKU-003,288,Invalid,Product A,Active
01-06-2025,Depot H,SKU-004,58,Invalid,Product A,Active
01-06-2025,Depot H,SKU-202,162,Invalid,Product A,Active
01-06-2025,Depot H,SKU-508,109,Invalid,Product A,Not Active
01-06-2025,Depot H,SKU-1049,123,Invalid,Product A,Not Active
01-06-2025,Depot H,SKU-006,18,Invalid,Product A,Active
01-06-2025,Depot H,SKU-343,267,Invalid,Product A,Not Active
01-06-2025,Depot H,SKU-344,154,Invalid,Product A,Not Active
01-06-2025,Depot H,SKU-345,24,Invalid,Product A,Not Active
01-06-2025,Depot H,SKU-346,181,Invalid,Product A,Not Active
01-06-2025,Depot H,SKU-206,28,Invalid,Product A,Active
01-06-2025,Depot H,SKU-207,18,Invalid,Product A,Active
01-06-2025,Depot H,SKU-347,11,Invalid,Product A,Active
01-06-2025,Depot H,SKU-208,203,Invalid,Product A,Active
01-06-2025,Depot H,SKU-1151,150,Invalid,Product A,Active
01-06-2025,Depot H,SKU-157,596,Invalid,Product A,Not Active
01-06-2025,Depot H,SKU-231,59,Invalid,Product A,Not Active
01-06-2025,Depot H,SKU-236,109,Invalid,Product A,Not Active
01-06-2025,Depot H,SKU-250,120,Invalid,Product A,Active
01-06-2025,Depot H,SKU-282,10,Invalid,Product A,Active
01-06-2025,Depot H,SKU-158,23,Invalid,Product A,Active
01-06-2025,Depot H,SKU-315,10,Invalid,Product A,Active
01-06-2025,Depot H,SKU-159,69,Invalid,Product A,Active
01-06-2025,Depot H,SKU-011,483,Invalid,Product A,Active
01-06-2025,Depot H,SKU-012,271,Invalid,Product A,Not Active
01-06-2025,Depot H,SKU-013,899,Invalid,Product A,Not Active
01-06-2025,Depot H,SKU-014,1356,Invalid,Product A,Not Active
01-06-2025,Depot H,SKU-251,1183,Invalid,Product A,Active
01-06-2025,Depot H,SKU-1099,20,Invalid,Product A,Active
01-06-2025,Depot H,SKU-252,3,Invalid,Product A,Active
01-06-2025,Depot H,SKU-253,277,Invalid,Product A,Active
01-06-2025,Depot H,SKU-352,14,Invalid,Product A,Active
01-06-2025,Depot H,SKU-354,20,Invalid,Product A,Active
01-06-2025,Depot H,SKU-355,21,Invalid,Product A,Active
01-06-2025,Depot H,SKU-519,33,Invalid,Product A,Active
01-06-2025,Depot H,SKU-357,17,Invalid,Product A,Active
01-06-2025,Depot H,SKU-358,5,Invalid,Product A,Active
01-06-2025,Depot H,SKU-359,82,Invalid,Product A,Not Active
01-06-2025,Depot H,SKU-360,21,Invalid,Product A,Active
01-06-2025,Depot H,SKU-361,10,Invalid,Product A,Not Active
01-06-2025,Depot H,SKU-362,10,Invalid,Product A,Not Active
01-06-2025,Depot H,SKU-520,11,Invalid,Product A,Not Active
01-06-2025,Depot H,SKU-364,27,Invalid,Product A,Not Active
01-06-2025,Depot H,SKU-365,20,Invalid,Product A,Not Active
01-06-2025,Depot H,SKU-367,10,Invalid,Product A,Not Active
01-06-2025,Depot H,SKU-371,3,Invalid,Product A,Not Active
01-06-2025,Depot H,SKU-372,18,Invalid,Product A,Not Active
01-06-2025,Depot H,SKU-374,4,Invalid,Product A,Not Active
01-06-2025,Depot H,SKU-376,19,Invalid,Product A,Not Active
01-06-2025,Depot H,SKU-261,63,Invalid,Product A,Active
01-06-2025,Depot H,SKU-237,8,Invalid,Product A,Active
01-06-2025,Depot H,SKU-209,27,Invalid,Product A,Active
01-06-2025,Depot H,SKU-238,10,Invalid,Product A,Active
01-06-2025,Depot H,SKU-254,18,Invalid,Product A,Active
01-06-2025,Depot H,SKU-065,45,Invalid,Product A,Active
01-06-2025,Depot H,SKU-210,43,Invalid,Product A,Active
01-06-2025,Depot H,SKU-019,37,Invalid,Product A,Active
01-06-2025,Depot H,SKU-270,33,Invalid,Product A,Active
01-06-2025,Depot H,SKU-066,30,Invalid,Product A,Active
01-06-2025,Depot H,SKU-160,170,Invalid,Product A,Active
01-06-2025,Depot H,SKU-067,109,Invalid,Product A,Active
01-06-2025,Depot H,SKU-271,33,Invalid,Product A,Active
01-06-2025,Depot H,SKU-068,57,Invalid,Product A,Active
01-06-2025,Depot H,SKU-1051,10,Invalid,Product A,Active
01-06-2025,Depot H,SKU-023,22,Invalid,Product A,Active
01-06-2025,Depot H,SKU-379,78,Invalid,Product A,Not Active
01-06-2025,Depot H,SKU-380,2699,Invalid,Product A,Not Active
01-06-2025,Depot H,SKU-542,2267,Invalid,Product A,Not Active
01-06-2025,Depot H,SKU-545,805,Invalid,Product A,Not Active
01-06-2025,Depot H,SKU-381,59,Invalid,Product A,Not Active
01-06-2025,Depot H,SKU-546,5,Invalid,Product A,Active
01-06-2025,Depot H,SKU-548,17,Invalid,Product A,Active
01-06-2025,Depot H,SKU-070,13,Invalid,Product A,Active
01-06-2025,Depot H,SKU-383,7,Invalid,Product A,Active
01-06-2025,Depot H,SKU-071,16,Invalid,Product A,Active
01-06-2025,Depot H,SKU-910,11,Invalid,Product A,Active
01-06-2025,Depot H,SKU-224,31,Invalid,Product A,Active
01-06-2025,Depot H,SKU-072,54,Invalid,Product A,Active
01-06-2025,Depot H,SKU-163,21,Invalid,Product A,Active
01-06-2025,Depot H,SKU-911,27,Invalid,Product A,Active
01-06-2025,Depot H,SKU-077,16,Invalid,Product A,Active
01-06-2025,Depot H,SKU-088,25,Invalid,Product A,Active
01-06-2025,Depot H,SKU-233,50,Invalid,Product A,Active
01-06-2025,Depot H,SKU-1156,9,Invalid,Product A,Active
01-06-2025,Depot H,SKU-1157,6,Invalid,Product A,Active
01-06-2025,Depot H,SKU-035,48,Invalid,Product A,Active
01-06-2025,Depot H,SKU-1158,3,Invalid,Product A,Active
01-06-2025,Depot H,SKU-1159,2,Invalid,Product A,Active
01-06-2025,Depot H,SKU-041,80,Invalid,Product A,Not Active
01-06-2025,Depot H,SKU-042,175,Invalid,Product A,Not Active
01-06-2025,Depot H,SKU-043,56,Invalid,Product A,Not Active
01-06-2025,Depot H,SKU-044,119,Invalid,Product A,Not Active
01-06-2025,Depot H,SKU-045,48,Invalid,Product A,Not Active
01-06-2025,Depot H,SKU-046,11,Invalid,Product A,Not Active
01-06-2025,Depot H,SKU-047,37,Invalid,Product A,Not Active
01-06-2025,Depot H,SKU-049,3,Invalid,Product A,Not Active
01-06-2025,Depot H,SKU-051,103,Invalid,Product A,Not Active
01-06-2025,Depot H,SKU-575,81,Invalid,Product A,Not Active
01-06-2025,Depot H,SKU-052,461,Invalid,Product A,Not Active
01-06-2025,Depot H,SKU-055,80,Invalid,Product A,Not Active
01-06-2025,Depot H,SKU-057,31,Invalid,Product A,Not Active
01-06-2025,Depot H,SKU-171,36,Invalid,Product A,Not Active
01-06-2025,Depot H,SKU-172,65,Invalid,Product A,Not Active
01-06-2025,Depot H,SKU-173,59,Invalid,Product A,Not Active
01-06-2025,Depot H,SKU-174,9,Invalid,Product A,Not Active
01-06-2025,Depot H,SKU-176,10,Invalid,Product A,Not Active
01-06-2025,Depot H,SKU-177,32,Invalid,Product A,Not Active
01-06-2025,Depot H,SKU-092,129,Invalid,Product A,Active
01-06-2025,Depot H,SKU-578,32,Invalid,Product A,Active
01-06-2025,Depot H,SKU-925,33,Invalid,Product A,Active
01-06-2025,Depot H,SKU-579,18,Invalid,Product A,Active
01-06-2025,Depot H,SKU-580,21,Invalid,Product A,Active
01-06-2025,Depot H,SKU-581,20,Invalid,Product A,Active
01-06-2025,Depot H,SKU-582,8,Invalid,Product A,Active
01-06-2025,Depot H,SKU-583,39,Invalid,Product A,Active
01-06-2025,Depot H,SKU-584,13,Invalid,Product A,Active
01-06-2025,Depot H,SKU-585,15,Invalid,Product A,Active
01-06-2025,Depot H,SKU-586,53,Invalid,Product A,Not Active
01-06-2025,Depot H,SKU-587,50,Invalid,Product A,Active
01-06-2025,Depot H,SKU-093,30,Invalid,Product A,Active
01-06-2025,Depot H,SKU-588,51,Invalid,Product A,Active
01-06-2025,Depot H,SKU-589,63,Invalid,Product A,Active
01-06-2025,Depot H,SKU-590,134,Invalid,Product A,Active
01-06-2025,Depot H,SKU-593,89,Invalid,Product A,Active
01-06-2025,Depot H,SKU-594,3,Invalid,Product A,Active
01-06-2025,Depot H,SKU-595,20,Invalid,Product A,Active
01-06-2025,Depot H,SKU-596,5,Invalid,Product A,Active
01-06-2025,Depot H,SKU-599,1,Invalid,Product A,Active
01-06-2025,Depot H,SKU-600,10,Invalid,Product A,Active
01-06-2025,Depot H,SKU-604,10,Invalid,Product A,Active
01-06-2025,Depot H,SKU-605,4,Invalid,Product A,Active
01-06-2025,Depot H,SKU-608,50,Invalid,Product A,Active
01-06-2025,Depot H,SKU-179,952,Invalid,Product A,Active
01-06-2025,Depot H,SKU-285,67,Invalid,Product A,Active
01-06-2025,Depot H,SKU-286,169,Invalid,Product A,Active
01-06-2025,Depot H,SKU-609,59,Invalid,Product A,Active
01-06-2025,Depot H,SKU-928,7,Invalid,Product A,Active
01-06-2025,Depot H,SKU-610,20,Invalid,Product A,Active
01-06-2025,Depot H,SKU-929,9,Invalid,Product A,Active
01-06-2025,Depot H,SKU-611,11,Invalid,Product A,Active
01-06-2025,Depot H,SKU-612,7,Invalid,Product A,Active
01-06-2025,Depot H,SKU-613,20,Invalid,Product A,Active
01-06-2025,Depot H,SKU-930,36,Invalid,Product A,Not Active
01-06-2025,Depot H,SKU-931,136,Invalid,Product A,Active
01-06-2025,Depot H,SKU-287,180,Invalid,Product A,Active
01-06-2025,Depot H,SKU-614,20,Invalid,Product A,Not Active
01-06-2025,Depot H,SKU-615,7,Invalid,Product A,Active
01-06-2025,Depot H,SKU-616,40,Invalid,Product A,Active
01-06-2025,Depot H,SKU-288,236,Invalid,Product A,Active
01-06-2025,Depot H,SKU-619,20,Invalid,Product A,Active
01-06-2025,Depot H,SKU-620,21,Invalid,Product A,Active
01-06-2025,Depot H,SKU-932,21,Invalid,Product A,Active
01-06-2025,Depot H,SKU-623,10,Invalid,Product A,Active
01-06-2025,Depot H,SKU-624,2,Invalid,Product A,Active
01-06-2025,Depot H,SKU-626,39,Invalid,Product A,Active
01-06-2025,Depot H,SKU-933,20,Invalid,Product A,Active
01-06-2025,Depot H,SKU-935,10,Invalid,Product A,Active
01-06-2025,Depot H,SKU-633,2,Invalid,Product A,Active
01-06-2025,Depot H,SKU-634,1,Invalid,Product A,Active
01-06-2025,Depot H,SKU-937,10,Invalid,Product A,Active
01-06-2025,Depot H,SKU-635,20,Invalid,Product A,Active
01-06-2025,Depot H,SKU-639,48,Invalid,Product A,Active
01-06-2025,Depot H,SKU-640,6,Invalid,Product A,Active
01-06-2025,Depot H,SKU-939,11,Invalid,Product A,Active
01-06-2025,Depot H,SKU-641,7,Invalid,Product A,Active
01-06-2025,Depot H,SKU-645,8,Invalid,Product A,Active
01-06-2025,Depot H,SKU-646,7,Invalid,Product A,Active
01-06-2025,Depot H,SKU-941,7,Invalid,Product A,Active
01-06-2025,Depot H,SKU-647,4,Invalid,Product A,Active
01-06-2025,Depot H,SKU-094,33,Invalid,Product A,Active
01-06-2025,Depot H,SKU-651,5,Invalid,Product A,Active
01-06-2025,Depot H,SKU-943,0,Invalid,Product A,Active
01-06-2025,Depot H,SKU-652,4,Invalid,Product A,Active
01-06-2025,Depot H,SKU-944,24,Invalid,Product A,Active
01-06-2025,Depot H,SKU-095,125,Invalid,Product A,Active
01-06-2025,Depot H,SKU-655,1,Invalid,Product A,Active
01-06-2025,Depot H,SKU-945,7,Invalid,Product A,Active
01-06-2025,Depot H,SKU-656,6,Invalid,Product A,Active
01-06-2025,Depot H,SKU-659,8,Invalid,Product A,Active
01-06-2025,Depot H,SKU-660,1,Invalid,Product A,Active
01-06-2025,Depot H,SKU-948,15,Invalid,Product A,Active
01-06-2025,Depot H,SKU-661,1,Invalid,Product A,Active
01-06-2025,Depot H,SKU-664,19,Invalid,Product A,Active
01-06-2025,Depot H,SKU-665,9,Invalid,Product A,Active
01-06-2025,Depot H,SKU-951,5,Invalid,Product A,Active
01-06-2025,Depot H,SKU-666,4,Invalid,Product A,Active
01-06-2025,Depot H,SKU-953,11,Invalid,Product A,Active
01-06-2025,Depot H,SKU-669,4,Invalid,Product A,Active
01-06-2025,Depot H,SKU-670,2,Invalid,Product A,Active
01-06-2025,Depot H,SKU-954,5,Invalid,Product A,Active
01-06-2025,Depot H,SKU-671,1,Invalid,Product A,Active
01-06-2025,Depot H,SKU-096,74,Invalid,Product A,Active
01-06-2025,Depot H,SKU-957,7,Invalid,Product A,Active
01-06-2025,Depot H,SKU-958,8,Invalid,Product A,Active
01-06-2025,Depot H,SKU-674,5,Invalid,Product A,Active
01-06-2025,Depot H,SKU-180,46,Invalid,Product A,Active
01-06-2025,Depot H,SKU-392,170,Invalid,Product A,Active
01-06-2025,Depot H,SKU-675,24,Invalid,Product A,Active
01-06-2025,Depot H,SKU-097,118,Invalid,Product A,Active
01-06-2025,Depot H,SKU-676,42,Invalid,Product A,Active
01-06-2025,Depot H,SKU-678,4,Invalid,Product A,Active
01-06-2025,Depot H,SKU-098,43,Invalid,Product A,Active
01-06-2025,Depot H,SKU-683,71,Invalid,Product A,Active
01-06-2025,Depot H,SKU-393,320,Invalid,Product A,Active
01-06-2025,Depot H,SKU-684,3,Invalid,Product A,Active
01-06-2025,Depot H,SKU-100,22,Invalid,Product A,Active
01-06-2025,Depot H,SKU-101,17,Invalid,Product A,Active
01-06-2025,Depot H,SKU-394,11,Invalid,Product A,Active
01-06-2025,Depot H,SKU-688,10,Invalid,Product A,Active
01-06-2025,Depot H,SKU-181,11,Invalid,Product A,Active
01-06-2025,Depot H,SKU-1066,20,Invalid,Product A,Active
01-06-2025,Depot H,SKU-102,23,Invalid,Product A,Active
01-06-2025,Depot H,SKU-182,40,Invalid,Product A,Active
01-06-2025,Depot H,SKU-318,54,Invalid,Product A,Active
01-06-2025,Depot H,SKU-103,70,Invalid,Product A,Active
01-06-2025,Depot H,SKU-691,20,Invalid,Product A,Active
01-06-2025,Depot H,SKU-968,20,Invalid,Product A,Active
01-06-2025,Depot H,SKU-695,20,Invalid,Product A,Active
01-06-2025,Depot H,SKU-696,20,Invalid,Product A,Active
01-06-2025,Depot H,SKU-697,10,Invalid,Product A,Active
01-06-2025,Depot H,SKU-699,30,Invalid,Product A,Active
01-06-2025,Depot H,SKU-701,10,Invalid,Product A,Not Active
01-06-2025,Depot H,SKU-702,10,Invalid,Product A,Not Active
01-06-2025,Depot H,SKU-707,10,Invalid,Product A,Active
01-06-2025,Depot H,SKU-709,10,Invalid,Product A,Active
01-06-2025,Depot H,SKU-105,10,Invalid,Product A,Active
01-06-2025,Depot H,SKU-1160,10,Invalid,Product A,Active
01-06-2025,Depot H,SKU-1161,10,Invalid,Product A,Active
01-06-2025,Depot H,SKU-977,20,Invalid,Product A,Not Active
01-06-2025,Depot H,SKU-711,213,Invalid,Product A,Not Active
01-06-2025,Depot H,SKU-396,32,Invalid,Product A,Not Active
01-06-2025,Depot H,SKU-398,22,Invalid,Product A,Not Active
01-06-2025,Depot H,SKU-712,30,Invalid,Product A,Active
01-06-2025,Depot H,SKU-713,260,Invalid,Product A,Not Active
01-06-2025,Depot H,SKU-399,9,Invalid,Product A,Active
01-06-2025,Depot H,SKU-183,52,Invalid,Product A,Active
01-06-2025,Depot H,SKU-319,8,Invalid,Product A,Active
01-06-2025,Depot H,SKU-716,21,Invalid,Product A,Not Active
01-06-2025,Depot H,SKU-106,7,Invalid,Product A,Active
01-06-2025,Depot H,SKU-719,20,Invalid,Product A,Not Active
01-06-2025,Depot H,SKU-184,20,Invalid,Product A,Active
01-06-2025,Depot H,SKU-320,49,Invalid,Product A,Active
01-06-2025,Depot H,SKU-107,24,Invalid,Product A,Active
01-06-2025,Depot H,SKU-721,5,Invalid,Product A,Active
01-06-2025,Depot H,SKU-723,36,Invalid,Product A,Active
01-06-2025,Depot H,SKU-728,20,Invalid,Product A,Active
01-06-2025,Depot H,SKU-732,10,Invalid,Product A,Active
01-06-2025,Depot H,SKU-401,51,Invalid,Product A,Active
01-06-2025,Depot H,SKU-186,70,Invalid,Product A,Active
01-06-2025,Depot H,SKU-187,11,Invalid,Product A,Active
01-06-2025,Depot H,SKU-188,7,Invalid,Product A,Active
01-06-2025,Depot H,SKU-189,32,Invalid,Product A,Active
01-06-2025,Depot H,SKU-321,16,Invalid,Product A,Active
01-06-2025,Depot H,SKU-190,21,Invalid,Product A,Active
01-06-2025,Depot H,SKU-735,19,Invalid,Product A,Active
01-06-2025,Depot H,SKU-191,17,Invalid,Product A,Active
01-06-2025,Depot H,SKU-108,182,Invalid,Product A,Active
01-06-2025,Depot H,SKU-403,5,Invalid,Product A,Active
01-06-2025,Depot H,SKU-740,20,Invalid,Product A,Active
01-06-2025,Depot H,SKU-109,22,Invalid,Product A,Active
01-06-2025,Depot H,SKU-405,20,Invalid,Product A,Active
01-06-2025,Depot H,SKU-406,1,Invalid,Product A,Not Active
01-06-2025,Depot H,SKU-110,15,Invalid,Product A,Active
01-06-2025,Depot H,SKU-407,19,Invalid,Product A,Active
01-06-2025,Depot H,SKU-408,1,Invalid,Product A,Not Active
01-06-2025,Depot H,SKU-749,20,Invalid,Product A,Active
01-06-2025,Depot H,SKU-111,20,Invalid,Product A,Active
01-06-2025,Depot H,SKU-751,6,Invalid,Product A,Active
01-06-2025,Depot H,SKU-409,1,Invalid,Product A,Not Active
01-06-2025,Depot H,SKU-410,20,Invalid,Product A,Active
01-06-2025,Depot H,SKU-112,93,Invalid,Product A,Active
01-06-2025,Depot H,SKU-411,26,Invalid,Product A,Active
01-06-2025,Depot H,SKU-1004,1,Invalid,Product A,Not Active
01-06-2025,Depot H,SKU-1005,5,Invalid,Product A,Active
01-06-2025,Depot H,SKU-412,5,Invalid,Product A,Active
01-06-2025,Depot H,SKU-764,10,Invalid,Product A,Active
01-06-2025,Depot H,SKU-193,21,Invalid,Product A,Active
01-06-2025,Depot H,SKU-414,5,Invalid,Product A,Active
01-06-2025,Depot H,SKU-416,1,Invalid,Product A,Active
01-06-2025,Depot H,SKU-773,5,Invalid,Product A,Active
01-06-2025,Depot H,SKU-774,3,Invalid,Product A,Active
01-06-2025,Depot H,SKU-113,9,Invalid,Product A,Active
01-06-2025,Depot H,SKU-418,10,Invalid,Product A,Active
01-06-2025,Depot H,SKU-1111,1,Invalid,Product A,Active
01-06-2025,Depot H,SKU-1162,1,Invalid,Product A,Active
01-06-2025,Depot H,SKU-781,17,Invalid,Product A,Active
01-06-2025,Depot H,SKU-423,5,Invalid,Product A,Active
01-06-2025,Depot H,SKU-323,46,Invalid,Product A,Active
01-06-2025,Depot H,SKU-786,2,Invalid,Product A,Active
01-06-2025,Depot H,SKU-428,7,Invalid,Product A,Active
01-06-2025,Depot H,SKU-430,6,Invalid,Product A,Active
01-06-2025,Depot H,SKU-787,40,Invalid,Product A,Active
01-06-2025,Depot H,SKU-434,3,Invalid,Product A,Active
01-06-2025,Depot H,SKU-436,2,Invalid,Product A,Active
01-06-2025,Depot H,SKU-324,57,Invalid,Product A,Active
01-06-2025,Depot H,SKU-795,12,Invalid,Product A,Active
01-06-2025,Depot H,SKU-440,19,Invalid,Product A,Active
01-06-2025,Depot H,SKU-442,4,Invalid,Product A,Active
01-06-2025,Depot H,SKU-325,20,Invalid,Product A,Active
01-06-2025,Depot H,SKU-1024,1,Invalid,Product A,Active
01-06-2025,Depot H,SKU-444,15,Invalid,Product A,Active
01-06-2025,Depot H,SKU-450,4,Invalid,Product A,Active
01-06-2025,Depot H,SKU-326,68,Invalid,Product A,Active
01-06-2025,Depot H,SKU-804,2,Invalid,Product A,Active
01-06-2025,Depot H,SKU-1034,2,Invalid,Product A,Active
01-06-2025,Depot H,SKU-808,27,Invalid,Product A,Active
01-06-2025,Depot H,SKU-454,10,Invalid,Product A,Active
01-06-2025,Depot H,SKU-327,77,Invalid,Product A,Active
01-06-2025,Depot H,SKU-812,5,Invalid,Product A,Active
01-06-2025,Depot H,SKU-815,18,Invalid,Product A,Active
01-06-2025,Depot H,SKU-817,19,Invalid,Product A,Active
01-06-2025,Depot H,SKU-820,47,Invalid,Product A,Active
01-06-2025,Depot H,SKU-1134,7,Invalid,Product A,Active
01-06-2025,Depot H,SKU-823,19,Invalid,Product A,Active
01-06-2025,Depot H,SKU-1135,1,Invalid,Product A,Active
01-06-2025,Depot H,SKU-826,15,Invalid,Product A,Active
01-06-2025,Depot H,SKU-290,25,Invalid,Product A,Active
01-06-2025,Depot H,SKU-117,5,Invalid,Product A,Active
01-06-2025,Depot H,SKU-468,20,Invalid,Product A,Active
01-06-2025,Depot H,SKU-275,41,Invalid,Product A,Active
01-06-2025,Depot H,SKU-469,24,Invalid,Product A,Active
01-06-2025,Depot H,SKU-118,222,Invalid,Product A,Active
01-06-2025,Depot H,SKU-119,20,Invalid,Product A,Active
01-06-2025,Depot H,SKU-329,14,Invalid,Product A,Active
01-06-2025,Depot H,SKU-121,6,Invalid,Product A,Active
01-06-2025,Depot H,SKU-839,7,Invalid,Product A,Active
01-06-2025,Depot H,SKU-124,28,Invalid,Product A,Active
01-06-2025,Depot H,SKU-225,119,Invalid,Product A,Active
01-06-2025,Depot H,SKU-126,70,Invalid,Product A,Active
01-06-2025,Depot H,SKU-293,4,Invalid,Product A,Active
01-06-2025,Depot H,SKU-234,18,Invalid,Product A,Active
01-06-2025,Depot H,SKU-843,7,Invalid,Product A,Active
01-06-2025,Depot H,SKU-127,47,Invalid,Product A,Active
01-06-2025,Depot H,SKU-259,21,Invalid,Product A,Active
01-06-2025,Depot H,SKU-128,6,Invalid,Product A,Active
01-06-2025,Depot H,SKU-129,52,Invalid,Product A,Active
01-06-2025,Depot H,SKU-130,31,Invalid,Product A,Active
01-06-2025,Depot H,SKU-264,15,Invalid,Product A,Active
01-06-2025,Depot H,SKU-258,7,Invalid,Product A,Active
01-06-2025,Depot H,SKU-470,25,Invalid,Product A,Not Active
01-06-2025,Depot H,SKU-471,19,Invalid,Product A,Not Active
01-06-2025,Depot H,SKU-472,559,Invalid,Product A,Not Active
01-06-2025,Depot H,SKU-473,434,Invalid,Product A,Active
01-06-2025,Depot H,SKU-474,599,Invalid,Product A,Not Active
01-06-2025,Depot H,SKU-475,555,Invalid,Product A,Active
01-06-2025,Depot H,SKU-845,61,Invalid,Product A,Not Active
01-06-2025,Depot H,SKU-476,20,Invalid,Product A,Not Active
01-06-2025,Depot H,SKU-847,20,Invalid,Product A,Not Active
01-06-2025,Depot H,SKU-851,5,Invalid,Product A,Active
01-06-2025,Depot H,SKU-852,11,Invalid,Product A,Active
01-06-2025,Depot H,SKU-856,5,Invalid,Product A,Active
01-06-2025,Depot H,SKU-294,21,Invalid,Product A,Active
01-06-2025,Depot H,SKU-857,9,Invalid,Product A,Active
01-06-2025,Depot H,SKU-330,5,Invalid,Product A,Active
01-06-2025,Depot H,SKU-266,40,Invalid,Product A,Active
01-06-2025,Depot H,SKU-267,9,Invalid,Product A,Active
01-06-2025,Depot H,SKU-135,43,Invalid,Product A,Active
01-06-2025,Depot H,SKU-268,28,Invalid,Product A,Active
01-06-2025,Depot H,SKU-136,122,Invalid,Product A,Active
01-06-2025,Depot H,SKU-269,34,Invalid,Product A,Active
01-06-2025,Depot H,SKU-219,238,Invalid,Product A,Active
01-06-2025,Depot H,SKU-260,8,Invalid,Product A,Active
01-06-2025,Depot H,SKU-197,35,Invalid,Product A,Active
01-06-2025,Depot H,SKU-198,65,Invalid,Product A,Active
01-06-2025,Depot H,SKU-295,10,Invalid,Product A,Active
01-06-2025,Depot H,SKU-296,9,Invalid,Product A,Active
01-06-2025,Depot H,SKU-137,10,Invalid,Product A,Active
01-06-2025,Depot H,SKU-304,39,Invalid,Product A,Active
01-06-2025,Depot H,SKU-138,6,Invalid,Product A,Active
01-06-2025,Depot H,SKU-868,17,Invalid,Product A,Active
01-06-2025,Depot H,SKU-306,44,Invalid,Product A,Active
01-06-2025,Depot H,SKU-869,22,Invalid,Product A,Active
01-06-2025,Depot H,SKU-870,30,Invalid,Product A,Active
01-06-2025,Depot H,SKU-276,133,Invalid,Product A,Active
01-06-2025,Depot H,SKU-141,68,Invalid,Product A,Active
01-06-2025,Depot H,SKU-871,22,Invalid,Product A,Active
01-06-2025,Depot H,SKU-277,86,Invalid,Product A,Active
01-06-2025,Depot H,SKU-143,59,Invalid,Product A,Active
01-06-2025,Depot H,SKU-874,21,Invalid,Product A,Active
01-06-2025,Depot H,SKU-279,202,Invalid,Product A,Active
01-06-2025,Depot H,SKU-876,40,Invalid,Product A,Active
01-06-2025,Depot H,SKU-483,12,Invalid,Product A,Active
01-06-2025,Depot H,SKU-227,41,Invalid,Product A,Active
01-06-2025,Depot H,SKU-878,20,Invalid,Product A,Active
01-06-2025,Depot H,SKU-147,50,Invalid,Product A,Active
01-06-2025,Depot H,SKU-280,216,Invalid,Product A,Active
01-06-2025,Depot H,SKU-881,10,Invalid,Product A,Active
01-06-2025,Depot H,SKU-151,21,Invalid,Product A,Active
01-06-2025,Depot H,SKU-884,13,Invalid,Product A,Active
01-06-2025,Depot H,SKU-312,20,Invalid,Product A,Active
01-06-2025,Depot H,SKU-885,4,Invalid,Product A,Active
01-06-2025,Depot H,SKU-313,156,Invalid,Product A,Active
01-06-2025,Depot H,SKU-154,98,Invalid,Product A,Active
01-06-2025,Depot H,SKU-887,21,Invalid,Product A,Active
01-06-2025,Depot I,SKU-492,6,Invalid,Product A,Not Active
01-06-2025,Depot I,SKU-241,26,Invalid,Product A,Active
01-06-2025,Depot I,SKU-200,47,Invalid,Product A,Active
01-06-2025,Depot I,SKU-201,58,Invalid,Product A,Active
01-06-2025,Depot I,SKU-493,14,Invalid,Product A,Active
01-06-2025,Depot I,SKU-337,2375,Invalid,Product A,Not Active
01-06-2025,Depot I,SKU-338,1196,Invalid,Product A,Not Active
01-06-2025,Depot I,SKU-494,61,Invalid,Product A,Not Active
01-06-2025,Depot I,SKU-495,61,Invalid,Product A,Not Active
01-06-2025,Depot I,SKU-221,213,Invalid,Product A,Active
01-06-2025,Depot I,SKU-1045,53,Invalid,Product A,Active
01-06-2025,Depot I,SKU-496,132,Invalid,Product A,Active
01-06-2025,Depot I,SKU-497,29,Invalid,Product A,Active
01-06-2025,Depot I,SKU-004,155,Invalid,Product A,Active
01-06-2025,Depot I,SKU-339,152,Invalid,Product A,Not Active
01-06-2025,Depot I,SKU-503,9,Invalid,Product A,Active
01-06-2025,Depot I,SKU-505,19,Invalid,Product A,Active
01-06-2025,Depot I,SKU-506,10,Invalid,Product A,Active
01-06-2025,Depot I,SKU-1149,8,Invalid,Product A,Active
01-06-2025,Depot I,SKU-1095,11,Invalid,Product A,Active
01-06-2025,Depot I,SKU-1048,5,Invalid,Product A,Active
01-06-2025,Depot I,SKU-1096,10,Invalid,Product A,Active
01-06-2025,Depot I,SKU-222,22,Invalid,Product A,Active
01-06-2025,Depot I,SKU-508,102,Invalid,Product A,Not Active
01-06-2025,Depot I,SKU-223,9,Invalid,Product A,Active
01-06-2025,Depot I,SKU-1049,30,Invalid,Product A,Not Active
01-06-2025,Depot I,SKU-1150,81,Invalid,Product A,Not Active
01-06-2025,Depot I,SKU-343,4672,Invalid,Product A,Not Active
01-06-2025,Depot I,SKU-344,239,Invalid,Product A,Not Active
01-06-2025,Depot I,SKU-345,471,Invalid,Product A,Not Active
01-06-2025,Depot I,SKU-346,675,Invalid,Product A,Not Active
01-06-2025,Depot I,SKU-206,4,Invalid,Product A,Active
01-06-2025,Depot I,SKU-207,25,Invalid,Product A,Active
01-06-2025,Depot I,SKU-347,9,Invalid,Product A,Active
01-06-2025,Depot I,SKU-348,496,Invalid,Product A,Active
01-06-2025,Depot I,SKU-229,99,Invalid,Product A,Active
01-06-2025,Depot I,SKU-208,529,Invalid,Product A,Active
01-06-2025,Depot I,SKU-350,210,Invalid,Product A,Active
01-06-2025,Depot I,SKU-248,130,Invalid,Product A,Active
01-06-2025,Depot I,SKU-1151,84,Invalid,Product A,Active
01-06-2025,Depot I,SKU-157,320,Invalid,Product A,Not Active
01-06-2025,Depot I,SKU-063,171,Invalid,Product A,Not Active
01-06-2025,Depot I,SKU-314,1506,Invalid,Product A,Not Active
01-06-2025,Depot I,SKU-249,361,Invalid,Product A,Not Active
01-06-2025,Depot I,SKU-236,136,Invalid,Product A,Not Active
01-06-2025,Depot I,SKU-250,126,Invalid,Product A,Active
01-06-2025,Depot I,SKU-158,121,Invalid,Product A,Active
01-06-2025,Depot I,SKU-315,222,Invalid,Product A,Active
01-06-2025,Depot I,SKU-515,23,Invalid,Product A,Not Active
01-06-2025,Depot I,SKU-1163,52,Invalid,Product A,Active
01-06-2025,Depot I,SKU-1050,90,Invalid,Product A,Not Active
01-06-2025,Depot I,SKU-516,11,Invalid,Product A,Active
01-06-2025,Depot I,SKU-159,88,Invalid,Product A,Active
01-06-2025,Depot I,SKU-014,823,Invalid,Product A,Not Active
01-06-2025,Depot I,SKU-283,36,Invalid,Product A,Not Active
01-06-2025,Depot I,SKU-251,110,Invalid,Product A,Active
01-06-2025,Depot I,SKU-1099,20,Invalid,Product A,Active
01-06-2025,Depot I,SKU-252,22,Invalid,Product A,Active
01-06-2025,Depot I,SKU-253,10,Invalid,Product A,Active
01-06-2025,Depot I,SKU-904,89,Invalid,Product A,Active
01-06-2025,Depot I,SKU-351,8,Invalid,Product A,Active
01-06-2025,Depot I,SKU-355,2,Invalid,Product A,Active
01-06-2025,Depot I,SKU-356,51,Invalid,Product A,Active
01-06-2025,Depot I,SKU-519,6,Invalid,Product A,Active
01-06-2025,Depot I,SKU-357,10,Invalid,Product A,Active
01-06-2025,Depot I,SKU-358,17,Invalid,Product A,Active
01-06-2025,Depot I,SKU-359,20,Invalid,Product A,Not Active
01-06-2025,Depot I,SKU-360,58,Invalid,Product A,Active
01-06-2025,Depot I,SKU-362,35,Invalid,Product A,Not Active
01-06-2025,Depot I,SKU-363,2,Invalid,Product A,Not Active
01-06-2025,Depot I,SKU-520,10,Invalid,Product A,Not Active
01-06-2025,Depot I,SKU-364,352,Invalid,Product A,Not Active
01-06-2025,Depot I,SKU-365,31,Invalid,Product A,Not Active
01-06-2025,Depot I,SKU-366,100,Invalid,Product A,Not Active
01-06-2025,Depot I,SKU-367,20,Invalid,Product A,Not Active
01-06-2025,Depot I,SKU-371,8,Invalid,Product A,Not Active
01-06-2025,Depot I,SKU-524,50,Invalid,Product A,Active
01-06-2025,Depot I,SKU-372,11,Invalid,Product A,Not Active
01-06-2025,Depot I,SKU-373,8,Invalid,Product A,Active
01-06-2025,Depot I,SKU-374,23,Invalid,Product A,Not Active
01-06-2025,Depot I,SKU-377,6,Invalid,Product A,Not Active
01-06-2025,Depot I,SKU-209,16,Invalid,Product A,Active
01-06-2025,Depot I,SKU-238,69,Invalid,Product A,Active
01-06-2025,Depot I,SKU-254,8,Invalid,Product A,Active
01-06-2025,Depot I,SKU-065,67,Invalid,Product A,Active
01-06-2025,Depot I,SKU-210,314,Invalid,Product A,Active
01-06-2025,Depot I,SKU-019,174,Invalid,Product A,Active
01-06-2025,Depot I,SKU-270,53,Invalid,Product A,Active
01-06-2025,Depot I,SKU-538,41,Invalid,Product A,Active
01-06-2025,Depot I,SKU-066,56,Invalid,Product A,Active
01-06-2025,Depot I,SKU-160,230,Invalid,Product A,Active
01-06-2025,Depot I,SKU-067,22,Invalid,Product A,Active
01-06-2025,Depot I,SKU-255,47,Invalid,Product A,Active
01-06-2025,Depot I,SKU-271,49,Invalid,Product A,Active
01-06-2025,Depot I,SKU-1164,10,Invalid,Product A,Active
01-06-2025,Depot I,SKU-230,17,Invalid,Product A,Active
01-06-2025,Depot I,SKU-068,28,Invalid,Product A,Active
01-06-2025,Depot I,SKU-023,16,Invalid,Product A,Active
01-06-2025,Depot I,SKU-379,57,Invalid,Product A,Not Active
01-06-2025,Depot I,SKU-380,1675,Invalid,Product A,Not Active
01-06-2025,Depot I,SKU-542,2036,Invalid,Product A,Not Active
01-06-2025,Depot I,SKU-381,18,Invalid,Product A,Not Active
01-06-2025,Depot I,SKU-382,19,Invalid,Product A,Active
01-06-2025,Depot I,SKU-548,66,Invalid,Product A,Active
01-06-2025,Depot I,SKU-549,41,Invalid,Product A,Active
01-06-2025,Depot I,SKU-070,26,Invalid,Product A,Active
01-06-2025,Depot I,SKU-383,31,Invalid,Product A,Active
01-06-2025,Depot I,SKU-071,7,Invalid,Product A,Active
01-06-2025,Depot I,SKU-910,9,Invalid,Product A,Active
01-06-2025,Depot I,SKU-224,87,Invalid,Product A,Active
01-06-2025,Depot I,SKU-072,16,Invalid,Product A,Active
01-06-2025,Depot I,SKU-1052,20,Invalid,Product A,Not Active
01-06-2025,Depot I,SKU-911,37,Invalid,Product A,Active
01-06-2025,Depot I,SKU-076,21,Invalid,Product A,Active
01-06-2025,Depot I,SKU-077,41,Invalid,Product A,Active
01-06-2025,Depot I,SKU-256,16,Invalid,Product A,Active
01-06-2025,Depot I,SKU-553,9,Invalid,Product A,Not Active
01-06-2025,Depot I,SKU-211,86,Invalid,Product A,Not Active
01-06-2025,Depot I,SKU-212,62,Invalid,Product A,Active
01-06-2025,Depot I,SKU-284,55,Invalid,Product A,Not Active
01-06-2025,Depot I,SKU-560,72,Invalid,Product A,Not Active
01-06-2025,Depot I,SKU-213,59,Invalid,Product A,Not Active
01-06-2025,Depot I,SKU-167,9,Invalid,Product A,Active
01-06-2025,Depot I,SKU-214,51,Invalid,Product A,Not Active
01-06-2025,Depot I,SKU-914,24,Invalid,Product A,Not Active
01-06-2025,Depot I,SKU-084,87,Invalid,Product A,Active
01-06-2025,Depot I,SKU-215,32,Invalid,Product A,Active
01-06-2025,Depot I,SKU-1057,4,Invalid,Product A,Active
01-06-2025,Depot I,SKU-085,134,Invalid,Product A,Active
01-06-2025,Depot I,SKU-216,161,Invalid,Product A,Not Active
01-06-2025,Depot I,SKU-257,6,Invalid,Product A,Active
01-06-2025,Depot I,SKU-571,3,Invalid,Product A,Not Active
01-06-2025,Depot I,SKU-088,100,Invalid,Product A,Active
01-06-2025,Depot I,SKU-1165,20,Invalid,Product A,Active
01-06-2025,Depot I,SKU-1157,20,Invalid,Product A,Active
01-06-2025,Depot I,SKU-035,97,Invalid,Product A,Active
01-06-2025,Depot I,SKU-036,30,Invalid,Product A,Active
01-06-2025,Depot I,SKU-218,79,Invalid,Product A,Active
01-06-2025,Depot I,SKU-1166,4,Invalid,Product A,Active
01-06-2025,Depot I,SKU-039,34,Invalid,Product A,Active
01-06-2025,Depot I,SKU-090,3,Invalid,Product A,Active
01-06-2025,Depot I,SKU-040,29,Invalid,Product A,Active
01-06-2025,Depot I,SKU-046,9,Invalid,Product A,Not Active
01-06-2025,Depot I,SKU-048,5,Invalid,Product A,Not Active
01-06-2025,Depot I,SKU-049,13,Invalid,Product A,Not Active
01-06-2025,Depot I,SKU-050,52,Invalid,Product A,Not Active
01-06-2025,Depot I,SKU-051,94,Invalid,Product A,Not Active
01-06-2025,Depot I,SKU-053,382,Invalid,Product A,Not Active
01-06-2025,Depot I,SKU-054,62,Invalid,Product A,Not Active
01-06-2025,Depot I,SKU-055,53,Invalid,Product A,Not Active
01-06-2025,Depot I,SKU-056,219,Invalid,Product A,Not Active
01-06-2025,Depot I,SKU-057,5,Invalid,Product A,Not Active
01-06-2025,Depot I,SKU-058,41,Invalid,Product A,Not Active
01-06-2025,Depot I,SKU-092,958,Invalid,Product A,Active
01-06-2025,Depot I,SKU-578,130,Invalid,Product A,Active
01-06-2025,Depot I,SKU-925,113,Invalid,Product A,Active
01-06-2025,Depot I,SKU-581,20,Invalid,Product A,Active
01-06-2025,Depot I,SKU-583,9,Invalid,Product A,Active
01-06-2025,Depot I,SKU-584,43,Invalid,Product A,Active
01-06-2025,Depot I,SKU-585,40,Invalid,Product A,Active
01-06-2025,Depot I,SKU-587,620,Invalid,Product A,Active
01-06-2025,Depot I,SKU-093,136,Invalid,Product A,Active
01-06-2025,Depot I,SKU-589,41,Invalid,Product A,Active
01-06-2025,Depot I,SKU-590,17,Invalid,Product A,Active
01-06-2025,Depot I,SKU-593,175,Invalid,Product A,Active
01-06-2025,Depot I,SKU-594,20,Invalid,Product A,Active
01-06-2025,Depot I,SKU-595,67,Invalid,Product A,Active
01-06-2025,Depot I,SKU-596,9,Invalid,Product A,Active
01-06-2025,Depot I,SKU-602,10,Invalid,Product A,Active
01-06-2025,Depot I,SKU-603,10,Invalid,Product A,Active
01-06-2025,Depot I,SKU-605,19,Invalid,Product A,Active
01-06-2025,Depot I,SKU-179,574,Invalid,Product A,Active
01-06-2025,Depot I,SKU-285,183,Invalid,Product A,Active
01-06-2025,Depot I,SKU-286,215,Invalid,Product A,Active
01-06-2025,Depot I,SKU-609,22,Invalid,Product A,Active
01-06-2025,Depot I,SKU-610,1,Invalid,Product A,Active
01-06-2025,Depot I,SKU-611,8,Invalid,Product A,Active
01-06-2025,Depot I,SKU-612,59,Invalid,Product A,Active
01-06-2025,Depot I,SKU-613,19,Invalid,Product A,Active
01-06-2025,Depot I,SKU-931,1176,Invalid,Product A,Active
01-06-2025,Depot I,SKU-287,253,Invalid,Product A,Active
01-06-2025,Depot I,SKU-615,46,Invalid,Product A,Active
01-06-2025,Depot I,SKU-616,19,Invalid,Product A,Active
01-06-2025,Depot I,SKU-288,103,Invalid,Product A,Active
01-06-2025,Depot I,SKU-619,20,Invalid,Product A,Active
01-06-2025,Depot I,SKU-1143,20,Invalid,Product A,Active
01-06-2025,Depot I,SKU-932,10,Invalid,Product A,Active
01-06-2025,Depot I,SKU-622,11,Invalid,Product A,Active
01-06-2025,Depot I,SKU-625,10,Invalid,Product A,Active
01-06-2025,Depot I,SKU-626,10,Invalid,Product A,Active
01-06-2025,Depot I,SKU-933,20,Invalid,Product A,Active
01-06-2025,Depot I,SKU-633,23,Invalid,Product A,Active
01-06-2025,Depot I,SKU-634,10,Invalid,Product A,Active
01-06-2025,Depot I,SKU-639,60,Invalid,Product A,Active
01-06-2025,Depot I,SKU-640,61,Invalid,Product A,Active
01-06-2025,Depot I,SKU-939,25,Invalid,Product A,Active
01-06-2025,Depot I,SKU-645,53,Invalid,Product A,Active
01-06-2025,Depot I,SKU-646,1,Invalid,Product A,Active
01-06-2025,Depot I,SKU-941,1,Invalid,Product A,Active
01-06-2025,Depot I,SKU-094,42,Invalid,Product A,Active
01-06-2025,Depot I,SKU-651,20,Invalid,Product A,Active
01-06-2025,Depot I,SKU-943,22,Invalid,Product A,Active
01-06-2025,Depot I,SKU-095,20,Invalid,Product A,Active
01-06-2025,Depot I,SKU-655,30,Invalid,Product A,Active
01-06-2025,Depot I,SKU-945,44,Invalid,Product A,Active
01-06-2025,Depot I,SKU-659,10,Invalid,Product A,Active
01-06-2025,Depot I,SKU-660,20,Invalid,Product A,Active
01-06-2025,Depot I,SKU-664,21,Invalid,Product A,Active
01-06-2025,Depot I,SKU-665,15,Invalid,Product A,Active
01-06-2025,Depot I,SKU-951,31,Invalid,Product A,Active
01-06-2025,Depot I,SKU-669,5,Invalid,Product A,Active
01-06-2025,Depot I,SKU-670,5,Invalid,Product A,Active
01-06-2025,Depot I,SKU-954,5,Invalid,Product A,Active
01-06-2025,Depot I,SKU-096,53,Invalid,Product A,Active
01-06-2025,Depot I,SKU-957,10,Invalid,Product A,Active
01-06-2025,Depot I,SKU-958,61,Invalid,Product A,Active
01-06-2025,Depot I,SKU-675,433,Invalid,Product A,Active
01-06-2025,Depot I,SKU-097,462,Invalid,Product A,Active
01-06-2025,Depot I,SKU-676,38,Invalid,Product A,Active
01-06-2025,Depot I,SKU-678,16,Invalid,Product A,Active
01-06-2025,Depot I,SKU-098,61,Invalid,Product A,Active
01-06-2025,Depot I,SKU-680,20,Invalid,Product A,Active
01-06-2025,Depot I,SKU-684,22,Invalid,Product A,Active
01-06-2025,Depot I,SKU-100,96,Invalid,Product A,Active
01-06-2025,Depot I,SKU-1108,20,Invalid,Product A,Active
01-06-2025,Depot I,SKU-687,20,Invalid,Product A,Active
01-06-2025,Depot I,SKU-688,40,Invalid,Product A,Active
01-06-2025,Depot I,SKU-181,275,Invalid,Product A,Active
01-06-2025,Depot I,SKU-318,47,Invalid,Product A,Active
01-06-2025,Depot I,SKU-103,1219,Invalid,Product A,Active
01-06-2025,Depot I,SKU-968,20,Invalid,Product A,Active
01-06-2025,Depot I,SKU-696,20,Invalid,Product A,Active
01-06-2025,Depot I,SKU-698,20,Invalid,Product A,Active
01-06-2025,Depot I,SKU-976,10,Invalid,Product A,Active
01-06-2025,Depot I,SKU-709,10,Invalid,Product A,Active
01-06-2025,Depot I,SKU-1161,10,Invalid,Product A,Active
01-06-2025,Depot I,SKU-395,10,Invalid,Product A,Active
01-06-2025,Depot I,SKU-977,56,Invalid,Product A,Not Active
01-06-2025,Depot I,SKU-398,285,Invalid,Product A,Not Active
01-06-2025,Depot I,SKU-712,98,Invalid,Product A,Active
01-06-2025,Depot I,SKU-713,44,Invalid,Product A,Not Active
01-06-2025,Depot I,SKU-399,314,Invalid,Product A,Active
01-06-2025,Depot I,SKU-715,101,Invalid,Product A,Not Active
01-06-2025,Depot I,SKU-319,20,Invalid,Product A,Active
01-06-2025,Depot I,SKU-106,101,Invalid,Product A,Active
01-06-2025,Depot I,SKU-719,10,Invalid,Product A,Not Active
01-06-2025,Depot I,SKU-184,68,Invalid,Product A,Active
01-06-2025,Depot I,SKU-320,9,Invalid,Product A,Active
01-06-2025,Depot I,SKU-107,26,Invalid,Product A,Active
01-06-2025,Depot I,SKU-1167,41,Invalid,Product A,Active
01-06-2025,Depot I,SKU-723,20,Invalid,Product A,Active
01-06-2025,Depot I,SKU-726,5,Invalid,Product A,Active
01-06-2025,Depot I,SKU-727,10,Invalid,Product A,Active
01-06-2025,Depot I,SKU-991,21,Invalid,Product A,Active
01-06-2025,Depot I,SKU-992,10,Invalid,Product A,Active
01-06-2025,Depot I,SKU-1168,10,Invalid,Product A,Active
01-06-2025,Depot I,SKU-186,21,Invalid,Product A,Active
01-06-2025,Depot I,SKU-187,22,Invalid,Product A,Active
01-06-2025,Depot I,SKU-188,12,Invalid,Product A,Active
01-06-2025,Depot I,SKU-189,26,Invalid,Product A,Active
01-06-2025,Depot I,SKU-321,8,Invalid,Product A,Active
01-06-2025,Depot I,SKU-190,20,Invalid,Product A,Active
01-06-2025,Depot I,SKU-735,12,Invalid,Product A,Active
01-06-2025,Depot I,SKU-191,42,Invalid,Product A,Active
01-06-2025,Depot I,SKU-736,20,Invalid,Product A,Active
01-06-2025,Depot I,SKU-404,20,Invalid,Product A,Active
01-06-2025,Depot I,SKU-740,20,Invalid,Product A,Active
01-06-2025,Depot I,SKU-405,40,Invalid,Product A,Active
01-06-2025,Depot I,SKU-742,20,Invalid,Product A,Active
01-06-2025,Depot I,SKU-407,20,Invalid,Product A,Active
01-06-2025,Depot I,SKU-408,20,Invalid,Product A,Not Active
01-06-2025,Depot I,SKU-747,20,Invalid,Product A,Active
01-06-2025,Depot I,SKU-111,20,Invalid,Product A,Active
01-06-2025,Depot I,SKU-751,3,Invalid,Product A,Active
01-06-2025,Depot I,SKU-752,20,Invalid,Product A,Active
01-06-2025,Depot I,SKU-112,64,Invalid,Product A,Active
01-06-2025,Depot I,SKU-411,2,Invalid,Product A,Active
01-06-2025,Depot I,SKU-1169,20,Invalid,Product A,Not Active
01-06-2025,Depot I,SKU-757,15,Invalid,Product A,Active
01-06-2025,Depot I,SKU-758,5,Invalid,Product A,Active
01-06-2025,Depot I,SKU-1005,5,Invalid,Product A,Active
01-06-2025,Depot I,SKU-412,11,Invalid,Product A,Active
01-06-2025,Depot I,SKU-1170,41,Invalid,Product A,Not Active
01-06-2025,Depot I,SKU-192,21,Invalid,Product A,Active
01-06-2025,Depot I,SKU-413,9,Invalid,Product A,Active
01-06-2025,Depot I,SKU-764,2,Invalid,Product A,Active
01-06-2025,Depot I,SKU-193,21,Invalid,Product A,Active
01-06-2025,Depot I,SKU-414,3,Invalid,Product A,Active
01-06-2025,Depot I,SKU-771,24,Invalid,Product A,Active
01-06-2025,Depot I,SKU-776,7,Invalid,Product A,Active
01-06-2025,Depot I,SKU-113,49,Invalid,Product A,Active
01-06-2025,Depot I,SKU-418,2,Invalid,Product A,Active
01-06-2025,Depot I,SKU-1012,26,Invalid,Product A,Active
01-06-2025,Depot I,SKU-1073,10,Invalid,Product A,Active
01-06-2025,Depot I,SKU-1015,40,Invalid,Product A,Active
01-06-2025,Depot I,SKU-782,12,Invalid,Product A,Active
01-06-2025,Depot I,SKU-785,1,Invalid,Product A,Not Active
01-06-2025,Depot I,SKU-1017,10,Invalid,Product A,Active
01-06-2025,Depot I,SKU-787,20,Invalid,Product A,Active
01-06-2025,Depot I,SKU-788,23,Invalid,Product A,Active
01-06-2025,Depot I,SKU-1020,11,Invalid,Product A,Active
01-06-2025,Depot I,SKU-324,17,Invalid,Product A,Active
01-06-2025,Depot I,SKU-791,10,Invalid,Product A,Active
01-06-2025,Depot I,SKU-1022,10,Invalid,Product A,Active
01-06-2025,Depot I,SKU-325,7,Invalid,Product A,Active
01-06-2025,Depot I,SKU-272,10,Invalid,Product A,Active
01-06-2025,Depot I,SKU-798,8,Invalid,Product A,Not Active
01-06-2025,Depot I,SKU-1027,20,Invalid,Product A,Active
01-06-2025,Depot I,SKU-445,10,Invalid,Product A,Active
01-06-2025,Depot I,SKU-1030,10,Invalid,Product A,Active
01-06-2025,Depot I,SKU-326,11,Invalid,Product A,Active
01-06-2025,Depot I,SKU-273,10,Invalid,Product A,Active
01-06-2025,Depot I,SKU-802,2,Invalid,Product A,Not Active
01-06-2025,Depot I,SKU-805,5,Invalid,Product A,Active
01-06-2025,Depot I,SKU-1039,11,Invalid,Product A,Active
01-06-2025,Depot I,SKU-274,10,Invalid,Product A,Active
01-06-2025,Depot I,SKU-811,3,Invalid,Product A,Not Active
01-06-2025,Depot I,SKU-290,23,Invalid,Product A,Active
01-06-2025,Depot I,SKU-468,14,Invalid,Product A,Active
01-06-2025,Depot I,SKU-275,16,Invalid,Product A,Active
01-06-2025,Depot I,SKU-469,5,Invalid,Product A,Active
01-06-2025,Depot I,SKU-328,29,Invalid,Product A,Active
01-06-2025,Depot I,SKU-118,40,Invalid,Product A,Active
01-06-2025,Depot I,SKU-119,1176,Invalid,Product A,Active
01-06-2025,Depot I,SKU-835,15,Invalid,Product A,Active
01-06-2025,Depot I,SKU-329,134,Invalid,Product A,Active
01-06-2025,Depot I,SKU-121,79,Invalid,Product A,Active
01-06-2025,Depot I,SKU-839,41,Invalid,Product A,Active
01-06-2025,Depot I,SKU-840,15,Invalid,Product A,Active
01-06-2025,Depot I,SKU-291,59,Invalid,Product A,Active
01-06-2025,Depot I,SKU-124,56,Invalid,Product A,Active
01-06-2025,Depot I,SKU-292,12,Invalid,Product A,Active
01-06-2025,Depot I,SKU-125,18,Invalid,Product A,Active
01-06-2025,Depot I,SKU-263,20,Invalid,Product A,Active
01-06-2025,Depot I,SKU-225,80,Invalid,Product A,Active
01-06-2025,Depot I,SKU-293,0,Invalid,Product A,Active
01-06-2025,Depot I,SKU-843,183,Invalid,Product A,Active
01-06-2025,Depot I,SKU-1171,52,Invalid,Product A,Not Active
01-06-2025,Depot I,SKU-259,20,Invalid,Product A,Active
01-06-2025,Depot I,SKU-128,69,Invalid,Product A,Active
01-06-2025,Depot I,SKU-129,28,Invalid,Product A,Active
01-06-2025,Depot I,SKU-264,9,Invalid,Product A,Active
01-06-2025,Depot I,SKU-258,23,Invalid,Product A,Active
01-06-2025,Depot I,SKU-470,30,Invalid,Product A,Not Active
01-06-2025,Depot I,SKU-471,316,Invalid,Product A,Not Active
01-06-2025,Depot I,SKU-472,141,Invalid,Product A,Not Active
01-06-2025,Depot I,SKU-473,2470,Invalid,Product A,Active
01-06-2025,Depot I,SKU-474,1148,Invalid,Product A,Not Active
01-06-2025,Depot I,SKU-475,5680,Invalid,Product A,Active
01-06-2025,Depot I,SKU-844,25,Invalid,Product A,Not Active
01-06-2025,Depot I,SKU-476,37,Invalid,Product A,Not Active
01-06-2025,Depot I,SKU-847,25,Invalid,Product A,Not Active
01-06-2025,Depot I,SKU-1155,32,Invalid,Product A,Not Active
01-06-2025,Depot I,SKU-132,592,Invalid,Product A,Active
01-06-2025,Depot I,SKU-849,10,Invalid,Product A,Active
01-06-2025,Depot I,SKU-1172,51,Invalid,Product A,Active
01-06-2025,Depot I,SKU-294,81,Invalid,Product A,Active
01-06-2025,Depot I,SKU-134,32,Invalid,Product A,Active
01-06-2025,Depot I,SKU-266,48,Invalid,Product A,Active
01-06-2025,Depot I,SKU-267,15,Invalid,Product A,Active
01-06-2025,Depot I,SKU-135,267,Invalid,Product A,Active
01-06-2025,Depot I,SKU-268,19,Invalid,Product A,Active
01-06-2025,Depot I,SKU-269,15,Invalid,Product A,Active
01-06-2025,Depot I,SKU-260,45,Invalid,Product A,Active
01-06-2025,Depot I,SKU-226,83,Invalid,Product A,Active
01-06-2025,Depot I,SKU-295,61,Invalid,Product A,Active
01-06-2025,Depot I,SKU-296,8,Invalid,Product A,Active
01-06-2025,Depot I,SKU-137,14,Invalid,Product A,Active
01-06-2025,Depot I,SKU-297,126,Invalid,Product A,Active
01-06-2025,Depot I,SKU-298,27,Invalid,Product A,Active
01-06-2025,Depot I,SKU-299,13,Invalid,Product A,Active
01-06-2025,Depot I,SKU-300,118,Invalid,Product A,Active
01-06-2025,Depot I,SKU-301,31,Invalid,Product A,Active
01-06-2025,Depot I,SKU-862,7,Invalid,Product A,Active
01-06-2025,Depot I,SKU-1084,20,Invalid,Product A,Active
01-06-2025,Depot I,SKU-302,66,Invalid,Product A,Active
01-06-2025,Depot I,SKU-864,14,Invalid,Product A,Active
01-06-2025,Depot I,SKU-303,49,Invalid,Product A,Active
01-06-2025,Depot I,SKU-865,20,Invalid,Product A,Active
01-06-2025,Depot I,SKU-304,13,Invalid,Product A,Active
01-06-2025,Depot I,SKU-305,32,Invalid,Product A,Active
01-06-2025,Depot I,SKU-478,153,Invalid,Product A,Active
01-06-2025,Depot I,SKU-868,84,Invalid,Product A,Active
01-06-2025,Depot I,SKU-306,9,Invalid,Product A,Active
01-06-2025,Depot I,SKU-869,113,Invalid,Product A,Active
01-06-2025,Depot I,SKU-307,22,Invalid,Product A,Active
01-06-2025,Depot I,SKU-479,62,Invalid,Product A,Active
01-06-2025,Depot I,SKU-870,19,Invalid,Product A,Active
01-06-2025,Depot I,SKU-276,13,Invalid,Product A,Active
01-06-2025,Depot I,SKU-871,54,Invalid,Product A,Active
01-06-2025,Depot I,SKU-308,3,Invalid,Product A,Active
01-06-2025,Depot I,SKU-872,20,Invalid,Product A,Active
01-06-2025,Depot I,SKU-480,244,Invalid,Product A,Active
01-06-2025,Depot I,SKU-277,124,Invalid,Product A,Active
01-06-2025,Depot I,SKU-874,34,Invalid,Product A,Active
01-06-2025,Depot I,SKU-481,366,Invalid,Product A,Active
01-06-2025,Depot I,SKU-278,26,Invalid,Product A,Active
01-06-2025,Depot I,SKU-279,7,Invalid,Product A,Active
01-06-2025,Depot I,SKU-876,27,Invalid,Product A,Active
01-06-2025,Depot I,SKU-309,284,Invalid,Product A,Active
01-06-2025,Depot I,SKU-482,21,Invalid,Product A,Active
01-06-2025,Depot I,SKU-877,15,Invalid,Product A,Active
01-06-2025,Depot I,SKU-483,10,Invalid,Product A,Active
01-06-2025,Depot I,SKU-227,21,Invalid,Product A,Active
01-06-2025,Depot I,SKU-879,60,Invalid,Product A,Active
01-06-2025,Depot I,SKU-880,13,Invalid,Product A,Active
01-06-2025,Depot I,SKU-280,15,Invalid,Product A,Active
01-06-2025,Depot I,SKU-881,97,Invalid,Product A,Active
01-06-2025,Depot I,SKU-310,79,Invalid,Product A,Active
01-06-2025,Depot I,SKU-150,4,Invalid,Product A,Active
01-06-2025,Depot I,SKU-486,25,Invalid,Product A,Active
01-06-2025,Depot I,SKU-151,14,Invalid,Product A,Active
01-06-2025,Depot I,SKU-487,67,Invalid,Product A,Active
01-06-2025,Depot I,SKU-152,12,Invalid,Product A,Active
01-06-2025,Depot I,SKU-281,125,Invalid,Product A,Active
01-06-2025,Depot I,SKU-313,44,Invalid,Product A,Active
01-06-2025,Depot I,SKU-887,70,Invalid,Product A,Active
01-06-2025,Depot I,SKU-220,161,Invalid,Product A,Active
01-06-2025,Depot I,SKU-1085,96,Invalid,Product A,Active
01-06-2025,Depot I,SKU-888,7,Invalid,Product A,Active
01-06-2025,Depot I,SKU-331,111,Invalid,Product A,Active
01-06-2025,Depot I,SKU-1087,21,Invalid,Product A,Active
01-06-2025,Depot I,SKU-332,27,Invalid,Product A,Active
01-06-2025,Depot I,SKU-156,42,Invalid,Product A,Active
01-06-2025,Depot I,SKU-1088,43,Invalid,Product A,Active
01-06-2025,Depot I,SKU-333,30,Invalid,Product A,Active
01-06-2025,Depot I,SKU-1089,31,Invalid,Product A,Active
01-06-2025,Depot I,SKU-334,189,Invalid,Product A,Active
01-06-2025,Depot I,SKU-893,37,Invalid,Product A,Active
01-06-2025,Depot I,SKU-1091,13,Invalid,Product A,Active
01-06-2025,Depot I,SKU-894,29,Invalid,Product A,Active
01-06-2025,Depot I,SKU-1092,5,Invalid,Product A,Active
01-06-2025,Depot I,SKU-1093,5,Invalid,Product A,Active
01-06-2025,Depot J,SKU-489,19,Invalid,Product A,Not Active
01-06-2025,Depot J,SKU-490,7,Invalid,Product A,Not Active
01-06-2025,Depot J,SKU-491,8,Invalid,Product A,Not Active
01-06-2025,Depot J,SKU-335,24,Invalid,Product A,Not Active
01-06-2025,Depot J,SKU-336,10,Invalid,Product A,Not Active
01-06-2025,Depot J,SKU-492,27,Invalid,Product A,Not Active
01-06-2025,Depot J,SKU-241,48,Invalid,Product A,Active
01-06-2025,Depot J,SKU-200,1351,Invalid,Product A,Active
01-06-2025,Depot J,SKU-201,46,Invalid,Product A,Active
01-06-2025,Depot J,SKU-493,100,Invalid,Product A,Active
01-06-2025,Depot J,SKU-337,101,Invalid,Product A,Not Active
01-06-2025,Depot J,SKU-338,811,Invalid,Product A,Not Active
01-06-2025,Depot J,SKU-494,77,Invalid,Product A,Not Active
01-06-2025,Depot J,SKU-495,67,Invalid,Product A,Not Active
01-06-2025,Depot J,SKU-221,39,Invalid,Product A,Active
01-06-2025,Depot J,SKU-1045,102,Invalid,Product A,Active
01-06-2025,Depot J,SKU-496,1845,Invalid,Product A,Active
01-06-2025,Depot J,SKU-497,329,Invalid,Product A,Active
01-06-2025,Depot J,SKU-498,37,Invalid,Product A,Active
01-06-2025,Depot J,SKU-499,10,Invalid,Product A,Active
01-06-2025,Depot J,SKU-500,22,Invalid,Product A,Active
01-06-2025,Depot J,SKU-501,10,Invalid,Product A,Active
01-06-2025,Depot J,SKU-339,75,Invalid,Product A,Not Active
01-06-2025,Depot J,SKU-502,39,Invalid,Product A,Active
01-06-2025,Depot J,SKU-503,24,Invalid,Product A,Active
01-06-2025,Depot J,SKU-504,63,Invalid,Product A,Active
01-06-2025,Depot J,SKU-222,10,Invalid,Product A,Active
01-06-2025,Depot J,SKU-507,5,Invalid,Product A,Active
01-06-2025,Depot J,SKU-223,24,Invalid,Product A,Active
01-06-2025,Depot J,SKU-1049,21,Invalid,Product A,Not Active
01-06-2025,Depot J,SKU-1150,10,Invalid,Product A,Not Active
01-06-2025,Depot J,SKU-204,91,Invalid,Product A,Active
01-06-2025,Depot J,SKU-061,100,Invalid,Product A,Active
01-06-2025,Depot J,SKU-205,22,Invalid,Product A,Active
01-06-2025,Depot J,SKU-1173,16,Invalid,Product A,Not Active
01-06-2025,Depot J,SKU-1098,587,Invalid,Product A,Not Active
01-06-2025,Depot J,SKU-342,8,Invalid,Product A,Not Active
01-06-2025,Depot J,SKU-510,32,Invalid,Product A,Active
01-06-2025,Depot J,SKU-343,75,Invalid,Product A,Not Active
01-06-2025,Depot J,SKU-511,32,Invalid,Product A,Not Active
01-06-2025,Depot J,SKU-344,12,Invalid,Product A,Not Active
01-06-2025,Depot J,SKU-512,28,Invalid,Product A,Not Active
01-06-2025,Depot J,SKU-345,42,Invalid,Product A,Not Active
01-06-2025,Depot J,SKU-346,200,Invalid,Product A,Not Active
01-06-2025,Depot J,SKU-347,30,Invalid,Product A,Active
01-06-2025,Depot J,SKU-348,241,Invalid,Product A,Active
01-06-2025,Depot J,SKU-229,38,Invalid,Product A,Active
01-06-2025,Depot J,SKU-349,107,Invalid,Product A,Active
01-06-2025,Depot J,SKU-513,41,Invalid,Product A,Active
01-06-2025,Depot J,SKU-228,49,Invalid,Product A,Active
01-06-2025,Depot J,SKU-350,328,Invalid,Product A,Active
01-06-2025,Depot J,SKU-514,181,Invalid,Product A,Active
01-06-2025,Depot J,SKU-248,60,Invalid,Product A,Active
01-06-2025,Depot J,SKU-1151,35,Invalid,Product A,Active
01-06-2025,Depot J,SKU-157,32,Invalid,Product A,Not Active
01-06-2025,Depot J,SKU-063,59,Invalid,Product A,Not Active
01-06-2025,Depot J,SKU-008,133,Invalid,Product A,Not Active
01-06-2025,Depot J,SKU-249,72,Invalid,Product A,Not Active
01-06-2025,Depot J,SKU-231,21,Invalid,Product A,Not Active
01-06-2025,Depot J,SKU-250,313,Invalid,Product A,Active
01-06-2025,Depot J,SKU-282,35,Invalid,Product A,Active
01-06-2025,Depot J,SKU-158,413,Invalid,Product A,Active
01-06-2025,Depot J,SKU-315,28,Invalid,Product A,Active
01-06-2025,Depot J,SKU-515,78,Invalid,Product A,Not Active
01-06-2025,Depot J,SKU-1163,133,Invalid,Product A,Active
01-06-2025,Depot J,SKU-516,80,Invalid,Product A,Active
01-06-2025,Depot J,SKU-517,35,Invalid,Product A,Active
01-06-2025,Depot J,SKU-012,42,Invalid,Product A,Not Active
01-06-2025,Depot J,SKU-316,30,Invalid,Product A,Not Active
01-06-2025,Depot J,SKU-251,165,Invalid,Product A,Active
01-06-2025,Depot J,SKU-317,30,Invalid,Product A,Not Active
01-06-2025,Depot J,SKU-252,45,Invalid,Product A,Active
01-06-2025,Depot J,SKU-253,47,Invalid,Product A,Active
01-06-2025,Depot J,SKU-904,12,Invalid,Product A,Active
01-06-2025,Depot J,SKU-351,25,Invalid,Product A,Active
01-06-2025,Depot J,SKU-352,32,Invalid,Product A,Active
01-06-2025,Depot J,SKU-353,18,Invalid,Product A,Active
01-06-2025,Depot J,SKU-354,10,Invalid,Product A,Active
01-06-2025,Depot J,SKU-356,39,Invalid,Product A,Active
01-06-2025,Depot J,SKU-519,10,Invalid,Product A,Active
01-06-2025,Depot J,SKU-357,17,Invalid,Product A,Active
01-06-2025,Depot J,SKU-358,20,Invalid,Product A,Active
01-06-2025,Depot J,SKU-359,10,Invalid,Product A,Not Active
01-06-2025,Depot J,SKU-360,46,Invalid,Product A,Active
01-06-2025,Depot J,SKU-361,4,Invalid,Product A,Not Active
01-06-2025,Depot J,SKU-362,5,Invalid,Product A,Not Active
01-06-2025,Depot J,SKU-363,47,Invalid,Product A,Not Active
01-06-2025,Depot J,SKU-905,1,Invalid,Product A,Active
01-06-2025,Depot J,SKU-520,19,Invalid,Product A,Not Active
01-06-2025,Depot J,SKU-364,81,Invalid,Product A,Not Active
01-06-2025,Depot J,SKU-365,32,Invalid,Product A,Not Active
01-06-2025,Depot J,SKU-521,18,Invalid,Product A,Active
01-06-2025,Depot J,SKU-906,10,Invalid,Product A,Not Active
01-06-2025,Depot J,SKU-366,4,Invalid,Product A,Not Active
01-06-2025,Depot J,SKU-367,9,Invalid,Product A,Not Active
01-06-2025,Depot J,SKU-368,13,Invalid,Product A,Active
01-06-2025,Depot J,SKU-522,20,Invalid,Product A,Not Active
01-06-2025,Depot J,SKU-369,23,Invalid,Product A,Not Active
01-06-2025,Depot J,SKU-523,49,Invalid,Product A,Not Active
01-06-2025,Depot J,SKU-370,35,Invalid,Product A,Active
01-06-2025,Depot J,SKU-371,50,Invalid,Product A,Not Active
01-06-2025,Depot J,SKU-524,11,Invalid,Product A,Active
01-06-2025,Depot J,SKU-372,8,Invalid,Product A,Not Active
01-06-2025,Depot J,SKU-261,180,Invalid,Product A,Active
01-06-2025,Depot J,SKU-254,11,Invalid,Product A,Active
01-06-2025,Depot J,SKU-907,50,Invalid,Product A,Active
01-06-2025,Depot J,SKU-064,34,Invalid,Product A,Active
01-06-2025,Depot J,SKU-065,57,Invalid,Product A,Active
01-06-2025,Depot J,SKU-018,66,Invalid,Product A,Active
01-06-2025,Depot J,SKU-210,60,Invalid,Product A,Active
01-06-2025,Depot J,SKU-020,179,Invalid,Product A,Active
01-06-2025,Depot J,SKU-538,59,Invalid,Product A,Active
01-06-2025,Depot J,SKU-066,20,Invalid,Product A,Active
01-06-2025,Depot J,SKU-022,82,Invalid,Product A,Active
01-06-2025,Depot J,SKU-230,10,Invalid,Product A,Active
01-06-2025,Depot J,SKU-068,16,Invalid,Product A,Active
01-06-2025,Depot J,SKU-232,21,Invalid,Product A,Active
01-06-2025,Depot J,SKU-1174,10,Invalid,Product A,Not Active
01-06-2025,Depot J,SKU-539,58,Invalid,Product A,Active
01-06-2025,Depot J,SKU-540,15,Invalid,Product A,Active
01-06-2025,Depot J,SKU-379,15,Invalid,Product A,Not Active
01-06-2025,Depot J,SKU-380,400,Invalid,Product A,Not Active
01-06-2025,Depot J,SKU-542,6,Invalid,Product A,Not Active
01-06-2025,Depot J,SKU-381,12,Invalid,Product A,Not Active
01-06-2025,Depot J,SKU-548,10,Invalid,Product A,Active
01-06-2025,Depot J,SKU-070,15,Invalid,Product A,Active
01-06-2025,Depot J,SKU-383,18,Invalid,Product A,Active
01-06-2025,Depot J,SKU-071,8,Invalid,Product A,Active
01-06-2025,Depot J,SKU-910,32,Invalid,Product A,Active
01-06-2025,Depot J,SKU-256,9,Invalid,Product A,Active
01-06-2025,Depot J,SKU-552,9,Invalid,Product A,Active
01-06-2025,Depot J,SKU-553,63,Invalid,Product A,Not Active
01-06-2025,Depot J,SKU-078,31,Invalid,Product A,Active
01-06-2025,Depot J,SKU-079,33,Invalid,Product A,Active
01-06-2025,Depot J,SKU-211,47,Invalid,Product A,Not Active
01-06-2025,Depot J,SKU-212,32,Invalid,Product A,Active
01-06-2025,Depot J,SKU-080,11,Invalid,Product A,Active
01-06-2025,Depot J,SKU-284,75,Invalid,Product A,Not Active
01-06-2025,Depot J,SKU-560,34,Invalid,Product A,Not Active
01-06-2025,Depot J,SKU-082,86,Invalid,Product A,Active
01-06-2025,Depot J,SKU-213,33,Invalid,Product A,Not Active
01-06-2025,Depot J,SKU-214,25,Invalid,Product A,Not Active
01-06-2025,Depot J,SKU-083,84,Invalid,Product A,Active
01-06-2025,Depot J,SKU-084,41,Invalid,Product A,Active
01-06-2025,Depot J,SKU-215,7,Invalid,Product A,Active
01-06-2025,Depot J,SKU-1057,10,Invalid,Product A,Active
01-06-2025,Depot J,SKU-085,6,Invalid,Product A,Active
01-06-2025,Depot J,SKU-216,13,Invalid,Product A,Not Active
01-06-2025,Depot J,SKU-257,4,Invalid,Product A,Active
01-06-2025,Depot J,SKU-086,19,Invalid,Product A,Active
01-06-2025,Depot J,SKU-571,20,Invalid,Product A,Not Active
01-06-2025,Depot J,SKU-217,12,Invalid,Product A,Active
01-06-2025,Depot J,SKU-088,22,Invalid,Product A,Active
01-06-2025,Depot J,SKU-233,41,Invalid,Product A,Active
01-06-2025,Depot J,SKU-026,119,Invalid,Product A,Active
01-06-2025,Depot J,SKU-028,8,Invalid,Product A,Active
01-06-2025,Depot J,SKU-030,23,Invalid,Product A,Active
01-06-2025,Depot J,SKU-031,17,Invalid,Product A,Active
01-06-2025,Depot J,SKU-032,27,Invalid,Product A,Active
01-06-2025,Depot J,SKU-033,61,Invalid,Product A,Active
01-06-2025,Depot J,SKU-034,35,Invalid,Product A,Active
01-06-2025,Depot J,SKU-035,21,Invalid,Product A,Active
01-06-2025,Depot J,SKU-037,29,Invalid,Product A,Active
01-06-2025,Depot J,SKU-038,12,Invalid,Product A,Active
01-06-2025,Depot J,SKU-039,14,Invalid,Product A,Active
01-06-2025,Depot J,SKU-090,3,Invalid,Product A,Active
01-06-2025,Depot J,SKU-040,3,Invalid,Product A,Active
01-06-2025,Depot J,SKU-041,17,Invalid,Product A,Not Active
01-06-2025,Depot J,SKU-042,28,Invalid,Product A,Not Active
01-06-2025,Depot J,SKU-043,8,Invalid,Product A,Not Active
01-06-2025,Depot J,SKU-044,10,Invalid,Product A,Not Active
01-06-2025,Depot J,SKU-045,10,Invalid,Product A,Not Active
01-06-2025,Depot J,SKU-046,5,Invalid,Product A,Not Active
01-06-2025,Depot J,SKU-047,5,Invalid,Product A,Not Active
01-06-2025,Depot J,SKU-049,9,Invalid,Product A,Not Active
01-06-2025,Depot J,SKU-057,13,Invalid,Product A,Not Active
01-06-2025,Depot J,SKU-058,8,Invalid,Product A,Not Active
01-06-2025,Depot J,SKU-101,19,Invalid,Product A,Active
01-06-2025,Depot J,SKU-105,10,Invalid,Product A,Active
01-06-2025,Depot J,SKU-106,8,Invalid,Product A,Active
01-06-2025,Depot J,SKU-720,17,Invalid,Product A,Active
01-06-2025,Depot J,SKU-744,20,Invalid,Product A,Active
01-06-2025,Depot J,SKU-110,20,Invalid,Product A,Active
01-06-2025,Depot J,SKU-059,652,Invalid,Product A,Active
01-06-2025,Depot J,SKU-115,106,Invalid,Product A,Active
01-06-2025,Depot J,SKU-117,20,Invalid,Product A,Active
01-06-2025,Depot J,SKU-467,41,Invalid,Product A,Active
01-06-2025,Depot J,SKU-1175,21,Invalid,Product A,Active
01-06-2025,Depot J,SKU-275,27,Invalid,Product A,Active
01-06-2025,Depot J,SKU-195,41,Invalid,Product A,Active
01-06-2025,Depot J,SKU-328,18,Invalid,Product A,Active
01-06-2025,Depot J,SKU-118,136,Invalid,Product A,Active
01-06-2025,Depot J,SKU-196,12,Invalid,Product A,Active
01-06-2025,Depot J,SKU-120,71,Invalid,Product A,Active
01-06-2025,Depot J,SKU-121,21,Invalid,Product A,Active
01-06-2025,Depot J,SKU-839,20,Invalid,Product A,Active
01-06-2025,Depot J,SKU-840,22,Invalid,Product A,Active
01-06-2025,Depot J,SKU-122,175,Invalid,Product A,Active
01-06-2025,Depot J,SKU-124,18,Invalid,Product A,Active
01-06-2025,Depot J,SKU-292,47,Invalid,Product A,Active
01-06-2025,Depot J,SKU-126,82,Invalid,Product A,Active
01-06-2025,Depot J,SKU-293,10,Invalid,Product A,Active
01-06-2025,Depot J,SKU-234,29,Invalid,Product A,Active
01-06-2025,Depot J,SKU-259,7,Invalid,Product A,Active
01-06-2025,Depot J,SKU-128,28,Invalid,Product A,Active
01-06-2025,Depot J,SKU-129,24,Invalid,Product A,Active
01-06-2025,Depot J,SKU-471,14,Invalid,Product A,Not Active
01-06-2025,Depot J,SKU-472,170,Invalid,Product A,Not Active
01-06-2025,Depot J,SKU-473,80,Invalid,Product A,Active
01-06-2025,Depot J,SKU-474,109,Invalid,Product A,Not Active
01-06-2025,Depot J,SKU-475,435,Invalid,Product A,Active
01-06-2025,Depot J,SKU-844,99,Invalid,Product A,Not Active
01-06-2025,Depot J,SKU-060,35,Invalid,Product A,Active
01-06-2025,Depot J,SKU-476,21,Invalid,Product A,Not Active
01-06-2025,Depot J,SKU-847,87,Invalid,Product A,Not Active
01-06-2025,Depot J,SKU-132,13,Invalid,Product A,Active
01-06-2025,Depot J,SKU-294,24,Invalid,Product A,Active
01-06-2025,Depot J,SKU-134,20,Invalid,Product A,Active
01-06-2025,Depot J,SKU-330,9,Invalid,Product A,Active
01-06-2025,Depot J,SKU-1083,5,Invalid,Product A,Active
01-06-2025,Depot J,SKU-305,23,Invalid,Product A,Active
01-06-2025,Depot J,SKU-138,44,Invalid,Product A,Active
01-06-2025,Depot J,SKU-139,30,Invalid,Product A,Active
01-06-2025,Depot J,SKU-141,115,Invalid,Product A,Active
01-06-2025,Depot J,SKU-143,68,Invalid,Product A,Active
01-06-2025,Depot J,SKU-144,93,Invalid,Product A,Active
01-06-2025,Depot J,SKU-145,79,Invalid,Product A,Active
01-06-2025,Depot J,SKU-227,10,Invalid,Product A,Active
01-06-2025,Depot J,SKU-147,12,Invalid,Product A,Active
01-06-2025,Depot J,SKU-148,91,Invalid,Product A,Active
01-06-2025,Depot J,SKU-150,6,Invalid,Product A,Active
01-06-2025,Depot J,SKU-151,2,Invalid,Product A,Active
01-06-2025,Depot J,SKU-152,9,Invalid,Product A,Active
01-06-2025,Depot J,SKU-153,4,Invalid,Product A,Active
01-06-2025,Depot J,SKU-154,49,Invalid,Product A,Active
01-06-2025,Depot J,SKU-888,21,Invalid,Product A,Active
01-06-2025,Depot J,SKU-331,12,Invalid,Product A,Active
01-06-2025,Depot J,SKU-332,12,Invalid,Product A,Active
01-06-2025,Depot J,SKU-156,30,Invalid,Product A,Active
01-06-2025,Depot J,SKU-333,39,Invalid,Product A,Active
01-06-2025,Depot J,SKU-334,11,Invalid,Product A,Active
01-06-2025,Depot J,SKU-893,5,Invalid,Product A,Active
01-06-2025,Depot J,SKU-894,13,Invalid,Product A,Active
01-06-2025,Depot J,SKU-895,4,Invalid,Product A,Active
01-06-2025,Depot K,SKU-490,90,Invalid,Product A,Not Active
01-06-2025,Depot K,SKU-336,11,Invalid,Product A,Not Active
01-06-2025,Depot K,SKU-1176,518,Invalid,Product A,Active
01-06-2025,Depot K,SKU-1177,1622,Invalid,Product A,Active
01-06-2025,Depot K,SKU-200,3296,Invalid,Product A,Active
01-06-2025,Depot K,SKU-201,40,Invalid,Product A,Active
01-06-2025,Depot K,SKU-1178,855,Invalid,Product A,Not Active
01-06-2025,Depot K,SKU-337,22,Invalid,Product A,Not Active
01-06-2025,Depot K,SKU-1179,93,Invalid,Product A,Not Active
01-06-2025,Depot K,SKU-338,394,Invalid,Product A,Not Active
01-06-2025,Depot K,SKU-1045,136,Invalid,Product A,Active
01-06-2025,Depot K,SKU-1180,434,Invalid,Product A,Active
01-06-2025,Depot K,SKU-499,91,Invalid,Product A,Active
01-06-2025,Depot K,SKU-501,8,Invalid,Product A,Active
01-06-2025,Depot K,SKU-1181,46,Invalid,Product A,Active
01-06-2025,Depot K,SKU-339,101,Invalid,Product A,Not Active
01-06-2025,Depot K,SKU-1182,20,Invalid,Product A,Not Active
01-06-2025,Depot K,SKU-502,20,Invalid,Product A,Active
01-06-2025,Depot K,SKU-1183,11,Invalid,Product A,Not Active
01-06-2025,Depot K,SKU-503,51,Invalid,Product A,Active
01-06-2025,Depot K,SKU-504,161,Invalid,Product A,Active
01-06-2025,Depot K,SKU-505,19,Invalid,Product A,Active
01-06-2025,Depot K,SKU-506,8,Invalid,Product A,Active
01-06-2025,Depot K,SKU-1149,9,Invalid,Product A,Active
01-06-2025,Depot K,SKU-1095,11,Invalid,Product A,Active
01-06-2025,Depot K,SKU-1096,21,Invalid,Product A,Active
01-06-2025,Depot K,SKU-1184,102,Invalid,Product A,Not Active
01-06-2025,Depot K,SKU-508,66,Invalid,Product A,Not Active
01-06-2025,Depot K,SKU-1150,70,Invalid,Product A,Not Active
01-06-2025,Depot K,SKU-204,61,Invalid,Product A,Active
01-06-2025,Depot K,SKU-1185,51,Invalid,Product A,Not Active
01-06-2025,Depot K,SKU-062,59,Invalid,Product A,Active
01-06-2025,Depot K,SKU-235,119,Invalid,Product A,Active
01-06-2025,Depot K,SKU-343,303,Invalid,Product A,Not Active
01-06-2025,Depot K,SKU-511,212,Invalid,Product A,Not Active
01-06-2025,Depot K,SKU-344,9,Invalid,Product A,Not Active
01-06-2025,Depot K,SKU-1186,304,Invalid,Product A,Not Active
01-06-2025,Depot K,SKU-512,23,Invalid,Product A,Not Active
01-06-2025,Depot K,SKU-345,22,Invalid,Product A,Not Active
01-06-2025,Depot K,SKU-346,405,Invalid,Product A,Not Active
01-06-2025,Depot K,SKU-207,288,Invalid,Product A,Active
01-06-2025,Depot K,SKU-347,39,Invalid,Product A,Active
01-06-2025,Depot K,SKU-1187,625,Invalid,Product A,Active
01-06-2025,Depot K,SKU-229,181,Invalid,Product A,Active
01-06-2025,Depot K,SKU-349,110,Invalid,Product A,Active
01-06-2025,Depot K,SKU-228,429,Invalid,Product A,Active
01-06-2025,Depot K,SKU-350,1,Invalid,Product A,Active
01-06-2025,Depot K,SKU-1151,255,Invalid,Product A,Active
01-06-2025,Depot K,SKU-1188,96,Invalid,Product A,Not Active
01-06-2025,Depot K,SKU-231,115,Invalid,Product A,Not Active
01-06-2025,Depot K,SKU-1189,164,Invalid,Product A,Active
01-06-2025,Depot K,SKU-282,14,Invalid,Product A,Active
01-06-2025,Depot K,SKU-158,759,Invalid,Product A,Active
01-06-2025,Depot K,SKU-315,72,Invalid,Product A,Active
01-06-2025,Depot K,SKU-515,190,Invalid,Product A,Not Active
01-06-2025,Depot K,SKU-516,14,Invalid,Product A,Active
01-06-2025,Depot K,SKU-517,148,Invalid,Product A,Active
01-06-2025,Depot K,SKU-1190,371,Invalid,Product A,Not Active
01-06-2025,Depot K,SKU-1099,33,Invalid,Product A,Active
01-06-2025,Depot K,SKU-352,19,Invalid,Product A,Active
01-06-2025,Depot K,SKU-353,11,Invalid,Product A,Active
01-06-2025,Depot K,SKU-356,9,Invalid,Product A,Active
01-06-2025,Depot K,SKU-518,29,Invalid,Product A,Active
01-06-2025,Depot K,SKU-519,51,Invalid,Product A,Active
01-06-2025,Depot K,SKU-357,10,Invalid,Product A,Active
01-06-2025,Depot K,SKU-358,150,Invalid,Product A,Active
01-06-2025,Depot K,SKU-359,72,Invalid,Product A,Not Active
01-06-2025,Depot K,SKU-360,6,Invalid,Product A,Active
01-06-2025,Depot K,SKU-361,50,Invalid,Product A,Not Active
01-06-2025,Depot K,SKU-362,9,Invalid,Product A,Not Active
01-06-2025,Depot K,SKU-363,44,Invalid,Product A,Not Active
01-06-2025,Depot K,SKU-520,8,Invalid,Product A,Not Active
01-06-2025,Depot K,SKU-364,14,Invalid,Product A,Not Active
01-06-2025,Depot K,SKU-365,89,Invalid,Product A,Not Active
01-06-2025,Depot K,SKU-906,12,Invalid,Product A,Not Active
01-06-2025,Depot K,SKU-366,7,Invalid,Product A,Not Active
01-06-2025,Depot K,SKU-367,22,Invalid,Product A,Not Active
01-06-2025,Depot K,SKU-522,10,Invalid,Product A,Not Active
01-06-2025,Depot K,SKU-369,67,Invalid,Product A,Not Active
01-06-2025,Depot K,SKU-523,15,Invalid,Product A,Not Active
01-06-2025,Depot K,SKU-371,5,Invalid,Product A,Not Active
01-06-2025,Depot K,SKU-372,4,Invalid,Product A,Not Active
01-06-2025,Depot K,SKU-373,46,Invalid,Product A,Active
01-06-2025,Depot K,SKU-374,60,Invalid,Product A,Not Active
01-06-2025,Depot K,SKU-375,21,Invalid,Product A,Active
01-06-2025,Depot K,SKU-376,14,Invalid,Product A,Not Active
01-06-2025,Depot K,SKU-377,9,Invalid,Product A,Not Active
01-06-2025,Depot K,SKU-261,8,Invalid,Product A,Active
01-06-2025,Depot K,SKU-237,187,Invalid,Product A,Active
01-06-2025,Depot K,SKU-262,8,Invalid,Product A,Active
01-06-2025,Depot K,SKU-907,2,Invalid,Product A,Active
01-06-2025,Depot K,SKU-019,15,Invalid,Product A,Active
01-06-2025,Depot K,SKU-270,1,Invalid,Product A,Active
01-06-2025,Depot K,SKU-538,107,Invalid,Product A,Active
01-06-2025,Depot K,SKU-160,46,Invalid,Product A,Active
01-06-2025,Depot K,SKU-067,53,Invalid,Product A,Active
01-06-2025,Depot K,SKU-909,62,Invalid,Product A,Active
01-06-2025,Depot K,SKU-271,26,Invalid,Product A,Active
01-06-2025,Depot K,SKU-1164,10,Invalid,Product A,Active
01-06-2025,Depot K,SKU-230,7,Invalid,Product A,Active
01-06-2025,Depot K,SKU-232,8,Invalid,Product A,Active
01-06-2025,Depot K,SKU-540,50,Invalid,Product A,Active
01-06-2025,Depot K,SKU-1051,179,Invalid,Product A,Active
01-06-2025,Depot K,SKU-379,168,Invalid,Product A,Not Active
01-06-2025,Depot K,SKU-541,37238,Invalid,Product A,Active
01-06-2025,Depot K,SKU-380,22417,Invalid,Product A,Not Active
01-06-2025,Depot K,SKU-542,201,Invalid,Product A,Not Active
01-06-2025,Depot K,SKU-544,885,Invalid,Product A,Active
01-06-2025,Depot K,SKU-381,15,Invalid,Product A,Not Active
01-06-2025,Depot K,SKU-546,15,Invalid,Product A,Active
01-06-2025,Depot K,SKU-382,22,Invalid,Product A,Active
01-06-2025,Depot K,SKU-548,65,Invalid,Product A,Active
01-06-2025,Depot K,SKU-549,90,Invalid,Product A,Active
01-06-2025,Depot K,SKU-383,75,Invalid,Product A,Active
01-06-2025,Depot K,SKU-910,37,Invalid,Product A,Active
01-06-2025,Depot K,SKU-911,10,Invalid,Product A,Active
01-06-2025,Depot K,SKU-077,68,Invalid,Product A,Active
01-06-2025,Depot K,SKU-1053,116,Invalid,Product A,Active
01-06-2025,Depot K,SKU-552,20,Invalid,Product A,Active
01-06-2025,Depot K,SKU-553,116,Invalid,Product A,Not Active
01-06-2025,Depot K,SKU-913,47,Invalid,Product A,Active
01-06-2025,Depot K,SKU-1054,95,Invalid,Product A,Active
01-06-2025,Depot K,SKU-554,36,Invalid,Product A,Active
01-06-2025,Depot K,SKU-211,161,Invalid,Product A,Not Active
01-06-2025,Depot K,SKU-164,26,Invalid,Product A,Active
01-06-2025,Depot K,SKU-1055,51,Invalid,Product A,Active
01-06-2025,Depot K,SKU-557,44,Invalid,Product A,Active
01-06-2025,Depot K,SKU-080,63,Invalid,Product A,Active
01-06-2025,Depot K,SKU-284,4,Invalid,Product A,Not Active
01-06-2025,Depot K,SKU-165,36,Invalid,Product A,Active
01-06-2025,Depot K,SKU-558,41,Invalid,Product A,Active
01-06-2025,Depot K,SKU-559,49,Invalid,Product A,Active
01-06-2025,Depot K,SKU-560,129,Invalid,Product A,Not Active
01-06-2025,Depot K,SKU-166,36,Invalid,Product A,Active
01-06-2025,Depot K,SKU-561,136,Invalid,Product A,Active
01-06-2025,Depot K,SKU-562,122,Invalid,Product A,Active
01-06-2025,Depot K,SKU-213,15,Invalid,Product A,Not Active
01-06-2025,Depot K,SKU-167,20,Invalid,Product A,Active
01-06-2025,Depot K,SKU-214,139,Invalid,Product A,Not Active
01-06-2025,Depot K,SKU-168,74,Invalid,Product A,Active
01-06-2025,Depot K,SKU-563,79,Invalid,Product A,Active
01-06-2025,Depot K,SKU-564,45,Invalid,Product A,Active
01-06-2025,Depot K,SKU-914,34,Invalid,Product A,Not Active
01-06-2025,Depot K,SKU-565,20,Invalid,Product A,Active
01-06-2025,Depot K,SKU-566,50,Invalid,Product A,Active
01-06-2025,Depot K,SKU-567,43,Invalid,Product A,Active
01-06-2025,Depot K,SKU-568,36,Invalid,Product A,Active
01-06-2025,Depot K,SKU-569,5,Invalid,Product A,Active
01-06-2025,Depot K,SKU-215,98,Invalid,Product A,Active
01-06-2025,Depot K,SKU-216,71,Invalid,Product A,Not Active
01-06-2025,Depot K,SKU-169,25,Invalid,Product A,Active
01-06-2025,Depot K,SKU-1058,7,Invalid,Product A,Active
01-06-2025,Depot K,SKU-1191,11,Invalid,Product A,Active
01-06-2025,Depot K,SKU-571,73,Invalid,Product A,Not Active
01-06-2025,Depot K,SKU-572,7,Invalid,Product A,Not Active
01-06-2025,Depot K,SKU-1192,20,Invalid,Product A,Active
01-06-2025,Depot K,SKU-385,20,Invalid,Product A,Active
01-06-2025,Depot K,SKU-1193,101,Invalid,Product A,Active
01-06-2025,Depot K,SKU-1194,20,Invalid,Product A,Active
01-06-2025,Depot K,SKU-386,20,Invalid,Product A,Active
01-06-2025,Depot K,SKU-1195,61,Invalid,Product A,Active
01-06-2025,Depot K,SKU-387,20,Invalid,Product A,Active
01-06-2025,Depot K,SKU-1196,101,Invalid,Product A,Active
01-06-2025,Depot K,SKU-1100,61,Invalid,Product A,Active
01-06-2025,Depot K,SKU-1197,20,Invalid,Product A,Active
01-06-2025,Depot K,SKU-388,22,Invalid,Product A,Active
01-06-2025,Depot K,SKU-1198,59,Invalid,Product A,Active
01-06-2025,Depot K,SKU-1101,10,Invalid,Product A,Active
01-06-2025,Depot K,SKU-1157,40,Invalid,Product A,Active
01-06-2025,Depot K,SKU-1063,12,Invalid,Product A,Active
01-06-2025,Depot K,SKU-1199,101,Invalid,Product A,Active
01-06-2025,Depot K,SKU-1200,42,Invalid,Product A,Active
01-06-2025,Depot K,SKU-1201,59,Invalid,Product A,Active
01-06-2025,Depot K,SKU-035,20,Invalid,Product A,Active
01-06-2025,Depot K,SKU-036,5,Invalid,Product A,Active
01-06-2025,Depot K,SKU-218,41,Invalid,Product A,Active
01-06-2025,Depot K,SKU-390,10,Invalid,Product A,Active
01-06-2025,Depot K,SKU-1202,61,Invalid,Product A,Active
01-06-2025,Depot K,SKU-1102,5,Invalid,Product A,Active
01-06-2025,Depot K,SKU-1203,10,Invalid,Product A,Active
01-06-2025,Depot K,SKU-1204,101,Invalid,Product A,Active
01-06-2025,Depot K,SKU-1205,20,Invalid,Product A,Active
01-06-2025,Depot K,SKU-046,68,Invalid,Product A,Not Active
01-06-2025,Depot K,SKU-055,48,Invalid,Product A,Not Active
01-06-2025,Depot K,SKU-057,76,Invalid,Product A,Not Active
01-06-2025,Depot K,SKU-058,30,Invalid,Product A,Not Active
01-06-2025,Depot K,SKU-171,34,Invalid,Product A,Not Active
01-06-2025,Depot K,SKU-172,134,Invalid,Product A,Not Active
01-06-2025,Depot K,SKU-173,12,Invalid,Product A,Not Active
01-06-2025,Depot K,SKU-174,45,Invalid,Product A,Not Active
01-06-2025,Depot K,SKU-175,27,Invalid,Product A,Not Active
01-06-2025,Depot K,SKU-177,237,Invalid,Product A,Not Active
01-06-2025,Depot K,SKU-923,5,Invalid,Product A,Not Active
01-06-2025,Depot K,SKU-178,52,Invalid,Product A,Not Active
01-06-2025,Depot K,SKU-180,392,Invalid,Product A,Active
01-06-2025,Depot K,SKU-392,683,Invalid,Product A,Active
01-06-2025,Depot K,SKU-675,271,Invalid,Product A,Active
01-06-2025,Depot K,SKU-676,87,Invalid,Product A,Active
01-06-2025,Depot K,SKU-677,40,Invalid,Product A,Active
01-06-2025,Depot K,SKU-678,311,Invalid,Product A,Active
01-06-2025,Depot K,SKU-098,201,Invalid,Product A,Active
01-06-2025,Depot K,SKU-679,22,Invalid,Product A,Active
01-06-2025,Depot K,SKU-680,40,Invalid,Product A,Active
01-06-2025,Depot K,SKU-683,213,Invalid,Product A,Active
01-06-2025,Depot K,SKU-684,20,Invalid,Product A,Active
01-06-2025,Depot K,SKU-100,162,Invalid,Product A,Active
01-06-2025,Depot K,SKU-687,51,Invalid,Product A,Active
01-06-2025,Depot K,SKU-101,81,Invalid,Product A,Active
01-06-2025,Depot K,SKU-394,20,Invalid,Product A,Active
01-06-2025,Depot K,SKU-688,17,Invalid,Product A,Active
01-06-2025,Depot K,SKU-181,96,Invalid,Product A,Active
01-06-2025,Depot K,SKU-964,10,Invalid,Product A,Not Active
01-06-2025,Depot K,SKU-102,32,Invalid,Product A,Active
01-06-2025,Depot K,SKU-1145,20,Invalid,Product A,Active
01-06-2025,Depot K,SKU-182,147,Invalid,Product A,Active
01-06-2025,Depot K,SKU-318,528,Invalid,Product A,Active
01-06-2025,Depot K,SKU-103,341,Invalid,Product A,Active
01-06-2025,Depot K,SKU-695,20,Invalid,Product A,Active
01-06-2025,Depot K,SKU-971,20,Invalid,Product A,Active
01-06-2025,Depot K,SKU-696,239,Invalid,Product A,Active
01-06-2025,Depot K,SKU-699,19,Invalid,Product A,Active
01-06-2025,Depot K,SKU-702,10,Invalid,Product A,Not Active
01-06-2025,Depot K,SKU-975,21,Invalid,Product A,Active
01-06-2025,Depot K,SKU-707,41,Invalid,Product A,Active
01-06-2025,Depot K,SKU-105,65,Invalid,Product A,Active
01-06-2025,Depot K,SKU-1160,33,Invalid,Product A,Active
01-06-2025,Depot K,SKU-1161,30,Invalid,Product A,Active
01-06-2025,Depot K,SKU-395,50,Invalid,Product A,Active
01-06-2025,Depot K,SKU-396,219,Invalid,Product A,Not Active
01-06-2025,Depot K,SKU-397,11,Invalid,Product A,Active
01-06-2025,Depot K,SKU-712,41,Invalid,Product A,Active
01-06-2025,Depot K,SKU-713,111,Invalid,Product A,Not Active
01-06-2025,Depot K,SKU-399,1107,Invalid,Product A,Active
01-06-2025,Depot K,SKU-183,76,Invalid,Product A,Active
01-06-2025,Depot K,SKU-319,112,Invalid,Product A,Active
01-06-2025,Depot K,SKU-716,10,Invalid,Product A,Not Active
01-06-2025,Depot K,SKU-106,53,Invalid,Product A,Active
01-06-2025,Depot K,SKU-719,50,Invalid,Product A,Not Active
01-06-2025,Depot K,SKU-184,31,Invalid,Product A,Active
01-06-2025,Depot K,SKU-320,19,Invalid,Product A,Active
01-06-2025,Depot K,SKU-107,249,Invalid,Product A,Active
01-06-2025,Depot K,SKU-723,12,Invalid,Product A,Active
01-06-2025,Depot K,SKU-725,5,Invalid,Product A,Active
01-06-2025,Depot K,SKU-727,20,Invalid,Product A,Active
01-06-2025,Depot K,SKU-728,24,Invalid,Product A,Active
01-06-2025,Depot K,SKU-185,10,Invalid,Product A,Active
01-06-2025,Depot K,SKU-186,11,Invalid,Product A,Active
01-06-2025,Depot K,SKU-187,14,Invalid,Product A,Active
01-06-2025,Depot K,SKU-188,13,Invalid,Product A,Active
01-06-2025,Depot K,SKU-189,14,Invalid,Product A,Active
01-06-2025,Depot K,SKU-321,20,Invalid,Product A,Active
01-06-2025,Depot K,SKU-190,9,Invalid,Product A,Active
01-06-2025,Depot K,SKU-735,8,Invalid,Product A,Active
01-06-2025,Depot K,SKU-191,16,Invalid,Product A,Active
01-06-2025,Depot K,SKU-108,48,Invalid,Product A,Active
01-06-2025,Depot K,SKU-403,22,Invalid,Product A,Active
01-06-2025,Depot K,SKU-739,61,Invalid,Product A,Active
01-06-2025,Depot K,SKU-109,721,Invalid,Product A,Active
01-06-2025,Depot K,SKU-405,21,Invalid,Product A,Active
01-06-2025,Depot K,SKU-743,25,Invalid,Product A,Active
01-06-2025,Depot K,SKU-744,112,Invalid,Product A,Active
01-06-2025,Depot K,SKU-110,283,Invalid,Product A,Active
01-06-2025,Depot K,SKU-407,5,Invalid,Product A,Active
01-06-2025,Depot K,SKU-748,20,Invalid,Product A,Active
01-06-2025,Depot K,SKU-111,52,Invalid,Product A,Active
01-06-2025,Depot K,SKU-751,26,Invalid,Product A,Active
01-06-2025,Depot K,SKU-753,121,Invalid,Product A,Active
01-06-2025,Depot K,SKU-112,171,Invalid,Product A,Active
01-06-2025,Depot K,SKU-411,25,Invalid,Product A,Active
01-06-2025,Depot K,SKU-1000,10,Invalid,Product A,Active
01-06-2025,Depot K,SKU-1002,40,Invalid,Product A,Active
01-06-2025,Depot K,SKU-1003,32,Invalid,Product A,Active
01-06-2025,Depot K,SKU-322,9,Invalid,Product A,Active
01-06-2025,Depot K,SKU-760,10,Invalid,Product A,Active
01-06-2025,Depot K,SKU-761,49,Invalid,Product A,Active
01-06-2025,Depot K,SKU-762,10,Invalid,Product A,Active
01-06-2025,Depot K,SKU-763,14,Invalid,Product A,Active
01-06-2025,Depot K,SKU-764,30,Invalid,Product A,Active
01-06-2025,Depot K,SKU-193,59,Invalid,Product A,Active
01-06-2025,Depot K,SKU-414,52,Invalid,Product A,Active
01-06-2025,Depot K,SKU-767,10,Invalid,Product A,Active
01-06-2025,Depot K,SKU-416,5,Invalid,Product A,Active
01-06-2025,Depot K,SKU-777,21,Invalid,Product A,Active
01-06-2025,Depot K,SKU-113,31,Invalid,Product A,Active
01-06-2025,Depot K,SKU-418,12,Invalid,Product A,Active
01-06-2025,Depot K,SKU-1073,179,Invalid,Product A,Active
01-06-2025,Depot K,SKU-781,3,Invalid,Product A,Active
01-06-2025,Depot K,SKU-423,10,Invalid,Product A,Active
01-06-2025,Depot K,SKU-782,58,Invalid,Product A,Active
01-06-2025,Depot K,SKU-784,20,Invalid,Product A,Not Active
01-06-2025,Depot K,SKU-786,1,Invalid,Product A,Active
01-06-2025,Depot K,SKU-428,19,Invalid,Product A,Active
01-06-2025,Depot K,SKU-430,1,Invalid,Product A,Active
01-06-2025,Depot K,SKU-788,57,Invalid,Product A,Active
01-06-2025,Depot K,SKU-1118,5,Invalid,Product A,Not Active
01-06-2025,Depot K,SKU-790,1,Invalid,Product A,Active
01-06-2025,Depot K,SKU-434,22,Invalid,Product A,Active
01-06-2025,Depot K,SKU-436,2,Invalid,Product A,Active
01-06-2025,Depot K,SKU-791,60,Invalid,Product A,Active
01-06-2025,Depot K,SKU-793,5,Invalid,Product A,Not Active
01-06-2025,Depot K,SKU-795,3,Invalid,Product A,Active
01-06-2025,Depot K,SKU-440,20,Invalid,Product A,Active
01-06-2025,Depot K,SKU-272,81,Invalid,Product A,Active
01-06-2025,Depot K,SKU-796,10,Invalid,Product A,Not Active
01-06-2025,Depot K,SKU-797,25,Invalid,Product A,Not Active
01-06-2025,Depot K,SKU-799,2,Invalid,Product A,Active
01-06-2025,Depot K,SKU-448,1,Invalid,Product A,Active
01-06-2025,Depot K,SKU-273,41,Invalid,Product A,Active
01-06-2025,Depot K,SKU-801,23,Invalid,Product A,Not Active
01-06-2025,Depot K,SKU-803,1,Invalid,Product A,Active
01-06-2025,Depot K,SKU-452,5,Invalid,Product A,Active
01-06-2025,Depot K,SKU-808,4,Invalid,Product A,Active
01-06-2025,Depot K,SKU-454,21,Invalid,Product A,Active
01-06-2025,Depot K,SKU-810,7,Invalid,Product A,Not Active
01-06-2025,Depot K,SKU-456,9,Invalid,Product A,Active
01-06-2025,Depot K,SKU-458,2,Invalid,Product A,Active
01-06-2025,Depot K,SKU-819,1,Invalid,Product A,Active
01-06-2025,Depot K,SKU-464,3,Invalid,Product A,Active
01-06-2025,Depot K,SKU-466,10,Invalid,Product A,Active
01-06-2025,Depot K,SKU-290,33,Invalid,Product A,Active
01-06-2025,Depot K,SKU-117,32,Invalid,Product A,Active
01-06-2025,Depot K,SKU-468,46,Invalid,Product A,Active
01-06-2025,Depot K,SKU-275,254,Invalid,Product A,Active
01-06-2025,Depot K,SKU-469,29,Invalid,Product A,Active
01-06-2025,Depot K,SKU-328,21,Invalid,Product A,Active
01-06-2025,Depot K,SKU-835,31,Invalid,Product A,Active
01-06-2025,Depot K,SKU-1206,10,Invalid,Product A,Active
01-06-2025,Depot K,SKU-329,13,Invalid,Product A,Active
01-06-2025,Depot K,SKU-121,29,Invalid,Product A,Active
01-06-2025,Depot K,SKU-840,20,Invalid,Product A,Active
01-06-2025,Depot K,SKU-124,17,Invalid,Product A,Active
01-06-2025,Depot K,SKU-125,8,Invalid,Product A,Active
01-06-2025,Depot K,SKU-841,140,Invalid,Product A,Active
01-06-2025,Depot K,SKU-263,100,Invalid,Product A,Active
01-06-2025,Depot K,SKU-234,12,Invalid,Product A,Active
01-06-2025,Depot K,SKU-1154,10,Invalid,Product A,Active
01-06-2025,Depot K,SKU-843,29,Invalid,Product A,Active
01-06-2025,Depot K,SKU-259,24,Invalid,Product A,Active
01-06-2025,Depot K,SKU-128,21,Invalid,Product A,Active
01-06-2025,Depot K,SKU-129,39,Invalid,Product A,Active
01-06-2025,Depot K,SKU-130,115,Invalid,Product A,Active
01-06-2025,Depot K,SKU-1207,20,Invalid,Product A,Active
01-06-2025,Depot K,SKU-1208,205,Invalid,Product A,Active
01-06-2025,Depot K,SKU-264,194,Invalid,Product A,Active
01-06-2025,Depot K,SKU-470,14,Invalid,Product A,Not Active
01-06-2025,Depot K,SKU-471,8,Invalid,Product A,Not Active
01-06-2025,Depot K,SKU-472,293,Invalid,Product A,Not Active
01-06-2025,Depot K,SKU-473,2172,Invalid,Product A,Active
01-06-2025,Depot K,SKU-474,88,Invalid,Product A,Not Active
01-06-2025,Depot K,SKU-475,2649,Invalid,Product A,Active
01-06-2025,Depot K,SKU-844,72,Invalid,Product A,Not Active
01-06-2025,Depot K,SKU-847,25,Invalid,Product A,Not Active
01-06-2025,Depot K,SKU-294,19,Invalid,Product A,Active
01-06-2025,Depot K,SKU-857,9,Invalid,Product A,Active
01-06-2025,Depot K,SKU-134,47,Invalid,Product A,Active
01-06-2025,Depot K,SKU-266,12,Invalid,Product A,Active
01-06-2025,Depot K,SKU-135,49,Invalid,Product A,Active
01-06-2025,Depot K,SKU-136,51,Invalid,Product A,Active
01-06-2025,Depot K,SKU-219,33,Invalid,Product A,Active
01-06-2025,Depot K,SKU-197,18,Invalid,Product A,Active
01-06-2025,Depot K,SKU-198,24,Invalid,Product A,Active
01-06-2025,Depot K,SKU-137,13,Invalid,Product A,Active
01-06-2025,Depot K,SKU-297,54,Invalid,Product A,Active
01-06-2025,Depot K,SKU-298,307,Invalid,Product A,Active
01-06-2025,Depot K,SKU-299,29,Invalid,Product A,Active
01-06-2025,Depot K,SKU-300,7,Invalid,Product A,Active
01-06-2025,Depot K,SKU-301,61,Invalid,Product A,Active
01-06-2025,Depot K,SKU-302,247,Invalid,Product A,Active
01-06-2025,Depot K,SKU-303,51,Invalid,Product A,Active
01-06-2025,Depot K,SKU-865,21,Invalid,Product A,Active
01-06-2025,Depot K,SKU-305,106,Invalid,Product A,Active
01-06-2025,Depot K,SKU-138,12,Invalid,Product A,Active
01-06-2025,Depot K,SKU-478,20,Invalid,Product A,Active
01-06-2025,Depot K,SKU-868,21,Invalid,Product A,Active
01-06-2025,Depot K,SKU-306,50,Invalid,Product A,Active
01-06-2025,Depot K,SKU-479,7,Invalid,Product A,Active
01-06-2025,Depot K,SKU-870,20,Invalid,Product A,Active
01-06-2025,Depot K,SKU-276,44,Invalid,Product A,Active
01-06-2025,Depot K,SKU-141,155,Invalid,Product A,Active
01-06-2025,Depot K,SKU-480,41,Invalid,Product A,Active
01-06-2025,Depot K,SKU-873,21,Invalid,Product A,Active
01-06-2025,Depot K,SKU-277,86,Invalid,Product A,Active
01-06-2025,Depot K,SKU-143,247,Invalid,Product A,Active
01-06-2025,Depot K,SKU-874,20,Invalid,Product A,Active
01-06-2025,Depot K,SKU-278,19,Invalid,Product A,Active
01-06-2025,Depot K,SKU-875,21,Invalid,Product A,Active
01-06-2025,Depot K,SKU-279,49,Invalid,Product A,Active
01-06-2025,Depot K,SKU-876,38,Invalid,Product A,Active
01-06-2025,Depot K,SKU-227,17,Invalid,Product A,Active
01-06-2025,Depot K,SKU-147,16,Invalid,Product A,Active
01-06-2025,Depot K,SKU-879,5,Invalid,Product A,Active
01-06-2025,Depot K,SKU-880,10,Invalid,Product A,Active
01-06-2025,Depot K,SKU-280,30,Invalid,Product A,Active
01-06-2025,Depot K,SKU-881,49,Invalid,Product A,Active
01-06-2025,Depot K,SKU-310,51,Invalid,Product A,Active
01-06-2025,Depot K,SKU-311,10,Invalid,Product A,Active
01-06-2025,Depot K,SKU-150,5,Invalid,Product A,Active
01-06-2025,Depot K,SKU-151,1,Invalid,Product A,Active
01-06-2025,Depot K,SKU-884,5,Invalid,Product A,Active
01-06-2025,Depot K,SKU-312,10,Invalid,Product A,Active
01-06-2025,Depot K,SKU-152,33,Invalid,Product A,Active
01-06-2025,Depot K,SKU-153,147,Invalid,Product A,Active
01-06-2025,Depot K,SKU-886,21,Invalid,Product A,Active
01-06-2025,Depot K,SKU-313,48,Invalid,Product A,Active
01-06-2025,Depot K,SKU-1085,26,Invalid,Product A,Active
01-06-2025,Depot K,SKU-888,33,Invalid,Product A,Active
01-06-2025,Depot K,SKU-331,330,Invalid,Product A,Active
01-06-2025,Depot K,SKU-332,247,Invalid,Product A,Active
01-06-2025,Depot K,SKU-156,98,Invalid,Product A,Active
01-06-2025,Depot K,SKU-333,46,Invalid,Product A,Active
01-06-2025,Depot K,SKU-334,66,Invalid,Product A,Active
01-06-2025,Depot K,SKU-893,132,Invalid,Product A,Active
01-06-2025,Depot K,SKU-1209,10,Invalid,Product A,Active
01-06-2025,Depot K,SKU-894,35,Invalid,Product A,Active
01-06-2025,Depot K,SKU-895,10,Invalid,Product A,Active
01-06-2025,Depot K,SKU-1093,12,Invalid,Product A,Active
01-06-2025,Depot K,SKU-896,9,Invalid,Product A,Active
01-06-2025,Depot L,SKU-336,20,Invalid,Product A,Not Active
01-06-2025,Depot L,SKU-492,26,Invalid,Product A,Not Active
01-06-2025,Depot L,SKU-241,111,Invalid,Product A,Active
01-06-2025,Depot L,SKU-200,1724,Invalid,Product A,Active
01-06-2025,Depot L,SKU-337,65,Invalid,Product A,Not Active
01-06-2025,Depot L,SKU-338,1409,Invalid,Product A,Not Active
01-06-2025,Depot L,SKU-495,107,Invalid,Product A,Not Active
01-06-2025,Depot L,SKU-496,117,Invalid,Product A,Active
01-06-2025,Depot L,SKU-497,51,Invalid,Product A,Active
01-06-2025,Depot L,SKU-004,118,Invalid,Product A,Active
01-06-2025,Depot L,SKU-339,244,Invalid,Product A,Not Active
01-06-2025,Depot L,SKU-503,110,Invalid,Product A,Active
01-06-2025,Depot L,SKU-222,684,Invalid,Product A,Active
01-06-2025,Depot L,SKU-508,126,Invalid,Product A,Not Active
01-06-2025,Depot L,SKU-1097,40,Invalid,Product A,Not Active
01-06-2025,Depot L,SKU-223,1310,Invalid,Product A,Active
01-06-2025,Depot L,SKU-1150,315,Invalid,Product A,Not Active
01-06-2025,Depot L,SKU-235,20,Invalid,Product A,Active
01-06-2025,Depot L,SKU-343,6012,Invalid,Product A,Not Active
01-06-2025,Depot L,SKU-344,43,Invalid,Product A,Not Active
01-06-2025,Depot L,SKU-345,274,Invalid,Product A,Not Active
01-06-2025,Depot L,SKU-346,2556,Invalid,Product A,Not Active
01-06-2025,Depot L,SKU-206,106,Invalid,Product A,Active
01-06-2025,Depot L,SKU-207,55,Invalid,Product A,Active
01-06-2025,Depot L,SKU-347,115,Invalid,Product A,Active
01-06-2025,Depot L,SKU-902,4411,Invalid,Product A,Active
01-06-2025,Depot L,SKU-348,2970,Invalid,Product A,Active
01-06-2025,Depot L,SKU-350,59,Invalid,Product A,Active
01-06-2025,Depot L,SKU-514,153,Invalid,Product A,Active
01-06-2025,Depot L,SKU-248,91,Invalid,Product A,Active
01-06-2025,Depot L,SKU-063,1071,Invalid,Product A,Not Active
01-06-2025,Depot L,SKU-314,120,Invalid,Product A,Not Active
01-06-2025,Depot L,SKU-231,190,Invalid,Product A,Not Active
01-06-2025,Depot L,SKU-158,2847,Invalid,Product A,Active
01-06-2025,Depot L,SKU-315,1812,Invalid,Product A,Active
01-06-2025,Depot L,SKU-013,547,Invalid,Product A,Not Active
01-06-2025,Depot L,SKU-251,122,Invalid,Product A,Active
01-06-2025,Depot L,SKU-317,334,Invalid,Product A,Not Active
01-06-2025,Depot L,SKU-1099,10,Invalid,Product A,Active
01-06-2025,Depot L,SKU-252,180,Invalid,Product A,Active
01-06-2025,Depot L,SKU-253,56,Invalid,Product A,Active
01-06-2025,Depot L,SKU-904,9,Invalid,Product A,Active
01-06-2025,Depot L,SKU-352,10,Invalid,Product A,Active
01-06-2025,Depot L,SKU-356,11,Invalid,Product A,Active
01-06-2025,Depot L,SKU-518,9,Invalid,Product A,Active
01-06-2025,Depot L,SKU-519,9,Invalid,Product A,Active
01-06-2025,Depot L,SKU-357,26,Invalid,Product A,Active
01-06-2025,Depot L,SKU-358,24,Invalid,Product A,Active
01-06-2025,Depot L,SKU-359,20,Invalid,Product A,Not Active
01-06-2025,Depot L,SKU-361,7,Invalid,Product A,Not Active
01-06-2025,Depot L,SKU-362,447,Invalid,Product A,Not Active
01-06-2025,Depot L,SKU-363,20,Invalid,Product A,Not Active
01-06-2025,Depot L,SKU-520,6,Invalid,Product A,Not Active
01-06-2025,Depot L,SKU-364,323,Invalid,Product A,Not Active
01-06-2025,Depot L,SKU-365,57,Invalid,Product A,Not Active
01-06-2025,Depot L,SKU-521,9,Invalid,Product A,Active
01-06-2025,Depot L,SKU-367,14,Invalid,Product A,Not Active
01-06-2025,Depot L,SKU-371,3,Invalid,Product A,Not Active
01-06-2025,Depot L,SKU-372,57,Invalid,Product A,Not Active
01-06-2025,Depot L,SKU-373,76,Invalid,Product A,Active
01-06-2025,Depot L,SKU-374,91,Invalid,Product A,Not Active
01-06-2025,Depot L,SKU-376,30,Invalid,Product A,Not Active
01-06-2025,Depot L,SKU-377,39,Invalid,Product A,Not Active
01-06-2025,Depot L,SKU-237,76,Invalid,Product A,Active
01-06-2025,Depot L,SKU-262,86,Invalid,Product A,Active
01-06-2025,Depot L,SKU-907,5,Invalid,Product A,Active
01-06-2025,Depot L,SKU-064,523,Invalid,Product A,Active
01-06-2025,Depot L,SKU-067,234,Invalid,Product A,Active
01-06-2025,Depot L,SKU-271,19,Invalid,Product A,Active
01-06-2025,Depot L,SKU-230,44,Invalid,Product A,Active
01-06-2025,Depot L,SKU-232,60,Invalid,Product A,Active
01-06-2025,Depot L,SKU-540,40,Invalid,Product A,Active
01-06-2025,Depot L,SKU-069,23,Invalid,Product A,Active
01-06-2025,Depot L,SKU-023,43,Invalid,Product A,Active
01-06-2025,Depot L,SKU-379,1349,Invalid,Product A,Not Active
01-06-2025,Depot L,SKU-380,34581,Invalid,Product A,Not Active
01-06-2025,Depot L,SKU-542,520,Invalid,Product A,Not Active
01-06-2025,Depot L,SKU-543,69,Invalid,Product A,Not Active
01-06-2025,Depot L,SKU-381,20,Invalid,Product A,Not Active
01-06-2025,Depot L,SKU-382,11,Invalid,Product A,Active
01-06-2025,Depot L,SKU-548,63,Invalid,Product A,Active
01-06-2025,Depot L,SKU-549,50,Invalid,Product A,Active
01-06-2025,Depot L,SKU-070,42,Invalid,Product A,Active
01-06-2025,Depot L,SKU-383,22,Invalid,Product A,Active
01-06-2025,Depot L,SKU-071,21,Invalid,Product A,Active
01-06-2025,Depot L,SKU-1052,142,Invalid,Product A,Not Active
01-06-2025,Depot L,SKU-911,22,Invalid,Product A,Active
01-06-2025,Depot L,SKU-074,20,Invalid,Product A,Active
01-06-2025,Depot L,SKU-076,10,Invalid,Product A,Active
01-06-2025,Depot L,SKU-077,9,Invalid,Product A,Active
01-06-2025,Depot L,SKU-553,24,Invalid,Product A,Not Active
01-06-2025,Depot L,SKU-078,107,Invalid,Product A,Active
01-06-2025,Depot L,SKU-211,30,Invalid,Product A,Not Active
01-06-2025,Depot L,SKU-212,179,Invalid,Product A,Active
01-06-2025,Depot L,SKU-284,60,Invalid,Product A,Not Active
01-06-2025,Depot L,SKU-081,162,Invalid,Product A,Active
01-06-2025,Depot L,SKU-560,28,Invalid,Product A,Not Active
01-06-2025,Depot L,SKU-082,204,Invalid,Product A,Active
01-06-2025,Depot L,SKU-213,34,Invalid,Product A,Not Active
01-06-2025,Depot L,SKU-214,31,Invalid,Product A,Not Active
01-06-2025,Depot L,SKU-083,106,Invalid,Product A,Active
01-06-2025,Depot L,SKU-914,40,Invalid,Product A,Not Active
01-06-2025,Depot L,SKU-215,2,Invalid,Product A,Active
01-06-2025,Depot L,SKU-1057,32,Invalid,Product A,Active
01-06-2025,Depot L,SKU-085,84,Invalid,Product A,Active
01-06-2025,Depot L,SKU-216,65,Invalid,Product A,Not Active
01-06-2025,Depot L,SKU-257,11,Invalid,Product A,Active
01-06-2025,Depot L,SKU-086,4,Invalid,Product A,Active
01-06-2025,Depot L,SKU-571,30,Invalid,Product A,Not Active
01-06-2025,Depot L,SKU-572,37,Invalid,Product A,Not Active
01-06-2025,Depot L,SKU-233,88,Invalid,Product A,Active
01-06-2025,Depot L,SKU-385,69,Invalid,Product A,Active
01-06-2025,Depot L,SKU-386,66,Invalid,Product A,Active
01-06-2025,Depot L,SKU-387,63,Invalid,Product A,Active
01-06-2025,Depot L,SKU-388,1,Invalid,Product A,Active
01-06-2025,Depot L,SKU-917,120,Invalid,Product A,Active
01-06-2025,Depot L,SKU-1063,10,Invalid,Product A,Active
01-06-2025,Depot L,SKU-389,28,Invalid,Product A,Active
01-06-2025,Depot L,SKU-390,9,Invalid,Product A,Active
01-06-2025,Depot L,SKU-090,371,Invalid,Product A,Active
01-06-2025,Depot L,SKU-1064,6,Invalid,Product A,Active
01-06-2025,Depot L,SKU-050,1047,Invalid,Product A,Not Active
01-06-2025,Depot L,SKU-051,18048,Invalid,Product A,Not Active
01-06-2025,Depot L,SKU-052,1365,Invalid,Product A,Not Active
01-06-2025,Depot L,SKU-054,1379,Invalid,Product A,Not Active
01-06-2025,Depot L,SKU-055,45,Invalid,Product A,Not Active
01-06-2025,Depot L,SKU-057,67,Invalid,Product A,Not Active
01-06-2025,Depot L,SKU-180,270,Invalid,Product A,Active
01-06-2025,Depot L,SKU-675,144,Invalid,Product A,Active
01-06-2025,Depot L,SKU-097,459,Invalid,Product A,Active
01-06-2025,Depot L,SKU-676,22,Invalid,Product A,Active
01-06-2025,Depot L,SKU-678,63,Invalid,Product A,Active
01-06-2025,Depot L,SKU-098,37,Invalid,Product A,Active
01-06-2025,Depot L,SKU-682,20,Invalid,Product A,Not Active
01-06-2025,Depot L,SKU-683,148,Invalid,Product A,Active
01-06-2025,Depot L,SKU-684,114,Invalid,Product A,Active
01-06-2025,Depot L,SKU-100,192,Invalid,Product A,Active
01-06-2025,Depot L,SKU-1108,40,Invalid,Product A,Active
01-06-2025,Depot L,SKU-394,15,Invalid,Product A,Active
01-06-2025,Depot L,SKU-688,30,Invalid,Product A,Active
01-06-2025,Depot L,SKU-181,17,Invalid,Product A,Active
01-06-2025,Depot L,SKU-962,10,Invalid,Product A,Not Active
01-06-2025,Depot L,SKU-689,20,Invalid,Product A,Active
01-06-2025,Depot L,SKU-1066,20,Invalid,Product A,Active
01-06-2025,Depot L,SKU-182,104,Invalid,Product A,Active
01-06-2025,Depot L,SKU-318,137,Invalid,Product A,Active
01-06-2025,Depot L,SKU-103,253,Invalid,Product A,Active
01-06-2025,Depot L,SKU-691,20,Invalid,Product A,Active
01-06-2025,Depot L,SKU-104,56,Invalid,Product A,Active
01-06-2025,Depot L,SKU-692,21,Invalid,Product A,Active
01-06-2025,Depot L,SKU-694,2,Invalid,Product A,Active
01-06-2025,Depot L,SKU-971,59,Invalid,Product A,Active
01-06-2025,Depot L,SKU-696,23,Invalid,Product A,Active
01-06-2025,Depot L,SKU-697,10,Invalid,Product A,Active
01-06-2025,Depot L,SKU-701,20,Invalid,Product A,Not Active
01-06-2025,Depot L,SKU-975,44,Invalid,Product A,Active
01-06-2025,Depot L,SKU-707,10,Invalid,Product A,Active
01-06-2025,Depot L,SKU-105,32,Invalid,Product A,Active
01-06-2025,Depot L,SKU-1160,20,Invalid,Product A,Active
01-06-2025,Depot L,SKU-396,51,Invalid,Product A,Not Active
01-06-2025,Depot L,SKU-397,185,Invalid,Product A,Active
01-06-2025,Depot L,SKU-712,201,Invalid,Product A,Active
01-06-2025,Depot L,SKU-713,313,Invalid,Product A,Not Active
01-06-2025,Depot L,SKU-399,788,Invalid,Product A,Active
01-06-2025,Depot L,SKU-714,37,Invalid,Product A,Not Active
01-06-2025,Depot L,SKU-183,71,Invalid,Product A,Active
01-06-2025,Depot L,SKU-319,118,Invalid,Product A,Active
01-06-2025,Depot L,SKU-106,53,Invalid,Product A,Active
01-06-2025,Depot L,SKU-184,22,Invalid,Product A,Active
01-06-2025,Depot L,SKU-320,10,Invalid,Product A,Active
01-06-2025,Depot L,SKU-107,53,Invalid,Product A,Active
01-06-2025,Depot L,SKU-979,10,Invalid,Product A,Active
01-06-2025,Depot L,SKU-724,5,Invalid,Product A,Active
01-06-2025,Depot L,SKU-990,20,Invalid,Product A,Active
01-06-2025,Depot L,SKU-991,12,Invalid,Product A,Active
01-06-2025,Depot L,SKU-992,10,Invalid,Product A,Active
01-06-2025,Depot L,SKU-732,60,Invalid,Product A,Active
01-06-2025,Depot L,SKU-994,20,Invalid,Product A,Active
01-06-2025,Depot L,SKU-186,20,Invalid,Product A,Active
01-06-2025,Depot L,SKU-187,24,Invalid,Product A,Active
01-06-2025,Depot L,SKU-188,75,Invalid,Product A,Active
01-06-2025,Depot L,SKU-189,65,Invalid,Product A,Active
01-06-2025,Depot L,SKU-190,54,Invalid,Product A,Active
01-06-2025,Depot L,SKU-735,31,Invalid,Product A,Active
01-06-2025,Depot L,SKU-191,5,Invalid,Product A,Active
01-06-2025,Depot L,SKU-403,20,Invalid,Product A,Active
01-06-2025,Depot L,SKU-739,18,Invalid,Product A,Active
01-06-2025,Depot L,SKU-740,123,Invalid,Product A,Active
01-06-2025,Depot L,SKU-741,20,Invalid,Product A,Active
01-06-2025,Depot L,SKU-109,11,Invalid,Product A,Active
01-06-2025,Depot L,SKU-405,52,Invalid,Product A,Active
01-06-2025,Depot L,SKU-110,15,Invalid,Product A,Active
01-06-2025,Depot L,SKU-407,84,Invalid,Product A,Active
01-06-2025,Depot L,SKU-747,20,Invalid,Product A,Active
01-06-2025,Depot L,SKU-748,17,Invalid,Product A,Active
01-06-2025,Depot L,SKU-749,450,Invalid,Product A,Active
01-06-2025,Depot L,SKU-111,12,Invalid,Product A,Active
01-06-2025,Depot L,SKU-751,46,Invalid,Product A,Active
01-06-2025,Depot L,SKU-752,20,Invalid,Product A,Active
01-06-2025,Depot L,SKU-753,9,Invalid,Product A,Active
01-06-2025,Depot L,SKU-410,29,Invalid,Product A,Active
01-06-2025,Depot L,SKU-754,32,Invalid,Product A,Active
01-06-2025,Depot L,SKU-112,7,Invalid,Product A,Active
01-06-2025,Depot L,SKU-411,64,Invalid,Product A,Active
01-06-2025,Depot L,SKU-322,21,Invalid,Product A,Active
01-06-2025,Depot L,SKU-763,29,Invalid,Product A,Active
01-06-2025,Depot L,SKU-764,17,Invalid,Product A,Active
01-06-2025,Depot L,SKU-765,34,Invalid,Product A,Active
01-06-2025,Depot L,SKU-193,36,Invalid,Product A,Active
01-06-2025,Depot L,SKU-414,5,Invalid,Product A,Active
01-06-2025,Depot L,SKU-769,15,Invalid,Product A,Active
01-06-2025,Depot L,SKU-416,12,Invalid,Product A,Active
01-06-2025,Depot L,SKU-770,10,Invalid,Product A,Active
01-06-2025,Depot L,SKU-773,10,Invalid,Product A,Active
01-06-2025,Depot L,SKU-774,11,Invalid,Product A,Active
01-06-2025,Depot L,SKU-778,12,Invalid,Product A,Active
01-06-2025,Depot L,SKU-113,8,Invalid,Product A,Active
01-06-2025,Depot L,SKU-418,73,Invalid,Product A,Active
01-06-2025,Depot L,SKU-1112,1,Invalid,Product A,Not Active
01-06-2025,Depot L,SKU-420,1,Invalid,Product A,Not Active
01-06-2025,Depot L,SKU-781,16,Invalid,Product A,Active
01-06-2025,Depot L,SKU-1013,1,Invalid,Product A,Not Active
01-06-2025,Depot L,SKU-423,1,Invalid,Product A,Active
01-06-2025,Depot L,SKU-323,20,Invalid,Product A,Active
01-06-2025,Depot L,SKU-782,10,Invalid,Product A,Active
01-06-2025,Depot L,SKU-783,5,Invalid,Product A,Not Active
01-06-2025,Depot L,SKU-785,1,Invalid,Product A,Not Active
01-06-2025,Depot L,SKU-426,1,Invalid,Product A,Active
01-06-2025,Depot L,SKU-427,2,Invalid,Product A,Not Active
01-06-2025,Depot L,SKU-786,3,Invalid,Product A,Active
01-06-2025,Depot L,SKU-1116,2,Invalid,Product A,Active
01-06-2025,Depot L,SKU-430,2,Invalid,Product A,Active
01-06-2025,Depot L,SKU-787,2,Invalid,Product A,Active
01-06-2025,Depot L,SKU-1018,13,Invalid,Product A,Active
01-06-2025,Depot L,SKU-788,19,Invalid,Product A,Active
01-06-2025,Depot L,SKU-789,1,Invalid,Product A,Not Active
01-06-2025,Depot L,SKU-432,1,Invalid,Product A,Active
01-06-2025,Depot L,SKU-1019,22,Invalid,Product A,Not Active
01-06-2025,Depot L,SKU-1020,51,Invalid,Product A,Active
01-06-2025,Depot L,SKU-324,29,Invalid,Product A,Active
01-06-2025,Depot L,SKU-1077,29,Invalid,Product A,Active
01-06-2025,Depot L,SKU-792,9,Invalid,Product A,Not Active
01-06-2025,Depot L,SKU-794,7,Invalid,Product A,Not Active
01-06-2025,Depot L,SKU-438,2,Invalid,Product A,Active
01-06-2025,Depot L,SKU-439,5,Invalid,Product A,Not Active
01-06-2025,Depot L,SKU-795,3,Invalid,Product A,Active
01-06-2025,Depot L,SKU-1021,2,Invalid,Product A,Not Active
01-06-2025,Depot L,SKU-442,5,Invalid,Product A,Active
01-06-2025,Depot L,SKU-325,30,Invalid,Product A,Active
01-06-2025,Depot L,SKU-1023,20,Invalid,Product A,Active
01-06-2025,Depot L,SKU-272,55,Invalid,Product A,Active
01-06-2025,Depot L,SKU-796,2,Invalid,Product A,Not Active
01-06-2025,Depot L,SKU-798,4,Invalid,Product A,Not Active
01-06-2025,Depot L,SKU-1024,1,Invalid,Product A,Active
01-06-2025,Depot L,SKU-1125,3,Invalid,Product A,Not Active
01-06-2025,Depot L,SKU-446,1,Invalid,Product A,Active
01-06-2025,Depot L,SKU-447,1,Invalid,Product A,Not Active
01-06-2025,Depot L,SKU-799,2,Invalid,Product A,Active
01-06-2025,Depot L,SKU-1029,1,Invalid,Product A,Not Active
01-06-2025,Depot L,SKU-450,4,Invalid,Product A,Active
01-06-2025,Depot L,SKU-326,49,Invalid,Product A,Active
01-06-2025,Depot L,SKU-1031,10,Invalid,Product A,Active
01-06-2025,Depot L,SKU-273,21,Invalid,Product A,Active
01-06-2025,Depot L,SKU-800,3,Invalid,Product A,Not Active
01-06-2025,Depot L,SKU-802,1,Invalid,Product A,Not Active
01-06-2025,Depot L,SKU-1210,1,Invalid,Product A,Active
01-06-2025,Depot L,SKU-1129,1,Invalid,Product A,Not Active
01-06-2025,Depot L,SKU-803,1,Invalid,Product A,Active
01-06-2025,Depot L,SKU-1032,4,Invalid,Product A,Not Active
01-06-2025,Depot L,SKU-1131,1,Invalid,Product A,Active
01-06-2025,Depot L,SKU-804,6,Invalid,Product A,Active
01-06-2025,Depot L,SKU-1033,5,Invalid,Product A,Active
01-06-2025,Depot L,SKU-1034,10,Invalid,Product A,Active
01-06-2025,Depot L,SKU-1132,8,Invalid,Product A,Not Active
01-06-2025,Depot L,SKU-807,1,Invalid,Product A,Not Active
01-06-2025,Depot L,SKU-1036,1,Invalid,Product A,Active
01-06-2025,Depot L,SKU-1037,3,Invalid,Product A,Not Active
01-06-2025,Depot L,SKU-1038,1,Invalid,Product A,Not Active
01-06-2025,Depot L,SKU-809,3,Invalid,Product A,Active
01-06-2025,Depot L,SKU-1039,30,Invalid,Product A,Active
01-06-2025,Depot L,SKU-327,14,Invalid,Product A,Active
01-06-2025,Depot L,SKU-1040,10,Invalid,Product A,Active
01-06-2025,Depot L,SKU-274,59,Invalid,Product A,Active
01-06-2025,Depot L,SKU-1041,2,Invalid,Product A,Not Active
01-06-2025,Depot L,SKU-811,5,Invalid,Product A,Not Active
01-06-2025,Depot L,SKU-814,2,Invalid,Product A,Active
01-06-2025,Depot L,SKU-456,1,Invalid,Product A,Active
01-06-2025,Depot L,SKU-457,2,Invalid,Product A,Active
01-06-2025,Depot L,SKU-458,1,Invalid,Product A,Active
01-06-2025,Depot L,SKU-819,1,Invalid,Product A,Active
01-06-2025,Depot L,SKU-821,1,Invalid,Product A,Active
01-06-2025,Depot L,SKU-461,3,Invalid,Product A,Active
01-06-2025,Depot L,SKU-824,1,Invalid,Product A,Active
01-06-2025,Depot L,SKU-464,7,Invalid,Product A,Active
01-06-2025,Depot L,SKU-1043,10,Invalid,Product A,Active
01-06-2025,Depot L,SKU-825,2,Invalid,Product A,Active
01-06-2025,Depot L,SKU-827,1,Invalid,Product A,Active
01-06-2025,Depot L,SKU-828,1,Invalid,Product A,Active
01-06-2025,Depot L,SKU-466,1,Invalid,Product A,Active
01-06-2025,Depot L,SKU-290,247,Invalid,Product A,Active
01-06-2025,Depot L,SKU-117,242,Invalid,Product A,Active
01-06-2025,Depot L,SKU-468,69,Invalid,Product A,Active
01-06-2025,Depot L,SKU-275,70,Invalid,Product A,Active
01-06-2025,Depot L,SKU-469,54,Invalid,Product A,Active
01-06-2025,Depot L,SKU-328,11,Invalid,Product A,Active
01-06-2025,Depot L,SKU-119,47,Invalid,Product A,Active
01-06-2025,Depot L,SKU-329,39,Invalid,Product A,Active
01-06-2025,Depot L,SKU-121,9,Invalid,Product A,Active
01-06-2025,Depot L,SKU-840,66,Invalid,Product A,Active
01-06-2025,Depot L,SKU-291,73,Invalid,Product A,Active
01-06-2025,Depot L,SKU-124,76,Invalid,Product A,Active
01-06-2025,Depot L,SKU-292,14,Invalid,Product A,Active
01-06-2025,Depot L,SKU-125,51,Invalid,Product A,Active
01-06-2025,Depot L,SKU-841,20,Invalid,Product A,Active
01-06-2025,Depot L,SKU-263,42,Invalid,Product A,Active
01-06-2025,Depot L,SKU-293,22,Invalid,Product A,Active
01-06-2025,Depot L,SKU-234,16,Invalid,Product A,Active
01-06-2025,Depot L,SKU-843,15,Invalid,Product A,Active
01-06-2025,Depot L,SKU-127,45,Invalid,Product A,Active
01-06-2025,Depot L,SKU-129,9,Invalid,Product A,Active
01-06-2025,Depot L,SKU-130,37,Invalid,Product A,Active
01-06-2025,Depot L,SKU-264,19,Invalid,Product A,Active
01-06-2025,Depot L,SKU-258,125,Invalid,Product A,Active
01-06-2025,Depot L,SKU-470,48,Invalid,Product A,Not Active
01-06-2025,Depot L,SKU-471,27,Invalid,Product A,Not Active
01-06-2025,Depot L,SKU-472,46,Invalid,Product A,Not Active
01-06-2025,Depot L,SKU-473,1934,Invalid,Product A,Active
01-06-2025,Depot L,SKU-474,1036,Invalid,Product A,Not Active
01-06-2025,Depot L,SKU-475,6269,Invalid,Product A,Active
01-06-2025,Depot L,SKU-844,331,Invalid,Product A,Not Active
01-06-2025,Depot L,SKU-845,101,Invalid,Product A,Not Active
01-06-2025,Depot L,SKU-476,19,Invalid,Product A,Not Active
01-06-2025,Depot L,SKU-847,57,Invalid,Product A,Not Active
01-06-2025,Depot L,SKU-848,41,Invalid,Product A,Active
01-06-2025,Depot L,SKU-853,11,Invalid,Product A,Active
01-06-2025,Depot L,SKU-855,46,Invalid,Product A,Active
01-06-2025,Depot L,SKU-294,14,Invalid,Product A,Active
01-06-2025,Depot L,SKU-134,20,Invalid,Product A,Active
01-06-2025,Depot L,SKU-265,31,Invalid,Product A,Active
01-06-2025,Depot L,SKU-266,67,Invalid,Product A,Active
01-06-2025,Depot L,SKU-267,7,Invalid,Product A,Active
01-06-2025,Depot L,SKU-268,59,Invalid,Product A,Active
01-06-2025,Depot L,SKU-136,83,Invalid,Product A,Active
01-06-2025,Depot L,SKU-269,29,Invalid,Product A,Active
01-06-2025,Depot L,SKU-219,43,Invalid,Product A,Active
01-06-2025,Depot L,SKU-226,75,Invalid,Product A,Active
01-06-2025,Depot L,SKU-1148,20,Invalid,Product A,Not Active
01-06-2025,Depot L,SKU-137,23,Invalid,Product A,Active
01-06-2025,Depot L,SKU-477,20,Invalid,Product A,Active
01-06-2025,Depot L,SKU-304,40,Invalid,Product A,Active
01-06-2025,Depot L,SKU-305,69,Invalid,Product A,Active
01-06-2025,Depot L,SKU-138,46,Invalid,Product A,Active
01-06-2025,Depot L,SKU-478,25,Invalid,Product A,Active
01-06-2025,Depot L,SKU-306,18,Invalid,Product A,Active
01-06-2025,Depot L,SKU-479,93,Invalid,Product A,Active
01-06-2025,Depot L,SKU-480,43,Invalid,Product A,Active
01-06-2025,Depot L,SKU-277,399,Invalid,Product A,Active
01-06-2025,Depot L,SKU-278,33,Invalid,Product A,Active
01-06-2025,Depot L,SKU-875,30,Invalid,Product A,Active
01-06-2025,Depot L,SKU-279,19,Invalid,Product A,Active
01-06-2025,Depot L,SKU-482,30,Invalid,Product A,Active
01-06-2025,Depot L,SKU-483,10,Invalid,Product A,Active
01-06-2025,Depot L,SKU-879,12,Invalid,Product A,Active
01-06-2025,Depot L,SKU-280,11,Invalid,Product A,Active
01-06-2025,Depot L,SKU-485,5,Invalid,Product A,Active
01-06-2025,Depot L,SKU-311,10,Invalid,Product A,Active
01-06-2025,Depot L,SKU-150,14,Invalid,Product A,Active
01-06-2025,Depot L,SKU-151,36,Invalid,Product A,Active
01-06-2025,Depot L,SKU-487,11,Invalid,Product A,Active
01-06-2025,Depot L,SKU-312,107,Invalid,Product A,Active
01-06-2025,Depot L,SKU-281,42,Invalid,Product A,Active
01-06-2025,Depot L,SKU-886,100,Invalid,Product A,Active
01-06-2025,Depot L,SKU-313,57,Invalid,Product A,Active
01-06-2025,Depot M,SKU-492,63,Invalid,Product A,Not Active
01-06-2025,Depot M,SKU-1177,101,Invalid,Product A,Active
01-06-2025,Depot M,SKU-493,3,Invalid,Product A,Active
01-06-2025,Depot M,SKU-337,6741,Invalid,Product A,Not Active
01-06-2025,Depot M,SKU-1179,19,Invalid,Product A,Not Active
01-06-2025,Depot M,SKU-338,362219,Invalid,Product A,Not Active
01-06-2025,Depot M,SKU-494,70,Invalid,Product A,Not Active
01-06-2025,Depot M,SKU-495,196,Invalid,Product A,Not Active
01-06-2025,Depot M,SKU-242,61,Invalid,Product A,Active
01-06-2025,Depot M,SKU-243,61,Invalid,Product A,Active
01-06-2025,Depot M,SKU-1045,62,Invalid,Product A,Active
01-06-2025,Depot M,SKU-496,178,Invalid,Product A,Active
01-06-2025,Depot M,SKU-497,201,Invalid,Product A,Active
01-06-2025,Depot M,SKU-499,229,Invalid,Product A,Active
01-06-2025,Depot M,SKU-339,10,Invalid,Product A,Not Active
01-06-2025,Depot M,SKU-502,164,Invalid,Product A,Active
01-06-2025,Depot M,SKU-503,178,Invalid,Product A,Active
01-06-2025,Depot M,SKU-504,1,Invalid,Product A,Active
01-06-2025,Depot M,SKU-505,6,Invalid,Product A,Active
01-06-2025,Depot M,SKU-506,2,Invalid,Product A,Active
01-06-2025,Depot M,SKU-1149,10,Invalid,Product A,Active
01-06-2025,Depot M,SKU-1095,20,Invalid,Product A,Active
01-06-2025,Depot M,SKU-1047,10,Invalid,Product A,Active
01-06-2025,Depot M,SKU-508,351,Invalid,Product A,Not Active
01-06-2025,Depot M,SKU-1049,110,Invalid,Product A,Not Active
01-06-2025,Depot M,SKU-1150,76,Invalid,Product A,Not Active
01-06-2025,Depot M,SKU-509,115,Invalid,Product A,Not Active
01-06-2025,Depot M,SKU-341,62,Invalid,Product A,Not Active
01-06-2025,Depot M,SKU-205,14,Invalid,Product A,Active
01-06-2025,Depot M,SKU-901,334,Invalid,Product A,Not Active
01-06-2025,Depot M,SKU-1211,20,Invalid,Product A,Not Active
01-06-2025,Depot M,SKU-1173,1227,Invalid,Product A,Not Active
01-06-2025,Depot M,SKU-1098,60,Invalid,Product A,Not Active
01-06-2025,Depot M,SKU-342,10,Invalid,Product A,Not Active
01-06-2025,Depot M,SKU-343,62,Invalid,Product A,Not Active
01-06-2025,Depot M,SKU-344,582,Invalid,Product A,Not Active
01-06-2025,Depot M,SKU-345,2466,Invalid,Product A,Not Active
01-06-2025,Depot M,SKU-346,16483,Invalid,Product A,Not Active
01-06-2025,Depot M,SKU-207,67,Invalid,Product A,Active
01-06-2025,Depot M,SKU-347,451,Invalid,Product A,Active
01-06-2025,Depot M,SKU-902,123950,Invalid,Product A,Active
01-06-2025,Depot M,SKU-348,51576,Invalid,Product A,Active
01-06-2025,Depot M,SKU-349,471,Invalid,Product A,Active
01-06-2025,Depot M,SKU-208,26,Invalid,Product A,Active
01-06-2025,Depot M,SKU-513,365,Invalid,Product A,Active
01-06-2025,Depot M,SKU-350,212,Invalid,Product A,Active
01-06-2025,Depot M,SKU-514,278,Invalid,Product A,Active
01-06-2025,Depot M,SKU-248,796,Invalid,Product A,Active
01-06-2025,Depot M,SKU-1151,293,Invalid,Product A,Active
01-06-2025,Depot M,SKU-314,95,Invalid,Product A,Not Active
01-06-2025,Depot M,SKU-249,203,Invalid,Product A,Not Active
01-06-2025,Depot M,SKU-231,500,Invalid,Product A,Not Active
01-06-2025,Depot M,SKU-250,2286,Invalid,Product A,Active
01-06-2025,Depot M,SKU-282,140,Invalid,Product A,Active
01-06-2025,Depot M,SKU-315,321,Invalid,Product A,Active
01-06-2025,Depot M,SKU-515,96,Invalid,Product A,Not Active
01-06-2025,Depot M,SKU-1050,66,Invalid,Product A,Not Active
01-06-2025,Depot M,SKU-516,5,Invalid,Product A,Active
01-06-2025,Depot M,SKU-1190,91,Invalid,Product A,Not Active
01-06-2025,Depot M,SKU-283,92,Invalid,Product A,Not Active
01-06-2025,Depot M,SKU-251,472,Invalid,Product A,Active
01-06-2025,Depot M,SKU-1099,65,Invalid,Product A,Active
01-06-2025,Depot M,SKU-015,70,Invalid,Product A,Active
01-06-2025,Depot M,SKU-252,64,Invalid,Product A,Active
01-06-2025,Depot M,SKU-253,92,Invalid,Product A,Active
01-06-2025,Depot M,SKU-904,39,Invalid,Product A,Active
01-06-2025,Depot M,SKU-353,42,Invalid,Product A,Active
01-06-2025,Depot M,SKU-355,23,Invalid,Product A,Active
01-06-2025,Depot M,SKU-356,44,Invalid,Product A,Active
01-06-2025,Depot M,SKU-518,159,Invalid,Product A,Active
01-06-2025,Depot M,SKU-519,41,Invalid,Product A,Active
01-06-2025,Depot M,SKU-357,13,Invalid,Product A,Active
01-06-2025,Depot M,SKU-358,9,Invalid,Product A,Active
01-06-2025,Depot M,SKU-359,21,Invalid,Product A,Not Active
01-06-2025,Depot M,SKU-360,12,Invalid,Product A,Active
01-06-2025,Depot M,SKU-361,139,Invalid,Product A,Not Active
01-06-2025,Depot M,SKU-362,1027,Invalid,Product A,Not Active
01-06-2025,Depot M,SKU-363,7,Invalid,Product A,Not Active
01-06-2025,Depot M,SKU-520,2,Invalid,Product A,Not Active
01-06-2025,Depot M,SKU-364,25,Invalid,Product A,Not Active
01-06-2025,Depot M,SKU-365,52,Invalid,Product A,Not Active
01-06-2025,Depot M,SKU-906,10,Invalid,Product A,Not Active
01-06-2025,Depot M,SKU-367,552,Invalid,Product A,Not Active
01-06-2025,Depot M,SKU-368,23,Invalid,Product A,Active
01-06-2025,Depot M,SKU-369,21,Invalid,Product A,Not Active
01-06-2025,Depot M,SKU-371,46,Invalid,Product A,Not Active
01-06-2025,Depot M,SKU-524,468,Invalid,Product A,Active
01-06-2025,Depot M,SKU-372,38,Invalid,Product A,Not Active
01-06-2025,Depot M,SKU-373,124,Invalid,Product A,Active
01-06-2025,Depot M,SKU-374,2,Invalid,Product A,Not Active
01-06-2025,Depot M,SKU-376,7,Invalid,Product A,Not Active
01-06-2025,Depot M,SKU-377,14,Invalid,Product A,Not Active
01-06-2025,Depot M,SKU-907,43,Invalid,Product A,Active
01-06-2025,Depot M,SKU-065,9,Invalid,Product A,Active
01-06-2025,Depot M,SKU-019,71,Invalid,Product A,Active
01-06-2025,Depot M,SKU-066,185,Invalid,Product A,Active
01-06-2025,Depot M,SKU-378,20,Invalid,Product A,Active
01-06-2025,Depot M,SKU-160,40,Invalid,Product A,Active
01-06-2025,Depot M,SKU-067,15,Invalid,Product A,Active
01-06-2025,Depot M,SKU-271,40,Invalid,Product A,Active
01-06-2025,Depot M,SKU-1164,20,Invalid,Product A,Active
01-06-2025,Depot M,SKU-232,50,Invalid,Product A,Active
01-06-2025,Depot M,SKU-540,25,Invalid,Product A,Active
01-06-2025,Depot M,SKU-069,68,Invalid,Product A,Active
01-06-2025,Depot M,SKU-1051,113,Invalid,Product A,Active
01-06-2025,Depot M,SKU-379,542,Invalid,Product A,Not Active
01-06-2025,Depot M,SKU-380,121,Invalid,Product A,Not Active
01-06-2025,Depot M,SKU-542,42,Invalid,Product A,Not Active
01-06-2025,Depot M,SKU-545,79,Invalid,Product A,Not Active
01-06-2025,Depot M,SKU-381,178,Invalid,Product A,Not Active
01-06-2025,Depot M,SKU-546,10,Invalid,Product A,Active
01-06-2025,Depot M,SKU-382,21,Invalid,Product A,Active
01-06-2025,Depot M,SKU-548,67,Invalid,Product A,Active
01-06-2025,Depot M,SKU-549,136,Invalid,Product A,Active
01-06-2025,Depot M,SKU-383,10,Invalid,Product A,Active
01-06-2025,Depot M,SKU-071,75,Invalid,Product A,Active
01-06-2025,Depot M,SKU-1052,12,Invalid,Product A,Not Active
01-06-2025,Depot M,SKU-911,894,Invalid,Product A,Active
01-06-2025,Depot M,SKU-074,9,Invalid,Product A,Active
01-06-2025,Depot M,SKU-075,10,Invalid,Product A,Active
01-06-2025,Depot M,SKU-076,5,Invalid,Product A,Active
01-06-2025,Depot M,SKU-077,82,Invalid,Product A,Active
01-06-2025,Depot M,SKU-256,21,Invalid,Product A,Active
01-06-2025,Depot M,SKU-553,20,Invalid,Product A,Not Active
01-06-2025,Depot M,SKU-211,39,Invalid,Product A,Not Active
01-06-2025,Depot M,SKU-284,28,Invalid,Product A,Not Active
01-06-2025,Depot M,SKU-560,32,Invalid,Product A,Not Active
01-06-2025,Depot M,SKU-561,20,Invalid,Product A,Active
01-06-2025,Depot M,SKU-213,19,Invalid,Product A,Not Active
01-06-2025,Depot M,SKU-167,68,Invalid,Product A,Active
01-06-2025,Depot M,SKU-214,34,Invalid,Product A,Not Active
01-06-2025,Depot M,SKU-563,10,Invalid,Product A,Active
01-06-2025,Depot M,SKU-914,61,Invalid,Product A,Not Active
01-06-2025,Depot M,SKU-565,10,Invalid,Product A,Active
01-06-2025,Depot M,SKU-215,83,Invalid,Product A,Active
01-06-2025,Depot M,SKU-1057,5,Invalid,Product A,Active
01-06-2025,Depot M,SKU-216,13,Invalid,Product A,Not Active
01-06-2025,Depot M,SKU-1059,60,Invalid,Product A,Active
01-06-2025,Depot M,SKU-570,20,Invalid,Product A,Active
01-06-2025,Depot M,SKU-086,79,Invalid,Product A,Active
01-06-2025,Depot M,SKU-571,30,Invalid,Product A,Not Active
01-06-2025,Depot M,SKU-1060,11,Invalid,Product A,Active
01-06-2025,Depot M,SKU-572,10,Invalid,Product A,Not Active
01-06-2025,Depot M,SKU-217,56,Invalid,Product A,Active
01-06-2025,Depot M,SKU-384,22,Invalid,Product A,Active
01-06-2025,Depot M,SKU-1192,41,Invalid,Product A,Active
01-06-2025,Depot M,SKU-1212,41,Invalid,Product A,Active
01-06-2025,Depot M,SKU-088,309,Invalid,Product A,Active
01-06-2025,Depot M,SKU-233,169,Invalid,Product A,Active
01-06-2025,Depot M,SKU-1213,41,Invalid,Product A,Active
01-06-2025,Depot M,SKU-385,116,Invalid,Product A,Active
01-06-2025,Depot M,SKU-1193,61,Invalid,Product A,Active
01-06-2025,Depot M,SKU-1194,61,Invalid,Product A,Active
01-06-2025,Depot M,SKU-386,151,Invalid,Product A,Active
01-06-2025,Depot M,SKU-1195,59,Invalid,Product A,Active
01-06-2025,Depot M,SKU-1165,61,Invalid,Product A,Active
01-06-2025,Depot M,SKU-1156,61,Invalid,Product A,Active
01-06-2025,Depot M,SKU-387,84,Invalid,Product A,Active
01-06-2025,Depot M,SKU-1196,20,Invalid,Product A,Active
01-06-2025,Depot M,SKU-1197,61,Invalid,Product A,Active
01-06-2025,Depot M,SKU-388,150,Invalid,Product A,Active
01-06-2025,Depot M,SKU-1198,60,Invalid,Product A,Active
01-06-2025,Depot M,SKU-1101,20,Invalid,Product A,Active
01-06-2025,Depot M,SKU-1157,61,Invalid,Product A,Active
01-06-2025,Depot M,SKU-1063,13,Invalid,Product A,Active
01-06-2025,Depot M,SKU-1199,59,Invalid,Product A,Active
01-06-2025,Depot M,SKU-1200,60,Invalid,Product A,Active
01-06-2025,Depot M,SKU-1201,10,Invalid,Product A,Active
01-06-2025,Depot M,SKU-036,85,Invalid,Product A,Active
01-06-2025,Depot M,SKU-218,208,Invalid,Product A,Active
01-06-2025,Depot M,SKU-390,24,Invalid,Product A,Active
01-06-2025,Depot M,SKU-1202,59,Invalid,Product A,Active
01-06-2025,Depot M,SKU-1102,3,Invalid,Product A,Active
01-06-2025,Depot M,SKU-391,69,Invalid,Product A,Active
01-06-2025,Depot M,SKU-1203,20,Invalid,Product A,Active
01-06-2025,Depot M,SKU-1214,10,Invalid,Product A,Active
01-06-2025,Depot M,SKU-1204,10,Invalid,Product A,Active
01-06-2025,Depot M,SKU-1064,58,Invalid,Product A,Active
01-06-2025,Depot M,SKU-1205,20,Invalid,Product A,Active
01-06-2025,Depot M,SKU-1103,98,Invalid,Product A,Active
01-06-2025,Depot M,SKU-1159,20,Invalid,Product A,Active
01-06-2025,Depot M,SKU-1215,41,Invalid,Product A,Not Active
01-06-2025,Depot M,SKU-1216,39,Invalid,Product A,Not Active
01-06-2025,Depot M,SKU-1217,10,Invalid,Product A,Not Active
01-06-2025,Depot M,SKU-092,544,Invalid,Product A,Active
01-06-2025,Depot M,SKU-578,24,Invalid,Product A,Active
01-06-2025,Depot M,SKU-924,61,Invalid,Product A,Active
01-06-2025,Depot M,SKU-925,10,Invalid,Product A,Active
01-06-2025,Depot M,SKU-587,71,Invalid,Product A,Active
01-06-2025,Depot M,SKU-093,34,Invalid,Product A,Active
01-06-2025,Depot M,SKU-593,146,Invalid,Product A,Active
01-06-2025,Depot M,SKU-596,100,Invalid,Product A,Active
01-06-2025,Depot M,SKU-601,9,Invalid,Product A,Active
01-06-2025,Depot M,SKU-602,23,Invalid,Product A,Active
01-06-2025,Depot M,SKU-603,98,Invalid,Product A,Active
01-06-2025,Depot M,SKU-604,9,Invalid,Product A,Active
01-06-2025,Depot M,SKU-605,59,Invalid,Product A,Active
01-06-2025,Depot M,SKU-179,284,Invalid,Product A,Active
01-06-2025,Depot M,SKU-285,19,Invalid,Product A,Active
01-06-2025,Depot M,SKU-615,31,Invalid,Product A,Active
01-06-2025,Depot M,SKU-616,29,Invalid,Product A,Active
01-06-2025,Depot M,SKU-932,40,Invalid,Product A,Active
01-06-2025,Depot M,SKU-625,11,Invalid,Product A,Active
01-06-2025,Depot M,SKU-626,15,Invalid,Product A,Active
01-06-2025,Depot M,SKU-627,12,Invalid,Product A,Active
01-06-2025,Depot M,SKU-933,26,Invalid,Product A,Active
01-06-2025,Depot M,SKU-934,15,Invalid,Product A,Active
01-06-2025,Depot M,SKU-637,3,Invalid,Product A,Active
01-06-2025,Depot M,SKU-638,7,Invalid,Product A,Active
01-06-2025,Depot M,SKU-639,40,Invalid,Product A,Active
01-06-2025,Depot M,SKU-644,10,Invalid,Product A,Active
01-06-2025,Depot M,SKU-649,9,Invalid,Product A,Active
01-06-2025,Depot M,SKU-650,11,Invalid,Product A,Active
01-06-2025,Depot M,SKU-094,15,Invalid,Product A,Active
01-06-2025,Depot M,SKU-653,47,Invalid,Product A,Active
01-06-2025,Depot M,SKU-654,5,Invalid,Product A,Active
01-06-2025,Depot M,SKU-095,178,Invalid,Product A,Active
01-06-2025,Depot M,SKU-663,6,Invalid,Product A,Active
01-06-2025,Depot M,SKU-949,27,Invalid,Product A,Active
01-06-2025,Depot M,SKU-664,62,Invalid,Product A,Active
01-06-2025,Depot M,SKU-952,10,Invalid,Product A,Active
01-06-2025,Depot M,SKU-955,9,Invalid,Product A,Active
01-06-2025,Depot M,SKU-673,8,Invalid,Product A,Active
01-06-2025,Depot M,SKU-096,63,Invalid,Product A,Active
01-06-2025,Depot M,SKU-180,450,Invalid,Product A,Active
01-06-2025,Depot M,SKU-675,163,Invalid,Product A,Active
01-06-2025,Depot M,SKU-097,1041,Invalid,Product A,Active
01-06-2025,Depot M,SKU-676,5,Invalid,Product A,Active
01-06-2025,Depot M,SKU-678,37,Invalid,Product A,Active
01-06-2025,Depot M,SKU-098,81,Invalid,Product A,Active
01-06-2025,Depot M,SKU-679,2,Invalid,Product A,Active
01-06-2025,Depot M,SKU-680,21,Invalid,Product A,Active
01-06-2025,Depot M,SKU-683,57,Invalid,Product A,Active
01-06-2025,Depot M,SKU-393,610,Invalid,Product A,Active
01-06-2025,Depot M,SKU-684,62,Invalid,Product A,Active
01-06-2025,Depot M,SKU-100,88,Invalid,Product A,Active
01-06-2025,Depot M,SKU-685,41,Invalid,Product A,Active
01-06-2025,Depot M,SKU-960,38,Invalid,Product A,Active
01-06-2025,Depot M,SKU-394,33,Invalid,Product A,Active
01-06-2025,Depot M,SKU-688,27,Invalid,Product A,Active
01-06-2025,Depot M,SKU-181,966,Invalid,Product A,Active
01-06-2025,Depot M,SKU-1218,20,Invalid,Product A,Active
01-06-2025,Depot M,SKU-1066,4,Invalid,Product A,Active
01-06-2025,Depot M,SKU-182,179,Invalid,Product A,Active
01-06-2025,Depot M,SKU-318,9,Invalid,Product A,Active
01-06-2025,Depot M,SKU-103,124,Invalid,Product A,Active
01-06-2025,Depot M,SKU-1219,14,Invalid,Product A,Active
01-06-2025,Depot M,SKU-695,18,Invalid,Product A,Active
01-06-2025,Depot M,SKU-971,33,Invalid,Product A,Active
01-06-2025,Depot M,SKU-696,150,Invalid,Product A,Active
01-06-2025,Depot M,SKU-1220,60,Invalid,Product A,Active
01-06-2025,Depot M,SKU-697,8,Invalid,Product A,Active
01-06-2025,Depot M,SKU-698,11,Invalid,Product A,Active
01-06-2025,Depot M,SKU-699,12,Invalid,Product A,Active
01-06-2025,Depot M,SKU-701,112,Invalid,Product A,Not Active
01-06-2025,Depot M,SKU-702,143,Invalid,Product A,Not Active
01-06-2025,Depot M,SKU-709,20,Invalid,Product A,Active
01-06-2025,Depot M,SKU-1161,5,Invalid,Product A,Active
01-06-2025,Depot M,SKU-395,12,Invalid,Product A,Active
01-06-2025,Depot M,SKU-977,15,Invalid,Product A,Not Active
01-06-2025,Depot M,SKU-397,57,Invalid,Product A,Active
01-06-2025,Depot M,SKU-712,46,Invalid,Product A,Active
01-06-2025,Depot M,SKU-713,108,Invalid,Product A,Not Active
01-06-2025,Depot M,SKU-399,3702,Invalid,Product A,Active
01-06-2025,Depot M,SKU-183,35,Invalid,Product A,Active
01-06-2025,Depot M,SKU-319,10,Invalid,Product A,Active
01-06-2025,Depot M,SKU-716,1,Invalid,Product A,Not Active
01-06-2025,Depot M,SKU-106,292,Invalid,Product A,Active
01-06-2025,Depot M,SKU-717,51,Invalid,Product A,Not Active
01-06-2025,Depot M,SKU-718,22,Invalid,Product A,Not Active
01-06-2025,Depot M,SKU-719,24,Invalid,Product A,Not Active
01-06-2025,Depot M,SKU-184,4,Invalid,Product A,Active
01-06-2025,Depot M,SKU-320,7,Invalid,Product A,Active
01-06-2025,Depot M,SKU-107,2,Invalid,Product A,Active
01-06-2025,Depot M,SKU-1221,20,Invalid,Product A,Active
01-06-2025,Depot M,SKU-1109,5,Invalid,Product A,Active
01-06-2025,Depot M,SKU-1222,8,Invalid,Product A,Active
01-06-2025,Depot M,SKU-729,29,Invalid,Product A,Active
01-06-2025,Depot M,SKU-986,60,Invalid,Product A,Active
01-06-2025,Depot M,SKU-987,36,Invalid,Product A,Active
01-06-2025,Depot M,SKU-730,27,Invalid,Product A,Active
01-06-2025,Depot M,SKU-1152,16,Invalid,Product A,Active
01-06-2025,Depot M,SKU-989,30,Invalid,Product A,Active
01-06-2025,Depot M,SKU-731,11,Invalid,Product A,Active
01-06-2025,Depot M,SKU-991,29,Invalid,Product A,Active
01-06-2025,Depot M,SKU-992,5,Invalid,Product A,Active
01-06-2025,Depot M,SKU-732,20,Invalid,Product A,Active
01-06-2025,Depot M,SKU-994,10,Invalid,Product A,Active
01-06-2025,Depot M,SKU-185,8,Invalid,Product A,Active
01-06-2025,Depot M,SKU-1223,71,Invalid,Product A,Active
01-06-2025,Depot M,SKU-733,20,Invalid,Product A,Active
01-06-2025,Depot M,SKU-734,7,Invalid,Product A,Active
01-06-2025,Depot M,SKU-186,2,Invalid,Product A,Active
01-06-2025,Depot M,SKU-187,18,Invalid,Product A,Active
01-06-2025,Depot M,SKU-188,17,Invalid,Product A,Active
01-06-2025,Depot M,SKU-189,28,Invalid,Product A,Active
01-06-2025,Depot M,SKU-321,33,Invalid,Product A,Active
01-06-2025,Depot M,SKU-190,5,Invalid,Product A,Active
01-06-2025,Depot M,SKU-735,13,Invalid,Product A,Active
01-06-2025,Depot M,SKU-191,44,Invalid,Product A,Active
01-06-2025,Depot M,SKU-108,203,Invalid,Product A,Active
01-06-2025,Depot M,SKU-739,6,Invalid,Product A,Active
01-06-2025,Depot M,SKU-109,7,Invalid,Product A,Active
01-06-2025,Depot M,SKU-405,7,Invalid,Product A,Active
01-06-2025,Depot M,SKU-742,3,Invalid,Product A,Active
01-06-2025,Depot M,SKU-743,63,Invalid,Product A,Active
01-06-2025,Depot M,SKU-744,40,Invalid,Product A,Active
01-06-2025,Depot M,SKU-110,47,Invalid,Product A,Active
01-06-2025,Depot M,SKU-407,18,Invalid,Product A,Active
01-06-2025,Depot M,SKU-747,18,Invalid,Product A,Active
01-06-2025,Depot M,SKU-111,33,Invalid,Product A,Active
01-06-2025,Depot M,SKU-751,31,Invalid,Product A,Active
01-06-2025,Depot M,SKU-752,84,Invalid,Product A,Active
01-06-2025,Depot M,SKU-753,31,Invalid,Product A,Active
01-06-2025,Depot M,SKU-754,20,Invalid,Product A,Active
01-06-2025,Depot M,SKU-112,17,Invalid,Product A,Active
01-06-2025,Depot M,SKU-411,11,Invalid,Product A,Active
01-06-2025,Depot M,SKU-756,85,Invalid,Product A,Active
01-06-2025,Depot M,SKU-1000,10,Invalid,Product A,Active
01-06-2025,Depot M,SKU-1002,19,Invalid,Product A,Active
01-06-2025,Depot M,SKU-1003,20,Invalid,Product A,Active
01-06-2025,Depot M,SKU-322,115,Invalid,Product A,Active
01-06-2025,Depot M,SKU-412,5,Invalid,Product A,Active
01-06-2025,Depot M,SKU-760,51,Invalid,Product A,Active
01-06-2025,Depot M,SKU-413,39,Invalid,Product A,Active
01-06-2025,Depot M,SKU-763,61,Invalid,Product A,Active
01-06-2025,Depot M,SKU-765,51,Invalid,Product A,Active
01-06-2025,Depot M,SKU-193,21,Invalid,Product A,Active
01-06-2025,Depot M,SKU-414,11,Invalid,Product A,Active
01-06-2025,Depot M,SKU-767,33,Invalid,Product A,Active
01-06-2025,Depot M,SKU-769,10,Invalid,Product A,Active
01-06-2025,Depot M,SKU-416,7,Invalid,Product A,Active
01-06-2025,Depot M,SKU-770,3,Invalid,Product A,Active
01-06-2025,Depot M,SKU-772,5,Invalid,Product A,Active
01-06-2025,Depot M,SKU-773,39,Invalid,Product A,Active
01-06-2025,Depot M,SKU-774,5,Invalid,Product A,Active
01-06-2025,Depot M,SKU-776,14,Invalid,Product A,Active
01-06-2025,Depot M,SKU-777,26,Invalid,Product A,Active
01-06-2025,Depot M,SKU-779,41,Invalid,Product A,Active
01-06-2025,Depot M,SKU-113,54,Invalid,Product A,Active
01-06-2025,Depot M,SKU-418,5,Invalid,Product A,Active
01-06-2025,Depot M,SKU-1073,41,Invalid,Product A,Active
01-06-2025,Depot M,SKU-781,6,Invalid,Product A,Active
01-06-2025,Depot M,SKU-422,4,Invalid,Product A,Not Active
01-06-2025,Depot M,SKU-323,7,Invalid,Product A,Active
01-06-2025,Depot M,SKU-1074,20,Invalid,Product A,Active
01-06-2025,Depot M,SKU-782,39,Invalid,Product A,Active
01-06-2025,Depot M,SKU-425,6,Invalid,Product A,Not Active
01-06-2025,Depot M,SKU-1075,68,Invalid,Product A,Not Active
01-06-2025,Depot M,SKU-426,8,Invalid,Product A,Active
01-06-2025,Depot M,SKU-786,36,Invalid,Product A,Active
01-06-2025,Depot M,SKU-428,21,Invalid,Product A,Active
01-06-2025,Depot M,SKU-429,6,Invalid,Product A,Not Active
01-06-2025,Depot M,SKU-1116,2,Invalid,Product A,Active
01-06-2025,Depot M,SKU-430,2,Invalid,Product A,Active
01-06-2025,Depot M,SKU-1017,1,Invalid,Product A,Active
01-06-2025,Depot M,SKU-787,10,Invalid,Product A,Active
01-06-2025,Depot M,SKU-1018,16,Invalid,Product A,Active
01-06-2025,Depot M,SKU-788,15,Invalid,Product A,Active
01-06-2025,Depot M,SKU-1224,1,Invalid,Product A,Not Active
01-06-2025,Depot M,SKU-1076,46,Invalid,Product A,Not Active
01-06-2025,Depot M,SKU-790,3,Invalid,Product A,Active
01-06-2025,Depot M,SKU-435,1,Invalid,Product A,Not Active
01-06-2025,Depot M,SKU-1120,10,Invalid,Product A,Active
01-06-2025,Depot M,SKU-324,30,Invalid,Product A,Active
01-06-2025,Depot M,SKU-1077,81,Invalid,Product A,Active
01-06-2025,Depot M,SKU-791,36,Invalid,Product A,Active
01-06-2025,Depot M,SKU-1225,3,Invalid,Product A,Not Active
01-06-2025,Depot M,SKU-1078,16,Invalid,Product A,Not Active
01-06-2025,Depot M,SKU-795,6,Invalid,Product A,Active
01-06-2025,Depot M,SKU-441,7,Invalid,Product A,Not Active
01-06-2025,Depot M,SKU-1146,3,Invalid,Product A,Active
01-06-2025,Depot M,SKU-325,70,Invalid,Product A,Active
01-06-2025,Depot M,SKU-1023,132,Invalid,Product A,Active
01-06-2025,Depot M,SKU-272,8,Invalid,Product A,Active
01-06-2025,Depot M,SKU-1122,7,Invalid,Product A,Not Active
01-06-2025,Depot M,SKU-1079,3,Invalid,Product A,Not Active
01-06-2025,Depot M,SKU-1226,2,Invalid,Product A,Not Active
01-06-2025,Depot M,SKU-445,4,Invalid,Product A,Active
01-06-2025,Depot M,SKU-448,5,Invalid,Product A,Active
01-06-2025,Depot M,SKU-449,4,Invalid,Product A,Not Active
01-06-2025,Depot M,SKU-1128,9,Invalid,Product A,Active
01-06-2025,Depot M,SKU-326,5,Invalid,Product A,Active
01-06-2025,Depot M,SKU-1031,52,Invalid,Product A,Active
01-06-2025,Depot M,SKU-273,9,Invalid,Product A,Active
01-06-2025,Depot M,SKU-1227,1,Invalid,Product A,Not Active
01-06-2025,Depot M,SKU-1080,39,Invalid,Product A,Not Active
01-06-2025,Depot M,SKU-1131,5,Invalid,Product A,Active
01-06-2025,Depot M,SKU-1034,10,Invalid,Product A,Active
01-06-2025,Depot M,SKU-1035,24,Invalid,Product A,Active
01-06-2025,Depot M,SKU-805,18,Invalid,Product A,Active
01-06-2025,Depot M,SKU-453,1,Invalid,Product A,Not Active
01-06-2025,Depot M,SKU-1228,3,Invalid,Product A,Not Active
01-06-2025,Depot M,SKU-1229,2,Invalid,Product A,Not Active
01-06-2025,Depot M,SKU-1230,2,Invalid,Product A,Active
01-06-2025,Depot M,SKU-327,9,Invalid,Product A,Active
01-06-2025,Depot M,SKU-1040,19,Invalid,Product A,Active
01-06-2025,Depot M,SKU-274,18,Invalid,Product A,Active
01-06-2025,Depot M,SKU-1133,3,Invalid,Product A,Not Active
01-06-2025,Depot M,SKU-1081,3,Invalid,Product A,Not Active
01-06-2025,Depot M,SKU-461,2,Invalid,Product A,Active
01-06-2025,Depot M,SKU-290,41,Invalid,Product A,Active
01-06-2025,Depot M,SKU-117,224,Invalid,Product A,Active
01-06-2025,Depot M,SKU-467,18,Invalid,Product A,Active
01-06-2025,Depot M,SKU-1175,101,Invalid,Product A,Active
01-06-2025,Depot M,SKU-468,6,Invalid,Product A,Active
01-06-2025,Depot M,SKU-275,8,Invalid,Product A,Active
01-06-2025,Depot M,SKU-469,274,Invalid,Product A,Active
01-06-2025,Depot M,SKU-328,984,Invalid,Product A,Active
01-06-2025,Depot M,SKU-119,122,Invalid,Product A,Active
01-06-2025,Depot M,SKU-836,19,Invalid,Product A,Active
01-06-2025,Depot M,SKU-837,20,Invalid,Product A,Active
01-06-2025,Depot M,SKU-329,57,Invalid,Product A,Active
01-06-2025,Depot M,SKU-121,98,Invalid,Product A,Active
01-06-2025,Depot M,SKU-839,177,Invalid,Product A,Active
01-06-2025,Depot M,SKU-840,98,Invalid,Product A,Active
01-06-2025,Depot M,SKU-291,27,Invalid,Product A,Active
01-06-2025,Depot M,SKU-124,47,Invalid,Product A,Active
01-06-2025,Depot M,SKU-292,10,Invalid,Product A,Active
01-06-2025,Depot M,SKU-125,6,Invalid,Product A,Active
01-06-2025,Depot M,SKU-841,278,Invalid,Product A,Active
01-06-2025,Depot M,SKU-293,9,Invalid,Product A,Active
01-06-2025,Depot M,SKU-234,20,Invalid,Product A,Active
01-06-2025,Depot M,SKU-842,10,Invalid,Product A,Active
01-06-2025,Depot M,SKU-843,69,Invalid,Product A,Active
01-06-2025,Depot M,SKU-127,641,Invalid,Product A,Active
01-06-2025,Depot M,SKU-259,45,Invalid,Product A,Active
01-06-2025,Depot M,SKU-128,47,Invalid,Product A,Active
01-06-2025,Depot M,SKU-129,16,Invalid,Product A,Active
01-06-2025,Depot M,SKU-130,61,Invalid,Product A,Active
01-06-2025,Depot M,SKU-1208,13,Invalid,Product A,Active
01-06-2025,Depot M,SKU-470,327,Invalid,Product A,Not Active
01-06-2025,Depot M,SKU-471,254,Invalid,Product A,Not Active
01-06-2025,Depot M,SKU-472,2421,Invalid,Product A,Not Active
01-06-2025,Depot M,SKU-473,7706,Invalid,Product A,Active
01-06-2025,Depot M,SKU-474,2453,Invalid,Product A,Not Active
01-06-2025,Depot M,SKU-475,19801,Invalid,Product A,Active
01-06-2025,Depot M,SKU-844,202,Invalid,Product A,Not Active
01-06-2025,Depot M,SKU-846,19,Invalid,Product A,Not Active
01-06-2025,Depot M,SKU-476,100,Invalid,Product A,Not Active
01-06-2025,Depot M,SKU-847,434,Invalid,Product A,Not Active
01-06-2025,Depot M,SKU-1155,5,Invalid,Product A,Not Active
01-06-2025,Depot M,SKU-849,327,Invalid,Product A,Active
01-06-2025,Depot M,SKU-852,4,Invalid,Product A,Active
01-06-2025,Depot M,SKU-853,12,Invalid,Product A,Active
01-06-2025,Depot M,SKU-855,10,Invalid,Product A,Active
01-06-2025,Depot M,SKU-294,19,Invalid,Product A,Active
01-06-2025,Depot M,SKU-857,20,Invalid,Product A,Active
01-06-2025,Depot M,SKU-134,76,Invalid,Product A,Active
01-06-2025,Depot M,SKU-1148,49,Invalid,Product A,Not Active
01-06-2025,Depot M,SKU-1083,36,Invalid,Product A,Active
01-06-2025,Depot M,SKU-296,22,Invalid,Product A,Active
01-06-2025,Depot M,SKU-137,143,Invalid,Product A,Active
01-06-2025,Depot M,SKU-301,97,Invalid,Product A,Active
01-06-2025,Depot M,SKU-302,53,Invalid,Product A,Active
01-06-2025,Depot M,SKU-863,50,Invalid,Product A,Active
01-06-2025,Depot M,SKU-477,19,Invalid,Product A,Active
01-06-2025,Depot M,SKU-305,217,Invalid,Product A,Active
01-06-2025,Depot M,SKU-138,120,Invalid,Product A,Active
01-06-2025,Depot M,SKU-478,214,Invalid,Product A,Active
01-06-2025,Depot M,SKU-868,34,Invalid,Product A,Active
01-06-2025,Depot M,SKU-306,61,Invalid,Product A,Active
01-06-2025,Depot M,SKU-479,99,Invalid,Product A,Active
01-06-2025,Depot M,SKU-870,13,Invalid,Product A,Active
01-06-2025,Depot M,SKU-871,58,Invalid,Product A,Active
01-06-2025,Depot M,SKU-480,18,Invalid,Product A,Active
01-06-2025,Depot M,SKU-873,29,Invalid,Product A,Active
01-06-2025,Depot M,SKU-277,107,Invalid,Product A,Active
01-06-2025,Depot M,SKU-874,72,Invalid,Product A,Active
01-06-2025,Depot M,SKU-278,164,Invalid,Product A,Active
01-06-2025,Depot M,SKU-875,14,Invalid,Product A,Active
01-06-2025,Depot M,SKU-279,73,Invalid,Product A,Active
01-06-2025,Depot M,SKU-876,63,Invalid,Product A,Active
01-06-2025,Depot M,SKU-482,20,Invalid,Product A,Active
01-06-2025,Depot M,SKU-227,45,Invalid,Product A,Active
01-06-2025,Depot M,SKU-878,20,Invalid,Product A,Active
01-06-2025,Depot M,SKU-879,78,Invalid,Product A,Active
01-06-2025,Depot M,SKU-880,7,Invalid,Product A,Active
01-06-2025,Depot M,SKU-280,34,Invalid,Product A,Active
01-06-2025,Depot M,SKU-881,168,Invalid,Product A,Active
01-06-2025,Depot M,SKU-310,6870,Invalid,Product A,Active
01-06-2025,Depot M,SKU-485,19,Invalid,Product A,Active
01-06-2025,Depot M,SKU-882,3,Invalid,Product A,Active
01-06-2025,Depot M,SKU-311,6,Invalid,Product A,Active
01-06-2025,Depot M,SKU-883,5,Invalid,Product A,Active
01-06-2025,Depot M,SKU-487,22,Invalid,Product A,Active
01-06-2025,Depot M,SKU-884,8,Invalid,Product A,Active
01-06-2025,Depot M,SKU-885,13,Invalid,Product A,Active
01-06-2025,Depot M,SKU-281,163,Invalid,Product A,Active
01-06-2025,Depot M,SKU-886,28,Invalid,Product A,Active
01-06-2025,Depot M,SKU-313,101,Invalid,Product A,Active
01-06-2025,Depot M,SKU-887,64,Invalid,Product A,Active
01-06-2025,Depot M,SKU-888,40,Invalid,Product A,Active
01-06-2025,Depot M,SKU-331,75,Invalid,Product A,Active
01-06-2025,Depot M,SKU-1087,9,Invalid,Product A,Active
01-06-2025,Depot M,SKU-332,10,Invalid,Product A,Active
01-06-2025,Depot M,SKU-156,29,Invalid,Product A,Active
01-06-2025,Depot M,SKU-891,101,Invalid,Product A,Active
01-06-2025,Depot M,SKU-333,14,Invalid,Product A,Active
01-06-2025,Depot M,SKU-892,101,Invalid,Product A,Active
01-06-2025,Depot M,SKU-334,22,Invalid,Product A,Active
01-06-2025,Depot M,SKU-1231,41,Invalid,Product A,Active
01-06-2025,Depot M,SKU-893,55,Invalid,Product A,Active
01-06-2025,Depot M,SKU-1232,10,Invalid,Product A,Active
01-06-2025,Depot M,SKU-894,13,Invalid,Product A,Active
01-06-2025,Depot M,SKU-1233,30,Invalid,Product A,Active
01-06-2025,Depot M,SKU-895,2,Invalid,Product A,Active
01-06-2025,Depot M,SKU-1093,28,Invalid,Product A,Active
01-06-2025,Depot M,SKU-1234,51,Invalid,Product A,Active
01-06-2025,Depot M,SKU-896,12,Invalid,Product A,Active
01-06-2025,Depot M,SKU-1235,51,Invalid,Product A,Active
01-06-2025,Depot N,SKU-489,77,Invalid,Product A,Not Active
01-06-2025,Depot N,SKU-490,298,Invalid,Product A,Not Active
01-06-2025,Depot N,SKU-491,81,Invalid,Product A,Not Active
01-06-2025,Depot N,SKU-335,9,Invalid,Product A,Not Active
01-06-2025,Depot N,SKU-336,10,Invalid,Product A,Not Active
01-06-2025,Depot N,SKU-492,213,Invalid,Product A,Not Active
01-06-2025,Depot N,SKU-200,843,Invalid,Product A,Active
01-06-2025,Depot N,SKU-337,466,Invalid,Product A,Not Active
01-06-2025,Depot N,SKU-338,8097,Invalid,Product A,Not Active
01-06-2025,Depot N,SKU-494,234,Invalid,Product A,Not Active
01-06-2025,Depot N,SKU-221,496,Invalid,Product A,Active
01-06-2025,Depot N,SKU-1045,41,Invalid,Product A,Active
01-06-2025,Depot N,SKU-496,228,Invalid,Product A,Active
01-06-2025,Depot N,SKU-497,191,Invalid,Product A,Active
01-06-2025,Depot N,SKU-499,26,Invalid,Product A,Active
01-06-2025,Depot N,SKU-501,5,Invalid,Product A,Active
01-06-2025,Depot N,SKU-339,412,Invalid,Product A,Not Active
01-06-2025,Depot N,SKU-502,102,Invalid,Product A,Active
01-06-2025,Depot N,SKU-503,350,Invalid,Product A,Active
01-06-2025,Depot N,SKU-222,125,Invalid,Product A,Active
01-06-2025,Depot N,SKU-508,146,Invalid,Product A,Not Active
01-06-2025,Depot N,SKU-1049,80,Invalid,Product A,Not Active
01-06-2025,Depot N,SKU-061,707,Invalid,Product A,Active
01-06-2025,Depot N,SKU-509,136,Invalid,Product A,Not Active
01-06-2025,Depot N,SKU-205,834,Invalid,Product A,Active
01-06-2025,Depot N,SKU-062,187,Invalid,Product A,Active
01-06-2025,Depot N,SKU-1173,32,Invalid,Product A,Not Active
01-06-2025,Depot N,SKU-1098,19,Invalid,Product A,Not Active
01-06-2025,Depot N,SKU-342,10,Invalid,Product A,Not Active
01-06-2025,Depot N,SKU-510,49,Invalid,Product A,Active
01-06-2025,Depot N,SKU-343,3037,Invalid,Product A,Not Active
01-06-2025,Depot N,SKU-511,152,Invalid,Product A,Not Active
01-06-2025,Depot N,SKU-344,14,Invalid,Product A,Not Active
01-06-2025,Depot N,SKU-512,406,Invalid,Product A,Not Active
01-06-2025,Depot N,SKU-345,2379,Invalid,Product A,Not Active
01-06-2025,Depot N,SKU-346,10701,Invalid,Product A,Not Active
01-06-2025,Depot N,SKU-206,59,Invalid,Product A,Active
01-06-2025,Depot N,SKU-207,114,Invalid,Product A,Active
01-06-2025,Depot N,SKU-347,51,Invalid,Product A,Active
01-06-2025,Depot N,SKU-902,1327,Invalid,Product A,Active
01-06-2025,Depot N,SKU-208,127,Invalid,Product A,Active
01-06-2025,Depot N,SKU-249,122,Invalid,Product A,Not Active
01-06-2025,Depot N,SKU-231,41,Invalid,Product A,Not Active
01-06-2025,Depot N,SKU-236,60,Invalid,Product A,Not Active
01-06-2025,Depot N,SKU-315,77,Invalid,Product A,Active
01-06-2025,Depot N,SKU-1050,199,Invalid,Product A,Not Active
01-06-2025,Depot N,SKU-516,9,Invalid,Product A,Active
01-06-2025,Depot N,SKU-159,226,Invalid,Product A,Active
01-06-2025,Depot N,SKU-011,22,Invalid,Product A,Active
01-06-2025,Depot N,SKU-012,21331,Invalid,Product A,Not Active
01-06-2025,Depot N,SKU-1099,11,Invalid,Product A,Active
01-06-2025,Depot N,SKU-904,13,Invalid,Product A,Active
01-06-2025,Depot N,SKU-351,3,Invalid,Product A,Active
01-06-2025,Depot N,SKU-352,66,Invalid,Product A,Active
01-06-2025,Depot N,SKU-353,13,Invalid,Product A,Active
01-06-2025,Depot N,SKU-354,8,Invalid,Product A,Active
01-06-2025,Depot N,SKU-355,2,Invalid,Product A,Active
01-06-2025,Depot N,SKU-356,3,Invalid,Product A,Active
01-06-2025,Depot N,SKU-1236,33,Invalid,Product A,Not Active
01-06-2025,Depot N,SKU-518,4,Invalid,Product A,Active
01-06-2025,Depot N,SKU-519,11,Invalid,Product A,Active
01-06-2025,Depot N,SKU-357,50,Invalid,Product A,Active
01-06-2025,Depot N,SKU-358,72,Invalid,Product A,Active
01-06-2025,Depot N,SKU-359,39,Invalid,Product A,Not Active
01-06-2025,Depot N,SKU-361,3,Invalid,Product A,Not Active
01-06-2025,Depot N,SKU-362,128,Invalid,Product A,Not Active
01-06-2025,Depot N,SKU-363,4,Invalid,Product A,Not Active
01-06-2025,Depot N,SKU-520,3,Invalid,Product A,Not Active
01-06-2025,Depot N,SKU-364,26,Invalid,Product A,Not Active
01-06-2025,Depot N,SKU-365,23,Invalid,Product A,Not Active
01-06-2025,Depot N,SKU-906,51,Invalid,Product A,Not Active
01-06-2025,Depot N,SKU-366,97,Invalid,Product A,Not Active
01-06-2025,Depot N,SKU-367,56,Invalid,Product A,Not Active
01-06-2025,Depot N,SKU-368,104,Invalid,Product A,Active
01-06-2025,Depot N,SKU-369,10,Invalid,Product A,Not Active
01-06-2025,Depot N,SKU-523,15,Invalid,Product A,Not Active
01-06-2025,Depot N,SKU-370,10,Invalid,Product A,Active
01-06-2025,Depot N,SKU-371,58,Invalid,Product A,Not Active
01-06-2025,Depot N,SKU-372,19,Invalid,Product A,Not Active
01-06-2025,Depot N,SKU-373,22,Invalid,Product A,Active
01-06-2025,Depot N,SKU-374,8,Invalid,Product A,Not Active
01-06-2025,Depot N,SKU-376,11,Invalid,Product A,Not Active
01-06-2025,Depot N,SKU-377,21,Invalid,Product A,Not Active
01-06-2025,Depot N,SKU-261,88,Invalid,Product A,Active
01-06-2025,Depot N,SKU-209,8,Invalid,Product A,Active
01-06-2025,Depot N,SKU-238,44,Invalid,Product A,Active
01-06-2025,Depot N,SKU-210,146,Invalid,Product A,Active
01-06-2025,Depot N,SKU-538,19,Invalid,Product A,Active
01-06-2025,Depot N,SKU-378,25,Invalid,Product A,Active
01-06-2025,Depot N,SKU-908,21,Invalid,Product A,Active
01-06-2025,Depot N,SKU-255,9127,Invalid,Product A,Active
01-06-2025,Depot N,SKU-909,20,Invalid,Product A,Active
01-06-2025,Depot N,SKU-1164,9,Invalid,Product A,Active
01-06-2025,Depot N,SKU-539,43,Invalid,Product A,Active
01-06-2025,Depot N,SKU-540,275,Invalid,Product A,Active
01-06-2025,Depot N,SKU-023,46,Invalid,Product A,Active
01-06-2025,Depot N,SKU-379,973,Invalid,Product A,Not Active
01-06-2025,Depot N,SKU-380,17680,Invalid,Product A,Not Active
01-06-2025,Depot N,SKU-542,726,Invalid,Product A,Not Active
01-06-2025,Depot N,SKU-544,317,Invalid,Product A,Active
01-06-2025,Depot N,SKU-545,11891,Invalid,Product A,Not Active
01-06-2025,Depot N,SKU-381,31,Invalid,Product A,Not Active
01-06-2025,Depot N,SKU-546,36,Invalid,Product A,Active
01-06-2025,Depot N,SKU-382,18,Invalid,Product A,Active
01-06-2025,Depot N,SKU-548,42,Invalid,Product A,Active
01-06-2025,Depot N,SKU-383,133,Invalid,Product A,Active
01-06-2025,Depot N,SKU-071,10,Invalid,Product A,Active
01-06-2025,Depot N,SKU-224,96,Invalid,Product A,Active
01-06-2025,Depot N,SKU-1052,13,Invalid,Product A,Not Active
01-06-2025,Depot N,SKU-911,8,Invalid,Product A,Active
01-06-2025,Depot N,SKU-074,20,Invalid,Product A,Active
01-06-2025,Depot N,SKU-075,4,Invalid,Product A,Active
01-06-2025,Depot N,SKU-076,16,Invalid,Product A,Active
01-06-2025,Depot N,SKU-077,85,Invalid,Product A,Active
01-06-2025,Depot N,SKU-553,278,Invalid,Product A,Not Active
01-06-2025,Depot N,SKU-913,10,Invalid,Product A,Active
01-06-2025,Depot N,SKU-211,47,Invalid,Product A,Not Active
01-06-2025,Depot N,SKU-164,52,Invalid,Product A,Active
01-06-2025,Depot N,SKU-284,59,Invalid,Product A,Not Active
01-06-2025,Depot N,SKU-560,220,Invalid,Product A,Not Active
01-06-2025,Depot N,SKU-213,60,Invalid,Product A,Not Active
01-06-2025,Depot N,SKU-214,202,Invalid,Product A,Not Active
01-06-2025,Depot N,SKU-914,63,Invalid,Product A,Not Active
01-06-2025,Depot N,SKU-216,39,Invalid,Product A,Not Active
01-06-2025,Depot N,SKU-915,122,Invalid,Product A,Active
01-06-2025,Depot N,SKU-572,18,Invalid,Product A,Not Active
01-06-2025,Depot N,SKU-1192,9,Invalid,Product A,Active
01-06-2025,Depot N,SKU-386,20,Invalid,Product A,Active
01-06-2025,Depot N,SKU-1196,11,Invalid,Product A,Active
01-06-2025,Depot N,SKU-388,365,Invalid,Product A,Active
01-06-2025,Depot N,SKU-1198,18,Invalid,Product A,Active
01-06-2025,Depot N,SKU-917,7,Invalid,Product A,Active
01-06-2025,Depot N,SKU-1199,20,Invalid,Product A,Active
01-06-2025,Depot N,SKU-1202,10,Invalid,Product A,Active
01-06-2025,Depot N,SKU-1205,1,Invalid,Product A,Active
01-06-2025,Depot N,SKU-172,37,Invalid,Product A,Not Active
01-06-2025,Depot N,SKU-173,38,Invalid,Product A,Not Active
01-06-2025,Depot N,SKU-174,37,Invalid,Product A,Not Active
01-06-2025,Depot N,SKU-176,20,Invalid,Product A,Not Active
01-06-2025,Depot N,SKU-177,23,Invalid,Product A,Not Active
01-06-2025,Depot N,SKU-923,20,Invalid,Product A,Not Active
01-06-2025,Depot N,SKU-092,1153,Invalid,Product A,Active
01-06-2025,Depot N,SKU-578,123,Invalid,Product A,Active
01-06-2025,Depot N,SKU-579,204,Invalid,Product A,Active
01-06-2025,Depot N,SKU-580,25,Invalid,Product A,Active
01-06-2025,Depot N,SKU-583,30,Invalid,Product A,Active
01-06-2025,Depot N,SKU-585,19,Invalid,Product A,Active
01-06-2025,Depot N,SKU-586,476,Invalid,Product A,Not Active
01-06-2025,Depot N,SKU-587,102,Invalid,Product A,Active
01-06-2025,Depot N,SKU-1104,53,Invalid,Product A,Not Active
01-06-2025,Depot N,SKU-093,43,Invalid,Product A,Active
01-06-2025,Depot N,SKU-588,5,Invalid,Product A,Active
01-06-2025,Depot N,SKU-589,16,Invalid,Product A,Active
01-06-2025,Depot N,SKU-590,76,Invalid,Product A,Active
01-06-2025,Depot N,SKU-593,35,Invalid,Product A,Active
01-06-2025,Depot N,SKU-594,104,Invalid,Product A,Active
01-06-2025,Depot N,SKU-926,12,Invalid,Product A,Active
01-06-2025,Depot N,SKU-596,11,Invalid,Product A,Active
01-06-2025,Depot N,SKU-597,13,Invalid,Product A,Active
01-06-2025,Depot N,SKU-598,4,Invalid,Product A,Active
01-06-2025,Depot N,SKU-599,14,Invalid,Product A,Active
01-06-2025,Depot N,SKU-600,17,Invalid,Product A,Active
01-06-2025,Depot N,SKU-605,11,Invalid,Product A,Active
01-06-2025,Depot N,SKU-608,10,Invalid,Product A,Active
01-06-2025,Depot N,SKU-285,344,Invalid,Product A,Active
01-06-2025,Depot N,SKU-609,361,Invalid,Product A,Active
01-06-2025,Depot N,SKU-928,18,Invalid,Product A,Active
01-06-2025,Depot N,SKU-611,1,Invalid,Product A,Active
01-06-2025,Depot N,SKU-613,14,Invalid,Product A,Active
01-06-2025,Depot N,SKU-930,241,Invalid,Product A,Not Active
01-06-2025,Depot N,SKU-931,428,Invalid,Product A,Active
01-06-2025,Depot N,SKU-287,40,Invalid,Product A,Active
01-06-2025,Depot N,SKU-614,51,Invalid,Product A,Not Active
01-06-2025,Depot N,SKU-615,3,Invalid,Product A,Active
01-06-2025,Depot N,SKU-616,18,Invalid,Product A,Active
01-06-2025,Depot N,SKU-288,498,Invalid,Product A,Active
01-06-2025,Depot N,SKU-620,1,Invalid,Product A,Active
01-06-2025,Depot N,SKU-932,8,Invalid,Product A,Active
01-06-2025,Depot N,SKU-622,19,Invalid,Product A,Active
01-06-2025,Depot N,SKU-623,39,Invalid,Product A,Active
01-06-2025,Depot N,SKU-624,1,Invalid,Product A,Active
01-06-2025,Depot N,SKU-630,5,Invalid,Product A,Active
01-06-2025,Depot N,SKU-631,2,Invalid,Product A,Active
01-06-2025,Depot N,SKU-632,10,Invalid,Product A,Active
01-06-2025,Depot N,SKU-936,1,Invalid,Product A,Active
01-06-2025,Depot N,SKU-633,1,Invalid,Product A,Active
01-06-2025,Depot N,SKU-937,47,Invalid,Product A,Active
01-06-2025,Depot N,SKU-636,13,Invalid,Product A,Active
01-06-2025,Depot N,SKU-637,10,Invalid,Product A,Active
01-06-2025,Depot N,SKU-638,5,Invalid,Product A,Active
01-06-2025,Depot N,SKU-938,30,Invalid,Product A,Active
01-06-2025,Depot N,SKU-639,26,Invalid,Product A,Active
01-06-2025,Depot N,SKU-939,29,Invalid,Product A,Active
01-06-2025,Depot N,SKU-641,112,Invalid,Product A,Active
01-06-2025,Depot N,SKU-642,24,Invalid,Product A,Active
01-06-2025,Depot N,SKU-643,3,Invalid,Product A,Active
01-06-2025,Depot N,SKU-644,14,Invalid,Product A,Active
01-06-2025,Depot N,SKU-940,3,Invalid,Product A,Active
01-06-2025,Depot N,SKU-645,24,Invalid,Product A,Active
01-06-2025,Depot N,SKU-646,37,Invalid,Product A,Active
01-06-2025,Depot N,SKU-941,45,Invalid,Product A,Active
01-06-2025,Depot N,SKU-647,103,Invalid,Product A,Active
01-06-2025,Depot N,SKU-648,7,Invalid,Product A,Active
01-06-2025,Depot N,SKU-649,5,Invalid,Product A,Active
01-06-2025,Depot N,SKU-650,14,Invalid,Product A,Active
01-06-2025,Depot N,SKU-942,1,Invalid,Product A,Active
01-06-2025,Depot N,SKU-094,8,Invalid,Product A,Active
01-06-2025,Depot N,SKU-943,30,Invalid,Product A,Active
01-06-2025,Depot N,SKU-652,121,Invalid,Product A,Active
01-06-2025,Depot N,SKU-289,73,Invalid,Product A,Active
01-06-2025,Depot N,SKU-653,0,Invalid,Product A,Active
01-06-2025,Depot N,SKU-654,16,Invalid,Product A,Active
01-06-2025,Depot N,SKU-944,15,Invalid,Product A,Active
01-06-2025,Depot N,SKU-095,61,Invalid,Product A,Active
01-06-2025,Depot N,SKU-655,44,Invalid,Product A,Active
01-06-2025,Depot N,SKU-945,43,Invalid,Product A,Active
01-06-2025,Depot N,SKU-656,3,Invalid,Product A,Active
01-06-2025,Depot N,SKU-657,1,Invalid,Product A,Active
01-06-2025,Depot N,SKU-658,2,Invalid,Product A,Active
01-06-2025,Depot N,SKU-946,5,Invalid,Product A,Active
01-06-2025,Depot N,SKU-947,20,Invalid,Product A,Active
01-06-2025,Depot N,SKU-659,10,Invalid,Product A,Active
01-06-2025,Depot N,SKU-661,1,Invalid,Product A,Active
01-06-2025,Depot N,SKU-662,2,Invalid,Product A,Active
01-06-2025,Depot N,SKU-663,9,Invalid,Product A,Active
01-06-2025,Depot N,SKU-949,5,Invalid,Product A,Active
01-06-2025,Depot N,SKU-950,26,Invalid,Product A,Active
01-06-2025,Depot N,SKU-664,16,Invalid,Product A,Active
01-06-2025,Depot N,SKU-665,32,Invalid,Product A,Active
01-06-2025,Depot N,SKU-951,34,Invalid,Product A,Active
01-06-2025,Depot N,SKU-666,19,Invalid,Product A,Active
01-06-2025,Depot N,SKU-667,1,Invalid,Product A,Active
01-06-2025,Depot N,SKU-668,2,Invalid,Product A,Active
01-06-2025,Depot N,SKU-952,10,Invalid,Product A,Active
01-06-2025,Depot N,SKU-953,1,Invalid,Product A,Active
01-06-2025,Depot N,SKU-669,11,Invalid,Product A,Active
01-06-2025,Depot N,SKU-954,4,Invalid,Product A,Active
01-06-2025,Depot N,SKU-672,18,Invalid,Product A,Active
01-06-2025,Depot N,SKU-955,6,Invalid,Product A,Active
01-06-2025,Depot N,SKU-673,14,Invalid,Product A,Active
01-06-2025,Depot N,SKU-956,8,Invalid,Product A,Active
01-06-2025,Depot N,SKU-096,156,Invalid,Product A,Active
01-06-2025,Depot N,SKU-958,65,Invalid,Product A,Active
01-06-2025,Depot N,SKU-674,71,Invalid,Product A,Active
01-06-2025,Depot N,SKU-675,852,Invalid,Product A,Active
01-06-2025,Depot N,SKU-676,64,Invalid,Product A,Active
01-06-2025,Depot N,SKU-678,59,Invalid,Product A,Active
01-06-2025,Depot N,SKU-098,292,Invalid,Product A,Active
01-06-2025,Depot N,SKU-680,42,Invalid,Product A,Active
01-06-2025,Depot N,SKU-683,35,Invalid,Product A,Active
01-06-2025,Depot N,SKU-684,98,Invalid,Product A,Active
01-06-2025,Depot N,SKU-100,8075,Invalid,Product A,Active
01-06-2025,Depot N,SKU-685,20,Invalid,Product A,Active
01-06-2025,Depot N,SKU-686,237,Invalid,Product A,Active
01-06-2025,Depot N,SKU-687,46,Invalid,Product A,Active
01-06-2025,Depot N,SKU-101,2923,Invalid,Product A,Active
01-06-2025,Depot N,SKU-394,42,Invalid,Product A,Active
01-06-2025,Depot N,SKU-688,348,Invalid,Product A,Active
01-06-2025,Depot N,SKU-181,455,Invalid,Product A,Active
01-06-2025,Depot N,SKU-689,40,Invalid,Product A,Active
01-06-2025,Depot N,SKU-102,235,Invalid,Product A,Active
01-06-2025,Depot N,SKU-182,328,Invalid,Product A,Active
01-06-2025,Depot N,SKU-318,1410,Invalid,Product A,Active
01-06-2025,Depot N,SKU-103,2642,Invalid,Product A,Active
01-06-2025,Depot N,SKU-104,95,Invalid,Product A,Active
01-06-2025,Depot N,SKU-693,135,Invalid,Product A,Active
01-06-2025,Depot N,SKU-694,65,Invalid,Product A,Active
01-06-2025,Depot N,SKU-695,20,Invalid,Product A,Active
01-06-2025,Depot N,SKU-971,12,Invalid,Product A,Active
01-06-2025,Depot N,SKU-696,32,Invalid,Product A,Active
01-06-2025,Depot N,SKU-697,21,Invalid,Product A,Active
01-06-2025,Depot N,SKU-698,41,Invalid,Product A,Active
01-06-2025,Depot N,SKU-699,10,Invalid,Product A,Active
01-06-2025,Depot N,SKU-1237,10,Invalid,Product A,Active
01-06-2025,Depot N,SKU-701,41,Invalid,Product A,Not Active
01-06-2025,Depot N,SKU-975,33,Invalid,Product A,Active
01-06-2025,Depot N,SKU-704,51,Invalid,Product A,Active
01-06-2025,Depot N,SKU-707,46,Invalid,Product A,Active
01-06-2025,Depot N,SKU-709,22,Invalid,Product A,Active
01-06-2025,Depot N,SKU-105,19,Invalid,Product A,Active
01-06-2025,Depot N,SKU-710,43,Invalid,Product A,Not Active
01-06-2025,Depot N,SKU-711,95,Invalid,Product A,Not Active
01-06-2025,Depot N,SKU-396,452,Invalid,Product A,Not Active
01-06-2025,Depot N,SKU-397,294,Invalid,Product A,Active
01-06-2025,Depot N,SKU-398,2652,Invalid,Product A,Not Active
01-06-2025,Depot N,SKU-712,1422,Invalid,Product A,Active
01-06-2025,Depot N,SKU-713,2638,Invalid,Product A,Not Active
01-06-2025,Depot N,SKU-399,199,Invalid,Product A,Active
01-06-2025,Depot N,SKU-183,112,Invalid,Product A,Active
01-06-2025,Depot N,SKU-715,191,Invalid,Product A,Not Active
01-06-2025,Depot N,SKU-319,758,Invalid,Product A,Active
01-06-2025,Depot N,SKU-716,146,Invalid,Product A,Not Active
01-06-2025,Depot N,SKU-106,2372,Invalid,Product A,Active
01-06-2025,Depot N,SKU-717,455,Invalid,Product A,Not Active
01-06-2025,Depot N,SKU-718,153,Invalid,Product A,Not Active
01-06-2025,Depot N,SKU-719,777,Invalid,Product A,Not Active
01-06-2025,Depot N,SKU-184,79,Invalid,Product A,Active
01-06-2025,Depot N,SKU-320,198,Invalid,Product A,Active
01-06-2025,Depot N,SKU-720,17,Invalid,Product A,Active
01-06-2025,Depot N,SKU-982,30,Invalid,Product A,Active
01-06-2025,Depot N,SKU-721,27,Invalid,Product A,Active
01-06-2025,Depot N,SKU-723,33,Invalid,Product A,Active
01-06-2025,Depot N,SKU-726,3,Invalid,Product A,Active
01-06-2025,Depot N,SKU-1152,10,Invalid,Product A,Active
01-06-2025,Depot N,SKU-731,20,Invalid,Product A,Active
01-06-2025,Depot N,SKU-991,20,Invalid,Product A,Active
01-06-2025,Depot N,SKU-996,10,Invalid,Product A,Active
01-06-2025,Depot N,SKU-321,10,Invalid,Product A,Active
01-06-2025,Depot N,SKU-735,30,Invalid,Product A,Active
01-06-2025,Depot N,SKU-1110,20,Invalid,Product A,Active
01-06-2025,Depot N,SKU-737,21,Invalid,Product A,Active
01-06-2025,Depot N,SKU-738,64,Invalid,Product A,Active
01-06-2025,Depot N,SKU-108,17395,Invalid,Product A,Active
01-06-2025,Depot N,SKU-403,2,Invalid,Product A,Active
01-06-2025,Depot N,SKU-998,15,Invalid,Product A,Not Active
01-06-2025,Depot N,SKU-404,121,Invalid,Product A,Active
01-06-2025,Depot N,SKU-740,169,Invalid,Product A,Active
01-06-2025,Depot N,SKU-405,46,Invalid,Product A,Active
01-06-2025,Depot N,SKU-406,18,Invalid,Product A,Not Active
01-06-2025,Depot N,SKU-743,42,Invalid,Product A,Active
01-06-2025,Depot N,SKU-744,124,Invalid,Product A,Active
01-06-2025,Depot N,SKU-745,19,Invalid,Product A,Active
01-06-2025,Depot N,SKU-110,1754,Invalid,Product A,Active
01-06-2025,Depot N,SKU-407,8,Invalid,Product A,Active
01-06-2025,Depot N,SKU-408,15,Invalid,Product A,Not Active
01-06-2025,Depot N,SKU-749,31,Invalid,Product A,Active
01-06-2025,Depot N,SKU-750,19,Invalid,Product A,Active
01-06-2025,Depot N,SKU-111,818,Invalid,Product A,Active
01-06-2025,Depot N,SKU-751,18,Invalid,Product A,Active
01-06-2025,Depot N,SKU-753,28,Invalid,Product A,Active
01-06-2025,Depot N,SKU-410,100,Invalid,Product A,Active
01-06-2025,Depot N,SKU-411,28,Invalid,Product A,Active
01-06-2025,Depot N,SKU-756,2,Invalid,Product A,Active
01-06-2025,Depot N,SKU-1001,1,Invalid,Product A,Active
01-06-2025,Depot N,SKU-1003,20,Invalid,Product A,Active
01-06-2025,Depot N,SKU-322,13,Invalid,Product A,Active
01-06-2025,Depot N,SKU-412,14,Invalid,Product A,Active
01-06-2025,Depot N,SKU-759,10,Invalid,Product A,Active
01-06-2025,Depot N,SKU-760,20,Invalid,Product A,Active
01-06-2025,Depot N,SKU-1007,29,Invalid,Product A,Active
01-06-2025,Depot N,SKU-761,26,Invalid,Product A,Active
01-06-2025,Depot N,SKU-762,39,Invalid,Product A,Active
01-06-2025,Depot N,SKU-192,265,Invalid,Product A,Active
01-06-2025,Depot N,SKU-413,15,Invalid,Product A,Active
01-06-2025,Depot N,SKU-763,7,Invalid,Product A,Active
01-06-2025,Depot N,SKU-764,9,Invalid,Product A,Active
01-06-2025,Depot N,SKU-193,6,Invalid,Product A,Active
01-06-2025,Depot N,SKU-414,38,Invalid,Product A,Active
01-06-2025,Depot N,SKU-415,5,Invalid,Product A,Active
01-06-2025,Depot N,SKU-769,4,Invalid,Product A,Active
01-06-2025,Depot N,SKU-416,4,Invalid,Product A,Active
01-06-2025,Depot N,SKU-771,13,Invalid,Product A,Active
01-06-2025,Depot N,SKU-772,5,Invalid,Product A,Active
01-06-2025,Depot N,SKU-773,4,Invalid,Product A,Active
01-06-2025,Depot N,SKU-774,8,Invalid,Product A,Active
01-06-2025,Depot N,SKU-778,236,Invalid,Product A,Active
01-06-2025,Depot N,SKU-418,75,Invalid,Product A,Active
01-06-2025,Depot N,SKU-1111,12,Invalid,Product A,Active
01-06-2025,Depot N,SKU-420,1,Invalid,Product A,Not Active
01-06-2025,Depot N,SKU-781,16,Invalid,Product A,Active
01-06-2025,Depot N,SKU-421,8,Invalid,Product A,Active
01-06-2025,Depot N,SKU-1014,1,Invalid,Product A,Active
01-06-2025,Depot N,SKU-423,7,Invalid,Product A,Active
01-06-2025,Depot N,SKU-1015,22,Invalid,Product A,Active
01-06-2025,Depot N,SKU-323,129,Invalid,Product A,Active
01-06-2025,Depot N,SKU-782,19,Invalid,Product A,Active
01-06-2025,Depot N,SKU-783,11,Invalid,Product A,Not Active
01-06-2025,Depot N,SKU-784,7,Invalid,Product A,Not Active
01-06-2025,Depot N,SKU-785,5,Invalid,Product A,Not Active
01-06-2025,Depot N,SKU-427,4,Invalid,Product A,Not Active
01-06-2025,Depot N,SKU-786,5,Invalid,Product A,Active
01-06-2025,Depot N,SKU-428,6,Invalid,Product A,Active
01-06-2025,Depot N,SKU-1016,2,Invalid,Product A,Not Active
01-06-2025,Depot N,SKU-430,7,Invalid,Product A,Active
01-06-2025,Depot N,SKU-787,159,Invalid,Product A,Active
01-06-2025,Depot N,SKU-788,18,Invalid,Product A,Active
01-06-2025,Depot N,SKU-1118,2,Invalid,Product A,Not Active
01-06-2025,Depot N,SKU-789,2,Invalid,Product A,Not Active
01-06-2025,Depot N,SKU-433,1,Invalid,Product A,Not Active
01-06-2025,Depot N,SKU-790,6,Invalid,Product A,Active
01-06-2025,Depot N,SKU-434,6,Invalid,Product A,Active
01-06-2025,Depot N,SKU-791,7,Invalid,Product A,Active
01-06-2025,Depot N,SKU-437,2,Invalid,Product A,Not Active
01-06-2025,Depot N,SKU-793,1,Invalid,Product A,Not Active
01-06-2025,Depot N,SKU-438,1,Invalid,Product A,Active
01-06-2025,Depot N,SKU-439,1,Invalid,Product A,Not Active
01-06-2025,Depot N,SKU-795,8,Invalid,Product A,Active
01-06-2025,Depot N,SKU-440,3,Invalid,Product A,Active
01-06-2025,Depot N,SKU-441,5,Invalid,Product A,Not Active
01-06-2025,Depot N,SKU-1021,2,Invalid,Product A,Not Active
01-06-2025,Depot N,SKU-1121,1,Invalid,Product A,Not Active
01-06-2025,Depot N,SKU-1146,2,Invalid,Product A,Active
01-06-2025,Depot N,SKU-442,3,Invalid,Product A,Active
01-06-2025,Depot N,SKU-325,34,Invalid,Product A,Active
01-06-2025,Depot N,SKU-796,1,Invalid,Product A,Not Active
01-06-2025,Depot N,SKU-443,18,Invalid,Product A,Not Active
01-06-2025,Depot N,SKU-797,2,Invalid,Product A,Not Active
01-06-2025,Depot N,SKU-1079,1,Invalid,Product A,Not Active
01-06-2025,Depot N,SKU-798,192,Invalid,Product A,Not Active
01-06-2025,Depot N,SKU-1124,5,Invalid,Product A,Not Active
01-06-2025,Depot N,SKU-1238,2,Invalid,Product A,Not Active
01-06-2025,Depot N,SKU-444,80,Invalid,Product A,Active
01-06-2025,Depot N,SKU-445,24,Invalid,Product A,Active
01-06-2025,Depot N,SKU-1239,0,Invalid,Product A,Not Active
01-06-2025,Depot N,SKU-446,1,Invalid,Product A,Active
01-06-2025,Depot N,SKU-799,8,Invalid,Product A,Active
01-06-2025,Depot N,SKU-448,12,Invalid,Product A,Active
01-06-2025,Depot N,SKU-1029,1,Invalid,Product A,Not Active
01-06-2025,Depot N,SKU-1128,1,Invalid,Product A,Active
01-06-2025,Depot N,SKU-450,4,Invalid,Product A,Active
01-06-2025,Depot N,SKU-326,6,Invalid,Product A,Active
01-06-2025,Depot N,SKU-1031,9,Invalid,Product A,Active
01-06-2025,Depot N,SKU-800,1,Invalid,Product A,Not Active
01-06-2025,Depot N,SKU-801,1,Invalid,Product A,Not Active
01-06-2025,Depot N,SKU-1080,0,Invalid,Product A,Not Active
01-06-2025,Depot N,SKU-802,155,Invalid,Product A,Not Active
01-06-2025,Depot N,SKU-803,4,Invalid,Product A,Active
01-06-2025,Depot N,SKU-452,1,Invalid,Product A,Active
01-06-2025,Depot N,SKU-1130,1,Invalid,Product A,Not Active
01-06-2025,Depot N,SKU-1032,2,Invalid,Product A,Not Active
01-06-2025,Depot N,SKU-1131,1,Invalid,Product A,Active
01-06-2025,Depot N,SKU-804,2,Invalid,Product A,Active
01-06-2025,Depot N,SKU-805,7,Invalid,Product A,Active
01-06-2025,Depot N,SKU-806,1,Invalid,Product A,Not Active
01-06-2025,Depot N,SKU-1228,2,Invalid,Product A,Not Active
01-06-2025,Depot N,SKU-807,1,Invalid,Product A,Not Active
01-06-2025,Depot N,SKU-1036,1,Invalid,Product A,Active
01-06-2025,Depot N,SKU-1037,3,Invalid,Product A,Not Active
01-06-2025,Depot N,SKU-808,4,Invalid,Product A,Active
01-06-2025,Depot N,SKU-454,18,Invalid,Product A,Active
01-06-2025,Depot N,SKU-1038,1,Invalid,Product A,Not Active
01-06-2025,Depot N,SKU-1230,2,Invalid,Product A,Active
01-06-2025,Depot N,SKU-809,26,Invalid,Product A,Active
01-06-2025,Depot N,SKU-327,60,Invalid,Product A,Active
01-06-2025,Depot N,SKU-1041,3,Invalid,Product A,Not Active
01-06-2025,Depot N,SKU-810,1,Invalid,Product A,Not Active
01-06-2025,Depot N,SKU-1081,1,Invalid,Product A,Not Active
01-06-2025,Depot N,SKU-811,153,Invalid,Product A,Not Active
01-06-2025,Depot N,SKU-812,34,Invalid,Product A,Active
01-06-2025,Depot N,SKU-813,20,Invalid,Product A,Active
01-06-2025,Depot N,SKU-456,1,Invalid,Product A,Active
01-06-2025,Depot N,SKU-815,2,Invalid,Product A,Active
01-06-2025,Depot N,SKU-457,14,Invalid,Product A,Active
01-06-2025,Depot N,SKU-458,18,Invalid,Product A,Active
01-06-2025,Depot N,SKU-459,4,Invalid,Product A,Active
01-06-2025,Depot N,SKU-819,6,Invalid,Product A,Active
01-06-2025,Depot N,SKU-820,27,Invalid,Product A,Active
01-06-2025,Depot N,SKU-460,20,Invalid,Product A,Active
01-06-2025,Depot N,SKU-821,4,Invalid,Product A,Active
01-06-2025,Depot N,SKU-461,7,Invalid,Product A,Active
01-06-2025,Depot N,SKU-1134,3,Invalid,Product A,Active
01-06-2025,Depot N,SKU-462,2,Invalid,Product A,Active
01-06-2025,Depot N,SKU-463,35,Invalid,Product A,Active
01-06-2025,Depot N,SKU-464,9,Invalid,Product A,Active
01-06-2025,Depot N,SKU-465,10,Invalid,Product A,Active
01-06-2025,Depot N,SKU-1043,1,Invalid,Product A,Active
01-06-2025,Depot N,SKU-825,3,Invalid,Product A,Active
01-06-2025,Depot N,SKU-826,72,Invalid,Product A,Active
01-06-2025,Depot N,SKU-827,20,Invalid,Product A,Active
01-06-2025,Depot N,SKU-466,8,Invalid,Product A,Active
01-06-2025,Depot N,SKU-833,2,Invalid,Product A,Active
01-06-2025,Depot N,SKU-1240,2,Invalid,Product A,Active
01-06-2025,Depot N,SKU-290,59,Invalid,Product A,Active
01-06-2025,Depot N,SKU-468,227,Invalid,Product A,Active
01-06-2025,Depot N,SKU-469,132,Invalid,Product A,Active
01-06-2025,Depot N,SKU-328,14,Invalid,Product A,Active
01-06-2025,Depot N,SKU-834,13,Invalid,Product A,Active
01-06-2025,Depot N,SKU-835,161,Invalid,Product A,Active
01-06-2025,Depot N,SKU-836,41,Invalid,Product A,Active
01-06-2025,Depot N,SKU-837,43,Invalid,Product A,Active
01-06-2025,Depot N,SKU-329,187,Invalid,Product A,Active
01-06-2025,Depot N,SKU-838,20,Invalid,Product A,Active
01-06-2025,Depot N,SKU-839,17,Invalid,Product A,Active
01-06-2025,Depot N,SKU-840,28,Invalid,Product A,Active
01-06-2025,Depot N,SKU-291,223,Invalid,Product A,Active
01-06-2025,Depot N,SKU-1153,101,Invalid,Product A,Active
01-06-2025,Depot N,SKU-292,60,Invalid,Product A,Active
01-06-2025,Depot N,SKU-841,16,Invalid,Product A,Active
01-06-2025,Depot N,SKU-263,186,Invalid,Product A,Active
01-06-2025,Depot N,SKU-293,38,Invalid,Product A,Active
01-06-2025,Depot N,SKU-842,10,Invalid,Product A,Active
01-06-2025,Depot N,SKU-843,131,Invalid,Product A,Active
01-06-2025,Depot N,SKU-1207,10,Invalid,Product A,Active
01-06-2025,Depot N,SKU-264,23,Invalid,Product A,Active
01-06-2025,Depot N,SKU-470,44,Invalid,Product A,Not Active
01-06-2025,Depot N,SKU-471,2256,Invalid,Product A,Not Active
01-06-2025,Depot N,SKU-472,3287,Invalid,Product A,Not Active
01-06-2025,Depot N,SKU-473,5511,Invalid,Product A,Active
01-06-2025,Depot N,SKU-474,6494,Invalid,Product A,Not Active
01-06-2025,Depot N,SKU-475,12910,Invalid,Product A,Active
01-06-2025,Depot N,SKU-844,14034,Invalid,Product A,Not Active
01-06-2025,Depot N,SKU-845,51,Invalid,Product A,Not Active
01-06-2025,Depot N,SKU-476,562,Invalid,Product A,Not Active
01-06-2025,Depot N,SKU-847,119,Invalid,Product A,Not Active
01-06-2025,Depot N,SKU-849,10,Invalid,Product A,Active
01-06-2025,Depot N,SKU-851,19,Invalid,Product A,Active
01-06-2025,Depot N,SKU-852,230,Invalid,Product A,Active
01-06-2025,Depot N,SKU-853,49,Invalid,Product A,Active
01-06-2025,Depot N,SKU-854,6,Invalid,Product A,Active
01-06-2025,Depot N,SKU-294,86,Invalid,Product A,Active
01-06-2025,Depot N,SKU-857,10,Invalid,Product A,Active
01-06-2025,Depot N,SKU-330,24,Invalid,Product A,Active
01-06-2025,Depot N,SKU-265,9,Invalid,Product A,Active
01-06-2025,Depot N,SKU-266,13,Invalid,Product A,Active
01-06-2025,Depot N,SKU-267,65,Invalid,Product A,Active
01-06-2025,Depot N,SKU-269,90,Invalid,Product A,Active
01-06-2025,Depot N,SKU-226,52,Invalid,Product A,Active
01-06-2025,Depot N,SKU-858,10,Invalid,Product A,Active
01-06-2025,Depot N,SKU-295,11,Invalid,Product A,Active
01-06-2025,Depot N,SKU-296,74,Invalid,Product A,Active
01-06-2025,Depot N,SKU-137,42,Invalid,Product A,Active
01-06-2025,Depot N,SKU-297,123,Invalid,Product A,Active
01-06-2025,Depot N,SKU-298,155,Invalid,Product A,Active
01-06-2025,Depot N,SKU-299,11,Invalid,Product A,Active
01-06-2025,Depot N,SKU-300,124,Invalid,Product A,Active
01-06-2025,Depot N,SKU-301,47,Invalid,Product A,Active
01-06-2025,Depot N,SKU-862,87,Invalid,Product A,Active
01-06-2025,Depot N,SKU-302,13,Invalid,Product A,Active
01-06-2025,Depot N,SKU-303,18,Invalid,Product A,Active
01-06-2025,Depot N,SKU-477,14,Invalid,Product A,Active
01-06-2025,Depot N,SKU-865,24,Invalid,Product A,Active
01-06-2025,Depot N,SKU-304,38,Invalid,Product A,Active
01-06-2025,Depot N,SKU-305,67,Invalid,Product A,Active
01-06-2025,Depot N,SKU-866,17,Invalid,Product A,Active
01-06-2025,Depot N,SKU-867,22,Invalid,Product A,Active
01-06-2025,Depot N,SKU-478,78,Invalid,Product A,Active
01-06-2025,Depot N,SKU-868,84,Invalid,Product A,Active
01-06-2025,Depot N,SKU-306,331,Invalid,Product A,Active
01-06-2025,Depot N,SKU-869,9,Invalid,Product A,Active
01-06-2025,Depot N,SKU-307,80,Invalid,Product A,Active
01-06-2025,Depot N,SKU-479,50,Invalid,Product A,Active
01-06-2025,Depot N,SKU-870,89,Invalid,Product A,Active
01-06-2025,Depot N,SKU-871,32,Invalid,Product A,Active
01-06-2025,Depot N,SKU-308,39,Invalid,Product A,Active
01-06-2025,Depot N,SKU-872,61,Invalid,Product A,Active
01-06-2025,Depot N,SKU-1139,498,Invalid,Product A,Active
01-06-2025,Depot N,SKU-480,16,Invalid,Product A,Active
01-06-2025,Depot N,SKU-873,31,Invalid,Product A,Active
01-06-2025,Depot N,SKU-874,11,Invalid,Product A,Active
01-06-2025,Depot N,SKU-481,55,Invalid,Product A,Active
01-06-2025,Depot N,SKU-875,49,Invalid,Product A,Active
01-06-2025,Depot N,SKU-876,16,Invalid,Product A,Active
01-06-2025,Depot N,SKU-309,101,Invalid,Product A,Active
01-06-2025,Depot N,SKU-482,12,Invalid,Product A,Active
01-06-2025,Depot N,SKU-877,21,Invalid,Product A,Active
01-06-2025,Depot N,SKU-483,27,Invalid,Product A,Active
01-06-2025,Depot N,SKU-878,12,Invalid,Product A,Active
01-06-2025,Depot N,SKU-484,46,Invalid,Product A,Active
01-06-2025,Depot N,SKU-879,35,Invalid,Product A,Active
01-06-2025,Depot N,SKU-880,48,Invalid,Product A,Active
01-06-2025,Depot N,SKU-881,17,Invalid,Product A,Active
01-06-2025,Depot N,SKU-310,186,Invalid,Product A,Active
01-06-2025,Depot N,SKU-485,5,Invalid,Product A,Active
01-06-2025,Depot N,SKU-882,23,Invalid,Product A,Active
01-06-2025,Depot N,SKU-311,25,Invalid,Product A,Active
01-06-2025,Depot N,SKU-883,24,Invalid,Product A,Active
01-06-2025,Depot N,SKU-487,12,Invalid,Product A,Active
01-06-2025,Depot N,SKU-884,11,Invalid,Product A,Active
01-06-2025,Depot N,SKU-312,36,Invalid,Product A,Active
01-06-2025,Depot N,SKU-885,9,Invalid,Product A,Active
01-06-2025,Depot N,SKU-488,15,Invalid,Product A,Active
01-06-2025,Depot N,SKU-886,146,Invalid,Product A,Active
01-06-2025,Depot N,SKU-313,107,Invalid,Product A,Active
01-06-2025,Depot N,SKU-887,16,Invalid,Product A,Active
01-06-2025,Depot N,SKU-220,33,Invalid,Product A,Active
01-06-2025,Depot O,SKU-199,44,Invalid,Product A,Active
01-06-2025,Depot O,SKU-241,145,Invalid,Product A,Active
01-06-2025,Depot O,SKU-200,802,Invalid,Product A,Active
01-06-2025,Depot O,SKU-337,202,Invalid,Product A,Not Active
01-06-2025,Depot O,SKU-1140,3936,Invalid,Product A,Active
01-06-2025,Depot O,SKU-338,992,Invalid,Product A,Not Active
01-06-2025,Depot O,SKU-494,403,Invalid,Product A,Not Active
01-06-2025,Depot O,SKU-221,325,Invalid,Product A,Active
01-06-2025,Depot O,SKU-002,635,Invalid,Product A,Active
01-06-2025,Depot O,SKU-003,524,Invalid,Product A,Active
01-06-2025,Depot O,SKU-004,11,Invalid,Product A,Active
01-06-2025,Depot O,SKU-499,30,Invalid,Product A,Active
01-06-2025,Depot O,SKU-339,179,Invalid,Product A,Not Active
01-06-2025,Depot O,SKU-340,200,Invalid,Product A,Active
01-06-2025,Depot O,SKU-202,125,Invalid,Product A,Active
01-06-2025,Depot O,SKU-507,15,Invalid,Product A,Active
01-06-2025,Depot O,SKU-508,71,Invalid,Product A,Not Active
01-06-2025,Depot O,SKU-203,75,Invalid,Product A,Active
01-06-2025,Depot O,SKU-204,464,Invalid,Product A,Active
01-06-2025,Depot O,SKU-061,179,Invalid,Product A,Active
01-06-2025,Depot O,SKU-006,361,Invalid,Product A,Active
01-06-2025,Depot O,SKU-235,88,Invalid,Product A,Active
01-06-2025,Depot O,SKU-343,64,Invalid,Product A,Not Active
01-06-2025,Depot O,SKU-344,637,Invalid,Product A,Not Active
01-06-2025,Depot O,SKU-345,109,Invalid,Product A,Not Active
01-06-2025,Depot O,SKU-346,201,Invalid,Product A,Not Active
01-06-2025,Depot O,SKU-206,133,Invalid,Product A,Active
01-06-2025,Depot O,SKU-347,102,Invalid,Product A,Active
01-06-2025,Depot O,SKU-350,84,Invalid,Product A,Active
01-06-2025,Depot O,SKU-157,2893,Invalid,Product A,Not Active
01-06-2025,Depot O,SKU-063,1885,Invalid,Product A,Not Active
01-06-2025,Depot O,SKU-314,243,Invalid,Product A,Not Active
01-06-2025,Depot O,SKU-249,609,Invalid,Product A,Not Active
01-06-2025,Depot O,SKU-231,125,Invalid,Product A,Not Active
01-06-2025,Depot O,SKU-236,120,Invalid,Product A,Not Active
01-06-2025,Depot O,SKU-010,240,Invalid,Product A,Active
01-06-2025,Depot O,SKU-282,20,Invalid,Product A,Active
01-06-2025,Depot O,SKU-158,163,Invalid,Product A,Active
01-06-2025,Depot O,SKU-315,51,Invalid,Product A,Active
01-06-2025,Depot O,SKU-515,467,Invalid,Product A,Not Active
01-06-2025,Depot O,SKU-516,20,Invalid,Product A,Active
01-06-2025,Depot O,SKU-159,553,Invalid,Product A,Active
01-06-2025,Depot O,SKU-011,5618,Invalid,Product A,Active
01-06-2025,Depot O,SKU-012,206,Invalid,Product A,Not Active
01-06-2025,Depot O,SKU-013,8205,Invalid,Product A,Not Active
01-06-2025,Depot O,SKU-014,572,Invalid,Product A,Not Active
01-06-2025,Depot O,SKU-1099,20,Invalid,Product A,Active
01-06-2025,Depot O,SKU-015,8,Invalid,Product A,Active
01-06-2025,Depot O,SKU-252,97,Invalid,Product A,Active
01-06-2025,Depot O,SKU-253,76,Invalid,Product A,Active
01-06-2025,Depot O,SKU-904,41,Invalid,Product A,Active
01-06-2025,Depot O,SKU-358,16,Invalid,Product A,Active
01-06-2025,Depot O,SKU-361,63,Invalid,Product A,Not Active
01-06-2025,Depot O,SKU-362,1179,Invalid,Product A,Not Active
01-06-2025,Depot O,SKU-363,6,Invalid,Product A,Not Active
01-06-2025,Depot O,SKU-520,20,Invalid,Product A,Not Active
01-06-2025,Depot O,SKU-364,0,Invalid,Product A,Not Active
01-06-2025,Depot O,SKU-365,8,Invalid,Product A,Not Active
01-06-2025,Depot O,SKU-906,20,Invalid,Product A,Not Active
01-06-2025,Depot O,SKU-367,5,Invalid,Product A,Not Active
01-06-2025,Depot O,SKU-369,5,Invalid,Product A,Not Active
01-06-2025,Depot O,SKU-371,33,Invalid,Product A,Not Active
01-06-2025,Depot O,SKU-372,194,Invalid,Product A,Not Active
01-06-2025,Depot O,SKU-374,21,Invalid,Product A,Not Active
01-06-2025,Depot O,SKU-376,54,Invalid,Product A,Not Active
01-06-2025,Depot O,SKU-209,314,Invalid,Product A,Active
01-06-2025,Depot O,SKU-238,37,Invalid,Product A,Active
01-06-2025,Depot O,SKU-064,128,Invalid,Product A,Active
01-06-2025,Depot O,SKU-065,92,Invalid,Product A,Active
01-06-2025,Depot O,SKU-210,1022,Invalid,Product A,Active
01-06-2025,Depot O,SKU-019,216,Invalid,Product A,Active
01-06-2025,Depot O,SKU-270,24,Invalid,Product A,Active
01-06-2025,Depot O,SKU-538,22,Invalid,Product A,Active
01-06-2025,Depot O,SKU-066,9,Invalid,Product A,Active
01-06-2025,Depot O,SKU-160,11,Invalid,Product A,Active
01-06-2025,Depot O,SKU-067,70,Invalid,Product A,Active
01-06-2025,Depot O,SKU-255,20,Invalid,Product A,Active
01-06-2025,Depot O,SKU-271,14,Invalid,Product A,Active
01-06-2025,Depot O,SKU-230,68,Invalid,Product A,Active
01-06-2025,Depot O,SKU-068,139,Invalid,Product A,Active
01-06-2025,Depot O,SKU-540,18,Invalid,Product A,Active
01-06-2025,Depot O,SKU-1051,30,Invalid,Product A,Active
01-06-2025,Depot O,SKU-023,103,Invalid,Product A,Active
01-06-2025,Depot O,SKU-379,766,Invalid,Product A,Not Active
01-06-2025,Depot O,SKU-380,3844,Invalid,Product A,Not Active
01-06-2025,Depot O,SKU-542,680,Invalid,Product A,Not Active
01-06-2025,Depot O,SKU-545,72,Invalid,Product A,Not Active
01-06-2025,Depot O,SKU-381,172,Invalid,Product A,Not Active
01-06-2025,Depot O,SKU-546,21,Invalid,Product A,Active
01-06-2025,Depot O,SKU-070,32,Invalid,Product A,Active
01-06-2025,Depot O,SKU-383,18,Invalid,Product A,Active
01-06-2025,Depot O,SKU-071,20,Invalid,Product A,Active
01-06-2025,Depot O,SKU-224,18,Invalid,Product A,Active
01-06-2025,Depot O,SKU-072,273,Invalid,Product A,Active
01-06-2025,Depot O,SKU-161,274,Invalid,Product A,Active
01-06-2025,Depot O,SKU-163,286,Invalid,Product A,Active
01-06-2025,Depot O,SKU-911,5,Invalid,Product A,Active
01-06-2025,Depot O,SKU-256,50,Invalid,Product A,Active
01-06-2025,Depot O,SKU-078,277,Invalid,Product A,Active
01-06-2025,Depot O,SKU-212,134,Invalid,Product A,Active
01-06-2025,Depot O,SKU-081,28,Invalid,Product A,Active
01-06-2025,Depot O,SKU-084,25,Invalid,Product A,Active
01-06-2025,Depot O,SKU-257,20,Invalid,Product A,Active
01-06-2025,Depot O,SKU-086,20,Invalid,Product A,Active
01-06-2025,Depot O,SKU-087,59,Invalid,Product A,Active
01-06-2025,Depot O,SKU-088,418,Invalid,Product A,Active
01-06-2025,Depot O,SKU-233,43,Invalid,Product A,Active
01-06-2025,Depot O,SKU-028,387,Invalid,Product A,Active
01-06-2025,Depot O,SKU-030,1341,Invalid,Product A,Active
01-06-2025,Depot O,SKU-035,197,Invalid,Product A,Active
01-06-2025,Depot O,SKU-036,2871,Invalid,Product A,Active
01-06-2025,Depot O,SKU-218,101,Invalid,Product A,Active
01-06-2025,Depot O,SKU-090,130,Invalid,Product A,Active
01-06-2025,Depot O,SKU-041,20,Invalid,Product A,Not Active
01-06-2025,Depot O,SKU-043,21,Invalid,Product A,Not Active
01-06-2025,Depot O,SKU-044,47,Invalid,Product A,Not Active
01-06-2025,Depot O,SKU-045,12,Invalid,Product A,Not Active
01-06-2025,Depot O,SKU-047,66,Invalid,Product A,Not Active
01-06-2025,Depot O,SKU-050,129,Invalid,Product A,Not Active
01-06-2025,Depot O,SKU-051,235,Invalid,Product A,Not Active
01-06-2025,Depot O,SKU-052,161,Invalid,Product A,Not Active
01-06-2025,Depot O,SKU-053,653,Invalid,Product A,Not Active
01-06-2025,Depot O,SKU-054,505,Invalid,Product A,Not Active
01-06-2025,Depot O,SKU-055,50,Invalid,Product A,Not Active
01-06-2025,Depot O,SKU-056,139,Invalid,Product A,Not Active
01-06-2025,Depot O,SKU-057,81,Invalid,Product A,Not Active
01-06-2025,Depot O,SKU-058,133,Invalid,Product A,Not Active
01-06-2025,Depot O,SKU-180,367,Invalid,Product A,Active
01-06-2025,Depot O,SKU-097,267,Invalid,Product A,Active
01-06-2025,Depot O,SKU-098,69,Invalid,Product A,Active
01-06-2025,Depot O,SKU-683,59,Invalid,Product A,Active
01-06-2025,Depot O,SKU-101,102,Invalid,Product A,Active
01-06-2025,Depot O,SKU-394,10,Invalid,Product A,Active
01-06-2025,Depot O,SKU-182,75,Invalid,Product A,Active
01-06-2025,Depot O,SKU-105,15,Invalid,Product A,Active
01-06-2025,Depot O,SKU-399,434,Invalid,Product A,Active
01-06-2025,Depot O,SKU-716,61,Invalid,Product A,Not Active
01-06-2025,Depot O,SKU-106,466,Invalid,Product A,Active
01-06-2025,Depot O,SKU-184,20,Invalid,Product A,Active
01-06-2025,Depot O,SKU-107,20,Invalid,Product A,Active
01-06-2025,Depot O,SKU-186,20,Invalid,Product A,Active
01-06-2025,Depot O,SKU-1241,20,Invalid,Product A,Not Active
01-06-2025,Depot O,SKU-190,10,Invalid,Product A,Active
01-06-2025,Depot O,SKU-739,4,Invalid,Product A,Active
01-06-2025,Depot O,SKU-740,5,Invalid,Product A,Active
01-06-2025,Depot O,SKU-109,44,Invalid,Product A,Active
01-06-2025,Depot O,SKU-744,5,Invalid,Product A,Active
01-06-2025,Depot O,SKU-110,224,Invalid,Product A,Active
01-06-2025,Depot O,SKU-749,4,Invalid,Product A,Active
01-06-2025,Depot O,SKU-753,12,Invalid,Product A,Active
01-06-2025,Depot O,SKU-410,10,Invalid,Product A,Active
01-06-2025,Depot O,SKU-112,39,Invalid,Product A,Active
01-06-2025,Depot O,SKU-1001,10,Invalid,Product A,Active
01-06-2025,Depot O,SKU-764,10,Invalid,Product A,Active
01-06-2025,Depot O,SKU-193,33,Invalid,Product A,Active
01-06-2025,Depot O,SKU-771,41,Invalid,Product A,Active
01-06-2025,Depot O,SKU-778,4,Invalid,Product A,Active
01-06-2025,Depot O,SKU-113,38,Invalid,Product A,Active
01-06-2025,Depot O,SKU-781,9,Invalid,Product A,Active
01-06-2025,Depot O,SKU-786,1,Invalid,Product A,Active
01-06-2025,Depot O,SKU-790,6,Invalid,Product A,Active
01-06-2025,Depot O,SKU-795,1,Invalid,Product A,Active
01-06-2025,Depot O,SKU-1024,1,Invalid,Product A,Active
01-06-2025,Depot O,SKU-799,9,Invalid,Product A,Active
01-06-2025,Depot O,SKU-803,4,Invalid,Product A,Active
01-06-2025,Depot O,SKU-808,2,Invalid,Product A,Active
01-06-2025,Depot O,SKU-454,5,Invalid,Product A,Active
01-06-2025,Depot O,SKU-814,2,Invalid,Product A,Active
01-06-2025,Depot O,SKU-816,1,Invalid,Product A,Active
01-06-2025,Depot O,SKU-821,1,Invalid,Product A,Active
01-06-2025,Depot O,SKU-463,1,Invalid,Product A,Active
01-06-2025,Depot O,SKU-824,1,Invalid,Product A,Active
01-06-2025,Depot O,SKU-465,5,Invalid,Product A,Active
01-06-2025,Depot O,SKU-828,4,Invalid,Product A,Active
01-06-2025,Depot O,SKU-059,4249,Invalid,Product A,Active
01-06-2025,Depot O,SKU-115,130,Invalid,Product A,Active
01-06-2025,Depot O,SKU-116,558,Invalid,Product A,Active
01-06-2025,Depot O,SKU-290,73,Invalid,Product A,Active
01-06-2025,Depot O,SKU-468,36,Invalid,Product A,Active
01-06-2025,Depot O,SKU-275,20,Invalid,Product A,Active
01-06-2025,Depot O,SKU-194,1952,Invalid,Product A,Active
01-06-2025,Depot O,SKU-195,255,Invalid,Product A,Active
01-06-2025,Depot O,SKU-469,35,Invalid,Product A,Active
01-06-2025,Depot O,SKU-118,80,Invalid,Product A,Active
01-06-2025,Depot O,SKU-196,2334,Invalid,Product A,Active
01-06-2025,Depot O,SKU-120,316,Invalid,Product A,Active
01-06-2025,Depot O,SKU-835,422,Invalid,Product A,Active
01-06-2025,Depot O,SKU-329,35,Invalid,Product A,Active
01-06-2025,Depot O,SKU-121,23,Invalid,Product A,Active
01-06-2025,Depot O,SKU-122,73,Invalid,Product A,Active
01-06-2025,Depot O,SKU-123,194,Invalid,Product A,Active
01-06-2025,Depot O,SKU-125,10,Invalid,Product A,Active
01-06-2025,Depot O,SKU-263,40,Invalid,Product A,Active
01-06-2025,Depot O,SKU-225,84,Invalid,Product A,Active
01-06-2025,Depot O,SKU-126,37,Invalid,Product A,Active
01-06-2025,Depot O,SKU-259,25,Invalid,Product A,Active
01-06-2025,Depot O,SKU-128,15,Invalid,Product A,Active
01-06-2025,Depot O,SKU-129,67,Invalid,Product A,Active
01-06-2025,Depot O,SKU-264,56,Invalid,Product A,Active
01-06-2025,Depot O,SKU-258,28,Invalid,Product A,Active
01-06-2025,Depot O,SKU-470,34,Invalid,Product A,Not Active
01-06-2025,Depot O,SKU-471,33,Invalid,Product A,Not Active
01-06-2025,Depot O,SKU-472,382,Invalid,Product A,Not Active
01-06-2025,Depot O,SKU-473,935,Invalid,Product A,Active
01-06-2025,Depot O,SKU-474,291,Invalid,Product A,Not Active
01-06-2025,Depot O,SKU-475,347,Invalid,Product A,Active
01-06-2025,Depot O,SKU-060,1493,Invalid,Product A,Active
01-06-2025,Depot O,SKU-131,457,Invalid,Product A,Active
01-06-2025,Depot O,SKU-476,203,Invalid,Product A,Not Active
01-06-2025,Depot O,SKU-132,23,Invalid,Product A,Active
01-06-2025,Depot O,SKU-133,34,Invalid,Product A,Active
01-06-2025,Depot O,SKU-134,22,Invalid,Product A,Active
01-06-2025,Depot O,SKU-266,20,Invalid,Product A,Active
01-06-2025,Depot O,SKU-267,23,Invalid,Product A,Active
01-06-2025,Depot O,SKU-135,20,Invalid,Product A,Active
01-06-2025,Depot O,SKU-136,20,Invalid,Product A,Active
01-06-2025,Depot O,SKU-219,52,Invalid,Product A,Active
01-06-2025,Depot O,SKU-260,14,Invalid,Product A,Active
01-06-2025,Depot O,SKU-197,71,Invalid,Product A,Active
01-06-2025,Depot O,SKU-226,12,Invalid,Product A,Active
01-06-2025,Depot O,SKU-198,37,Invalid,Product A,Active
01-06-2025,Depot O,SKU-305,19,Invalid,Product A,Active
01-06-2025,Depot O,SKU-139,420,Invalid,Product A,Active
01-06-2025,Depot O,SKU-869,20,Invalid,Product A,Active
01-06-2025,Depot O,SKU-140,54,Invalid,Product A,Active
01-06-2025,Depot O,SKU-141,270,Invalid,Product A,Active
01-06-2025,Depot O,SKU-871,20,Invalid,Product A,Active
01-06-2025,Depot O,SKU-142,30,Invalid,Product A,Active
01-06-2025,Depot O,SKU-143,27,Invalid,Product A,Active
01-06-2025,Depot O,SKU-874,20,Invalid,Product A,Active
01-06-2025,Depot O,SKU-144,20,Invalid,Product A,Active
01-06-2025,Depot O,SKU-145,263,Invalid,Product A,Active
01-06-2025,Depot O,SKU-876,20,Invalid,Product A,Active
01-06-2025,Depot O,SKU-146,103,Invalid,Product A,Active
01-06-2025,Depot O,SKU-227,13,Invalid,Product A,Active
01-06-2025,Depot O,SKU-147,39,Invalid,Product A,Active
01-06-2025,Depot O,SKU-148,145,Invalid,Product A,Active
01-06-2025,Depot O,SKU-881,10,Invalid,Product A,Active
01-06-2025,Depot O,SKU-149,53,Invalid,Product A,Active
01-06-2025,Depot O,SKU-152,38,Invalid,Product A,Active
01-06-2025,Depot O,SKU-885,5,Invalid,Product A,Active
01-06-2025,Depot O,SKU-153,45,Invalid,Product A,Active
01-06-2025,Depot O,SKU-154,193,Invalid,Product A,Active
01-06-2025,Depot O,SKU-887,20,Invalid,Product A,Active
01-06-2025,Depot O,SKU-155,85,Invalid,Product A,Active
01-06-2025,Depot P,SKU-489,9,Invalid,Product A,Not Active
01-06-2025,Depot P,SKU-490,112,Invalid,Product A,Not Active
01-06-2025,Depot P,SKU-491,9,Invalid,Product A,Not Active
01-06-2025,Depot P,SKU-336,31,Invalid,Product A,Not Active
01-06-2025,Depot P,SKU-492,8,Invalid,Product A,Not Active
01-06-2025,Depot P,SKU-241,13,Invalid,Product A,Active
01-06-2025,Depot P,SKU-200,3762,Invalid,Product A,Active
01-06-2025,Depot P,SKU-201,62,Invalid,Product A,Active
01-06-2025,Depot P,SKU-493,105,Invalid,Product A,Active
01-06-2025,Depot P,SKU-337,2039,Invalid,Product A,Not Active
01-06-2025,Depot P,SKU-1140,41,Invalid,Product A,Active
01-06-2025,Depot P,SKU-338,1536,Invalid,Product A,Not Active
01-06-2025,Depot P,SKU-494,1192,Invalid,Product A,Not Active
01-06-2025,Depot P,SKU-495,139,Invalid,Product A,Not Active
01-06-2025,Depot P,SKU-002,179,Invalid,Product A,Active
01-06-2025,Depot P,SKU-898,264,Invalid,Product A,Not Active
01-06-2025,Depot P,SKU-1045,596,Invalid,Product A,Active
01-06-2025,Depot P,SKU-339,276,Invalid,Product A,Not Active
01-06-2025,Depot P,SKU-340,629,Invalid,Product A,Active
01-06-2025,Depot P,SKU-502,71,Invalid,Product A,Active
01-06-2025,Depot P,SKU-503,29,Invalid,Product A,Active
01-06-2025,Depot P,SKU-504,8,Invalid,Product A,Active
01-06-2025,Depot P,SKU-505,12,Invalid,Product A,Active
01-06-2025,Depot P,SKU-506,17,Invalid,Product A,Active
01-06-2025,Depot P,SKU-222,10,Invalid,Product A,Active
01-06-2025,Depot P,SKU-508,228,Invalid,Product A,Not Active
01-06-2025,Depot P,SKU-223,48,Invalid,Product A,Active
01-06-2025,Depot P,SKU-061,210,Invalid,Product A,Active
01-06-2025,Depot P,SKU-205,79,Invalid,Product A,Active
01-06-2025,Depot P,SKU-235,101,Invalid,Product A,Active
01-06-2025,Depot P,SKU-510,59,Invalid,Product A,Active
01-06-2025,Depot P,SKU-343,572,Invalid,Product A,Not Active
01-06-2025,Depot P,SKU-344,569,Invalid,Product A,Not Active
01-06-2025,Depot P,SKU-345,96,Invalid,Product A,Not Active
01-06-2025,Depot P,SKU-346,123,Invalid,Product A,Not Active
01-06-2025,Depot P,SKU-206,99,Invalid,Product A,Active
01-06-2025,Depot P,SKU-207,39,Invalid,Product A,Active
01-06-2025,Depot P,SKU-347,32,Invalid,Product A,Active
01-06-2025,Depot P,SKU-229,142,Invalid,Product A,Active
01-06-2025,Depot P,SKU-208,288,Invalid,Product A,Active
01-06-2025,Depot P,SKU-350,243,Invalid,Product A,Active
01-06-2025,Depot P,SKU-514,63,Invalid,Product A,Active
01-06-2025,Depot P,SKU-248,673,Invalid,Product A,Active
01-06-2025,Depot P,SKU-157,346,Invalid,Product A,Not Active
01-06-2025,Depot P,SKU-008,491,Invalid,Product A,Not Active
01-06-2025,Depot P,SKU-009,1245,Invalid,Product A,Not Active
01-06-2025,Depot P,SKU-314,1296,Invalid,Product A,Not Active
01-06-2025,Depot P,SKU-315,130,Invalid,Product A,Active
01-06-2025,Depot P,SKU-515,15,Invalid,Product A,Not Active
01-06-2025,Depot P,SKU-516,17,Invalid,Product A,Active
01-06-2025,Depot P,SKU-159,99,Invalid,Product A,Active
01-06-2025,Depot P,SKU-517,12,Invalid,Product A,Active
01-06-2025,Depot P,SKU-014,1144,Invalid,Product A,Not Active
01-06-2025,Depot P,SKU-1099,11,Invalid,Product A,Active
01-06-2025,Depot P,SKU-252,30,Invalid,Product A,Active
01-06-2025,Depot P,SKU-253,24,Invalid,Product A,Active
01-06-2025,Depot P,SKU-904,6,Invalid,Product A,Active
01-06-2025,Depot P,SKU-351,11,Invalid,Product A,Active
01-06-2025,Depot P,SKU-352,50,Invalid,Product A,Active
01-06-2025,Depot P,SKU-353,10,Invalid,Product A,Active
01-06-2025,Depot P,SKU-354,10,Invalid,Product A,Active
01-06-2025,Depot P,SKU-355,33,Invalid,Product A,Active
01-06-2025,Depot P,SKU-356,38,Invalid,Product A,Active
01-06-2025,Depot P,SKU-518,9,Invalid,Product A,Active
01-06-2025,Depot P,SKU-519,37,Invalid,Product A,Active
01-06-2025,Depot P,SKU-357,11,Invalid,Product A,Active
01-06-2025,Depot P,SKU-358,19,Invalid,Product A,Active
01-06-2025,Depot P,SKU-359,70,Invalid,Product A,Not Active
01-06-2025,Depot P,SKU-361,423,Invalid,Product A,Not Active
01-06-2025,Depot P,SKU-362,21,Invalid,Product A,Not Active
01-06-2025,Depot P,SKU-363,1,Invalid,Product A,Not Active
01-06-2025,Depot P,SKU-520,66,Invalid,Product A,Not Active
01-06-2025,Depot P,SKU-364,6,Invalid,Product A,Not Active
01-06-2025,Depot P,SKU-365,12,Invalid,Product A,Not Active
01-06-2025,Depot P,SKU-906,10,Invalid,Product A,Not Active
01-06-2025,Depot P,SKU-366,13,Invalid,Product A,Not Active
01-06-2025,Depot P,SKU-367,315,Invalid,Product A,Not Active
01-06-2025,Depot P,SKU-368,40,Invalid,Product A,Active
01-06-2025,Depot P,SKU-522,30,Invalid,Product A,Not Active
01-06-2025,Depot P,SKU-369,40,Invalid,Product A,Not Active
01-06-2025,Depot P,SKU-523,20,Invalid,Product A,Not Active
01-06-2025,Depot P,SKU-370,16,Invalid,Product A,Active
01-06-2025,Depot P,SKU-371,64,Invalid,Product A,Not Active
01-06-2025,Depot P,SKU-524,51,Invalid,Product A,Active
01-06-2025,Depot P,SKU-372,86,Invalid,Product A,Not Active
01-06-2025,Depot P,SKU-373,12,Invalid,Product A,Active
01-06-2025,Depot P,SKU-374,94,Invalid,Product A,Not Active
01-06-2025,Depot P,SKU-376,40,Invalid,Product A,Not Active
01-06-2025,Depot P,SKU-377,30,Invalid,Product A,Not Active
01-06-2025,Depot P,SKU-238,5,Invalid,Product A,Active
01-06-2025,Depot P,SKU-065,252,Invalid,Product A,Active
01-06-2025,Depot P,SKU-210,91,Invalid,Product A,Active
01-06-2025,Depot P,SKU-270,54,Invalid,Product A,Active
01-06-2025,Depot P,SKU-538,16,Invalid,Product A,Active
01-06-2025,Depot P,SKU-066,31,Invalid,Product A,Active
01-06-2025,Depot P,SKU-378,20,Invalid,Product A,Active
01-06-2025,Depot P,SKU-908,54,Invalid,Product A,Active
01-06-2025,Depot P,SKU-255,24,Invalid,Product A,Active
01-06-2025,Depot P,SKU-271,10,Invalid,Product A,Active
01-06-2025,Depot P,SKU-1164,23,Invalid,Product A,Active
01-06-2025,Depot P,SKU-230,94,Invalid,Product A,Active
01-06-2025,Depot P,SKU-068,18,Invalid,Product A,Active
01-06-2025,Depot P,SKU-539,14,Invalid,Product A,Active
01-06-2025,Depot P,SKU-540,89,Invalid,Product A,Active
01-06-2025,Depot P,SKU-1051,19,Invalid,Product A,Active
01-06-2025,Depot P,SKU-023,157,Invalid,Product A,Active
01-06-2025,Depot P,SKU-379,22,Invalid,Product A,Not Active
01-06-2025,Depot P,SKU-380,31668,Invalid,Product A,Not Active
01-06-2025,Depot P,SKU-542,1592,Invalid,Product A,Not Active
01-06-2025,Depot P,SKU-543,51,Invalid,Product A,Not Active
01-06-2025,Depot P,SKU-545,43,Invalid,Product A,Not Active
01-06-2025,Depot P,SKU-381,97,Invalid,Product A,Not Active
01-06-2025,Depot P,SKU-382,51,Invalid,Product A,Active
01-06-2025,Depot P,SKU-548,90,Invalid,Product A,Active
01-06-2025,Depot P,SKU-549,89,Invalid,Product A,Active
01-06-2025,Depot P,SKU-1242,16,Invalid,Product A,Active
01-06-2025,Depot P,SKU-070,50,Invalid,Product A,Active
01-06-2025,Depot P,SKU-383,99,Invalid,Product A,Active
01-06-2025,Depot P,SKU-071,17,Invalid,Product A,Active
01-06-2025,Depot P,SKU-911,4,Invalid,Product A,Active
01-06-2025,Depot P,SKU-074,96,Invalid,Product A,Active
01-06-2025,Depot P,SKU-075,96,Invalid,Product A,Active
01-06-2025,Depot P,SKU-076,35,Invalid,Product A,Active
01-06-2025,Depot P,SKU-256,120,Invalid,Product A,Active
01-06-2025,Depot P,SKU-553,124,Invalid,Product A,Not Active
01-06-2025,Depot P,SKU-211,53,Invalid,Product A,Not Active
01-06-2025,Depot P,SKU-164,5,Invalid,Product A,Active
01-06-2025,Depot P,SKU-212,41,Invalid,Product A,Active
01-06-2025,Depot P,SKU-165,151,Invalid,Product A,Active
01-06-2025,Depot P,SKU-081,47,Invalid,Product A,Active
01-06-2025,Depot P,SKU-560,44,Invalid,Product A,Not Active
01-06-2025,Depot P,SKU-166,82,Invalid,Product A,Active
01-06-2025,Depot P,SKU-167,159,Invalid,Product A,Active
01-06-2025,Depot P,SKU-168,124,Invalid,Product A,Active
01-06-2025,Depot P,SKU-914,54,Invalid,Product A,Not Active
01-06-2025,Depot P,SKU-565,59,Invalid,Product A,Active
01-06-2025,Depot P,SKU-084,39,Invalid,Product A,Active
01-06-2025,Depot P,SKU-215,38,Invalid,Product A,Active
01-06-2025,Depot P,SKU-1057,14,Invalid,Product A,Active
01-06-2025,Depot P,SKU-085,75,Invalid,Product A,Active
01-06-2025,Depot P,SKU-257,10,Invalid,Product A,Active
01-06-2025,Depot P,SKU-086,10,Invalid,Product A,Active
01-06-2025,Depot P,SKU-571,10,Invalid,Product A,Not Active
01-06-2025,Depot P,SKU-087,74,Invalid,Product A,Active
01-06-2025,Depot P,SKU-572,106,Invalid,Product A,Not Active
01-06-2025,Depot P,SKU-217,8,Invalid,Product A,Active
01-06-2025,Depot P,SKU-233,2285,Invalid,Product A,Active
01-06-2025,Depot P,SKU-031,289,Invalid,Product A,Active
01-06-2025,Depot P,SKU-035,266,Invalid,Product A,Active
01-06-2025,Depot P,SKU-036,304,Invalid,Product A,Active
01-06-2025,Depot P,SKU-090,51,Invalid,Product A,Active
01-06-2025,Depot P,SKU-091,95,Invalid,Product A,Active
01-06-2025,Depot P,SKU-046,177,Invalid,Product A,Not Active
01-06-2025,Depot P,SKU-055,862,Invalid,Product A,Not Active
01-06-2025,Depot P,SKU-057,138,Invalid,Product A,Not Active
01-06-2025,Depot P,SKU-171,49,Invalid,Product A,Not Active
01-06-2025,Depot P,SKU-172,385,Invalid,Product A,Not Active
01-06-2025,Depot P,SKU-173,221,Invalid,Product A,Not Active
01-06-2025,Depot P,SKU-174,132,Invalid,Product A,Not Active
01-06-2025,Depot P,SKU-175,64,Invalid,Product A,Not Active
01-06-2025,Depot P,SKU-177,157,Invalid,Product A,Not Active
01-06-2025,Depot P,SKU-923,27,Invalid,Product A,Not Active
01-06-2025,Depot P,SKU-178,182,Invalid,Product A,Not Active
01-06-2025,Depot P,SKU-578,233,Invalid,Product A,Active
01-06-2025,Depot P,SKU-925,42,Invalid,Product A,Active
01-06-2025,Depot P,SKU-579,258,Invalid,Product A,Active
01-06-2025,Depot P,SKU-580,31,Invalid,Product A,Active
01-06-2025,Depot P,SKU-581,32,Invalid,Product A,Active
01-06-2025,Depot P,SKU-582,1,Invalid,Product A,Active
01-06-2025,Depot P,SKU-583,63,Invalid,Product A,Active
01-06-2025,Depot P,SKU-584,16,Invalid,Product A,Active
01-06-2025,Depot P,SKU-585,46,Invalid,Product A,Active
01-06-2025,Depot P,SKU-586,2383,Invalid,Product A,Not Active
01-06-2025,Depot P,SKU-587,120,Invalid,Product A,Active
01-06-2025,Depot P,SKU-093,548,Invalid,Product A,Active
01-06-2025,Depot P,SKU-588,544,Invalid,Product A,Active
01-06-2025,Depot P,SKU-589,308,Invalid,Product A,Active
01-06-2025,Depot P,SKU-590,130,Invalid,Product A,Active
01-06-2025,Depot P,SKU-593,447,Invalid,Product A,Active
01-06-2025,Depot P,SKU-594,5,Invalid,Product A,Active
01-06-2025,Depot P,SKU-595,85,Invalid,Product A,Active
01-06-2025,Depot P,SKU-596,11,Invalid,Product A,Active
01-06-2025,Depot P,SKU-597,6,Invalid,Product A,Active
01-06-2025,Depot P,SKU-598,40,Invalid,Product A,Active
01-06-2025,Depot P,SKU-599,25,Invalid,Product A,Active
01-06-2025,Depot P,SKU-600,13,Invalid,Product A,Active
01-06-2025,Depot P,SKU-601,10,Invalid,Product A,Active
01-06-2025,Depot P,SKU-602,11,Invalid,Product A,Active
01-06-2025,Depot P,SKU-603,9,Invalid,Product A,Active
01-06-2025,Depot P,SKU-604,8,Invalid,Product A,Active
01-06-2025,Depot P,SKU-606,11,Invalid,Product A,Active
01-06-2025,Depot P,SKU-1243,10,Invalid,Product A,Active
01-06-2025,Depot P,SKU-1244,10,Invalid,Product A,Active
01-06-2025,Depot P,SKU-607,5,Invalid,Product A,Active
01-06-2025,Depot P,SKU-608,297,Invalid,Product A,Active
01-06-2025,Depot P,SKU-927,23,Invalid,Product A,Active
01-06-2025,Depot P,SKU-609,264,Invalid,Product A,Active
01-06-2025,Depot P,SKU-928,54,Invalid,Product A,Active
01-06-2025,Depot P,SKU-610,22,Invalid,Product A,Active
01-06-2025,Depot P,SKU-929,15,Invalid,Product A,Active
01-06-2025,Depot P,SKU-611,20,Invalid,Product A,Active
01-06-2025,Depot P,SKU-612,20,Invalid,Product A,Active
01-06-2025,Depot P,SKU-613,8,Invalid,Product A,Active
01-06-2025,Depot P,SKU-930,196,Invalid,Product A,Not Active
01-06-2025,Depot P,SKU-931,1036,Invalid,Product A,Active
01-06-2025,Depot P,SKU-614,52,Invalid,Product A,Not Active
01-06-2025,Depot P,SKU-615,102,Invalid,Product A,Active
01-06-2025,Depot P,SKU-616,61,Invalid,Product A,Active
01-06-2025,Depot P,SKU-617,10,Invalid,Product A,Active
01-06-2025,Depot P,SKU-618,11,Invalid,Product A,Active
01-06-2025,Depot P,SKU-619,376,Invalid,Product A,Active
01-06-2025,Depot P,SKU-1245,10,Invalid,Product A,Active
01-06-2025,Depot P,SKU-620,52,Invalid,Product A,Active
01-06-2025,Depot P,SKU-932,8,Invalid,Product A,Active
01-06-2025,Depot P,SKU-1246,20,Invalid,Product A,Active
01-06-2025,Depot P,SKU-621,6,Invalid,Product A,Active
01-06-2025,Depot P,SKU-622,6,Invalid,Product A,Active
01-06-2025,Depot P,SKU-623,66,Invalid,Product A,Active
01-06-2025,Depot P,SKU-624,40,Invalid,Product A,Active
01-06-2025,Depot P,SKU-625,10,Invalid,Product A,Active
01-06-2025,Depot P,SKU-626,13,Invalid,Product A,Active
01-06-2025,Depot P,SKU-627,50,Invalid,Product A,Active
01-06-2025,Depot P,SKU-933,10,Invalid,Product A,Active
01-06-2025,Depot P,SKU-934,7,Invalid,Product A,Active
01-06-2025,Depot P,SKU-1247,10,Invalid,Product A,Active
01-06-2025,Depot P,SKU-935,6,Invalid,Product A,Active
01-06-2025,Depot P,SKU-630,2,Invalid,Product A,Active
01-06-2025,Depot P,SKU-631,2,Invalid,Product A,Active
01-06-2025,Depot P,SKU-632,152,Invalid,Product A,Active
01-06-2025,Depot P,SKU-936,72,Invalid,Product A,Active
01-06-2025,Depot P,SKU-633,19,Invalid,Product A,Active
01-06-2025,Depot P,SKU-634,20,Invalid,Product A,Active
01-06-2025,Depot P,SKU-937,7,Invalid,Product A,Active
01-06-2025,Depot P,SKU-635,243,Invalid,Product A,Active
01-06-2025,Depot P,SKU-636,9,Invalid,Product A,Active
01-06-2025,Depot P,SKU-637,49,Invalid,Product A,Active
01-06-2025,Depot P,SKU-638,103,Invalid,Product A,Active
01-06-2025,Depot P,SKU-938,148,Invalid,Product A,Active
01-06-2025,Depot P,SKU-639,1229,Invalid,Product A,Active
01-06-2025,Depot P,SKU-640,15,Invalid,Product A,Active
01-06-2025,Depot P,SKU-939,39,Invalid,Product A,Active
01-06-2025,Depot P,SKU-641,33,Invalid,Product A,Active
01-06-2025,Depot P,SKU-642,32,Invalid,Product A,Active
01-06-2025,Depot P,SKU-643,10,Invalid,Product A,Active
01-06-2025,Depot P,SKU-644,383,Invalid,Product A,Active
01-06-2025,Depot P,SKU-940,5,Invalid,Product A,Active
01-06-2025,Depot P,SKU-645,112,Invalid,Product A,Active
01-06-2025,Depot P,SKU-646,44,Invalid,Product A,Active
01-06-2025,Depot P,SKU-941,16,Invalid,Product A,Active
01-06-2025,Depot P,SKU-647,924,Invalid,Product A,Active
01-06-2025,Depot P,SKU-648,33,Invalid,Product A,Active
01-06-2025,Depot P,SKU-649,15,Invalid,Product A,Active
01-06-2025,Depot P,SKU-650,520,Invalid,Product A,Active
01-06-2025,Depot P,SKU-942,44,Invalid,Product A,Active
01-06-2025,Depot P,SKU-094,593,Invalid,Product A,Active
01-06-2025,Depot P,SKU-651,57,Invalid,Product A,Active
01-06-2025,Depot P,SKU-943,7,Invalid,Product A,Active
01-06-2025,Depot P,SKU-652,15,Invalid,Product A,Active
01-06-2025,Depot P,SKU-653,11,Invalid,Product A,Active
01-06-2025,Depot P,SKU-654,82,Invalid,Product A,Active
01-06-2025,Depot P,SKU-944,94,Invalid,Product A,Active
01-06-2025,Depot P,SKU-095,246,Invalid,Product A,Active
01-06-2025,Depot P,SKU-655,33,Invalid,Product A,Active
01-06-2025,Depot P,SKU-945,135,Invalid,Product A,Active
01-06-2025,Depot P,SKU-656,13,Invalid,Product A,Active
01-06-2025,Depot P,SKU-657,1,Invalid,Product A,Active
01-06-2025,Depot P,SKU-658,1,Invalid,Product A,Active
01-06-2025,Depot P,SKU-659,20,Invalid,Product A,Active
01-06-2025,Depot P,SKU-660,13,Invalid,Product A,Active
01-06-2025,Depot P,SKU-948,5,Invalid,Product A,Active
01-06-2025,Depot P,SKU-662,14,Invalid,Product A,Active
01-06-2025,Depot P,SKU-663,10,Invalid,Product A,Active
01-06-2025,Depot P,SKU-949,3,Invalid,Product A,Active
01-06-2025,Depot P,SKU-950,7,Invalid,Product A,Active
01-06-2025,Depot P,SKU-664,52,Invalid,Product A,Active
01-06-2025,Depot P,SKU-665,15,Invalid,Product A,Active
01-06-2025,Depot P,SKU-951,3,Invalid,Product A,Active
01-06-2025,Depot P,SKU-666,17,Invalid,Product A,Active
01-06-2025,Depot P,SKU-667,1,Invalid,Product A,Active
01-06-2025,Depot P,SKU-668,1,Invalid,Product A,Active
01-06-2025,Depot P,SKU-953,14,Invalid,Product A,Active
01-06-2025,Depot P,SKU-669,69,Invalid,Product A,Active
01-06-2025,Depot P,SKU-670,5,Invalid,Product A,Active
01-06-2025,Depot P,SKU-954,5,Invalid,Product A,Active
01-06-2025,Depot P,SKU-671,2,Invalid,Product A,Active
01-06-2025,Depot P,SKU-672,33,Invalid,Product A,Active
01-06-2025,Depot P,SKU-955,71,Invalid,Product A,Active
01-06-2025,Depot P,SKU-673,270,Invalid,Product A,Active
01-06-2025,Depot P,SKU-956,120,Invalid,Product A,Active
01-06-2025,Depot P,SKU-096,560,Invalid,Product A,Active
01-06-2025,Depot P,SKU-957,30,Invalid,Product A,Active
01-06-2025,Depot P,SKU-958,65,Invalid,Product A,Active
01-06-2025,Depot P,SKU-674,24,Invalid,Product A,Active
01-06-2025,Depot P,SKU-392,693,Invalid,Product A,Active
01-06-2025,Depot P,SKU-675,956,Invalid,Product A,Active
01-06-2025,Depot P,SKU-676,173,Invalid,Product A,Active
01-06-2025,Depot P,SKU-677,20,Invalid,Product A,Active
01-06-2025,Depot P,SKU-678,70,Invalid,Product A,Active
01-06-2025,Depot P,SKU-679,56,Invalid,Product A,Active
01-06-2025,Depot P,SKU-680,41,Invalid,Product A,Active
01-06-2025,Depot P,SKU-099,69,Invalid,Product A,Active
01-06-2025,Depot P,SKU-1248,1,Invalid,Product A,Active
01-06-2025,Depot P,SKU-683,108,Invalid,Product A,Active
01-06-2025,Depot P,SKU-393,22,Invalid,Product A,Active
01-06-2025,Depot P,SKU-684,72,Invalid,Product A,Active
01-06-2025,Depot P,SKU-960,35,Invalid,Product A,Active
01-06-2025,Depot P,SKU-686,110,Invalid,Product A,Active
01-06-2025,Depot P,SKU-687,21,Invalid,Product A,Active
01-06-2025,Depot P,SKU-101,273,Invalid,Product A,Active
01-06-2025,Depot P,SKU-394,9,Invalid,Product A,Active
01-06-2025,Depot P,SKU-688,248,Invalid,Product A,Active
01-06-2025,Depot P,SKU-102,40,Invalid,Product A,Active
01-06-2025,Depot P,SKU-1249,9,Invalid,Product A,Active
01-06-2025,Depot P,SKU-690,61,Invalid,Product A,Active
01-06-2025,Depot P,SKU-1145,39,Invalid,Product A,Active
01-06-2025,Depot P,SKU-182,249,Invalid,Product A,Active
01-06-2025,Depot P,SKU-318,1064,Invalid,Product A,Active
01-06-2025,Depot P,SKU-968,34,Invalid,Product A,Active
01-06-2025,Depot P,SKU-104,15,Invalid,Product A,Active
01-06-2025,Depot P,SKU-1250,1,Invalid,Product A,Not Active
01-06-2025,Depot P,SKU-692,10,Invalid,Product A,Active
01-06-2025,Depot P,SKU-693,77,Invalid,Product A,Active
01-06-2025,Depot P,SKU-694,12,Invalid,Product A,Active
01-06-2025,Depot P,SKU-1219,20,Invalid,Product A,Active
01-06-2025,Depot P,SKU-1067,98,Invalid,Product A,Active
01-06-2025,Depot P,SKU-695,69,Invalid,Product A,Active
01-06-2025,Depot P,SKU-971,17,Invalid,Product A,Active
01-06-2025,Depot P,SKU-696,23,Invalid,Product A,Active
01-06-2025,Depot P,SKU-1251,10,Invalid,Product A,Active
01-06-2025,Depot P,SKU-697,15,Invalid,Product A,Active
01-06-2025,Depot P,SKU-698,52,Invalid,Product A,Active
01-06-2025,Depot P,SKU-699,8,Invalid,Product A,Active
01-06-2025,Depot P,SKU-973,10,Invalid,Product A,Active
01-06-2025,Depot P,SKU-700,10,Invalid,Product A,Not Active
01-06-2025,Depot P,SKU-701,10,Invalid,Product A,Not Active
01-06-2025,Depot P,SKU-702,21,Invalid,Product A,Not Active
01-06-2025,Depot P,SKU-976,1,Invalid,Product A,Active
01-06-2025,Depot P,SKU-707,11,Invalid,Product A,Active
01-06-2025,Depot P,SKU-709,29,Invalid,Product A,Active
01-06-2025,Depot P,SKU-105,39,Invalid,Product A,Active
01-06-2025,Depot P,SKU-1160,5,Invalid,Product A,Active
01-06-2025,Depot P,SKU-1161,9,Invalid,Product A,Active
01-06-2025,Depot P,SKU-395,8,Invalid,Product A,Active
01-06-2025,Depot P,SKU-710,41,Invalid,Product A,Not Active
01-06-2025,Depot P,SKU-977,120,Invalid,Product A,Not Active
01-06-2025,Depot P,SKU-711,8,Invalid,Product A,Not Active
01-06-2025,Depot P,SKU-396,602,Invalid,Product A,Not Active
01-06-2025,Depot P,SKU-397,224,Invalid,Product A,Active
01-06-2025,Depot P,SKU-398,597,Invalid,Product A,Not Active
01-06-2025,Depot P,SKU-712,689,Invalid,Product A,Active
01-06-2025,Depot P,SKU-713,49,Invalid,Product A,Not Active
01-06-2025,Depot P,SKU-399,1554,Invalid,Product A,Active
01-06-2025,Depot P,SKU-714,230,Invalid,Product A,Not Active
01-06-2025,Depot P,SKU-183,818,Invalid,Product A,Active
01-06-2025,Depot P,SKU-715,24,Invalid,Product A,Not Active
01-06-2025,Depot P,SKU-319,377,Invalid,Product A,Active
01-06-2025,Depot P,SKU-716,9,Invalid,Product A,Not Active
01-06-2025,Depot P,SKU-717,243,Invalid,Product A,Not Active
01-06-2025,Depot P,SKU-718,393,Invalid,Product A,Not Active
01-06-2025,Depot P,SKU-719,11,Invalid,Product A,Not Active
01-06-2025,Depot P,SKU-184,59,Invalid,Product A,Active
01-06-2025,Depot P,SKU-320,743,Invalid,Product A,Active
01-06-2025,Depot P,SKU-723,54,Invalid,Product A,Active
01-06-2025,Depot P,SKU-724,25,Invalid,Product A,Active
01-06-2025,Depot P,SKU-984,10,Invalid,Product A,Active
01-06-2025,Depot P,SKU-726,9,Invalid,Product A,Active
01-06-2025,Depot P,SKU-400,34,Invalid,Product A,Active
01-06-2025,Depot P,SKU-727,19,Invalid,Product A,Active
01-06-2025,Depot P,SKU-985,10,Invalid,Product A,Active
01-06-2025,Depot P,SKU-728,36,Invalid,Product A,Active
01-06-2025,Depot P,SKU-988,14,Invalid,Product A,Active
01-06-2025,Depot P,SKU-1152,36,Invalid,Product A,Active
01-06-2025,Depot P,SKU-989,13,Invalid,Product A,Active
01-06-2025,Depot P,SKU-990,13,Invalid,Product A,Active
01-06-2025,Depot P,SKU-731,37,Invalid,Product A,Active
01-06-2025,Depot P,SKU-732,6,Invalid,Product A,Active
01-06-2025,Depot P,SKU-185,11,Invalid,Product A,Active
01-06-2025,Depot P,SKU-733,29,Invalid,Product A,Active
01-06-2025,Depot P,SKU-995,10,Invalid,Product A,Active
01-06-2025,Depot P,SKU-997,20,Invalid,Product A,Active
01-06-2025,Depot P,SKU-321,9,Invalid,Product A,Active
01-06-2025,Depot P,SKU-735,8,Invalid,Product A,Active
01-06-2025,Depot P,SKU-402,1,Invalid,Product A,Not Active
01-06-2025,Depot P,SKU-1110,28,Invalid,Product A,Active
01-06-2025,Depot P,SKU-737,16,Invalid,Product A,Active
01-06-2025,Depot P,SKU-108,349,Invalid,Product A,Active
01-06-2025,Depot P,SKU-403,5,Invalid,Product A,Active
01-06-2025,Depot P,SKU-998,25,Invalid,Product A,Not Active
01-06-2025,Depot P,SKU-404,42,Invalid,Product A,Active
01-06-2025,Depot P,SKU-739,48,Invalid,Product A,Active
01-06-2025,Depot P,SKU-740,21,Invalid,Product A,Active
01-06-2025,Depot P,SKU-405,5,Invalid,Product A,Active
01-06-2025,Depot P,SKU-742,16,Invalid,Product A,Active
01-06-2025,Depot P,SKU-743,717,Invalid,Product A,Active
01-06-2025,Depot P,SKU-744,63,Invalid,Product A,Active
01-06-2025,Depot P,SKU-407,28,Invalid,Product A,Active
01-06-2025,Depot P,SKU-408,10,Invalid,Product A,Not Active
01-06-2025,Depot P,SKU-747,25,Invalid,Product A,Active
01-06-2025,Depot P,SKU-748,303,Invalid,Product A,Active
01-06-2025,Depot P,SKU-749,20,Invalid,Product A,Active
01-06-2025,Depot P,SKU-111,105,Invalid,Product A,Active
01-06-2025,Depot P,SKU-751,1,Invalid,Product A,Active
01-06-2025,Depot P,SKU-409,4,Invalid,Product A,Not Active
01-06-2025,Depot P,SKU-752,42,Invalid,Product A,Active
01-06-2025,Depot P,SKU-753,4245,Invalid,Product A,Active
01-06-2025,Depot P,SKU-410,24,Invalid,Product A,Active
01-06-2025,Depot P,SKU-754,13,Invalid,Product A,Active
01-06-2025,Depot P,SKU-411,97,Invalid,Product A,Active
01-06-2025,Depot P,SKU-756,40,Invalid,Product A,Active
01-06-2025,Depot P,SKU-1002,31,Invalid,Product A,Active
01-06-2025,Depot P,SKU-1003,80,Invalid,Product A,Active
01-06-2025,Depot P,SKU-1005,9,Invalid,Product A,Active
01-06-2025,Depot P,SKU-322,4,Invalid,Product A,Active
01-06-2025,Depot P,SKU-759,42,Invalid,Product A,Active
01-06-2025,Depot P,SKU-1007,10,Invalid,Product A,Active
01-06-2025,Depot P,SKU-761,3,Invalid,Product A,Active
01-06-2025,Depot P,SKU-762,12,Invalid,Product A,Active
01-06-2025,Depot P,SKU-192,135,Invalid,Product A,Active
01-06-2025,Depot P,SKU-1008,2,Invalid,Product A,Not Active
01-06-2025,Depot P,SKU-413,13,Invalid,Product A,Active
01-06-2025,Depot P,SKU-763,3,Invalid,Product A,Active
01-06-2025,Depot P,SKU-764,8,Invalid,Product A,Active
01-06-2025,Depot P,SKU-193,4,Invalid,Product A,Active
01-06-2025,Depot P,SKU-414,15,Invalid,Product A,Active
01-06-2025,Depot P,SKU-766,5,Invalid,Product A,Active
01-06-2025,Depot P,SKU-767,5,Invalid,Product A,Active
01-06-2025,Depot P,SKU-768,5,Invalid,Product A,Active
01-06-2025,Depot P,SKU-769,5,Invalid,Product A,Active
01-06-2025,Depot P,SKU-416,8,Invalid,Product A,Active
01-06-2025,Depot P,SKU-1010,1,Invalid,Product A,Not Active
01-06-2025,Depot P,SKU-771,15,Invalid,Product A,Active
01-06-2025,Depot P,SKU-773,19,Invalid,Product A,Active
01-06-2025,Depot P,SKU-774,11,Invalid,Product A,Active
01-06-2025,Depot P,SKU-775,36,Invalid,Product A,Not Active
01-06-2025,Depot P,SKU-777,8,Invalid,Product A,Active
01-06-2025,Depot P,SKU-778,35,Invalid,Product A,Active
01-06-2025,Depot P,SKU-418,70,Invalid,Product A,Active
01-06-2025,Depot P,SKU-1072,4,Invalid,Product A,Active
01-06-2025,Depot P,SKU-1111,1,Invalid,Product A,Active
01-06-2025,Depot P,SKU-1162,4,Invalid,Product A,Active
01-06-2025,Depot P,SKU-1073,5,Invalid,Product A,Active
01-06-2025,Depot P,SKU-1252,1,Invalid,Product A,Not Active
01-06-2025,Depot P,SKU-1253,1,Invalid,Product A,Not Active
01-06-2025,Depot P,SKU-781,6,Invalid,Product A,Active
01-06-2025,Depot P,SKU-421,11,Invalid,Product A,Active
01-06-2025,Depot P,SKU-1013,2,Invalid,Product A,Not Active
01-06-2025,Depot P,SKU-423,7,Invalid,Product A,Active
01-06-2025,Depot P,SKU-1015,11,Invalid,Product A,Active
01-06-2025,Depot P,SKU-323,107,Invalid,Product A,Active
01-06-2025,Depot P,SKU-1074,2,Invalid,Product A,Active
01-06-2025,Depot P,SKU-782,18,Invalid,Product A,Active
01-06-2025,Depot P,SKU-783,13,Invalid,Product A,Not Active
01-06-2025,Depot P,SKU-785,2,Invalid,Product A,Not Active
01-06-2025,Depot P,SKU-426,6,Invalid,Product A,Active
01-06-2025,Depot P,SKU-786,5,Invalid,Product A,Active
01-06-2025,Depot P,SKU-428,2,Invalid,Product A,Active
01-06-2025,Depot P,SKU-1016,10,Invalid,Product A,Not Active
01-06-2025,Depot P,SKU-430,1,Invalid,Product A,Active
01-06-2025,Depot P,SKU-1017,9,Invalid,Product A,Active
01-06-2025,Depot P,SKU-787,82,Invalid,Product A,Active
01-06-2025,Depot P,SKU-1018,1,Invalid,Product A,Active
01-06-2025,Depot P,SKU-788,3,Invalid,Product A,Active
01-06-2025,Depot P,SKU-1117,33,Invalid,Product A,Not Active
01-06-2025,Depot P,SKU-789,2,Invalid,Product A,Not Active
01-06-2025,Depot P,SKU-432,1,Invalid,Product A,Active
01-06-2025,Depot P,SKU-790,1,Invalid,Product A,Active
01-06-2025,Depot P,SKU-434,1,Invalid,Product A,Active
01-06-2025,Depot P,SKU-1019,1,Invalid,Product A,Not Active
01-06-2025,Depot P,SKU-436,13,Invalid,Product A,Active
01-06-2025,Depot P,SKU-1020,19,Invalid,Product A,Active
01-06-2025,Depot P,SKU-324,2,Invalid,Product A,Active
01-06-2025,Depot P,SKU-1077,3,Invalid,Product A,Active
01-06-2025,Depot P,SKU-791,4,Invalid,Product A,Active
01-06-2025,Depot P,SKU-792,18,Invalid,Product A,Not Active
01-06-2025,Depot P,SKU-794,1,Invalid,Product A,Not Active
01-06-2025,Depot P,SKU-438,6,Invalid,Product A,Active
01-06-2025,Depot P,SKU-795,2,Invalid,Product A,Active
01-06-2025,Depot P,SKU-440,2,Invalid,Product A,Active
01-06-2025,Depot P,SKU-1021,28,Invalid,Product A,Not Active
01-06-2025,Depot P,SKU-442,5,Invalid,Product A,Active
01-06-2025,Depot P,SKU-1022,13,Invalid,Product A,Active
01-06-2025,Depot P,SKU-325,5,Invalid,Product A,Active
01-06-2025,Depot P,SKU-1023,14,Invalid,Product A,Active
01-06-2025,Depot P,SKU-272,6,Invalid,Product A,Active
01-06-2025,Depot P,SKU-796,1,Invalid,Product A,Not Active
01-06-2025,Depot P,SKU-798,3,Invalid,Product A,Not Active
01-06-2025,Depot P,SKU-1024,3,Invalid,Product A,Active
01-06-2025,Depot P,SKU-1027,10,Invalid,Product A,Active
01-06-2025,Depot P,SKU-445,5,Invalid,Product A,Active
01-06-2025,Depot P,SKU-799,7,Invalid,Product A,Active
01-06-2025,Depot P,SKU-448,2,Invalid,Product A,Active
01-06-2025,Depot P,SKU-1029,0,Invalid,Product A,Not Active
01-06-2025,Depot P,SKU-450,6,Invalid,Product A,Active
01-06-2025,Depot P,SKU-1030,4,Invalid,Product A,Active
01-06-2025,Depot P,SKU-326,35,Invalid,Product A,Active
01-06-2025,Depot P,SKU-1031,1,Invalid,Product A,Active
01-06-2025,Depot P,SKU-273,12,Invalid,Product A,Active
01-06-2025,Depot P,SKU-800,16,Invalid,Product A,Not Active
01-06-2025,Depot P,SKU-801,1,Invalid,Product A,Not Active
01-06-2025,Depot P,SKU-803,5,Invalid,Product A,Active
01-06-2025,Depot P,SKU-452,1,Invalid,Product A,Active
01-06-2025,Depot P,SKU-1032,1,Invalid,Product A,Not Active
01-06-2025,Depot P,SKU-804,1,Invalid,Product A,Active
01-06-2025,Depot P,SKU-1034,2,Invalid,Product A,Active
01-06-2025,Depot P,SKU-805,21,Invalid,Product A,Active
01-06-2025,Depot P,SKU-807,1,Invalid,Product A,Not Active
01-06-2025,Depot P,SKU-1036,3,Invalid,Product A,Active
01-06-2025,Depot P,SKU-808,17,Invalid,Product A,Active
01-06-2025,Depot P,SKU-454,12,Invalid,Product A,Active
01-06-2025,Depot P,SKU-1038,2,Invalid,Product A,Not Active
01-06-2025,Depot P,SKU-809,6,Invalid,Product A,Active
01-06-2025,Depot P,SKU-1039,5,Invalid,Product A,Active
01-06-2025,Depot P,SKU-327,101,Invalid,Product A,Active
01-06-2025,Depot P,SKU-1040,5,Invalid,Product A,Active
01-06-2025,Depot P,SKU-274,40,Invalid,Product A,Active
01-06-2025,Depot P,SKU-1041,1,Invalid,Product A,Not Active
01-06-2025,Depot P,SKU-812,2,Invalid,Product A,Active
01-06-2025,Depot P,SKU-813,16,Invalid,Product A,Active
01-06-2025,Depot P,SKU-814,4,Invalid,Product A,Active
01-06-2025,Depot P,SKU-456,20,Invalid,Product A,Active
01-06-2025,Depot P,SKU-815,4,Invalid,Product A,Active
01-06-2025,Depot P,SKU-457,4,Invalid,Product A,Active
01-06-2025,Depot P,SKU-816,3,Invalid,Product A,Active
01-06-2025,Depot P,SKU-458,5,Invalid,Product A,Active
01-06-2025,Depot P,SKU-817,4,Invalid,Product A,Active
01-06-2025,Depot P,SKU-459,13,Invalid,Product A,Active
01-06-2025,Depot P,SKU-818,2,Invalid,Product A,Active
01-06-2025,Depot P,SKU-819,15,Invalid,Product A,Active
01-06-2025,Depot P,SKU-820,3,Invalid,Product A,Active
01-06-2025,Depot P,SKU-460,19,Invalid,Product A,Active
01-06-2025,Depot P,SKU-821,1,Invalid,Product A,Active
01-06-2025,Depot P,SKU-461,11,Invalid,Product A,Active
01-06-2025,Depot P,SKU-463,6,Invalid,Product A,Active
01-06-2025,Depot P,SKU-824,4,Invalid,Product A,Active
01-06-2025,Depot P,SKU-464,4,Invalid,Product A,Active
01-06-2025,Depot P,SKU-1135,1,Invalid,Product A,Active
01-06-2025,Depot P,SKU-465,1,Invalid,Product A,Active
01-06-2025,Depot P,SKU-1043,1,Invalid,Product A,Active
01-06-2025,Depot P,SKU-825,1,Invalid,Product A,Active
01-06-2025,Depot P,SKU-826,1,Invalid,Product A,Active
01-06-2025,Depot P,SKU-827,11,Invalid,Product A,Active
01-06-2025,Depot P,SKU-828,1,Invalid,Product A,Active
01-06-2025,Depot P,SKU-466,7,Invalid,Product A,Active
01-06-2025,Depot P,SKU-829,4,Invalid,Product A,Active
01-06-2025,Depot P,SKU-1254,16,Invalid,Product A,Active
01-06-2025,Depot P,SKU-1255,5,Invalid,Product A,Active
01-06-2025,Depot P,SKU-468,20,Invalid,Product A,Active
01-06-2025,Depot P,SKU-275,23,Invalid,Product A,Active
01-06-2025,Depot P,SKU-469,31,Invalid,Product A,Active
01-06-2025,Depot P,SKU-328,13,Invalid,Product A,Active
01-06-2025,Depot P,SKU-835,10,Invalid,Product A,Active
01-06-2025,Depot P,SKU-329,19,Invalid,Product A,Active
01-06-2025,Depot P,SKU-1256,27,Invalid,Product A,Active
01-06-2025,Depot P,SKU-838,28,Invalid,Product A,Active
01-06-2025,Depot P,SKU-839,26,Invalid,Product A,Active
01-06-2025,Depot P,SKU-840,27,Invalid,Product A,Active
01-06-2025,Depot P,SKU-1153,124,Invalid,Product A,Active
01-06-2025,Depot P,SKU-841,39,Invalid,Product A,Active
01-06-2025,Depot P,SKU-263,104,Invalid,Product A,Active
01-06-2025,Depot P,SKU-842,10,Invalid,Product A,Active
01-06-2025,Depot P,SKU-843,75,Invalid,Product A,Active
01-06-2025,Depot P,SKU-127,170,Invalid,Product A,Active
01-06-2025,Depot P,SKU-259,29,Invalid,Product A,Active
01-06-2025,Depot P,SKU-128,62,Invalid,Product A,Active
01-06-2025,Depot P,SKU-1207,7,Invalid,Product A,Active
01-06-2025,Depot P,SKU-1208,32,Invalid,Product A,Active
01-06-2025,Depot P,SKU-470,20,Invalid,Product A,Not Active
01-06-2025,Depot P,SKU-471,256,Invalid,Product A,Not Active
01-06-2025,Depot P,SKU-472,14592,Invalid,Product A,Not Active
01-06-2025,Depot P,SKU-473,19777,Invalid,Product A,Active
01-06-2025,Depot P,SKU-474,2416,Invalid,Product A,Not Active
01-06-2025,Depot P,SKU-475,16377,Invalid,Product A,Active
01-06-2025,Depot P,SKU-844,52,Invalid,Product A,Not Active
01-06-2025,Depot P,SKU-845,119,Invalid,Product A,Not Active
01-06-2025,Depot P,SKU-846,172,Invalid,Product A,Not Active
01-06-2025,Depot P,SKU-476,156,Invalid,Product A,Not Active
01-06-2025,Depot P,SKU-847,62,Invalid,Product A,Not Active
01-06-2025,Depot P,SKU-1155,50,Invalid,Product A,Not Active
01-06-2025,Depot P,SKU-848,9,Invalid,Product A,Active
01-06-2025,Depot P,SKU-1172,10,Invalid,Product A,Active
01-06-2025,Depot P,SKU-850,22,Invalid,Product A,Active
01-06-2025,Depot P,SKU-852,15,Invalid,Product A,Active
01-06-2025,Depot P,SKU-853,36,Invalid,Product A,Active
01-06-2025,Depot P,SKU-854,5,Invalid,Product A,Active
01-06-2025,Depot P,SKU-856,6,Invalid,Product A,Active
01-06-2025,Depot P,SKU-857,86,Invalid,Product A,Active
01-06-2025,Depot P,SKU-330,37,Invalid,Product A,Active
01-06-2025,Depot P,SKU-265,28,Invalid,Product A,Active
01-06-2025,Depot P,SKU-266,51,Invalid,Product A,Active
01-06-2025,Depot P,SKU-267,92,Invalid,Product A,Active
01-06-2025,Depot P,SKU-226,28,Invalid,Product A,Active
01-06-2025,Depot P,SKU-1257,23,Invalid,Product A,Active
01-06-2025,Depot P,SKU-858,19,Invalid,Product A,Active
01-06-2025,Depot P,SKU-1258,30,Invalid,Product A,Active
01-06-2025,Depot P,SKU-859,21,Invalid,Product A,Active
01-06-2025,Depot P,SKU-860,10,Invalid,Product A,Active
01-06-2025,Depot P,SKU-1138,67,Invalid,Product A,Active
01-06-2025,Depot P,SKU-862,25,Invalid,Product A,Active
01-06-2025,Depot P,SKU-1084,14,Invalid,Product A,Active
01-06-2025,Depot P,SKU-863,5,Invalid,Product A,Active
01-06-2025,Depot P,SKU-864,30,Invalid,Product A,Active
01-06-2025,Depot P,SKU-477,4,Invalid,Product A,Active
01-06-2025,Depot P,SKU-865,12,Invalid,Product A,Active
01-06-2025,Depot P,SKU-866,16,Invalid,Product A,Active
01-06-2025,Depot P,SKU-867,96,Invalid,Product A,Active
01-06-2025,Depot P,SKU-478,122,Invalid,Product A,Active
01-06-2025,Depot P,SKU-868,15,Invalid,Product A,Active
01-06-2025,Depot P,SKU-869,49,Invalid,Product A,Active
01-06-2025,Depot P,SKU-479,47,Invalid,Product A,Active
01-06-2025,Depot P,SKU-870,66,Invalid,Product A,Active
01-06-2025,Depot P,SKU-871,94,Invalid,Product A,Active
01-06-2025,Depot P,SKU-872,5,Invalid,Product A,Active
01-06-2025,Depot P,SKU-480,58,Invalid,Product A,Active
01-06-2025,Depot P,SKU-873,22,Invalid,Product A,Active
01-06-2025,Depot P,SKU-874,19,Invalid,Product A,Active
01-06-2025,Depot P,SKU-481,474,Invalid,Product A,Active
01-06-2025,Depot P,SKU-875,6,Invalid,Product A,Active
01-06-2025,Depot P,SKU-876,58,Invalid,Product A,Active
01-06-2025,Depot P,SKU-482,9,Invalid,Product A,Active
01-06-2025,Depot P,SKU-483,77,Invalid,Product A,Active
01-06-2025,Depot P,SKU-878,9,Invalid,Product A,Active
01-06-2025,Depot P,SKU-484,37,Invalid,Product A,Active
01-06-2025,Depot P,SKU-879,98,Invalid,Product A,Active
01-06-2025,Depot P,SKU-880,5,Invalid,Product A,Active
01-06-2025,Depot P,SKU-881,106,Invalid,Product A,Active
01-06-2025,Depot P,SKU-485,15,Invalid,Product A,Active
01-06-2025,Depot P,SKU-882,5,Invalid,Product A,Active
01-06-2025,Depot P,SKU-883,5,Invalid,Product A,Active
01-06-2025,Depot P,SKU-486,20,Invalid,Product A,Active
01-06-2025,Depot P,SKU-487,154,Invalid,Product A,Active
01-06-2025,Depot P,SKU-884,7,Invalid,Product A,Active
01-06-2025,Depot P,SKU-885,21,Invalid,Product A,Active
01-06-2025,Depot P,SKU-488,30,Invalid,Product A,Active
01-06-2025,Depot P,SKU-281,40,Invalid,Product A,Active
01-06-2025,Depot P,SKU-886,65,Invalid,Product A,Active
01-06-2025,Depot P,SKU-887,40,Invalid,Product A,Active
01-06-2025,Depot P,SKU-888,15,Invalid,Product A,Active
01-06-2025,Depot P,SKU-331,10,Invalid,Product A,Active
01-06-2025,Depot P,SKU-332,41,Invalid,Product A,Active
01-06-2025,Depot P,SKU-333,8,Invalid,Product A,Active
01-06-2025,Depot P,SKU-894,104,Invalid,Product A,Active
01-06-2025,Depot Q,SKU-490,81,Invalid,Product A,Not Active
01-06-2025,Depot Q,SKU-335,30,Invalid,Product A,Not Active
01-06-2025,Depot Q,SKU-336,52,Invalid,Product A,Not Active
01-06-2025,Depot Q,SKU-492,24,Invalid,Product A,Not Active
01-06-2025,Depot Q,SKU-1176,20,Invalid,Product A,Active
01-06-2025,Depot Q,SKU-493,93,Invalid,Product A,Active
01-06-2025,Depot Q,SKU-337,71,Invalid,Product A,Not Active
01-06-2025,Depot Q,SKU-1140,43750,Invalid,Product A,Active
01-06-2025,Depot Q,SKU-338,6576,Invalid,Product A,Not Active
01-06-2025,Depot Q,SKU-495,41,Invalid,Product A,Not Active
01-06-2025,Depot Q,SKU-221,767,Invalid,Product A,Active
01-06-2025,Depot Q,SKU-1045,33,Invalid,Product A,Active
01-06-2025,Depot Q,SKU-496,16,Invalid,Product A,Active
01-06-2025,Depot Q,SKU-497,43,Invalid,Product A,Active
01-06-2025,Depot Q,SKU-498,40,Invalid,Product A,Active
01-06-2025,Depot Q,SKU-499,26,Invalid,Product A,Active
01-06-2025,Depot Q,SKU-501,8,Invalid,Product A,Active
01-06-2025,Depot Q,SKU-339,3730,Invalid,Product A,Not Active
01-06-2025,Depot Q,SKU-340,2479,Invalid,Product A,Active
01-06-2025,Depot Q,SKU-502,423,Invalid,Product A,Active
01-06-2025,Depot Q,SKU-503,3,Invalid,Product A,Active
01-06-2025,Depot Q,SKU-505,1,Invalid,Product A,Active
01-06-2025,Depot Q,SKU-1149,92,Invalid,Product A,Active
01-06-2025,Depot Q,SKU-1095,24,Invalid,Product A,Active
01-06-2025,Depot Q,SKU-1096,64,Invalid,Product A,Active
01-06-2025,Depot Q,SKU-222,51,Invalid,Product A,Active
01-06-2025,Depot Q,SKU-507,123,Invalid,Product A,Active
01-06-2025,Depot Q,SKU-508,12,Invalid,Product A,Not Active
01-06-2025,Depot Q,SKU-1097,40,Invalid,Product A,Not Active
01-06-2025,Depot Q,SKU-223,279,Invalid,Product A,Active
01-06-2025,Depot Q,SKU-1150,10,Invalid,Product A,Not Active
01-06-2025,Depot Q,SKU-204,554,Invalid,Product A,Active
01-06-2025,Depot Q,SKU-509,11,Invalid,Product A,Not Active
01-06-2025,Depot Q,SKU-205,50,Invalid,Product A,Active
01-06-2025,Depot Q,SKU-901,437,Invalid,Product A,Not Active
01-06-2025,Depot Q,SKU-235,10,Invalid,Product A,Active
01-06-2025,Depot Q,SKU-342,10,Invalid,Product A,Not Active
01-06-2025,Depot Q,SKU-343,281,Invalid,Product A,Not Active
01-06-2025,Depot Q,SKU-344,77,Invalid,Product A,Not Active
01-06-2025,Depot Q,SKU-512,104,Invalid,Product A,Not Active
01-06-2025,Depot Q,SKU-345,110,Invalid,Product A,Not Active
01-06-2025,Depot Q,SKU-346,562,Invalid,Product A,Not Active
01-06-2025,Depot Q,SKU-207,50,Invalid,Product A,Active
01-06-2025,Depot Q,SKU-347,16,Invalid,Product A,Active
01-06-2025,Depot Q,SKU-902,6494,Invalid,Product A,Active
01-06-2025,Depot Q,SKU-229,136,Invalid,Product A,Active
01-06-2025,Depot Q,SKU-349,898,Invalid,Product A,Active
01-06-2025,Depot Q,SKU-208,437,Invalid,Product A,Active
01-06-2025,Depot Q,SKU-513,23,Invalid,Product A,Active
01-06-2025,Depot Q,SKU-350,308,Invalid,Product A,Active
01-06-2025,Depot Q,SKU-248,601,Invalid,Product A,Active
01-06-2025,Depot Q,SKU-063,265,Invalid,Product A,Not Active
01-06-2025,Depot Q,SKU-249,50043,Invalid,Product A,Not Active
01-06-2025,Depot Q,SKU-236,1425,Invalid,Product A,Not Active
01-06-2025,Depot Q,SKU-250,29,Invalid,Product A,Active
01-06-2025,Depot Q,SKU-282,148,Invalid,Product A,Active
01-06-2025,Depot Q,SKU-515,51,Invalid,Product A,Not Active
01-06-2025,Depot Q,SKU-516,9,Invalid,Product A,Active
01-06-2025,Depot Q,SKU-517,98,Invalid,Product A,Active
01-06-2025,Depot Q,SKU-283,253,Invalid,Product A,Not Active
01-06-2025,Depot Q,SKU-251,121,Invalid,Product A,Active
01-06-2025,Depot Q,SKU-1099,16,Invalid,Product A,Active
01-06-2025,Depot Q,SKU-253,250,Invalid,Product A,Active
01-06-2025,Depot Q,SKU-904,6,Invalid,Product A,Active
01-06-2025,Depot Q,SKU-351,19,Invalid,Product A,Active
01-06-2025,Depot Q,SKU-352,5,Invalid,Product A,Active
01-06-2025,Depot Q,SKU-353,23,Invalid,Product A,Active
01-06-2025,Depot Q,SKU-354,10,Invalid,Product A,Active
01-06-2025,Depot Q,SKU-355,5,Invalid,Product A,Active
01-06-2025,Depot Q,SKU-356,14,Invalid,Product A,Active
01-06-2025,Depot Q,SKU-518,15,Invalid,Product A,Active
01-06-2025,Depot Q,SKU-519,82,Invalid,Product A,Active
01-06-2025,Depot Q,SKU-357,81,Invalid,Product A,Active
01-06-2025,Depot Q,SKU-358,12,Invalid,Product A,Active
01-06-2025,Depot Q,SKU-359,10,Invalid,Product A,Not Active
01-06-2025,Depot Q,SKU-361,51,Invalid,Product A,Not Active
01-06-2025,Depot Q,SKU-362,10,Invalid,Product A,Not Active
01-06-2025,Depot Q,SKU-363,5,Invalid,Product A,Not Active
01-06-2025,Depot Q,SKU-520,12,Invalid,Product A,Not Active
01-06-2025,Depot Q,SKU-364,14,Invalid,Product A,Not Active
01-06-2025,Depot Q,SKU-365,39,Invalid,Product A,Not Active
01-06-2025,Depot Q,SKU-366,41,Invalid,Product A,Not Active
01-06-2025,Depot Q,SKU-367,3,Invalid,Product A,Not Active
01-06-2025,Depot Q,SKU-523,5,Invalid,Product A,Not Active
01-06-2025,Depot Q,SKU-371,17,Invalid,Product A,Not Active
01-06-2025,Depot Q,SKU-372,48,Invalid,Product A,Not Active
01-06-2025,Depot Q,SKU-373,101,Invalid,Product A,Active
01-06-2025,Depot Q,SKU-374,5,Invalid,Product A,Not Active
01-06-2025,Depot Q,SKU-376,3,Invalid,Product A,Not Active
01-06-2025,Depot Q,SKU-261,407,Invalid,Product A,Active
01-06-2025,Depot Q,SKU-238,36,Invalid,Product A,Active
01-06-2025,Depot Q,SKU-254,13,Invalid,Product A,Active
01-06-2025,Depot Q,SKU-262,8,Invalid,Product A,Active
01-06-2025,Depot Q,SKU-064,162,Invalid,Product A,Active
01-06-2025,Depot Q,SKU-537,0,Invalid,Product A,Active
01-06-2025,Depot Q,SKU-210,217,Invalid,Product A,Active
01-06-2025,Depot Q,SKU-270,105,Invalid,Product A,Active
01-06-2025,Depot Q,SKU-538,18,Invalid,Product A,Active
01-06-2025,Depot Q,SKU-160,140,Invalid,Product A,Active
01-06-2025,Depot Q,SKU-067,112,Invalid,Product A,Active
01-06-2025,Depot Q,SKU-255,383,Invalid,Product A,Active
01-06-2025,Depot Q,SKU-230,50,Invalid,Product A,Active
01-06-2025,Depot Q,SKU-232,9,Invalid,Product A,Active
01-06-2025,Depot Q,SKU-539,1047,Invalid,Product A,Active
01-06-2025,Depot Q,SKU-023,80,Invalid,Product A,Active
01-06-2025,Depot Q,SKU-379,83,Invalid,Product A,Not Active
01-06-2025,Depot Q,SKU-380,5506,Invalid,Product A,Not Active
01-06-2025,Depot Q,SKU-542,4669,Invalid,Product A,Not Active
01-06-2025,Depot Q,SKU-544,469,Invalid,Product A,Active
01-06-2025,Depot Q,SKU-381,97,Invalid,Product A,Not Active
01-06-2025,Depot Q,SKU-546,9,Invalid,Product A,Active
01-06-2025,Depot Q,SKU-070,74,Invalid,Product A,Active
01-06-2025,Depot Q,SKU-383,57,Invalid,Product A,Active
01-06-2025,Depot Q,SKU-071,4,Invalid,Product A,Active
01-06-2025,Depot Q,SKU-072,192,Invalid,Product A,Active
01-06-2025,Depot Q,SKU-161,209,Invalid,Product A,Active
01-06-2025,Depot Q,SKU-1052,5,Invalid,Product A,Not Active
01-06-2025,Depot Q,SKU-911,5,Invalid,Product A,Active
01-06-2025,Depot Q,SKU-076,102,Invalid,Product A,Active
01-06-2025,Depot Q,SKU-256,58,Invalid,Product A,Active
01-06-2025,Depot Q,SKU-211,18,Invalid,Product A,Not Active
01-06-2025,Depot Q,SKU-284,89,Invalid,Product A,Not Active
01-06-2025,Depot Q,SKU-560,39,Invalid,Product A,Not Active
01-06-2025,Depot Q,SKU-166,18,Invalid,Product A,Active
01-06-2025,Depot Q,SKU-213,49,Invalid,Product A,Not Active
01-06-2025,Depot Q,SKU-167,9,Invalid,Product A,Active
01-06-2025,Depot Q,SKU-214,35,Invalid,Product A,Not Active
01-06-2025,Depot Q,SKU-914,7,Invalid,Product A,Not Active
01-06-2025,Depot Q,SKU-084,57,Invalid,Product A,Active
01-06-2025,Depot Q,SKU-569,5,Invalid,Product A,Active
01-06-2025,Depot Q,SKU-1057,10,Invalid,Product A,Active
01-06-2025,Depot Q,SKU-216,13,Invalid,Product A,Not Active
01-06-2025,Depot Q,SKU-257,15,Invalid,Product A,Active
01-06-2025,Depot Q,SKU-915,61,Invalid,Product A,Active
01-06-2025,Depot Q,SKU-088,537,Invalid,Product A,Active
01-06-2025,Depot Q,SKU-233,2616,Invalid,Product A,Active
01-06-2025,Depot Q,SKU-218,71,Invalid,Product A,Active
01-06-2025,Depot Q,SKU-1202,60,Invalid,Product A,Active
01-06-2025,Depot Q,SKU-1203,10,Invalid,Product A,Active
01-06-2025,Depot Q,SKU-039,68,Invalid,Product A,Active
01-06-2025,Depot Q,SKU-090,89,Invalid,Product A,Active
01-06-2025,Depot Q,SKU-048,54,Invalid,Product A,Not Active
01-06-2025,Depot Q,SKU-573,18,Invalid,Product A,Not Active
01-06-2025,Depot Q,SKU-574,52,Invalid,Product A,Not Active
01-06-2025,Depot Q,SKU-575,70,Invalid,Product A,Not Active
01-06-2025,Depot Q,SKU-576,26,Invalid,Product A,Not Active
01-06-2025,Depot Q,SKU-920,20,Invalid,Product A,Not Active
01-06-2025,Depot Q,SKU-057,39,Invalid,Product A,Not Active
01-06-2025,Depot Q,SKU-058,15,Invalid,Product A,Not Active
01-06-2025,Depot Q,SKU-092,540,Invalid,Product A,Active
01-06-2025,Depot Q,SKU-578,117,Invalid,Product A,Active
01-06-2025,Depot Q,SKU-579,169,Invalid,Product A,Active
01-06-2025,Depot Q,SKU-583,72,Invalid,Product A,Active
01-06-2025,Depot Q,SKU-584,12,Invalid,Product A,Active
01-06-2025,Depot Q,SKU-586,163,Invalid,Product A,Not Active
01-06-2025,Depot Q,SKU-1104,80,Invalid,Product A,Not Active
01-06-2025,Depot Q,SKU-093,165,Invalid,Product A,Active
01-06-2025,Depot Q,SKU-589,34,Invalid,Product A,Active
01-06-2025,Depot Q,SKU-590,43,Invalid,Product A,Active
01-06-2025,Depot Q,SKU-593,611,Invalid,Product A,Active
01-06-2025,Depot Q,SKU-594,18,Invalid,Product A,Active
01-06-2025,Depot Q,SKU-595,34,Invalid,Product A,Active
01-06-2025,Depot Q,SKU-596,57,Invalid,Product A,Active
01-06-2025,Depot Q,SKU-600,10,Invalid,Product A,Active
01-06-2025,Depot Q,SKU-608,50,Invalid,Product A,Active
01-06-2025,Depot Q,SKU-179,80,Invalid,Product A,Active
01-06-2025,Depot Q,SKU-285,342,Invalid,Product A,Active
01-06-2025,Depot Q,SKU-609,72,Invalid,Product A,Active
01-06-2025,Depot Q,SKU-611,10,Invalid,Product A,Active
01-06-2025,Depot Q,SKU-612,10,Invalid,Product A,Active
01-06-2025,Depot Q,SKU-930,102,Invalid,Product A,Not Active
01-06-2025,Depot Q,SKU-287,41,Invalid,Product A,Active
01-06-2025,Depot Q,SKU-616,93,Invalid,Product A,Active
01-06-2025,Depot Q,SKU-288,72,Invalid,Product A,Active
01-06-2025,Depot Q,SKU-620,25,Invalid,Product A,Active
01-06-2025,Depot Q,SKU-637,4,Invalid,Product A,Active
01-06-2025,Depot Q,SKU-938,103,Invalid,Product A,Active
01-06-2025,Depot Q,SKU-639,78,Invalid,Product A,Active
01-06-2025,Depot Q,SKU-939,19,Invalid,Product A,Active
01-06-2025,Depot Q,SKU-643,9,Invalid,Product A,Active
01-06-2025,Depot Q,SKU-940,91,Invalid,Product A,Active
01-06-2025,Depot Q,SKU-645,259,Invalid,Product A,Active
01-06-2025,Depot Q,SKU-646,8,Invalid,Product A,Active
01-06-2025,Depot Q,SKU-649,11,Invalid,Product A,Active
01-06-2025,Depot Q,SKU-942,123,Invalid,Product A,Active
01-06-2025,Depot Q,SKU-094,177,Invalid,Product A,Active
01-06-2025,Depot Q,SKU-651,9,Invalid,Product A,Active
01-06-2025,Depot Q,SKU-943,15,Invalid,Product A,Active
01-06-2025,Depot Q,SKU-653,5,Invalid,Product A,Active
01-06-2025,Depot Q,SKU-944,105,Invalid,Product A,Active
01-06-2025,Depot Q,SKU-095,48,Invalid,Product A,Active
01-06-2025,Depot Q,SKU-655,21,Invalid,Product A,Active
01-06-2025,Depot Q,SKU-945,84,Invalid,Product A,Active
01-06-2025,Depot Q,SKU-658,9,Invalid,Product A,Active
01-06-2025,Depot Q,SKU-947,33,Invalid,Product A,Active
01-06-2025,Depot Q,SKU-659,40,Invalid,Product A,Active
01-06-2025,Depot Q,SKU-660,29,Invalid,Product A,Active
01-06-2025,Depot Q,SKU-948,15,Invalid,Product A,Active
01-06-2025,Depot Q,SKU-663,4,Invalid,Product A,Active
01-06-2025,Depot Q,SKU-950,18,Invalid,Product A,Active
01-06-2025,Depot Q,SKU-664,76,Invalid,Product A,Active
01-06-2025,Depot Q,SKU-951,12,Invalid,Product A,Active
01-06-2025,Depot Q,SKU-955,2,Invalid,Product A,Active
01-06-2025,Depot Q,SKU-956,17,Invalid,Product A,Active
01-06-2025,Depot Q,SKU-096,95,Invalid,Product A,Active
01-06-2025,Depot Q,SKU-180,301,Invalid,Product A,Active
01-06-2025,Depot Q,SKU-392,2404,Invalid,Product A,Active
01-06-2025,Depot Q,SKU-675,849,Invalid,Product A,Active
01-06-2025,Depot Q,SKU-676,47,Invalid,Product A,Active
01-06-2025,Depot Q,SKU-677,116,Invalid,Product A,Active
01-06-2025,Depot Q,SKU-678,105,Invalid,Product A,Active
01-06-2025,Depot Q,SKU-679,9,Invalid,Product A,Active
01-06-2025,Depot Q,SKU-680,41,Invalid,Product A,Active
01-06-2025,Depot Q,SKU-099,77,Invalid,Product A,Active
01-06-2025,Depot Q,SKU-681,40,Invalid,Product A,Not Active
01-06-2025,Depot Q,SKU-1259,104,Invalid,Product A,Not Active
01-06-2025,Depot Q,SKU-959,16,Invalid,Product A,Not Active
01-06-2025,Depot Q,SKU-682,13,Invalid,Product A,Not Active
01-06-2025,Depot Q,SKU-683,404,Invalid,Product A,Active
01-06-2025,Depot Q,SKU-393,369,Invalid,Product A,Active
01-06-2025,Depot Q,SKU-684,62,Invalid,Product A,Active
01-06-2025,Depot Q,SKU-685,20,Invalid,Product A,Active
01-06-2025,Depot Q,SKU-1108,20,Invalid,Product A,Active
01-06-2025,Depot Q,SKU-960,18,Invalid,Product A,Active
01-06-2025,Depot Q,SKU-686,415,Invalid,Product A,Active
01-06-2025,Depot Q,SKU-961,120,Invalid,Product A,Active
01-06-2025,Depot Q,SKU-687,99,Invalid,Product A,Active
01-06-2025,Depot Q,SKU-394,8,Invalid,Product A,Active
01-06-2025,Depot Q,SKU-688,526,Invalid,Product A,Active
01-06-2025,Depot Q,SKU-962,20,Invalid,Product A,Not Active
01-06-2025,Depot Q,SKU-963,59,Invalid,Product A,Not Active
01-06-2025,Depot Q,SKU-964,20,Invalid,Product A,Not Active
01-06-2025,Depot Q,SKU-689,18,Invalid,Product A,Active
01-06-2025,Depot Q,SKU-1066,53,Invalid,Product A,Active
01-06-2025,Depot Q,SKU-102,28,Invalid,Product A,Active
01-06-2025,Depot Q,SKU-1145,9,Invalid,Product A,Active
01-06-2025,Depot Q,SKU-182,159,Invalid,Product A,Active
01-06-2025,Depot Q,SKU-691,23,Invalid,Product A,Active
01-06-2025,Depot Q,SKU-968,34,Invalid,Product A,Active
01-06-2025,Depot Q,SKU-104,103,Invalid,Product A,Active
01-06-2025,Depot Q,SKU-970,20,Invalid,Product A,Active
01-06-2025,Depot Q,SKU-693,2,Invalid,Product A,Active
01-06-2025,Depot Q,SKU-694,181,Invalid,Product A,Active
01-06-2025,Depot Q,SKU-1219,179,Invalid,Product A,Active
01-06-2025,Depot Q,SKU-695,18,Invalid,Product A,Active
01-06-2025,Depot Q,SKU-971,131,Invalid,Product A,Active
01-06-2025,Depot Q,SKU-696,393,Invalid,Product A,Active
01-06-2025,Depot Q,SKU-697,21,Invalid,Product A,Active
01-06-2025,Depot Q,SKU-698,32,Invalid,Product A,Active
01-06-2025,Depot Q,SKU-699,25,Invalid,Product A,Active
01-06-2025,Depot Q,SKU-974,11,Invalid,Product A,Active
01-06-2025,Depot Q,SKU-701,20,Invalid,Product A,Not Active
01-06-2025,Depot Q,SKU-703,53,Invalid,Product A,Active
01-06-2025,Depot Q,SKU-976,14,Invalid,Product A,Active
01-06-2025,Depot Q,SKU-704,89,Invalid,Product A,Active
01-06-2025,Depot Q,SKU-707,26,Invalid,Product A,Active
01-06-2025,Depot Q,SKU-708,57,Invalid,Product A,Active
01-06-2025,Depot Q,SKU-709,5,Invalid,Product A,Active
01-06-2025,Depot Q,SKU-105,47,Invalid,Product A,Active
01-06-2025,Depot Q,SKU-1160,8,Invalid,Product A,Active
01-06-2025,Depot Q,SKU-1161,8,Invalid,Product A,Active
01-06-2025,Depot Q,SKU-395,105,Invalid,Product A,Active
01-06-2025,Depot Q,SKU-710,22,Invalid,Product A,Not Active
01-06-2025,Depot Q,SKU-977,136,Invalid,Product A,Not Active
01-06-2025,Depot Q,SKU-711,129,Invalid,Product A,Not Active
01-06-2025,Depot Q,SKU-396,149,Invalid,Product A,Not Active
01-06-2025,Depot Q,SKU-397,219,Invalid,Product A,Active
01-06-2025,Depot Q,SKU-398,848,Invalid,Product A,Not Active
01-06-2025,Depot Q,SKU-712,1126,Invalid,Product A,Active
01-06-2025,Depot Q,SKU-713,261,Invalid,Product A,Not Active
01-06-2025,Depot Q,SKU-399,1643,Invalid,Product A,Active
01-06-2025,Depot Q,SKU-714,12,Invalid,Product A,Not Active
01-06-2025,Depot Q,SKU-183,132,Invalid,Product A,Active
01-06-2025,Depot Q,SKU-715,48,Invalid,Product A,Not Active
01-06-2025,Depot Q,SKU-716,36,Invalid,Product A,Not Active
01-06-2025,Depot Q,SKU-717,48,Invalid,Product A,Not Active
01-06-2025,Depot Q,SKU-718,466,Invalid,Product A,Not Active
01-06-2025,Depot Q,SKU-719,10,Invalid,Product A,Not Active
01-06-2025,Depot Q,SKU-978,99,Invalid,Product A,Not Active
01-06-2025,Depot Q,SKU-184,14,Invalid,Product A,Active
01-06-2025,Depot Q,SKU-979,10,Invalid,Product A,Active
01-06-2025,Depot Q,SKU-980,3,Invalid,Product A,Active
01-06-2025,Depot Q,SKU-981,13,Invalid,Product A,Active
01-06-2025,Depot Q,SKU-720,42,Invalid,Product A,Active
01-06-2025,Depot Q,SKU-723,6,Invalid,Product A,Active
01-06-2025,Depot Q,SKU-725,19,Invalid,Product A,Active
01-06-2025,Depot Q,SKU-985,40,Invalid,Product A,Active
01-06-2025,Depot Q,SKU-728,582,Invalid,Product A,Active
01-06-2025,Depot Q,SKU-729,20,Invalid,Product A,Active
01-06-2025,Depot Q,SKU-987,3,Invalid,Product A,Active
01-06-2025,Depot Q,SKU-988,51,Invalid,Product A,Active
01-06-2025,Depot Q,SKU-1152,99,Invalid,Product A,Active
01-06-2025,Depot Q,SKU-731,16,Invalid,Product A,Active
01-06-2025,Depot Q,SKU-732,64,Invalid,Product A,Active
01-06-2025,Depot Q,SKU-993,26,Invalid,Product A,Active
01-06-2025,Depot Q,SKU-994,96,Invalid,Product A,Active
01-06-2025,Depot Q,SKU-185,30,Invalid,Product A,Active
01-06-2025,Depot Q,SKU-995,5,Invalid,Product A,Active
01-06-2025,Depot Q,SKU-996,23,Invalid,Product A,Active
01-06-2025,Depot Q,SKU-997,84,Invalid,Product A,Active
01-06-2025,Depot Q,SKU-735,17,Invalid,Product A,Active
01-06-2025,Depot Q,SKU-736,21,Invalid,Product A,Active
01-06-2025,Depot Q,SKU-1110,22,Invalid,Product A,Active
01-06-2025,Depot Q,SKU-737,60,Invalid,Product A,Active
01-06-2025,Depot Q,SKU-108,65,Invalid,Product A,Active
01-06-2025,Depot Q,SKU-403,33,Invalid,Product A,Active
01-06-2025,Depot Q,SKU-404,20,Invalid,Product A,Active
01-06-2025,Depot Q,SKU-739,42,Invalid,Product A,Active
01-06-2025,Depot Q,SKU-740,19,Invalid,Product A,Active
01-06-2025,Depot Q,SKU-405,17,Invalid,Product A,Active
01-06-2025,Depot Q,SKU-742,40,Invalid,Product A,Active
01-06-2025,Depot Q,SKU-743,34,Invalid,Product A,Active
01-06-2025,Depot Q,SKU-744,22,Invalid,Product A,Active
01-06-2025,Depot Q,SKU-745,20,Invalid,Product A,Active
01-06-2025,Depot Q,SKU-110,55,Invalid,Product A,Active
01-06-2025,Depot Q,SKU-407,324,Invalid,Product A,Active
01-06-2025,Depot Q,SKU-747,40,Invalid,Product A,Active
01-06-2025,Depot Q,SKU-749,44,Invalid,Product A,Active
01-06-2025,Depot Q,SKU-111,503,Invalid,Product A,Active
01-06-2025,Depot Q,SKU-751,121,Invalid,Product A,Active
01-06-2025,Depot Q,SKU-752,59,Invalid,Product A,Active
01-06-2025,Depot Q,SKU-753,28,Invalid,Product A,Active
01-06-2025,Depot Q,SKU-410,35,Invalid,Product A,Active
01-06-2025,Depot Q,SKU-754,30,Invalid,Product A,Active
01-06-2025,Depot Q,SKU-411,195,Invalid,Product A,Active
01-06-2025,Depot Q,SKU-1000,64,Invalid,Product A,Active
01-06-2025,Depot Q,SKU-1002,37,Invalid,Product A,Active
01-06-2025,Depot Q,SKU-757,40,Invalid,Product A,Active
01-06-2025,Depot Q,SKU-1005,18,Invalid,Product A,Active
01-06-2025,Depot Q,SKU-412,311,Invalid,Product A,Active
01-06-2025,Depot Q,SKU-761,23,Invalid,Product A,Active
01-06-2025,Depot Q,SKU-762,28,Invalid,Product A,Active
01-06-2025,Depot Q,SKU-192,244,Invalid,Product A,Active
01-06-2025,Depot Q,SKU-413,20,Invalid,Product A,Active
01-06-2025,Depot Q,SKU-763,20,Invalid,Product A,Active
01-06-2025,Depot Q,SKU-764,18,Invalid,Product A,Active
01-06-2025,Depot Q,SKU-765,3,Invalid,Product A,Active
01-06-2025,Depot Q,SKU-193,165,Invalid,Product A,Active
01-06-2025,Depot Q,SKU-414,29,Invalid,Product A,Active
01-06-2025,Depot Q,SKU-769,13,Invalid,Product A,Active
01-06-2025,Depot Q,SKU-416,23,Invalid,Product A,Active
01-06-2025,Depot Q,SKU-417,5,Invalid,Product A,Active
01-06-2025,Depot Q,SKU-770,5,Invalid,Product A,Active
01-06-2025,Depot Q,SKU-773,10,Invalid,Product A,Active
01-06-2025,Depot Q,SKU-774,3,Invalid,Product A,Active
01-06-2025,Depot Q,SKU-776,20,Invalid,Product A,Active
01-06-2025,Depot Q,SKU-777,14,Invalid,Product A,Active
01-06-2025,Depot Q,SKU-778,6,Invalid,Product A,Active
01-06-2025,Depot Q,SKU-1260,100,Invalid,Product A,Active
01-06-2025,Depot Q,SKU-418,23,Invalid,Product A,Active
01-06-2025,Depot Q,SKU-1162,16,Invalid,Product A,Active
01-06-2025,Depot Q,SKU-780,19,Invalid,Product A,Active
01-06-2025,Depot Q,SKU-1261,30,Invalid,Product A,Active
01-06-2025,Depot Q,SKU-1073,10,Invalid,Product A,Active
01-06-2025,Depot Q,SKU-420,2,Invalid,Product A,Not Active
01-06-2025,Depot Q,SKU-781,7,Invalid,Product A,Active
01-06-2025,Depot Q,SKU-421,3,Invalid,Product A,Active
01-06-2025,Depot Q,SKU-1014,2,Invalid,Product A,Active
01-06-2025,Depot Q,SKU-423,104,Invalid,Product A,Active
01-06-2025,Depot Q,SKU-1015,19,Invalid,Product A,Active
01-06-2025,Depot Q,SKU-1074,10,Invalid,Product A,Active
01-06-2025,Depot Q,SKU-782,35,Invalid,Product A,Active
01-06-2025,Depot Q,SKU-784,8,Invalid,Product A,Not Active
01-06-2025,Depot Q,SKU-427,2,Invalid,Product A,Not Active
01-06-2025,Depot Q,SKU-786,4,Invalid,Product A,Active
01-06-2025,Depot Q,SKU-428,1,Invalid,Product A,Active
01-06-2025,Depot Q,SKU-429,1,Invalid,Product A,Not Active
01-06-2025,Depot Q,SKU-430,1,Invalid,Product A,Active
01-06-2025,Depot Q,SKU-1017,15,Invalid,Product A,Active
01-06-2025,Depot Q,SKU-787,25,Invalid,Product A,Active
01-06-2025,Depot Q,SKU-1018,35,Invalid,Product A,Active
01-06-2025,Depot Q,SKU-788,33,Invalid,Product A,Active
01-06-2025,Depot Q,SKU-1076,2,Invalid,Product A,Not Active
01-06-2025,Depot Q,SKU-432,1,Invalid,Product A,Active
01-06-2025,Depot Q,SKU-790,2,Invalid,Product A,Active
01-06-2025,Depot Q,SKU-434,0,Invalid,Product A,Active
01-06-2025,Depot Q,SKU-435,9,Invalid,Product A,Not Active
01-06-2025,Depot Q,SKU-1120,22,Invalid,Product A,Active
01-06-2025,Depot Q,SKU-436,28,Invalid,Product A,Active
01-06-2025,Depot Q,SKU-1020,12,Invalid,Product A,Active
01-06-2025,Depot Q,SKU-1077,12,Invalid,Product A,Active
01-06-2025,Depot Q,SKU-791,50,Invalid,Product A,Active
01-06-2025,Depot Q,SKU-793,4,Invalid,Product A,Not Active
01-06-2025,Depot Q,SKU-1078,1,Invalid,Product A,Not Active
01-06-2025,Depot Q,SKU-438,16,Invalid,Product A,Active
01-06-2025,Depot Q,SKU-439,1,Invalid,Product A,Not Active
01-06-2025,Depot Q,SKU-795,0,Invalid,Product A,Active
01-06-2025,Depot Q,SKU-440,4,Invalid,Product A,Active
01-06-2025,Depot Q,SKU-441,10,Invalid,Product A,Not Active
01-06-2025,Depot Q,SKU-442,53,Invalid,Product A,Active
01-06-2025,Depot Q,SKU-1022,8,Invalid,Product A,Active
01-06-2025,Depot Q,SKU-1023,11,Invalid,Product A,Active
01-06-2025,Depot Q,SKU-797,12,Invalid,Product A,Not Active
01-06-2025,Depot Q,SKU-1079,5,Invalid,Product A,Not Active
01-06-2025,Depot Q,SKU-1123,2,Invalid,Product A,Active
01-06-2025,Depot Q,SKU-1124,5,Invalid,Product A,Not Active
01-06-2025,Depot Q,SKU-1024,1,Invalid,Product A,Active
01-06-2025,Depot Q,SKU-1025,1,Invalid,Product A,Active
01-06-2025,Depot Q,SKU-1147,6,Invalid,Product A,Active
01-06-2025,Depot Q,SKU-1026,33,Invalid,Product A,Active
01-06-2025,Depot Q,SKU-1027,7,Invalid,Product A,Active
01-06-2025,Depot Q,SKU-444,35,Invalid,Product A,Active
01-06-2025,Depot Q,SKU-1262,9,Invalid,Product A,Active
01-06-2025,Depot Q,SKU-445,137,Invalid,Product A,Active
01-06-2025,Depot Q,SKU-1239,1,Invalid,Product A,Not Active
01-06-2025,Depot Q,SKU-446,1,Invalid,Product A,Active
01-06-2025,Depot Q,SKU-447,3,Invalid,Product A,Not Active
01-06-2025,Depot Q,SKU-799,6,Invalid,Product A,Active
01-06-2025,Depot Q,SKU-448,21,Invalid,Product A,Active
01-06-2025,Depot Q,SKU-450,2,Invalid,Product A,Active
01-06-2025,Depot Q,SKU-1030,12,Invalid,Product A,Active
01-06-2025,Depot Q,SKU-1031,10,Invalid,Product A,Active
01-06-2025,Depot Q,SKU-273,113,Invalid,Product A,Active
01-06-2025,Depot Q,SKU-801,3,Invalid,Product A,Not Active
01-06-2025,Depot Q,SKU-1080,2,Invalid,Product A,Not Active
01-06-2025,Depot Q,SKU-1131,1,Invalid,Product A,Active
01-06-2025,Depot Q,SKU-804,3,Invalid,Product A,Active
01-06-2025,Depot Q,SKU-1033,5,Invalid,Product A,Active
01-06-2025,Depot Q,SKU-1034,8,Invalid,Product A,Active
01-06-2025,Depot Q,SKU-805,10,Invalid,Product A,Active
01-06-2025,Depot Q,SKU-808,1,Invalid,Product A,Active
01-06-2025,Depot Q,SKU-454,1,Invalid,Product A,Active
01-06-2025,Depot Q,SKU-1229,2,Invalid,Product A,Not Active
01-06-2025,Depot Q,SKU-1039,6,Invalid,Product A,Active
01-06-2025,Depot Q,SKU-1040,9,Invalid,Product A,Active
01-06-2025,Depot Q,SKU-274,97,Invalid,Product A,Active
01-06-2025,Depot Q,SKU-810,5,Invalid,Product A,Not Active
01-06-2025,Depot Q,SKU-812,1,Invalid,Product A,Active
01-06-2025,Depot Q,SKU-813,23,Invalid,Product A,Active
01-06-2025,Depot Q,SKU-456,4,Invalid,Product A,Active
01-06-2025,Depot Q,SKU-815,12,Invalid,Product A,Active
01-06-2025,Depot Q,SKU-457,10,Invalid,Product A,Active
01-06-2025,Depot Q,SKU-816,13,Invalid,Product A,Active
01-06-2025,Depot Q,SKU-458,24,Invalid,Product A,Active
01-06-2025,Depot Q,SKU-459,13,Invalid,Product A,Active
01-06-2025,Depot Q,SKU-818,5,Invalid,Product A,Active
01-06-2025,Depot Q,SKU-819,7,Invalid,Product A,Active
01-06-2025,Depot Q,SKU-460,26,Invalid,Product A,Active
01-06-2025,Depot Q,SKU-821,13,Invalid,Product A,Active
01-06-2025,Depot Q,SKU-461,55,Invalid,Product A,Active
01-06-2025,Depot Q,SKU-462,37,Invalid,Product A,Active
01-06-2025,Depot Q,SKU-1042,5,Invalid,Product A,Active
01-06-2025,Depot Q,SKU-822,9,Invalid,Product A,Active
01-06-2025,Depot Q,SKU-463,18,Invalid,Product A,Active
01-06-2025,Depot Q,SKU-824,8,Invalid,Product A,Active
01-06-2025,Depot Q,SKU-464,1,Invalid,Product A,Active
01-06-2025,Depot Q,SKU-825,21,Invalid,Product A,Active
01-06-2025,Depot Q,SKU-826,21,Invalid,Product A,Active
01-06-2025,Depot Q,SKU-466,11,Invalid,Product A,Active
01-06-2025,Depot Q,SKU-829,2,Invalid,Product A,Active
01-06-2025,Depot Q,SKU-1136,3,Invalid,Product A,Active
01-06-2025,Depot Q,SKU-1263,1,Invalid,Product A,Active
01-06-2025,Depot Q,SKU-290,10,Invalid,Product A,Active
01-06-2025,Depot Q,SKU-117,33,Invalid,Product A,Active
01-06-2025,Depot Q,SKU-467,59,Invalid,Product A,Active
01-06-2025,Depot Q,SKU-1175,47,Invalid,Product A,Active
01-06-2025,Depot Q,SKU-468,877,Invalid,Product A,Active
01-06-2025,Depot Q,SKU-469,10,Invalid,Product A,Active
01-06-2025,Depot Q,SKU-834,24,Invalid,Product A,Active
01-06-2025,Depot Q,SKU-835,43,Invalid,Product A,Active
01-06-2025,Depot Q,SKU-1206,10,Invalid,Product A,Active
01-06-2025,Depot Q,SKU-836,20,Invalid,Product A,Active
01-06-2025,Depot Q,SKU-837,27,Invalid,Product A,Active
01-06-2025,Depot Q,SKU-839,6,Invalid,Product A,Active
01-06-2025,Depot Q,SKU-840,13,Invalid,Product A,Active
01-06-2025,Depot Q,SKU-292,19,Invalid,Product A,Active
01-06-2025,Depot Q,SKU-125,69,Invalid,Product A,Active
01-06-2025,Depot Q,SKU-841,74,Invalid,Product A,Active
01-06-2025,Depot Q,SKU-263,209,Invalid,Product A,Active
01-06-2025,Depot Q,SKU-842,10,Invalid,Product A,Active
01-06-2025,Depot Q,SKU-1154,11,Invalid,Product A,Active
01-06-2025,Depot Q,SKU-843,19,Invalid,Product A,Active
01-06-2025,Depot Q,SKU-127,38,Invalid,Product A,Active
01-06-2025,Depot Q,SKU-1208,10,Invalid,Product A,Active
01-06-2025,Depot Q,SKU-470,47,Invalid,Product A,Not Active
01-06-2025,Depot Q,SKU-471,299,Invalid,Product A,Not Active
01-06-2025,Depot Q,SKU-472,795,Invalid,Product A,Not Active
01-06-2025,Depot Q,SKU-473,7517,Invalid,Product A,Active
01-06-2025,Depot Q,SKU-474,1823,Invalid,Product A,Not Active
01-06-2025,Depot Q,SKU-475,71630,Invalid,Product A,Active
01-06-2025,Depot Q,SKU-844,1049,Invalid,Product A,Not Active
01-06-2025,Depot Q,SKU-845,21,Invalid,Product A,Not Active
01-06-2025,Depot Q,SKU-846,104,Invalid,Product A,Not Active
01-06-2025,Depot Q,SKU-476,603,Invalid,Product A,Not Active
01-06-2025,Depot Q,SKU-847,311,Invalid,Product A,Not Active
01-06-2025,Depot Q,SKU-1155,64,Invalid,Product A,Not Active
01-06-2025,Depot Q,SKU-848,10,Invalid,Product A,Active
01-06-2025,Depot Q,SKU-849,10,Invalid,Product A,Active
01-06-2025,Depot Q,SKU-1172,10,Invalid,Product A,Active
01-06-2025,Depot Q,SKU-850,6,Invalid,Product A,Active
01-06-2025,Depot Q,SKU-851,35,Invalid,Product A,Active
01-06-2025,Depot Q,SKU-853,11,Invalid,Product A,Active
01-06-2025,Depot Q,SKU-855,20,Invalid,Product A,Active
01-06-2025,Depot Q,SKU-294,28,Invalid,Product A,Active
01-06-2025,Depot Q,SKU-857,22,Invalid,Product A,Active
01-06-2025,Depot Q,SKU-266,51,Invalid,Product A,Active
01-06-2025,Depot Q,SKU-267,120,Invalid,Product A,Active
01-06-2025,Depot Q,SKU-268,52,Invalid,Product A,Active
01-06-2025,Depot Q,SKU-269,65,Invalid,Product A,Active
01-06-2025,Depot Q,SKU-1148,5,Invalid,Product A,Not Active
01-06-2025,Depot Q,SKU-1083,11,Invalid,Product A,Active
01-06-2025,Depot Q,SKU-858,45,Invalid,Product A,Active
01-06-2025,Depot Q,SKU-859,57,Invalid,Product A,Active
01-06-2025,Depot Q,SKU-295,203,Invalid,Product A,Active
01-06-2025,Depot Q,SKU-297,22,Invalid,Product A,Active
01-06-2025,Depot Q,SKU-298,43,Invalid,Product A,Active
01-06-2025,Depot Q,SKU-299,50,Invalid,Product A,Active
01-06-2025,Depot Q,SKU-861,41,Invalid,Product A,Active
01-06-2025,Depot Q,SKU-300,355,Invalid,Product A,Active
01-06-2025,Depot Q,SKU-301,104,Invalid,Product A,Active
01-06-2025,Depot Q,SKU-862,17,Invalid,Product A,Active
01-06-2025,Depot Q,SKU-1084,19,Invalid,Product A,Active
01-06-2025,Depot Q,SKU-302,55,Invalid,Product A,Active
01-06-2025,Depot Q,SKU-864,78,Invalid,Product A,Active
01-06-2025,Depot Q,SKU-303,190,Invalid,Product A,Active
01-06-2025,Depot Q,SKU-477,111,Invalid,Product A,Active
01-06-2025,Depot Q,SKU-865,50,Invalid,Product A,Active
01-06-2025,Depot Q,SKU-305,54,Invalid,Product A,Active
01-06-2025,Depot Q,SKU-478,40,Invalid,Product A,Active
01-06-2025,Depot Q,SKU-868,26,Invalid,Product A,Active
01-06-2025,Depot Q,SKU-306,44,Invalid,Product A,Active
01-06-2025,Depot Q,SKU-869,30,Invalid,Product A,Active
01-06-2025,Depot Q,SKU-307,88,Invalid,Product A,Active
01-06-2025,Depot Q,SKU-479,1,Invalid,Product A,Active
01-06-2025,Depot Q,SKU-870,9,Invalid,Product A,Active
01-06-2025,Depot Q,SKU-276,63,Invalid,Product A,Active
01-06-2025,Depot Q,SKU-308,50,Invalid,Product A,Active
01-06-2025,Depot Q,SKU-872,151,Invalid,Product A,Active
01-06-2025,Depot Q,SKU-480,18,Invalid,Product A,Active
01-06-2025,Depot Q,SKU-873,20,Invalid,Product A,Active
01-06-2025,Depot Q,SKU-277,37,Invalid,Product A,Active
01-06-2025,Depot Q,SKU-481,177,Invalid,Product A,Active
01-06-2025,Depot Q,SKU-278,74,Invalid,Product A,Active
01-06-2025,Depot Q,SKU-875,32,Invalid,Product A,Active
01-06-2025,Depot Q,SKU-279,189,Invalid,Product A,Active
01-06-2025,Depot Q,SKU-309,344,Invalid,Product A,Active
01-06-2025,Depot Q,SKU-482,29,Invalid,Product A,Active
01-06-2025,Depot Q,SKU-877,6,Invalid,Product A,Active
01-06-2025,Depot Q,SKU-483,33,Invalid,Product A,Active
01-06-2025,Depot Q,SKU-484,47,Invalid,Product A,Active
01-06-2025,Depot Q,SKU-879,30,Invalid,Product A,Active
01-06-2025,Depot Q,SKU-880,43,Invalid,Product A,Active
01-06-2025,Depot Q,SKU-280,34,Invalid,Product A,Active
01-06-2025,Depot Q,SKU-310,195,Invalid,Product A,Active
01-06-2025,Depot Q,SKU-150,192,Invalid,Product A,Active
01-06-2025,Depot Q,SKU-487,6,Invalid,Product A,Active
01-06-2025,Depot Q,SKU-884,8,Invalid,Product A,Active
01-06-2025,Depot Q,SKU-488,22,Invalid,Product A,Active
01-06-2025,Depot Q,SKU-281,7,Invalid,Product A,Active
01-06-2025,Depot Q,SKU-886,8,Invalid,Product A,Active
01-06-2025,Depot Q,SKU-313,28,Invalid,Product A,Active
01-06-2025,Depot Q,SKU-220,118,Invalid,Product A,Active
01-06-2025,Depot Q,SKU-1085,20,Invalid,Product A,Active
01-06-2025,Depot Q,SKU-1264,101,Invalid,Product A,Active
01-06-2025,Depot Q,SKU-888,20,Invalid,Product A,Active
01-06-2025,Depot Q,SKU-889,43,Invalid,Product A,Active
01-06-2025,Depot Q,SKU-1087,30,Invalid,Product A,Active
01-06-2025,Depot Q,SKU-890,30,Invalid,Product A,Active
01-06-2025,Depot Q,SKU-891,23,Invalid,Product A,Active
01-06-2025,Depot Q,SKU-892,20,Invalid,Product A,Active
01-06-2025,Depot Q,SKU-893,23,Invalid,Product A,Active
01-06-2025,Depot Q,SKU-1232,25,Invalid,Product A,Active
01-06-2025,Depot Q,SKU-894,4,Invalid,Product A,Active
01-06-2025,Depot Q,SKU-895,5,Invalid,Product A,Active
01-06-2025,Depot Q,SKU-1093,20,Invalid,Product A,Active
01-06-2025,Depot Q,SKU-1234,19,Invalid,Product A,Active
01-06-2025,Depot Q,SKU-896,171,Invalid,Product A,Active
01-06-2025,Depot Q,SKU-1265,141,Valid,Product B,Not Active
01-06-2025,Depot Q,SKU-1266,207,Valid,Product B,Not Active
01-06-2025,Depot Q,SKU-1267,28,Valid,Product B,Not Active
01-06-2025,Depot A,SKU-1268,22,Invalid,Product B,Not Active
01-06-2025,Depot A,SKU-1269,3,Invalid,Product B,Not Active
01-06-2025,Depot A,SKU-1270,30,Invalid,Product B,Not Active
01-06-2025,Depot A,SKU-1271,4,Invalid,Product B,Not Active
01-06-2025,Depot A,SKU-1272,32,Invalid,Product B,Not Active
01-06-2025,Depot A,SKU-1273,8,Invalid,Product B,Not Active
01-06-2025,Depot A,SKU-1274,3,Invalid,Product B,Not Active
01-06-2025,Depot A,SKU-1275,8,Invalid,Product B,Not Active
01-06-2025,Depot A,SKU-1276,13,Invalid,Product B,Not Active
01-06-2025,Depot A,SKU-1277,20,Invalid,Product B,Not Active
01-06-2025,Depot A,SKU-1278,18,Invalid,Product B,Not Active
01-06-2025,Depot A,SKU-1279,40,Invalid,Product B,Not Active
01-06-2025,Depot A,SKU-1280,4,Invalid,Product B,Not Active
01-06-2025,Depot A,SKU-1281,32,Invalid,Product B,Not Active
01-06-2025,Depot A,SKU-1282,4,Invalid,Product B,Not Active
01-06-2025,Depot A,SKU-1283,16,Invalid,Product B,Not Active
01-06-2025,Depot A,SKU-1284,20,Invalid,Product B,Not Active
01-06-2025,Depot A,SKU-1285,81,Invalid,Product B,Not Active
01-06-2025,Depot A,SKU-1286,2,Invalid,Product B,Not Active
01-06-2025,Depot A,SKU-1287,24,Invalid,Product B,Not Active
01-06-2025,Depot A,SKU-1288,36,Invalid,Product B,Not Active
01-06-2025,Depot A,SKU-1265,15,Invalid,Product B,Not Active
01-06-2025,Depot A,SKU-1289,30,Invalid,Product B,Not Active
01-06-2025,Depot A,SKU-1290,6,Invalid,Product B,Not Active
01-06-2025,Depot A,SKU-1291,11,Invalid,Product B,Not Active
01-06-2025,Depot A,SKU-1292,31,Invalid,Product B,Not Active
01-06-2025,Depot A,SKU-1293,10,Invalid,Product B,Not Active
01-06-2025,Depot A,SKU-1294,10,Invalid,Product B,Not Active
01-06-2025,Depot A,SKU-1295,6,Invalid,Product B,Not Active
01-06-2025,Depot A,SKU-1296,10,Invalid,Product B,Not Active
01-06-2025,Depot A,SKU-1297,6,Invalid,Product B,Not Active
01-06-2025,Depot A,SKU-1298,7,Invalid,Product B,Not Active
01-06-2025,Depot A,SKU-1299,5,Invalid,Product B,Not Active
01-06-2025,Depot A,SKU-1300,5,Invalid,Product B,Not Active
01-06-2025,Depot A,SKU-1301,2,Invalid,Product B,Not Active
01-06-2025,Depot A,SKU-1302,11,Invalid,Product B,Not Active
01-06-2025,Depot A,SKU-1266,3,Invalid,Product B,Not Active
01-06-2025,Depot A,SKU-1303,12,Invalid,Product B,Not Active
01-06-2025,Depot A,SKU-1304,5,Invalid,Product B,Not Active
01-06-2025,Depot A,SKU-1305,6,Invalid,Product B,Not Active
01-06-2025,Depot A,SKU-1267,12,Invalid,Product B,Not Active
01-06-2025,Depot A,SKU-1306,1,Invalid,Product B,Not Active
01-06-2025,Depot B,SKU-1268,40,Invalid,Product B,Not Active
01-06-2025,Depot B,SKU-1269,3,Invalid,Product B,Not Active
01-06-2025,Depot B,SKU-1270,42,Invalid,Product B,Not Active
01-06-2025,Depot B,SKU-1307,53,Invalid,Product B,Not Active
01-06-2025,Depot B,SKU-1308,4,Invalid,Product B,Not Active
01-06-2025,Depot B,SKU-1274,4,Invalid,Product B,Not Active
01-06-2025,Depot B,SKU-1309,7,Invalid,Product B,Not Active
01-06-2025,Depot B,SKU-1275,6,Invalid,Product B,Not Active
01-06-2025,Depot B,SKU-1276,3,Invalid,Product B,Not Active
01-06-2025,Depot B,SKU-1277,8,Invalid,Product B,Not Active
01-06-2025,Depot B,SKU-1278,282,Invalid,Product B,Not Active
01-06-2025,Depot B,SKU-1279,36,Invalid,Product B,Not Active
01-06-2025,Depot B,SKU-1310,0,Invalid,Product B,Not Active
01-06-2025,Depot B,SKU-1311,9,Invalid,Product B,Not Active
01-06-2025,Depot B,SKU-1282,19,Invalid,Product B,Not Active
01-06-2025,Depot B,SKU-1312,4,Invalid,Product B,Not Active
01-06-2025,Depot B,SKU-1285,4,Invalid,Product B,Not Active
01-06-2025,Depot B,SKU-1286,34,Invalid,Product B,Not Active
01-06-2025,Depot B,SKU-1287,3,Invalid,Product B,Not Active
01-06-2025,Depot B,SKU-1288,5,Invalid,Product B,Not Active
01-06-2025,Depot B,SKU-1265,5,Invalid,Product B,Not Active
01-06-2025,Depot B,SKU-1289,17,Invalid,Product B,Not Active
01-06-2025,Depot B,SKU-1313,32,Invalid,Product B,Not Active
01-06-2025,Depot B,SKU-1290,6,Invalid,Product B,Not Active
01-06-2025,Depot B,SKU-1291,81,Invalid,Product B,Not Active
01-06-2025,Depot B,SKU-1314,25,Invalid,Product B,Not Active
01-06-2025,Depot B,SKU-1292,0,Invalid,Product B,Not Active
01-06-2025,Depot B,SKU-1293,10,Invalid,Product B,Not Active
01-06-2025,Depot B,SKU-1294,10,Invalid,Product B,Not Active
01-06-2025,Depot B,SKU-1315,1,Invalid,Product B,Not Active
01-06-2025,Depot B,SKU-1316,1,Invalid,Product B,Not Active
01-06-2025,Depot B,SKU-1317,1,Invalid,Product B,Not Active
01-06-2025,Depot B,SKU-1318,10,Invalid,Product B,Not Active
01-06-2025,Depot B,SKU-1319,1,Invalid,Product B,Not Active
01-06-2025,Depot B,SKU-1320,1,Invalid,Product B,Not Active
01-06-2025,Depot B,SKU-1297,2,Invalid,Product B,Not Active
01-06-2025,Depot B,SKU-1298,11,Invalid,Product B,Not Active
01-06-2025,Depot B,SKU-1321,2,Invalid,Product B,Not Active
01-06-2025,Depot B,SKU-1322,2,Invalid,Product B,Not Active
01-06-2025,Depot B,SKU-1323,6,Invalid,Product B,Not Active
01-06-2025,Depot B,SKU-1299,2,Invalid,Product B,Not Active
01-06-2025,Depot B,SKU-1300,2,Invalid,Product B,Not Active
01-06-2025,Depot B,SKU-1324,2,Invalid,Product B,Not Active
01-06-2025,Depot B,SKU-1325,1,Invalid,Product B,Not Active
01-06-2025,Depot B,SKU-1326,1,Invalid,Product B,Not Active
01-06-2025,Depot B,SKU-1302,16,Invalid,Product B,Not Active
01-06-2025,Depot B,SKU-1266,10,Invalid,Product B,Not Active
01-06-2025,Depot B,SKU-1303,114,Invalid,Product B,Not Active
01-06-2025,Depot B,SKU-1327,23,Invalid,Product B,Not Active
01-06-2025,Depot B,SKU-1304,0,Invalid,Product B,Not Active
01-06-2025,Depot B,SKU-1305,13,Invalid,Product B,Not Active
01-06-2025,Depot B,SKU-1267,48,Invalid,Product B,Not Active
01-06-2025,Depot B,SKU-1306,6,Invalid,Product B,Not Active
01-06-2025,Depot C,SKU-1268,79,Invalid,Product B,Not Active
01-06-2025,Depot C,SKU-1328,158,Invalid,Product B,Not Active
01-06-2025,Depot C,SKU-1329,81,Invalid,Product B,Not Active
01-06-2025,Depot C,SKU-1330,16,Invalid,Product B,Not Active
01-06-2025,Depot C,SKU-1308,25,Invalid,Product B,Not Active
01-06-2025,Depot C,SKU-1274,4,Invalid,Product B,Not Active
01-06-2025,Depot C,SKU-1309,43,Invalid,Product B,Not Active
01-06-2025,Depot C,SKU-1275,60,Invalid,Product B,Not Active
01-06-2025,Depot C,SKU-1276,8,Invalid,Product B,Not Active
01-06-2025,Depot C,SKU-1277,27,Invalid,Product B,Not Active
01-06-2025,Depot C,SKU-1278,54,Invalid,Product B,Not Active
01-06-2025,Depot C,SKU-1279,8,Invalid,Product B,Not Active
01-06-2025,Depot C,SKU-1310,171,Invalid,Product B,Not Active
01-06-2025,Depot C,SKU-1280,8,Invalid,Product B,Not Active
01-06-2025,Depot C,SKU-1331,1,Invalid,Product B,Not Active
01-06-2025,Depot C,SKU-1293,10,Invalid,Product B,Not Active
01-06-2025,Depot C,SKU-1294,10,Invalid,Product B,Not Active
01-06-2025,Depot C,SKU-1332,1,Invalid,Product B,Not Active
01-06-2025,Depot C,SKU-1318,10,Invalid,Product B,Not Active
01-06-2025,Depot C,SKU-1297,2,Invalid,Product B,Not Active
01-06-2025,Depot C,SKU-1333,2,Invalid,Product B,Not Active
01-06-2025,Depot C,SKU-1298,4,Invalid,Product B,Not Active
01-06-2025,Depot C,SKU-1322,2,Invalid,Product B,Not Active
01-06-2025,Depot C,SKU-1323,2,Invalid,Product B,Not Active
01-06-2025,Depot C,SKU-1334,2,Invalid,Product B,Not Active
01-06-2025,Depot C,SKU-1299,2,Invalid,Product B,Not Active
01-06-2025,Depot C,SKU-1300,2,Invalid,Product B,Not Active
01-06-2025,Depot C,SKU-1324,1,Invalid,Product B,Not Active
01-06-2025,Depot C,SKU-1335,2,Invalid,Product B,Not Active
01-06-2025,Depot C,SKU-1327,6,Invalid,Product B,Not Active
01-06-2025,Depot C,SKU-1305,493,Invalid,Product B,Not Active
01-06-2025,Depot C,SKU-1306,8,Invalid,Product B,Not Active
01-06-2025,Depot D,SKU-1336,41,Invalid,Product B,Not Active
01-06-2025,Depot D,SKU-1337,144,Invalid,Product B,Not Active
01-06-2025,Depot D,SKU-1268,2,Invalid,Product B,Not Active
01-06-2025,Depot D,SKU-1269,15,Invalid,Product B,Not Active
01-06-2025,Depot D,SKU-1270,43,Invalid,Product B,Not Active
01-06-2025,Depot D,SKU-1328,8,Invalid,Product B,Not Active
01-06-2025,Depot D,SKU-1308,37,Invalid,Product B,Not Active
01-06-2025,Depot D,SKU-1275,17,Invalid,Product B,Not Active
01-06-2025,Depot D,SKU-1278,552,Invalid,Product B,Not Active
01-06-2025,Depot D,SKU-1279,2,Invalid,Product B,Not Active
01-06-2025,Depot D,SKU-1310,1,Invalid,Product B,Not Active
01-06-2025,Depot D,SKU-1311,43,Invalid,Product B,Not Active
01-06-2025,Depot D,SKU-1282,26,Invalid,Product B,Not Active
01-06-2025,Depot D,SKU-1338,4,Invalid,Product B,Not Active
01-06-2025,Depot D,SKU-1285,126,Invalid,Product B,Not Active
01-06-2025,Depot D,SKU-1286,8,Invalid,Product B,Not Active
01-06-2025,Depot D,SKU-1287,17,Invalid,Product B,Not Active
01-06-2025,Depot D,SKU-1265,5,Invalid,Product B,Not Active
01-06-2025,Depot D,SKU-1289,56,Invalid,Product B,Not Active
01-06-2025,Depot D,SKU-1291,7,Invalid,Product B,Not Active
01-06-2025,Depot D,SKU-1331,3,Invalid,Product B,Not Active
01-06-2025,Depot D,SKU-1292,13,Invalid,Product B,Not Active
01-06-2025,Depot D,SKU-1302,1,Invalid,Product B,Not Active
01-06-2025,Depot D,SKU-1304,4,Invalid,Product B,Not Active
01-06-2025,Depot D,SKU-1267,8,Invalid,Product B,Not Active
01-06-2025,Depot D,SKU-1306,11,Invalid,Product B,Not Active
01-06-2025,Depot E,SKU-1268,15,Invalid,Product B,Not Active
01-06-2025,Depot E,SKU-1269,129,Invalid,Product B,Not Active
01-06-2025,Depot E,SKU-1270,141,Invalid,Product B,Not Active
01-06-2025,Depot E,SKU-1278,41,Invalid,Product B,Not Active
01-06-2025,Depot E,SKU-1279,102,Invalid,Product B,Not Active
01-06-2025,Depot E,SKU-1310,448,Invalid,Product B,Not Active
01-06-2025,Depot E,SKU-1311,8,Invalid,Product B,Not Active
01-06-2025,Depot E,SKU-1282,16,Invalid,Product B,Not Active
01-06-2025,Depot E,SKU-1283,4,Invalid,Product B,Not Active
01-06-2025,Depot E,SKU-1265,12,Invalid,Product B,Not Active
01-06-2025,Depot E,SKU-1289,7,Invalid,Product B,Not Active
01-06-2025,Depot E,SKU-1339,18,Invalid,Product B,Not Active
01-06-2025,Depot E,SKU-1314,18,Invalid,Product B,Not Active
01-06-2025,Depot E,SKU-1293,5,Invalid,Product B,Not Active
01-06-2025,Depot E,SKU-1294,5,Invalid,Product B,Not Active
01-06-2025,Depot E,SKU-1318,5,Invalid,Product B,Not Active
01-06-2025,Depot E,SKU-1340,145,Invalid,Product B,Not Active
01-06-2025,Depot E,SKU-1341,16,Invalid,Product B,Not Active
01-06-2025,Depot E,SKU-1296,4,Invalid,Product B,Not Active
01-06-2025,Depot E,SKU-1342,2,Invalid,Product B,Not Active
01-06-2025,Depot E,SKU-1297,4,Invalid,Product B,Not Active
01-06-2025,Depot E,SKU-1298,8,Invalid,Product B,Not Active
01-06-2025,Depot E,SKU-1323,4,Invalid,Product B,Not Active
01-06-2025,Depot E,SKU-1299,4,Invalid,Product B,Not Active
01-06-2025,Depot E,SKU-1300,2,Invalid,Product B,Not Active
01-06-2025,Depot E,SKU-1301,1,Invalid,Product B,Not Active
01-06-2025,Depot E,SKU-1343,1,Invalid,Product B,Not Active
01-06-2025,Depot E,SKU-1344,1,Invalid,Product B,Not Active
01-06-2025,Depot E,SKU-1345,12,Invalid,Product B,Not Active
01-06-2025,Depot E,SKU-1266,31,Invalid,Product B,Not Active
01-06-2025,Depot E,SKU-1304,14,Invalid,Product B,Not Active
01-06-2025,Depot E,SKU-1267,46,Invalid,Product B,Not Active
01-06-2025,Depot E,SKU-1306,10,Invalid,Product B,Not Active
01-06-2025,Depot F,SKU-1268,9,Invalid,Product B,Not Active
01-06-2025,Depot F,SKU-1269,40,Invalid,Product B,Not Active
01-06-2025,Depot F,SKU-1270,8,Invalid,Product B,Not Active
01-06-2025,Depot F,SKU-1328,199,Invalid,Product B,Not Active
01-06-2025,Depot F,SKU-1308,4,Invalid,Product B,Not Active
01-06-2025,Depot F,SKU-1309,4,Invalid,Product B,Not Active
01-06-2025,Depot F,SKU-1277,4,Invalid,Product B,Not Active
01-06-2025,Depot F,SKU-1278,1,Invalid,Product B,Not Active
01-06-2025,Depot F,SKU-1310,2,Invalid,Product B,Not Active
01-06-2025,Depot F,SKU-1281,25,Invalid,Product B,Not Active
01-06-2025,Depot F,SKU-1338,8,Invalid,Product B,Not Active
01-06-2025,Depot F,SKU-1283,13,Invalid,Product B,Not Active
01-06-2025,Depot F,SKU-1288,29,Invalid,Product B,Not Active
01-06-2025,Depot F,SKU-1265,31,Invalid,Product B,Not Active
01-06-2025,Depot F,SKU-1289,42,Invalid,Product B,Not Active
01-06-2025,Depot F,SKU-1291,14,Invalid,Product B,Not Active
01-06-2025,Depot F,SKU-1331,51,Invalid,Product B,Not Active
01-06-2025,Depot F,SKU-1292,16,Invalid,Product B,Not Active
01-06-2025,Depot F,SKU-1293,5,Invalid,Product B,Not Active
01-06-2025,Depot F,SKU-1294,5,Invalid,Product B,Not Active
01-06-2025,Depot F,SKU-1346,1,Invalid,Product B,Not Active
01-06-2025,Depot F,SKU-1318,5,Invalid,Product B,Not Active
01-06-2025,Depot F,SKU-1340,11,Invalid,Product B,Not Active
01-06-2025,Depot F,SKU-1341,14,Invalid,Product B,Not Active
01-06-2025,Depot F,SKU-1347,13,Invalid,Product B,Not Active
01-06-2025,Depot F,SKU-1296,6,Invalid,Product B,Not Active
01-06-2025,Depot F,SKU-1297,16,Invalid,Product B,Not Active
01-06-2025,Depot F,SKU-1333,2,Invalid,Product B,Not Active
01-06-2025,Depot F,SKU-1298,14,Invalid,Product B,Not Active
01-06-2025,Depot F,SKU-1323,8,Invalid,Product B,Not Active
01-06-2025,Depot F,SKU-1334,12,Invalid,Product B,Not Active
01-06-2025,Depot F,SKU-1299,10,Invalid,Product B,Not Active
01-06-2025,Depot F,SKU-1300,14,Invalid,Product B,Not Active
01-06-2025,Depot F,SKU-1348,4,Invalid,Product B,Not Active
01-06-2025,Depot F,SKU-1301,2,Invalid,Product B,Not Active
01-06-2025,Depot F,SKU-1343,1,Invalid,Product B,Not Active
01-06-2025,Depot F,SKU-1325,1,Invalid,Product B,Not Active
01-06-2025,Depot F,SKU-1302,8,Invalid,Product B,Not Active
01-06-2025,Depot F,SKU-1266,18,Invalid,Product B,Not Active
01-06-2025,Depot F,SKU-1304,11,Invalid,Product B,Not Active
01-06-2025,Depot F,SKU-1306,30,Invalid,Product B,Not Active
01-06-2025,Depot G,SKU-1268,20,Invalid,Product B,Not Active
01-06-2025,Depot G,SKU-1269,67,Invalid,Product B,Not Active
01-06-2025,Depot G,SKU-1308,8,Invalid,Product B,Not Active
01-06-2025,Depot G,SKU-1274,8,Invalid,Product B,Not Active
01-06-2025,Depot G,SKU-1278,61,Invalid,Product B,Not Active
01-06-2025,Depot G,SKU-1279,5,Invalid,Product B,Not Active
01-06-2025,Depot G,SKU-1310,10,Invalid,Product B,Not Active
01-06-2025,Depot G,SKU-1280,42,Invalid,Product B,Not Active
01-06-2025,Depot G,SKU-1281,4,Invalid,Product B,Not Active
01-06-2025,Depot G,SKU-1311,26,Invalid,Product B,Not Active
01-06-2025,Depot G,SKU-1282,4,Invalid,Product B,Not Active
01-06-2025,Depot G,SKU-1285,98,Invalid,Product B,Not Active
01-06-2025,Depot G,SKU-1286,5,Invalid,Product B,Not Active
01-06-2025,Depot G,SKU-1287,12,Invalid,Product B,Not Active
01-06-2025,Depot G,SKU-1288,33,Invalid,Product B,Not Active
01-06-2025,Depot G,SKU-1265,22,Invalid,Product B,Not Active
01-06-2025,Depot G,SKU-1289,5,Invalid,Product B,Not Active
01-06-2025,Depot G,SKU-1291,12,Invalid,Product B,Not Active
01-06-2025,Depot G,SKU-1292,12,Invalid,Product B,Not Active
01-06-2025,Depot G,SKU-1302,3,Invalid,Product B,Not Active
01-06-2025,Depot G,SKU-1306,2,Invalid,Product B,Not Active
01-06-2025,Depot H,SKU-1336,4,Invalid,Product B,Not Active
01-06-2025,Depot H,SKU-1337,20,Invalid,Product B,Not Active
01-06-2025,Depot H,SKU-1268,43,Invalid,Product B,Not Active
01-06-2025,Depot H,SKU-1270,12,Invalid,Product B,Not Active
01-06-2025,Depot H,SKU-1329,10,Invalid,Product B,Not Active
01-06-2025,Depot H,SKU-1349,4,Invalid,Product B,Not Active
01-06-2025,Depot H,SKU-1273,4,Invalid,Product B,Not Active
01-06-2025,Depot H,SKU-1308,19,Invalid,Product B,Not Active
01-06-2025,Depot H,SKU-1274,10,Invalid,Product B,Not Active
01-06-2025,Depot H,SKU-1278,269,Invalid,Product B,Not Active
01-06-2025,Depot H,SKU-1279,22,Invalid,Product B,Not Active
01-06-2025,Depot H,SKU-1310,2,Invalid,Product B,Not Active
01-06-2025,Depot H,SKU-1282,21,Invalid,Product B,Not Active
01-06-2025,Depot H,SKU-1285,8,Invalid,Product B,Not Active
01-06-2025,Depot H,SKU-1288,11,Invalid,Product B,Not Active
01-06-2025,Depot H,SKU-1289,22,Invalid,Product B,Not Active
01-06-2025,Depot H,SKU-1313,6,Invalid,Product B,Not Active
01-06-2025,Depot H,SKU-1290,6,Invalid,Product B,Not Active
01-06-2025,Depot H,SKU-1291,6,Invalid,Product B,Not Active
01-06-2025,Depot H,SKU-1266,4,Invalid,Product B,Not Active
01-06-2025,Depot H,SKU-1306,2,Invalid,Product B,Not Active
01-06-2025,Depot I,SKU-1268,23,Invalid,Product B,Not Active
01-06-2025,Depot I,SKU-1269,7,Invalid,Product B,Not Active
01-06-2025,Depot I,SKU-1270,3,Invalid,Product B,Not Active
01-06-2025,Depot I,SKU-1350,4,Invalid,Product B,Not Active
01-06-2025,Depot I,SKU-1351,4,Invalid,Product B,Not Active
01-06-2025,Depot I,SKU-1271,4,Invalid,Product B,Not Active
01-06-2025,Depot I,SKU-1272,25,Invalid,Product B,Not Active
01-06-2025,Depot I,SKU-1352,8,Invalid,Product B,Not Active
01-06-2025,Depot I,SKU-1353,2,Invalid,Product B,Not Active
01-06-2025,Depot I,SKU-1349,2,Invalid,Product B,Not Active
01-06-2025,Depot I,SKU-1273,8,Invalid,Product B,Not Active
01-06-2025,Depot I,SKU-1330,2,Invalid,Product B,Not Active
01-06-2025,Depot I,SKU-1354,50,Invalid,Product B,Not Active
01-06-2025,Depot I,SKU-1308,14,Invalid,Product B,Not Active
01-06-2025,Depot I,SKU-1274,1,Invalid,Product B,Not Active
01-06-2025,Depot I,SKU-1309,24,Invalid,Product B,Not Active
01-06-2025,Depot I,SKU-1275,3,Invalid,Product B,Not Active
01-06-2025,Depot I,SKU-1277,2,Invalid,Product B,Not Active
01-06-2025,Depot I,SKU-1278,95,Invalid,Product B,Not Active
01-06-2025,Depot I,SKU-1279,11,Invalid,Product B,Not Active
01-06-2025,Depot I,SKU-1310,9,Invalid,Product B,Not Active
01-06-2025,Depot I,SKU-1280,3,Invalid,Product B,Not Active
01-06-2025,Depot I,SKU-1281,6,Invalid,Product B,Not Active
01-06-2025,Depot I,SKU-1282,3,Invalid,Product B,Not Active
01-06-2025,Depot I,SKU-1283,16,Invalid,Product B,Not Active
01-06-2025,Depot I,SKU-1312,19,Invalid,Product B,Not Active
01-06-2025,Depot I,SKU-1285,56,Invalid,Product B,Not Active
01-06-2025,Depot I,SKU-1286,27,Invalid,Product B,Not Active
01-06-2025,Depot I,SKU-1288,16,Invalid,Product B,Not Active
01-06-2025,Depot I,SKU-1265,4,Invalid,Product B,Not Active
01-06-2025,Depot I,SKU-1289,6,Invalid,Product B,Not Active
01-06-2025,Depot I,SKU-1291,4,Invalid,Product B,Not Active
01-06-2025,Depot I,SKU-1355,12,Invalid,Product B,Not Active
01-06-2025,Depot I,SKU-1292,9,Invalid,Product B,Not Active
01-06-2025,Depot I,SKU-1356,3,Invalid,Product B,Not Active
01-06-2025,Depot I,SKU-1293,5,Invalid,Product B,Not Active
01-06-2025,Depot I,SKU-1294,5,Invalid,Product B,Not Active
01-06-2025,Depot I,SKU-1318,5,Invalid,Product B,Not Active
01-06-2025,Depot I,SKU-1297,4,Invalid,Product B,Not Active
01-06-2025,Depot I,SKU-1298,4,Invalid,Product B,Not Active
01-06-2025,Depot I,SKU-1323,4,Invalid,Product B,Not Active
01-06-2025,Depot I,SKU-1299,2,Invalid,Product B,Not Active
01-06-2025,Depot I,SKU-1300,2,Invalid,Product B,Not Active
01-06-2025,Depot I,SKU-1345,20,Invalid,Product B,Not Active
01-06-2025,Depot I,SKU-1266,11,Invalid,Product B,Not Active
01-06-2025,Depot I,SKU-1357,6,Invalid,Product B,Not Active
01-06-2025,Depot I,SKU-1304,4,Invalid,Product B,Not Active
01-06-2025,Depot I,SKU-1358,20,Invalid,Product B,Not Active
01-06-2025,Depot I,SKU-1267,23,Invalid,Product B,Not Active
01-06-2025,Depot I,SKU-1306,2,Invalid,Product B,Not Active
01-06-2025,Depot J,SKU-1268,19,Invalid,Product B,Not Active
01-06-2025,Depot J,SKU-1269,8,Invalid,Product B,Not Active
01-06-2025,Depot J,SKU-1329,10,Invalid,Product B,Not Active
01-06-2025,Depot J,SKU-1308,4,Invalid,Product B,Not Active
01-06-2025,Depot J,SKU-1274,4,Invalid,Product B,Not Active
01-06-2025,Depot J,SKU-1278,16,Invalid,Product B,Not Active
01-06-2025,Depot J,SKU-1279,5,Invalid,Product B,Not Active
01-06-2025,Depot J,SKU-1310,4,Invalid,Product B,Not Active
01-06-2025,Depot J,SKU-1265,3,Invalid,Product B,Not Active
01-06-2025,Depot J,SKU-1289,13,Invalid,Product B,Not Active
01-06-2025,Depot J,SKU-1313,17,Invalid,Product B,Not Active
01-06-2025,Depot J,SKU-1290,7,Invalid,Product B,Not Active
01-06-2025,Depot J,SKU-1292,16,Invalid,Product B,Not Active
01-06-2025,Depot J,SKU-1302,4,Invalid,Product B,Not Active
01-06-2025,Depot J,SKU-1266,4,Invalid,Product B,Not Active
01-06-2025,Depot J,SKU-1303,6,Invalid,Product B,Not Active
01-06-2025,Depot J,SKU-1327,6,Invalid,Product B,Not Active
01-06-2025,Depot J,SKU-1304,6,Invalid,Product B,Not Active
01-06-2025,Depot J,SKU-1305,6,Invalid,Product B,Not Active
01-06-2025,Depot J,SKU-1306,3,Invalid,Product B,Not Active
01-06-2025,Depot K,SKU-1336,28,Invalid,Product B,Not Active
01-06-2025,Depot K,SKU-1268,65,Invalid,Product B,Not Active
01-06-2025,Depot K,SKU-1269,46,Invalid,Product B,Not Active
01-06-2025,Depot K,SKU-1270,16,Invalid,Product B,Not Active
01-06-2025,Depot K,SKU-1359,6,Invalid,Product B,Not Active
01-06-2025,Depot K,SKU-1308,4,Invalid,Product B,Not Active
01-06-2025,Depot K,SKU-1274,2,Invalid,Product B,Not Active
01-06-2025,Depot K,SKU-1309,4,Invalid,Product B,Not Active
01-06-2025,Depot K,SKU-1275,100,Invalid,Product B,Not Active
01-06-2025,Depot K,SKU-1276,92,Invalid,Product B,Not Active
01-06-2025,Depot K,SKU-1277,8,Invalid,Product B,Not Active
01-06-2025,Depot K,SKU-1278,4,Invalid,Product B,Not Active
01-06-2025,Depot K,SKU-1279,16,Invalid,Product B,Not Active
01-06-2025,Depot K,SKU-1310,1,Invalid,Product B,Not Active
01-06-2025,Depot K,SKU-1280,4,Invalid,Product B,Not Active
01-06-2025,Depot K,SKU-1281,8,Invalid,Product B,Not Active
01-06-2025,Depot K,SKU-1360,20,Invalid,Product B,Not Active
01-06-2025,Depot K,SKU-1361,11,Invalid,Product B,Not Active
01-06-2025,Depot K,SKU-1282,17,Invalid,Product B,Not Active
01-06-2025,Depot K,SKU-1312,20,Invalid,Product B,Not Active
01-06-2025,Depot K,SKU-1362,16,Invalid,Product B,Not Active
01-06-2025,Depot K,SKU-1285,96,Invalid,Product B,Not Active
01-06-2025,Depot K,SKU-1286,10,Invalid,Product B,Not Active
01-06-2025,Depot K,SKU-1287,15,Invalid,Product B,Not Active
01-06-2025,Depot K,SKU-1288,6,Invalid,Product B,Not Active
01-06-2025,Depot K,SKU-1265,4,Invalid,Product B,Not Active
01-06-2025,Depot K,SKU-1289,15,Invalid,Product B,Not Active
01-06-2025,Depot K,SKU-1313,23,Invalid,Product B,Not Active
01-06-2025,Depot K,SKU-1290,13,Invalid,Product B,Not Active
01-06-2025,Depot K,SKU-1291,4,Invalid,Product B,Not Active
01-06-2025,Depot K,SKU-1331,2368,Invalid,Product B,Not Active
01-06-2025,Depot K,SKU-1292,20,Invalid,Product B,Not Active
01-06-2025,Depot K,SKU-1293,1,Invalid,Product B,Not Active
01-06-2025,Depot K,SKU-1294,1,Invalid,Product B,Not Active
01-06-2025,Depot K,SKU-1363,2,Invalid,Product B,Not Active
01-06-2025,Depot K,SKU-1318,10,Invalid,Product B,Not Active
01-06-2025,Depot K,SKU-1364,1,Invalid,Product B,Not Active
01-06-2025,Depot K,SKU-1365,1,Invalid,Product B,Not Active
01-06-2025,Depot K,SKU-1298,9,Invalid,Product B,Not Active
01-06-2025,Depot K,SKU-1323,9,Invalid,Product B,Not Active
01-06-2025,Depot K,SKU-1301,1,Invalid,Product B,Not Active
01-06-2025,Depot K,SKU-1343,2,Invalid,Product B,Not Active
01-06-2025,Depot K,SKU-1302,5,Invalid,Product B,Not Active
01-06-2025,Depot K,SKU-1345,4,Invalid,Product B,Not Active
01-06-2025,Depot K,SKU-1357,18,Invalid,Product B,Not Active
01-06-2025,Depot K,SKU-1304,38,Invalid,Product B,Not Active
01-06-2025,Depot K,SKU-1267,7,Invalid,Product B,Not Active
01-06-2025,Depot K,SKU-1306,1,Invalid,Product B,Not Active
01-06-2025,Depot L,SKU-1268,3,Invalid,Product B,Not Active
01-06-2025,Depot L,SKU-1269,3,Invalid,Product B,Not Active
01-06-2025,Depot L,SKU-1270,7,Invalid,Product B,Not Active
01-06-2025,Depot L,SKU-1308,4,Invalid,Product B,Not Active
01-06-2025,Depot L,SKU-1274,12,Invalid,Product B,Not Active
01-06-2025,Depot L,SKU-1309,9,Invalid,Product B,Not Active
01-06-2025,Depot L,SKU-1275,3,Invalid,Product B,Not Active
01-06-2025,Depot L,SKU-1277,8,Invalid,Product B,Not Active
01-06-2025,Depot L,SKU-1278,313,Invalid,Product B,Not Active
01-06-2025,Depot L,SKU-1279,17,Invalid,Product B,Not Active
01-06-2025,Depot L,SKU-1310,7,Invalid,Product B,Not Active
01-06-2025,Depot L,SKU-1280,12,Invalid,Product B,Not Active
01-06-2025,Depot L,SKU-1281,55,Invalid,Product B,Not Active
01-06-2025,Depot L,SKU-1311,66,Invalid,Product B,Not Active
01-06-2025,Depot L,SKU-1282,4,Invalid,Product B,Not Active
01-06-2025,Depot L,SKU-1283,4,Invalid,Product B,Not Active
01-06-2025,Depot L,SKU-1285,2,Invalid,Product B,Not Active
01-06-2025,Depot L,SKU-1286,20,Invalid,Product B,Not Active
01-06-2025,Depot L,SKU-1287,4,Invalid,Product B,Not Active
01-06-2025,Depot L,SKU-1288,20,Invalid,Product B,Not Active
01-06-2025,Depot L,SKU-1265,8,Invalid,Product B,Not Active
01-06-2025,Depot L,SKU-1289,21,Invalid,Product B,Not Active
01-06-2025,Depot L,SKU-1313,49,Invalid,Product B,Not Active
01-06-2025,Depot L,SKU-1291,12,Invalid,Product B,Not Active
01-06-2025,Depot L,SKU-1331,56,Invalid,Product B,Not Active
01-06-2025,Depot L,SKU-1292,51,Invalid,Product B,Not Active
01-06-2025,Depot L,SKU-1293,5,Invalid,Product B,Not Active
01-06-2025,Depot L,SKU-1294,5,Invalid,Product B,Not Active
01-06-2025,Depot L,SKU-1318,5,Invalid,Product B,Not Active
01-06-2025,Depot L,SKU-1364,1,Invalid,Product B,Not Active
01-06-2025,Depot L,SKU-1366,1,Invalid,Product B,Not Active
01-06-2025,Depot L,SKU-1342,2,Invalid,Product B,Not Active
01-06-2025,Depot L,SKU-1297,11,Invalid,Product B,Not Active
01-06-2025,Depot L,SKU-1333,4,Invalid,Product B,Not Active
01-06-2025,Depot L,SKU-1298,2,Invalid,Product B,Not Active
01-06-2025,Depot L,SKU-1323,4,Invalid,Product B,Not Active
01-06-2025,Depot L,SKU-1334,5,Invalid,Product B,Not Active
01-06-2025,Depot L,SKU-1299,2,Invalid,Product B,Not Active
01-06-2025,Depot L,SKU-1300,2,Invalid,Product B,Not Active
01-06-2025,Depot L,SKU-1301,4,Invalid,Product B,Not Active
01-06-2025,Depot L,SKU-1343,1,Invalid,Product B,Not Active
01-06-2025,Depot L,SKU-1344,11,Invalid,Product B,Not Active
01-06-2025,Depot L,SKU-1326,1,Invalid,Product B,Not Active
01-06-2025,Depot L,SKU-1367,8,Invalid,Product B,Not Active
01-06-2025,Depot L,SKU-1266,4,Invalid,Product B,Not Active
01-06-2025,Depot L,SKU-1304,10,Invalid,Product B,Not Active
01-06-2025,Depot L,SKU-1267,39,Invalid,Product B,Not Active
01-06-2025,Depot L,SKU-1306,3,Invalid,Product B,Not Active
01-06-2025,Depot M,SKU-1336,400,Invalid,Product B,Not Active
01-06-2025,Depot M,SKU-1368,180,Invalid,Product B,Not Active
01-06-2025,Depot M,SKU-1337,77,Invalid,Product B,Not Active
01-06-2025,Depot M,SKU-1268,1320,Invalid,Product B,Not Active
01-06-2025,Depot M,SKU-1269,58,Invalid,Product B,Not Active
01-06-2025,Depot M,SKU-1270,408,Invalid,Product B,Not Active
01-06-2025,Depot M,SKU-1369,20,Invalid,Product B,Not Active
01-06-2025,Depot M,SKU-1370,8,Invalid,Product B,Not Active
01-06-2025,Depot M,SKU-1371,95,Invalid,Product B,Not Active
01-06-2025,Depot M,SKU-1273,25,Invalid,Product B,Not Active
01-06-2025,Depot M,SKU-1330,74,Invalid,Product B,Not Active
01-06-2025,Depot M,SKU-1354,290,Invalid,Product B,Not Active
01-06-2025,Depot M,SKU-1308,7,Invalid,Product B,Not Active
01-06-2025,Depot M,SKU-1309,13,Invalid,Product B,Not Active
01-06-2025,Depot M,SKU-1275,16,Invalid,Product B,Not Active
01-06-2025,Depot M,SKU-1276,195,Invalid,Product B,Not Active
01-06-2025,Depot M,SKU-1277,41,Invalid,Product B,Not Active
01-06-2025,Depot M,SKU-1278,1821,Invalid,Product B,Not Active
01-06-2025,Depot M,SKU-1279,140,Invalid,Product B,Not Active
01-06-2025,Depot M,SKU-1310,76,Invalid,Product B,Not Active
01-06-2025,Depot M,SKU-1280,16,Invalid,Product B,Not Active
01-06-2025,Depot M,SKU-1281,116,Invalid,Product B,Not Active
01-06-2025,Depot M,SKU-1311,200,Invalid,Product B,Not Active
01-06-2025,Depot M,SKU-1282,3,Invalid,Product B,Not Active
01-06-2025,Depot M,SKU-1338,4,Invalid,Product B,Not Active
01-06-2025,Depot M,SKU-1283,36,Invalid,Product B,Not Active
01-06-2025,Depot M,SKU-1284,28,Invalid,Product B,Not Active
01-06-2025,Depot M,SKU-1312,53,Invalid,Product B,Not Active
01-06-2025,Depot M,SKU-1372,70,Invalid,Product B,Not Active
01-06-2025,Depot M,SKU-1362,86,Invalid,Product B,Not Active
01-06-2025,Depot M,SKU-1285,153,Invalid,Product B,Not Active
01-06-2025,Depot M,SKU-1286,220,Invalid,Product B,Not Active
01-06-2025,Depot M,SKU-1287,21,Invalid,Product B,Not Active
01-06-2025,Depot M,SKU-1288,8,Invalid,Product B,Not Active
01-06-2025,Depot M,SKU-1265,69,Invalid,Product B,Not Active
01-06-2025,Depot M,SKU-1289,63,Invalid,Product B,Not Active
01-06-2025,Depot M,SKU-1313,6,Invalid,Product B,Not Active
01-06-2025,Depot M,SKU-1291,17,Invalid,Product B,Not Active
01-06-2025,Depot M,SKU-1331,790,Invalid,Product B,Not Active
01-06-2025,Depot M,SKU-1292,3,Invalid,Product B,Not Active
01-06-2025,Depot M,SKU-1293,9,Invalid,Product B,Not Active
01-06-2025,Depot M,SKU-1294,9,Invalid,Product B,Not Active
01-06-2025,Depot M,SKU-1315,2,Invalid,Product B,Not Active
01-06-2025,Depot M,SKU-1373,4,Invalid,Product B,Not Active
01-06-2025,Depot M,SKU-1374,4,Invalid,Product B,Not Active
01-06-2025,Depot M,SKU-1375,6,Invalid,Product B,Not Active
01-06-2025,Depot M,SKU-1376,4,Invalid,Product B,Not Active
01-06-2025,Depot M,SKU-1318,10,Invalid,Product B,Not Active
01-06-2025,Depot M,SKU-1295,20,Invalid,Product B,Not Active
01-06-2025,Depot M,SKU-1377,1,Invalid,Product B,Not Active
01-06-2025,Depot M,SKU-1364,1,Invalid,Product B,Not Active
01-06-2025,Depot M,SKU-1296,2,Invalid,Product B,Not Active
01-06-2025,Depot M,SKU-1378,8,Invalid,Product B,Not Active
01-06-2025,Depot M,SKU-1297,19,Invalid,Product B,Not Active
01-06-2025,Depot M,SKU-1379,36,Invalid,Product B,Not Active
01-06-2025,Depot M,SKU-1333,25,Invalid,Product B,Not Active
01-06-2025,Depot M,SKU-1298,21,Invalid,Product B,Not Active
01-06-2025,Depot M,SKU-1321,2,Invalid,Product B,Not Active
01-06-2025,Depot M,SKU-1322,4,Invalid,Product B,Not Active
01-06-2025,Depot M,SKU-1323,30,Invalid,Product B,Not Active
01-06-2025,Depot M,SKU-1334,12,Invalid,Product B,Not Active
01-06-2025,Depot M,SKU-1380,2,Invalid,Product B,Not Active
01-06-2025,Depot M,SKU-1299,4,Invalid,Product B,Not Active
01-06-2025,Depot M,SKU-1300,4,Invalid,Product B,Not Active
01-06-2025,Depot M,SKU-1348,14,Invalid,Product B,Not Active
01-06-2025,Depot M,SKU-1381,5,Invalid,Product B,Not Active
01-06-2025,Depot M,SKU-1382,2,Invalid,Product B,Not Active
01-06-2025,Depot M,SKU-1383,2,Invalid,Product B,Not Active
01-06-2025,Depot M,SKU-1324,4,Invalid,Product B,Not Active
01-06-2025,Depot M,SKU-1384,2,Invalid,Product B,Not Active
01-06-2025,Depot M,SKU-1385,1,Invalid,Product B,Not Active
01-06-2025,Depot M,SKU-1386,3,Invalid,Product B,Not Active
01-06-2025,Depot M,SKU-1301,3,Invalid,Product B,Not Active
01-06-2025,Depot M,SKU-1343,2,Invalid,Product B,Not Active
01-06-2025,Depot M,SKU-1387,4,Invalid,Product B,Not Active
01-06-2025,Depot M,SKU-1335,2,Invalid,Product B,Not Active
01-06-2025,Depot M,SKU-1326,4,Invalid,Product B,Not Active
01-06-2025,Depot M,SKU-1302,195,Invalid,Product B,Not Active
01-06-2025,Depot M,SKU-1388,8,Invalid,Product B,Not Active
01-06-2025,Depot M,SKU-1266,8,Invalid,Product B,Not Active
01-06-2025,Depot M,SKU-1304,8,Invalid,Product B,Not Active
01-06-2025,Depot M,SKU-1305,18,Invalid,Product B,Not Active
01-06-2025,Depot M,SKU-1267,18,Invalid,Product B,Not Active
01-06-2025,Depot M,SKU-1306,5,Invalid,Product B,Not Active
01-06-2025,Depot N,SKU-1268,1,Invalid,Product B,Not Active
01-06-2025,Depot N,SKU-1269,4,Invalid,Product B,Not Active
01-06-2025,Depot N,SKU-1270,31,Invalid,Product B,Not Active
01-06-2025,Depot N,SKU-1307,25,Invalid,Product B,Not Active
01-06-2025,Depot N,SKU-1389,20,Invalid,Product B,Not Active
01-06-2025,Depot N,SKU-1390,8,Invalid,Product B,Not Active
01-06-2025,Depot N,SKU-1351,33,Invalid,Product B,Not Active
01-06-2025,Depot N,SKU-1271,203,Invalid,Product B,Not Active
01-06-2025,Depot N,SKU-1352,11,Invalid,Product B,Not Active
01-06-2025,Depot N,SKU-1329,112,Invalid,Product B,Not Active
01-06-2025,Depot N,SKU-1391,12,Invalid,Product B,Not Active
01-06-2025,Depot N,SKU-1330,2,Invalid,Product B,Not Active
01-06-2025,Depot N,SKU-1354,12,Invalid,Product B,Not Active
01-06-2025,Depot N,SKU-1308,32,Invalid,Product B,Not Active
01-06-2025,Depot N,SKU-1274,13,Invalid,Product B,Not Active
01-06-2025,Depot N,SKU-1309,9,Invalid,Product B,Not Active
01-06-2025,Depot N,SKU-1275,5,Invalid,Product B,Not Active
01-06-2025,Depot N,SKU-1276,12,Invalid,Product B,Not Active
01-06-2025,Depot N,SKU-1277,12,Invalid,Product B,Not Active
01-06-2025,Depot N,SKU-1278,698,Invalid,Product B,Not Active
01-06-2025,Depot N,SKU-1279,110,Invalid,Product B,Not Active
01-06-2025,Depot N,SKU-1310,27,Invalid,Product B,Not Active
01-06-2025,Depot N,SKU-1361,137,Invalid,Product B,Not Active
01-06-2025,Depot N,SKU-1311,77,Invalid,Product B,Not Active
01-06-2025,Depot N,SKU-1282,5,Invalid,Product B,Not Active
01-06-2025,Depot N,SKU-1283,12,Invalid,Product B,Not Active
01-06-2025,Depot N,SKU-1285,3,Invalid,Product B,Not Active
01-06-2025,Depot N,SKU-1286,2,Invalid,Product B,Not Active
01-06-2025,Depot N,SKU-1287,10,Invalid,Product B,Not Active
01-06-2025,Depot N,SKU-1288,3,Invalid,Product B,Not Active
01-06-2025,Depot N,SKU-1265,10,Invalid,Product B,Not Active
01-06-2025,Depot N,SKU-1289,20,Invalid,Product B,Not Active
01-06-2025,Depot N,SKU-1392,3,Invalid,Product B,Not Active
01-06-2025,Depot N,SKU-1313,8,Invalid,Product B,Not Active
01-06-2025,Depot N,SKU-1290,30,Invalid,Product B,Not Active
01-06-2025,Depot N,SKU-1291,3,Invalid,Product B,Not Active
01-06-2025,Depot N,SKU-1292,1,Invalid,Product B,Not Active
01-06-2025,Depot N,SKU-1356,32,Invalid,Product B,Not Active
01-06-2025,Depot N,SKU-1293,15,Invalid,Product B,Not Active
01-06-2025,Depot N,SKU-1294,15,Invalid,Product B,Not Active
01-06-2025,Depot N,SKU-1318,10,Invalid,Product B,Not Active
01-06-2025,Depot N,SKU-1297,2,Invalid,Product B,Not Active
01-06-2025,Depot N,SKU-1333,8,Invalid,Product B,Not Active
01-06-2025,Depot N,SKU-1298,20,Invalid,Product B,Not Active
01-06-2025,Depot N,SKU-1321,2,Invalid,Product B,Not Active
01-06-2025,Depot N,SKU-1322,2,Invalid,Product B,Not Active
01-06-2025,Depot N,SKU-1323,4,Invalid,Product B,Not Active
01-06-2025,Depot N,SKU-1334,2,Invalid,Product B,Not Active
01-06-2025,Depot N,SKU-1299,2,Invalid,Product B,Not Active
01-06-2025,Depot N,SKU-1300,2,Invalid,Product B,Not Active
01-06-2025,Depot N,SKU-1324,2,Invalid,Product B,Not Active
01-06-2025,Depot N,SKU-1301,1,Invalid,Product B,Not Active
01-06-2025,Depot N,SKU-1343,5,Invalid,Product B,Not Active
01-06-2025,Depot N,SKU-1325,2,Invalid,Product B,Not Active
01-06-2025,Depot N,SKU-1344,2,Invalid,Product B,Not Active
01-06-2025,Depot N,SKU-1335,2,Invalid,Product B,Not Active
01-06-2025,Depot N,SKU-1326,1,Invalid,Product B,Not Active
01-06-2025,Depot N,SKU-1302,4,Invalid,Product B,Not Active
01-06-2025,Depot N,SKU-1393,13,Invalid,Product B,Not Active
01-06-2025,Depot N,SKU-1388,7,Invalid,Product B,Not Active
01-06-2025,Depot N,SKU-1367,4,Invalid,Product B,Not Active
01-06-2025,Depot N,SKU-1266,4,Invalid,Product B,Not Active
01-06-2025,Depot N,SKU-1303,25,Invalid,Product B,Not Active
01-06-2025,Depot N,SKU-1327,7,Invalid,Product B,Not Active
01-06-2025,Depot N,SKU-1304,68,Invalid,Product B,Not Active
01-06-2025,Depot N,SKU-1305,64,Invalid,Product B,Not Active
01-06-2025,Depot N,SKU-1267,37,Invalid,Product B,Not Active
01-06-2025,Depot N,SKU-1306,1,Invalid,Product B,Not Active
01-06-2025,Depot O,SKU-1268,4,Invalid,Product B,Not Active
01-06-2025,Depot O,SKU-1269,12,Invalid,Product B,Not Active
01-06-2025,Depot O,SKU-1270,47,Invalid,Product B,Not Active
01-06-2025,Depot O,SKU-1389,9,Invalid,Product B,Not Active
01-06-2025,Depot O,SKU-1308,16,Invalid,Product B,Not Active
01-06-2025,Depot O,SKU-1274,12,Invalid,Product B,Not Active
01-06-2025,Depot O,SKU-1309,8,Invalid,Product B,Not Active
01-06-2025,Depot O,SKU-1275,49,Invalid,Product B,Not Active
01-06-2025,Depot O,SKU-1276,3,Invalid,Product B,Not Active
01-06-2025,Depot O,SKU-1277,8,Invalid,Product B,Not Active
01-06-2025,Depot O,SKU-1278,112,Invalid,Product B,Not Active
01-06-2025,Depot O,SKU-1279,34,Invalid,Product B,Not Active
01-06-2025,Depot O,SKU-1310,8,Invalid,Product B,Not Active
01-06-2025,Depot O,SKU-1311,8,Invalid,Product B,Not Active
01-06-2025,Depot O,SKU-1282,23,Invalid,Product B,Not Active
01-06-2025,Depot O,SKU-1338,12,Invalid,Product B,Not Active
01-06-2025,Depot O,SKU-1283,12,Invalid,Product B,Not Active
01-06-2025,Depot O,SKU-1285,8,Invalid,Product B,Not Active
01-06-2025,Depot O,SKU-1286,3,Invalid,Product B,Not Active
01-06-2025,Depot O,SKU-1287,4,Invalid,Product B,Not Active
01-06-2025,Depot O,SKU-1288,4,Invalid,Product B,Not Active
01-06-2025,Depot O,SKU-1265,11,Invalid,Product B,Not Active
01-06-2025,Depot O,SKU-1289,14,Invalid,Product B,Not Active
01-06-2025,Depot O,SKU-1292,6,Invalid,Product B,Not Active
01-06-2025,Depot O,SKU-1293,44,Invalid,Product B,Not Active
01-06-2025,Depot O,SKU-1294,44,Invalid,Product B,Not Active
01-06-2025,Depot O,SKU-1318,44,Invalid,Product B,Not Active
01-06-2025,Depot O,SKU-1342,4,Invalid,Product B,Not Active
01-06-2025,Depot O,SKU-1297,9,Invalid,Product B,Not Active
01-06-2025,Depot O,SKU-1298,9,Invalid,Product B,Not Active
01-06-2025,Depot O,SKU-1323,9,Invalid,Product B,Not Active
01-06-2025,Depot O,SKU-1299,5,Invalid,Product B,Not Active
01-06-2025,Depot O,SKU-1300,5,Invalid,Product B,Not Active
01-06-2025,Depot O,SKU-1324,1,Invalid,Product B,Not Active
01-06-2025,Depot O,SKU-1301,1,Invalid,Product B,Not Active
01-06-2025,Depot O,SKU-1343,1,Invalid,Product B,Not Active
01-06-2025,Depot O,SKU-1335,2,Invalid,Product B,Not Active
01-06-2025,Depot O,SKU-1326,1,Invalid,Product B,Not Active
01-06-2025,Depot O,SKU-1266,5,Invalid,Product B,Not Active
01-06-2025,Depot O,SKU-1304,5,Invalid,Product B,Not Active
01-06-2025,Depot O,SKU-1267,4,Invalid,Product B,Not Active
01-06-2025,Depot O,SKU-1306,45,Invalid,Product B,Not Active
01-06-2025,Depot P,SKU-1336,4,Invalid,Product B,Not Active
01-06-2025,Depot P,SKU-1368,4,Invalid,Product B,Not Active
01-06-2025,Depot P,SKU-1337,4,Invalid,Product B,Not Active
01-06-2025,Depot P,SKU-1268,12,Invalid,Product B,Not Active
01-06-2025,Depot P,SKU-1269,4,Invalid,Product B,Not Active
01-06-2025,Depot P,SKU-1270,2,Invalid,Product B,Not Active
01-06-2025,Depot P,SKU-1328,1,Invalid,Product B,Not Active
01-06-2025,Depot P,SKU-1389,4,Invalid,Product B,Not Active
01-06-2025,Depot P,SKU-1329,1,Invalid,Product B,Not Active
01-06-2025,Depot P,SKU-1273,1,Invalid,Product B,Not Active
01-06-2025,Depot P,SKU-1308,4,Invalid,Product B,Not Active
01-06-2025,Depot P,SKU-1274,17,Invalid,Product B,Not Active
01-06-2025,Depot P,SKU-1309,46,Invalid,Product B,Not Active
01-06-2025,Depot P,SKU-1275,7,Invalid,Product B,Not Active
01-06-2025,Depot P,SKU-1276,4,Invalid,Product B,Not Active
01-06-2025,Depot P,SKU-1277,3,Invalid,Product B,Not Active
01-06-2025,Depot P,SKU-1278,5,Invalid,Product B,Not Active
01-06-2025,Depot P,SKU-1279,4,Invalid,Product B,Not Active
01-06-2025,Depot P,SKU-1310,25,Invalid,Product B,Not Active
01-06-2025,Depot P,SKU-1280,1,Invalid,Product B,Not Active
01-06-2025,Depot P,SKU-1394,1,Invalid,Product B,Not Active
01-06-2025,Depot P,SKU-1311,3,Invalid,Product B,Not Active
01-06-2025,Depot P,SKU-1282,26,Invalid,Product B,Not Active
01-06-2025,Depot P,SKU-1338,4,Invalid,Product B,Not Active
01-06-2025,Depot P,SKU-1283,8,Invalid,Product B,Not Active
01-06-2025,Depot P,SKU-1284,4,Invalid,Product B,Not Active
01-06-2025,Depot P,SKU-1285,6,Invalid,Product B,Not Active
01-06-2025,Depot P,SKU-1286,1,Invalid,Product B,Not Active
01-06-2025,Depot P,SKU-1287,3,Invalid,Product B,Not Active
01-06-2025,Depot P,SKU-1288,2,Invalid,Product B,Not Active
01-06-2025,Depot P,SKU-1265,10,Invalid,Product B,Not Active
01-06-2025,Depot P,SKU-1289,12,Invalid,Product B,Not Active
01-06-2025,Depot P,SKU-1313,6,Invalid,Product B,Not Active
01-06-2025,Depot P,SKU-1290,18,Invalid,Product B,Not Active
01-06-2025,Depot P,SKU-1291,98,Invalid,Product B,Not Active
01-06-2025,Depot P,SKU-1355,14,Invalid,Product B,Not Active
01-06-2025,Depot P,SKU-1331,15,Invalid,Product B,Not Active
01-06-2025,Depot P,SKU-1292,3,Invalid,Product B,Not Active
01-06-2025,Depot P,SKU-1356,2,Invalid,Product B,Not Active
01-06-2025,Depot P,SKU-1293,9,Invalid,Product B,Not Active
01-06-2025,Depot P,SKU-1294,9,Invalid,Product B,Not Active
01-06-2025,Depot P,SKU-1395,4,Invalid,Product B,Not Active
01-06-2025,Depot P,SKU-1396,2,Invalid,Product B,Not Active
01-06-2025,Depot P,SKU-1397,3,Invalid,Product B,Not Active
01-06-2025,Depot P,SKU-1318,9,Invalid,Product B,Not Active
01-06-2025,Depot P,SKU-1398,5,Invalid,Product B,Not Active
01-06-2025,Depot P,SKU-1295,10,Invalid,Product B,Not Active
01-06-2025,Depot P,SKU-1340,12,Invalid,Product B,Not Active
01-06-2025,Depot P,SKU-1341,6,Invalid,Product B,Not Active
01-06-2025,Depot P,SKU-1364,3,Invalid,Product B,Not Active
01-06-2025,Depot P,SKU-1399,2,Invalid,Product B,Not Active
01-06-2025,Depot P,SKU-1342,2,Invalid,Product B,Not Active
01-06-2025,Depot P,SKU-1378,2,Invalid,Product B,Not Active
01-06-2025,Depot P,SKU-1297,4,Invalid,Product B,Not Active
01-06-2025,Depot P,SKU-1379,4,Invalid,Product B,Not Active
01-06-2025,Depot P,SKU-1298,4,Invalid,Product B,Not Active
01-06-2025,Depot P,SKU-1321,6,Invalid,Product B,Not Active
01-06-2025,Depot P,SKU-1322,2,Invalid,Product B,Not Active
01-06-2025,Depot P,SKU-1323,14,Invalid,Product B,Not Active
01-06-2025,Depot P,SKU-1334,2,Invalid,Product B,Not Active
01-06-2025,Depot P,SKU-1380,2,Invalid,Product B,Not Active
01-06-2025,Depot P,SKU-1299,2,Invalid,Product B,Not Active
01-06-2025,Depot P,SKU-1300,3,Invalid,Product B,Not Active
01-06-2025,Depot P,SKU-1381,1,Invalid,Product B,Not Active
01-06-2025,Depot P,SKU-1382,1,Invalid,Product B,Not Active
01-06-2025,Depot P,SKU-1383,2,Invalid,Product B,Not Active
01-06-2025,Depot P,SKU-1400,2,Invalid,Product B,Not Active
01-06-2025,Depot P,SKU-1324,2,Invalid,Product B,Not Active
01-06-2025,Depot P,SKU-1401,1,Invalid,Product B,Not Active
01-06-2025,Depot P,SKU-1301,1,Invalid,Product B,Not Active
01-06-2025,Depot P,SKU-1343,1,Invalid,Product B,Not Active
01-06-2025,Depot P,SKU-1402,1,Invalid,Product B,Not Active
01-06-2025,Depot P,SKU-1403,1,Invalid,Product B,Not Active
01-06-2025,Depot P,SKU-1325,1,Invalid,Product B,Not Active
01-06-2025,Depot P,SKU-1387,2,Invalid,Product B,Not Active
01-06-2025,Depot P,SKU-1344,2,Invalid,Product B,Not Active
01-06-2025,Depot P,SKU-1335,3,Invalid,Product B,Not Active
01-06-2025,Depot P,SKU-1326,5,Invalid,Product B,Not Active
01-06-2025,Depot P,SKU-1302,8,Invalid,Product B,Not Active
01-06-2025,Depot P,SKU-1388,4,Invalid,Product B,Not Active
01-06-2025,Depot P,SKU-1345,12,Invalid,Product B,Not Active
01-06-2025,Depot P,SKU-1266,28,Invalid,Product B,Not Active
01-06-2025,Depot P,SKU-1303,21,Invalid,Product B,Not Active
01-06-2025,Depot P,SKU-1357,3,Invalid,Product B,Not Active
01-06-2025,Depot P,SKU-1304,124,Invalid,Product B,Not Active
01-06-2025,Depot P,SKU-1267,37,Invalid,Product B,Not Active
01-06-2025,Depot P,SKU-1306,11,Invalid,Product B,Not Active
01-06-2025,Depot Q,SKU-1336,268,Invalid,Product B,Not Active
01-06-2025,Depot Q,SKU-1337,216,Invalid,Product B,Not Active
01-06-2025,Depot Q,SKU-1268,406,Invalid,Product B,Not Active
01-06-2025,Depot Q,SKU-1269,126,Invalid,Product B,Not Active
01-06-2025,Depot Q,SKU-1270,432,Invalid,Product B,Not Active
01-06-2025,Depot Q,SKU-1328,186,Invalid,Product B,Not Active
01-06-2025,Depot Q,SKU-1389,38,Invalid,Product B,Not Active
01-06-2025,Depot Q,SKU-1404,1,Invalid,Product B,Not Active
01-06-2025,Depot Q,SKU-1351,350,Invalid,Product B,Not Active
01-06-2025,Depot Q,SKU-1271,422,Invalid,Product B,Not Active
01-06-2025,Depot Q,SKU-1272,619,Invalid,Product B,Not Active
01-06-2025,Depot Q,SKU-1405,1,Invalid,Product B,Not Active
01-06-2025,Depot Q,SKU-1329,6,Invalid,Product B,Not Active
01-06-2025,Depot Q,SKU-1391,8,Invalid,Product B,Not Active
01-06-2025,Depot Q,SKU-1406,1,Invalid,Product B,Not Active
01-06-2025,Depot Q,SKU-1353,2,Invalid,Product B,Not Active
01-06-2025,Depot Q,SKU-1273,2,Invalid,Product B,Not Active
01-06-2025,Depot Q,SKU-1330,1,Invalid,Product B,Not Active
01-06-2025,Depot Q,SKU-1354,187,Invalid,Product B,Not Active
01-06-2025,Depot Q,SKU-1308,2,Invalid,Product B,Not Active
01-06-2025,Depot Q,SKU-1309,8,Invalid,Product B,Not Active
01-06-2025,Depot Q,SKU-1275,13,Invalid,Product B,Not Active
01-06-2025,Depot Q,SKU-1276,44,Invalid,Product B,Not Active
01-06-2025,Depot Q,SKU-1277,38,Invalid,Product B,Not Active
01-06-2025,Depot Q,SKU-1278,1345,Invalid,Product B,Not Active
01-06-2025,Depot Q,SKU-1279,134,Invalid,Product B,Not Active
01-06-2025,Depot Q,SKU-1310,12,Invalid,Product B,Not Active
01-06-2025,Depot Q,SKU-1280,33,Invalid,Product B,Not Active
01-06-2025,Depot Q,SKU-1281,729,Invalid,Product B,Not Active
01-06-2025,Depot Q,SKU-1311,191,Invalid,Product B,Not Active
01-06-2025,Depot Q,SKU-1282,4,Invalid,Product B,Not Active
01-06-2025,Depot Q,SKU-1283,59,Invalid,Product B,Not Active
01-06-2025,Depot Q,SKU-1312,6,Invalid,Product B,Not Active
01-06-2025,Depot Q,SKU-1372,4,Invalid,Product B,Not Active
01-06-2025,Depot Q,SKU-1362,13,Invalid,Product B,Not Active
01-06-2025,Depot Q,SKU-1285,206,Invalid,Product B,Not Active
01-06-2025,Depot Q,SKU-1286,280,Invalid,Product B,Not Active
01-06-2025,Depot Q,SKU-1287,4,Invalid,Product B,Not Active
01-06-2025,Depot Q,SKU-1288,49,Invalid,Product B,Not Active
01-06-2025,Depot Q,SKU-1289,206,Invalid,Product B,Not Active
01-06-2025,Depot Q,SKU-1313,22,Invalid,Product B,Not Active
01-06-2025,Depot Q,SKU-1290,30,Invalid,Product B,Not Active
01-06-2025,Depot Q,SKU-1291,55,Invalid,Product B,Not Active
01-06-2025,Depot Q,SKU-1339,230,Invalid,Product B,Not Active
01-06-2025,Depot Q,SKU-1407,3,Invalid,Product B,Not Active
01-06-2025,Depot Q,SKU-1408,3,Invalid,Product B,Not Active
01-06-2025,Depot Q,SKU-1331,117,Invalid,Product B,Not Active
01-06-2025,Depot Q,SKU-1292,150,Invalid,Product B,Not Active
01-06-2025,Depot Q,SKU-1293,10,Invalid,Product B,Not Active
01-06-2025,Depot Q,SKU-1294,10,Invalid,Product B,Not Active
01-06-2025,Depot Q,SKU-1409,4,Invalid,Product B,Not Active
01-06-2025,Depot Q,SKU-1410,2,Invalid,Product B,Not Active
01-06-2025,Depot Q,SKU-1411,2,Invalid,Product B,Not Active
01-06-2025,Depot Q,SKU-1318,5,Invalid,Product B,Not Active
01-06-2025,Depot Q,SKU-1364,1,Invalid,Product B,Not Active
01-06-2025,Depot Q,SKU-1412,1,Invalid,Product B,Not Active
01-06-2025,Depot Q,SKU-1399,4,Invalid,Product B,Not Active
01-06-2025,Depot Q,SKU-1413,4,Invalid,Product B,Not Active
01-06-2025,Depot Q,SKU-1342,4,Invalid,Product B,Not Active
01-06-2025,Depot Q,SKU-1297,2,Invalid,Product B,Not Active
01-06-2025,Depot Q,SKU-1298,2,Invalid,Product B,Not Active
01-06-2025,Depot Q,SKU-1321,2,Invalid,Product B,Not Active
01-06-2025,Depot Q,SKU-1322,2,Invalid,Product B,Not Active
01-06-2025,Depot Q,SKU-1323,4,Invalid,Product B,Not Active
01-06-2025,Depot Q,SKU-1334,12,Invalid,Product B,Not Active
01-06-2025,Depot Q,SKU-1380,2,Invalid,Product B,Not Active
01-06-2025,Depot Q,SKU-1299,2,Invalid,Product B,Not Active
01-06-2025,Depot Q,SKU-1300,5,Invalid,Product B,Not Active
01-06-2025,Depot Q,SKU-1383,1,Invalid,Product B,Not Active
01-06-2025,Depot Q,SKU-1301,13,Invalid,Product B,Not Active
01-06-2025,Depot Q,SKU-1343,6,Invalid,Product B,Not Active
01-06-2025,Depot Q,SKU-1403,5,Invalid,Product B,Not Active
01-06-2025,Depot Q,SKU-1325,1,Invalid,Product B,Not Active
01-06-2025,Depot Q,SKU-1387,22,Invalid,Product B,Not Active
01-06-2025,Depot Q,SKU-1344,5,Invalid,Product B,Not Active
01-06-2025,Depot Q,SKU-1326,1,Invalid,Product B,Not Active
01-06-2025,Depot Q,SKU-1302,153,Invalid,Product B,Not Active
01-06-2025,Depot Q,SKU-1345,65,Invalid,Product B,Not Active
01-06-2025,Depot Q,SKU-1303,150,Invalid,Product B,Not Active
01-06-2025,Depot Q,SKU-1357,7,Invalid,Product B,Not Active
01-06-2025,Depot Q,SKU-1304,37,Invalid,Product B,Not Active
01-06-2025,Depot Q,SKU-1305,29,Invalid,Product B,Not Active
01-06-2025,Depot Q,SKU-1306,9,Invalid,Product B,Not Active
01-06-2025,Depot A,SKU-1414,1356,Valid,Product C,Not Active
01-06-2025,Depot A,SKU-1415,1512,Valid,Product C,Not Active
01-06-2025,Depot A,SKU-1416,893,Valid,Product C,Not Active
01-06-2025,Depot B,SKU-1417,373,Valid,Product C,Not Active
01-06-2025,Depot B,SKU-1418,1326,Valid,Product C,Not Active
01-06-2025,Depot B,SKU-1419,439,Valid,Product C,Not Active
01-06-2025,Depot B,SKU-1420,717,Valid,Product C,Not Active
01-06-2025,Depot B,SKU-1421,566,Valid,Product C,Not Active
01-06-2025,Depot B,SKU-1422,2376,Valid,Product C,Not Active
01-06-2025,Depot B,SKU-1423,679,Valid,Product C,Not Active
01-06-2025,Depot B,SKU-1414,292,Valid,Product C,Not Active
01-06-2025,Depot B,SKU-1424,103,Valid,Product C,Not Active
01-06-2025,Depot B,SKU-1425,140,Valid,Product C,Not Active
01-06-2025,Depot B,SKU-1415,6616,Valid,Product C,Not Active
01-06-2025,Depot B,SKU-1416,433,Valid,Product C,Not Active
01-06-2025,Depot B,SKU-1426,59,Valid,Product C,Not Active
01-06-2025,Depot B,SKU-1427,475,Valid,Product C,Not Active
01-06-2025,Depot B,SKU-1428,170,Valid,Product C,Not Active
01-06-2025,Depot B,SKU-1429,146,Valid,Product C,Not Active
01-06-2025,Depot B,SKU-1430,173,Valid,Product C,Not Active
01-06-2025,Depot C,SKU-1422,1026,Valid,Product C,Not Active
01-06-2025,Depot C,SKU-1415,5692,Valid,Product C,Not Active
01-06-2025,Depot D,SKU-1417,188,Valid,Product C,Not Active
01-06-2025,Depot D,SKU-1418,538,Valid,Product C,Not Active
01-06-2025,Depot D,SKU-1420,371,Valid,Product C,Not Active
01-06-2025,Depot D,SKU-1422,2228,Valid,Product C,Not Active
01-06-2025,Depot D,SKU-1423,694,Valid,Product C,Not Active
01-06-2025,Depot D,SKU-1415,4584,Valid,Product C,Not Active
01-06-2025,Depot D,SKU-1430,2408,Valid,Product C,Not Active
01-06-2025,Depot E,SKU-1422,1098,Valid,Product C,Not Active
01-06-2025,Depot E,SKU-1414,2540,Valid,Product C,Not Active
01-06-2025,Depot E,SKU-1424,140,Valid,Product C,Not Active
01-06-2025,Depot E,SKU-1415,754,Valid,Product C,Not Active
01-06-2025,Depot E,SKU-1416,383,Valid,Product C,Not Active
01-06-2025,Depot E,SKU-1426,157,Valid,Product C,Not Active
01-06-2025,Depot E,SKU-1427,674,Valid,Product C,Not Active
01-06-2025,Depot E,SKU-1431,42,Valid,Product C,Not Active
01-06-2025,Depot F,SKU-1414,297,Valid,Product C,Not Active
01-06-2025,Depot F,SKU-1424,194,Valid,Product C,Not Active
01-06-2025,Depot F,SKU-1415,1878,Valid,Product C,Not Active
01-06-2025,Depot F,SKU-1416,720,Valid,Product C,Not Active
01-06-2025,Depot F,SKU-1426,495,Valid,Product C,Not Active
01-06-2025,Depot H,SKU-1414,594,Valid,Product C,Not Active
01-06-2025,Depot H,SKU-1415,7236,Valid,Product C,Not Active
01-06-2025,Depot H,SKU-1416,278,Valid,Product C,Not Active
01-06-2025,Depot H,SKU-1427,271,Valid,Product C,Not Active
01-06-2025,Depot I,SKU-1422,415,Valid,Product C,Not Active
01-06-2025,Depot I,SKU-1414,208,Valid,Product C,Not Active
01-06-2025,Depot I,SKU-1424,139,Valid,Product C,Not Active
01-06-2025,Depot I,SKU-1415,4004,Valid,Product C,Not Active
01-06-2025,Depot I,SKU-1416,218,Valid,Product C,Not Active
01-06-2025,Depot I,SKU-1426,92,Valid,Product C,Not Active
01-06-2025,Depot I,SKU-1427,208,Valid,Product C,Not Active
01-06-2025,Depot K,SKU-1417,599,Valid,Product C,Not Active
01-06-2025,Depot K,SKU-1418,407,Valid,Product C,Not Active
01-06-2025,Depot K,SKU-1419,330,Valid,Product C,Not Active
01-06-2025,Depot K,SKU-1420,313,Valid,Product C,Not Active
01-06-2025,Depot K,SKU-1421,750,Valid,Product C,Not Active
01-06-2025,Depot K,SKU-1422,693,Valid,Product C,Not Active
01-06-2025,Depot K,SKU-1423,511,Valid,Product C,Not Active
01-06-2025,Depot K,SKU-1414,1139,Valid,Product C,Not Active
01-06-2025,Depot K,SKU-1415,33028,Valid,Product C,Not Active
01-06-2025,Depot K,SKU-1416,814,Valid,Product C,Not Active
01-06-2025,Depot K,SKU-1427,260,Valid,Product C,Not Active
01-06-2025,Depot L,SKU-1421,380,Valid,Product C,Not Active
01-06-2025,Depot L,SKU-1422,354,Valid,Product C,Not Active
01-06-2025,Depot L,SKU-1414,952,Valid,Product C,Not Active
01-06-2025,Depot L,SKU-1424,142,Valid,Product C,Not Active
01-06-2025,Depot L,SKU-1415,6239,Valid,Product C,Not Active
01-06-2025,Depot L,SKU-1416,502,Valid,Product C,Not Active
01-06-2025,Depot L,SKU-1426,144,Valid,Product C,Not Active
01-06-2025,Depot L,SKU-1427,348,Valid,Product C,Not Active
01-06-2025,Depot L,SKU-1428,143,Valid,Product C,Not Active
01-06-2025,Depot L,SKU-1431,25,Valid,Product C,Not Active
01-06-2025,Depot M,SKU-1417,1234,Valid,Product C,Not Active
01-06-2025,Depot M,SKU-1418,1359,Valid,Product C,Not Active
01-06-2025,Depot M,SKU-1419,2529,Valid,Product C,Not Active
01-06-2025,Depot M,SKU-1420,2631,Valid,Product C,Not Active
01-06-2025,Depot M,SKU-1421,1272,Valid,Product C,Not Active
01-06-2025,Depot M,SKU-1422,1533,Valid,Product C,Not Active
01-06-2025,Depot M,SKU-1423,1360,Valid,Product C,Not Active
01-06-2025,Depot M,SKU-1414,1200,Valid,Product C,Not Active
01-06-2025,Depot M,SKU-1415,41367,Valid,Product C,Not Active
01-06-2025,Depot M,SKU-1416,186,Valid,Product C,Not Active
01-06-2025,Depot M,SKU-1426,102,Valid,Product C,Not Active
01-06-2025,Depot M,SKU-1432,112,Valid,Product C,Not Active
01-06-2025,Depot M,SKU-1427,982,Valid,Product C,Not Active
01-06-2025,Depot M,SKU-1428,402,Valid,Product C,Not Active
01-06-2025,Depot M,SKU-1429,280,Valid,Product C,Not Active
01-06-2025,Depot N,SKU-1417,450,Valid,Product C,Not Active
01-06-2025,Depot N,SKU-1418,847,Valid,Product C,Not Active
01-06-2025,Depot N,SKU-1419,852,Valid,Product C,Not Active
01-06-2025,Depot N,SKU-1420,602,Valid,Product C,Not Active
01-06-2025,Depot N,SKU-1421,948,Valid,Product C,Not Active
01-06-2025,Depot N,SKU-1422,11140,Valid,Product C,Not Active
01-06-2025,Depot N,SKU-1423,1032,Valid,Product C,Not Active
01-06-2025,Depot N,SKU-1414,972,Valid,Product C,Not Active
01-06-2025,Depot N,SKU-1424,86,Valid,Product C,Not Active
01-06-2025,Depot N,SKU-1415,69522,Valid,Product C,Not Active
01-06-2025,Depot N,SKU-1416,679,Valid,Product C,Not Active
01-06-2025,Depot N,SKU-1426,246,Valid,Product C,Not Active
01-06-2025,Depot N,SKU-1427,734,Valid,Product C,Not Active
01-06-2025,Depot N,SKU-1428,1051,Valid,Product C,Not Active
01-06-2025,Depot N,SKU-1433,189,Valid,Product C,Not Active
01-06-2025,Depot N,SKU-1429,99,Valid,Product C,Not Active
01-06-2025,Depot N,SKU-1434,97,Valid,Product C,Not Active
01-06-2025,Depot N,SKU-1430,683,Valid,Product C,Not Active
01-06-2025,Depot O,SKU-1415,16989,Valid,Product C,Not Active
01-06-2025,Depot P,SKU-1417,341,Valid,Product C,Not Active
01-06-2025,Depot P,SKU-1418,112,Valid,Product C,Not Active
01-06-2025,Depot P,SKU-1421,680,Valid,Product C,Not Active
01-06-2025,Depot P,SKU-1422,3343,Valid,Product C,Not Active
01-06-2025,Depot P,SKU-1423,305,Valid,Product C,Not Active
01-06-2025,Depot P,SKU-1414,134,Valid,Product C,Not Active
01-06-2025,Depot P,SKU-1424,38,Valid,Product C,Not Active
01-06-2025,Depot P,SKU-1415,31051,Valid,Product C,Not Active
01-06-2025,Depot P,SKU-1435,41,Valid,Product C,Not Active
01-06-2025,Depot P,SKU-1436,233,Valid,Product C,Not Active
01-06-2025,Depot P,SKU-1416,132,Valid,Product C,Not Active
01-06-2025,Depot P,SKU-1426,94,Valid,Product C,Not Active
01-06-2025,Depot P,SKU-1437,226,Valid,Product C,Not Active
01-06-2025,Depot P,SKU-1438,376,Valid,Product C,Not Active
01-06-2025,Depot P,SKU-1427,243,Valid,Product C,Not Active
01-06-2025,Depot P,SKU-1428,190,Valid,Product C,Not Active
01-06-2025,Depot P,SKU-1439,1275,Valid,Product C,Not Active
01-06-2025,Depot P,SKU-1433,987,Valid,Product C,Not Active
01-06-2025,Depot P,SKU-1430,499,Valid,Product C,Not Active
01-06-2025,Depot Q,SKU-1440,1707,Valid,Product C,Not Active
01-06-2025,Depot Q,SKU-1417,897,Valid,Product C,Not Active
01-06-2025,Depot Q,SKU-1418,477,Valid,Product C,Not Active
01-06-2025,Depot Q,SKU-1419,247,Valid,Product C,Not Active
01-06-2025,Depot Q,SKU-1420,435,Valid,Product C,Not Active
01-06-2025,Depot Q,SKU-1421,2889,Valid,Product C,Not Active
01-06-2025,Depot Q,SKU-1422,3446,Valid,Product C,Not Active
01-06-2025,Depot Q,SKU-1423,782,Valid,Product C,Not Active
01-06-2025,Depot Q,SKU-1441,103,Valid,Product C,Not Active
01-06-2025,Depot Q,SKU-1442,10,Valid,Product C,Not Active
01-06-2025,Depot Q,SKU-1414,4085,Valid,Product C,Not Active
01-06-2025,Depot Q,SKU-1424,1241,Valid,Product C,Not Active
01-06-2025,Depot Q,SKU-1425,43,Valid,Product C,Not Active
01-06-2025,Depot Q,SKU-1443,60,Valid,Product C,Not Active
01-06-2025,Depot Q,SKU-1444,246,Valid,Product C,Not Active
01-06-2025,Depot Q,SKU-1415,8435,Valid,Product C,Not Active
01-06-2025,Depot Q,SKU-1435,85,Valid,Product C,Not Active
01-06-2025,Depot Q,SKU-1436,3402,Valid,Product C,Not Active
01-06-2025,Depot Q,SKU-1445,1260,Valid,Product C,Not Active
01-06-2025,Depot Q,SKU-1446,278,Valid,Product C,Not Active
01-06-2025,Depot Q,SKU-1416,3711,Valid,Product C,Not Active
01-06-2025,Depot Q,SKU-1426,582,Valid,Product C,Not Active
01-06-2025,Depot Q,SKU-1437,23,Valid,Product C,Not Active
01-06-2025,Depot Q,SKU-1438,153,Valid,Product C,Not Active
01-06-2025,Depot Q,SKU-1432,81,Valid,Product C,Not Active
01-06-2025,Depot Q,SKU-1447,243,Valid,Product C,Not Active
01-06-2025,Depot Q,SKU-1427,902,Valid,Product C,Not Active
01-06-2025,Depot Q,SKU-1428,122,Valid,Product C,Not Active
01-06-2025,Depot Q,SKU-1439,853,Valid,Product C,Not Active
01-06-2025,Depot Q,SKU-1433,70,Valid,Product C,Not Active
01-06-2025,Depot Q,SKU-1429,76,Valid,Product C,Not Active
01-06-2025,Depot Q,SKU-1434,52,Valid,Product C,Not Active
01-06-2025,Depot Q,SKU-1431,8,Valid,Product C,Not Active
01-06-2025,Depot Q,SKU-1430,186,Valid,Product C,Not Active
01-06-2025,Depot A,SKU-1440,785,INVALID,Product C,Not Active
01-06-2025,Depot A,SKU-1448,20,INVALID,Product C,Not Active
01-06-2025,Depot A,SKU-1417,100,INVALID,Product C,Not Active
01-06-2025,Depot A,SKU-1418,85,INVALID,Product C,Not Active
01-06-2025,Depot A,SKU-1419,56,INVALID,Product C,Not Active
01-06-2025,Depot A,SKU-1420,50,INVALID,Product C,Not Active
01-06-2025,Depot A,SKU-1421,75,INVALID,Product C,Not Active
01-06-2025,Depot A,SKU-1422,267,INVALID,Product C,Not Active
01-06-2025,Depot A,SKU-1423,322,INVALID,Product C,Not Active
01-06-2025,Depot A,SKU-1449,2167,INVALID,Product C,Active
01-06-2025,Depot A,SKU-1450,51,INVALID,Product C,Not Active
01-06-2025,Depot A,SKU-1451,51,INVALID,Product C,Not Active
01-06-2025,Depot A,SKU-1452,50,INVALID,Product C,Not Active
01-06-2025,Depot A,SKU-1453,99,INVALID,Product C,Not Active
01-06-2025,Depot A,SKU-1454,51,INVALID,Product C,Not Active
01-06-2025,Depot A,SKU-1455,100,INVALID,Product C,Not Active
01-06-2025,Depot A,SKU-1456,122,INVALID,Product C,Active
01-06-2025,Depot A,SKU-1457,379,INVALID,Product C,Active
01-06-2025,Depot A,SKU-1458,154,INVALID,Product C,Active
01-06-2025,Depot A,SKU-1441,49,INVALID,Product C,Not Active
01-06-2025,Depot A,SKU-1459,244,INVALID,Product C,Not Active
01-06-2025,Depot A,SKU-1460,20,INVALID,Product C,Active
01-06-2025,Depot A,SKU-1461,94,INVALID,Product C,Active
01-06-2025,Depot A,SKU-1462,224,INVALID,Product C,Active
01-06-2025,Depot A,SKU-1463,85,INVALID,Product C,Active
01-06-2025,Depot A,SKU-1464,37,INVALID,Product C,Active
01-06-2025,Depot A,SKU-1424,33,INVALID,Product C,Not Active
01-06-2025,Depot A,SKU-1425,130,INVALID,Product C,Not Active
01-06-2025,Depot A,SKU-1443,21,INVALID,Product C,Not Active
01-06-2025,Depot A,SKU-1465,22,INVALID,Product C,Not Active
01-06-2025,Depot A,SKU-1466,190,INVALID,Product C,Active
01-06-2025,Depot A,SKU-1467,21,INVALID,Product C,Not Active
01-06-2025,Depot A,SKU-1468,48,INVALID,Product C,Active
01-06-2025,Depot A,SKU-1469,41,INVALID,Product C,Not Active
01-06-2025,Depot A,SKU-1470,70,INVALID,Product C,Not Active
01-06-2025,Depot A,SKU-1471,7116,INVALID,Product C,Active
01-06-2025,Depot A,SKU-1472,754,INVALID,Product C,Active
01-06-2025,Depot A,SKU-1473,58,INVALID,Product C,Active
01-06-2025,Depot A,SKU-1474,34,INVALID,Product C,Active
01-06-2025,Depot A,SKU-1475,21,INVALID,Product C,Not Active
01-06-2025,Depot A,SKU-1476,20,INVALID,Product C,Not Active
01-06-2025,Depot A,SKU-1477,10,INVALID,Product C,Not Active
01-06-2025,Depot A,SKU-1478,20,INVALID,Product C,Not Active
01-06-2025,Depot A,SKU-1435,8,INVALID,Product C,Not Active
01-06-2025,Depot A,SKU-1479,20,INVALID,Product C,Not Active
01-06-2025,Depot A,SKU-1480,132,INVALID,Product C,Active
01-06-2025,Depot A,SKU-1426,35,INVALID,Product C,Not Active
01-06-2025,Depot A,SKU-1481,20,INVALID,Product C,Not Active
01-06-2025,Depot A,SKU-1432,424,INVALID,Product C,Not Active
01-06-2025,Depot A,SKU-1482,38,INVALID,Product C,Active
01-06-2025,Depot A,SKU-1483,82,INVALID,Product C,Active
01-06-2025,Depot A,SKU-1484,48,INVALID,Product C,Active
01-06-2025,Depot A,SKU-1485,14,INVALID,Product C,Active
01-06-2025,Depot A,SKU-1486,126,INVALID,Product C,Active
01-06-2025,Depot A,SKU-1487,28,INVALID,Product C,Active
01-06-2025,Depot A,SKU-1488,12,INVALID,Product C,Not Active
01-06-2025,Depot A,SKU-1489,5,INVALID,Product C,Not Active
01-06-2025,Depot A,SKU-1427,98,INVALID,Product C,Not Active
01-06-2025,Depot A,SKU-1428,166,INVALID,Product C,Not Active
01-06-2025,Depot A,SKU-1490,181,INVALID,Product C,Not Active
01-06-2025,Depot A,SKU-1491,51,INVALID,Product C,Not Active
01-06-2025,Depot A,SKU-1492,1466,INVALID,Product C,Active
01-06-2025,Depot A,SKU-1429,84,INVALID,Product C,Not Active
01-06-2025,Depot A,SKU-1493,20,INVALID,Product C,Active
01-06-2025,Depot A,SKU-1494,20,INVALID,Product C,Not Active
01-06-2025,Depot A,SKU-1495,194,INVALID,Product C,Not Active
01-06-2025,Depot A,SKU-1496,4,INVALID,Product C,Not Active
01-06-2025,Depot A,SKU-1497,10,INVALID,Product C,Not Active
01-06-2025,Depot A,SKU-1498,279,INVALID,Product C,Active
01-06-2025,Depot A,SKU-1499,799,INVALID,Product C,Not Active
01-06-2025,Depot A,SKU-1500,55,INVALID,Product C,Not Active
01-06-2025,Depot A,SKU-1501,313,INVALID,Product C,Not Active
01-06-2025,Depot A,SKU-1502,111,INVALID,Product C,Not Active
01-06-2025,Depot A,SKU-1503,20,INVALID,Product C,Not Active
01-06-2025,Depot A,SKU-1504,10,INVALID,Product C,Not Active
01-06-2025,Depot A,SKU-1505,7,INVALID,Product C,Not Active
01-06-2025,Depot A,SKU-1506,28,INVALID,Product C,Not Active
01-06-2025,Depot A,SKU-1507,36,INVALID,Product C,Not Active
01-06-2025,Depot A,SKU-1508,53,INVALID,Product C,Not Active
01-06-2025,Depot A,SKU-1431,10,INVALID,Product C,Not Active
01-06-2025,Depot A,SKU-1509,41,INVALID,Product C,Not Active
01-06-2025,Depot A,SKU-1510,41,INVALID,Product C,Not Active
01-06-2025,Depot A,SKU-1511,41,INVALID,Product C,Active
01-06-2025,Depot A,SKU-1512,121,INVALID,Product C,Active
01-06-2025,Depot A,SKU-1513,238,INVALID,Product C,Active
01-06-2025,Depot A,SKU-1514,122,INVALID,Product C,Active
01-06-2025,Depot A,SKU-1515,122,INVALID,Product C,Active
01-06-2025,Depot A,SKU-1516,41,INVALID,Product C,Active
01-06-2025,Depot A,SKU-1517,41,INVALID,Product C,Active
01-06-2025,Depot A,SKU-1518,41,INVALID,Product C,Active
01-06-2025,Depot A,SKU-1519,41,INVALID,Product C,Active
01-06-2025,Depot A,SKU-1520,41,INVALID,Product C,Active
01-06-2025,Depot A,SKU-1521,50,INVALID,Product C,Not Active
01-06-2025,Depot A,SKU-1522,33,INVALID,Product C,Not Active
01-06-2025,Depot A,SKU-1523,100,INVALID,Product C,Not Active
01-06-2025,Depot A,SKU-1524,102,INVALID,Product C,Not Active
01-06-2025,Depot A,SKU-1525,44,INVALID,Product C,Not Active
01-06-2025,Depot A,SKU-1526,9,INVALID,Product C,Active
01-06-2025,Depot A,SKU-1527,25,INVALID,Product C,Active
01-06-2025,Depot A,SKU-1528,80,INVALID,Product C,Not Active
01-06-2025,Depot A,SKU-1529,101,INVALID,Product C,Not Active
01-06-2025,Depot A,SKU-1530,255,INVALID,Product C,Active
01-06-2025,Depot A,SKU-1531,94,INVALID,Product C,Active
01-06-2025,Depot B,SKU-1532,524,INVALID,Product C,Not Active
01-06-2025,Depot B,SKU-1533,30,INVALID,Product C,Not Active
01-06-2025,Depot B,SKU-1534,25,INVALID,Product C,Active
01-06-2025,Depot B,SKU-1535,41,INVALID,Product C,Active
01-06-2025,Depot B,SKU-1536,20,INVALID,Product C,Active
01-06-2025,Depot B,SKU-1537,14,INVALID,Product C,Active
01-06-2025,Depot B,SKU-1538,43,INVALID,Product C,Active
01-06-2025,Depot B,SKU-1539,20,INVALID,Product C,Active
01-06-2025,Depot B,SKU-1449,33,INVALID,Product C,Active
01-06-2025,Depot B,SKU-1540,56,INVALID,Product C,Not Active
01-06-2025,Depot B,SKU-1541,16,INVALID,Product C,Active
01-06-2025,Depot B,SKU-1542,137,INVALID,Product C,Not Active
01-06-2025,Depot B,SKU-1543,23,INVALID,Product C,Active
01-06-2025,Depot B,SKU-1544,179,INVALID,Product C,Active
01-06-2025,Depot B,SKU-1453,57,INVALID,Product C,Not Active
01-06-2025,Depot B,SKU-1545,10,INVALID,Product C,Active
01-06-2025,Depot B,SKU-1546,51,INVALID,Product C,Not Active
01-06-2025,Depot B,SKU-1547,57,INVALID,Product C,Active
01-06-2025,Depot B,SKU-1455,56,INVALID,Product C,Not Active
01-06-2025,Depot B,SKU-1548,264,INVALID,Product C,Not Active
01-06-2025,Depot B,SKU-1549,44,INVALID,Product C,Active
01-06-2025,Depot B,SKU-1550,29,INVALID,Product C,Active
01-06-2025,Depot B,SKU-1551,113,INVALID,Product C,Active
01-06-2025,Depot B,SKU-1456,170,INVALID,Product C,Active
01-06-2025,Depot B,SKU-1552,243,INVALID,Product C,Not Active
01-06-2025,Depot B,SKU-1457,80,INVALID,Product C,Active
01-06-2025,Depot B,SKU-1553,10,INVALID,Product C,Active
01-06-2025,Depot B,SKU-1458,61,INVALID,Product C,Active
01-06-2025,Depot B,SKU-1441,32,INVALID,Product C,Not Active
01-06-2025,Depot B,SKU-1442,110,INVALID,Product C,Not Active
01-06-2025,Depot B,SKU-1554,191,INVALID,Product C,Active
01-06-2025,Depot B,SKU-1459,65,INVALID,Product C,Not Active
01-06-2025,Depot B,SKU-1555,19,INVALID,Product C,Not Active
01-06-2025,Depot B,SKU-1460,10,INVALID,Product C,Active
01-06-2025,Depot B,SKU-1461,34,INVALID,Product C,Active
01-06-2025,Depot B,SKU-1556,10,INVALID,Product C,Active
01-06-2025,Depot B,SKU-1462,225,INVALID,Product C,Active
01-06-2025,Depot B,SKU-1557,51,INVALID,Product C,Not Active
01-06-2025,Depot B,SKU-1463,29,INVALID,Product C,Active
01-06-2025,Depot B,SKU-1558,66,INVALID,Product C,Active
01-06-2025,Depot B,SKU-1464,53,INVALID,Product C,Active
01-06-2025,Depot B,SKU-1559,21,INVALID,Product C,Not Active
01-06-2025,Depot B,SKU-1560,34,INVALID,Product C,Not Active
01-06-2025,Depot B,SKU-1561,60,INVALID,Product C,Not Active
01-06-2025,Depot B,SKU-1443,55,INVALID,Product C,Not Active
01-06-2025,Depot B,SKU-1562,41,INVALID,Product C,Not Active
01-06-2025,Depot B,SKU-1563,10,INVALID,Product C,Active
01-06-2025,Depot B,SKU-1465,23,INVALID,Product C,Not Active
01-06-2025,Depot B,SKU-1564,54,INVALID,Product C,Not Active
01-06-2025,Depot B,SKU-1565,21,INVALID,Product C,Not Active
01-06-2025,Depot B,SKU-1566,71,INVALID,Product C,Not Active
01-06-2025,Depot B,SKU-1567,10,INVALID,Product C,Not Active
01-06-2025,Depot B,SKU-1466,108,INVALID,Product C,Active
01-06-2025,Depot B,SKU-1467,22,INVALID,Product C,Not Active
01-06-2025,Depot B,SKU-1568,10,INVALID,Product C,Not Active
01-06-2025,Depot B,SKU-1468,49,INVALID,Product C,Active
01-06-2025,Depot B,SKU-1469,45,INVALID,Product C,Not Active
01-06-2025,Depot B,SKU-1470,139,INVALID,Product C,Not Active
01-06-2025,Depot B,SKU-1569,9,INVALID,Product C,Active
01-06-2025,Depot B,SKU-1471,4045,INVALID,Product C,Active
01-06-2025,Depot B,SKU-1472,53,INVALID,Product C,Active
01-06-2025,Depot B,SKU-1473,205,INVALID,Product C,Active
01-06-2025,Depot B,SKU-1474,71,INVALID,Product C,Active
01-06-2025,Depot B,SKU-1570,20,INVALID,Product C,Not Active
01-06-2025,Depot B,SKU-1571,10,INVALID,Product C,Active
01-06-2025,Depot B,SKU-1572,21,INVALID,Product C,Not Active
01-06-2025,Depot B,SKU-1479,27,INVALID,Product C,Not Active
01-06-2025,Depot B,SKU-1573,11,INVALID,Product C,Active
01-06-2025,Depot B,SKU-1574,151,INVALID,Product C,Not Active
01-06-2025,Depot B,SKU-1480,553,INVALID,Product C,Active
01-06-2025,Depot B,SKU-1575,11,INVALID,Product C,Not Active
01-06-2025,Depot B,SKU-1576,77,INVALID,Product C,Not Active
01-06-2025,Depot B,SKU-1577,10,INVALID,Product C,Not Active
01-06-2025,Depot B,SKU-1578,134,INVALID,Product C,Active
01-06-2025,Depot B,SKU-1432,98,INVALID,Product C,Not Active
01-06-2025,Depot B,SKU-1579,51,INVALID,Product C,Not Active
01-06-2025,Depot B,SKU-1580,21,INVALID,Product C,Not Active
01-06-2025,Depot B,SKU-1483,106,INVALID,Product C,Active
01-06-2025,Depot B,SKU-1484,107,INVALID,Product C,Active
01-06-2025,Depot B,SKU-1485,80,INVALID,Product C,Active
01-06-2025,Depot B,SKU-1581,20,INVALID,Product C,Not Active
01-06-2025,Depot B,SKU-1582,20,INVALID,Product C,Active
01-06-2025,Depot B,SKU-1486,786,INVALID,Product C,Active
01-06-2025,Depot B,SKU-1487,70,INVALID,Product C,Active
01-06-2025,Depot B,SKU-1583,71,INVALID,Product C,Active
01-06-2025,Depot B,SKU-1584,60,INVALID,Product C,Not Active
01-06-2025,Depot B,SKU-1489,23,INVALID,Product C,Not Active
01-06-2025,Depot B,SKU-1433,128,INVALID,Product C,Not Active
01-06-2025,Depot B,SKU-1491,163,INVALID,Product C,Not Active
01-06-2025,Depot B,SKU-1585,40,INVALID,Product C,Not Active
01-06-2025,Depot B,SKU-1586,128,INVALID,Product C,Not Active
01-06-2025,Depot B,SKU-1587,10,INVALID,Product C,Not Active
01-06-2025,Depot B,SKU-1588,235,INVALID,Product C,Not Active
01-06-2025,Depot B,SKU-1589,20,INVALID,Product C,Not Active
01-06-2025,Depot B,SKU-1492,128,INVALID,Product C,Active
01-06-2025,Depot B,SKU-1434,57,INVALID,Product C,Not Active
01-06-2025,Depot B,SKU-1590,93,INVALID,Product C,Not Active
01-06-2025,Depot B,SKU-1493,41,INVALID,Product C,Active
01-06-2025,Depot B,SKU-1494,44,INVALID,Product C,Not Active
01-06-2025,Depot B,SKU-1591,36,INVALID,Product C,Not Active
01-06-2025,Depot B,SKU-1592,10,INVALID,Product C,Not Active
01-06-2025,Depot B,SKU-1593,8,INVALID,Product C,Not Active
01-06-2025,Depot B,SKU-1594,42,INVALID,Product C,Active
01-06-2025,Depot B,SKU-1595,44,INVALID,Product C,Active
01-06-2025,Depot B,SKU-1596,40,INVALID,Product C,Not Active
01-06-2025,Depot B,SKU-1597,39,INVALID,Product C,Not Active
01-06-2025,Depot B,SKU-1495,22,INVALID,Product C,Not Active
01-06-2025,Depot B,SKU-1598,21,INVALID,Product C,Not Active
01-06-2025,Depot B,SKU-1599,27,INVALID,Product C,Not Active
01-06-2025,Depot B,SKU-1600,29,INVALID,Product C,Not Active
01-06-2025,Depot B,SKU-1601,86,INVALID,Product C,Active
01-06-2025,Depot B,SKU-1602,40,INVALID,Product C,Active
01-06-2025,Depot B,SKU-1498,57,INVALID,Product C,Active
01-06-2025,Depot B,SKU-1503,10,INVALID,Product C,Not Active
01-06-2025,Depot B,SKU-1504,44,INVALID,Product C,Not Active
01-06-2025,Depot B,SKU-1505,10,INVALID,Product C,Not Active
01-06-2025,Depot B,SKU-1506,33,INVALID,Product C,Not Active
01-06-2025,Depot B,SKU-1603,4,INVALID,Product C,Not Active
01-06-2025,Depot B,SKU-1604,21,INVALID,Product C,Not Active
01-06-2025,Depot B,SKU-1605,5,INVALID,Product C,Not Active
01-06-2025,Depot B,SKU-1507,73,INVALID,Product C,Not Active
01-06-2025,Depot B,SKU-1508,3,INVALID,Product C,Not Active
01-06-2025,Depot B,SKU-1606,101,INVALID,Product C,Not Active
01-06-2025,Depot B,SKU-1607,51,INVALID,Product C,Not Active
01-06-2025,Depot B,SKU-1608,18,INVALID,Product C,Not Active
01-06-2025,Depot B,SKU-1609,9,INVALID,Product C,Not Active
01-06-2025,Depot B,SKU-1431,53,INVALID,Product C,Not Active
01-06-2025,Depot B,SKU-1509,22,INVALID,Product C,Not Active
01-06-2025,Depot B,SKU-1610,5,INVALID,Product C,Not Active
01-06-2025,Depot B,SKU-1511,136,INVALID,Product C,Active
01-06-2025,Depot B,SKU-1512,40,INVALID,Product C,Active
01-06-2025,Depot B,SKU-1513,121,INVALID,Product C,Active
01-06-2025,Depot B,SKU-1514,288,INVALID,Product C,Active
01-06-2025,Depot B,SKU-1611,40,INVALID,Product C,Active
01-06-2025,Depot B,SKU-1515,50,INVALID,Product C,Active
01-06-2025,Depot B,SKU-1516,41,INVALID,Product C,Active
01-06-2025,Depot B,SKU-1612,3,INVALID,Product C,Not Active
01-06-2025,Depot B,SKU-1613,26,INVALID,Product C,Active
01-06-2025,Depot B,SKU-1614,341,INVALID,Product C,Active
01-06-2025,Depot B,SKU-1615,29,INVALID,Product C,Active
01-06-2025,Depot B,SKU-1616,97,INVALID,Product C,Active
01-06-2025,Depot B,SKU-1518,73,INVALID,Product C,Active
01-06-2025,Depot B,SKU-1519,151,INVALID,Product C,Active
01-06-2025,Depot B,SKU-1520,45,INVALID,Product C,Active
01-06-2025,Depot B,SKU-1617,23,INVALID,Product C,Active
01-06-2025,Depot B,SKU-1618,196,INVALID,Product C,Active
01-06-2025,Depot B,SKU-1521,97,INVALID,Product C,Not Active
01-06-2025,Depot B,SKU-1522,846,INVALID,Product C,Not Active
01-06-2025,Depot B,SKU-1523,55,INVALID,Product C,Not Active
01-06-2025,Depot B,SKU-1524,59,INVALID,Product C,Not Active
01-06-2025,Depot B,SKU-1525,129,INVALID,Product C,Not Active
01-06-2025,Depot B,SKU-1619,20,INVALID,Product C,Not Active
01-06-2025,Depot B,SKU-1620,10,INVALID,Product C,Not Active
01-06-2025,Depot B,SKU-1621,18,INVALID,Product C,Not Active
01-06-2025,Depot B,SKU-1622,4,INVALID,Product C,Not Active
01-06-2025,Depot B,SKU-1623,39,INVALID,Product C,Not Active
01-06-2025,Depot B,SKU-1624,9,INVALID,Product C,Not Active
01-06-2025,Depot B,SKU-1625,147,INVALID,Product C,Active
01-06-2025,Depot B,SKU-1626,15,INVALID,Product C,Not Active
01-06-2025,Depot B,SKU-1526,149,INVALID,Product C,Active
01-06-2025,Depot B,SKU-1527,107,INVALID,Product C,Active
01-06-2025,Depot B,SKU-1627,20,INVALID,Product C,Not Active
01-06-2025,Depot B,SKU-1528,254,INVALID,Product C,Not Active
01-06-2025,Depot B,SKU-1628,41,INVALID,Product C,Not Active
01-06-2025,Depot B,SKU-1529,922,INVALID,Product C,Not Active
01-06-2025,Depot B,SKU-1629,39,INVALID,Product C,Not Active
01-06-2025,Depot B,SKU-1530,193,INVALID,Product C,Active
01-06-2025,Depot B,SKU-1531,20,INVALID,Product C,Active
01-06-2025,Depot B,SKU-1630,261,INVALID,Product C,Not Active
01-06-2025,Depot C,SKU-1532,170,INVALID,Product C,Not Active
01-06-2025,Depot C,SKU-1533,150,INVALID,Product C,Not Active
01-06-2025,Depot C,SKU-1631,10,INVALID,Product C,Not Active
01-06-2025,Depot C,SKU-1417,179,INVALID,Product C,Not Active
01-06-2025,Depot C,SKU-1418,114,INVALID,Product C,Not Active
01-06-2025,Depot C,SKU-1419,198,INVALID,Product C,Not Active
01-06-2025,Depot C,SKU-1420,831,INVALID,Product C,Not Active
01-06-2025,Depot C,SKU-1421,141,INVALID,Product C,Not Active
01-06-2025,Depot C,SKU-1423,195,INVALID,Product C,Not Active
01-06-2025,Depot C,SKU-1449,26,INVALID,Product C,Active
01-06-2025,Depot C,SKU-1450,51,INVALID,Product C,Not Active
01-06-2025,Depot C,SKU-1540,50,INVALID,Product C,Not Active
01-06-2025,Depot C,SKU-1451,50,INVALID,Product C,Not Active
01-06-2025,Depot C,SKU-1542,51,INVALID,Product C,Not Active
01-06-2025,Depot C,SKU-1452,51,INVALID,Product C,Not Active
01-06-2025,Depot C,SKU-1632,49,INVALID,Product C,Not Active
01-06-2025,Depot C,SKU-1453,39,INVALID,Product C,Not Active
01-06-2025,Depot C,SKU-1633,53,INVALID,Product C,Not Active
01-06-2025,Depot C,SKU-1455,51,INVALID,Product C,Not Active
01-06-2025,Depot C,SKU-1548,49,INVALID,Product C,Not Active
01-06-2025,Depot C,SKU-1551,160,INVALID,Product C,Active
01-06-2025,Depot C,SKU-1634,41,INVALID,Product C,Active
01-06-2025,Depot C,SKU-1456,172,INVALID,Product C,Active
01-06-2025,Depot C,SKU-1457,417,INVALID,Product C,Active
01-06-2025,Depot C,SKU-1553,120,INVALID,Product C,Active
01-06-2025,Depot C,SKU-1458,27,INVALID,Product C,Active
01-06-2025,Depot C,SKU-1635,10,INVALID,Product C,Active
01-06-2025,Depot C,SKU-1636,10,INVALID,Product C,Not Active
01-06-2025,Depot C,SKU-1555,22,INVALID,Product C,Not Active
01-06-2025,Depot C,SKU-1460,20,INVALID,Product C,Active
01-06-2025,Depot C,SKU-1637,17,INVALID,Product C,Not Active
01-06-2025,Depot C,SKU-1462,260,INVALID,Product C,Active
01-06-2025,Depot C,SKU-1463,119,INVALID,Product C,Active
01-06-2025,Depot C,SKU-1464,31,INVALID,Product C,Active
01-06-2025,Depot C,SKU-1414,12,INVALID,Product C,Not Active
01-06-2025,Depot C,SKU-1424,11,INVALID,Product C,Not Active
01-06-2025,Depot C,SKU-1638,10,INVALID,Product C,Active
01-06-2025,Depot C,SKU-1425,11,INVALID,Product C,Not Active
01-06-2025,Depot C,SKU-1443,9,INVALID,Product C,Not Active
01-06-2025,Depot C,SKU-1639,78,INVALID,Product C,Active
01-06-2025,Depot C,SKU-1563,14,INVALID,Product C,Active
01-06-2025,Depot C,SKU-1465,53,INVALID,Product C,Not Active
01-06-2025,Depot C,SKU-1564,20,INVALID,Product C,Not Active
01-06-2025,Depot C,SKU-1565,11,INVALID,Product C,Not Active
01-06-2025,Depot C,SKU-1640,20,INVALID,Product C,Not Active
01-06-2025,Depot C,SKU-1567,21,INVALID,Product C,Not Active
01-06-2025,Depot C,SKU-1466,118,INVALID,Product C,Active
01-06-2025,Depot C,SKU-1468,134,INVALID,Product C,Active
01-06-2025,Depot C,SKU-1469,39,INVALID,Product C,Not Active
01-06-2025,Depot C,SKU-1470,95,INVALID,Product C,Not Active
01-06-2025,Depot C,SKU-1471,87,INVALID,Product C,Active
01-06-2025,Depot C,SKU-1472,10,INVALID,Product C,Active
01-06-2025,Depot C,SKU-1473,39,INVALID,Product C,Active
01-06-2025,Depot C,SKU-1474,15,INVALID,Product C,Active
01-06-2025,Depot C,SKU-1572,10,INVALID,Product C,Not Active
01-06-2025,Depot C,SKU-1435,16,INVALID,Product C,Not Active
01-06-2025,Depot C,SKU-1641,9,INVALID,Product C,Active
01-06-2025,Depot C,SKU-1479,55,INVALID,Product C,Not Active
01-06-2025,Depot C,SKU-1574,20,INVALID,Product C,Not Active
01-06-2025,Depot C,SKU-1642,20,INVALID,Product C,Not Active
01-06-2025,Depot C,SKU-1643,10,INVALID,Product C,Active
01-06-2025,Depot C,SKU-1644,20,INVALID,Product C,Not Active
01-06-2025,Depot C,SKU-1645,10,INVALID,Product C,Not Active
01-06-2025,Depot C,SKU-1646,20,INVALID,Product C,Not Active
01-06-2025,Depot C,SKU-1647,19,INVALID,Product C,Not Active
01-06-2025,Depot C,SKU-1480,2,INVALID,Product C,Active
01-06-2025,Depot C,SKU-1648,81,INVALID,Product C,Not Active
01-06-2025,Depot C,SKU-1416,3,INVALID,Product C,Not Active
01-06-2025,Depot C,SKU-1426,5,INVALID,Product C,Not Active
01-06-2025,Depot C,SKU-1577,47,INVALID,Product C,Not Active
01-06-2025,Depot C,SKU-1578,53,INVALID,Product C,Active
01-06-2025,Depot C,SKU-1579,7,INVALID,Product C,Not Active
01-06-2025,Depot C,SKU-1649,4,INVALID,Product C,Not Active
01-06-2025,Depot C,SKU-1650,43,INVALID,Product C,Not Active
01-06-2025,Depot C,SKU-1484,20,INVALID,Product C,Active
01-06-2025,Depot C,SKU-1485,20,INVALID,Product C,Active
01-06-2025,Depot C,SKU-1582,18,INVALID,Product C,Active
01-06-2025,Depot C,SKU-1651,50,INVALID,Product C,Active
01-06-2025,Depot C,SKU-1486,116,INVALID,Product C,Active
01-06-2025,Depot C,SKU-1487,41,INVALID,Product C,Active
01-06-2025,Depot C,SKU-1584,63,INVALID,Product C,Not Active
01-06-2025,Depot C,SKU-1652,21,INVALID,Product C,Not Active
01-06-2025,Depot C,SKU-1653,494,INVALID,Product C,Not Active
01-06-2025,Depot C,SKU-1654,21,INVALID,Product C,Active
01-06-2025,Depot C,SKU-1655,77,INVALID,Product C,Not Active
01-06-2025,Depot C,SKU-1427,66,INVALID,Product C,Not Active
01-06-2025,Depot C,SKU-1428,41,INVALID,Product C,Not Active
01-06-2025,Depot C,SKU-1656,2,INVALID,Product C,Not Active
01-06-2025,Depot C,SKU-1491,21,INVALID,Product C,Not Active
01-06-2025,Depot C,SKU-1586,35,INVALID,Product C,Not Active
01-06-2025,Depot C,SKU-1588,247,INVALID,Product C,Not Active
01-06-2025,Depot C,SKU-1589,11,INVALID,Product C,Not Active
01-06-2025,Depot C,SKU-1657,10,INVALID,Product C,Active
01-06-2025,Depot C,SKU-1492,41,INVALID,Product C,Active
01-06-2025,Depot C,SKU-1429,20,INVALID,Product C,Not Active
01-06-2025,Depot C,SKU-1434,7,INVALID,Product C,Not Active
01-06-2025,Depot C,SKU-1658,695,INVALID,Product C,Not Active
01-06-2025,Depot C,SKU-1493,40,INVALID,Product C,Active
01-06-2025,Depot C,SKU-1494,10,INVALID,Product C,Not Active
01-06-2025,Depot C,SKU-1597,20,INVALID,Product C,Not Active
01-06-2025,Depot C,SKU-1495,22,INVALID,Product C,Not Active
01-06-2025,Depot C,SKU-1659,23,INVALID,Product C,Not Active
01-06-2025,Depot C,SKU-1660,25,INVALID,Product C,Not Active
01-06-2025,Depot C,SKU-1598,21,INVALID,Product C,Not Active
01-06-2025,Depot C,SKU-1661,20,INVALID,Product C,Not Active
01-06-2025,Depot C,SKU-1662,1,INVALID,Product C,Active
01-06-2025,Depot C,SKU-1599,20,INVALID,Product C,Not Active
01-06-2025,Depot C,SKU-1600,10,INVALID,Product C,Not Active
01-06-2025,Depot C,SKU-1663,15,INVALID,Product C,Not Active
01-06-2025,Depot C,SKU-1664,22,INVALID,Product C,Not Active
01-06-2025,Depot C,SKU-1665,59,INVALID,Product C,Not Active
01-06-2025,Depot C,SKU-1498,43,INVALID,Product C,Active
01-06-2025,Depot C,SKU-1666,10,INVALID,Product C,Not Active
01-06-2025,Depot C,SKU-1505,21,INVALID,Product C,Not Active
01-06-2025,Depot C,SKU-1506,195,INVALID,Product C,Not Active
01-06-2025,Depot C,SKU-1667,10,INVALID,Product C,Not Active
01-06-2025,Depot C,SKU-1668,10,INVALID,Product C,Not Active
01-06-2025,Depot C,SKU-1604,51,INVALID,Product C,Not Active
01-06-2025,Depot C,SKU-1605,36,INVALID,Product C,Not Active
01-06-2025,Depot C,SKU-1507,28,INVALID,Product C,Not Active
01-06-2025,Depot C,SKU-1508,19,INVALID,Product C,Not Active
01-06-2025,Depot C,SKU-1669,228,INVALID,Product C,Not Active
01-06-2025,Depot C,SKU-1431,26,INVALID,Product C,Not Active
01-06-2025,Depot C,SKU-1509,145,INVALID,Product C,Not Active
01-06-2025,Depot C,SKU-1670,1,INVALID,Product C,Not Active
01-06-2025,Depot C,SKU-1671,10,INVALID,Product C,Not Active
01-06-2025,Depot C,SKU-1672,41,INVALID,Product C,Not Active
01-06-2025,Depot C,SKU-1511,430,INVALID,Product C,Active
01-06-2025,Depot C,SKU-1512,203,INVALID,Product C,Active
01-06-2025,Depot C,SKU-1611,41,INVALID,Product C,Active
01-06-2025,Depot C,SKU-1673,30,INVALID,Product C,Active
01-06-2025,Depot C,SKU-1521,51,INVALID,Product C,Not Active
01-06-2025,Depot C,SKU-1522,3,INVALID,Product C,Not Active
01-06-2025,Depot C,SKU-1523,51,INVALID,Product C,Not Active
01-06-2025,Depot C,SKU-1524,51,INVALID,Product C,Not Active
01-06-2025,Depot C,SKU-1525,51,INVALID,Product C,Not Active
01-06-2025,Depot C,SKU-1622,4,INVALID,Product C,Not Active
01-06-2025,Depot C,SKU-1624,4,INVALID,Product C,Not Active
01-06-2025,Depot C,SKU-1625,22,INVALID,Product C,Active
01-06-2025,Depot C,SKU-1626,126,INVALID,Product C,Not Active
01-06-2025,Depot C,SKU-1674,4,INVALID,Product C,Active
01-06-2025,Depot C,SKU-1526,1077,INVALID,Product C,Active
01-06-2025,Depot C,SKU-1527,268,INVALID,Product C,Active
01-06-2025,Depot C,SKU-1675,20,INVALID,Product C,Active
01-06-2025,Depot C,SKU-1528,82,INVALID,Product C,Not Active
01-06-2025,Depot C,SKU-1529,126,INVALID,Product C,Not Active
01-06-2025,Depot C,SKU-1676,23,INVALID,Product C,Active
01-06-2025,Depot C,SKU-1677,907,INVALID,Product C,Active
01-06-2025,Depot C,SKU-1430,1514,INVALID,Product C,Not Active
01-06-2025,Depot C,SKU-1629,40,INVALID,Product C,Not Active
01-06-2025,Depot C,SKU-1530,71,INVALID,Product C,Active
01-06-2025,Depot C,SKU-1531,340,INVALID,Product C,Active
01-06-2025,Depot C,SKU-1678,22,INVALID,Product C,Active
01-06-2025,Depot D,SKU-1532,34,INVALID,Product C,Not Active
01-06-2025,Depot D,SKU-1533,57,INVALID,Product C,Not Active
01-06-2025,Depot D,SKU-1679,20,INVALID,Product C,Not Active
01-06-2025,Depot D,SKU-1419,197,INVALID,Product C,Not Active
01-06-2025,Depot D,SKU-1421,50,INVALID,Product C,Not Active
01-06-2025,Depot D,SKU-1449,142,INVALID,Product C,Active
01-06-2025,Depot D,SKU-1450,51,INVALID,Product C,Not Active
01-06-2025,Depot D,SKU-1540,42,INVALID,Product C,Not Active
01-06-2025,Depot D,SKU-1541,77,INVALID,Product C,Active
01-06-2025,Depot D,SKU-1451,51,INVALID,Product C,Not Active
01-06-2025,Depot D,SKU-1543,40,INVALID,Product C,Active
01-06-2025,Depot D,SKU-1452,51,INVALID,Product C,Not Active
01-06-2025,Depot D,SKU-1632,51,INVALID,Product C,Not Active
01-06-2025,Depot D,SKU-1544,144,INVALID,Product C,Active
01-06-2025,Depot D,SKU-1453,98,INVALID,Product C,Not Active
01-06-2025,Depot D,SKU-1633,51,INVALID,Product C,Not Active
01-06-2025,Depot D,SKU-1545,139,INVALID,Product C,Active
01-06-2025,Depot D,SKU-1454,51,INVALID,Product C,Not Active
01-06-2025,Depot D,SKU-1546,51,INVALID,Product C,Not Active
01-06-2025,Depot D,SKU-1547,407,INVALID,Product C,Active
01-06-2025,Depot D,SKU-1548,51,INVALID,Product C,Not Active
01-06-2025,Depot D,SKU-1549,161,INVALID,Product C,Active
01-06-2025,Depot D,SKU-1550,141,INVALID,Product C,Active
01-06-2025,Depot D,SKU-1551,106,INVALID,Product C,Active
01-06-2025,Depot D,SKU-1456,308,INVALID,Product C,Active
01-06-2025,Depot D,SKU-1458,103,INVALID,Product C,Active
01-06-2025,Depot D,SKU-1462,106,INVALID,Product C,Active
01-06-2025,Depot D,SKU-1463,80,INVALID,Product C,Active
01-06-2025,Depot D,SKU-1464,40,INVALID,Product C,Active
01-06-2025,Depot D,SKU-1559,63,INVALID,Product C,Not Active
01-06-2025,Depot D,SKU-1560,10,INVALID,Product C,Not Active
01-06-2025,Depot D,SKU-1443,19,INVALID,Product C,Not Active
01-06-2025,Depot D,SKU-1562,61,INVALID,Product C,Not Active
01-06-2025,Depot D,SKU-1680,10,INVALID,Product C,Not Active
01-06-2025,Depot D,SKU-1564,20,INVALID,Product C,Not Active
01-06-2025,Depot D,SKU-1640,20,INVALID,Product C,Not Active
01-06-2025,Depot D,SKU-1466,48,INVALID,Product C,Active
01-06-2025,Depot D,SKU-1681,10,INVALID,Product C,Active
01-06-2025,Depot D,SKU-1471,861,INVALID,Product C,Active
01-06-2025,Depot D,SKU-1472,284,INVALID,Product C,Active
01-06-2025,Depot D,SKU-1473,114,INVALID,Product C,Active
01-06-2025,Depot D,SKU-1474,71,INVALID,Product C,Active
01-06-2025,Depot D,SKU-1476,10,INVALID,Product C,Not Active
01-06-2025,Depot D,SKU-1682,56,INVALID,Product C,Active
01-06-2025,Depot D,SKU-1479,9,INVALID,Product C,Not Active
01-06-2025,Depot D,SKU-1573,24,INVALID,Product C,Active
01-06-2025,Depot D,SKU-1574,9,INVALID,Product C,Not Active
01-06-2025,Depot D,SKU-1683,10,INVALID,Product C,Not Active
01-06-2025,Depot D,SKU-1480,67,INVALID,Product C,Active
01-06-2025,Depot D,SKU-1576,13,INVALID,Product C,Not Active
01-06-2025,Depot D,SKU-1649,10,INVALID,Product C,Not Active
01-06-2025,Depot D,SKU-1582,10,INVALID,Product C,Active
01-06-2025,Depot D,SKU-1486,141,INVALID,Product C,Active
01-06-2025,Depot D,SKU-1487,80,INVALID,Product C,Active
01-06-2025,Depot D,SKU-1584,174,INVALID,Product C,Not Active
01-06-2025,Depot D,SKU-1684,10,INVALID,Product C,Active
01-06-2025,Depot D,SKU-1653,33,INVALID,Product C,Not Active
01-06-2025,Depot D,SKU-1427,54,INVALID,Product C,Not Active
01-06-2025,Depot D,SKU-1685,20,INVALID,Product C,Active
01-06-2025,Depot D,SKU-1492,567,INVALID,Product C,Active
01-06-2025,Depot D,SKU-1429,41,INVALID,Product C,Not Active
01-06-2025,Depot D,SKU-1590,19,INVALID,Product C,Not Active
01-06-2025,Depot D,SKU-1658,10,INVALID,Product C,Not Active
01-06-2025,Depot D,SKU-1591,13,INVALID,Product C,Not Active
01-06-2025,Depot D,SKU-1686,10,INVALID,Product C,Not Active
01-06-2025,Depot D,SKU-1597,20,INVALID,Product C,Not Active
01-06-2025,Depot D,SKU-1495,45,INVALID,Product C,Not Active
01-06-2025,Depot D,SKU-1598,11,INVALID,Product C,Not Active
01-06-2025,Depot D,SKU-1497,10,INVALID,Product C,Not Active
01-06-2025,Depot D,SKU-1687,25,INVALID,Product C,Not Active
01-06-2025,Depot D,SKU-1498,209,INVALID,Product C,Active
01-06-2025,Depot D,SKU-1666,9,INVALID,Product C,Not Active
01-06-2025,Depot D,SKU-1688,25,INVALID,Product C,Not Active
01-06-2025,Depot D,SKU-1499,9,INVALID,Product C,Not Active
01-06-2025,Depot D,SKU-1502,10,INVALID,Product C,Not Active
01-06-2025,Depot D,SKU-1503,10,INVALID,Product C,Not Active
01-06-2025,Depot D,SKU-1504,10,INVALID,Product C,Not Active
01-06-2025,Depot D,SKU-1506,21,INVALID,Product C,Not Active
01-06-2025,Depot D,SKU-1689,21,INVALID,Product C,Not Active
01-06-2025,Depot D,SKU-1604,6,INVALID,Product C,Not Active
01-06-2025,Depot D,SKU-1507,43,INVALID,Product C,Not Active
01-06-2025,Depot D,SKU-1508,37,INVALID,Product C,Not Active
01-06-2025,Depot D,SKU-1669,173,INVALID,Product C,Not Active
01-06-2025,Depot D,SKU-1606,10,INVALID,Product C,Not Active
01-06-2025,Depot D,SKU-1690,71,INVALID,Product C,Not Active
01-06-2025,Depot D,SKU-1608,20,INVALID,Product C,Not Active
01-06-2025,Depot D,SKU-1609,21,INVALID,Product C,Not Active
01-06-2025,Depot D,SKU-1509,8,INVALID,Product C,Not Active
01-06-2025,Depot D,SKU-1672,10,INVALID,Product C,Not Active
01-06-2025,Depot D,SKU-1691,20,INVALID,Product C,Not Active
01-06-2025,Depot D,SKU-1511,100,INVALID,Product C,Active
01-06-2025,Depot D,SKU-1512,81,INVALID,Product C,Active
01-06-2025,Depot D,SKU-1513,80,INVALID,Product C,Active
01-06-2025,Depot D,SKU-1514,41,INVALID,Product C,Active
01-06-2025,Depot D,SKU-1611,41,INVALID,Product C,Active
01-06-2025,Depot D,SKU-1515,41,INVALID,Product C,Active
01-06-2025,Depot D,SKU-1692,30,INVALID,Product C,Active
01-06-2025,Depot D,SKU-1673,20,INVALID,Product C,Active
01-06-2025,Depot D,SKU-1516,41,INVALID,Product C,Active
01-06-2025,Depot D,SKU-1613,166,INVALID,Product C,Active
01-06-2025,Depot D,SKU-1614,182,INVALID,Product C,Active
01-06-2025,Depot D,SKU-1615,32,INVALID,Product C,Active
01-06-2025,Depot D,SKU-1616,67,INVALID,Product C,Active
01-06-2025,Depot D,SKU-1518,32,INVALID,Product C,Active
01-06-2025,Depot D,SKU-1519,90,INVALID,Product C,Active
01-06-2025,Depot D,SKU-1520,60,INVALID,Product C,Active
01-06-2025,Depot D,SKU-1521,50,INVALID,Product C,Not Active
01-06-2025,Depot D,SKU-1522,91,INVALID,Product C,Not Active
01-06-2025,Depot D,SKU-1693,36,INVALID,Product C,Active
01-06-2025,Depot D,SKU-1619,10,INVALID,Product C,Not Active
01-06-2025,Depot D,SKU-1620,10,INVALID,Product C,Not Active
01-06-2025,Depot D,SKU-1621,17,INVALID,Product C,Not Active
01-06-2025,Depot D,SKU-1622,8,INVALID,Product C,Not Active
01-06-2025,Depot D,SKU-1623,7,INVALID,Product C,Not Active
01-06-2025,Depot D,SKU-1625,14,INVALID,Product C,Active
01-06-2025,Depot D,SKU-1626,20,INVALID,Product C,Not Active
01-06-2025,Depot D,SKU-1526,26,INVALID,Product C,Active
01-06-2025,Depot D,SKU-1527,17,INVALID,Product C,Active
01-06-2025,Depot D,SKU-1528,1665,INVALID,Product C,Not Active
01-06-2025,Depot D,SKU-1529,1672,INVALID,Product C,Not Active
01-06-2025,Depot D,SKU-1676,21,INVALID,Product C,Active
01-06-2025,Depot D,SKU-1530,3748,INVALID,Product C,Active
01-06-2025,Depot D,SKU-1531,238,INVALID,Product C,Active
01-06-2025,Depot E,SKU-1440,39,INVALID,Product C,Not Active
01-06-2025,Depot E,SKU-1417,349,INVALID,Product C,Not Active
01-06-2025,Depot E,SKU-1418,97,INVALID,Product C,Not Active
01-06-2025,Depot E,SKU-1419,159,INVALID,Product C,Not Active
01-06-2025,Depot E,SKU-1420,72,INVALID,Product C,Not Active
01-06-2025,Depot E,SKU-1421,611,INVALID,Product C,Not Active
01-06-2025,Depot E,SKU-1423,346,INVALID,Product C,Not Active
01-06-2025,Depot E,SKU-1449,1881,INVALID,Product C,Active
01-06-2025,Depot E,SKU-1540,51,INVALID,Product C,Not Active
01-06-2025,Depot E,SKU-1541,1033,INVALID,Product C,Active
01-06-2025,Depot E,SKU-1542,100,INVALID,Product C,Not Active
01-06-2025,Depot E,SKU-1543,273,INVALID,Product C,Active
01-06-2025,Depot E,SKU-1452,51,INVALID,Product C,Not Active
01-06-2025,Depot E,SKU-1632,53,INVALID,Product C,Not Active
01-06-2025,Depot E,SKU-1544,1461,INVALID,Product C,Active
01-06-2025,Depot E,SKU-1453,133,INVALID,Product C,Not Active
01-06-2025,Depot E,SKU-1545,148,INVALID,Product C,Active
01-06-2025,Depot E,SKU-1547,59,INVALID,Product C,Active
01-06-2025,Depot E,SKU-1549,239,INVALID,Product C,Active
01-06-2025,Depot E,SKU-1550,550,INVALID,Product C,Active
01-06-2025,Depot E,SKU-1551,6067,INVALID,Product C,Active
01-06-2025,Depot E,SKU-1456,93,INVALID,Product C,Active
01-06-2025,Depot E,SKU-1458,124,INVALID,Product C,Active
01-06-2025,Depot E,SKU-1441,35,INVALID,Product C,Not Active
01-06-2025,Depot E,SKU-1442,43,INVALID,Product C,Not Active
01-06-2025,Depot E,SKU-1694,20,INVALID,Product C,Active
01-06-2025,Depot E,SKU-1695,50,INVALID,Product C,Active
01-06-2025,Depot E,SKU-1459,17,INVALID,Product C,Not Active
01-06-2025,Depot E,SKU-1555,10,INVALID,Product C,Not Active
01-06-2025,Depot E,SKU-1460,20,INVALID,Product C,Active
01-06-2025,Depot E,SKU-1696,20,INVALID,Product C,Active
01-06-2025,Depot E,SKU-1556,20,INVALID,Product C,Active
01-06-2025,Depot E,SKU-1697,584,INVALID,Product C,Active
01-06-2025,Depot E,SKU-1698,100,INVALID,Product C,Active
01-06-2025,Depot E,SKU-1699,100,INVALID,Product C,Active
01-06-2025,Depot E,SKU-1700,100,INVALID,Product C,Active
01-06-2025,Depot E,SKU-1701,100,INVALID,Product C,Active
01-06-2025,Depot E,SKU-1462,25,INVALID,Product C,Active
01-06-2025,Depot E,SKU-1463,90,INVALID,Product C,Active
01-06-2025,Depot E,SKU-1464,61,INVALID,Product C,Active
01-06-2025,Depot E,SKU-1559,20,INVALID,Product C,Not Active
01-06-2025,Depot E,SKU-1702,60,INVALID,Product C,Not Active
01-06-2025,Depot E,SKU-1560,66,INVALID,Product C,Not Active
01-06-2025,Depot E,SKU-1703,36,INVALID,Product C,Active
01-06-2025,Depot E,SKU-1425,198,INVALID,Product C,Not Active
01-06-2025,Depot E,SKU-1443,157,INVALID,Product C,Not Active
01-06-2025,Depot E,SKU-1444,425,INVALID,Product C,Not Active
01-06-2025,Depot E,SKU-1704,10,INVALID,Product C,Active
01-06-2025,Depot E,SKU-1465,22,INVALID,Product C,Not Active
01-06-2025,Depot E,SKU-1564,5,INVALID,Product C,Not Active
01-06-2025,Depot E,SKU-1566,20,INVALID,Product C,Not Active
01-06-2025,Depot E,SKU-1466,58,INVALID,Product C,Active
01-06-2025,Depot E,SKU-1467,21,INVALID,Product C,Not Active
01-06-2025,Depot E,SKU-1568,16,INVALID,Product C,Not Active
01-06-2025,Depot E,SKU-1468,52,INVALID,Product C,Active
01-06-2025,Depot E,SKU-1705,71,INVALID,Product C,Not Active
01-06-2025,Depot E,SKU-1470,41,INVALID,Product C,Not Active
01-06-2025,Depot E,SKU-1681,23,INVALID,Product C,Active
01-06-2025,Depot E,SKU-1706,20,INVALID,Product C,Active
01-06-2025,Depot E,SKU-1707,904,INVALID,Product C,Not Active
01-06-2025,Depot E,SKU-1471,1966,INVALID,Product C,Active
01-06-2025,Depot E,SKU-1472,812,INVALID,Product C,Active
01-06-2025,Depot E,SKU-1473,17,INVALID,Product C,Active
01-06-2025,Depot E,SKU-1474,101,INVALID,Product C,Active
01-06-2025,Depot E,SKU-1475,57,INVALID,Product C,Not Active
01-06-2025,Depot E,SKU-1708,255,INVALID,Product C,Active
01-06-2025,Depot E,SKU-1477,30,INVALID,Product C,Not Active
01-06-2025,Depot E,SKU-1571,1,INVALID,Product C,Active
01-06-2025,Depot E,SKU-1572,20,INVALID,Product C,Not Active
01-06-2025,Depot E,SKU-1435,19,INVALID,Product C,Not Active
01-06-2025,Depot E,SKU-1479,163,INVALID,Product C,Not Active
01-06-2025,Depot E,SKU-1574,20,INVALID,Product C,Not Active
01-06-2025,Depot E,SKU-1683,10,INVALID,Product C,Not Active
01-06-2025,Depot E,SKU-1642,87,INVALID,Product C,Not Active
01-06-2025,Depot E,SKU-1480,295,INVALID,Product C,Active
01-06-2025,Depot E,SKU-1437,19,INVALID,Product C,Not Active
01-06-2025,Depot E,SKU-1481,41,INVALID,Product C,Not Active
01-06-2025,Depot E,SKU-1575,20,INVALID,Product C,Not Active
01-06-2025,Depot E,SKU-1576,31,INVALID,Product C,Not Active
01-06-2025,Depot E,SKU-1438,31,INVALID,Product C,Not Active
01-06-2025,Depot E,SKU-1578,56,INVALID,Product C,Active
01-06-2025,Depot E,SKU-1432,42,INVALID,Product C,Not Active
01-06-2025,Depot E,SKU-1579,34,INVALID,Product C,Not Active
01-06-2025,Depot E,SKU-1709,40,INVALID,Product C,Not Active
01-06-2025,Depot E,SKU-1482,54,INVALID,Product C,Active
01-06-2025,Depot E,SKU-1447,183,INVALID,Product C,Not Active
01-06-2025,Depot E,SKU-1650,14,INVALID,Product C,Not Active
01-06-2025,Depot E,SKU-1710,72,INVALID,Product C,Not Active
01-06-2025,Depot E,SKU-1483,169,INVALID,Product C,Active
01-06-2025,Depot E,SKU-1484,17,INVALID,Product C,Active
01-06-2025,Depot E,SKU-1485,20,INVALID,Product C,Active
01-06-2025,Depot E,SKU-1486,64,INVALID,Product C,Active
01-06-2025,Depot E,SKU-1487,41,INVALID,Product C,Active
01-06-2025,Depot E,SKU-1584,142,INVALID,Product C,Not Active
01-06-2025,Depot E,SKU-1653,2,INVALID,Product C,Not Active
01-06-2025,Depot E,SKU-1489,4,INVALID,Product C,Not Active
01-06-2025,Depot E,SKU-1428,111,INVALID,Product C,Not Active
01-06-2025,Depot E,SKU-1439,450,INVALID,Product C,Not Active
01-06-2025,Depot E,SKU-1711,49,INVALID,Product C,Not Active
01-06-2025,Depot E,SKU-1712,11,INVALID,Product C,Not Active
01-06-2025,Depot E,SKU-1713,20,INVALID,Product C,Active
01-06-2025,Depot E,SKU-1433,28,INVALID,Product C,Not Active
01-06-2025,Depot E,SKU-1490,69,INVALID,Product C,Not Active
01-06-2025,Depot E,SKU-1586,127,INVALID,Product C,Not Active
01-06-2025,Depot E,SKU-1714,20,INVALID,Product C,Not Active
01-06-2025,Depot E,SKU-1588,65,INVALID,Product C,Not Active
01-06-2025,Depot E,SKU-1492,236,INVALID,Product C,Active
01-06-2025,Depot E,SKU-1429,11,INVALID,Product C,Not Active
01-06-2025,Depot E,SKU-1434,34,INVALID,Product C,Not Active
01-06-2025,Depot E,SKU-1658,20,INVALID,Product C,Not Active
01-06-2025,Depot E,SKU-1493,37,INVALID,Product C,Active
01-06-2025,Depot E,SKU-1494,15,INVALID,Product C,Not Active
01-06-2025,Depot E,SKU-1686,38,INVALID,Product C,Not Active
01-06-2025,Depot E,SKU-1596,16,INVALID,Product C,Not Active
01-06-2025,Depot E,SKU-1597,11,INVALID,Product C,Not Active
01-06-2025,Depot E,SKU-1662,28,INVALID,Product C,Active
01-06-2025,Depot E,SKU-1600,20,INVALID,Product C,Not Active
01-06-2025,Depot E,SKU-1498,106,INVALID,Product C,Active
01-06-2025,Depot E,SKU-1688,11,INVALID,Product C,Not Active
01-06-2025,Depot E,SKU-1499,85,INVALID,Product C,Not Active
01-06-2025,Depot E,SKU-1501,10,INVALID,Product C,Not Active
01-06-2025,Depot E,SKU-1502,50,INVALID,Product C,Not Active
01-06-2025,Depot E,SKU-1715,51,INVALID,Product C,Not Active
01-06-2025,Depot E,SKU-1505,59,INVALID,Product C,Not Active
01-06-2025,Depot E,SKU-1506,7,INVALID,Product C,Not Active
01-06-2025,Depot E,SKU-1667,20,INVALID,Product C,Not Active
01-06-2025,Depot E,SKU-1604,23,INVALID,Product C,Not Active
01-06-2025,Depot E,SKU-1507,16,INVALID,Product C,Not Active
01-06-2025,Depot E,SKU-1508,21,INVALID,Product C,Not Active
01-06-2025,Depot E,SKU-1609,41,INVALID,Product C,Not Active
01-06-2025,Depot E,SKU-1509,5,INVALID,Product C,Not Active
01-06-2025,Depot E,SKU-1670,11,INVALID,Product C,Not Active
01-06-2025,Depot E,SKU-1511,83,INVALID,Product C,Active
01-06-2025,Depot E,SKU-1512,41,INVALID,Product C,Active
01-06-2025,Depot E,SKU-1513,41,INVALID,Product C,Active
01-06-2025,Depot E,SKU-1514,41,INVALID,Product C,Active
01-06-2025,Depot E,SKU-1611,41,INVALID,Product C,Active
01-06-2025,Depot E,SKU-1515,81,INVALID,Product C,Active
01-06-2025,Depot E,SKU-1516,41,INVALID,Product C,Active
01-06-2025,Depot E,SKU-1716,80,INVALID,Product C,Active
01-06-2025,Depot E,SKU-1717,10,INVALID,Product C,Active
01-06-2025,Depot E,SKU-1718,10,INVALID,Product C,Active
01-06-2025,Depot E,SKU-1613,982,INVALID,Product C,Active
01-06-2025,Depot E,SKU-1614,41,INVALID,Product C,Active
01-06-2025,Depot E,SKU-1615,144,INVALID,Product C,Active
01-06-2025,Depot E,SKU-1616,18,INVALID,Product C,Active
01-06-2025,Depot E,SKU-1518,17,INVALID,Product C,Active
01-06-2025,Depot E,SKU-1519,24,INVALID,Product C,Active
01-06-2025,Depot E,SKU-1520,26,INVALID,Product C,Active
01-06-2025,Depot E,SKU-1617,4120,INVALID,Product C,Active
01-06-2025,Depot E,SKU-1618,169,INVALID,Product C,Active
01-06-2025,Depot E,SKU-1719,101,INVALID,Product C,Active
01-06-2025,Depot E,SKU-1720,93,INVALID,Product C,Active
01-06-2025,Depot E,SKU-1721,58,INVALID,Product C,Active
01-06-2025,Depot E,SKU-1722,194,INVALID,Product C,Active
01-06-2025,Depot E,SKU-1723,148,INVALID,Product C,Active
01-06-2025,Depot E,SKU-1522,49,INVALID,Product C,Not Active
01-06-2025,Depot E,SKU-1523,100,INVALID,Product C,Not Active
01-06-2025,Depot E,SKU-1524,100,INVALID,Product C,Not Active
01-06-2025,Depot E,SKU-1525,100,INVALID,Product C,Not Active
01-06-2025,Depot E,SKU-1724,10,INVALID,Product C,Not Active
01-06-2025,Depot E,SKU-1725,10,INVALID,Product C,Not Active
01-06-2025,Depot E,SKU-1726,10,INVALID,Product C,Not Active
01-06-2025,Depot E,SKU-1624,193,INVALID,Product C,Not Active
01-06-2025,Depot E,SKU-1625,39,INVALID,Product C,Active
01-06-2025,Depot E,SKU-1626,52,INVALID,Product C,Not Active
01-06-2025,Depot E,SKU-1526,146,INVALID,Product C,Active
01-06-2025,Depot E,SKU-1527,173,INVALID,Product C,Active
01-06-2025,Depot E,SKU-1528,140,INVALID,Product C,Not Active
01-06-2025,Depot E,SKU-1628,111,INVALID,Product C,Not Active
01-06-2025,Depot E,SKU-1529,180,INVALID,Product C,Not Active
01-06-2025,Depot E,SKU-1677,20,INVALID,Product C,Active
01-06-2025,Depot E,SKU-1430,543,INVALID,Product C,Not Active
01-06-2025,Depot E,SKU-1530,11908,INVALID,Product C,Active
01-06-2025,Depot E,SKU-1531,196,INVALID,Product C,Active
01-06-2025,Depot E,SKU-1678,61,INVALID,Product C,Active
01-06-2025,Depot F,SKU-1417,181,INVALID,Product C,Not Active
01-06-2025,Depot F,SKU-1418,45,INVALID,Product C,Not Active
01-06-2025,Depot F,SKU-1419,55,INVALID,Product C,Not Active
01-06-2025,Depot F,SKU-1420,53,INVALID,Product C,Not Active
01-06-2025,Depot F,SKU-1421,384,INVALID,Product C,Not Active
01-06-2025,Depot F,SKU-1422,118,INVALID,Product C,Not Active
01-06-2025,Depot F,SKU-1423,116,INVALID,Product C,Not Active
01-06-2025,Depot F,SKU-1449,35,INVALID,Product C,Active
01-06-2025,Depot F,SKU-1541,807,INVALID,Product C,Active
01-06-2025,Depot F,SKU-1543,373,INVALID,Product C,Active
01-06-2025,Depot F,SKU-1544,24,INVALID,Product C,Active
01-06-2025,Depot F,SKU-1545,124,INVALID,Product C,Active
01-06-2025,Depot F,SKU-1547,171,INVALID,Product C,Active
01-06-2025,Depot F,SKU-1549,81,INVALID,Product C,Active
01-06-2025,Depot F,SKU-1550,101,INVALID,Product C,Active
01-06-2025,Depot F,SKU-1551,541,INVALID,Product C,Active
01-06-2025,Depot F,SKU-1456,200,INVALID,Product C,Active
01-06-2025,Depot F,SKU-1553,714,INVALID,Product C,Active
01-06-2025,Depot F,SKU-1458,381,INVALID,Product C,Active
01-06-2025,Depot F,SKU-1695,29,INVALID,Product C,Active
01-06-2025,Depot F,SKU-1554,126,INVALID,Product C,Active
01-06-2025,Depot F,SKU-1462,124,INVALID,Product C,Active
01-06-2025,Depot F,SKU-1727,10,INVALID,Product C,Active
01-06-2025,Depot F,SKU-1463,85,INVALID,Product C,Active
01-06-2025,Depot F,SKU-1464,241,INVALID,Product C,Active
01-06-2025,Depot F,SKU-1425,52,INVALID,Product C,Not Active
01-06-2025,Depot F,SKU-1443,75,INVALID,Product C,Not Active
01-06-2025,Depot F,SKU-1444,63,INVALID,Product C,Not Active
01-06-2025,Depot F,SKU-1728,78,INVALID,Product C,Not Active
01-06-2025,Depot F,SKU-1465,80,INVALID,Product C,Not Active
01-06-2025,Depot F,SKU-1567,110,INVALID,Product C,Not Active
01-06-2025,Depot F,SKU-1466,146,INVALID,Product C,Active
01-06-2025,Depot F,SKU-1568,20,INVALID,Product C,Not Active
01-06-2025,Depot F,SKU-1468,257,INVALID,Product C,Active
01-06-2025,Depot F,SKU-1469,112,INVALID,Product C,Not Active
01-06-2025,Depot F,SKU-1470,119,INVALID,Product C,Not Active
01-06-2025,Depot F,SKU-1471,2150,INVALID,Product C,Active
01-06-2025,Depot F,SKU-1473,101,INVALID,Product C,Active
01-06-2025,Depot F,SKU-1474,455,INVALID,Product C,Active
01-06-2025,Depot F,SKU-1572,5,INVALID,Product C,Not Active
01-06-2025,Depot F,SKU-1435,38,INVALID,Product C,Not Active
01-06-2025,Depot F,SKU-1729,20,INVALID,Product C,Not Active
01-06-2025,Depot F,SKU-1479,67,INVALID,Product C,Not Active
01-06-2025,Depot F,SKU-1683,10,INVALID,Product C,Not Active
01-06-2025,Depot F,SKU-1480,190,INVALID,Product C,Active
01-06-2025,Depot F,SKU-1575,20,INVALID,Product C,Not Active
01-06-2025,Depot F,SKU-1432,16,INVALID,Product C,Not Active
01-06-2025,Depot F,SKU-1579,21,INVALID,Product C,Not Active
01-06-2025,Depot F,SKU-1447,76,INVALID,Product C,Not Active
01-06-2025,Depot F,SKU-1650,9,INVALID,Product C,Not Active
01-06-2025,Depot F,SKU-1651,10,INVALID,Product C,Active
01-06-2025,Depot F,SKU-1486,90,INVALID,Product C,Active
01-06-2025,Depot F,SKU-1487,37,INVALID,Product C,Active
01-06-2025,Depot F,SKU-1427,503,INVALID,Product C,Not Active
01-06-2025,Depot F,SKU-1428,18,INVALID,Product C,Not Active
01-06-2025,Depot F,SKU-1711,30,INVALID,Product C,Not Active
01-06-2025,Depot F,SKU-1492,279,INVALID,Product C,Active
01-06-2025,Depot F,SKU-1429,11,INVALID,Product C,Not Active
01-06-2025,Depot F,SKU-1434,38,INVALID,Product C,Not Active
01-06-2025,Depot F,SKU-1600,5,INVALID,Product C,Not Active
01-06-2025,Depot F,SKU-1498,217,INVALID,Product C,Active
01-06-2025,Depot F,SKU-1504,10,INVALID,Product C,Not Active
01-06-2025,Depot F,SKU-1505,17,INVALID,Product C,Not Active
01-06-2025,Depot F,SKU-1506,12,INVALID,Product C,Not Active
01-06-2025,Depot F,SKU-1604,32,INVALID,Product C,Not Active
01-06-2025,Depot F,SKU-1508,3,INVALID,Product C,Not Active
01-06-2025,Depot F,SKU-1609,39,INVALID,Product C,Not Active
01-06-2025,Depot F,SKU-1431,49,INVALID,Product C,Not Active
01-06-2025,Depot F,SKU-1509,25,INVALID,Product C,Not Active
01-06-2025,Depot F,SKU-1730,5,INVALID,Product C,Not Active
01-06-2025,Depot F,SKU-1511,678,INVALID,Product C,Active
01-06-2025,Depot F,SKU-1613,16,INVALID,Product C,Active
01-06-2025,Depot F,SKU-1614,56,INVALID,Product C,Active
01-06-2025,Depot F,SKU-1616,104,INVALID,Product C,Active
01-06-2025,Depot F,SKU-1518,87,INVALID,Product C,Active
01-06-2025,Depot F,SKU-1519,48,INVALID,Product C,Active
01-06-2025,Depot F,SKU-1520,43,INVALID,Product C,Active
01-06-2025,Depot F,SKU-1521,35,INVALID,Product C,Not Active
01-06-2025,Depot F,SKU-1522,94,INVALID,Product C,Not Active
01-06-2025,Depot F,SKU-1523,51,INVALID,Product C,Not Active
01-06-2025,Depot F,SKU-1524,47,INVALID,Product C,Not Active
01-06-2025,Depot F,SKU-1525,44,INVALID,Product C,Not Active
01-06-2025,Depot F,SKU-1624,41,INVALID,Product C,Not Active
01-06-2025,Depot F,SKU-1625,43,INVALID,Product C,Active
01-06-2025,Depot F,SKU-1626,94,INVALID,Product C,Not Active
01-06-2025,Depot F,SKU-1526,31,INVALID,Product C,Active
01-06-2025,Depot F,SKU-1527,16,INVALID,Product C,Active
01-06-2025,Depot F,SKU-1528,177,INVALID,Product C,Not Active
01-06-2025,Depot F,SKU-1430,20,INVALID,Product C,Not Active
01-06-2025,Depot F,SKU-1530,460,INVALID,Product C,Active
01-06-2025,Depot F,SKU-1531,65,INVALID,Product C,Active
01-06-2025,Depot G,SKU-1417,243,INVALID,Product C,Not Active
01-06-2025,Depot G,SKU-1418,96,INVALID,Product C,Not Active
01-06-2025,Depot G,SKU-1419,143,INVALID,Product C,Not Active
01-06-2025,Depot G,SKU-1420,531,INVALID,Product C,Not Active
01-06-2025,Depot G,SKU-1421,285,INVALID,Product C,Not Active
01-06-2025,Depot G,SKU-1422,1886,INVALID,Product C,Not Active
01-06-2025,Depot G,SKU-1423,1180,INVALID,Product C,Not Active
01-06-2025,Depot G,SKU-1541,190,INVALID,Product C,Active
01-06-2025,Depot G,SKU-1456,23859,INVALID,Product C,Active
01-06-2025,Depot G,SKU-1457,67,INVALID,Product C,Active
01-06-2025,Depot G,SKU-1553,973,INVALID,Product C,Active
01-06-2025,Depot G,SKU-1441,50,INVALID,Product C,Not Active
01-06-2025,Depot G,SKU-1414,349,INVALID,Product C,Not Active
01-06-2025,Depot G,SKU-1424,30,INVALID,Product C,Not Active
01-06-2025,Depot G,SKU-1466,1821,INVALID,Product C,Active
01-06-2025,Depot G,SKU-1471,130,INVALID,Product C,Active
01-06-2025,Depot G,SKU-1415,30243,INVALID,Product C,Not Active
01-06-2025,Depot G,SKU-1475,201,INVALID,Product C,Not Active
01-06-2025,Depot G,SKU-1682,122,INVALID,Product C,Active
01-06-2025,Depot G,SKU-1477,20,INVALID,Product C,Not Active
01-06-2025,Depot G,SKU-1571,30,INVALID,Product C,Active
01-06-2025,Depot G,SKU-1435,5,INVALID,Product C,Not Active
01-06-2025,Depot G,SKU-1480,2365,INVALID,Product C,Active
01-06-2025,Depot G,SKU-1648,1082,INVALID,Product C,Not Active
01-06-2025,Depot G,SKU-1416,454,INVALID,Product C,Not Active
01-06-2025,Depot G,SKU-1426,100,INVALID,Product C,Not Active
01-06-2025,Depot G,SKU-1432,229,INVALID,Product C,Not Active
01-06-2025,Depot G,SKU-1447,232,INVALID,Product C,Not Active
01-06-2025,Depot G,SKU-1486,1293,INVALID,Product C,Active
01-06-2025,Depot G,SKU-1427,1198,INVALID,Product C,Not Active
01-06-2025,Depot G,SKU-1492,2261,INVALID,Product C,Active
01-06-2025,Depot G,SKU-1429,32,INVALID,Product C,Not Active
01-06-2025,Depot G,SKU-1731,41,INVALID,Product C,Not Active
01-06-2025,Depot G,SKU-1498,1434,INVALID,Product C,Active
01-06-2025,Depot G,SKU-1505,50,INVALID,Product C,Not Active
01-06-2025,Depot G,SKU-1506,726,INVALID,Product C,Not Active
01-06-2025,Depot G,SKU-1507,12,INVALID,Product C,Not Active
01-06-2025,Depot G,SKU-1508,350,INVALID,Product C,Not Active
01-06-2025,Depot G,SKU-1669,37,INVALID,Product C,Not Active
01-06-2025,Depot G,SKU-1431,49,INVALID,Product C,Not Active
01-06-2025,Depot G,SKU-1509,634,INVALID,Product C,Not Active
01-06-2025,Depot G,SKU-1511,102,INVALID,Product C,Active
01-06-2025,Depot G,SKU-1613,419,INVALID,Product C,Active
01-06-2025,Depot G,SKU-1614,256,INVALID,Product C,Active
01-06-2025,Depot G,SKU-1616,20,INVALID,Product C,Active
01-06-2025,Depot G,SKU-1518,96,INVALID,Product C,Active
01-06-2025,Depot G,SKU-1519,83,INVALID,Product C,Active
01-06-2025,Depot G,SKU-1520,25,INVALID,Product C,Active
01-06-2025,Depot G,SKU-1521,239,INVALID,Product C,Not Active
01-06-2025,Depot G,SKU-1522,249,INVALID,Product C,Not Active
01-06-2025,Depot G,SKU-1523,46,INVALID,Product C,Not Active
01-06-2025,Depot G,SKU-1524,45,INVALID,Product C,Not Active
01-06-2025,Depot G,SKU-1525,37,INVALID,Product C,Not Active
01-06-2025,Depot G,SKU-1625,393,INVALID,Product C,Active
01-06-2025,Depot G,SKU-1626,470,INVALID,Product C,Not Active
01-06-2025,Depot G,SKU-1526,516,INVALID,Product C,Active
01-06-2025,Depot G,SKU-1527,24,INVALID,Product C,Active
01-06-2025,Depot G,SKU-1528,22,INVALID,Product C,Not Active
01-06-2025,Depot G,SKU-1430,3931,INVALID,Product C,Not Active
01-06-2025,Depot G,SKU-1530,12789,INVALID,Product C,Active
01-06-2025,Depot G,SKU-1531,925,INVALID,Product C,Active
01-06-2025,Depot H,SKU-1440,21,INVALID,Product C,Not Active
01-06-2025,Depot H,SKU-1417,149,INVALID,Product C,Not Active
01-06-2025,Depot H,SKU-1418,82,INVALID,Product C,Not Active
01-06-2025,Depot H,SKU-1419,110,INVALID,Product C,Not Active
01-06-2025,Depot H,SKU-1420,215,INVALID,Product C,Not Active
01-06-2025,Depot H,SKU-1421,175,INVALID,Product C,Not Active
01-06-2025,Depot H,SKU-1422,688,INVALID,Product C,Not Active
01-06-2025,Depot H,SKU-1423,191,INVALID,Product C,Not Active
01-06-2025,Depot H,SKU-1449,81,INVALID,Product C,Active
01-06-2025,Depot H,SKU-1541,4,INVALID,Product C,Active
01-06-2025,Depot H,SKU-1543,40,INVALID,Product C,Active
01-06-2025,Depot H,SKU-1544,30,INVALID,Product C,Active
01-06-2025,Depot H,SKU-1545,97,INVALID,Product C,Active
01-06-2025,Depot H,SKU-1547,97,INVALID,Product C,Active
01-06-2025,Depot H,SKU-1549,100,INVALID,Product C,Active
01-06-2025,Depot H,SKU-1550,100,INVALID,Product C,Active
01-06-2025,Depot H,SKU-1551,93,INVALID,Product C,Active
01-06-2025,Depot H,SKU-1456,631,INVALID,Product C,Active
01-06-2025,Depot H,SKU-1553,122,INVALID,Product C,Active
01-06-2025,Depot H,SKU-1458,36,INVALID,Product C,Active
01-06-2025,Depot H,SKU-1441,51,INVALID,Product C,Not Active
01-06-2025,Depot H,SKU-1442,41,INVALID,Product C,Not Active
01-06-2025,Depot H,SKU-1635,30,INVALID,Product C,Active
01-06-2025,Depot H,SKU-1459,6,INVALID,Product C,Not Active
01-06-2025,Depot H,SKU-1732,7,INVALID,Product C,Not Active
01-06-2025,Depot H,SKU-1733,69,INVALID,Product C,Not Active
01-06-2025,Depot H,SKU-1556,10,INVALID,Product C,Active
01-06-2025,Depot H,SKU-1734,10,INVALID,Product C,Not Active
01-06-2025,Depot H,SKU-1462,61,INVALID,Product C,Active
01-06-2025,Depot H,SKU-1424,76,INVALID,Product C,Not Active
01-06-2025,Depot H,SKU-1559,47,INVALID,Product C,Not Active
01-06-2025,Depot H,SKU-1638,10,INVALID,Product C,Active
01-06-2025,Depot H,SKU-1425,111,INVALID,Product C,Not Active
01-06-2025,Depot H,SKU-1443,17,INVALID,Product C,Not Active
01-06-2025,Depot H,SKU-1562,24,INVALID,Product C,Not Active
01-06-2025,Depot H,SKU-1680,10,INVALID,Product C,Not Active
01-06-2025,Depot H,SKU-1444,3,INVALID,Product C,Not Active
01-06-2025,Depot H,SKU-1728,11,INVALID,Product C,Not Active
01-06-2025,Depot H,SKU-1735,40,INVALID,Product C,Not Active
01-06-2025,Depot H,SKU-1563,30,INVALID,Product C,Active
01-06-2025,Depot H,SKU-1736,119,INVALID,Product C,Not Active
01-06-2025,Depot H,SKU-1737,132,INVALID,Product C,Not Active
01-06-2025,Depot H,SKU-1738,14,INVALID,Product C,Not Active
01-06-2025,Depot H,SKU-1465,70,INVALID,Product C,Not Active
01-06-2025,Depot H,SKU-1466,70,INVALID,Product C,Active
01-06-2025,Depot H,SKU-1471,751,INVALID,Product C,Active
01-06-2025,Depot H,SKU-1472,973,INVALID,Product C,Active
01-06-2025,Depot H,SKU-1739,10,INVALID,Product C,Active
01-06-2025,Depot H,SKU-1572,5,INVALID,Product C,Not Active
01-06-2025,Depot H,SKU-1435,52,INVALID,Product C,Not Active
01-06-2025,Depot H,SKU-1729,19,INVALID,Product C,Not Active
01-06-2025,Depot H,SKU-1479,91,INVALID,Product C,Not Active
01-06-2025,Depot H,SKU-1574,40,INVALID,Product C,Not Active
01-06-2025,Depot H,SKU-1740,10,INVALID,Product C,Not Active
01-06-2025,Depot H,SKU-1480,556,INVALID,Product C,Active
01-06-2025,Depot H,SKU-1426,42,INVALID,Product C,Not Active
01-06-2025,Depot H,SKU-1437,21,INVALID,Product C,Not Active
01-06-2025,Depot H,SKU-1432,11,INVALID,Product C,Not Active
01-06-2025,Depot H,SKU-1447,46,INVALID,Product C,Not Active
01-06-2025,Depot H,SKU-1650,26,INVALID,Product C,Not Active
01-06-2025,Depot H,SKU-1741,241,INVALID,Product C,Not Active
01-06-2025,Depot H,SKU-1484,40,INVALID,Product C,Active
01-06-2025,Depot H,SKU-1581,20,INVALID,Product C,Not Active
01-06-2025,Depot H,SKU-1651,10,INVALID,Product C,Active
01-06-2025,Depot H,SKU-1486,203,INVALID,Product C,Active
01-06-2025,Depot H,SKU-1584,56,INVALID,Product C,Not Active
01-06-2025,Depot H,SKU-1652,11,INVALID,Product C,Not Active
01-06-2025,Depot H,SKU-1488,20,INVALID,Product C,Not Active
01-06-2025,Depot H,SKU-1489,5,INVALID,Product C,Not Active
01-06-2025,Depot H,SKU-1428,112,INVALID,Product C,Not Active
01-06-2025,Depot H,SKU-1711,87,INVALID,Product C,Not Active
01-06-2025,Depot H,SKU-1712,72,INVALID,Product C,Not Active
01-06-2025,Depot H,SKU-1490,26,INVALID,Product C,Not Active
01-06-2025,Depot H,SKU-1586,121,INVALID,Product C,Not Active
01-06-2025,Depot H,SKU-1742,61,INVALID,Product C,Not Active
01-06-2025,Depot H,SKU-1743,20,INVALID,Product C,Not Active
01-06-2025,Depot H,SKU-1685,25,INVALID,Product C,Active
01-06-2025,Depot H,SKU-1588,40,INVALID,Product C,Not Active
01-06-2025,Depot H,SKU-1492,432,INVALID,Product C,Active
01-06-2025,Depot H,SKU-1429,73,INVALID,Product C,Not Active
01-06-2025,Depot H,SKU-1434,32,INVALID,Product C,Not Active
01-06-2025,Depot H,SKU-1493,37,INVALID,Product C,Active
01-06-2025,Depot H,SKU-1686,10,INVALID,Product C,Not Active
01-06-2025,Depot H,SKU-1744,26,INVALID,Product C,Active
01-06-2025,Depot H,SKU-1596,20,INVALID,Product C,Not Active
01-06-2025,Depot H,SKU-1498,54,INVALID,Product C,Active
01-06-2025,Depot H,SKU-1499,62,INVALID,Product C,Not Active
01-06-2025,Depot H,SKU-1502,6,INVALID,Product C,Not Active
01-06-2025,Depot H,SKU-1504,10,INVALID,Product C,Not Active
01-06-2025,Depot H,SKU-1505,8,INVALID,Product C,Not Active
01-06-2025,Depot H,SKU-1506,15,INVALID,Product C,Not Active
01-06-2025,Depot H,SKU-1667,51,INVALID,Product C,Not Active
01-06-2025,Depot H,SKU-1604,70,INVALID,Product C,Not Active
01-06-2025,Depot H,SKU-1605,5,INVALID,Product C,Not Active
01-06-2025,Depot H,SKU-1508,9,INVALID,Product C,Not Active
01-06-2025,Depot H,SKU-1609,10,INVALID,Product C,Not Active
01-06-2025,Depot H,SKU-1431,4,INVALID,Product C,Not Active
01-06-2025,Depot H,SKU-1509,84,INVALID,Product C,Not Active
01-06-2025,Depot H,SKU-1730,5,INVALID,Product C,Not Active
01-06-2025,Depot H,SKU-1511,95,INVALID,Product C,Active
01-06-2025,Depot H,SKU-1613,1045,INVALID,Product C,Active
01-06-2025,Depot H,SKU-1614,194,INVALID,Product C,Active
01-06-2025,Depot H,SKU-1615,4,INVALID,Product C,Active
01-06-2025,Depot H,SKU-1616,57,INVALID,Product C,Active
01-06-2025,Depot H,SKU-1518,77,INVALID,Product C,Active
01-06-2025,Depot H,SKU-1519,12,INVALID,Product C,Active
01-06-2025,Depot H,SKU-1520,53,INVALID,Product C,Active
01-06-2025,Depot H,SKU-1521,43,INVALID,Product C,Not Active
01-06-2025,Depot H,SKU-1522,50,INVALID,Product C,Not Active
01-06-2025,Depot H,SKU-1523,51,INVALID,Product C,Not Active
01-06-2025,Depot H,SKU-1525,51,INVALID,Product C,Not Active
01-06-2025,Depot H,SKU-1621,6,INVALID,Product C,Not Active
01-06-2025,Depot H,SKU-1623,10,INVALID,Product C,Not Active
01-06-2025,Depot H,SKU-1624,26,INVALID,Product C,Not Active
01-06-2025,Depot H,SKU-1745,6,INVALID,Product C,Not Active
01-06-2025,Depot H,SKU-1746,2,INVALID,Product C,Not Active
01-06-2025,Depot H,SKU-1625,20,INVALID,Product C,Active
01-06-2025,Depot H,SKU-1526,46,INVALID,Product C,Active
01-06-2025,Depot H,SKU-1528,217,INVALID,Product C,Not Active
01-06-2025,Depot H,SKU-1529,376,INVALID,Product C,Not Active
01-06-2025,Depot H,SKU-1430,6,INVALID,Product C,Not Active
01-06-2025,Depot H,SKU-1530,2509,INVALID,Product C,Active
01-06-2025,Depot I,SKU-1747,44,INVALID,Product C,Active
01-06-2025,Depot I,SKU-1535,20,INVALID,Product C,Active
01-06-2025,Depot I,SKU-1536,20,INVALID,Product C,Active
01-06-2025,Depot I,SKU-1537,44,INVALID,Product C,Active
01-06-2025,Depot I,SKU-1538,44,INVALID,Product C,Active
01-06-2025,Depot I,SKU-1539,5,INVALID,Product C,Active
01-06-2025,Depot I,SKU-1417,333,INVALID,Product C,Not Active
01-06-2025,Depot I,SKU-1418,309,INVALID,Product C,Not Active
01-06-2025,Depot I,SKU-1419,135,INVALID,Product C,Not Active
01-06-2025,Depot I,SKU-1420,228,INVALID,Product C,Not Active
01-06-2025,Depot I,SKU-1421,110,INVALID,Product C,Not Active
01-06-2025,Depot I,SKU-1423,216,INVALID,Product C,Not Active
01-06-2025,Depot I,SKU-1449,73,INVALID,Product C,Active
01-06-2025,Depot I,SKU-1541,42,INVALID,Product C,Active
01-06-2025,Depot I,SKU-1543,8,INVALID,Product C,Active
01-06-2025,Depot I,SKU-1544,117,INVALID,Product C,Active
01-06-2025,Depot I,SKU-1453,51,INVALID,Product C,Not Active
01-06-2025,Depot I,SKU-1545,87,INVALID,Product C,Active
01-06-2025,Depot I,SKU-1547,17,INVALID,Product C,Active
01-06-2025,Depot I,SKU-1455,51,INVALID,Product C,Not Active
01-06-2025,Depot I,SKU-1549,80,INVALID,Product C,Active
01-06-2025,Depot I,SKU-1550,83,INVALID,Product C,Active
01-06-2025,Depot I,SKU-1551,1,INVALID,Product C,Active
01-06-2025,Depot I,SKU-1456,427,INVALID,Product C,Active
01-06-2025,Depot I,SKU-1457,623,INVALID,Product C,Active
01-06-2025,Depot I,SKU-1553,80,INVALID,Product C,Active
01-06-2025,Depot I,SKU-1458,658,INVALID,Product C,Active
01-06-2025,Depot I,SKU-1441,59,INVALID,Product C,Not Active
01-06-2025,Depot I,SKU-1442,17,INVALID,Product C,Not Active
01-06-2025,Depot I,SKU-1635,10,INVALID,Product C,Active
01-06-2025,Depot I,SKU-1556,20,INVALID,Product C,Active
01-06-2025,Depot I,SKU-1462,220,INVALID,Product C,Active
01-06-2025,Depot I,SKU-1463,42,INVALID,Product C,Active
01-06-2025,Depot I,SKU-1559,20,INVALID,Product C,Not Active
01-06-2025,Depot I,SKU-1560,12,INVALID,Product C,Not Active
01-06-2025,Depot I,SKU-1425,46,INVALID,Product C,Not Active
01-06-2025,Depot I,SKU-1443,38,INVALID,Product C,Not Active
01-06-2025,Depot I,SKU-1562,20,INVALID,Product C,Not Active
01-06-2025,Depot I,SKU-1639,30,INVALID,Product C,Active
01-06-2025,Depot I,SKU-1444,71,INVALID,Product C,Not Active
01-06-2025,Depot I,SKU-1728,134,INVALID,Product C,Not Active
01-06-2025,Depot I,SKU-1563,47,INVALID,Product C,Active
01-06-2025,Depot I,SKU-1736,20,INVALID,Product C,Not Active
01-06-2025,Depot I,SKU-1737,20,INVALID,Product C,Not Active
01-06-2025,Depot I,SKU-1738,20,INVALID,Product C,Not Active
01-06-2025,Depot I,SKU-1465,27,INVALID,Product C,Not Active
01-06-2025,Depot I,SKU-1564,105,INVALID,Product C,Not Active
01-06-2025,Depot I,SKU-1565,1,INVALID,Product C,Not Active
01-06-2025,Depot I,SKU-1566,10,INVALID,Product C,Not Active
01-06-2025,Depot I,SKU-1466,452,INVALID,Product C,Active
01-06-2025,Depot I,SKU-1468,87,INVALID,Product C,Active
01-06-2025,Depot I,SKU-1706,10,INVALID,Product C,Active
01-06-2025,Depot I,SKU-1707,101,INVALID,Product C,Not Active
01-06-2025,Depot I,SKU-1471,2578,INVALID,Product C,Active
01-06-2025,Depot I,SKU-1748,10,INVALID,Product C,Active
01-06-2025,Depot I,SKU-1472,42,INVALID,Product C,Active
01-06-2025,Depot I,SKU-1473,34,INVALID,Product C,Active
01-06-2025,Depot I,SKU-1474,37,INVALID,Product C,Active
01-06-2025,Depot I,SKU-1475,22,INVALID,Product C,Not Active
01-06-2025,Depot I,SKU-1570,6,INVALID,Product C,Not Active
01-06-2025,Depot I,SKU-1435,18,INVALID,Product C,Not Active
01-06-2025,Depot I,SKU-1479,1,INVALID,Product C,Not Active
01-06-2025,Depot I,SKU-1574,20,INVALID,Product C,Not Active
01-06-2025,Depot I,SKU-1645,30,INVALID,Product C,Not Active
01-06-2025,Depot I,SKU-1646,20,INVALID,Product C,Not Active
01-06-2025,Depot I,SKU-1480,393,INVALID,Product C,Active
01-06-2025,Depot I,SKU-1576,48,INVALID,Product C,Not Active
01-06-2025,Depot I,SKU-1578,39,INVALID,Product C,Active
01-06-2025,Depot I,SKU-1432,13,INVALID,Product C,Not Active
01-06-2025,Depot I,SKU-1579,14,INVALID,Product C,Not Active
01-06-2025,Depot I,SKU-1447,10,INVALID,Product C,Not Active
01-06-2025,Depot I,SKU-1650,47,INVALID,Product C,Not Active
01-06-2025,Depot I,SKU-1485,53,INVALID,Product C,Active
01-06-2025,Depot I,SKU-1651,15,INVALID,Product C,Active
01-06-2025,Depot I,SKU-1486,41,INVALID,Product C,Active
01-06-2025,Depot I,SKU-1489,11,INVALID,Product C,Not Active
01-06-2025,Depot I,SKU-1428,173,INVALID,Product C,Not Active
01-06-2025,Depot I,SKU-1491,32,INVALID,Product C,Not Active
01-06-2025,Depot I,SKU-1586,70,INVALID,Product C,Not Active
01-06-2025,Depot I,SKU-1657,80,INVALID,Product C,Active
01-06-2025,Depot I,SKU-1492,70,INVALID,Product C,Active
01-06-2025,Depot I,SKU-1429,10,INVALID,Product C,Not Active
01-06-2025,Depot I,SKU-1434,23,INVALID,Product C,Not Active
01-06-2025,Depot I,SKU-1658,2,INVALID,Product C,Not Active
01-06-2025,Depot I,SKU-1493,166,INVALID,Product C,Active
01-06-2025,Depot I,SKU-1591,20,INVALID,Product C,Not Active
01-06-2025,Depot I,SKU-1597,20,INVALID,Product C,Not Active
01-06-2025,Depot I,SKU-1495,50,INVALID,Product C,Not Active
01-06-2025,Depot I,SKU-1749,10,INVALID,Product C,Not Active
01-06-2025,Depot I,SKU-1497,9,INVALID,Product C,Not Active
01-06-2025,Depot I,SKU-1602,20,INVALID,Product C,Active
01-06-2025,Depot I,SKU-1498,94,INVALID,Product C,Active
01-06-2025,Depot I,SKU-1504,5,INVALID,Product C,Not Active
01-06-2025,Depot I,SKU-1505,16,INVALID,Product C,Not Active
01-06-2025,Depot I,SKU-1506,101,INVALID,Product C,Not Active
01-06-2025,Depot I,SKU-1750,14,INVALID,Product C,Not Active
01-06-2025,Depot I,SKU-1604,47,INVALID,Product C,Not Active
01-06-2025,Depot I,SKU-1605,1,INVALID,Product C,Not Active
01-06-2025,Depot I,SKU-1507,49,INVALID,Product C,Not Active
01-06-2025,Depot I,SKU-1508,13,INVALID,Product C,Not Active
01-06-2025,Depot I,SKU-1609,20,INVALID,Product C,Not Active
01-06-2025,Depot I,SKU-1431,9,INVALID,Product C,Not Active
01-06-2025,Depot I,SKU-1509,40,INVALID,Product C,Not Active
01-06-2025,Depot I,SKU-1610,1,INVALID,Product C,Not Active
01-06-2025,Depot I,SKU-1671,40,INVALID,Product C,Not Active
01-06-2025,Depot I,SKU-1730,2,INVALID,Product C,Not Active
01-06-2025,Depot I,SKU-1511,80,INVALID,Product C,Active
01-06-2025,Depot I,SKU-1512,250,INVALID,Product C,Active
01-06-2025,Depot I,SKU-1612,1,INVALID,Product C,Not Active
01-06-2025,Depot I,SKU-1613,445,INVALID,Product C,Active
01-06-2025,Depot I,SKU-1614,16,INVALID,Product C,Active
01-06-2025,Depot I,SKU-1615,61,INVALID,Product C,Active
01-06-2025,Depot I,SKU-1616,29,INVALID,Product C,Active
01-06-2025,Depot I,SKU-1518,36,INVALID,Product C,Active
01-06-2025,Depot I,SKU-1519,32,INVALID,Product C,Active
01-06-2025,Depot I,SKU-1520,44,INVALID,Product C,Active
01-06-2025,Depot I,SKU-1618,20,INVALID,Product C,Active
01-06-2025,Depot I,SKU-1521,48,INVALID,Product C,Not Active
01-06-2025,Depot I,SKU-1522,35,INVALID,Product C,Not Active
01-06-2025,Depot I,SKU-1523,145,INVALID,Product C,Not Active
01-06-2025,Depot I,SKU-1524,49,INVALID,Product C,Not Active
01-06-2025,Depot I,SKU-1525,49,INVALID,Product C,Not Active
01-06-2025,Depot I,SKU-1751,2,INVALID,Product C,Active
01-06-2025,Depot I,SKU-1620,10,INVALID,Product C,Not Active
01-06-2025,Depot I,SKU-1622,5,INVALID,Product C,Not Active
01-06-2025,Depot I,SKU-1624,10,INVALID,Product C,Not Active
01-06-2025,Depot I,SKU-1745,19,INVALID,Product C,Not Active
01-06-2025,Depot I,SKU-1625,41,INVALID,Product C,Active
01-06-2025,Depot I,SKU-1626,44,INVALID,Product C,Not Active
01-06-2025,Depot I,SKU-1526,230,INVALID,Product C,Active
01-06-2025,Depot I,SKU-1527,42,INVALID,Product C,Active
01-06-2025,Depot I,SKU-1528,553,INVALID,Product C,Not Active
01-06-2025,Depot I,SKU-1628,16,INVALID,Product C,Not Active
01-06-2025,Depot I,SKU-1529,261,INVALID,Product C,Not Active
01-06-2025,Depot I,SKU-1430,134,INVALID,Product C,Not Active
01-06-2025,Depot I,SKU-1530,932,INVALID,Product C,Active
01-06-2025,Depot I,SKU-1531,5,INVALID,Product C,Active
01-06-2025,Depot I,SKU-1630,20,INVALID,Product C,Not Active
01-06-2025,Depot J,SKU-1417,42,INVALID,Product C,Not Active
01-06-2025,Depot J,SKU-1418,36,INVALID,Product C,Not Active
01-06-2025,Depot J,SKU-1419,46,INVALID,Product C,Not Active
01-06-2025,Depot J,SKU-1420,57,INVALID,Product C,Not Active
01-06-2025,Depot J,SKU-1421,39,INVALID,Product C,Not Active
01-06-2025,Depot J,SKU-1422,312,INVALID,Product C,Not Active
01-06-2025,Depot J,SKU-1423,30,INVALID,Product C,Not Active
01-06-2025,Depot J,SKU-1449,78,INVALID,Product C,Active
01-06-2025,Depot J,SKU-1551,80,INVALID,Product C,Active
01-06-2025,Depot J,SKU-1456,991,INVALID,Product C,Active
01-06-2025,Depot J,SKU-1552,150,INVALID,Product C,Not Active
01-06-2025,Depot J,SKU-1457,118,INVALID,Product C,Active
01-06-2025,Depot J,SKU-1553,120,INVALID,Product C,Active
01-06-2025,Depot J,SKU-1458,70,INVALID,Product C,Active
01-06-2025,Depot J,SKU-1441,14,INVALID,Product C,Not Active
01-06-2025,Depot J,SKU-1442,34,INVALID,Product C,Not Active
01-06-2025,Depot J,SKU-1459,13,INVALID,Product C,Not Active
01-06-2025,Depot J,SKU-1732,10,INVALID,Product C,Not Active
01-06-2025,Depot J,SKU-1463,96,INVALID,Product C,Active
01-06-2025,Depot J,SKU-1414,26,INVALID,Product C,Not Active
01-06-2025,Depot J,SKU-1425,46,INVALID,Product C,Not Active
01-06-2025,Depot J,SKU-1468,84,INVALID,Product C,Active
01-06-2025,Depot J,SKU-1470,49,INVALID,Product C,Not Active
01-06-2025,Depot J,SKU-1471,159,INVALID,Product C,Active
01-06-2025,Depot J,SKU-1415,510,INVALID,Product C,Not Active
01-06-2025,Depot J,SKU-1472,112,INVALID,Product C,Active
01-06-2025,Depot J,SKU-1474,36,INVALID,Product C,Active
01-06-2025,Depot J,SKU-1479,20,INVALID,Product C,Not Active
01-06-2025,Depot J,SKU-1573,10,INVALID,Product C,Active
01-06-2025,Depot J,SKU-1574,20,INVALID,Product C,Not Active
01-06-2025,Depot J,SKU-1642,30,INVALID,Product C,Not Active
01-06-2025,Depot J,SKU-1646,20,INVALID,Product C,Not Active
01-06-2025,Depot J,SKU-1480,26,INVALID,Product C,Active
01-06-2025,Depot J,SKU-1416,138,INVALID,Product C,Not Active
01-06-2025,Depot J,SKU-1432,23,INVALID,Product C,Not Active
01-06-2025,Depot J,SKU-1486,35,INVALID,Product C,Active
01-06-2025,Depot J,SKU-1684,10,INVALID,Product C,Active
01-06-2025,Depot J,SKU-1427,23,INVALID,Product C,Not Active
01-06-2025,Depot J,SKU-1657,101,INVALID,Product C,Active
01-06-2025,Depot J,SKU-1492,46,INVALID,Product C,Active
01-06-2025,Depot J,SKU-1429,11,INVALID,Product C,Not Active
01-06-2025,Depot J,SKU-1495,30,INVALID,Product C,Not Active
01-06-2025,Depot J,SKU-1598,20,INVALID,Product C,Not Active
01-06-2025,Depot J,SKU-1506,68,INVALID,Product C,Not Active
01-06-2025,Depot J,SKU-1508,15,INVALID,Product C,Not Active
01-06-2025,Depot J,SKU-1609,51,INVALID,Product C,Not Active
01-06-2025,Depot J,SKU-1509,15,INVALID,Product C,Not Active
01-06-2025,Depot J,SKU-1511,40,INVALID,Product C,Active
01-06-2025,Depot J,SKU-1512,81,INVALID,Product C,Active
01-06-2025,Depot J,SKU-1515,41,INVALID,Product C,Active
01-06-2025,Depot J,SKU-1614,61,INVALID,Product C,Active
01-06-2025,Depot J,SKU-1522,45,INVALID,Product C,Not Active
01-06-2025,Depot J,SKU-1621,1,INVALID,Product C,Not Active
01-06-2025,Depot J,SKU-1622,6,INVALID,Product C,Not Active
01-06-2025,Depot J,SKU-1625,67,INVALID,Product C,Active
01-06-2025,Depot J,SKU-1526,25,INVALID,Product C,Active
01-06-2025,Depot J,SKU-1528,148,INVALID,Product C,Not Active
01-06-2025,Depot J,SKU-1529,450,INVALID,Product C,Not Active
01-06-2025,Depot J,SKU-1530,99,INVALID,Product C,Active
01-06-2025,Depot J,SKU-1531,164,INVALID,Product C,Active
01-06-2025,Depot K,SKU-1532,133,INVALID,Product C,Not Active
01-06-2025,Depot K,SKU-1747,20,INVALID,Product C,Active
01-06-2025,Depot K,SKU-1752,20,INVALID,Product C,Not Active
01-06-2025,Depot K,SKU-1753,19,INVALID,Product C,Not Active
01-06-2025,Depot K,SKU-1440,30,INVALID,Product C,Not Active
01-06-2025,Depot K,SKU-1449,110,INVALID,Product C,Active
01-06-2025,Depot K,SKU-1541,56,INVALID,Product C,Active
01-06-2025,Depot K,SKU-1452,50,INVALID,Product C,Not Active
01-06-2025,Depot K,SKU-1453,51,INVALID,Product C,Not Active
01-06-2025,Depot K,SKU-1454,50,INVALID,Product C,Not Active
01-06-2025,Depot K,SKU-1455,101,INVALID,Product C,Not Active
01-06-2025,Depot K,SKU-1551,1907,INVALID,Product C,Active
01-06-2025,Depot K,SKU-1456,4,INVALID,Product C,Active
01-06-2025,Depot K,SKU-1754,30,INVALID,Product C,Not Active
01-06-2025,Depot K,SKU-1552,41,INVALID,Product C,Not Active
01-06-2025,Depot K,SKU-1457,217,INVALID,Product C,Active
01-06-2025,Depot K,SKU-1553,120,INVALID,Product C,Active
01-06-2025,Depot K,SKU-1458,105,INVALID,Product C,Active
01-06-2025,Depot K,SKU-1441,58,INVALID,Product C,Not Active
01-06-2025,Depot K,SKU-1442,40,INVALID,Product C,Not Active
01-06-2025,Depot K,SKU-1694,9,INVALID,Product C,Active
01-06-2025,Depot K,SKU-1695,45,INVALID,Product C,Active
01-06-2025,Depot K,SKU-1459,17,INVALID,Product C,Not Active
01-06-2025,Depot K,SKU-1460,12,INVALID,Product C,Active
01-06-2025,Depot K,SKU-1696,39,INVALID,Product C,Active
01-06-2025,Depot K,SKU-1556,20,INVALID,Product C,Active
01-06-2025,Depot K,SKU-1698,231,INVALID,Product C,Active
01-06-2025,Depot K,SKU-1699,900,INVALID,Product C,Active
01-06-2025,Depot K,SKU-1700,407,INVALID,Product C,Active
01-06-2025,Depot K,SKU-1701,399,INVALID,Product C,Active
01-06-2025,Depot K,SKU-1755,19,INVALID,Product C,Not Active
01-06-2025,Depot K,SKU-1756,96,INVALID,Product C,Not Active
01-06-2025,Depot K,SKU-1637,32,INVALID,Product C,Not Active
01-06-2025,Depot K,SKU-1757,10,INVALID,Product C,Not Active
01-06-2025,Depot K,SKU-1462,88,INVALID,Product C,Active
01-06-2025,Depot K,SKU-1727,10,INVALID,Product C,Active
01-06-2025,Depot K,SKU-1424,25,INVALID,Product C,Not Active
01-06-2025,Depot K,SKU-1559,83,INVALID,Product C,Not Active
01-06-2025,Depot K,SKU-1638,41,INVALID,Product C,Active
01-06-2025,Depot K,SKU-1560,209,INVALID,Product C,Not Active
01-06-2025,Depot K,SKU-1703,10,INVALID,Product C,Active
01-06-2025,Depot K,SKU-1758,10,INVALID,Product C,Not Active
01-06-2025,Depot K,SKU-1561,10,INVALID,Product C,Not Active
01-06-2025,Depot K,SKU-1425,87,INVALID,Product C,Not Active
01-06-2025,Depot K,SKU-1443,9,INVALID,Product C,Not Active
01-06-2025,Depot K,SKU-1562,44,INVALID,Product C,Not Active
01-06-2025,Depot K,SKU-1639,10,INVALID,Product C,Active
01-06-2025,Depot K,SKU-1759,8,INVALID,Product C,Active
01-06-2025,Depot K,SKU-1704,10,INVALID,Product C,Active
01-06-2025,Depot K,SKU-1736,21,INVALID,Product C,Not Active
01-06-2025,Depot K,SKU-1737,29,INVALID,Product C,Not Active
01-06-2025,Depot K,SKU-1738,11,INVALID,Product C,Not Active
01-06-2025,Depot K,SKU-1465,13,INVALID,Product C,Not Active
01-06-2025,Depot K,SKU-1565,9,INVALID,Product C,Not Active
01-06-2025,Depot K,SKU-1640,6,INVALID,Product C,Not Active
01-06-2025,Depot K,SKU-1566,30,INVALID,Product C,Not Active
01-06-2025,Depot K,SKU-1567,28,INVALID,Product C,Not Active
01-06-2025,Depot K,SKU-1466,309,INVALID,Product C,Active
01-06-2025,Depot K,SKU-1467,23,INVALID,Product C,Not Active
01-06-2025,Depot K,SKU-1705,11,INVALID,Product C,Not Active
01-06-2025,Depot K,SKU-1471,65,INVALID,Product C,Active
01-06-2025,Depot K,SKU-1748,10,INVALID,Product C,Active
01-06-2025,Depot K,SKU-1472,200,INVALID,Product C,Active
01-06-2025,Depot K,SKU-1760,10,INVALID,Product C,Active
01-06-2025,Depot K,SKU-1473,55,INVALID,Product C,Active
01-06-2025,Depot K,SKU-1739,10,INVALID,Product C,Active
01-06-2025,Depot K,SKU-1474,423,INVALID,Product C,Active
01-06-2025,Depot K,SKU-1475,30,INVALID,Product C,Not Active
01-06-2025,Depot K,SKU-1708,298,INVALID,Product C,Active
01-06-2025,Depot K,SKU-1476,30,INVALID,Product C,Not Active
01-06-2025,Depot K,SKU-1682,189,INVALID,Product C,Active
01-06-2025,Depot K,SKU-1477,20,INVALID,Product C,Not Active
01-06-2025,Depot K,SKU-1478,40,INVALID,Product C,Not Active
01-06-2025,Depot K,SKU-1761,1,INVALID,Product C,Not Active
01-06-2025,Depot K,SKU-1435,38,INVALID,Product C,Not Active
01-06-2025,Depot K,SKU-1479,97,INVALID,Product C,Not Active
01-06-2025,Depot K,SKU-1573,7,INVALID,Product C,Active
01-06-2025,Depot K,SKU-1574,42,INVALID,Product C,Not Active
01-06-2025,Depot K,SKU-1683,50,INVALID,Product C,Not Active
01-06-2025,Depot K,SKU-1762,15,INVALID,Product C,Not Active
01-06-2025,Depot K,SKU-1642,84,INVALID,Product C,Not Active
01-06-2025,Depot K,SKU-1643,29,INVALID,Product C,Active
01-06-2025,Depot K,SKU-1644,5,INVALID,Product C,Not Active
01-06-2025,Depot K,SKU-1763,46,INVALID,Product C,Active
01-06-2025,Depot K,SKU-1646,80,INVALID,Product C,Not Active
01-06-2025,Depot K,SKU-1480,174,INVALID,Product C,Active
01-06-2025,Depot K,SKU-1648,21,INVALID,Product C,Not Active
01-06-2025,Depot K,SKU-1426,163,INVALID,Product C,Not Active
01-06-2025,Depot K,SKU-1481,101,INVALID,Product C,Not Active
01-06-2025,Depot K,SKU-1576,478,INVALID,Product C,Not Active
01-06-2025,Depot K,SKU-1577,11,INVALID,Product C,Not Active
01-06-2025,Depot K,SKU-1432,31,INVALID,Product C,Not Active
01-06-2025,Depot K,SKU-1579,25,INVALID,Product C,Not Active
01-06-2025,Depot K,SKU-1580,71,INVALID,Product C,Not Active
01-06-2025,Depot K,SKU-1482,41,INVALID,Product C,Active
01-06-2025,Depot K,SKU-1447,38,INVALID,Product C,Not Active
01-06-2025,Depot K,SKU-1483,38,INVALID,Product C,Active
01-06-2025,Depot K,SKU-1484,85,INVALID,Product C,Active
01-06-2025,Depot K,SKU-1582,10,INVALID,Product C,Active
01-06-2025,Depot K,SKU-1486,863,INVALID,Product C,Active
01-06-2025,Depot K,SKU-1584,8,INVALID,Product C,Not Active
01-06-2025,Depot K,SKU-1684,33,INVALID,Product C,Active
01-06-2025,Depot K,SKU-1764,101,INVALID,Product C,Not Active
01-06-2025,Depot K,SKU-1652,9,INVALID,Product C,Not Active
01-06-2025,Depot K,SKU-1653,18,INVALID,Product C,Not Active
01-06-2025,Depot K,SKU-1654,10,INVALID,Product C,Active
01-06-2025,Depot K,SKU-1655,99,INVALID,Product C,Not Active
01-06-2025,Depot K,SKU-1765,30,INVALID,Product C,Not Active
01-06-2025,Depot K,SKU-1488,5,INVALID,Product C,Not Active
01-06-2025,Depot K,SKU-1428,43,INVALID,Product C,Not Active
01-06-2025,Depot K,SKU-1657,20,INVALID,Product C,Active
01-06-2025,Depot K,SKU-1492,164,INVALID,Product C,Active
01-06-2025,Depot K,SKU-1429,24,INVALID,Product C,Not Active
01-06-2025,Depot K,SKU-1434,11,INVALID,Product C,Not Active
01-06-2025,Depot K,SKU-1590,81,INVALID,Product C,Not Active
01-06-2025,Depot K,SKU-1658,10,INVALID,Product C,Not Active
01-06-2025,Depot K,SKU-1493,22,INVALID,Product C,Active
01-06-2025,Depot K,SKU-1592,10,INVALID,Product C,Not Active
01-06-2025,Depot K,SKU-1595,20,INVALID,Product C,Active
01-06-2025,Depot K,SKU-1596,15,INVALID,Product C,Not Active
01-06-2025,Depot K,SKU-1495,45,INVALID,Product C,Not Active
01-06-2025,Depot K,SKU-1598,25,INVALID,Product C,Not Active
01-06-2025,Depot K,SKU-1496,6,INVALID,Product C,Not Active
01-06-2025,Depot K,SKU-1600,21,INVALID,Product C,Not Active
01-06-2025,Depot K,SKU-1498,41,INVALID,Product C,Active
01-06-2025,Depot K,SKU-1688,29,INVALID,Product C,Not Active
01-06-2025,Depot K,SKU-1499,412,INVALID,Product C,Not Active
01-06-2025,Depot K,SKU-1766,41,INVALID,Product C,Not Active
01-06-2025,Depot K,SKU-1502,111,INVALID,Product C,Not Active
01-06-2025,Depot K,SKU-1503,10,INVALID,Product C,Not Active
01-06-2025,Depot K,SKU-1504,6,INVALID,Product C,Not Active
01-06-2025,Depot K,SKU-1505,9,INVALID,Product C,Not Active
01-06-2025,Depot K,SKU-1506,12,INVALID,Product C,Not Active
01-06-2025,Depot K,SKU-1689,16,INVALID,Product C,Not Active
01-06-2025,Depot K,SKU-1668,10,INVALID,Product C,Not Active
01-06-2025,Depot K,SKU-1604,8,INVALID,Product C,Not Active
01-06-2025,Depot K,SKU-1605,59,INVALID,Product C,Not Active
01-06-2025,Depot K,SKU-1507,17,INVALID,Product C,Not Active
01-06-2025,Depot K,SKU-1508,6,INVALID,Product C,Not Active
01-06-2025,Depot K,SKU-1606,57,INVALID,Product C,Not Active
01-06-2025,Depot K,SKU-1609,5,INVALID,Product C,Not Active
01-06-2025,Depot K,SKU-1431,1,INVALID,Product C,Not Active
01-06-2025,Depot K,SKU-1509,42,INVALID,Product C,Not Active
01-06-2025,Depot K,SKU-1671,22,INVALID,Product C,Not Active
01-06-2025,Depot K,SKU-1672,20,INVALID,Product C,Not Active
01-06-2025,Depot K,SKU-1730,10,INVALID,Product C,Not Active
01-06-2025,Depot K,SKU-1511,366,INVALID,Product C,Active
01-06-2025,Depot K,SKU-1514,81,INVALID,Product C,Active
01-06-2025,Depot K,SKU-1516,81,INVALID,Product C,Active
01-06-2025,Depot K,SKU-1767,10,INVALID,Product C,Active
01-06-2025,Depot K,SKU-1613,153,INVALID,Product C,Active
01-06-2025,Depot K,SKU-1614,25,INVALID,Product C,Active
01-06-2025,Depot K,SKU-1616,150,INVALID,Product C,Active
01-06-2025,Depot K,SKU-1518,24,INVALID,Product C,Active
01-06-2025,Depot K,SKU-1519,44,INVALID,Product C,Active
01-06-2025,Depot K,SKU-1520,63,INVALID,Product C,Active
01-06-2025,Depot K,SKU-1522,27,INVALID,Product C,Not Active
01-06-2025,Depot K,SKU-1523,51,INVALID,Product C,Not Active
01-06-2025,Depot K,SKU-1524,42,INVALID,Product C,Not Active
01-06-2025,Depot K,SKU-1525,280,INVALID,Product C,Not Active
01-06-2025,Depot K,SKU-1768,3,INVALID,Product C,Not Active
01-06-2025,Depot K,SKU-1619,18,INVALID,Product C,Not Active
01-06-2025,Depot K,SKU-1620,5,INVALID,Product C,Not Active
01-06-2025,Depot K,SKU-1621,22,INVALID,Product C,Not Active
01-06-2025,Depot K,SKU-1622,10,INVALID,Product C,Not Active
01-06-2025,Depot K,SKU-1623,14,INVALID,Product C,Not Active
01-06-2025,Depot K,SKU-1624,9,INVALID,Product C,Not Active
01-06-2025,Depot K,SKU-1745,3,INVALID,Product C,Not Active
01-06-2025,Depot K,SKU-1625,24,INVALID,Product C,Active
01-06-2025,Depot K,SKU-1626,38,INVALID,Product C,Not Active
01-06-2025,Depot K,SKU-1526,112,INVALID,Product C,Active
01-06-2025,Depot K,SKU-1527,32,INVALID,Product C,Active
01-06-2025,Depot K,SKU-1528,24,INVALID,Product C,Not Active
01-06-2025,Depot K,SKU-1529,88,INVALID,Product C,Not Active
01-06-2025,Depot K,SKU-1430,686,INVALID,Product C,Not Active
01-06-2025,Depot K,SKU-1530,244,INVALID,Product C,Active
01-06-2025,Depot K,SKU-1531,8,INVALID,Product C,Active
01-06-2025,Depot L,SKU-1532,90,INVALID,Product C,Not Active
01-06-2025,Depot L,SKU-1769,20,INVALID,Product C,Active
01-06-2025,Depot L,SKU-1747,41,INVALID,Product C,Active
01-06-2025,Depot L,SKU-1535,16,INVALID,Product C,Active
01-06-2025,Depot L,SKU-1537,20,INVALID,Product C,Active
01-06-2025,Depot L,SKU-1539,20,INVALID,Product C,Active
01-06-2025,Depot L,SKU-1753,20,INVALID,Product C,Not Active
01-06-2025,Depot L,SKU-1440,13,INVALID,Product C,Not Active
01-06-2025,Depot L,SKU-1417,437,INVALID,Product C,Not Active
01-06-2025,Depot L,SKU-1418,180,INVALID,Product C,Not Active
01-06-2025,Depot L,SKU-1419,108,INVALID,Product C,Not Active
01-06-2025,Depot L,SKU-1420,228,INVALID,Product C,Not Active
01-06-2025,Depot L,SKU-1423,337,INVALID,Product C,Not Active
01-06-2025,Depot L,SKU-1449,57,INVALID,Product C,Active
01-06-2025,Depot L,SKU-1541,3651,INVALID,Product C,Active
01-06-2025,Depot L,SKU-1543,964,INVALID,Product C,Active
01-06-2025,Depot L,SKU-1544,7,INVALID,Product C,Active
01-06-2025,Depot L,SKU-1545,907,INVALID,Product C,Active
01-06-2025,Depot L,SKU-1547,736,INVALID,Product C,Active
01-06-2025,Depot L,SKU-1549,1402,INVALID,Product C,Active
01-06-2025,Depot L,SKU-1550,799,INVALID,Product C,Active
01-06-2025,Depot L,SKU-1551,2354,INVALID,Product C,Active
01-06-2025,Depot L,SKU-1456,76,INVALID,Product C,Active
01-06-2025,Depot L,SKU-1457,42,INVALID,Product C,Active
01-06-2025,Depot L,SKU-1553,47,INVALID,Product C,Active
01-06-2025,Depot L,SKU-1458,37,INVALID,Product C,Active
01-06-2025,Depot L,SKU-1441,62,INVALID,Product C,Not Active
01-06-2025,Depot L,SKU-1442,22,INVALID,Product C,Not Active
01-06-2025,Depot L,SKU-1635,10,INVALID,Product C,Active
01-06-2025,Depot L,SKU-1694,20,INVALID,Product C,Active
01-06-2025,Depot L,SKU-1695,206,INVALID,Product C,Active
01-06-2025,Depot L,SKU-1459,28,INVALID,Product C,Not Active
01-06-2025,Depot L,SKU-1555,19,INVALID,Product C,Not Active
01-06-2025,Depot L,SKU-1696,10,INVALID,Product C,Active
01-06-2025,Depot L,SKU-1732,20,INVALID,Product C,Not Active
01-06-2025,Depot L,SKU-1556,20,INVALID,Product C,Active
01-06-2025,Depot L,SKU-1462,64,INVALID,Product C,Active
01-06-2025,Depot L,SKU-1559,59,INVALID,Product C,Not Active
01-06-2025,Depot L,SKU-1638,10,INVALID,Product C,Active
01-06-2025,Depot L,SKU-1560,39,INVALID,Product C,Not Active
01-06-2025,Depot L,SKU-1703,20,INVALID,Product C,Active
01-06-2025,Depot L,SKU-1561,47,INVALID,Product C,Not Active
01-06-2025,Depot L,SKU-1425,50,INVALID,Product C,Not Active
01-06-2025,Depot L,SKU-1443,98,INVALID,Product C,Not Active
01-06-2025,Depot L,SKU-1639,45,INVALID,Product C,Active
01-06-2025,Depot L,SKU-1759,10,INVALID,Product C,Active
01-06-2025,Depot L,SKU-1444,62,INVALID,Product C,Not Active
01-06-2025,Depot L,SKU-1563,9,INVALID,Product C,Active
01-06-2025,Depot L,SKU-1736,23,INVALID,Product C,Not Active
01-06-2025,Depot L,SKU-1465,14,INVALID,Product C,Not Active
01-06-2025,Depot L,SKU-1564,20,INVALID,Product C,Not Active
01-06-2025,Depot L,SKU-1466,9724,INVALID,Product C,Active
01-06-2025,Depot L,SKU-1681,20,INVALID,Product C,Active
01-06-2025,Depot L,SKU-1707,335,INVALID,Product C,Not Active
01-06-2025,Depot L,SKU-1471,602,INVALID,Product C,Active
01-06-2025,Depot L,SKU-1748,30,INVALID,Product C,Active
01-06-2025,Depot L,SKU-1760,20,INVALID,Product C,Active
01-06-2025,Depot L,SKU-1570,20,INVALID,Product C,Not Active
01-06-2025,Depot L,SKU-1572,10,INVALID,Product C,Not Active
01-06-2025,Depot L,SKU-1761,11,INVALID,Product C,Not Active
01-06-2025,Depot L,SKU-1435,13,INVALID,Product C,Not Active
01-06-2025,Depot L,SKU-1479,20,INVALID,Product C,Not Active
01-06-2025,Depot L,SKU-1642,19,INVALID,Product C,Not Active
01-06-2025,Depot L,SKU-1643,30,INVALID,Product C,Active
01-06-2025,Depot L,SKU-1644,21,INVALID,Product C,Not Active
01-06-2025,Depot L,SKU-1645,10,INVALID,Product C,Not Active
01-06-2025,Depot L,SKU-1646,60,INVALID,Product C,Not Active
01-06-2025,Depot L,SKU-1770,20,INVALID,Product C,Not Active
01-06-2025,Depot L,SKU-1480,973,INVALID,Product C,Active
01-06-2025,Depot L,SKU-1576,21,INVALID,Product C,Not Active
01-06-2025,Depot L,SKU-1577,68,INVALID,Product C,Not Active
01-06-2025,Depot L,SKU-1432,33,INVALID,Product C,Not Active
01-06-2025,Depot L,SKU-1579,21,INVALID,Product C,Not Active
01-06-2025,Depot L,SKU-1447,33,INVALID,Product C,Not Active
01-06-2025,Depot L,SKU-1650,178,INVALID,Product C,Not Active
01-06-2025,Depot L,SKU-1484,17,INVALID,Product C,Active
01-06-2025,Depot L,SKU-1485,19,INVALID,Product C,Active
01-06-2025,Depot L,SKU-1582,10,INVALID,Product C,Active
01-06-2025,Depot L,SKU-1486,31,INVALID,Product C,Active
01-06-2025,Depot L,SKU-1584,56,INVALID,Product C,Not Active
01-06-2025,Depot L,SKU-1653,30,INVALID,Product C,Not Active
01-06-2025,Depot L,SKU-1489,11,INVALID,Product C,Not Active
01-06-2025,Depot L,SKU-1491,17,INVALID,Product C,Not Active
01-06-2025,Depot L,SKU-1586,20,INVALID,Product C,Not Active
01-06-2025,Depot L,SKU-1685,112,INVALID,Product C,Active
01-06-2025,Depot L,SKU-1492,236,INVALID,Product C,Active
01-06-2025,Depot L,SKU-1429,77,INVALID,Product C,Not Active
01-06-2025,Depot L,SKU-1434,70,INVALID,Product C,Not Active
01-06-2025,Depot L,SKU-1590,10,INVALID,Product C,Not Active
01-06-2025,Depot L,SKU-1494,19,INVALID,Product C,Not Active
01-06-2025,Depot L,SKU-1591,35,INVALID,Product C,Not Active
01-06-2025,Depot L,SKU-1596,24,INVALID,Product C,Not Active
01-06-2025,Depot L,SKU-1597,25,INVALID,Product C,Not Active
01-06-2025,Depot L,SKU-1497,9,INVALID,Product C,Not Active
01-06-2025,Depot L,SKU-1600,10,INVALID,Product C,Not Active
01-06-2025,Depot L,SKU-1498,40,INVALID,Product C,Active
01-06-2025,Depot L,SKU-1688,18,INVALID,Product C,Not Active
01-06-2025,Depot L,SKU-1499,10,INVALID,Product C,Not Active
01-06-2025,Depot L,SKU-1771,18,INVALID,Product C,Not Active
01-06-2025,Depot L,SKU-1500,23,INVALID,Product C,Not Active
01-06-2025,Depot L,SKU-1501,55,INVALID,Product C,Not Active
01-06-2025,Depot L,SKU-1502,19,INVALID,Product C,Not Active
01-06-2025,Depot L,SKU-1715,5,INVALID,Product C,Not Active
01-06-2025,Depot L,SKU-1504,10,INVALID,Product C,Not Active
01-06-2025,Depot L,SKU-1505,11,INVALID,Product C,Not Active
01-06-2025,Depot L,SKU-1506,7,INVALID,Product C,Not Active
01-06-2025,Depot L,SKU-1689,13,INVALID,Product C,Not Active
01-06-2025,Depot L,SKU-1604,119,INVALID,Product C,Not Active
01-06-2025,Depot L,SKU-1508,4,INVALID,Product C,Not Active
01-06-2025,Depot L,SKU-1669,13,INVALID,Product C,Not Active
01-06-2025,Depot L,SKU-1690,10,INVALID,Product C,Not Active
01-06-2025,Depot L,SKU-1608,20,INVALID,Product C,Not Active
01-06-2025,Depot L,SKU-1609,12,INVALID,Product C,Not Active
01-06-2025,Depot L,SKU-1509,67,INVALID,Product C,Not Active
01-06-2025,Depot L,SKU-1670,27,INVALID,Product C,Not Active
01-06-2025,Depot L,SKU-1671,47,INVALID,Product C,Not Active
01-06-2025,Depot L,SKU-1730,20,INVALID,Product C,Not Active
01-06-2025,Depot L,SKU-1772,20,INVALID,Product C,Not Active
01-06-2025,Depot L,SKU-1511,41,INVALID,Product C,Active
01-06-2025,Depot L,SKU-1512,41,INVALID,Product C,Active
01-06-2025,Depot L,SKU-1514,81,INVALID,Product C,Active
01-06-2025,Depot L,SKU-1767,41,INVALID,Product C,Active
01-06-2025,Depot L,SKU-1613,84,INVALID,Product C,Active
01-06-2025,Depot L,SKU-1614,334,INVALID,Product C,Active
01-06-2025,Depot L,SKU-1615,65,INVALID,Product C,Active
01-06-2025,Depot L,SKU-1616,64,INVALID,Product C,Active
01-06-2025,Depot L,SKU-1518,95,INVALID,Product C,Active
01-06-2025,Depot L,SKU-1519,49,INVALID,Product C,Active
01-06-2025,Depot L,SKU-1520,53,INVALID,Product C,Active
01-06-2025,Depot L,SKU-1521,155,INVALID,Product C,Not Active
01-06-2025,Depot L,SKU-1522,48,INVALID,Product C,Not Active
01-06-2025,Depot L,SKU-1523,51,INVALID,Product C,Not Active
01-06-2025,Depot L,SKU-1524,44,INVALID,Product C,Not Active
01-06-2025,Depot L,SKU-1525,50,INVALID,Product C,Not Active
01-06-2025,Depot L,SKU-1624,21,INVALID,Product C,Not Active
01-06-2025,Depot L,SKU-1674,41,INVALID,Product C,Active
01-06-2025,Depot L,SKU-1526,36,INVALID,Product C,Active
01-06-2025,Depot L,SKU-1528,388,INVALID,Product C,Not Active
01-06-2025,Depot L,SKU-1430,90,INVALID,Product C,Not Active
01-06-2025,Depot L,SKU-1530,171,INVALID,Product C,Active
01-06-2025,Depot L,SKU-1531,181,INVALID,Product C,Active
01-06-2025,Depot M,SKU-1532,179,INVALID,Product C,Not Active
01-06-2025,Depot M,SKU-1773,10,INVALID,Product C,Not Active
01-06-2025,Depot M,SKU-1747,10,INVALID,Product C,Active
01-06-2025,Depot M,SKU-1535,20,INVALID,Product C,Active
01-06-2025,Depot M,SKU-1536,20,INVALID,Product C,Active
01-06-2025,Depot M,SKU-1537,46,INVALID,Product C,Active
01-06-2025,Depot M,SKU-1538,50,INVALID,Product C,Active
01-06-2025,Depot M,SKU-1539,6,INVALID,Product C,Active
01-06-2025,Depot M,SKU-1774,20,INVALID,Product C,Not Active
01-06-2025,Depot M,SKU-1440,53,INVALID,Product C,Not Active
01-06-2025,Depot M,SKU-1449,215,INVALID,Product C,Active
01-06-2025,Depot M,SKU-1541,1336,INVALID,Product C,Active
01-06-2025,Depot M,SKU-1543,965,INVALID,Product C,Active
01-06-2025,Depot M,SKU-1545,442,INVALID,Product C,Active
01-06-2025,Depot M,SKU-1547,72,INVALID,Product C,Active
01-06-2025,Depot M,SKU-1549,152,INVALID,Product C,Active
01-06-2025,Depot M,SKU-1550,707,INVALID,Product C,Active
01-06-2025,Depot M,SKU-1551,32,INVALID,Product C,Active
01-06-2025,Depot M,SKU-1456,144,INVALID,Product C,Active
01-06-2025,Depot M,SKU-1754,81,INVALID,Product C,Not Active
01-06-2025,Depot M,SKU-1552,71,INVALID,Product C,Not Active
01-06-2025,Depot M,SKU-1457,14,INVALID,Product C,Active
01-06-2025,Depot M,SKU-1775,41,INVALID,Product C,Active
01-06-2025,Depot M,SKU-1553,42,INVALID,Product C,Active
01-06-2025,Depot M,SKU-1458,55,INVALID,Product C,Active
01-06-2025,Depot M,SKU-1441,17,INVALID,Product C,Not Active
01-06-2025,Depot M,SKU-1442,65,INVALID,Product C,Not Active
01-06-2025,Depot M,SKU-1635,2,INVALID,Product C,Active
01-06-2025,Depot M,SKU-1694,20,INVALID,Product C,Active
01-06-2025,Depot M,SKU-1695,25,INVALID,Product C,Active
01-06-2025,Depot M,SKU-1459,18,INVALID,Product C,Not Active
01-06-2025,Depot M,SKU-1555,13,INVALID,Product C,Not Active
01-06-2025,Depot M,SKU-1460,10,INVALID,Product C,Active
01-06-2025,Depot M,SKU-1696,25,INVALID,Product C,Active
01-06-2025,Depot M,SKU-1776,20,INVALID,Product C,Active
01-06-2025,Depot M,SKU-1699,50,INVALID,Product C,Active
01-06-2025,Depot M,SKU-1700,255,INVALID,Product C,Active
01-06-2025,Depot M,SKU-1701,255,INVALID,Product C,Active
01-06-2025,Depot M,SKU-1462,9,INVALID,Product C,Active
01-06-2025,Depot M,SKU-1424,62,INVALID,Product C,Not Active
01-06-2025,Depot M,SKU-1559,252,INVALID,Product C,Not Active
01-06-2025,Depot M,SKU-1638,12,INVALID,Product C,Active
01-06-2025,Depot M,SKU-1560,18,INVALID,Product C,Not Active
01-06-2025,Depot M,SKU-1703,99,INVALID,Product C,Active
01-06-2025,Depot M,SKU-1561,42,INVALID,Product C,Not Active
01-06-2025,Depot M,SKU-1425,72,INVALID,Product C,Not Active
01-06-2025,Depot M,SKU-1443,12,INVALID,Product C,Not Active
01-06-2025,Depot M,SKU-1562,57,INVALID,Product C,Not Active
01-06-2025,Depot M,SKU-1639,75,INVALID,Product C,Active
01-06-2025,Depot M,SKU-1759,15,INVALID,Product C,Active
01-06-2025,Depot M,SKU-1444,102,INVALID,Product C,Not Active
01-06-2025,Depot M,SKU-1704,30,INVALID,Product C,Active
01-06-2025,Depot M,SKU-1736,43,INVALID,Product C,Not Active
01-06-2025,Depot M,SKU-1737,63,INVALID,Product C,Not Active
01-06-2025,Depot M,SKU-1738,95,INVALID,Product C,Not Active
01-06-2025,Depot M,SKU-1465,12,INVALID,Product C,Not Active
01-06-2025,Depot M,SKU-1564,13,INVALID,Product C,Not Active
01-06-2025,Depot M,SKU-1565,71,INVALID,Product C,Not Active
01-06-2025,Depot M,SKU-1777,19,INVALID,Product C,Active
01-06-2025,Depot M,SKU-1466,598,INVALID,Product C,Active
01-06-2025,Depot M,SKU-1467,49,INVALID,Product C,Not Active
01-06-2025,Depot M,SKU-1707,91,INVALID,Product C,Not Active
01-06-2025,Depot M,SKU-1471,49175,INVALID,Product C,Active
01-06-2025,Depot M,SKU-1748,2,INVALID,Product C,Active
01-06-2025,Depot M,SKU-1472,257,INVALID,Product C,Active
01-06-2025,Depot M,SKU-1760,23,INVALID,Product C,Active
01-06-2025,Depot M,SKU-1739,71,INVALID,Product C,Active
01-06-2025,Depot M,SKU-1474,49,INVALID,Product C,Active
01-06-2025,Depot M,SKU-1475,48,INVALID,Product C,Not Active
01-06-2025,Depot M,SKU-1708,31,INVALID,Product C,Active
01-06-2025,Depot M,SKU-1476,10,INVALID,Product C,Not Active
01-06-2025,Depot M,SKU-1682,31,INVALID,Product C,Active
01-06-2025,Depot M,SKU-1778,46,INVALID,Product C,Active
01-06-2025,Depot M,SKU-1477,9,INVALID,Product C,Not Active
01-06-2025,Depot M,SKU-1571,89,INVALID,Product C,Active
01-06-2025,Depot M,SKU-1572,18,INVALID,Product C,Not Active
01-06-2025,Depot M,SKU-1761,1,INVALID,Product C,Not Active
01-06-2025,Depot M,SKU-1435,287,INVALID,Product C,Not Active
01-06-2025,Depot M,SKU-1479,1,INVALID,Product C,Not Active
01-06-2025,Depot M,SKU-1574,20,INVALID,Product C,Not Active
01-06-2025,Depot M,SKU-1683,24,INVALID,Product C,Not Active
01-06-2025,Depot M,SKU-1643,1,INVALID,Product C,Active
01-06-2025,Depot M,SKU-1644,15,INVALID,Product C,Not Active
01-06-2025,Depot M,SKU-1480,290,INVALID,Product C,Active
01-06-2025,Depot M,SKU-1481,99,INVALID,Product C,Not Active
01-06-2025,Depot M,SKU-1576,35,INVALID,Product C,Not Active
01-06-2025,Depot M,SKU-1577,19,INVALID,Product C,Not Active
01-06-2025,Depot M,SKU-1579,51,INVALID,Product C,Not Active
01-06-2025,Depot M,SKU-1447,33,INVALID,Product C,Not Active
01-06-2025,Depot M,SKU-1484,44,INVALID,Product C,Active
01-06-2025,Depot M,SKU-1485,25,INVALID,Product C,Active
01-06-2025,Depot M,SKU-1582,6,INVALID,Product C,Active
01-06-2025,Depot M,SKU-1486,246,INVALID,Product C,Active
01-06-2025,Depot M,SKU-1487,46,INVALID,Product C,Active
01-06-2025,Depot M,SKU-1584,337,INVALID,Product C,Not Active
01-06-2025,Depot M,SKU-1684,3,INVALID,Product C,Active
01-06-2025,Depot M,SKU-1764,5,INVALID,Product C,Not Active
01-06-2025,Depot M,SKU-1653,4,INVALID,Product C,Not Active
01-06-2025,Depot M,SKU-1488,2,INVALID,Product C,Not Active
01-06-2025,Depot M,SKU-1489,23,INVALID,Product C,Not Active
01-06-2025,Depot M,SKU-1713,23,INVALID,Product C,Active
01-06-2025,Depot M,SKU-1490,374,INVALID,Product C,Not Active
01-06-2025,Depot M,SKU-1491,12,INVALID,Product C,Not Active
01-06-2025,Depot M,SKU-1779,71,INVALID,Product C,Active
01-06-2025,Depot M,SKU-1685,40,INVALID,Product C,Active
01-06-2025,Depot M,SKU-1588,10,INVALID,Product C,Not Active
01-06-2025,Depot M,SKU-1589,20,INVALID,Product C,Not Active
01-06-2025,Depot M,SKU-1492,23,INVALID,Product C,Active
01-06-2025,Depot M,SKU-1434,47,INVALID,Product C,Not Active
01-06-2025,Depot M,SKU-1590,10,INVALID,Product C,Not Active
01-06-2025,Depot M,SKU-1780,16,INVALID,Product C,Active
01-06-2025,Depot M,SKU-1493,21,INVALID,Product C,Active
01-06-2025,Depot M,SKU-1494,286,INVALID,Product C,Not Active
01-06-2025,Depot M,SKU-1591,105,INVALID,Product C,Not Active
01-06-2025,Depot M,SKU-1781,29,INVALID,Product C,Active
01-06-2025,Depot M,SKU-1686,147,INVALID,Product C,Not Active
01-06-2025,Depot M,SKU-1744,10,INVALID,Product C,Active
01-06-2025,Depot M,SKU-1596,13,INVALID,Product C,Not Active
01-06-2025,Depot M,SKU-1597,16,INVALID,Product C,Not Active
01-06-2025,Depot M,SKU-1495,12,INVALID,Product C,Not Active
01-06-2025,Depot M,SKU-1496,1,INVALID,Product C,Not Active
01-06-2025,Depot M,SKU-1497,42,INVALID,Product C,Not Active
01-06-2025,Depot M,SKU-1782,20,INVALID,Product C,Not Active
01-06-2025,Depot M,SKU-1600,20,INVALID,Product C,Not Active
01-06-2025,Depot M,SKU-1731,10,INVALID,Product C,Not Active
01-06-2025,Depot M,SKU-1498,3,INVALID,Product C,Active
01-06-2025,Depot M,SKU-1688,51,INVALID,Product C,Not Active
01-06-2025,Depot M,SKU-1499,8,INVALID,Product C,Not Active
01-06-2025,Depot M,SKU-1771,90,INVALID,Product C,Not Active
01-06-2025,Depot M,SKU-1500,35,INVALID,Product C,Not Active
01-06-2025,Depot M,SKU-1501,21,INVALID,Product C,Not Active
01-06-2025,Depot M,SKU-1502,45,INVALID,Product C,Not Active
01-06-2025,Depot M,SKU-1715,69,INVALID,Product C,Not Active
01-06-2025,Depot M,SKU-1503,14,INVALID,Product C,Not Active
01-06-2025,Depot M,SKU-1504,23,INVALID,Product C,Not Active
01-06-2025,Depot M,SKU-1783,19,INVALID,Product C,Not Active
01-06-2025,Depot M,SKU-1505,136,INVALID,Product C,Not Active
01-06-2025,Depot M,SKU-1506,15,INVALID,Product C,Not Active
01-06-2025,Depot M,SKU-1689,161,INVALID,Product C,Not Active
01-06-2025,Depot M,SKU-1750,13,INVALID,Product C,Not Active
01-06-2025,Depot M,SKU-1604,1,INVALID,Product C,Not Active
01-06-2025,Depot M,SKU-1605,2,INVALID,Product C,Not Active
01-06-2025,Depot M,SKU-1507,135,INVALID,Product C,Not Active
01-06-2025,Depot M,SKU-1784,10,INVALID,Product C,Not Active
01-06-2025,Depot M,SKU-1508,13,INVALID,Product C,Not Active
01-06-2025,Depot M,SKU-1606,12,INVALID,Product C,Not Active
01-06-2025,Depot M,SKU-1690,20,INVALID,Product C,Not Active
01-06-2025,Depot M,SKU-1609,5,INVALID,Product C,Not Active
01-06-2025,Depot M,SKU-1431,34,INVALID,Product C,Not Active
01-06-2025,Depot M,SKU-1509,9,INVALID,Product C,Not Active
01-06-2025,Depot M,SKU-1610,5,INVALID,Product C,Not Active
01-06-2025,Depot M,SKU-1671,16,INVALID,Product C,Not Active
01-06-2025,Depot M,SKU-1730,6,INVALID,Product C,Not Active
01-06-2025,Depot M,SKU-1511,156,INVALID,Product C,Active
01-06-2025,Depot M,SKU-1692,8,INVALID,Product C,Active
01-06-2025,Depot M,SKU-1673,32,INVALID,Product C,Active
01-06-2025,Depot M,SKU-1716,19,INVALID,Product C,Active
01-06-2025,Depot M,SKU-1767,5,INVALID,Product C,Active
01-06-2025,Depot M,SKU-1717,11,INVALID,Product C,Active
01-06-2025,Depot M,SKU-1718,11,INVALID,Product C,Active
01-06-2025,Depot M,SKU-1785,20,INVALID,Product C,Active
01-06-2025,Depot M,SKU-1786,11,INVALID,Product C,Active
01-06-2025,Depot M,SKU-1613,335,INVALID,Product C,Active
01-06-2025,Depot M,SKU-1614,42,INVALID,Product C,Active
01-06-2025,Depot M,SKU-1615,219,INVALID,Product C,Active
01-06-2025,Depot M,SKU-1616,193,INVALID,Product C,Active
01-06-2025,Depot M,SKU-1518,241,INVALID,Product C,Active
01-06-2025,Depot M,SKU-1519,199,INVALID,Product C,Active
01-06-2025,Depot M,SKU-1520,32,INVALID,Product C,Active
01-06-2025,Depot M,SKU-1617,1010,INVALID,Product C,Active
01-06-2025,Depot M,SKU-1618,293,INVALID,Product C,Active
01-06-2025,Depot M,SKU-1720,150,INVALID,Product C,Active
01-06-2025,Depot M,SKU-1721,175,INVALID,Product C,Active
01-06-2025,Depot M,SKU-1722,108,INVALID,Product C,Active
01-06-2025,Depot M,SKU-1723,198,INVALID,Product C,Active
01-06-2025,Depot M,SKU-1521,47,INVALID,Product C,Not Active
01-06-2025,Depot M,SKU-1522,54,INVALID,Product C,Not Active
01-06-2025,Depot M,SKU-1523,59,INVALID,Product C,Not Active
01-06-2025,Depot M,SKU-1524,97,INVALID,Product C,Not Active
01-06-2025,Depot M,SKU-1525,73,INVALID,Product C,Not Active
01-06-2025,Depot M,SKU-1787,6,INVALID,Product C,Active
01-06-2025,Depot M,SKU-1619,3,INVALID,Product C,Not Active
01-06-2025,Depot M,SKU-1620,2,INVALID,Product C,Not Active
01-06-2025,Depot M,SKU-1621,5,INVALID,Product C,Not Active
01-06-2025,Depot M,SKU-1622,11,INVALID,Product C,Not Active
01-06-2025,Depot M,SKU-1623,41,INVALID,Product C,Not Active
01-06-2025,Depot M,SKU-1624,63,INVALID,Product C,Not Active
01-06-2025,Depot M,SKU-1745,4,INVALID,Product C,Not Active
01-06-2025,Depot M,SKU-1625,27,INVALID,Product C,Active
01-06-2025,Depot M,SKU-1626,67,INVALID,Product C,Not Active
01-06-2025,Depot M,SKU-1526,4,INVALID,Product C,Active
01-06-2025,Depot M,SKU-1527,24,INVALID,Product C,Active
01-06-2025,Depot M,SKU-1528,24,INVALID,Product C,Not Active
01-06-2025,Depot M,SKU-1529,41,INVALID,Product C,Not Active
01-06-2025,Depot M,SKU-1677,20,INVALID,Product C,Active
01-06-2025,Depot M,SKU-1430,42,INVALID,Product C,Not Active
01-06-2025,Depot M,SKU-1530,48,INVALID,Product C,Active
01-06-2025,Depot M,SKU-1531,38,INVALID,Product C,Active
01-06-2025,Depot N,SKU-1532,436,INVALID,Product C,Not Active
01-06-2025,Depot N,SKU-1788,19,INVALID,Product C,Not Active
01-06-2025,Depot N,SKU-1789,20,INVALID,Product C,Not Active
01-06-2025,Depot N,SKU-1631,20,INVALID,Product C,Not Active
01-06-2025,Depot N,SKU-1790,51,INVALID,Product C,Not Active
01-06-2025,Depot N,SKU-1538,137,INVALID,Product C,Active
01-06-2025,Depot N,SKU-1539,49,INVALID,Product C,Active
01-06-2025,Depot N,SKU-1753,20,INVALID,Product C,Not Active
01-06-2025,Depot N,SKU-1774,79,INVALID,Product C,Not Active
01-06-2025,Depot N,SKU-1440,20,INVALID,Product C,Not Active
01-06-2025,Depot N,SKU-1449,62,INVALID,Product C,Active
01-06-2025,Depot N,SKU-1541,10,INVALID,Product C,Active
01-06-2025,Depot N,SKU-1633,51,INVALID,Product C,Not Active
01-06-2025,Depot N,SKU-1548,42,INVALID,Product C,Not Active
01-06-2025,Depot N,SKU-1551,36,INVALID,Product C,Active
01-06-2025,Depot N,SKU-1456,459,INVALID,Product C,Active
01-06-2025,Depot N,SKU-1457,160,INVALID,Product C,Active
01-06-2025,Depot N,SKU-1553,673,INVALID,Product C,Active
01-06-2025,Depot N,SKU-1458,46,INVALID,Product C,Active
01-06-2025,Depot N,SKU-1441,39,INVALID,Product C,Not Active
01-06-2025,Depot N,SKU-1442,17,INVALID,Product C,Not Active
01-06-2025,Depot N,SKU-1635,20,INVALID,Product C,Active
01-06-2025,Depot N,SKU-1694,10,INVALID,Product C,Active
01-06-2025,Depot N,SKU-1695,117,INVALID,Product C,Active
01-06-2025,Depot N,SKU-1459,48,INVALID,Product C,Not Active
01-06-2025,Depot N,SKU-1555,11,INVALID,Product C,Not Active
01-06-2025,Depot N,SKU-1460,130,INVALID,Product C,Active
01-06-2025,Depot N,SKU-1696,20,INVALID,Product C,Active
01-06-2025,Depot N,SKU-1732,27,INVALID,Product C,Not Active
01-06-2025,Depot N,SKU-1733,140,INVALID,Product C,Not Active
01-06-2025,Depot N,SKU-1556,222,INVALID,Product C,Active
01-06-2025,Depot N,SKU-1776,15,INVALID,Product C,Active
01-06-2025,Depot N,SKU-1697,42,INVALID,Product C,Active
01-06-2025,Depot N,SKU-1698,56,INVALID,Product C,Active
01-06-2025,Depot N,SKU-1699,49,INVALID,Product C,Active
01-06-2025,Depot N,SKU-1700,255,INVALID,Product C,Active
01-06-2025,Depot N,SKU-1701,50,INVALID,Product C,Active
01-06-2025,Depot N,SKU-1791,81,INVALID,Product C,Not Active
01-06-2025,Depot N,SKU-1756,142,INVALID,Product C,Not Active
01-06-2025,Depot N,SKU-1734,41,INVALID,Product C,Not Active
01-06-2025,Depot N,SKU-1462,131,INVALID,Product C,Active
01-06-2025,Depot N,SKU-1463,21,INVALID,Product C,Active
01-06-2025,Depot N,SKU-1464,193,INVALID,Product C,Active
01-06-2025,Depot N,SKU-1559,161,INVALID,Product C,Not Active
01-06-2025,Depot N,SKU-1702,8,INVALID,Product C,Not Active
01-06-2025,Depot N,SKU-1638,20,INVALID,Product C,Active
01-06-2025,Depot N,SKU-1560,10,INVALID,Product C,Not Active
01-06-2025,Depot N,SKU-1703,10,INVALID,Product C,Active
01-06-2025,Depot N,SKU-1792,46,INVALID,Product C,Not Active
01-06-2025,Depot N,SKU-1425,261,INVALID,Product C,Not Active
01-06-2025,Depot N,SKU-1443,14,INVALID,Product C,Not Active
01-06-2025,Depot N,SKU-1562,47,INVALID,Product C,Not Active
01-06-2025,Depot N,SKU-1639,10,INVALID,Product C,Active
01-06-2025,Depot N,SKU-1759,10,INVALID,Product C,Active
01-06-2025,Depot N,SKU-1444,377,INVALID,Product C,Not Active
01-06-2025,Depot N,SKU-1728,55,INVALID,Product C,Not Active
01-06-2025,Depot N,SKU-1735,62,INVALID,Product C,Not Active
01-06-2025,Depot N,SKU-1563,61,INVALID,Product C,Active
01-06-2025,Depot N,SKU-1704,136,INVALID,Product C,Active
01-06-2025,Depot N,SKU-1793,63,INVALID,Product C,Not Active
01-06-2025,Depot N,SKU-1736,55,INVALID,Product C,Not Active
01-06-2025,Depot N,SKU-1737,69,INVALID,Product C,Not Active
01-06-2025,Depot N,SKU-1738,40,INVALID,Product C,Not Active
01-06-2025,Depot N,SKU-1465,14,INVALID,Product C,Not Active
01-06-2025,Depot N,SKU-1564,73,INVALID,Product C,Not Active
01-06-2025,Depot N,SKU-1777,40,INVALID,Product C,Active
01-06-2025,Depot N,SKU-1567,49,INVALID,Product C,Not Active
01-06-2025,Depot N,SKU-1794,19,INVALID,Product C,Active
01-06-2025,Depot N,SKU-1795,20,INVALID,Product C,Not Active
01-06-2025,Depot N,SKU-1796,120,INVALID,Product C,Active
01-06-2025,Depot N,SKU-1466,1,INVALID,Product C,Active
01-06-2025,Depot N,SKU-1468,61,INVALID,Product C,Active
01-06-2025,Depot N,SKU-1470,139,INVALID,Product C,Not Active
01-06-2025,Depot N,SKU-1797,9,INVALID,Product C,Active
01-06-2025,Depot N,SKU-1681,40,INVALID,Product C,Active
01-06-2025,Depot N,SKU-1706,30,INVALID,Product C,Active
01-06-2025,Depot N,SKU-1798,41,INVALID,Product C,Not Active
01-06-2025,Depot N,SKU-1471,108,INVALID,Product C,Active
01-06-2025,Depot N,SKU-1748,20,INVALID,Product C,Active
01-06-2025,Depot N,SKU-1472,45,INVALID,Product C,Active
01-06-2025,Depot N,SKU-1760,18,INVALID,Product C,Active
01-06-2025,Depot N,SKU-1473,31,INVALID,Product C,Active
01-06-2025,Depot N,SKU-1739,33,INVALID,Product C,Active
01-06-2025,Depot N,SKU-1474,117,INVALID,Product C,Active
01-06-2025,Depot N,SKU-1708,60,INVALID,Product C,Active
01-06-2025,Depot N,SKU-1571,74,INVALID,Product C,Active
01-06-2025,Depot N,SKU-1799,122,INVALID,Product C,Not Active
01-06-2025,Depot N,SKU-1572,24,INVALID,Product C,Not Active
01-06-2025,Depot N,SKU-1761,37,INVALID,Product C,Not Active
01-06-2025,Depot N,SKU-1435,32,INVALID,Product C,Not Active
01-06-2025,Depot N,SKU-1479,85,INVALID,Product C,Not Active
01-06-2025,Depot N,SKU-1574,334,INVALID,Product C,Not Active
01-06-2025,Depot N,SKU-1436,41,INVALID,Product C,Not Active
01-06-2025,Depot N,SKU-1445,56,INVALID,Product C,Not Active
01-06-2025,Depot N,SKU-1643,95,INVALID,Product C,Active
01-06-2025,Depot N,SKU-1763,149,INVALID,Product C,Active
01-06-2025,Depot N,SKU-1646,115,INVALID,Product C,Not Active
01-06-2025,Depot N,SKU-1800,15,INVALID,Product C,Active
01-06-2025,Depot N,SKU-1801,299,INVALID,Product C,Active
01-06-2025,Depot N,SKU-1480,80,INVALID,Product C,Active
01-06-2025,Depot N,SKU-1437,71,INVALID,Product C,Not Active
01-06-2025,Depot N,SKU-1576,21,INVALID,Product C,Not Active
01-06-2025,Depot N,SKU-1438,233,INVALID,Product C,Not Active
01-06-2025,Depot N,SKU-1432,1,INVALID,Product C,Not Active
01-06-2025,Depot N,SKU-1579,71,INVALID,Product C,Not Active
01-06-2025,Depot N,SKU-1709,20,INVALID,Product C,Not Active
01-06-2025,Depot N,SKU-1802,22,INVALID,Product C,Not Active
01-06-2025,Depot N,SKU-1447,298,INVALID,Product C,Not Active
01-06-2025,Depot N,SKU-1650,323,INVALID,Product C,Not Active
01-06-2025,Depot N,SKU-1803,42,INVALID,Product C,Not Active
01-06-2025,Depot N,SKU-1484,66,INVALID,Product C,Active
01-06-2025,Depot N,SKU-1485,19,INVALID,Product C,Active
01-06-2025,Depot N,SKU-1804,10,INVALID,Product C,Active
01-06-2025,Depot N,SKU-1582,10,INVALID,Product C,Active
01-06-2025,Depot N,SKU-1651,9,INVALID,Product C,Active
01-06-2025,Depot N,SKU-1486,592,INVALID,Product C,Active
01-06-2025,Depot N,SKU-1487,4,INVALID,Product C,Active
01-06-2025,Depot N,SKU-1805,36,INVALID,Product C,Active
01-06-2025,Depot N,SKU-1583,49,INVALID,Product C,Active
01-06-2025,Depot N,SKU-1584,1586,INVALID,Product C,Not Active
01-06-2025,Depot N,SKU-1684,8,INVALID,Product C,Active
01-06-2025,Depot N,SKU-1764,71,INVALID,Product C,Not Active
01-06-2025,Depot N,SKU-1652,296,INVALID,Product C,Not Active
01-06-2025,Depot N,SKU-1806,34,INVALID,Product C,Active
01-06-2025,Depot N,SKU-1653,1061,INVALID,Product C,Not Active
01-06-2025,Depot N,SKU-1654,145,INVALID,Product C,Active
01-06-2025,Depot N,SKU-1488,2,INVALID,Product C,Not Active
01-06-2025,Depot N,SKU-1489,16,INVALID,Product C,Not Active
01-06-2025,Depot N,SKU-1439,241,INVALID,Product C,Not Active
01-06-2025,Depot N,SKU-1712,25,INVALID,Product C,Not Active
01-06-2025,Depot N,SKU-1490,50,INVALID,Product C,Not Active
01-06-2025,Depot N,SKU-1491,19,INVALID,Product C,Not Active
01-06-2025,Depot N,SKU-1779,5,INVALID,Product C,Active
01-06-2025,Depot N,SKU-1807,56,INVALID,Product C,Active
01-06-2025,Depot N,SKU-1586,112,INVALID,Product C,Not Active
01-06-2025,Depot N,SKU-1742,143,INVALID,Product C,Not Active
01-06-2025,Depot N,SKU-1685,13,INVALID,Product C,Active
01-06-2025,Depot N,SKU-1808,94,INVALID,Product C,Not Active
01-06-2025,Depot N,SKU-1588,70,INVALID,Product C,Not Active
01-06-2025,Depot N,SKU-1589,16,INVALID,Product C,Not Active
01-06-2025,Depot N,SKU-1657,203,INVALID,Product C,Active
01-06-2025,Depot N,SKU-1492,182,INVALID,Product C,Active
01-06-2025,Depot N,SKU-1590,43,INVALID,Product C,Not Active
01-06-2025,Depot N,SKU-1658,9,INVALID,Product C,Not Active
01-06-2025,Depot N,SKU-1493,15,INVALID,Product C,Active
01-06-2025,Depot N,SKU-1494,51,INVALID,Product C,Not Active
01-06-2025,Depot N,SKU-1591,9,INVALID,Product C,Not Active
01-06-2025,Depot N,SKU-1781,12,INVALID,Product C,Active
01-06-2025,Depot N,SKU-1686,4,INVALID,Product C,Not Active
01-06-2025,Depot N,SKU-1809,232,INVALID,Product C,Not Active
01-06-2025,Depot N,SKU-1744,42,INVALID,Product C,Active
01-06-2025,Depot N,SKU-1596,22,INVALID,Product C,Not Active
01-06-2025,Depot N,SKU-1597,20,INVALID,Product C,Not Active
01-06-2025,Depot N,SKU-1495,62,INVALID,Product C,Not Active
01-06-2025,Depot N,SKU-1810,21,INVALID,Product C,Active
01-06-2025,Depot N,SKU-1598,85,INVALID,Product C,Not Active
01-06-2025,Depot N,SKU-1497,54,INVALID,Product C,Not Active
01-06-2025,Depot N,SKU-1599,243,INVALID,Product C,Not Active
01-06-2025,Depot N,SKU-1600,21,INVALID,Product C,Not Active
01-06-2025,Depot N,SKU-1663,19,INVALID,Product C,Not Active
01-06-2025,Depot N,SKU-1811,41,INVALID,Product C,Not Active
01-06-2025,Depot N,SKU-1602,40,INVALID,Product C,Active
01-06-2025,Depot N,SKU-1498,189,INVALID,Product C,Active
01-06-2025,Depot N,SKU-1688,4,INVALID,Product C,Not Active
01-06-2025,Depot N,SKU-1499,8,INVALID,Product C,Not Active
01-06-2025,Depot N,SKU-1500,10,INVALID,Product C,Not Active
01-06-2025,Depot N,SKU-1501,20,INVALID,Product C,Not Active
01-06-2025,Depot N,SKU-1502,47,INVALID,Product C,Not Active
01-06-2025,Depot N,SKU-1715,79,INVALID,Product C,Not Active
01-06-2025,Depot N,SKU-1504,41,INVALID,Product C,Not Active
01-06-2025,Depot N,SKU-1505,6,INVALID,Product C,Not Active
01-06-2025,Depot N,SKU-1506,25,INVALID,Product C,Not Active
01-06-2025,Depot N,SKU-1689,18,INVALID,Product C,Not Active
01-06-2025,Depot N,SKU-1668,10,INVALID,Product C,Not Active
01-06-2025,Depot N,SKU-1750,25,INVALID,Product C,Not Active
01-06-2025,Depot N,SKU-1604,12,INVALID,Product C,Not Active
01-06-2025,Depot N,SKU-1507,22,INVALID,Product C,Not Active
01-06-2025,Depot N,SKU-1508,61,INVALID,Product C,Not Active
01-06-2025,Depot N,SKU-1606,50,INVALID,Product C,Not Active
01-06-2025,Depot N,SKU-1609,97,INVALID,Product C,Not Active
01-06-2025,Depot N,SKU-1431,23,INVALID,Product C,Not Active
01-06-2025,Depot N,SKU-1509,67,INVALID,Product C,Not Active
01-06-2025,Depot N,SKU-1730,5,INVALID,Product C,Not Active
01-06-2025,Depot N,SKU-1511,28,INVALID,Product C,Active
01-06-2025,Depot N,SKU-1512,41,INVALID,Product C,Active
01-06-2025,Depot N,SKU-1513,41,INVALID,Product C,Active
01-06-2025,Depot N,SKU-1611,41,INVALID,Product C,Active
01-06-2025,Depot N,SKU-1517,41,INVALID,Product C,Active
01-06-2025,Depot N,SKU-1716,10,INVALID,Product C,Active
01-06-2025,Depot N,SKU-1812,10,INVALID,Product C,Active
01-06-2025,Depot N,SKU-1717,10,INVALID,Product C,Active
01-06-2025,Depot N,SKU-1785,10,INVALID,Product C,Active
01-06-2025,Depot N,SKU-1813,10,INVALID,Product C,Active
01-06-2025,Depot N,SKU-1613,57,INVALID,Product C,Active
01-06-2025,Depot N,SKU-1614,823,INVALID,Product C,Active
01-06-2025,Depot N,SKU-1615,16,INVALID,Product C,Active
01-06-2025,Depot N,SKU-1616,644,INVALID,Product C,Active
01-06-2025,Depot N,SKU-1518,50,INVALID,Product C,Active
01-06-2025,Depot N,SKU-1519,156,INVALID,Product C,Active
01-06-2025,Depot N,SKU-1520,151,INVALID,Product C,Active
01-06-2025,Depot N,SKU-1521,54,INVALID,Product C,Not Active
01-06-2025,Depot N,SKU-1522,67,INVALID,Product C,Not Active
01-06-2025,Depot N,SKU-1523,100,INVALID,Product C,Not Active
01-06-2025,Depot N,SKU-1524,51,INVALID,Product C,Not Active
01-06-2025,Depot N,SKU-1525,193,INVALID,Product C,Not Active
01-06-2025,Depot N,SKU-1619,10,INVALID,Product C,Not Active
01-06-2025,Depot N,SKU-1620,31,INVALID,Product C,Not Active
01-06-2025,Depot N,SKU-1621,19,INVALID,Product C,Not Active
01-06-2025,Depot N,SKU-1622,20,INVALID,Product C,Not Active
01-06-2025,Depot N,SKU-1623,22,INVALID,Product C,Not Active
01-06-2025,Depot N,SKU-1624,13,INVALID,Product C,Not Active
01-06-2025,Depot N,SKU-1745,30,INVALID,Product C,Not Active
01-06-2025,Depot N,SKU-1625,89,INVALID,Product C,Active
01-06-2025,Depot N,SKU-1626,30,INVALID,Product C,Not Active
01-06-2025,Depot N,SKU-1674,79,INVALID,Product C,Active
01-06-2025,Depot N,SKU-1526,577,INVALID,Product C,Active
01-06-2025,Depot N,SKU-1527,13,INVALID,Product C,Active
01-06-2025,Depot N,SKU-1675,20,INVALID,Product C,Active
01-06-2025,Depot N,SKU-1528,31,INVALID,Product C,Not Active
01-06-2025,Depot N,SKU-1529,1212,INVALID,Product C,Not Active
01-06-2025,Depot N,SKU-1676,200,INVALID,Product C,Active
01-06-2025,Depot N,SKU-1677,40,INVALID,Product C,Active
01-06-2025,Depot N,SKU-1629,33,INVALID,Product C,Not Active
01-06-2025,Depot N,SKU-1530,49,INVALID,Product C,Active
01-06-2025,Depot N,SKU-1531,8,INVALID,Product C,Active
01-06-2025,Depot N,SKU-1678,33,INVALID,Product C,Active
01-06-2025,Depot O,SKU-1535,20,INVALID,Product C,Active
01-06-2025,Depot O,SKU-1537,20,INVALID,Product C,Active
01-06-2025,Depot O,SKU-1538,23,INVALID,Product C,Active
01-06-2025,Depot O,SKU-1539,20,INVALID,Product C,Active
01-06-2025,Depot O,SKU-1417,64,INVALID,Product C,Not Active
01-06-2025,Depot O,SKU-1418,42,INVALID,Product C,Not Active
01-06-2025,Depot O,SKU-1419,61,INVALID,Product C,Not Active
01-06-2025,Depot O,SKU-1420,61,INVALID,Product C,Not Active
01-06-2025,Depot O,SKU-1421,162,INVALID,Product C,Not Active
01-06-2025,Depot O,SKU-1422,123,INVALID,Product C,Not Active
01-06-2025,Depot O,SKU-1423,55,INVALID,Product C,Not Active
01-06-2025,Depot O,SKU-1449,82,INVALID,Product C,Active
01-06-2025,Depot O,SKU-1540,51,INVALID,Product C,Not Active
01-06-2025,Depot O,SKU-1633,51,INVALID,Product C,Not Active
01-06-2025,Depot O,SKU-1551,451,INVALID,Product C,Active
01-06-2025,Depot O,SKU-1456,5175,INVALID,Product C,Active
01-06-2025,Depot O,SKU-1457,162,INVALID,Product C,Active
01-06-2025,Depot O,SKU-1553,20,INVALID,Product C,Active
01-06-2025,Depot O,SKU-1458,158,INVALID,Product C,Active
01-06-2025,Depot O,SKU-1442,20,INVALID,Product C,Not Active
01-06-2025,Depot O,SKU-1755,10,INVALID,Product C,Not Active
01-06-2025,Depot O,SKU-1814,10,INVALID,Product C,Not Active
01-06-2025,Depot O,SKU-1637,19,INVALID,Product C,Not Active
01-06-2025,Depot O,SKU-1462,26,INVALID,Product C,Active
01-06-2025,Depot O,SKU-1463,41,INVALID,Product C,Active
01-06-2025,Depot O,SKU-1464,41,INVALID,Product C,Active
01-06-2025,Depot O,SKU-1424,22,INVALID,Product C,Not Active
01-06-2025,Depot O,SKU-1560,20,INVALID,Product C,Not Active
01-06-2025,Depot O,SKU-1639,10,INVALID,Product C,Active
01-06-2025,Depot O,SKU-1565,5,INVALID,Product C,Not Active
01-06-2025,Depot O,SKU-1567,26,INVALID,Product C,Not Active
01-06-2025,Depot O,SKU-1466,76,INVALID,Product C,Active
01-06-2025,Depot O,SKU-1468,80,INVALID,Product C,Active
01-06-2025,Depot O,SKU-1469,41,INVALID,Product C,Not Active
01-06-2025,Depot O,SKU-1470,41,INVALID,Product C,Not Active
01-06-2025,Depot O,SKU-1681,10,INVALID,Product C,Active
01-06-2025,Depot O,SKU-1706,20,INVALID,Product C,Active
01-06-2025,Depot O,SKU-1471,6000,INVALID,Product C,Active
01-06-2025,Depot O,SKU-1472,48,INVALID,Product C,Active
01-06-2025,Depot O,SKU-1473,41,INVALID,Product C,Active
01-06-2025,Depot O,SKU-1474,80,INVALID,Product C,Active
01-06-2025,Depot O,SKU-1475,20,INVALID,Product C,Not Active
01-06-2025,Depot O,SKU-1477,22,INVALID,Product C,Not Active
01-06-2025,Depot O,SKU-1761,23,INVALID,Product C,Not Active
01-06-2025,Depot O,SKU-1435,80,INVALID,Product C,Not Active
01-06-2025,Depot O,SKU-1642,487,INVALID,Product C,Not Active
01-06-2025,Depot O,SKU-1643,301,INVALID,Product C,Active
01-06-2025,Depot O,SKU-1644,45,INVALID,Product C,Not Active
01-06-2025,Depot O,SKU-1645,41,INVALID,Product C,Not Active
01-06-2025,Depot O,SKU-1646,94,INVALID,Product C,Not Active
01-06-2025,Depot O,SKU-1800,169,INVALID,Product C,Active
01-06-2025,Depot O,SKU-1647,30,INVALID,Product C,Not Active
01-06-2025,Depot O,SKU-1801,40,INVALID,Product C,Active
01-06-2025,Depot O,SKU-1480,76,INVALID,Product C,Active
01-06-2025,Depot O,SKU-1416,272,INVALID,Product C,Not Active
01-06-2025,Depot O,SKU-1426,128,INVALID,Product C,Not Active
01-06-2025,Depot O,SKU-1576,41,INVALID,Product C,Not Active
01-06-2025,Depot O,SKU-1578,41,INVALID,Product C,Active
01-06-2025,Depot O,SKU-1483,41,INVALID,Product C,Active
01-06-2025,Depot O,SKU-1582,10,INVALID,Product C,Active
01-06-2025,Depot O,SKU-1486,30,INVALID,Product C,Active
01-06-2025,Depot O,SKU-1487,41,INVALID,Product C,Active
01-06-2025,Depot O,SKU-1805,41,INVALID,Product C,Active
01-06-2025,Depot O,SKU-1583,41,INVALID,Product C,Active
01-06-2025,Depot O,SKU-1584,388,INVALID,Product C,Not Active
01-06-2025,Depot O,SKU-1684,71,INVALID,Product C,Active
01-06-2025,Depot O,SKU-1764,19,INVALID,Product C,Not Active
01-06-2025,Depot O,SKU-1652,75,INVALID,Product C,Not Active
01-06-2025,Depot O,SKU-1653,97,INVALID,Product C,Not Active
01-06-2025,Depot O,SKU-1654,119,INVALID,Product C,Active
01-06-2025,Depot O,SKU-1655,30,INVALID,Product C,Not Active
01-06-2025,Depot O,SKU-1765,20,INVALID,Product C,Not Active
01-06-2025,Depot O,SKU-1489,92,INVALID,Product C,Not Active
01-06-2025,Depot O,SKU-1492,41,INVALID,Product C,Active
01-06-2025,Depot O,SKU-1658,10,INVALID,Product C,Not Active
01-06-2025,Depot O,SKU-1493,80,INVALID,Product C,Active
01-06-2025,Depot O,SKU-1495,34,INVALID,Product C,Not Active
01-06-2025,Depot O,SKU-1659,10,INVALID,Product C,Not Active
01-06-2025,Depot O,SKU-1660,21,INVALID,Product C,Not Active
01-06-2025,Depot O,SKU-1598,64,INVALID,Product C,Not Active
01-06-2025,Depot O,SKU-1815,1,INVALID,Product C,Active
01-06-2025,Depot O,SKU-1498,162,INVALID,Product C,Active
01-06-2025,Depot O,SKU-1506,9,INVALID,Product C,Not Active
01-06-2025,Depot O,SKU-1605,60,INVALID,Product C,Not Active
01-06-2025,Depot O,SKU-1508,14,INVALID,Product C,Not Active
01-06-2025,Depot O,SKU-1609,10,INVALID,Product C,Not Active
01-06-2025,Depot O,SKU-1509,11,INVALID,Product C,Not Active
01-06-2025,Depot O,SKU-1511,122,INVALID,Product C,Active
01-06-2025,Depot O,SKU-1513,41,INVALID,Product C,Active
01-06-2025,Depot O,SKU-1514,41,INVALID,Product C,Active
01-06-2025,Depot O,SKU-1611,41,INVALID,Product C,Active
01-06-2025,Depot O,SKU-1516,41,INVALID,Product C,Active
01-06-2025,Depot O,SKU-1517,41,INVALID,Product C,Active
01-06-2025,Depot O,SKU-1716,41,INVALID,Product C,Active
01-06-2025,Depot O,SKU-1767,10,INVALID,Product C,Active
01-06-2025,Depot O,SKU-1812,10,INVALID,Product C,Active
01-06-2025,Depot O,SKU-1613,188,INVALID,Product C,Active
01-06-2025,Depot O,SKU-1614,163,INVALID,Product C,Active
01-06-2025,Depot O,SKU-1616,118,INVALID,Product C,Active
01-06-2025,Depot O,SKU-1518,116,INVALID,Product C,Active
01-06-2025,Depot O,SKU-1519,47,INVALID,Product C,Active
01-06-2025,Depot O,SKU-1520,16,INVALID,Product C,Active
01-06-2025,Depot O,SKU-1521,50,INVALID,Product C,Not Active
01-06-2025,Depot O,SKU-1522,31,INVALID,Product C,Not Active
01-06-2025,Depot O,SKU-1523,50,INVALID,Product C,Not Active
01-06-2025,Depot O,SKU-1524,51,INVALID,Product C,Not Active
01-06-2025,Depot O,SKU-1525,194,INVALID,Product C,Not Active
01-06-2025,Depot O,SKU-1625,86,INVALID,Product C,Active
01-06-2025,Depot O,SKU-1626,37,INVALID,Product C,Not Active
01-06-2025,Depot O,SKU-1526,3,INVALID,Product C,Active
01-06-2025,Depot O,SKU-1527,13,INVALID,Product C,Active
01-06-2025,Depot O,SKU-1528,488,INVALID,Product C,Not Active
01-06-2025,Depot O,SKU-1530,2237,INVALID,Product C,Active
01-06-2025,Depot O,SKU-1531,38,INVALID,Product C,Active
01-06-2025,Depot O,SKU-1678,40,INVALID,Product C,Active
01-06-2025,Depot P,SKU-1532,91,INVALID,Product C,Not Active
01-06-2025,Depot P,SKU-1816,2,INVALID,Product C,Active
01-06-2025,Depot P,SKU-1817,10,INVALID,Product C,Not Active
01-06-2025,Depot P,SKU-1788,10,INVALID,Product C,Not Active
01-06-2025,Depot P,SKU-1747,20,INVALID,Product C,Active
01-06-2025,Depot P,SKU-1535,19,INVALID,Product C,Active
01-06-2025,Depot P,SKU-1537,40,INVALID,Product C,Active
01-06-2025,Depot P,SKU-1538,18,INVALID,Product C,Active
01-06-2025,Depot P,SKU-1539,22,INVALID,Product C,Active
01-06-2025,Depot P,SKU-1753,10,INVALID,Product C,Not Active
01-06-2025,Depot P,SKU-1419,552,INVALID,Product C,Not Active
01-06-2025,Depot P,SKU-1420,475,INVALID,Product C,Not Active
01-06-2025,Depot P,SKU-1449,22,INVALID,Product C,Active
01-06-2025,Depot P,SKU-1540,51,INVALID,Product C,Not Active
01-06-2025,Depot P,SKU-1541,14,INVALID,Product C,Active
01-06-2025,Depot P,SKU-1542,51,INVALID,Product C,Not Active
01-06-2025,Depot P,SKU-1543,63,INVALID,Product C,Active
01-06-2025,Depot P,SKU-1632,101,INVALID,Product C,Not Active
01-06-2025,Depot P,SKU-1544,10,INVALID,Product C,Active
01-06-2025,Depot P,SKU-1453,51,INVALID,Product C,Not Active
01-06-2025,Depot P,SKU-1633,51,INVALID,Product C,Not Active
01-06-2025,Depot P,SKU-1545,47,INVALID,Product C,Active
01-06-2025,Depot P,SKU-1546,200,INVALID,Product C,Not Active
01-06-2025,Depot P,SKU-1547,10,INVALID,Product C,Active
01-06-2025,Depot P,SKU-1548,201,INVALID,Product C,Not Active
01-06-2025,Depot P,SKU-1549,30,INVALID,Product C,Active
01-06-2025,Depot P,SKU-1550,20,INVALID,Product C,Active
01-06-2025,Depot P,SKU-1551,40,INVALID,Product C,Active
01-06-2025,Depot P,SKU-1456,336,INVALID,Product C,Active
01-06-2025,Depot P,SKU-1457,41,INVALID,Product C,Active
01-06-2025,Depot P,SKU-1553,74,INVALID,Product C,Active
01-06-2025,Depot P,SKU-1458,408,INVALID,Product C,Active
01-06-2025,Depot P,SKU-1441,40,INVALID,Product C,Not Active
01-06-2025,Depot P,SKU-1442,58,INVALID,Product C,Not Active
01-06-2025,Depot P,SKU-1635,20,INVALID,Product C,Active
01-06-2025,Depot P,SKU-1694,20,INVALID,Product C,Active
01-06-2025,Depot P,SKU-1695,119,INVALID,Product C,Active
01-06-2025,Depot P,SKU-1459,7,INVALID,Product C,Not Active
01-06-2025,Depot P,SKU-1555,20,INVALID,Product C,Not Active
01-06-2025,Depot P,SKU-1460,24,INVALID,Product C,Active
01-06-2025,Depot P,SKU-1696,59,INVALID,Product C,Active
01-06-2025,Depot P,SKU-1732,10,INVALID,Product C,Not Active
01-06-2025,Depot P,SKU-1733,10,INVALID,Product C,Not Active
01-06-2025,Depot P,SKU-1776,41,INVALID,Product C,Active
01-06-2025,Depot P,SKU-1698,51,INVALID,Product C,Active
01-06-2025,Depot P,SKU-1699,101,INVALID,Product C,Active
01-06-2025,Depot P,SKU-1700,55,INVALID,Product C,Active
01-06-2025,Depot P,SKU-1701,75,INVALID,Product C,Active
01-06-2025,Depot P,SKU-1755,10,INVALID,Product C,Not Active
01-06-2025,Depot P,SKU-1814,55,INVALID,Product C,Not Active
01-06-2025,Depot P,SKU-1757,10,INVALID,Product C,Not Active
01-06-2025,Depot P,SKU-1734,39,INVALID,Product C,Not Active
01-06-2025,Depot P,SKU-1462,25,INVALID,Product C,Active
01-06-2025,Depot P,SKU-1727,1,INVALID,Product C,Active
01-06-2025,Depot P,SKU-1463,68,INVALID,Product C,Active
01-06-2025,Depot P,SKU-1464,31,INVALID,Product C,Active
01-06-2025,Depot P,SKU-1702,23,INVALID,Product C,Not Active
01-06-2025,Depot P,SKU-1638,10,INVALID,Product C,Active
01-06-2025,Depot P,SKU-1703,18,INVALID,Product C,Active
01-06-2025,Depot P,SKU-1792,26,INVALID,Product C,Not Active
01-06-2025,Depot P,SKU-1425,81,INVALID,Product C,Not Active
01-06-2025,Depot P,SKU-1443,28,INVALID,Product C,Not Active
01-06-2025,Depot P,SKU-1639,122,INVALID,Product C,Active
01-06-2025,Depot P,SKU-1759,43,INVALID,Product C,Active
01-06-2025,Depot P,SKU-1444,97,INVALID,Product C,Not Active
01-06-2025,Depot P,SKU-1728,58,INVALID,Product C,Not Active
01-06-2025,Depot P,SKU-1818,68,INVALID,Product C,Not Active
01-06-2025,Depot P,SKU-1563,19,INVALID,Product C,Active
01-06-2025,Depot P,SKU-1704,6,INVALID,Product C,Active
01-06-2025,Depot P,SKU-1564,22,INVALID,Product C,Not Active
01-06-2025,Depot P,SKU-1565,1,INVALID,Product C,Not Active
01-06-2025,Depot P,SKU-1640,10,INVALID,Product C,Not Active
01-06-2025,Depot P,SKU-1777,40,INVALID,Product C,Active
01-06-2025,Depot P,SKU-1567,1,INVALID,Product C,Not Active
01-06-2025,Depot P,SKU-1794,41,INVALID,Product C,Active
01-06-2025,Depot P,SKU-1795,10,INVALID,Product C,Not Active
01-06-2025,Depot P,SKU-1819,20,INVALID,Product C,Not Active
01-06-2025,Depot P,SKU-1796,94,INVALID,Product C,Active
01-06-2025,Depot P,SKU-1466,50,INVALID,Product C,Active
01-06-2025,Depot P,SKU-1468,40,INVALID,Product C,Active
01-06-2025,Depot P,SKU-1470,189,INVALID,Product C,Not Active
01-06-2025,Depot P,SKU-1681,10,INVALID,Product C,Active
01-06-2025,Depot P,SKU-1706,40,INVALID,Product C,Active
01-06-2025,Depot P,SKU-1471,75,INVALID,Product C,Active
01-06-2025,Depot P,SKU-1748,26,INVALID,Product C,Active
01-06-2025,Depot P,SKU-1472,121,INVALID,Product C,Active
01-06-2025,Depot P,SKU-1760,17,INVALID,Product C,Active
01-06-2025,Depot P,SKU-1473,8,INVALID,Product C,Active
01-06-2025,Depot P,SKU-1739,18,INVALID,Product C,Active
01-06-2025,Depot P,SKU-1474,28,INVALID,Product C,Active
01-06-2025,Depot P,SKU-1475,10,INVALID,Product C,Not Active
01-06-2025,Depot P,SKU-1682,10,INVALID,Product C,Active
01-06-2025,Depot P,SKU-1570,10,INVALID,Product C,Not Active
01-06-2025,Depot P,SKU-1477,22,INVALID,Product C,Not Active
01-06-2025,Depot P,SKU-1571,10,INVALID,Product C,Active
01-06-2025,Depot P,SKU-1799,50,INVALID,Product C,Not Active
01-06-2025,Depot P,SKU-1761,10,INVALID,Product C,Not Active
01-06-2025,Depot P,SKU-1729,10,INVALID,Product C,Not Active
01-06-2025,Depot P,SKU-1479,2,INVALID,Product C,Not Active
01-06-2025,Depot P,SKU-1573,12,INVALID,Product C,Active
01-06-2025,Depot P,SKU-1574,34,INVALID,Product C,Not Active
01-06-2025,Depot P,SKU-1445,76,INVALID,Product C,Not Active
01-06-2025,Depot P,SKU-1446,220,INVALID,Product C,Not Active
01-06-2025,Depot P,SKU-1642,20,INVALID,Product C,Not Active
01-06-2025,Depot P,SKU-1643,30,INVALID,Product C,Active
01-06-2025,Depot P,SKU-1644,20,INVALID,Product C,Not Active
01-06-2025,Depot P,SKU-1645,182,INVALID,Product C,Not Active
01-06-2025,Depot P,SKU-1763,51,INVALID,Product C,Active
01-06-2025,Depot P,SKU-1646,20,INVALID,Product C,Not Active
01-06-2025,Depot P,SKU-1800,131,INVALID,Product C,Active
01-06-2025,Depot P,SKU-1770,10,INVALID,Product C,Not Active
01-06-2025,Depot P,SKU-1647,30,INVALID,Product C,Not Active
01-06-2025,Depot P,SKU-1801,31,INVALID,Product C,Active
01-06-2025,Depot P,SKU-1480,571,INVALID,Product C,Active
01-06-2025,Depot P,SKU-1648,41,INVALID,Product C,Not Active
01-06-2025,Depot P,SKU-1820,4,INVALID,Product C,Not Active
01-06-2025,Depot P,SKU-1575,67,INVALID,Product C,Not Active
01-06-2025,Depot P,SKU-1576,56,INVALID,Product C,Not Active
01-06-2025,Depot P,SKU-1577,1,INVALID,Product C,Not Active
01-06-2025,Depot P,SKU-1432,124,INVALID,Product C,Not Active
01-06-2025,Depot P,SKU-1579,45,INVALID,Product C,Not Active
01-06-2025,Depot P,SKU-1580,76,INVALID,Product C,Not Active
01-06-2025,Depot P,SKU-1447,544,INVALID,Product C,Not Active
01-06-2025,Depot P,SKU-1650,17,INVALID,Product C,Not Active
01-06-2025,Depot P,SKU-1741,101,INVALID,Product C,Not Active
01-06-2025,Depot P,SKU-1484,20,INVALID,Product C,Active
01-06-2025,Depot P,SKU-1485,28,INVALID,Product C,Active
01-06-2025,Depot P,SKU-1581,20,INVALID,Product C,Not Active
01-06-2025,Depot P,SKU-1821,20,INVALID,Product C,Not Active
01-06-2025,Depot P,SKU-1822,22,INVALID,Product C,Not Active
01-06-2025,Depot P,SKU-1804,10,INVALID,Product C,Active
01-06-2025,Depot P,SKU-1582,10,INVALID,Product C,Active
01-06-2025,Depot P,SKU-1486,293,INVALID,Product C,Active
01-06-2025,Depot P,SKU-1487,54,INVALID,Product C,Active
01-06-2025,Depot P,SKU-1823,1,INVALID,Product C,Active
01-06-2025,Depot P,SKU-1805,185,INVALID,Product C,Active
01-06-2025,Depot P,SKU-1583,122,INVALID,Product C,Active
01-06-2025,Depot P,SKU-1584,52,INVALID,Product C,Not Active
01-06-2025,Depot P,SKU-1684,1,INVALID,Product C,Active
01-06-2025,Depot P,SKU-1764,12,INVALID,Product C,Not Active
01-06-2025,Depot P,SKU-1652,298,INVALID,Product C,Not Active
01-06-2025,Depot P,SKU-1806,30,INVALID,Product C,Active
01-06-2025,Depot P,SKU-1653,27,INVALID,Product C,Not Active
01-06-2025,Depot P,SKU-1654,29,INVALID,Product C,Active
01-06-2025,Depot P,SKU-1655,48,INVALID,Product C,Not Active
01-06-2025,Depot P,SKU-1765,20,INVALID,Product C,Not Active
01-06-2025,Depot P,SKU-1488,9,INVALID,Product C,Not Active
01-06-2025,Depot P,SKU-1489,38,INVALID,Product C,Not Active
01-06-2025,Depot P,SKU-1824,20,INVALID,Product C,Not Active
01-06-2025,Depot P,SKU-1711,19,INVALID,Product C,Not Active
01-06-2025,Depot P,SKU-1712,39,INVALID,Product C,Not Active
01-06-2025,Depot P,SKU-1490,153,INVALID,Product C,Not Active
01-06-2025,Depot P,SKU-1491,64,INVALID,Product C,Not Active
01-06-2025,Depot P,SKU-1586,5,INVALID,Product C,Not Active
01-06-2025,Depot P,SKU-1742,20,INVALID,Product C,Not Active
01-06-2025,Depot P,SKU-1825,499,INVALID,Product C,Not Active
01-06-2025,Depot P,SKU-1685,31,INVALID,Product C,Active
01-06-2025,Depot P,SKU-1808,93,INVALID,Product C,Not Active
01-06-2025,Depot P,SKU-1588,120,INVALID,Product C,Not Active
01-06-2025,Depot P,SKU-1589,60,INVALID,Product C,Not Active
01-06-2025,Depot P,SKU-1657,19,INVALID,Product C,Active
01-06-2025,Depot P,SKU-1492,14,INVALID,Product C,Active
01-06-2025,Depot P,SKU-1429,30,INVALID,Product C,Not Active
01-06-2025,Depot P,SKU-1434,68,INVALID,Product C,Not Active
01-06-2025,Depot P,SKU-1780,30,INVALID,Product C,Active
01-06-2025,Depot P,SKU-1658,20,INVALID,Product C,Not Active
01-06-2025,Depot P,SKU-1493,44,INVALID,Product C,Active
01-06-2025,Depot P,SKU-1494,20,INVALID,Product C,Not Active
01-06-2025,Depot P,SKU-1591,18,INVALID,Product C,Not Active
01-06-2025,Depot P,SKU-1592,10,INVALID,Product C,Not Active
01-06-2025,Depot P,SKU-1781,10,INVALID,Product C,Active
01-06-2025,Depot P,SKU-1686,20,INVALID,Product C,Not Active
01-06-2025,Depot P,SKU-1809,14,INVALID,Product C,Not Active
01-06-2025,Depot P,SKU-1744,67,INVALID,Product C,Active
01-06-2025,Depot P,SKU-1596,37,INVALID,Product C,Not Active
01-06-2025,Depot P,SKU-1597,20,INVALID,Product C,Not Active
01-06-2025,Depot P,SKU-1495,10,INVALID,Product C,Not Active
01-06-2025,Depot P,SKU-1659,10,INVALID,Product C,Not Active
01-06-2025,Depot P,SKU-1660,46,INVALID,Product C,Not Active
01-06-2025,Depot P,SKU-1598,11,INVALID,Product C,Not Active
01-06-2025,Depot P,SKU-1661,10,INVALID,Product C,Not Active
01-06-2025,Depot P,SKU-1496,20,INVALID,Product C,Not Active
01-06-2025,Depot P,SKU-1497,18,INVALID,Product C,Not Active
01-06-2025,Depot P,SKU-1599,20,INVALID,Product C,Not Active
01-06-2025,Depot P,SKU-1663,142,INVALID,Product C,Not Active
01-06-2025,Depot P,SKU-1811,416,INVALID,Product C,Not Active
01-06-2025,Depot P,SKU-1826,21,INVALID,Product C,Not Active
01-06-2025,Depot P,SKU-1687,8,INVALID,Product C,Not Active
01-06-2025,Depot P,SKU-1827,10,INVALID,Product C,Not Active
01-06-2025,Depot P,SKU-1498,27,INVALID,Product C,Active
01-06-2025,Depot P,SKU-1502,5,INVALID,Product C,Not Active
01-06-2025,Depot P,SKU-1503,10,INVALID,Product C,Not Active
01-06-2025,Depot P,SKU-1504,5,INVALID,Product C,Not Active
01-06-2025,Depot P,SKU-1783,5,INVALID,Product C,Not Active
01-06-2025,Depot P,SKU-1505,124,INVALID,Product C,Not Active
01-06-2025,Depot P,SKU-1506,9,INVALID,Product C,Not Active
01-06-2025,Depot P,SKU-1667,20,INVALID,Product C,Not Active
01-06-2025,Depot P,SKU-1689,31,INVALID,Product C,Not Active
01-06-2025,Depot P,SKU-1668,35,INVALID,Product C,Not Active
01-06-2025,Depot P,SKU-1828,30,INVALID,Product C,Not Active
01-06-2025,Depot P,SKU-1750,1,INVALID,Product C,Not Active
01-06-2025,Depot P,SKU-1604,2,INVALID,Product C,Not Active
01-06-2025,Depot P,SKU-1605,4,INVALID,Product C,Not Active
01-06-2025,Depot P,SKU-1507,124,INVALID,Product C,Not Active
01-06-2025,Depot P,SKU-1508,186,INVALID,Product C,Not Active
01-06-2025,Depot P,SKU-1669,12,INVALID,Product C,Not Active
01-06-2025,Depot P,SKU-1829,51,INVALID,Product C,Not Active
01-06-2025,Depot P,SKU-1608,984,INVALID,Product C,Not Active
01-06-2025,Depot P,SKU-1609,3,INVALID,Product C,Not Active
01-06-2025,Depot P,SKU-1830,22,INVALID,Product C,Not Active
01-06-2025,Depot P,SKU-1431,463,INVALID,Product C,Not Active
01-06-2025,Depot P,SKU-1509,5,INVALID,Product C,Not Active
01-06-2025,Depot P,SKU-1670,10,INVALID,Product C,Not Active
01-06-2025,Depot P,SKU-1672,49,INVALID,Product C,Not Active
01-06-2025,Depot P,SKU-1691,101,INVALID,Product C,Not Active
01-06-2025,Depot P,SKU-1831,1,INVALID,Product C,Not Active
01-06-2025,Depot P,SKU-1511,59,INVALID,Product C,Active
01-06-2025,Depot P,SKU-1513,41,INVALID,Product C,Active
01-06-2025,Depot P,SKU-1514,41,INVALID,Product C,Active
01-06-2025,Depot P,SKU-1611,122,INVALID,Product C,Active
01-06-2025,Depot P,SKU-1673,20,INVALID,Product C,Active
01-06-2025,Depot P,SKU-1517,41,INVALID,Product C,Active
01-06-2025,Depot P,SKU-1812,1,INVALID,Product C,Active
01-06-2025,Depot P,SKU-1613,17,INVALID,Product C,Active
01-06-2025,Depot P,SKU-1614,91,INVALID,Product C,Active
01-06-2025,Depot P,SKU-1615,74,INVALID,Product C,Active
01-06-2025,Depot P,SKU-1616,75,INVALID,Product C,Active
01-06-2025,Depot P,SKU-1518,45,INVALID,Product C,Active
01-06-2025,Depot P,SKU-1519,246,INVALID,Product C,Active
01-06-2025,Depot P,SKU-1520,111,INVALID,Product C,Active
01-06-2025,Depot P,SKU-1617,325,INVALID,Product C,Active
01-06-2025,Depot P,SKU-1618,100,INVALID,Product C,Active
01-06-2025,Depot P,SKU-1719,117,INVALID,Product C,Active
01-06-2025,Depot P,SKU-1721,111,INVALID,Product C,Active
01-06-2025,Depot P,SKU-1722,261,INVALID,Product C,Active
01-06-2025,Depot P,SKU-1723,189,INVALID,Product C,Active
01-06-2025,Depot P,SKU-1521,58,INVALID,Product C,Not Active
01-06-2025,Depot P,SKU-1522,87,INVALID,Product C,Not Active
01-06-2025,Depot P,SKU-1523,75,INVALID,Product C,Not Active
01-06-2025,Depot P,SKU-1524,42,INVALID,Product C,Not Active
01-06-2025,Depot P,SKU-1525,193,INVALID,Product C,Not Active
01-06-2025,Depot P,SKU-1832,5093,INVALID,Product C,Not Active
01-06-2025,Depot P,SKU-1833,30,INVALID,Product C,Not Active
01-06-2025,Depot P,SKU-1726,3,INVALID,Product C,Not Active
01-06-2025,Depot P,SKU-1620,167,INVALID,Product C,Not Active
01-06-2025,Depot P,SKU-1622,31,INVALID,Product C,Not Active
01-06-2025,Depot P,SKU-1623,39,INVALID,Product C,Not Active
01-06-2025,Depot P,SKU-1624,13,INVALID,Product C,Not Active
01-06-2025,Depot P,SKU-1745,8,INVALID,Product C,Not Active
01-06-2025,Depot P,SKU-1625,1172,INVALID,Product C,Active
01-06-2025,Depot P,SKU-1626,31,INVALID,Product C,Not Active
01-06-2025,Depot P,SKU-1674,10,INVALID,Product C,Active
01-06-2025,Depot P,SKU-1526,21,INVALID,Product C,Active
01-06-2025,Depot P,SKU-1527,11,INVALID,Product C,Active
01-06-2025,Depot P,SKU-1675,427,INVALID,Product C,Active
01-06-2025,Depot P,SKU-1528,124,INVALID,Product C,Not Active
01-06-2025,Depot P,SKU-1529,3968,INVALID,Product C,Not Active
01-06-2025,Depot P,SKU-1677,1030,INVALID,Product C,Active
01-06-2025,Depot P,SKU-1530,718,INVALID,Product C,Active
01-06-2025,Depot P,SKU-1531,34,INVALID,Product C,Active
01-06-2025,Depot P,SKU-1678,20,INVALID,Product C,Active
01-06-2025,Depot P,SKU-1630,200,INVALID,Product C,Not Active
01-06-2025,Depot Q,SKU-1532,650,INVALID,Product C,Not Active
01-06-2025,Depot Q,SKU-1533,1183,INVALID,Product C,Not Active
01-06-2025,Depot Q,SKU-1816,6,INVALID,Product C,Active
01-06-2025,Depot Q,SKU-1788,51,INVALID,Product C,Not Active
01-06-2025,Depot Q,SKU-1631,10,INVALID,Product C,Not Active
01-06-2025,Depot Q,SKU-1535,20,INVALID,Product C,Active
01-06-2025,Depot Q,SKU-1537,38,INVALID,Product C,Active
01-06-2025,Depot Q,SKU-1538,20,INVALID,Product C,Active
01-06-2025,Depot Q,SKU-1539,20,INVALID,Product C,Active
01-06-2025,Depot Q,SKU-1753,21,INVALID,Product C,Not Active
01-06-2025,Depot Q,SKU-1774,20,INVALID,Product C,Not Active
01-06-2025,Depot Q,SKU-1449,136,INVALID,Product C,Active
01-06-2025,Depot Q,SKU-1450,51,INVALID,Product C,Not Active
01-06-2025,Depot Q,SKU-1540,51,INVALID,Product C,Not Active
01-06-2025,Depot Q,SKU-1541,2226,INVALID,Product C,Active
01-06-2025,Depot Q,SKU-1542,100,INVALID,Product C,Not Active
01-06-2025,Depot Q,SKU-1543,302,INVALID,Product C,Active
01-06-2025,Depot Q,SKU-1452,51,INVALID,Product C,Not Active
01-06-2025,Depot Q,SKU-1632,51,INVALID,Product C,Not Active
01-06-2025,Depot Q,SKU-1544,328,INVALID,Product C,Active
01-06-2025,Depot Q,SKU-1453,139,INVALID,Product C,Not Active
01-06-2025,Depot Q,SKU-1633,28,INVALID,Product C,Not Active
01-06-2025,Depot Q,SKU-1545,85,INVALID,Product C,Active
01-06-2025,Depot Q,SKU-1454,51,INVALID,Product C,Not Active
01-06-2025,Depot Q,SKU-1546,51,INVALID,Product C,Not Active
01-06-2025,Depot Q,SKU-1547,63,INVALID,Product C,Active
01-06-2025,Depot Q,SKU-1455,51,INVALID,Product C,Not Active
01-06-2025,Depot Q,SKU-1548,55,INVALID,Product C,Not Active
01-06-2025,Depot Q,SKU-1549,52,INVALID,Product C,Active
01-06-2025,Depot Q,SKU-1550,66,INVALID,Product C,Active
01-06-2025,Depot Q,SKU-1834,30,INVALID,Product C,Not Active
01-06-2025,Depot Q,SKU-1551,5,INVALID,Product C,Active
01-06-2025,Depot Q,SKU-1456,362,INVALID,Product C,Active
01-06-2025,Depot Q,SKU-1835,10,INVALID,Product C,Not Active
01-06-2025,Depot Q,SKU-1457,4196,INVALID,Product C,Active
01-06-2025,Depot Q,SKU-1775,73,INVALID,Product C,Active
01-06-2025,Depot Q,SKU-1836,406,INVALID,Product C,Not Active
01-06-2025,Depot Q,SKU-1553,965,INVALID,Product C,Active
01-06-2025,Depot Q,SKU-1837,10,INVALID,Product C,Active
01-06-2025,Depot Q,SKU-1838,51,INVALID,Product C,Not Active
01-06-2025,Depot Q,SKU-1839,10,INVALID,Product C,Not Active
01-06-2025,Depot Q,SKU-1840,91,INVALID,Product C,Not Active
01-06-2025,Depot Q,SKU-1458,271,INVALID,Product C,Active
01-06-2025,Depot Q,SKU-1635,13,INVALID,Product C,Active
01-06-2025,Depot Q,SKU-1694,20,INVALID,Product C,Active
01-06-2025,Depot Q,SKU-1554,108,INVALID,Product C,Active
01-06-2025,Depot Q,SKU-1459,14,INVALID,Product C,Not Active
01-06-2025,Depot Q,SKU-1555,9,INVALID,Product C,Not Active
01-06-2025,Depot Q,SKU-1460,66,INVALID,Product C,Active
01-06-2025,Depot Q,SKU-1696,28,INVALID,Product C,Active
01-06-2025,Depot Q,SKU-1732,12,INVALID,Product C,Not Active
01-06-2025,Depot Q,SKU-1733,23,INVALID,Product C,Not Active
01-06-2025,Depot Q,SKU-1556,23,INVALID,Product C,Active
01-06-2025,Depot Q,SKU-1776,47,INVALID,Product C,Active
01-06-2025,Depot Q,SKU-1734,20,INVALID,Product C,Not Active
01-06-2025,Depot Q,SKU-1462,96,INVALID,Product C,Active
01-06-2025,Depot Q,SKU-1463,167,INVALID,Product C,Active
01-06-2025,Depot Q,SKU-1464,75,INVALID,Product C,Active
01-06-2025,Depot Q,SKU-1559,126,INVALID,Product C,Not Active
01-06-2025,Depot Q,SKU-1702,41,INVALID,Product C,Not Active
01-06-2025,Depot Q,SKU-1841,9,INVALID,Product C,Not Active
01-06-2025,Depot Q,SKU-1638,303,INVALID,Product C,Active
01-06-2025,Depot Q,SKU-1560,70,INVALID,Product C,Not Active
01-06-2025,Depot Q,SKU-1703,5,INVALID,Product C,Active
01-06-2025,Depot Q,SKU-1792,23,INVALID,Product C,Not Active
01-06-2025,Depot Q,SKU-1562,68,INVALID,Product C,Not Active
01-06-2025,Depot Q,SKU-1639,4,INVALID,Product C,Active
01-06-2025,Depot Q,SKU-1680,8,INVALID,Product C,Not Active
01-06-2025,Depot Q,SKU-1759,87,INVALID,Product C,Active
01-06-2025,Depot Q,SKU-1728,62,INVALID,Product C,Not Active
01-06-2025,Depot Q,SKU-1735,283,INVALID,Product C,Not Active
01-06-2025,Depot Q,SKU-1818,24,INVALID,Product C,Not Active
01-06-2025,Depot Q,SKU-1842,30,INVALID,Product C,Not Active
01-06-2025,Depot Q,SKU-1563,40,INVALID,Product C,Active
01-06-2025,Depot Q,SKU-1704,135,INVALID,Product C,Active
01-06-2025,Depot Q,SKU-1736,33,INVALID,Product C,Not Active
01-06-2025,Depot Q,SKU-1737,40,INVALID,Product C,Not Active
01-06-2025,Depot Q,SKU-1738,19,INVALID,Product C,Not Active
01-06-2025,Depot Q,SKU-1465,39,INVALID,Product C,Not Active
01-06-2025,Depot Q,SKU-1564,41,INVALID,Product C,Not Active
01-06-2025,Depot Q,SKU-1565,20,INVALID,Product C,Not Active
01-06-2025,Depot Q,SKU-1566,20,INVALID,Product C,Not Active
01-06-2025,Depot Q,SKU-1777,42,INVALID,Product C,Active
01-06-2025,Depot Q,SKU-1567,27,INVALID,Product C,Not Active
01-06-2025,Depot Q,SKU-1819,20,INVALID,Product C,Not Active
01-06-2025,Depot Q,SKU-1466,2008,INVALID,Product C,Active
01-06-2025,Depot Q,SKU-1467,13,INVALID,Product C,Not Active
01-06-2025,Depot Q,SKU-1468,73,INVALID,Product C,Active
01-06-2025,Depot Q,SKU-1843,10,INVALID,Product C,Not Active
01-06-2025,Depot Q,SKU-1470,73,INVALID,Product C,Not Active
01-06-2025,Depot Q,SKU-1844,3,INVALID,Product C,Active
01-06-2025,Depot Q,SKU-1681,23,INVALID,Product C,Active
01-06-2025,Depot Q,SKU-1706,19,INVALID,Product C,Active
01-06-2025,Depot Q,SKU-1707,20,INVALID,Product C,Not Active
01-06-2025,Depot Q,SKU-1471,18551,INVALID,Product C,Active
01-06-2025,Depot Q,SKU-1472,121,INVALID,Product C,Active
01-06-2025,Depot Q,SKU-1760,15,INVALID,Product C,Active
01-06-2025,Depot Q,SKU-1473,21,INVALID,Product C,Active
01-06-2025,Depot Q,SKU-1739,73,INVALID,Product C,Active
01-06-2025,Depot Q,SKU-1474,27,INVALID,Product C,Active
01-06-2025,Depot Q,SKU-1475,61,INVALID,Product C,Not Active
01-06-2025,Depot Q,SKU-1708,16,INVALID,Product C,Active
01-06-2025,Depot Q,SKU-1477,27,INVALID,Product C,Not Active
01-06-2025,Depot Q,SKU-1761,3,INVALID,Product C,Not Active
01-06-2025,Depot Q,SKU-1641,1,INVALID,Product C,Active
01-06-2025,Depot Q,SKU-1729,41,INVALID,Product C,Not Active
01-06-2025,Depot Q,SKU-1479,28,INVALID,Product C,Not Active
01-06-2025,Depot Q,SKU-1573,6,INVALID,Product C,Active
01-06-2025,Depot Q,SKU-1574,20,INVALID,Product C,Not Active
01-06-2025,Depot Q,SKU-1683,18,INVALID,Product C,Not Active
01-06-2025,Depot Q,SKU-1762,10,INVALID,Product C,Not Active
01-06-2025,Depot Q,SKU-1845,186,INVALID,Product C,Not Active
01-06-2025,Depot Q,SKU-1846,44,INVALID,Product C,Not Active
01-06-2025,Depot Q,SKU-1642,28,INVALID,Product C,Not Active
01-06-2025,Depot Q,SKU-1643,141,INVALID,Product C,Active
01-06-2025,Depot Q,SKU-1644,9,INVALID,Product C,Not Active
01-06-2025,Depot Q,SKU-1645,30,INVALID,Product C,Not Active
01-06-2025,Depot Q,SKU-1763,91,INVALID,Product C,Active
01-06-2025,Depot Q,SKU-1646,22,INVALID,Product C,Not Active
01-06-2025,Depot Q,SKU-1647,30,INVALID,Product C,Not Active
01-06-2025,Depot Q,SKU-1480,142,INVALID,Product C,Active
01-06-2025,Depot Q,SKU-1648,25,INVALID,Product C,Not Active
01-06-2025,Depot Q,SKU-1847,282,INVALID,Product C,Not Active
01-06-2025,Depot Q,SKU-1481,10,INVALID,Product C,Not Active
01-06-2025,Depot Q,SKU-1576,389,INVALID,Product C,Not Active
01-06-2025,Depot Q,SKU-1577,10,INVALID,Product C,Not Active
01-06-2025,Depot Q,SKU-1578,50,INVALID,Product C,Active
01-06-2025,Depot Q,SKU-1579,156,INVALID,Product C,Not Active
01-06-2025,Depot Q,SKU-1580,13,INVALID,Product C,Not Active
01-06-2025,Depot Q,SKU-1482,67,INVALID,Product C,Active
01-06-2025,Depot Q,SKU-1650,109,INVALID,Product C,Not Active
01-06-2025,Depot Q,SKU-1741,51,INVALID,Product C,Not Active
01-06-2025,Depot Q,SKU-1848,95,INVALID,Product C,Not Active
01-06-2025,Depot Q,SKU-1849,51,INVALID,Product C,Not Active
01-06-2025,Depot Q,SKU-1803,21,INVALID,Product C,Not Active
01-06-2025,Depot Q,SKU-1484,43,INVALID,Product C,Active
01-06-2025,Depot Q,SKU-1485,30,INVALID,Product C,Active
01-06-2025,Depot Q,SKU-1581,142,INVALID,Product C,Not Active
01-06-2025,Depot Q,SKU-1582,18,INVALID,Product C,Active
01-06-2025,Depot Q,SKU-1651,20,INVALID,Product C,Active
01-06-2025,Depot Q,SKU-1486,88,INVALID,Product C,Active
01-06-2025,Depot Q,SKU-1487,66,INVALID,Product C,Active
01-06-2025,Depot Q,SKU-1584,29,INVALID,Product C,Not Active
01-06-2025,Depot Q,SKU-1652,19,INVALID,Product C,Not Active
01-06-2025,Depot Q,SKU-1653,21,INVALID,Product C,Not Active
01-06-2025,Depot Q,SKU-1655,10,INVALID,Product C,Not Active
01-06-2025,Depot Q,SKU-1489,7,INVALID,Product C,Not Active
01-06-2025,Depot Q,SKU-1713,10,INVALID,Product C,Active
01-06-2025,Depot Q,SKU-1490,68,INVALID,Product C,Not Active
01-06-2025,Depot Q,SKU-1491,9,INVALID,Product C,Not Active
01-06-2025,Depot Q,SKU-1779,4,INVALID,Product C,Active
01-06-2025,Depot Q,SKU-1586,626,INVALID,Product C,Not Active
01-06-2025,Depot Q,SKU-1742,50,INVALID,Product C,Not Active
01-06-2025,Depot Q,SKU-1825,9,INVALID,Product C,Not Active
01-06-2025,Depot Q,SKU-1685,99,INVALID,Product C,Active
01-06-2025,Depot Q,SKU-1808,26,INVALID,Product C,Not Active
01-06-2025,Depot Q,SKU-1588,78,INVALID,Product C,Not Active
01-06-2025,Depot Q,SKU-1589,75,INVALID,Product C,Not Active
01-06-2025,Depot Q,SKU-1850,19,INVALID,Product C,Not Active
01-06-2025,Depot Q,SKU-1492,44,INVALID,Product C,Active
01-06-2025,Depot Q,SKU-1780,101,INVALID,Product C,Active
01-06-2025,Depot Q,SKU-1658,41,INVALID,Product C,Not Active
01-06-2025,Depot Q,SKU-1493,20,INVALID,Product C,Active
01-06-2025,Depot Q,SKU-1591,34,INVALID,Product C,Not Active
01-06-2025,Depot Q,SKU-1781,1,INVALID,Product C,Active
01-06-2025,Depot Q,SKU-1686,59,INVALID,Product C,Not Active
01-06-2025,Depot Q,SKU-1744,4,INVALID,Product C,Active
01-06-2025,Depot Q,SKU-1596,24,INVALID,Product C,Not Active
01-06-2025,Depot Q,SKU-1597,26,INVALID,Product C,Not Active
01-06-2025,Depot Q,SKU-1495,31,INVALID,Product C,Not Active
01-06-2025,Depot Q,SKU-1659,11,INVALID,Product C,Not Active
01-06-2025,Depot Q,SKU-1660,99,INVALID,Product C,Not Active
01-06-2025,Depot Q,SKU-1496,12,INVALID,Product C,Not Active
01-06-2025,Depot Q,SKU-1497,2,INVALID,Product C,Not Active
01-06-2025,Depot Q,SKU-1782,10,INVALID,Product C,Not Active
01-06-2025,Depot Q,SKU-1599,41,INVALID,Product C,Not Active
01-06-2025,Depot Q,SKU-1600,10,INVALID,Product C,Not Active
01-06-2025,Depot Q,SKU-1731,17,INVALID,Product C,Not Active
01-06-2025,Depot Q,SKU-1663,14,INVALID,Product C,Not Active
01-06-2025,Depot Q,SKU-1811,34,INVALID,Product C,Not Active
01-06-2025,Depot Q,SKU-1851,46,INVALID,Product C,Not Active
01-06-2025,Depot Q,SKU-1852,20,INVALID,Product C,Active
01-06-2025,Depot Q,SKU-1826,20,INVALID,Product C,Not Active
01-06-2025,Depot Q,SKU-1853,16,INVALID,Product C,Not Active
01-06-2025,Depot Q,SKU-1687,13,INVALID,Product C,Not Active
01-06-2025,Depot Q,SKU-1827,20,INVALID,Product C,Not Active
01-06-2025,Depot Q,SKU-1854,20,INVALID,Product C,Not Active
01-06-2025,Depot Q,SKU-1855,1,INVALID,Product C,Not Active
01-06-2025,Depot Q,SKU-1602,325,INVALID,Product C,Active
01-06-2025,Depot Q,SKU-1498,12,INVALID,Product C,Active
01-06-2025,Depot Q,SKU-1856,41,INVALID,Product C,Not Active
01-06-2025,Depot Q,SKU-1688,46,INVALID,Product C,Not Active
01-06-2025,Depot Q,SKU-1499,9,INVALID,Product C,Not Active
01-06-2025,Depot Q,SKU-1771,51,INVALID,Product C,Not Active
01-06-2025,Depot Q,SKU-1500,47,INVALID,Product C,Not Active
01-06-2025,Depot Q,SKU-1501,30,INVALID,Product C,Not Active
01-06-2025,Depot Q,SKU-1502,37,INVALID,Product C,Not Active
01-06-2025,Depot Q,SKU-1715,76,INVALID,Product C,Not Active
01-06-2025,Depot Q,SKU-1504,11,INVALID,Product C,Not Active
01-06-2025,Depot Q,SKU-1783,10,INVALID,Product C,Not Active
01-06-2025,Depot Q,SKU-1505,9,INVALID,Product C,Not Active
01-06-2025,Depot Q,SKU-1506,86,INVALID,Product C,Not Active
01-06-2025,Depot Q,SKU-1689,23,INVALID,Product C,Not Active
01-06-2025,Depot Q,SKU-1857,2,INVALID,Product C,Not Active
01-06-2025,Depot Q,SKU-1750,14,INVALID,Product C,Not Active
01-06-2025,Depot Q,SKU-1604,15,INVALID,Product C,Not Active
01-06-2025,Depot Q,SKU-1605,9,INVALID,Product C,Not Active
01-06-2025,Depot Q,SKU-1507,51,INVALID,Product C,Not Active
01-06-2025,Depot Q,SKU-1858,60,INVALID,Product C,Not Active
01-06-2025,Depot Q,SKU-1508,8,INVALID,Product C,Not Active
01-06-2025,Depot Q,SKU-1606,17,INVALID,Product C,Not Active
01-06-2025,Depot Q,SKU-1608,222,INVALID,Product C,Not Active
01-06-2025,Depot Q,SKU-1609,1,INVALID,Product C,Not Active
01-06-2025,Depot Q,SKU-1830,244,INVALID,Product C,Not Active
01-06-2025,Depot Q,SKU-1509,6,INVALID,Product C,Not Active
01-06-2025,Depot Q,SKU-1610,10,INVALID,Product C,Not Active
01-06-2025,Depot Q,SKU-1670,6,INVALID,Product C,Not Active
01-06-2025,Depot Q,SKU-1671,7,INVALID,Product C,Not Active
01-06-2025,Depot Q,SKU-1730,2,INVALID,Product C,Not Active
01-06-2025,Depot Q,SKU-1772,20,INVALID,Product C,Not Active
01-06-2025,Depot Q,SKU-1511,811,INVALID,Product C,Active
01-06-2025,Depot Q,SKU-1512,319,INVALID,Product C,Active
01-06-2025,Depot Q,SKU-1513,40,INVALID,Product C,Active
01-06-2025,Depot Q,SKU-1514,122,INVALID,Product C,Active
01-06-2025,Depot Q,SKU-1859,41,INVALID,Product C,Active
01-06-2025,Depot Q,SKU-1716,13,INVALID,Product C,Active
01-06-2025,Depot Q,SKU-1767,49,INVALID,Product C,Active
01-06-2025,Depot Q,SKU-1812,12,INVALID,Product C,Active
01-06-2025,Depot Q,SKU-1860,2,INVALID,Product C,Not Active
01-06-2025,Depot Q,SKU-1718,10,INVALID,Product C,Active
01-06-2025,Depot Q,SKU-1785,10,INVALID,Product C,Active
01-06-2025,Depot Q,SKU-1612,7,INVALID,Product C,Not Active
01-06-2025,Depot Q,SKU-1613,246,INVALID,Product C,Active
01-06-2025,Depot Q,SKU-1614,439,INVALID,Product C,Active
01-06-2025,Depot Q,SKU-1615,102,INVALID,Product C,Active
01-06-2025,Depot Q,SKU-1616,4,INVALID,Product C,Active
01-06-2025,Depot Q,SKU-1518,18,INVALID,Product C,Active
01-06-2025,Depot Q,SKU-1519,21,INVALID,Product C,Active
01-06-2025,Depot Q,SKU-1520,49,INVALID,Product C,Active
01-06-2025,Depot Q,SKU-1617,5081,INVALID,Product C,Active
01-06-2025,Depot Q,SKU-1618,476,INVALID,Product C,Active
01-06-2025,Depot Q,SKU-1719,116,INVALID,Product C,Active
01-06-2025,Depot Q,SKU-1720,281,INVALID,Product C,Active
01-06-2025,Depot Q,SKU-1721,73,INVALID,Product C,Active
01-06-2025,Depot Q,SKU-1722,100,INVALID,Product C,Active
01-06-2025,Depot Q,SKU-1723,41,INVALID,Product C,Active
01-06-2025,Depot Q,SKU-1521,27,INVALID,Product C,Not Active
01-06-2025,Depot Q,SKU-1522,90,INVALID,Product C,Not Active
01-06-2025,Depot Q,SKU-1861,41,INVALID,Product C,Not Active
01-06-2025,Depot Q,SKU-1523,109,INVALID,Product C,Not Active
01-06-2025,Depot Q,SKU-1524,88,INVALID,Product C,Not Active
01-06-2025,Depot Q,SKU-1525,181,INVALID,Product C,Not Active
01-06-2025,Depot Q,SKU-1619,20,INVALID,Product C,Not Active
01-06-2025,Depot Q,SKU-1621,30,INVALID,Product C,Not Active
01-06-2025,Depot Q,SKU-1622,33,INVALID,Product C,Not Active
01-06-2025,Depot Q,SKU-1623,41,INVALID,Product C,Not Active
01-06-2025,Depot Q,SKU-1624,5,INVALID,Product C,Not Active
01-06-2025,Depot Q,SKU-1625,13,INVALID,Product C,Active
01-06-2025,Depot Q,SKU-1626,9,INVALID,Product C,Not Active
01-06-2025,Depot Q,SKU-1526,59,INVALID,Product C,Active
01-06-2025,Depot Q,SKU-1527,39,INVALID,Product C,Active
01-06-2025,Depot Q,SKU-1675,38,INVALID,Product C,Active
01-06-2025,Depot Q,SKU-1528,63,INVALID,Product C,Not Active
01-06-2025,Depot Q,SKU-1628,62,INVALID,Product C,Not Active
01-06-2025,Depot Q,SKU-1862,24,INVALID,Product C,Not Active
01-06-2025,Depot Q,SKU-1529,1108,INVALID,Product C,Not Active
01-06-2025,Depot Q,SKU-1676,70,INVALID,Product C,Active
01-06-2025,Depot Q,SKU-1677,90,INVALID,Product C,Active
01-06-2025,Depot Q,SKU-1629,44,INVALID,Product C,Not Active
01-06-2025,Depot Q,SKU-1530,28,INVALID,Product C,Active
01-06-2025,Depot Q,SKU-1531,16,INVALID,Product C,Active
01-06-2025,Depot Q,SKU-1678,29,INVALID,Product C,Active
01-06-2025,Depot Q,SKU-1863,61,INVALID,Product C,Not Active
01-06-2025,Depot A,SKU-1864,1672,Valid,Product D,Active
01-06-2025,Depot A,SKU-1865,854,Valid,Product D,Active
01-06-2025,Depot A,SKU-1866,1086,Valid,Product D,Active
01-06-2025,Depot A,SKU-1867,233,Valid,Product D,Active
01-06-2025,Depot B,SKU-1864,465,Valid,Product D,Active
01-06-2025,Depot B,SKU-1865,302,Valid,Product D,Active
01-06-2025,Depot B,SKU-1868,83,Valid,Product D,Active
01-06-2025,Depot B,SKU-1869,91,Valid,Product D,Active
01-06-2025,Depot B,SKU-1870,90,Valid,Product D,Active
01-06-2025,Depot B,SKU-1871,102,Valid,Product D,Active
01-06-2025,Depot B,SKU-1872,3,Valid,Product D,Active
01-06-2025,Depot B,SKU-1873,30,Valid,Product D,Active
01-06-2025,Depot B,SKU-1874,37,Valid,Product D,Active
01-06-2025,Depot B,SKU-1875,426,Valid,Product D,Active
01-06-2025,Depot B,SKU-1876,3847,Valid,Product D,Active
01-06-2025,Depot B,SKU-1877,1201,Valid,Product D,Active
01-06-2025,Depot B,SKU-1878,918,Valid,Product D,Active
01-06-2025,Depot B,SKU-1879,16,Valid,Product D,Active
01-06-2025,Depot B,SKU-1880,334,Valid,Product D,Active
01-06-2025,Depot B,SKU-1881,133,Valid,Product D,Active
01-06-2025,Depot B,SKU-1882,13,Valid,Product D,Active
01-06-2025,Depot B,SKU-1883,179,Valid,Product D,Active
01-06-2025,Depot B,SKU-1884,854,Valid,Product D,Active
01-06-2025,Depot B,SKU-1885,35,Valid,Product D,Active
01-06-2025,Depot C,SKU-1870,36,Valid,Product D,Active
01-06-2025,Depot C,SKU-1874,345,Valid,Product D,Active
01-06-2025,Depot C,SKU-1886,3,Valid,Product D,Active
01-06-2025,Depot D,SKU-1887,660,Valid,Product D,Active
01-06-2025,Depot D,SKU-1864,7290,Valid,Product D,Active
01-06-2025,Depot D,SKU-1865,5621,Valid,Product D,Active
01-06-2025,Depot D,SKU-1888,1158,Valid,Product D,Active
01-06-2025,Depot D,SKU-1889,1187,Valid,Product D,Active
01-06-2025,Depot D,SKU-1866,83,Valid,Product D,Active
01-06-2025,Depot D,SKU-1869,397,Valid,Product D,Active
01-06-2025,Depot D,SKU-1870,75,Valid,Product D,Active
01-06-2025,Depot D,SKU-1890,678,Valid,Product D,Active
01-06-2025,Depot D,SKU-1891,143,Valid,Product D,Active
01-06-2025,Depot D,SKU-1892,23,Valid,Product D,Active
01-06-2025,Depot E,SKU-1893,9005,Valid,Product D,Active
01-06-2025,Depot E,SKU-1864,11324,Valid,Product D,Active
01-06-2025,Depot E,SKU-1894,6115,Valid,Product D,Active
01-06-2025,Depot E,SKU-1865,9843,Valid,Product D,Active
01-06-2025,Depot E,SKU-1895,10329,Valid,Product D,Active
01-06-2025,Depot E,SKU-1888,1930,Valid,Product D,Active
01-06-2025,Depot E,SKU-1896,4297,Valid,Product D,Active
01-06-2025,Depot E,SKU-1889,3696,Valid,Product D,Active
01-06-2025,Depot E,SKU-1897,5228,Valid,Product D,Active
01-06-2025,Depot E,SKU-1898,9666,Valid,Product D,Active
01-06-2025,Depot E,SKU-1899,702,Valid,Product D,Active
01-06-2025,Depot E,SKU-1866,1562,Valid,Product D,Active
01-06-2025,Depot E,SKU-1867,1662,Valid,Product D,Active
01-06-2025,Depot E,SKU-1900,1546,Valid,Product D,Active
01-06-2025,Depot E,SKU-1901,2133,Valid,Product D,Active
01-06-2025,Depot F,SKU-1893,4315,Valid,Product D,Active
01-06-2025,Depot F,SKU-1894,3378,Valid,Product D,Active
01-06-2025,Depot F,SKU-1895,2151,Valid,Product D,Active
01-06-2025,Depot F,SKU-1896,1501,Valid,Product D,Active
01-06-2025,Depot F,SKU-1897,2530,Valid,Product D,Active
01-06-2025,Depot F,SKU-1866,1439,Valid,Product D,Active
01-06-2025,Depot F,SKU-1867,1864,Valid,Product D,Active
01-06-2025,Depot H,SKU-1893,155,Valid,Product D,Active
01-06-2025,Depot H,SKU-1864,777,Valid,Product D,Active
01-06-2025,Depot H,SKU-1894,706,Valid,Product D,Active
01-06-2025,Depot H,SKU-1865,915,Valid,Product D,Active
01-06-2025,Depot H,SKU-1895,44,Valid,Product D,Active
01-06-2025,Depot H,SKU-1888,570,Valid,Product D,Active
01-06-2025,Depot H,SKU-1889,131,Valid,Product D,Active
01-06-2025,Depot H,SKU-1898,57,Valid,Product D,Active
01-06-2025,Depot H,SKU-1902,63,Valid,Product D,Not Active
01-06-2025,Depot H,SKU-1903,4,Valid,Product D,Not Active
01-06-2025,Depot H,SKU-1904,20,Valid,Product D,Not Active
01-06-2025,Depot H,SKU-1866,284,Valid,Product D,Active
01-06-2025,Depot H,SKU-1870,16,Valid,Product D,Active
01-06-2025,Depot I,SKU-1864,1291,Valid,Product D,Active
01-06-2025,Depot I,SKU-1865,3199,Valid,Product D,Active
01-06-2025,Depot I,SKU-1888,563,Valid,Product D,Active
01-06-2025,Depot I,SKU-1889,660,Valid,Product D,Active
01-06-2025,Depot I,SKU-1898,1410,Valid,Product D,Active
01-06-2025,Depot I,SKU-1866,630,Valid,Product D,Active
01-06-2025,Depot I,SKU-1867,152,Valid,Product D,Active
01-06-2025,Depot J,SKU-1864,65,Valid,Product D,Active
01-06-2025,Depot J,SKU-1865,90,Valid,Product D,Active
01-06-2025,Depot J,SKU-1890,6,Valid,Product D,Active
01-06-2025,Depot M,SKU-1887,10707,Valid,Product D,Active
01-06-2025,Depot M,SKU-1864,16268,Valid,Product D,Active
01-06-2025,Depot M,SKU-1865,5333,Valid,Product D,Active
01-06-2025,Depot M,SKU-1888,4008,Valid,Product D,Active
01-06-2025,Depot M,SKU-1889,4218,Valid,Product D,Active
01-06-2025,Depot M,SKU-1898,8258,Valid,Product D,Active
01-06-2025,Depot M,SKU-1899,897,Valid,Product D,Active
01-06-2025,Depot M,SKU-1868,687,Valid,Product D,Active
01-06-2025,Depot M,SKU-1869,1244,Valid,Product D,Active
01-06-2025,Depot M,SKU-1870,1678,Valid,Product D,Active
01-06-2025,Depot M,SKU-1871,127,Valid,Product D,Active
01-06-2025,Depot M,SKU-1905,41,Valid,Product D,Active
01-06-2025,Depot M,SKU-1872,56,Valid,Product D,Active
01-06-2025,Depot M,SKU-1906,171,Valid,Product D,Active
01-06-2025,Depot M,SKU-1907,34,Valid,Product D,Active
01-06-2025,Depot M,SKU-1908,120,Valid,Product D,Active
01-06-2025,Depot M,SKU-1890,263,Valid,Product D,Active
01-06-2025,Depot M,SKU-1909,24,Valid,Product D,Active
01-06-2025,Depot M,SKU-1910,7602,Valid,Product D,Active
01-06-2025,Depot M,SKU-1911,1460,Valid,Product D,Active
01-06-2025,Depot M,SKU-1912,1657,Valid,Product D,Active
01-06-2025,Depot M,SKU-1913,1562,Valid,Product D,Active
01-06-2025,Depot M,SKU-1900,1847,Valid,Product D,Active
01-06-2025,Depot M,SKU-1901,1396,Valid,Product D,Active
01-06-2025,Depot M,SKU-1914,1884,Valid,Product D,Active
01-06-2025,Depot M,SKU-1875,5773,Valid,Product D,Active
01-06-2025,Depot M,SKU-1876,13386,Valid,Product D,Active
01-06-2025,Depot M,SKU-1877,7786,Valid,Product D,Active
01-06-2025,Depot M,SKU-1878,1771,Valid,Product D,Active
01-06-2025,Depot M,SKU-1879,2592,Valid,Product D,Active
01-06-2025,Depot M,SKU-1880,4882,Valid,Product D,Active
01-06-2025,Depot M,SKU-1915,1612,Valid,Product D,Active
01-06-2025,Depot M,SKU-1884,2458,Valid,Product D,Active
01-06-2025,Depot M,SKU-1916,267,Valid,Product D,Active
01-06-2025,Depot N,SKU-1887,2266,Valid,Product D,Active
01-06-2025,Depot N,SKU-1893,2298,Valid,Product D,Active
01-06-2025,Depot N,SKU-1864,26200,Valid,Product D,Active
01-06-2025,Depot N,SKU-1894,4379,Valid,Product D,Active
01-06-2025,Depot N,SKU-1865,41675,Valid,Product D,Active
01-06-2025,Depot N,SKU-1895,2666,Valid,Product D,Active
01-06-2025,Depot N,SKU-1888,16550,Valid,Product D,Active
01-06-2025,Depot N,SKU-1896,1981,Valid,Product D,Active
01-06-2025,Depot N,SKU-1889,16275,Valid,Product D,Active
01-06-2025,Depot N,SKU-1897,2425,Valid,Product D,Active
01-06-2025,Depot N,SKU-1898,15247,Valid,Product D,Active
01-06-2025,Depot N,SKU-1917,301,Valid,Product D,Active
01-06-2025,Depot N,SKU-1918,437,Valid,Product D,Active
01-06-2025,Depot N,SKU-1919,723,Valid,Product D,Active
01-06-2025,Depot N,SKU-1899,4239,Valid,Product D,Active
01-06-2025,Depot N,SKU-1920,2392,Valid,Product D,Active
01-06-2025,Depot N,SKU-1921,198,Valid,Product D,Active
01-06-2025,Depot N,SKU-1922,111,Valid,Product D,Not Active
01-06-2025,Depot N,SKU-1923,20,Valid,Product D,Not Active
01-06-2025,Depot N,SKU-1924,265,Valid,Product D,Not Active
01-06-2025,Depot N,SKU-1925,126,Valid,Product D,Not Active
01-06-2025,Depot N,SKU-1926,12,Valid,Product D,Not Active
01-06-2025,Depot N,SKU-1866,6875,Valid,Product D,Active
01-06-2025,Depot N,SKU-1867,782,Valid,Product D,Active
01-06-2025,Depot N,SKU-1927,26,Valid,Product D,Not Active
01-06-2025,Depot N,SKU-1928,161,Valid,Product D,Not Active
01-06-2025,Depot N,SKU-1869,314,Valid,Product D,Active
01-06-2025,Depot N,SKU-1870,163,Valid,Product D,Active
01-06-2025,Depot N,SKU-1871,356,Valid,Product D,Active
01-06-2025,Depot N,SKU-1874,267,Valid,Product D,Active
01-06-2025,Depot N,SKU-1890,777,Valid,Product D,Active
01-06-2025,Depot N,SKU-1900,903,Valid,Product D,Active
01-06-2025,Depot N,SKU-1901,743,Valid,Product D,Active
01-06-2025,Depot O,SKU-1864,7,Valid,Product D,Active
01-06-2025,Depot O,SKU-1865,1680,Valid,Product D,Active
01-06-2025,Depot O,SKU-1888,2040,Valid,Product D,Active
01-06-2025,Depot O,SKU-1889,412,Valid,Product D,Active
01-06-2025,Depot O,SKU-1898,2699,Valid,Product D,Active
01-06-2025,Depot O,SKU-1899,467,Valid,Product D,Active
01-06-2025,Depot O,SKU-1904,27,Valid,Product D,Not Active
01-06-2025,Depot P,SKU-1864,63,Valid,Product D,Active
01-06-2025,Depot P,SKU-1865,83,Valid,Product D,Active
01-06-2025,Depot P,SKU-1888,79,Valid,Product D,Active
01-06-2025,Depot P,SKU-1869,83,Valid,Product D,Active
01-06-2025,Depot P,SKU-1870,204,Valid,Product D,Active
01-06-2025,Depot P,SKU-1929,55,Valid,Product D,Active
01-06-2025,Depot P,SKU-1908,474,Valid,Product D,Active
01-06-2025,Depot P,SKU-1890,522,Valid,Product D,Active
01-06-2025,Depot P,SKU-1886,54,Valid,Product D,Active
01-06-2025,Depot P,SKU-1891,190,Valid,Product D,Active
01-06-2025,Depot P,SKU-1892,166,Valid,Product D,Active
01-06-2025,Depot Q,SKU-1930,570,Valid,Product D,Active
01-06-2025,Depot Q,SKU-1893,12654,Valid,Product D,Active
01-06-2025,Depot Q,SKU-1864,1683,Valid,Product D,Active
01-06-2025,Depot Q,SKU-1894,15630,Valid,Product D,Active
01-06-2025,Depot Q,SKU-1865,2949,Valid,Product D,Active
01-06-2025,Depot Q,SKU-1895,6597,Valid,Product D,Active
01-06-2025,Depot Q,SKU-1888,977,Valid,Product D,Active
01-06-2025,Depot Q,SKU-1896,4960,Valid,Product D,Active
01-06-2025,Depot Q,SKU-1889,2077,Valid,Product D,Active
01-06-2025,Depot Q,SKU-1897,3280,Valid,Product D,Active
01-06-2025,Depot Q,SKU-1898,2328,Valid,Product D,Active
01-06-2025,Depot Q,SKU-1899,245,Valid,Product D,Active
01-06-2025,Depot Q,SKU-1921,103,Valid,Product D,Active
01-06-2025,Depot Q,SKU-1904,15,Valid,Product D,Not Active
01-06-2025,Depot Q,SKU-1866,6492,Valid,Product D,Active
01-06-2025,Depot Q,SKU-1867,5159,Valid,Product D,Active
01-06-2025,Depot Q,SKU-1928,59,Valid,Product D,Not Active
01-06-2025,Depot Q,SKU-1868,78,Valid,Product D,Active
01-06-2025,Depot Q,SKU-1869,113,Valid,Product D,Active
01-06-2025,Depot Q,SKU-1870,189,Valid,Product D,Active
01-06-2025,Depot Q,SKU-1871,23,Valid,Product D,Active
01-06-2025,Depot Q,SKU-1931,8,Valid,Product D,Active
01-06-2025,Depot Q,SKU-1932,38,Valid,Product D,Active
01-06-2025,Depot Q,SKU-1933,22,Valid,Product D,Active
01-06-2025,Depot Q,SKU-1872,11,Valid,Product D,Active
01-06-2025,Depot Q,SKU-1934,14,Valid,Product D,Active
01-06-2025,Depot Q,SKU-1907,38,Valid,Product D,Active
01-06-2025,Depot Q,SKU-1900,238,Valid,Product D,Active
01-06-2025,Depot Q,SKU-1901,61,Valid,Product D,Active
01-06-2025,Depot Q,SKU-1914,1874,Valid,Product D,Active
01-06-2025,Depot Q,SKU-1935,1693,Valid,Product D,Active
01-06-2025,Depot Q,SKU-1936,7449,Valid,Product D,Active
01-06-2025,Depot Q,SKU-1937,8020,Valid,Product D,Active
01-06-2025,Depot Q,SKU-1938,1295,Valid,Product D,Active
01-06-2025,Depot Q,SKU-1939,1388,Valid,Product D,Active
01-06-2025,Depot Q,SKU-1940,506,Valid,Product D,Active
01-06-2025,Depot A,SKU-1887,1287,INvalid,Product D,Active
01-06-2025,Depot A,SKU-1888,1018,INvalid,Product D,Active
01-06-2025,Depot A,SKU-1889,2015,INvalid,Product D,Active
01-06-2025,Depot A,SKU-1898,392,INvalid,Product D,Active
01-06-2025,Depot A,SKU-1941,11,INvalid,Product D,Not Active
01-06-2025,Depot A,SKU-1942,53,INvalid,Product D,Not Active
01-06-2025,Depot A,SKU-1919,28,INvalid,Product D,Active
01-06-2025,Depot A,SKU-1899,203,INvalid,Product D,Active
01-06-2025,Depot A,SKU-1920,34,INvalid,Product D,Active
01-06-2025,Depot A,SKU-1921,50,INvalid,Product D,Active
01-06-2025,Depot A,SKU-1904,23,INvalid,Product D,Not Active
01-06-2025,Depot A,SKU-1924,7,INvalid,Product D,Not Active
01-06-2025,Depot A,SKU-1925,21,INvalid,Product D,Not Active
01-06-2025,Depot A,SKU-1926,12,INvalid,Product D,Not Active
01-06-2025,Depot A,SKU-1943,73,INvalid,Product D,Not Active
01-06-2025,Depot A,SKU-1944,122,INvalid,Product D,Active
01-06-2025,Depot A,SKU-1928,15,INvalid,Product D,Not Active
01-06-2025,Depot A,SKU-1945,24,INvalid,Product D,Active
01-06-2025,Depot A,SKU-1946,48,INvalid,Product D,Active
01-06-2025,Depot A,SKU-1947,7,INvalid,Product D,Active
01-06-2025,Depot A,SKU-1868,113,INvalid,Product D,Active
01-06-2025,Depot A,SKU-1948,29,INvalid,Product D,Active
01-06-2025,Depot A,SKU-1949,14,INvalid,Product D,Active
01-06-2025,Depot A,SKU-1869,37,INvalid,Product D,Active
01-06-2025,Depot A,SKU-1950,13,INvalid,Product D,Active
01-06-2025,Depot A,SKU-1951,18,INvalid,Product D,Active
01-06-2025,Depot A,SKU-1870,19,INvalid,Product D,Active
01-06-2025,Depot A,SKU-1952,39,INvalid,Product D,Active
01-06-2025,Depot A,SKU-1871,11,INvalid,Product D,Active
01-06-2025,Depot A,SKU-1931,20,INvalid,Product D,Active
01-06-2025,Depot A,SKU-1933,26,INvalid,Product D,Active
01-06-2025,Depot A,SKU-1905,108,INvalid,Product D,Active
01-06-2025,Depot A,SKU-1953,4,INvalid,Product D,Not Active
01-06-2025,Depot A,SKU-1906,78,INvalid,Product D,Active
01-06-2025,Depot A,SKU-1907,42,INvalid,Product D,Active
01-06-2025,Depot A,SKU-1954,2,INvalid,Product D,Active
01-06-2025,Depot A,SKU-1955,100,INvalid,Product D,Active
01-06-2025,Depot A,SKU-1956,11,INvalid,Product D,Active
01-06-2025,Depot A,SKU-1957,12,INvalid,Product D,Active
01-06-2025,Depot A,SKU-1901,16,INvalid,Product D,Active
01-06-2025,Depot B,SKU-1887,292,INvalid,Product D,Active
01-06-2025,Depot B,SKU-1894,1168,INvalid,Product D,Active
01-06-2025,Depot B,SKU-1888,95,INvalid,Product D,Active
01-06-2025,Depot B,SKU-1889,13,INvalid,Product D,Active
01-06-2025,Depot B,SKU-1898,13,INvalid,Product D,Active
01-06-2025,Depot B,SKU-1941,8,INvalid,Product D,Not Active
01-06-2025,Depot B,SKU-1958,60,INvalid,Product D,Not Active
01-06-2025,Depot B,SKU-1959,20,INvalid,Product D,Not Active
01-06-2025,Depot B,SKU-1960,321,INvalid,Product D,Not Active
01-06-2025,Depot B,SKU-1961,93,INvalid,Product D,Not Active
01-06-2025,Depot B,SKU-1962,1016,INvalid,Product D,Not Active
01-06-2025,Depot B,SKU-1902,19,INvalid,Product D,Not Active
01-06-2025,Depot B,SKU-1963,269,INvalid,Product D,Not Active
01-06-2025,Depot B,SKU-1964,7,INvalid,Product D,Not Active
01-06-2025,Depot B,SKU-1965,20,INvalid,Product D,Active
01-06-2025,Depot B,SKU-1966,4,INvalid,Product D,Active
01-06-2025,Depot B,SKU-1917,6,INvalid,Product D,Active
01-06-2025,Depot B,SKU-1918,13,INvalid,Product D,Active
01-06-2025,Depot B,SKU-1919,136,INvalid,Product D,Active
01-06-2025,Depot B,SKU-1899,115,INvalid,Product D,Active
01-06-2025,Depot B,SKU-1920,33,INvalid,Product D,Active
01-06-2025,Depot B,SKU-1921,11,INvalid,Product D,Active
01-06-2025,Depot B,SKU-1967,6,INvalid,Product D,Not Active
01-06-2025,Depot B,SKU-1968,13,INvalid,Product D,Not Active
01-06-2025,Depot B,SKU-1969,11,INvalid,Product D,Not Active
01-06-2025,Depot B,SKU-1922,8,INvalid,Product D,Not Active
01-06-2025,Depot B,SKU-1970,6,INvalid,Product D,Not Active
01-06-2025,Depot B,SKU-1923,3,INvalid,Product D,Not Active
01-06-2025,Depot B,SKU-1971,3,INvalid,Product D,Not Active
01-06-2025,Depot B,SKU-1972,9,INvalid,Product D,Not Active
01-06-2025,Depot B,SKU-1903,2,INvalid,Product D,Not Active
01-06-2025,Depot B,SKU-1973,2,INvalid,Product D,Not Active
01-06-2025,Depot B,SKU-1904,131,INvalid,Product D,Not Active
01-06-2025,Depot B,SKU-1974,11,INvalid,Product D,Not Active
01-06-2025,Depot B,SKU-1975,5,INvalid,Product D,Not Active
01-06-2025,Depot B,SKU-1924,2,INvalid,Product D,Not Active
01-06-2025,Depot B,SKU-1925,1,INvalid,Product D,Not Active
01-06-2025,Depot B,SKU-1926,8,INvalid,Product D,Not Active
01-06-2025,Depot B,SKU-1866,6,INvalid,Product D,Active
01-06-2025,Depot B,SKU-1867,5,INvalid,Product D,Active
01-06-2025,Depot B,SKU-1976,9,INvalid,Product D,Not Active
01-06-2025,Depot B,SKU-1977,7,INvalid,Product D,Not Active
01-06-2025,Depot B,SKU-1927,24,INvalid,Product D,Not Active
01-06-2025,Depot B,SKU-1928,1,INvalid,Product D,Not Active
01-06-2025,Depot B,SKU-1978,2,INvalid,Product D,Not Active
01-06-2025,Depot B,SKU-1945,13,INvalid,Product D,Active
01-06-2025,Depot B,SKU-1946,10,INvalid,Product D,Active
01-06-2025,Depot B,SKU-1947,18,INvalid,Product D,Active
01-06-2025,Depot B,SKU-1949,46,INvalid,Product D,Active
01-06-2025,Depot B,SKU-1951,137,INvalid,Product D,Active
01-06-2025,Depot B,SKU-1952,6,INvalid,Product D,Active
01-06-2025,Depot B,SKU-1979,9,INvalid,Product D,Active
01-06-2025,Depot B,SKU-1980,1,INvalid,Product D,Active
01-06-2025,Depot B,SKU-1981,1,INvalid,Product D,Active
01-06-2025,Depot B,SKU-1931,12,INvalid,Product D,Active
01-06-2025,Depot B,SKU-1932,1,INvalid,Product D,Active
01-06-2025,Depot B,SKU-1905,5,INvalid,Product D,Active
01-06-2025,Depot B,SKU-1906,17,INvalid,Product D,Active
01-06-2025,Depot B,SKU-1934,49,INvalid,Product D,Active
01-06-2025,Depot B,SKU-1907,2,INvalid,Product D,Active
01-06-2025,Depot B,SKU-1982,2,INvalid,Product D,Active
01-06-2025,Depot B,SKU-1983,8,INvalid,Product D,Active
01-06-2025,Depot B,SKU-1984,6,INvalid,Product D,Active
01-06-2025,Depot B,SKU-1954,15,INvalid,Product D,Active
01-06-2025,Depot B,SKU-1955,53,INvalid,Product D,Active
01-06-2025,Depot B,SKU-1985,5,INvalid,Product D,Not Active
01-06-2025,Depot B,SKU-1956,9,INvalid,Product D,Active
01-06-2025,Depot B,SKU-1986,29,INvalid,Product D,Active
01-06-2025,Depot B,SKU-1957,3,INvalid,Product D,Active
01-06-2025,Depot B,SKU-1987,24,INvalid,Product D,Not Active
01-06-2025,Depot B,SKU-1988,3,INvalid,Product D,Not Active
01-06-2025,Depot B,SKU-1989,3,INvalid,Product D,Not Active
01-06-2025,Depot B,SKU-1990,59,INvalid,Product D,Active
01-06-2025,Depot B,SKU-1991,5,INvalid,Product D,Active
01-06-2025,Depot B,SKU-1992,112,INvalid,Product D,Active
01-06-2025,Depot B,SKU-1993,33,INvalid,Product D,Active
01-06-2025,Depot B,SKU-1994,30,INvalid,Product D,Active
01-06-2025,Depot B,SKU-1929,123,INvalid,Product D,Active
01-06-2025,Depot B,SKU-1908,148,INvalid,Product D,Active
01-06-2025,Depot B,SKU-1890,42,INvalid,Product D,Active
01-06-2025,Depot B,SKU-1909,8,INvalid,Product D,Active
01-06-2025,Depot B,SKU-1995,55,INvalid,Product D,Active
01-06-2025,Depot B,SKU-1996,154,INvalid,Product D,Active
01-06-2025,Depot B,SKU-1997,54,INvalid,Product D,Active
01-06-2025,Depot B,SKU-1910,310,INvalid,Product D,Active
01-06-2025,Depot B,SKU-1911,9,INvalid,Product D,Active
01-06-2025,Depot B,SKU-1912,9,INvalid,Product D,Active
01-06-2025,Depot B,SKU-1913,9,INvalid,Product D,Active
01-06-2025,Depot B,SKU-1900,15,INvalid,Product D,Active
01-06-2025,Depot B,SKU-1901,3,INvalid,Product D,Active
01-06-2025,Depot B,SKU-1998,20,INvalid,Product D,Active
01-06-2025,Depot B,SKU-1914,51,INvalid,Product D,Active
01-06-2025,Depot B,SKU-1935,52,INvalid,Product D,Active
01-06-2025,Depot B,SKU-1999,5,INvalid,Product D,Active
01-06-2025,Depot B,SKU-2000,2,INvalid,Product D,Active
01-06-2025,Depot B,SKU-2001,13,INvalid,Product D,Active
01-06-2025,Depot B,SKU-1886,6,INvalid,Product D,Active
01-06-2025,Depot B,SKU-2002,20,INvalid,Product D,Active
01-06-2025,Depot B,SKU-2003,13,INvalid,Product D,Active
01-06-2025,Depot B,SKU-2004,38,INvalid,Product D,Active
01-06-2025,Depot B,SKU-2005,94,INvalid,Product D,Active
01-06-2025,Depot B,SKU-2006,6,INvalid,Product D,Active
01-06-2025,Depot B,SKU-1891,1,INvalid,Product D,Active
01-06-2025,Depot B,SKU-1892,6,INvalid,Product D,Active
01-06-2025,Depot B,SKU-2007,110,INvalid,Product D,Active
01-06-2025,Depot B,SKU-2008,3,INvalid,Product D,Active
01-06-2025,Depot B,SKU-2009,1,INvalid,Product D,Active
01-06-2025,Depot B,SKU-2010,9,INvalid,Product D,Active
01-06-2025,Depot B,SKU-2011,516,INvalid,Product D,Active
01-06-2025,Depot B,SKU-2012,139,INvalid,Product D,Active
01-06-2025,Depot B,SKU-2013,45,INvalid,Product D,Active
01-06-2025,Depot B,SKU-1936,208,INvalid,Product D,Active
01-06-2025,Depot B,SKU-1937,150,INvalid,Product D,Active
01-06-2025,Depot B,SKU-1938,48,INvalid,Product D,Active
01-06-2025,Depot B,SKU-2014,109,INvalid,Product D,Active
01-06-2025,Depot B,SKU-1939,79,INvalid,Product D,Active
01-06-2025,Depot B,SKU-2015,21,INvalid,Product D,Active
01-06-2025,Depot B,SKU-2016,33,INvalid,Product D,Active
01-06-2025,Depot B,SKU-2017,9,INvalid,Product D,Active
01-06-2025,Depot B,SKU-2018,24,INvalid,Product D,Active
01-06-2025,Depot B,SKU-2019,4,INvalid,Product D,Active
01-06-2025,Depot B,SKU-2020,101,INvalid,Product D,Active
01-06-2025,Depot B,SKU-2021,91,INvalid,Product D,Active
01-06-2025,Depot B,SKU-2022,55,INvalid,Product D,Active
01-06-2025,Depot B,SKU-2023,5,INvalid,Product D,Active
01-06-2025,Depot B,SKU-2024,12,INvalid,Product D,Active
01-06-2025,Depot B,SKU-2025,6,INvalid,Product D,Active
01-06-2025,Depot B,SKU-2026,106,INvalid,Product D,Active
01-06-2025,Depot B,SKU-2027,13,INvalid,Product D,Active
01-06-2025,Depot B,SKU-1916,158,INvalid,Product D,Active
01-06-2025,Depot C,SKU-1887,5,INvalid,Product D,Active
01-06-2025,Depot C,SKU-1893,175,INvalid,Product D,Active
01-06-2025,Depot C,SKU-1864,76,INvalid,Product D,Active
01-06-2025,Depot C,SKU-1894,182,INvalid,Product D,Active
01-06-2025,Depot C,SKU-1865,178,INvalid,Product D,Active
01-06-2025,Depot C,SKU-1895,24,INvalid,Product D,Active
01-06-2025,Depot C,SKU-1888,585,INvalid,Product D,Active
01-06-2025,Depot C,SKU-1896,296,INvalid,Product D,Active
01-06-2025,Depot C,SKU-1889,577,INvalid,Product D,Active
01-06-2025,Depot C,SKU-1897,192,INvalid,Product D,Active
01-06-2025,Depot C,SKU-1898,131,INvalid,Product D,Active
01-06-2025,Depot C,SKU-1941,194,INvalid,Product D,Not Active
01-06-2025,Depot C,SKU-1942,27,INvalid,Product D,Not Active
01-06-2025,Depot C,SKU-1962,6,INvalid,Product D,Not Active
01-06-2025,Depot C,SKU-1902,5,INvalid,Product D,Not Active
01-06-2025,Depot C,SKU-1963,31,INvalid,Product D,Not Active
01-06-2025,Depot C,SKU-1966,2,INvalid,Product D,Active
01-06-2025,Depot C,SKU-1918,5,INvalid,Product D,Active
01-06-2025,Depot C,SKU-1919,12,INvalid,Product D,Active
01-06-2025,Depot C,SKU-1899,95,INvalid,Product D,Active
01-06-2025,Depot C,SKU-1920,13,INvalid,Product D,Active
01-06-2025,Depot C,SKU-1921,6,INvalid,Product D,Active
01-06-2025,Depot C,SKU-1967,34,INvalid,Product D,Not Active
01-06-2025,Depot C,SKU-1968,4,INvalid,Product D,Not Active
01-06-2025,Depot C,SKU-1969,1,INvalid,Product D,Not Active
01-06-2025,Depot C,SKU-1922,2,INvalid,Product D,Not Active
01-06-2025,Depot C,SKU-1970,1,INvalid,Product D,Not Active
01-06-2025,Depot C,SKU-1923,3,INvalid,Product D,Not Active
01-06-2025,Depot C,SKU-1972,30,INvalid,Product D,Not Active
01-06-2025,Depot C,SKU-1903,3,INvalid,Product D,Not Active
01-06-2025,Depot C,SKU-1973,4,INvalid,Product D,Not Active
01-06-2025,Depot C,SKU-1904,7,INvalid,Product D,Not Active
01-06-2025,Depot C,SKU-1975,2,INvalid,Product D,Not Active
01-06-2025,Depot C,SKU-1924,14,INvalid,Product D,Not Active
01-06-2025,Depot C,SKU-1925,23,INvalid,Product D,Not Active
01-06-2025,Depot C,SKU-1926,56,INvalid,Product D,Not Active
01-06-2025,Depot C,SKU-1944,179,INvalid,Product D,Active
01-06-2025,Depot C,SKU-1866,3,INvalid,Product D,Active
01-06-2025,Depot C,SKU-1867,90,INvalid,Product D,Active
01-06-2025,Depot C,SKU-1976,8,INvalid,Product D,Not Active
01-06-2025,Depot C,SKU-1927,129,INvalid,Product D,Not Active
01-06-2025,Depot C,SKU-1928,8,INvalid,Product D,Not Active
01-06-2025,Depot C,SKU-2028,26,INvalid,Product D,Not Active
01-06-2025,Depot C,SKU-2029,6,INvalid,Product D,Not Active
01-06-2025,Depot C,SKU-2030,12,INvalid,Product D,Not Active
01-06-2025,Depot C,SKU-2031,6,INvalid,Product D,Not Active
01-06-2025,Depot C,SKU-2032,3,INvalid,Product D,Not Active
01-06-2025,Depot C,SKU-2033,2,INvalid,Product D,Not Active
01-06-2025,Depot C,SKU-1946,10,INvalid,Product D,Active
01-06-2025,Depot C,SKU-1868,3,INvalid,Product D,Active
01-06-2025,Depot C,SKU-1948,1,INvalid,Product D,Active
01-06-2025,Depot C,SKU-1869,13,INvalid,Product D,Active
01-06-2025,Depot C,SKU-1950,8,INvalid,Product D,Active
01-06-2025,Depot C,SKU-1952,10,INvalid,Product D,Active
01-06-2025,Depot C,SKU-1871,15,INvalid,Product D,Active
01-06-2025,Depot C,SKU-2034,1,INvalid,Product D,Active
01-06-2025,Depot C,SKU-1932,11,INvalid,Product D,Active
01-06-2025,Depot C,SKU-2035,3,INvalid,Product D,Active
01-06-2025,Depot C,SKU-1872,11,INvalid,Product D,Active
01-06-2025,Depot C,SKU-2036,5,INvalid,Product D,Active
01-06-2025,Depot C,SKU-1906,10,INvalid,Product D,Active
01-06-2025,Depot C,SKU-1934,4,INvalid,Product D,Active
01-06-2025,Depot C,SKU-1907,92,INvalid,Product D,Active
01-06-2025,Depot C,SKU-1982,6,INvalid,Product D,Active
01-06-2025,Depot C,SKU-1984,4,INvalid,Product D,Active
01-06-2025,Depot C,SKU-1954,62,INvalid,Product D,Active
01-06-2025,Depot C,SKU-1955,21,INvalid,Product D,Active
01-06-2025,Depot C,SKU-1956,113,INvalid,Product D,Active
01-06-2025,Depot C,SKU-1986,10,INvalid,Product D,Active
01-06-2025,Depot C,SKU-1957,1,INvalid,Product D,Active
01-06-2025,Depot C,SKU-2037,12,INvalid,Product D,Not Active
01-06-2025,Depot C,SKU-1987,24,INvalid,Product D,Not Active
01-06-2025,Depot C,SKU-2038,12,INvalid,Product D,Not Active
01-06-2025,Depot C,SKU-1991,24,INvalid,Product D,Active
01-06-2025,Depot C,SKU-1908,520,INvalid,Product D,Active
01-06-2025,Depot C,SKU-1890,102,INvalid,Product D,Active
01-06-2025,Depot C,SKU-1909,6,INvalid,Product D,Active
01-06-2025,Depot C,SKU-1913,24,INvalid,Product D,Active
01-06-2025,Depot C,SKU-1900,139,INvalid,Product D,Active
01-06-2025,Depot C,SKU-1901,7,INvalid,Product D,Active
01-06-2025,Depot C,SKU-2000,7,INvalid,Product D,Active
01-06-2025,Depot C,SKU-2001,3,INvalid,Product D,Active
01-06-2025,Depot C,SKU-2005,8,INvalid,Product D,Active
01-06-2025,Depot C,SKU-2006,11,INvalid,Product D,Active
01-06-2025,Depot C,SKU-2039,10,INvalid,Product D,Active
01-06-2025,Depot C,SKU-1891,52,INvalid,Product D,Active
01-06-2025,Depot C,SKU-1892,20,INvalid,Product D,Active
01-06-2025,Depot D,SKU-1893,189,INvalid,Product D,Active
01-06-2025,Depot D,SKU-1898,7,INvalid,Product D,Active
01-06-2025,Depot D,SKU-1941,254,INvalid,Product D,Not Active
01-06-2025,Depot D,SKU-1960,12,INvalid,Product D,Not Active
01-06-2025,Depot D,SKU-1961,12,INvalid,Product D,Not Active
01-06-2025,Depot D,SKU-1902,12,INvalid,Product D,Not Active
01-06-2025,Depot D,SKU-1917,212,INvalid,Product D,Active
01-06-2025,Depot D,SKU-1918,28,INvalid,Product D,Active
01-06-2025,Depot D,SKU-1919,217,INvalid,Product D,Active
01-06-2025,Depot D,SKU-1899,2,INvalid,Product D,Active
01-06-2025,Depot D,SKU-1920,162,INvalid,Product D,Active
01-06-2025,Depot D,SKU-1921,4,INvalid,Product D,Active
01-06-2025,Depot D,SKU-1967,12,INvalid,Product D,Not Active
01-06-2025,Depot D,SKU-1968,40,INvalid,Product D,Not Active
01-06-2025,Depot D,SKU-1969,13,INvalid,Product D,Not Active
01-06-2025,Depot D,SKU-1922,4,INvalid,Product D,Not Active
01-06-2025,Depot D,SKU-1970,14,INvalid,Product D,Not Active
01-06-2025,Depot D,SKU-1923,32,INvalid,Product D,Not Active
01-06-2025,Depot D,SKU-2040,30,INvalid,Product D,Not Active
01-06-2025,Depot D,SKU-1975,31,INvalid,Product D,Not Active
01-06-2025,Depot D,SKU-1924,4,INvalid,Product D,Not Active
01-06-2025,Depot D,SKU-1925,12,INvalid,Product D,Not Active
01-06-2025,Depot D,SKU-1926,33,INvalid,Product D,Not Active
01-06-2025,Depot D,SKU-1944,84,INvalid,Product D,Active
01-06-2025,Depot D,SKU-1867,2,INvalid,Product D,Active
01-06-2025,Depot D,SKU-1927,15,INvalid,Product D,Not Active
01-06-2025,Depot D,SKU-1928,15,INvalid,Product D,Not Active
01-06-2025,Depot D,SKU-1947,10,INvalid,Product D,Active
01-06-2025,Depot D,SKU-1868,30,INvalid,Product D,Active
01-06-2025,Depot D,SKU-1949,159,INvalid,Product D,Active
01-06-2025,Depot D,SKU-1951,1,INvalid,Product D,Active
01-06-2025,Depot D,SKU-1979,8,INvalid,Product D,Active
01-06-2025,Depot D,SKU-1980,10,INvalid,Product D,Active
01-06-2025,Depot D,SKU-1981,2,INvalid,Product D,Active
01-06-2025,Depot D,SKU-2041,1,INvalid,Product D,Active
01-06-2025,Depot D,SKU-1932,22,INvalid,Product D,Active
01-06-2025,Depot D,SKU-2042,10,INvalid,Product D,Active
01-06-2025,Depot D,SKU-2043,7,INvalid,Product D,Active
01-06-2025,Depot D,SKU-2044,6,INvalid,Product D,Active
01-06-2025,Depot D,SKU-1872,271,INvalid,Product D,Active
01-06-2025,Depot D,SKU-2045,1,INvalid,Product D,Active
01-06-2025,Depot D,SKU-2046,1,INvalid,Product D,Active
01-06-2025,Depot D,SKU-1984,6,INvalid,Product D,Active
01-06-2025,Depot D,SKU-1954,142,INvalid,Product D,Active
01-06-2025,Depot D,SKU-1956,39,INvalid,Product D,Active
01-06-2025,Depot D,SKU-1957,8,INvalid,Product D,Active
01-06-2025,Depot D,SKU-2037,6,INvalid,Product D,Not Active
01-06-2025,Depot D,SKU-1874,9,INvalid,Product D,Active
01-06-2025,Depot D,SKU-1991,37,INvalid,Product D,Active
01-06-2025,Depot D,SKU-1909,324,INvalid,Product D,Active
01-06-2025,Depot D,SKU-1900,62,INvalid,Product D,Active
01-06-2025,Depot D,SKU-1901,14,INvalid,Product D,Active
01-06-2025,Depot D,SKU-1914,126,INvalid,Product D,Active
01-06-2025,Depot D,SKU-2001,3,INvalid,Product D,Active
01-06-2025,Depot D,SKU-1886,24,INvalid,Product D,Active
01-06-2025,Depot D,SKU-2009,42,INvalid,Product D,Active
01-06-2025,Depot D,SKU-2010,4,INvalid,Product D,Active
01-06-2025,Depot E,SKU-1930,3760,INvalid,Product D,Active
01-06-2025,Depot E,SKU-1887,398,INvalid,Product D,Active
01-06-2025,Depot E,SKU-2047,110,INvalid,Product D,Not Active
01-06-2025,Depot E,SKU-1941,308,INvalid,Product D,Not Active
01-06-2025,Depot E,SKU-1942,19,INvalid,Product D,Not Active
01-06-2025,Depot E,SKU-1902,154,INvalid,Product D,Not Active
01-06-2025,Depot E,SKU-1963,143,INvalid,Product D,Not Active
01-06-2025,Depot E,SKU-1964,203,INvalid,Product D,Not Active
01-06-2025,Depot E,SKU-1966,31,INvalid,Product D,Active
01-06-2025,Depot E,SKU-1919,46,INvalid,Product D,Active
01-06-2025,Depot E,SKU-1920,13,INvalid,Product D,Active
01-06-2025,Depot E,SKU-1921,234,INvalid,Product D,Active
01-06-2025,Depot E,SKU-1968,4,INvalid,Product D,Not Active
01-06-2025,Depot E,SKU-1969,50,INvalid,Product D,Not Active
01-06-2025,Depot E,SKU-1922,12,INvalid,Product D,Not Active
01-06-2025,Depot E,SKU-1970,217,INvalid,Product D,Not Active
01-06-2025,Depot E,SKU-1923,11,INvalid,Product D,Not Active
01-06-2025,Depot E,SKU-1904,10,INvalid,Product D,Not Active
01-06-2025,Depot E,SKU-1924,5,INvalid,Product D,Not Active
01-06-2025,Depot E,SKU-1926,13,INvalid,Product D,Not Active
01-06-2025,Depot E,SKU-1943,352,INvalid,Product D,Not Active
01-06-2025,Depot E,SKU-1944,228,INvalid,Product D,Active
01-06-2025,Depot E,SKU-1927,81,INvalid,Product D,Not Active
01-06-2025,Depot E,SKU-1928,34,INvalid,Product D,Not Active
01-06-2025,Depot E,SKU-1947,8,INvalid,Product D,Active
01-06-2025,Depot E,SKU-1868,7,INvalid,Product D,Active
01-06-2025,Depot E,SKU-1949,15,INvalid,Product D,Active
01-06-2025,Depot E,SKU-1869,25,INvalid,Product D,Active
01-06-2025,Depot E,SKU-1951,35,INvalid,Product D,Active
01-06-2025,Depot E,SKU-1870,256,INvalid,Product D,Active
01-06-2025,Depot E,SKU-1979,22,INvalid,Product D,Active
01-06-2025,Depot E,SKU-1871,9,INvalid,Product D,Active
01-06-2025,Depot E,SKU-1931,9,INvalid,Product D,Active
01-06-2025,Depot E,SKU-1932,5,INvalid,Product D,Active
01-06-2025,Depot E,SKU-1933,12,INvalid,Product D,Active
01-06-2025,Depot E,SKU-1905,1,INvalid,Product D,Active
01-06-2025,Depot E,SKU-1872,43,INvalid,Product D,Active
01-06-2025,Depot E,SKU-1953,2,INvalid,Product D,Not Active
01-06-2025,Depot E,SKU-1906,6,INvalid,Product D,Active
01-06-2025,Depot E,SKU-1907,5,INvalid,Product D,Active
01-06-2025,Depot E,SKU-1984,6,INvalid,Product D,Active
01-06-2025,Depot E,SKU-2037,25,INvalid,Product D,Not Active
01-06-2025,Depot E,SKU-1987,12,INvalid,Product D,Not Active
01-06-2025,Depot E,SKU-2038,140,INvalid,Product D,Not Active
01-06-2025,Depot E,SKU-1874,47,INvalid,Product D,Active
01-06-2025,Depot E,SKU-1991,42,INvalid,Product D,Active
01-06-2025,Depot E,SKU-1890,7,INvalid,Product D,Active
01-06-2025,Depot E,SKU-1909,7,INvalid,Product D,Active
01-06-2025,Depot E,SKU-1913,36,INvalid,Product D,Active
01-06-2025,Depot F,SKU-1930,1105,INvalid,Product D,Active
01-06-2025,Depot F,SKU-1864,278,INvalid,Product D,Active
01-06-2025,Depot F,SKU-1865,1239,INvalid,Product D,Active
01-06-2025,Depot F,SKU-1888,212,INvalid,Product D,Active
01-06-2025,Depot F,SKU-1889,194,INvalid,Product D,Active
01-06-2025,Depot F,SKU-1898,587,INvalid,Product D,Active
01-06-2025,Depot F,SKU-1963,110,INvalid,Product D,Not Active
01-06-2025,Depot F,SKU-1904,12,INvalid,Product D,Not Active
01-06-2025,Depot F,SKU-1926,7,INvalid,Product D,Not Active
01-06-2025,Depot F,SKU-1927,24,INvalid,Product D,Not Active
01-06-2025,Depot F,SKU-1928,48,INvalid,Product D,Not Active
01-06-2025,Depot F,SKU-2031,6,INvalid,Product D,Not Active
01-06-2025,Depot F,SKU-2048,6,INvalid,Product D,Not Active
01-06-2025,Depot F,SKU-1868,15,INvalid,Product D,Active
01-06-2025,Depot F,SKU-1869,16,INvalid,Product D,Active
01-06-2025,Depot F,SKU-1951,6,INvalid,Product D,Active
01-06-2025,Depot F,SKU-1870,68,INvalid,Product D,Active
01-06-2025,Depot F,SKU-1871,3,INvalid,Product D,Active
01-06-2025,Depot F,SKU-1931,5,INvalid,Product D,Active
01-06-2025,Depot F,SKU-1932,35,INvalid,Product D,Active
01-06-2025,Depot F,SKU-1933,7,INvalid,Product D,Active
01-06-2025,Depot F,SKU-1872,2,INvalid,Product D,Active
01-06-2025,Depot F,SKU-1953,7,INvalid,Product D,Not Active
01-06-2025,Depot F,SKU-1987,36,INvalid,Product D,Not Active
01-06-2025,Depot F,SKU-2038,36,INvalid,Product D,Not Active
01-06-2025,Depot F,SKU-1874,6,INvalid,Product D,Active
01-06-2025,Depot F,SKU-1900,76,INvalid,Product D,Active
01-06-2025,Depot F,SKU-1901,116,INvalid,Product D,Active
01-06-2025,Depot H,SKU-1930,48,INvalid,Product D,Active
01-06-2025,Depot H,SKU-1887,2,INvalid,Product D,Active
01-06-2025,Depot H,SKU-1896,12,INvalid,Product D,Active
01-06-2025,Depot H,SKU-1897,251,INvalid,Product D,Active
01-06-2025,Depot H,SKU-1960,80,INvalid,Product D,Not Active
01-06-2025,Depot H,SKU-1962,6,INvalid,Product D,Not Active
01-06-2025,Depot H,SKU-1963,32,INvalid,Product D,Not Active
01-06-2025,Depot H,SKU-1964,12,INvalid,Product D,Not Active
01-06-2025,Depot H,SKU-1917,5,INvalid,Product D,Active
01-06-2025,Depot H,SKU-1899,65,INvalid,Product D,Active
01-06-2025,Depot H,SKU-1920,5,INvalid,Product D,Active
01-06-2025,Depot H,SKU-1922,5,INvalid,Product D,Not Active
01-06-2025,Depot H,SKU-1973,10,INvalid,Product D,Not Active
01-06-2025,Depot H,SKU-1867,31,INvalid,Product D,Active
01-06-2025,Depot H,SKU-1928,17,INvalid,Product D,Not Active
01-06-2025,Depot H,SKU-1868,5,INvalid,Product D,Active
01-06-2025,Depot H,SKU-1949,8,INvalid,Product D,Active
01-06-2025,Depot H,SKU-1869,4,INvalid,Product D,Active
01-06-2025,Depot H,SKU-1951,8,INvalid,Product D,Active
01-06-2025,Depot H,SKU-1952,6,INvalid,Product D,Active
01-06-2025,Depot H,SKU-1871,8,INvalid,Product D,Active
01-06-2025,Depot H,SKU-1932,43,INvalid,Product D,Active
01-06-2025,Depot H,SKU-1933,3,INvalid,Product D,Active
01-06-2025,Depot H,SKU-1905,8,INvalid,Product D,Active
01-06-2025,Depot H,SKU-1906,8,INvalid,Product D,Active
01-06-2025,Depot H,SKU-1934,4,INvalid,Product D,Active
01-06-2025,Depot H,SKU-2038,57,INvalid,Product D,Not Active
01-06-2025,Depot H,SKU-1900,22,INvalid,Product D,Active
01-06-2025,Depot H,SKU-1901,81,INvalid,Product D,Active
01-06-2025,Depot I,SKU-1930,45,INvalid,Product D,Active
01-06-2025,Depot I,SKU-1887,153,INvalid,Product D,Active
01-06-2025,Depot I,SKU-1893,58,INvalid,Product D,Active
01-06-2025,Depot I,SKU-1894,68,INvalid,Product D,Active
01-06-2025,Depot I,SKU-1895,43,INvalid,Product D,Active
01-06-2025,Depot I,SKU-1959,37,INvalid,Product D,Not Active
01-06-2025,Depot I,SKU-1960,122,INvalid,Product D,Not Active
01-06-2025,Depot I,SKU-1961,37,INvalid,Product D,Not Active
01-06-2025,Depot I,SKU-1964,6,INvalid,Product D,Not Active
01-06-2025,Depot I,SKU-1966,24,INvalid,Product D,Active
01-06-2025,Depot I,SKU-1917,30,INvalid,Product D,Active
01-06-2025,Depot I,SKU-1918,5,INvalid,Product D,Active
01-06-2025,Depot I,SKU-1919,11,INvalid,Product D,Active
01-06-2025,Depot I,SKU-1899,131,INvalid,Product D,Active
01-06-2025,Depot I,SKU-1920,37,INvalid,Product D,Active
01-06-2025,Depot I,SKU-1921,45,INvalid,Product D,Active
01-06-2025,Depot I,SKU-1970,7,INvalid,Product D,Not Active
01-06-2025,Depot I,SKU-1923,28,INvalid,Product D,Not Active
01-06-2025,Depot I,SKU-1973,8,INvalid,Product D,Not Active
01-06-2025,Depot I,SKU-1904,8,INvalid,Product D,Not Active
01-06-2025,Depot I,SKU-1925,4,INvalid,Product D,Not Active
01-06-2025,Depot I,SKU-1926,13,INvalid,Product D,Not Active
01-06-2025,Depot I,SKU-1944,47,INvalid,Product D,Active
01-06-2025,Depot I,SKU-1927,11,INvalid,Product D,Not Active
01-06-2025,Depot I,SKU-1928,15,INvalid,Product D,Not Active
01-06-2025,Depot I,SKU-2049,3,INvalid,Product D,Not Active
01-06-2025,Depot I,SKU-1945,10,INvalid,Product D,Active
01-06-2025,Depot I,SKU-1947,20,INvalid,Product D,Active
01-06-2025,Depot I,SKU-1868,5,INvalid,Product D,Active
01-06-2025,Depot I,SKU-1949,7,INvalid,Product D,Active
01-06-2025,Depot I,SKU-1869,6,INvalid,Product D,Active
01-06-2025,Depot I,SKU-1951,5,INvalid,Product D,Active
01-06-2025,Depot I,SKU-1870,7,INvalid,Product D,Active
01-06-2025,Depot I,SKU-1979,6,INvalid,Product D,Active
01-06-2025,Depot I,SKU-1871,1,INvalid,Product D,Active
01-06-2025,Depot I,SKU-1981,1,INvalid,Product D,Active
01-06-2025,Depot I,SKU-1931,9,INvalid,Product D,Active
01-06-2025,Depot I,SKU-1932,78,INvalid,Product D,Active
01-06-2025,Depot I,SKU-2043,1,INvalid,Product D,Active
01-06-2025,Depot I,SKU-1933,2,INvalid,Product D,Active
01-06-2025,Depot I,SKU-1934,43,INvalid,Product D,Active
01-06-2025,Depot I,SKU-1983,6,INvalid,Product D,Active
01-06-2025,Depot I,SKU-1987,15,INvalid,Product D,Not Active
01-06-2025,Depot I,SKU-2038,18,INvalid,Product D,Not Active
01-06-2025,Depot I,SKU-1908,6,INvalid,Product D,Active
01-06-2025,Depot I,SKU-1909,25,INvalid,Product D,Active
01-06-2025,Depot I,SKU-1913,25,INvalid,Product D,Active
01-06-2025,Depot I,SKU-1900,91,INvalid,Product D,Active
01-06-2025,Depot I,SKU-1901,101,INvalid,Product D,Active
01-06-2025,Depot I,SKU-2039,3,INvalid,Product D,Active
01-06-2025,Depot I,SKU-1892,3,INvalid,Product D,Active
01-06-2025,Depot J,SKU-1930,153,INvalid,Product D,Active
01-06-2025,Depot J,SKU-1887,64,INvalid,Product D,Active
01-06-2025,Depot J,SKU-1893,47,INvalid,Product D,Active
01-06-2025,Depot J,SKU-1894,48,INvalid,Product D,Active
01-06-2025,Depot J,SKU-1895,58,INvalid,Product D,Active
01-06-2025,Depot J,SKU-1888,41,INvalid,Product D,Active
01-06-2025,Depot J,SKU-1889,44,INvalid,Product D,Active
01-06-2025,Depot J,SKU-1897,25,INvalid,Product D,Active
01-06-2025,Depot J,SKU-1898,77,INvalid,Product D,Active
01-06-2025,Depot J,SKU-1962,12,INvalid,Product D,Not Active
01-06-2025,Depot J,SKU-1920,13,INvalid,Product D,Active
01-06-2025,Depot J,SKU-1923,4,INvalid,Product D,Not Active
01-06-2025,Depot J,SKU-1925,13,INvalid,Product D,Not Active
01-06-2025,Depot J,SKU-1926,3,INvalid,Product D,Not Active
01-06-2025,Depot J,SKU-1866,39,INvalid,Product D,Active
01-06-2025,Depot J,SKU-1976,11,INvalid,Product D,Not Active
01-06-2025,Depot J,SKU-1927,42,INvalid,Product D,Not Active
01-06-2025,Depot J,SKU-1928,19,INvalid,Product D,Not Active
01-06-2025,Depot J,SKU-1945,10,INvalid,Product D,Active
01-06-2025,Depot J,SKU-1946,8,INvalid,Product D,Active
01-06-2025,Depot J,SKU-1947,7,INvalid,Product D,Active
01-06-2025,Depot J,SKU-1868,10,INvalid,Product D,Active
01-06-2025,Depot J,SKU-1948,4,INvalid,Product D,Active
01-06-2025,Depot J,SKU-1949,4,INvalid,Product D,Active
01-06-2025,Depot J,SKU-1869,36,INvalid,Product D,Active
01-06-2025,Depot J,SKU-1950,13,INvalid,Product D,Active
01-06-2025,Depot J,SKU-1951,3,INvalid,Product D,Active
01-06-2025,Depot J,SKU-1870,8,INvalid,Product D,Active
01-06-2025,Depot J,SKU-1952,5,INvalid,Product D,Active
01-06-2025,Depot J,SKU-1979,4,INvalid,Product D,Active
01-06-2025,Depot J,SKU-1871,3,INvalid,Product D,Active
01-06-2025,Depot J,SKU-2034,6,INvalid,Product D,Active
01-06-2025,Depot J,SKU-1980,1,INvalid,Product D,Active
01-06-2025,Depot J,SKU-1981,5,INvalid,Product D,Active
01-06-2025,Depot J,SKU-1931,3,INvalid,Product D,Active
01-06-2025,Depot J,SKU-1932,1,INvalid,Product D,Active
01-06-2025,Depot J,SKU-2042,1,INvalid,Product D,Active
01-06-2025,Depot J,SKU-2043,7,INvalid,Product D,Active
01-06-2025,Depot J,SKU-1933,2,INvalid,Product D,Active
01-06-2025,Depot J,SKU-1872,5,INvalid,Product D,Active
01-06-2025,Depot J,SKU-2050,1,INvalid,Product D,Active
01-06-2025,Depot J,SKU-2045,4,INvalid,Product D,Active
01-06-2025,Depot J,SKU-1934,3,INvalid,Product D,Active
01-06-2025,Depot J,SKU-1907,6,INvalid,Product D,Active
01-06-2025,Depot J,SKU-1983,5,INvalid,Product D,Active
01-06-2025,Depot J,SKU-1954,29,INvalid,Product D,Active
01-06-2025,Depot J,SKU-1955,9,INvalid,Product D,Active
01-06-2025,Depot J,SKU-1956,3,INvalid,Product D,Active
01-06-2025,Depot J,SKU-1986,89,INvalid,Product D,Active
01-06-2025,Depot J,SKU-1957,5,INvalid,Product D,Active
01-06-2025,Depot J,SKU-2037,6,INvalid,Product D,Not Active
01-06-2025,Depot J,SKU-1987,12,INvalid,Product D,Not Active
01-06-2025,Depot J,SKU-1988,3,INvalid,Product D,Not Active
01-06-2025,Depot J,SKU-1989,6,INvalid,Product D,Not Active
01-06-2025,Depot J,SKU-1874,6,INvalid,Product D,Active
01-06-2025,Depot J,SKU-1909,5,INvalid,Product D,Active
01-06-2025,Depot J,SKU-1900,22,INvalid,Product D,Active
01-06-2025,Depot J,SKU-1901,5,INvalid,Product D,Active
01-06-2025,Depot J,SKU-2001,6,INvalid,Product D,Active
01-06-2025,Depot J,SKU-1886,3,INvalid,Product D,Active
01-06-2025,Depot J,SKU-1891,2,INvalid,Product D,Active
01-06-2025,Depot J,SKU-1892,13,INvalid,Product D,Active
01-06-2025,Depot J,SKU-2009,4,INvalid,Product D,Active
01-06-2025,Depot J,SKU-2010,66,INvalid,Product D,Active
01-06-2025,Depot K,SKU-1930,304,INvalid,Product D,Active
01-06-2025,Depot K,SKU-1887,398,INvalid,Product D,Active
01-06-2025,Depot K,SKU-1893,190,INvalid,Product D,Active
01-06-2025,Depot K,SKU-1864,870,INvalid,Product D,Active
01-06-2025,Depot K,SKU-1894,46,INvalid,Product D,Active
01-06-2025,Depot K,SKU-1865,796,INvalid,Product D,Active
01-06-2025,Depot K,SKU-1895,56,INvalid,Product D,Active
01-06-2025,Depot K,SKU-1888,330,INvalid,Product D,Active
01-06-2025,Depot K,SKU-1896,63,INvalid,Product D,Active
01-06-2025,Depot K,SKU-1889,782,INvalid,Product D,Active
01-06-2025,Depot K,SKU-1897,89,INvalid,Product D,Active
01-06-2025,Depot K,SKU-1898,581,INvalid,Product D,Active
01-06-2025,Depot K,SKU-1941,191,INvalid,Product D,Not Active
01-06-2025,Depot K,SKU-1942,100,INvalid,Product D,Not Active
01-06-2025,Depot K,SKU-1958,198,INvalid,Product D,Not Active
01-06-2025,Depot K,SKU-1959,107,INvalid,Product D,Not Active
01-06-2025,Depot K,SKU-1960,12,INvalid,Product D,Not Active
01-06-2025,Depot K,SKU-1961,36,INvalid,Product D,Not Active
01-06-2025,Depot K,SKU-1902,36,INvalid,Product D,Not Active
01-06-2025,Depot K,SKU-1966,52,INvalid,Product D,Active
01-06-2025,Depot K,SKU-1917,8,INvalid,Product D,Active
01-06-2025,Depot K,SKU-1918,51,INvalid,Product D,Active
01-06-2025,Depot K,SKU-1919,24,INvalid,Product D,Active
01-06-2025,Depot K,SKU-1899,126,INvalid,Product D,Active
01-06-2025,Depot K,SKU-1920,13,INvalid,Product D,Active
01-06-2025,Depot K,SKU-1921,161,INvalid,Product D,Active
01-06-2025,Depot K,SKU-2051,12,INvalid,Product D,Not Active
01-06-2025,Depot K,SKU-2052,20,INvalid,Product D,Not Active
01-06-2025,Depot K,SKU-1968,27,INvalid,Product D,Not Active
01-06-2025,Depot K,SKU-1922,17,INvalid,Product D,Not Active
01-06-2025,Depot K,SKU-1970,3,INvalid,Product D,Not Active
01-06-2025,Depot K,SKU-1923,10,INvalid,Product D,Not Active
01-06-2025,Depot K,SKU-2053,6,INvalid,Product D,Not Active
01-06-2025,Depot K,SKU-1903,4,INvalid,Product D,Not Active
01-06-2025,Depot K,SKU-1904,50,INvalid,Product D,Not Active
01-06-2025,Depot K,SKU-1924,13,INvalid,Product D,Not Active
01-06-2025,Depot K,SKU-1925,3,INvalid,Product D,Not Active
01-06-2025,Depot K,SKU-1926,10,INvalid,Product D,Not Active
01-06-2025,Depot K,SKU-1944,4,INvalid,Product D,Active
01-06-2025,Depot K,SKU-1866,427,INvalid,Product D,Active
01-06-2025,Depot K,SKU-1867,483,INvalid,Product D,Active
01-06-2025,Depot K,SKU-1928,3,INvalid,Product D,Not Active
01-06-2025,Depot K,SKU-1945,28,INvalid,Product D,Active
01-06-2025,Depot K,SKU-1946,9,INvalid,Product D,Active
01-06-2025,Depot K,SKU-1947,10,INvalid,Product D,Active
01-06-2025,Depot K,SKU-1868,51,INvalid,Product D,Active
01-06-2025,Depot K,SKU-1948,8,INvalid,Product D,Active
01-06-2025,Depot K,SKU-1949,24,INvalid,Product D,Active
01-06-2025,Depot K,SKU-1869,43,INvalid,Product D,Active
01-06-2025,Depot K,SKU-1950,10,INvalid,Product D,Active
01-06-2025,Depot K,SKU-1951,8,INvalid,Product D,Active
01-06-2025,Depot K,SKU-1870,44,INvalid,Product D,Active
01-06-2025,Depot K,SKU-1952,8,INvalid,Product D,Active
01-06-2025,Depot K,SKU-1979,6,INvalid,Product D,Active
01-06-2025,Depot K,SKU-1871,18,INvalid,Product D,Active
01-06-2025,Depot K,SKU-2034,6,INvalid,Product D,Active
01-06-2025,Depot K,SKU-1932,18,INvalid,Product D,Active
01-06-2025,Depot K,SKU-1905,14,INvalid,Product D,Active
01-06-2025,Depot K,SKU-1872,3,INvalid,Product D,Active
01-06-2025,Depot K,SKU-1906,16,INvalid,Product D,Active
01-06-2025,Depot K,SKU-1934,2,INvalid,Product D,Active
01-06-2025,Depot K,SKU-1907,14,INvalid,Product D,Active
01-06-2025,Depot K,SKU-1955,71,INvalid,Product D,Active
01-06-2025,Depot K,SKU-1956,99,INvalid,Product D,Active
01-06-2025,Depot K,SKU-1986,197,INvalid,Product D,Active
01-06-2025,Depot K,SKU-2037,6,INvalid,Product D,Not Active
01-06-2025,Depot K,SKU-1987,6,INvalid,Product D,Not Active
01-06-2025,Depot K,SKU-2038,13,INvalid,Product D,Not Active
01-06-2025,Depot K,SKU-1990,6,INvalid,Product D,Active
01-06-2025,Depot K,SKU-1874,6,INvalid,Product D,Active
01-06-2025,Depot K,SKU-1991,6,INvalid,Product D,Active
01-06-2025,Depot K,SKU-1908,14,INvalid,Product D,Active
01-06-2025,Depot K,SKU-1890,23,INvalid,Product D,Active
01-06-2025,Depot K,SKU-1909,16,INvalid,Product D,Active
01-06-2025,Depot K,SKU-1900,25,INvalid,Product D,Active
01-06-2025,Depot K,SKU-2039,3,INvalid,Product D,Active
01-06-2025,Depot K,SKU-1891,12,INvalid,Product D,Active
01-06-2025,Depot K,SKU-1892,18,INvalid,Product D,Active
01-06-2025,Depot L,SKU-1930,326,INvalid,Product D,Active
01-06-2025,Depot L,SKU-1887,321,INvalid,Product D,Active
01-06-2025,Depot L,SKU-1893,3170,INvalid,Product D,Active
01-06-2025,Depot L,SKU-1864,2503,INvalid,Product D,Active
01-06-2025,Depot L,SKU-1894,3424,INvalid,Product D,Active
01-06-2025,Depot L,SKU-1865,1429,INvalid,Product D,Active
01-06-2025,Depot L,SKU-1895,1064,INvalid,Product D,Active
01-06-2025,Depot L,SKU-1888,869,INvalid,Product D,Active
01-06-2025,Depot L,SKU-1896,1259,INvalid,Product D,Active
01-06-2025,Depot L,SKU-1889,684,INvalid,Product D,Active
01-06-2025,Depot L,SKU-1897,3240,INvalid,Product D,Active
01-06-2025,Depot L,SKU-1898,853,INvalid,Product D,Active
01-06-2025,Depot L,SKU-2047,38,INvalid,Product D,Not Active
01-06-2025,Depot L,SKU-1941,8,INvalid,Product D,Not Active
01-06-2025,Depot L,SKU-1942,116,INvalid,Product D,Not Active
01-06-2025,Depot L,SKU-1965,12,INvalid,Product D,Active
01-06-2025,Depot L,SKU-1966,10,INvalid,Product D,Active
01-06-2025,Depot L,SKU-1917,6,INvalid,Product D,Active
01-06-2025,Depot L,SKU-1918,6,INvalid,Product D,Active
01-06-2025,Depot L,SKU-1919,12,INvalid,Product D,Active
01-06-2025,Depot L,SKU-1899,64,INvalid,Product D,Active
01-06-2025,Depot L,SKU-1920,26,INvalid,Product D,Active
01-06-2025,Depot L,SKU-1921,104,INvalid,Product D,Active
01-06-2025,Depot L,SKU-1973,6,INvalid,Product D,Not Active
01-06-2025,Depot L,SKU-1904,6,INvalid,Product D,Not Active
01-06-2025,Depot L,SKU-1924,3,INvalid,Product D,Not Active
01-06-2025,Depot L,SKU-1925,5,INvalid,Product D,Not Active
01-06-2025,Depot L,SKU-1926,34,INvalid,Product D,Not Active
01-06-2025,Depot L,SKU-1866,1142,INvalid,Product D,Active
01-06-2025,Depot L,SKU-1867,1053,INvalid,Product D,Active
01-06-2025,Depot L,SKU-1977,7,INvalid,Product D,Not Active
01-06-2025,Depot L,SKU-2054,3,INvalid,Product D,Not Active
01-06-2025,Depot L,SKU-1927,11,INvalid,Product D,Not Active
01-06-2025,Depot L,SKU-1928,52,INvalid,Product D,Not Active
01-06-2025,Depot L,SKU-1945,17,INvalid,Product D,Active
01-06-2025,Depot L,SKU-1947,11,INvalid,Product D,Active
01-06-2025,Depot L,SKU-1868,37,INvalid,Product D,Active
01-06-2025,Depot L,SKU-1949,11,INvalid,Product D,Active
01-06-2025,Depot L,SKU-1869,10,INvalid,Product D,Active
01-06-2025,Depot L,SKU-1951,17,INvalid,Product D,Active
01-06-2025,Depot L,SKU-1870,16,INvalid,Product D,Active
01-06-2025,Depot L,SKU-1979,6,INvalid,Product D,Active
01-06-2025,Depot L,SKU-1871,9,INvalid,Product D,Active
01-06-2025,Depot L,SKU-1931,4,INvalid,Product D,Active
01-06-2025,Depot L,SKU-1932,30,INvalid,Product D,Active
01-06-2025,Depot L,SKU-1933,7,INvalid,Product D,Active
01-06-2025,Depot L,SKU-1905,6,INvalid,Product D,Active
01-06-2025,Depot L,SKU-1872,27,INvalid,Product D,Active
01-06-2025,Depot L,SKU-1906,9,INvalid,Product D,Active
01-06-2025,Depot L,SKU-1934,6,INvalid,Product D,Active
01-06-2025,Depot L,SKU-1907,4,INvalid,Product D,Active
01-06-2025,Depot L,SKU-1982,12,INvalid,Product D,Active
01-06-2025,Depot L,SKU-1983,12,INvalid,Product D,Active
01-06-2025,Depot L,SKU-1987,133,INvalid,Product D,Not Active
01-06-2025,Depot L,SKU-2038,31,INvalid,Product D,Not Active
01-06-2025,Depot L,SKU-1988,6,INvalid,Product D,Not Active
01-06-2025,Depot L,SKU-1989,6,INvalid,Product D,Not Active
01-06-2025,Depot L,SKU-1874,9,INvalid,Product D,Active
01-06-2025,Depot L,SKU-1991,14,INvalid,Product D,Active
01-06-2025,Depot L,SKU-1890,78,INvalid,Product D,Active
01-06-2025,Depot L,SKU-1909,8,INvalid,Product D,Active
01-06-2025,Depot L,SKU-1913,6,INvalid,Product D,Active
01-06-2025,Depot L,SKU-1900,299,INvalid,Product D,Active
01-06-2025,Depot L,SKU-1901,507,INvalid,Product D,Active
01-06-2025,Depot L,SKU-2002,12,INvalid,Product D,Active
01-06-2025,Depot L,SKU-1891,3,INvalid,Product D,Active
01-06-2025,Depot L,SKU-1892,6,INvalid,Product D,Active
01-06-2025,Depot L,SKU-2009,9,INvalid,Product D,Active
01-06-2025,Depot L,SKU-2010,9,INvalid,Product D,Active
01-06-2025,Depot M,SKU-1930,187,INvalid,Product D,Active
01-06-2025,Depot M,SKU-1893,594,INvalid,Product D,Active
01-06-2025,Depot M,SKU-1894,1007,INvalid,Product D,Active
01-06-2025,Depot M,SKU-1895,180,INvalid,Product D,Active
01-06-2025,Depot M,SKU-1896,445,INvalid,Product D,Active
01-06-2025,Depot M,SKU-1897,362,INvalid,Product D,Active
01-06-2025,Depot M,SKU-1941,163,INvalid,Product D,Not Active
01-06-2025,Depot M,SKU-1942,165,INvalid,Product D,Not Active
01-06-2025,Depot M,SKU-1960,22,INvalid,Product D,Not Active
01-06-2025,Depot M,SKU-1961,34,INvalid,Product D,Not Active
01-06-2025,Depot M,SKU-1962,26,INvalid,Product D,Not Active
01-06-2025,Depot M,SKU-1902,139,INvalid,Product D,Not Active
01-06-2025,Depot M,SKU-1963,13,INvalid,Product D,Not Active
01-06-2025,Depot M,SKU-1964,66,INvalid,Product D,Not Active
01-06-2025,Depot M,SKU-1965,10,INvalid,Product D,Active
01-06-2025,Depot M,SKU-1966,22,INvalid,Product D,Active
01-06-2025,Depot M,SKU-1917,372,INvalid,Product D,Active
01-06-2025,Depot M,SKU-1918,41,INvalid,Product D,Active
01-06-2025,Depot M,SKU-1919,55,INvalid,Product D,Active
01-06-2025,Depot M,SKU-1920,154,INvalid,Product D,Active
01-06-2025,Depot M,SKU-1921,59,INvalid,Product D,Active
01-06-2025,Depot M,SKU-1967,12,INvalid,Product D,Not Active
01-06-2025,Depot M,SKU-1968,4,INvalid,Product D,Not Active
01-06-2025,Depot M,SKU-1969,5,INvalid,Product D,Not Active
01-06-2025,Depot M,SKU-1922,3,INvalid,Product D,Not Active
01-06-2025,Depot M,SKU-1970,12,INvalid,Product D,Not Active
01-06-2025,Depot M,SKU-1923,11,INvalid,Product D,Not Active
01-06-2025,Depot M,SKU-1903,4,INvalid,Product D,Not Active
01-06-2025,Depot M,SKU-1973,12,INvalid,Product D,Not Active
01-06-2025,Depot M,SKU-1904,7,INvalid,Product D,Not Active
01-06-2025,Depot M,SKU-1975,6,INvalid,Product D,Not Active
01-06-2025,Depot M,SKU-1924,12,INvalid,Product D,Not Active
01-06-2025,Depot M,SKU-1925,6,INvalid,Product D,Not Active
01-06-2025,Depot M,SKU-1926,4,INvalid,Product D,Not Active
01-06-2025,Depot M,SKU-1943,15,INvalid,Product D,Not Active
01-06-2025,Depot M,SKU-2055,15,INvalid,Product D,Not Active
01-06-2025,Depot M,SKU-1944,54,INvalid,Product D,Active
01-06-2025,Depot M,SKU-1866,77,INvalid,Product D,Active
01-06-2025,Depot M,SKU-1867,1,INvalid,Product D,Active
01-06-2025,Depot M,SKU-1927,6,INvalid,Product D,Not Active
01-06-2025,Depot M,SKU-1928,9,INvalid,Product D,Not Active
01-06-2025,Depot M,SKU-2056,12,INvalid,Product D,Not Active
01-06-2025,Depot M,SKU-2049,3,INvalid,Product D,Not Active
01-06-2025,Depot M,SKU-1945,8,INvalid,Product D,Active
01-06-2025,Depot M,SKU-1947,6,INvalid,Product D,Active
01-06-2025,Depot M,SKU-1948,10,INvalid,Product D,Active
01-06-2025,Depot M,SKU-1949,35,INvalid,Product D,Active
01-06-2025,Depot M,SKU-1950,16,INvalid,Product D,Active
01-06-2025,Depot M,SKU-1951,34,INvalid,Product D,Active
01-06-2025,Depot M,SKU-1979,7,INvalid,Product D,Active
01-06-2025,Depot M,SKU-1931,20,INvalid,Product D,Active
01-06-2025,Depot M,SKU-1932,42,INvalid,Product D,Active
01-06-2025,Depot M,SKU-1933,21,INvalid,Product D,Active
01-06-2025,Depot M,SKU-1953,3,INvalid,Product D,Not Active
01-06-2025,Depot M,SKU-1934,48,INvalid,Product D,Active
01-06-2025,Depot M,SKU-1982,5,INvalid,Product D,Active
01-06-2025,Depot M,SKU-1983,11,INvalid,Product D,Active
01-06-2025,Depot M,SKU-1955,258,INvalid,Product D,Active
01-06-2025,Depot M,SKU-1956,39,INvalid,Product D,Active
01-06-2025,Depot M,SKU-1986,27,INvalid,Product D,Active
01-06-2025,Depot M,SKU-1957,47,INvalid,Product D,Active
01-06-2025,Depot M,SKU-2037,20,INvalid,Product D,Not Active
01-06-2025,Depot M,SKU-1987,6,INvalid,Product D,Not Active
01-06-2025,Depot M,SKU-2038,6,INvalid,Product D,Not Active
01-06-2025,Depot M,SKU-1989,6,INvalid,Product D,Not Active
01-06-2025,Depot M,SKU-1990,9,INvalid,Product D,Active
01-06-2025,Depot M,SKU-1874,12,INvalid,Product D,Active
01-06-2025,Depot M,SKU-1991,4,INvalid,Product D,Active
01-06-2025,Depot M,SKU-2057,6,INvalid,Product D,Active
01-06-2025,Depot M,SKU-1993,85,INvalid,Product D,Active
01-06-2025,Depot M,SKU-2058,6,INvalid,Product D,Active
01-06-2025,Depot M,SKU-1994,24,INvalid,Product D,Active
01-06-2025,Depot M,SKU-1929,32,INvalid,Product D,Active
01-06-2025,Depot M,SKU-1995,1718,INvalid,Product D,Active
01-06-2025,Depot M,SKU-1996,862,INvalid,Product D,Active
01-06-2025,Depot M,SKU-1997,388,INvalid,Product D,Active
01-06-2025,Depot M,SKU-1998,197,INvalid,Product D,Active
01-06-2025,Depot M,SKU-1935,327,INvalid,Product D,Active
01-06-2025,Depot M,SKU-1886,8,INvalid,Product D,Active
01-06-2025,Depot M,SKU-1892,4,INvalid,Product D,Active
01-06-2025,Depot M,SKU-2007,38,INvalid,Product D,Active
01-06-2025,Depot M,SKU-2059,11,INvalid,Product D,Active
01-06-2025,Depot M,SKU-2060,50,INvalid,Product D,Active
01-06-2025,Depot M,SKU-2009,16,INvalid,Product D,Active
01-06-2025,Depot M,SKU-2010,4,INvalid,Product D,Active
01-06-2025,Depot M,SKU-2061,48,INvalid,Product D,Active
01-06-2025,Depot M,SKU-2011,3,INvalid,Product D,Active
01-06-2025,Depot M,SKU-2012,19,INvalid,Product D,Active
01-06-2025,Depot M,SKU-2013,189,INvalid,Product D,Active
01-06-2025,Depot M,SKU-1936,776,INvalid,Product D,Active
01-06-2025,Depot M,SKU-1937,712,INvalid,Product D,Active
01-06-2025,Depot M,SKU-1938,125,INvalid,Product D,Active
01-06-2025,Depot M,SKU-2015,297,INvalid,Product D,Active
01-06-2025,Depot M,SKU-1881,309,INvalid,Product D,Active
01-06-2025,Depot M,SKU-1883,65,INvalid,Product D,Active
01-06-2025,Depot M,SKU-2062,1221,INvalid,Product D,Active
01-06-2025,Depot M,SKU-1940,856,INvalid,Product D,Active
01-06-2025,Depot M,SKU-1885,183,INvalid,Product D,Active
01-06-2025,Depot M,SKU-2022,143,INvalid,Product D,Active
01-06-2025,Depot M,SKU-2026,83,INvalid,Product D,Active
01-06-2025,Depot M,SKU-2027,116,INvalid,Product D,Active
01-06-2025,Depot N,SKU-1930,1089,INvalid,Product D,Active
01-06-2025,Depot N,SKU-2047,23,INvalid,Product D,Not Active
01-06-2025,Depot N,SKU-1941,124,INvalid,Product D,Not Active
01-06-2025,Depot N,SKU-1942,285,INvalid,Product D,Not Active
01-06-2025,Depot N,SKU-1962,12,INvalid,Product D,Not Active
01-06-2025,Depot N,SKU-1902,315,INvalid,Product D,Not Active
01-06-2025,Depot N,SKU-1964,35,INvalid,Product D,Not Active
01-06-2025,Depot N,SKU-1965,5,INvalid,Product D,Active
01-06-2025,Depot N,SKU-1966,23,INvalid,Product D,Active
01-06-2025,Depot N,SKU-2052,28,INvalid,Product D,Not Active
01-06-2025,Depot N,SKU-1967,13,INvalid,Product D,Not Active
01-06-2025,Depot N,SKU-1968,5,INvalid,Product D,Not Active
01-06-2025,Depot N,SKU-1969,34,INvalid,Product D,Not Active
01-06-2025,Depot N,SKU-1970,107,INvalid,Product D,Not Active
01-06-2025,Depot N,SKU-1903,119,INvalid,Product D,Not Active
01-06-2025,Depot N,SKU-1973,118,INvalid,Product D,Not Active
01-06-2025,Depot N,SKU-1904,98,INvalid,Product D,Not Active
01-06-2025,Depot N,SKU-2063,13,INvalid,Product D,Not Active
01-06-2025,Depot N,SKU-1974,70,INvalid,Product D,Not Active
01-06-2025,Depot N,SKU-2040,2,INvalid,Product D,Not Active
01-06-2025,Depot N,SKU-1975,32,INvalid,Product D,Not Active
01-06-2025,Depot N,SKU-1944,46,INvalid,Product D,Active
01-06-2025,Depot N,SKU-1976,29,INvalid,Product D,Not Active
01-06-2025,Depot N,SKU-1977,4,INvalid,Product D,Not Active
01-06-2025,Depot N,SKU-1945,27,INvalid,Product D,Active
01-06-2025,Depot N,SKU-1947,13,INvalid,Product D,Active
01-06-2025,Depot N,SKU-1868,58,INvalid,Product D,Active
01-06-2025,Depot N,SKU-1948,11,INvalid,Product D,Active
01-06-2025,Depot N,SKU-1949,7,INvalid,Product D,Active
01-06-2025,Depot N,SKU-1950,18,INvalid,Product D,Active
01-06-2025,Depot N,SKU-1951,1,INvalid,Product D,Active
01-06-2025,Depot N,SKU-1952,9,INvalid,Product D,Active
01-06-2025,Depot N,SKU-1979,21,INvalid,Product D,Active
01-06-2025,Depot N,SKU-2034,6,INvalid,Product D,Active
01-06-2025,Depot N,SKU-1931,2,INvalid,Product D,Active
01-06-2025,Depot N,SKU-1932,16,INvalid,Product D,Active
01-06-2025,Depot N,SKU-2035,3,INvalid,Product D,Active
01-06-2025,Depot N,SKU-2042,2,INvalid,Product D,Active
01-06-2025,Depot N,SKU-1933,29,INvalid,Product D,Active
01-06-2025,Depot N,SKU-1905,40,INvalid,Product D,Active
01-06-2025,Depot N,SKU-1872,11,INvalid,Product D,Active
01-06-2025,Depot N,SKU-1953,14,INvalid,Product D,Not Active
01-06-2025,Depot N,SKU-1906,54,INvalid,Product D,Active
01-06-2025,Depot N,SKU-1934,24,INvalid,Product D,Active
01-06-2025,Depot N,SKU-1907,9,INvalid,Product D,Active
01-06-2025,Depot N,SKU-1982,10,INvalid,Product D,Active
01-06-2025,Depot N,SKU-2064,19,INvalid,Product D,Active
01-06-2025,Depot N,SKU-1983,20,INvalid,Product D,Active
01-06-2025,Depot N,SKU-1984,9,INvalid,Product D,Active
01-06-2025,Depot N,SKU-1954,72,INvalid,Product D,Active
01-06-2025,Depot N,SKU-1956,134,INvalid,Product D,Active
01-06-2025,Depot N,SKU-1957,49,INvalid,Product D,Active
01-06-2025,Depot N,SKU-2037,9,INvalid,Product D,Not Active
01-06-2025,Depot N,SKU-1987,6,INvalid,Product D,Not Active
01-06-2025,Depot N,SKU-2038,85,INvalid,Product D,Not Active
01-06-2025,Depot N,SKU-2065,21,INvalid,Product D,Not Active
01-06-2025,Depot N,SKU-1988,3,INvalid,Product D,Not Active
01-06-2025,Depot N,SKU-1989,3,INvalid,Product D,Not Active
01-06-2025,Depot N,SKU-2066,6,INvalid,Product D,Active
01-06-2025,Depot N,SKU-1873,123,INvalid,Product D,Active
01-06-2025,Depot N,SKU-1990,131,INvalid,Product D,Active
01-06-2025,Depot N,SKU-1991,61,INvalid,Product D,Active
01-06-2025,Depot N,SKU-1992,7,INvalid,Product D,Active
01-06-2025,Depot N,SKU-2057,31,INvalid,Product D,Active
01-06-2025,Depot N,SKU-1993,5,INvalid,Product D,Active
01-06-2025,Depot N,SKU-2058,16,INvalid,Product D,Active
01-06-2025,Depot N,SKU-1929,143,INvalid,Product D,Active
01-06-2025,Depot N,SKU-1908,13,INvalid,Product D,Active
01-06-2025,Depot N,SKU-1909,24,INvalid,Product D,Active
01-06-2025,Depot N,SKU-1913,350,INvalid,Product D,Active
01-06-2025,Depot N,SKU-1999,26,INvalid,Product D,Active
01-06-2025,Depot N,SKU-2000,5,INvalid,Product D,Active
01-06-2025,Depot N,SKU-2001,49,INvalid,Product D,Active
01-06-2025,Depot N,SKU-1886,33,INvalid,Product D,Active
01-06-2025,Depot N,SKU-2002,12,INvalid,Product D,Active
01-06-2025,Depot N,SKU-2003,9,INvalid,Product D,Active
01-06-2025,Depot N,SKU-2004,7,INvalid,Product D,Active
01-06-2025,Depot N,SKU-2005,39,INvalid,Product D,Active
01-06-2025,Depot N,SKU-2006,2,INvalid,Product D,Active
01-06-2025,Depot N,SKU-2039,3,INvalid,Product D,Active
01-06-2025,Depot N,SKU-1891,152,INvalid,Product D,Active
01-06-2025,Depot N,SKU-1892,2,INvalid,Product D,Active
01-06-2025,Depot N,SKU-2008,28,INvalid,Product D,Active
01-06-2025,Depot N,SKU-2009,22,INvalid,Product D,Active
01-06-2025,Depot N,SKU-2010,41,INvalid,Product D,Active
01-06-2025,Depot O,SKU-1887,156,INvalid,Product D,Active
01-06-2025,Depot O,SKU-1893,96,INvalid,Product D,Active
01-06-2025,Depot O,SKU-1897,199,INvalid,Product D,Active
01-06-2025,Depot O,SKU-1941,6,INvalid,Product D,Not Active
01-06-2025,Depot O,SKU-1942,449,INvalid,Product D,Not Active
01-06-2025,Depot O,SKU-1966,12,INvalid,Product D,Active
01-06-2025,Depot O,SKU-1917,107,INvalid,Product D,Active
01-06-2025,Depot O,SKU-1918,30,INvalid,Product D,Active
01-06-2025,Depot O,SKU-1919,9,INvalid,Product D,Active
01-06-2025,Depot O,SKU-1920,89,INvalid,Product D,Active
01-06-2025,Depot O,SKU-1921,114,INvalid,Product D,Active
01-06-2025,Depot O,SKU-2051,173,INvalid,Product D,Not Active
01-06-2025,Depot O,SKU-2052,403,INvalid,Product D,Not Active
01-06-2025,Depot O,SKU-1967,8,INvalid,Product D,Not Active
01-06-2025,Depot O,SKU-1968,4,INvalid,Product D,Not Active
01-06-2025,Depot O,SKU-1969,4,INvalid,Product D,Not Active
01-06-2025,Depot O,SKU-1922,53,INvalid,Product D,Not Active
01-06-2025,Depot O,SKU-1970,10,INvalid,Product D,Not Active
01-06-2025,Depot O,SKU-1923,4,INvalid,Product D,Not Active
01-06-2025,Depot O,SKU-2053,3,INvalid,Product D,Not Active
01-06-2025,Depot O,SKU-1972,2,INvalid,Product D,Not Active
01-06-2025,Depot O,SKU-1903,57,INvalid,Product D,Not Active
01-06-2025,Depot O,SKU-1973,38,INvalid,Product D,Not Active
01-06-2025,Depot O,SKU-1925,12,INvalid,Product D,Not Active
01-06-2025,Depot O,SKU-1926,2,INvalid,Product D,Not Active
01-06-2025,Depot O,SKU-1944,49,INvalid,Product D,Active
01-06-2025,Depot O,SKU-1866,107,INvalid,Product D,Active
01-06-2025,Depot O,SKU-1867,19,INvalid,Product D,Active
01-06-2025,Depot O,SKU-1927,8,INvalid,Product D,Not Active
01-06-2025,Depot O,SKU-1928,36,INvalid,Product D,Not Active
01-06-2025,Depot O,SKU-2056,6,INvalid,Product D,Not Active
01-06-2025,Depot O,SKU-2028,6,INvalid,Product D,Not Active
01-06-2025,Depot O,SKU-1945,4,INvalid,Product D,Active
01-06-2025,Depot O,SKU-1946,10,INvalid,Product D,Active
01-06-2025,Depot O,SKU-1868,35,INvalid,Product D,Active
01-06-2025,Depot O,SKU-1948,10,INvalid,Product D,Active
01-06-2025,Depot O,SKU-1869,9,INvalid,Product D,Active
01-06-2025,Depot O,SKU-1950,8,INvalid,Product D,Active
01-06-2025,Depot O,SKU-1870,29,INvalid,Product D,Active
01-06-2025,Depot O,SKU-1952,6,INvalid,Product D,Active
01-06-2025,Depot O,SKU-1871,12,INvalid,Product D,Active
01-06-2025,Depot O,SKU-1981,1,INvalid,Product D,Active
01-06-2025,Depot O,SKU-1932,20,INvalid,Product D,Active
01-06-2025,Depot O,SKU-1872,10,INvalid,Product D,Active
01-06-2025,Depot O,SKU-1907,8,INvalid,Product D,Active
01-06-2025,Depot O,SKU-1987,6,INvalid,Product D,Not Active
01-06-2025,Depot O,SKU-2038,6,INvalid,Product D,Not Active
01-06-2025,Depot O,SKU-1988,6,INvalid,Product D,Not Active
01-06-2025,Depot O,SKU-1989,6,INvalid,Product D,Not Active
01-06-2025,Depot O,SKU-1886,3,INvalid,Product D,Active
01-06-2025,Depot O,SKU-2002,3,INvalid,Product D,Active
01-06-2025,Depot O,SKU-2003,14,INvalid,Product D,Active
01-06-2025,Depot O,SKU-2006,6,INvalid,Product D,Active
01-06-2025,Depot O,SKU-2039,12,INvalid,Product D,Active
01-06-2025,Depot O,SKU-1891,3,INvalid,Product D,Active
01-06-2025,Depot O,SKU-2009,3,INvalid,Product D,Active
01-06-2025,Depot P,SKU-1887,9,INvalid,Product D,Active
01-06-2025,Depot P,SKU-1895,201,INvalid,Product D,Active
01-06-2025,Depot P,SKU-1896,28,INvalid,Product D,Active
01-06-2025,Depot P,SKU-1889,50,INvalid,Product D,Active
01-06-2025,Depot P,SKU-1897,25,INvalid,Product D,Active
01-06-2025,Depot P,SKU-1898,13,INvalid,Product D,Active
01-06-2025,Depot P,SKU-1941,11,INvalid,Product D,Not Active
01-06-2025,Depot P,SKU-1942,12,INvalid,Product D,Not Active
01-06-2025,Depot P,SKU-1959,48,INvalid,Product D,Not Active
01-06-2025,Depot P,SKU-1960,96,INvalid,Product D,Not Active
01-06-2025,Depot P,SKU-1961,96,INvalid,Product D,Not Active
01-06-2025,Depot P,SKU-1962,101,INvalid,Product D,Not Active
01-06-2025,Depot P,SKU-1902,97,INvalid,Product D,Not Active
01-06-2025,Depot P,SKU-1963,6,INvalid,Product D,Not Active
01-06-2025,Depot P,SKU-1964,6,INvalid,Product D,Not Active
01-06-2025,Depot P,SKU-1965,23,INvalid,Product D,Active
01-06-2025,Depot P,SKU-1966,37,INvalid,Product D,Active
01-06-2025,Depot P,SKU-1917,11,INvalid,Product D,Active
01-06-2025,Depot P,SKU-1918,27,INvalid,Product D,Active
01-06-2025,Depot P,SKU-1919,10,INvalid,Product D,Active
01-06-2025,Depot P,SKU-1899,56,INvalid,Product D,Active
01-06-2025,Depot P,SKU-1920,11,INvalid,Product D,Active
01-06-2025,Depot P,SKU-1921,4,INvalid,Product D,Active
01-06-2025,Depot P,SKU-2051,2,INvalid,Product D,Not Active
01-06-2025,Depot P,SKU-2052,5,INvalid,Product D,Not Active
01-06-2025,Depot P,SKU-1967,8,INvalid,Product D,Not Active
01-06-2025,Depot P,SKU-1968,8,INvalid,Product D,Not Active
01-06-2025,Depot P,SKU-1969,15,INvalid,Product D,Not Active
01-06-2025,Depot P,SKU-1922,11,INvalid,Product D,Not Active
01-06-2025,Depot P,SKU-1970,21,INvalid,Product D,Not Active
01-06-2025,Depot P,SKU-1923,7,INvalid,Product D,Not Active
01-06-2025,Depot P,SKU-2053,9,INvalid,Product D,Not Active
01-06-2025,Depot P,SKU-2067,3,INvalid,Product D,Not Active
01-06-2025,Depot P,SKU-1972,42,INvalid,Product D,Not Active
01-06-2025,Depot P,SKU-1903,39,INvalid,Product D,Not Active
01-06-2025,Depot P,SKU-1973,3,INvalid,Product D,Not Active
01-06-2025,Depot P,SKU-1904,1,INvalid,Product D,Not Active
01-06-2025,Depot P,SKU-2040,5,INvalid,Product D,Not Active
01-06-2025,Depot P,SKU-1975,6,INvalid,Product D,Not Active
01-06-2025,Depot P,SKU-1924,19,INvalid,Product D,Not Active
01-06-2025,Depot P,SKU-1925,27,INvalid,Product D,Not Active
01-06-2025,Depot P,SKU-1926,63,INvalid,Product D,Not Active
01-06-2025,Depot P,SKU-1943,12,INvalid,Product D,Not Active
01-06-2025,Depot P,SKU-1944,36,INvalid,Product D,Active
01-06-2025,Depot P,SKU-1866,18,INvalid,Product D,Active
01-06-2025,Depot P,SKU-1867,6,INvalid,Product D,Active
01-06-2025,Depot P,SKU-1976,4,INvalid,Product D,Not Active
01-06-2025,Depot P,SKU-1927,5,INvalid,Product D,Not Active
01-06-2025,Depot P,SKU-1928,6,INvalid,Product D,Not Active
01-06-2025,Depot P,SKU-2056,12,INvalid,Product D,Not Active
01-06-2025,Depot P,SKU-2068,10,INvalid,Product D,Not Active
01-06-2025,Depot P,SKU-2028,12,INvalid,Product D,Not Active
01-06-2025,Depot P,SKU-2029,12,INvalid,Product D,Not Active
01-06-2025,Depot P,SKU-2069,6,INvalid,Product D,Not Active
01-06-2025,Depot P,SKU-2032,1,INvalid,Product D,Not Active
01-06-2025,Depot P,SKU-2048,1,INvalid,Product D,Not Active
01-06-2025,Depot P,SKU-1868,68,INvalid,Product D,Active
01-06-2025,Depot P,SKU-1949,3,INvalid,Product D,Active
01-06-2025,Depot P,SKU-1951,2,INvalid,Product D,Active
01-06-2025,Depot P,SKU-1979,7,INvalid,Product D,Active
01-06-2025,Depot P,SKU-1871,43,INvalid,Product D,Active
01-06-2025,Depot P,SKU-1931,18,INvalid,Product D,Active
01-06-2025,Depot P,SKU-1932,36,INvalid,Product D,Active
01-06-2025,Depot P,SKU-1905,30,INvalid,Product D,Active
01-06-2025,Depot P,SKU-1872,78,INvalid,Product D,Active
01-06-2025,Depot P,SKU-1906,17,INvalid,Product D,Active
01-06-2025,Depot P,SKU-1934,9,INvalid,Product D,Active
01-06-2025,Depot P,SKU-1907,69,INvalid,Product D,Active
01-06-2025,Depot P,SKU-1982,3,INvalid,Product D,Active
01-06-2025,Depot P,SKU-1983,24,INvalid,Product D,Active
01-06-2025,Depot P,SKU-1955,37,INvalid,Product D,Active
01-06-2025,Depot P,SKU-1956,4,INvalid,Product D,Active
01-06-2025,Depot P,SKU-1986,10,INvalid,Product D,Active
01-06-2025,Depot P,SKU-2037,16,INvalid,Product D,Not Active
01-06-2025,Depot P,SKU-1987,10,INvalid,Product D,Not Active
01-06-2025,Depot P,SKU-2038,12,INvalid,Product D,Not Active
01-06-2025,Depot P,SKU-2065,6,INvalid,Product D,Not Active
01-06-2025,Depot P,SKU-1988,12,INvalid,Product D,Not Active
01-06-2025,Depot P,SKU-1989,12,INvalid,Product D,Not Active
01-06-2025,Depot P,SKU-2066,6,INvalid,Product D,Active
01-06-2025,Depot P,SKU-1873,32,INvalid,Product D,Active
01-06-2025,Depot P,SKU-1990,14,INvalid,Product D,Active
01-06-2025,Depot P,SKU-1874,15,INvalid,Product D,Active
01-06-2025,Depot P,SKU-1991,9,INvalid,Product D,Active
01-06-2025,Depot P,SKU-1993,13,INvalid,Product D,Active
01-06-2025,Depot P,SKU-2058,12,INvalid,Product D,Active
01-06-2025,Depot P,SKU-1909,24,INvalid,Product D,Active
01-06-2025,Depot P,SKU-1913,5,INvalid,Product D,Active
01-06-2025,Depot P,SKU-1900,150,INvalid,Product D,Active
01-06-2025,Depot P,SKU-1901,40,INvalid,Product D,Active
01-06-2025,Depot P,SKU-2000,6,INvalid,Product D,Active
01-06-2025,Depot P,SKU-2001,38,INvalid,Product D,Active
01-06-2025,Depot P,SKU-2004,11,INvalid,Product D,Active
01-06-2025,Depot P,SKU-2005,5,INvalid,Product D,Active
01-06-2025,Depot P,SKU-2039,103,INvalid,Product D,Active
01-06-2025,Depot P,SKU-2008,19,INvalid,Product D,Active
01-06-2025,Depot P,SKU-2009,20,INvalid,Product D,Active
01-06-2025,Depot P,SKU-2010,19,INvalid,Product D,Active
01-06-2025,Depot Q,SKU-1887,1103,INvalid,Product D,Active
01-06-2025,Depot Q,SKU-1941,309,INvalid,Product D,Not Active
01-06-2025,Depot Q,SKU-1942,94,INvalid,Product D,Not Active
01-06-2025,Depot Q,SKU-1959,6,INvalid,Product D,Not Active
01-06-2025,Depot Q,SKU-1960,6,INvalid,Product D,Not Active
01-06-2025,Depot Q,SKU-1961,6,INvalid,Product D,Not Active
01-06-2025,Depot Q,SKU-1962,7,INvalid,Product D,Not Active
01-06-2025,Depot Q,SKU-1902,6,INvalid,Product D,Not Active
01-06-2025,Depot Q,SKU-1963,9,INvalid,Product D,Not Active
01-06-2025,Depot Q,SKU-1964,135,INvalid,Product D,Not Active
01-06-2025,Depot Q,SKU-1966,12,INvalid,Product D,Active
01-06-2025,Depot Q,SKU-1917,17,INvalid,Product D,Active
01-06-2025,Depot Q,SKU-1918,26,INvalid,Product D,Active
01-06-2025,Depot Q,SKU-1919,35,INvalid,Product D,Active
01-06-2025,Depot Q,SKU-1920,149,INvalid,Product D,Active
01-06-2025,Depot Q,SKU-2051,4,INvalid,Product D,Not Active
01-06-2025,Depot Q,SKU-2052,41,INvalid,Product D,Not Active
01-06-2025,Depot Q,SKU-1967,64,INvalid,Product D,Not Active
01-06-2025,Depot Q,SKU-1968,81,INvalid,Product D,Not Active
01-06-2025,Depot Q,SKU-1969,33,INvalid,Product D,Not Active
01-06-2025,Depot Q,SKU-1922,75,INvalid,Product D,Not Active
01-06-2025,Depot Q,SKU-1970,22,INvalid,Product D,Not Active
01-06-2025,Depot Q,SKU-1923,59,INvalid,Product D,Not Active
01-06-2025,Depot Q,SKU-1972,9,INvalid,Product D,Not Active
01-06-2025,Depot Q,SKU-1903,13,INvalid,Product D,Not Active
01-06-2025,Depot Q,SKU-1973,2,INvalid,Product D,Not Active
01-06-2025,Depot Q,SKU-1924,13,INvalid,Product D,Not Active
01-06-2025,Depot Q,SKU-1925,11,INvalid,Product D,Not Active
01-06-2025,Depot Q,SKU-1926,9,INvalid,Product D,Not Active
01-06-2025,Depot Q,SKU-1944,108,INvalid,Product D,Active
01-06-2025,Depot Q,SKU-1976,11,INvalid,Product D,Not Active
01-06-2025,Depot Q,SKU-1977,24,INvalid,Product D,Not Active
01-06-2025,Depot Q,SKU-2054,5,INvalid,Product D,Not Active
01-06-2025,Depot Q,SKU-1927,9,INvalid,Product D,Not Active
01-06-2025,Depot Q,SKU-2029,6,INvalid,Product D,Not Active
01-06-2025,Depot Q,SKU-2030,6,INvalid,Product D,Not Active
01-06-2025,Depot Q,SKU-1945,11,INvalid,Product D,Active
01-06-2025,Depot Q,SKU-1946,4,INvalid,Product D,Active
01-06-2025,Depot Q,SKU-1947,6,INvalid,Product D,Active
01-06-2025,Depot Q,SKU-1948,4,INvalid,Product D,Active
01-06-2025,Depot Q,SKU-1949,9,INvalid,Product D,Active
01-06-2025,Depot Q,SKU-1950,6,INvalid,Product D,Active
01-06-2025,Depot Q,SKU-1951,33,INvalid,Product D,Active
01-06-2025,Depot Q,SKU-1952,9,INvalid,Product D,Active
01-06-2025,Depot Q,SKU-1979,7,INvalid,Product D,Active
01-06-2025,Depot Q,SKU-2034,5,INvalid,Product D,Active
01-06-2025,Depot Q,SKU-2035,6,INvalid,Product D,Active
01-06-2025,Depot Q,SKU-1905,45,INvalid,Product D,Active
01-06-2025,Depot Q,SKU-1953,12,INvalid,Product D,Not Active
01-06-2025,Depot Q,SKU-1906,17,INvalid,Product D,Active
01-06-2025,Depot Q,SKU-1983,28,INvalid,Product D,Active
01-06-2025,Depot Q,SKU-1954,52,INvalid,Product D,Active
01-06-2025,Depot Q,SKU-1955,3211,INvalid,Product D,Active
01-06-2025,Depot Q,SKU-1956,38,INvalid,Product D,Active
01-06-2025,Depot Q,SKU-1986,353,INvalid,Product D,Active
01-06-2025,Depot Q,SKU-1957,32,INvalid,Product D,Active
01-06-2025,Depot Q,SKU-2037,6,INvalid,Product D,Not Active
01-06-2025,Depot Q,SKU-1987,6,INvalid,Product D,Not Active
01-06-2025,Depot Q,SKU-2038,6,INvalid,Product D,Not Active
01-06-2025,Depot Q,SKU-1873,12,INvalid,Product D,Active
01-06-2025,Depot Q,SKU-1990,24,INvalid,Product D,Active
01-06-2025,Depot Q,SKU-1874,34,INvalid,Product D,Active
01-06-2025,Depot Q,SKU-1991,24,INvalid,Product D,Active
01-06-2025,Depot Q,SKU-1993,16,INvalid,Product D,Active
01-06-2025,Depot Q,SKU-2058,7,INvalid,Product D,Active
01-06-2025,Depot Q,SKU-1929,5,INvalid,Product D,Active
01-06-2025,Depot Q,SKU-1908,7,INvalid,Product D,Active
01-06-2025,Depot Q,SKU-1890,11,INvalid,Product D,Active
01-06-2025,Depot Q,SKU-1909,66,INvalid,Product D,Active
01-06-2025,Depot Q,SKU-2070,27,INvalid,Product D,Active
01-06-2025,Depot Q,SKU-1995,81,INvalid,Product D,Active
01-06-2025,Depot Q,SKU-1996,34,INvalid,Product D,Active
01-06-2025,Depot Q,SKU-1997,7,INvalid,Product D,Active
01-06-2025,Depot Q,SKU-1910,201,INvalid,Product D,Active
01-06-2025,Depot Q,SKU-1911,263,INvalid,Product D,Active
01-06-2025,Depot Q,SKU-1912,105,INvalid,Product D,Active
01-06-2025,Depot Q,SKU-1913,10,INvalid,Product D,Active
01-06-2025,Depot Q,SKU-1998,74,INvalid,Product D,Active
01-06-2025,Depot Q,SKU-2001,11,INvalid,Product D,Active
01-06-2025,Depot Q,SKU-1886,4,INvalid,Product D,Active
01-06-2025,Depot Q,SKU-2004,3,INvalid,Product D,Active
01-06-2025,Depot Q,SKU-2059,21,INvalid,Product D,Active
01-06-2025,Depot Q,SKU-2060,116,INvalid,Product D,Active
01-06-2025,Depot Q,SKU-2010,7,INvalid,Product D,Active
01-06-2025,Depot Q,SKU-2012,77,INvalid,Product D,Active
01-06-2025,Depot Q,SKU-2013,635,INvalid,Product D,Active
01-06-2025,Depot Q,SKU-2014,1103,INvalid,Product D,Active
01-06-2025,Depot Q,SKU-2071,63,INvalid,Product D,Active
01-06-2025,Depot Q,SKU-1875,213,INvalid,Product D,Active
01-06-2025,Depot Q,SKU-1876,2232,INvalid,Product D,Active
01-06-2025,Depot Q,SKU-1877,3236,INvalid,Product D,Active
01-06-2025,Depot Q,SKU-1878,1526,INvalid,Product D,Active
01-06-2025,Depot Q,SKU-1879,4948,INvalid,Product D,Active
01-06-2025,Depot Q,SKU-1880,2065,INvalid,Product D,Active
01-06-2025,Depot Q,SKU-2015,175,INvalid,Product D,Active
01-06-2025,Depot Q,SKU-1915,10335,INvalid,Product D,Active
01-06-2025,Depot Q,SKU-2072,438,INvalid,Product D,Active
01-06-2025,Depot Q,SKU-2073,390,INvalid,Product D,Active
01-06-2025,Depot Q,SKU-1884,2444,INvalid,Product D,Active
01-06-2025,Depot Q,SKU-2062,339,INvalid,Product D,Active
01-06-2025,Depot Q,SKU-2017,8,INvalid,Product D,Active
01-06-2025,Depot Q,SKU-2018,61,INvalid,Product D,Active
01-06-2025,Depot Q,SKU-2019,26,INvalid,Product D,Active
01-06-2025,Depot Q,SKU-2020,34,INvalid,Product D,Active
01-06-2025,Depot Q,SKU-1885,96,INvalid,Product D,Active
01-06-2025,Depot Q,SKU-2021,119,INvalid,Product D,Active
01-06-2025,Depot Q,SKU-2022,43,INvalid,Product D,Active
01-06-2025,Depot Q,SKU-2026,15,INvalid,Product D,Active
01-06-2025,Depot Q,SKU-2027,100,INvalid,Product D,Active
01-06-2025,Depot Q,SKU-1916,177,INvalid,Product D,Active
01-06-2025,Depot A,SKU-2074,165,Valid,Product E,Active
01-06-2025,Depot A,SKU-2075,364,Valid,Product E,Active
01-06-2025,Depot A,SKU-2076,208,Valid,Product E,Active
01-06-2025,Depot A,SKU-2077,414,Valid,Product E,Active
01-06-2025,Depot A,SKU-2078,214,Valid,Product E,Active
01-06-2025,Depot A,SKU-2079,134,Valid,Product E,Active
01-06-2025,Depot A,SKU-2080,176,Valid,Product E,Active
01-06-2025,Depot A,SKU-2081,271,Valid,Product E,Active
01-06-2025,Depot A,SKU-2082,82,Valid,Product E,Active
01-06-2025,Depot A,SKU-2083,172,Valid,Product E,Active
01-06-2025,Depot A,SKU-2084,104,Valid,Product E,Active
01-06-2025,Depot A,SKU-2085,260,Valid,Product E,Active
01-06-2025,Depot A,SKU-2086,69,Valid,Product E,Active
01-06-2025,Depot A,SKU-2087,21,Valid,Product E,Active
01-06-2025,Depot A,SKU-2088,57,Valid,Product E,Active
01-06-2025,Depot A,SKU-2089,34,Valid,Product E,Active
01-06-2025,Depot A,SKU-2090,6,Valid,Product E,Active
01-06-2025,Depot A,SKU-2091,6,Valid,Product E,Active
01-06-2025,Depot A,SKU-2092,129,Valid,Product E,Active
01-06-2025,Depot A,SKU-2093,115,Valid,Product E,Active
01-06-2025,Depot A,SKU-2094,40,Valid,Product E,Active
01-06-2025,Depot A,SKU-2095,283,Valid,Product E,Active
01-06-2025,Depot A,SKU-2096,46,Valid,Product E,Active
01-06-2025,Depot A,SKU-2097,75,Valid,Product E,Active
01-06-2025,Depot A,SKU-2098,51,Valid,Product E,Active
01-06-2025,Depot A,SKU-2099,226,Valid,Product E,Active
01-06-2025,Depot A,SKU-2100,127,Valid,Product E,Active
01-06-2025,Depot A,SKU-2101,108,Valid,Product E,Active
01-06-2025,Depot A,SKU-2102,20,Valid,Product E,Active
01-06-2025,Depot A,SKU-2103,50,Valid,Product E,Active
01-06-2025,Depot A,SKU-2104,32,Valid,Product E,Active
01-06-2025,Depot A,SKU-2105,53,Valid,Product E,Active
01-06-2025,Depot A,SKU-2106,34,Valid,Product E,Active
01-06-2025,Depot A,SKU-2107,22,Valid,Product E,Active
01-06-2025,Depot A,SKU-2108,9,Valid,Product E,Active
01-06-2025,Depot B,SKU-2109,153,Valid,Product E,Active
01-06-2025,Depot B,SKU-2110,481,Valid,Product E,Active
01-06-2025,Depot B,SKU-2111,252,Valid,Product E,Active
01-06-2025,Depot B,SKU-2112,748,Valid,Product E,Active
01-06-2025,Depot B,SKU-2113,13,Valid,Product E,Active
01-06-2025,Depot B,SKU-2114,484,Valid,Product E,Active
01-06-2025,Depot B,SKU-2115,322,Valid,Product E,Active
01-06-2025,Depot B,SKU-2116,742,Valid,Product E,Active
01-06-2025,Depot B,SKU-2117,229,Valid,Product E,Active
01-06-2025,Depot B,SKU-2118,245,Valid,Product E,Active
01-06-2025,Depot B,SKU-2119,543,Valid,Product E,Active
01-06-2025,Depot B,SKU-2120,249,Valid,Product E,Active
01-06-2025,Depot B,SKU-2121,505,Valid,Product E,Active
01-06-2025,Depot B,SKU-2122,234,Valid,Product E,Active
01-06-2025,Depot B,SKU-2123,231,Valid,Product E,Active
01-06-2025,Depot B,SKU-2124,161,Valid,Product E,Active
01-06-2025,Depot B,SKU-2125,6,Valid,Product E,Active
01-06-2025,Depot B,SKU-2126,88,Valid,Product E,Active
01-06-2025,Depot B,SKU-2075,616,Valid,Product E,Active
01-06-2025,Depot B,SKU-2127,24,Valid,Product E,Active
01-06-2025,Depot B,SKU-2076,104,Valid,Product E,Active
01-06-2025,Depot B,SKU-2128,21,Valid,Product E,Active
01-06-2025,Depot B,SKU-2129,194,Valid,Product E,Active
01-06-2025,Depot B,SKU-2130,23,Valid,Product E,Active
01-06-2025,Depot B,SKU-2077,98,Valid,Product E,Active
01-06-2025,Depot B,SKU-2131,33,Valid,Product E,Active
01-06-2025,Depot B,SKU-2078,806,Valid,Product E,Active
01-06-2025,Depot B,SKU-2132,64,Valid,Product E,Active
01-06-2025,Depot B,SKU-2079,68,Valid,Product E,Active
01-06-2025,Depot B,SKU-2133,63,Valid,Product E,Active
01-06-2025,Depot B,SKU-2080,45,Valid,Product E,Active
01-06-2025,Depot B,SKU-2134,112,Valid,Product E,Active
01-06-2025,Depot B,SKU-2135,24,Valid,Product E,Active
01-06-2025,Depot B,SKU-2136,59,Valid,Product E,Active
01-06-2025,Depot B,SKU-2081,159,Valid,Product E,Active
01-06-2025,Depot B,SKU-2137,19,Valid,Product E,Active
01-06-2025,Depot B,SKU-2082,38,Valid,Product E,Active
01-06-2025,Depot B,SKU-2138,52,Valid,Product E,Active
01-06-2025,Depot B,SKU-2083,86,Valid,Product E,Active
01-06-2025,Depot B,SKU-2139,18,Valid,Product E,Active
01-06-2025,Depot B,SKU-2084,273,Valid,Product E,Active
01-06-2025,Depot B,SKU-2140,35,Valid,Product E,Active
01-06-2025,Depot B,SKU-2141,37,Valid,Product E,Active
01-06-2025,Depot B,SKU-2085,100,Valid,Product E,Active
01-06-2025,Depot B,SKU-2142,7,Valid,Product E,Active
01-06-2025,Depot B,SKU-2086,300,Valid,Product E,Active
01-06-2025,Depot B,SKU-2143,36,Valid,Product E,Active
01-06-2025,Depot B,SKU-2087,75,Valid,Product E,Active
01-06-2025,Depot B,SKU-2144,31,Valid,Product E,Active
01-06-2025,Depot B,SKU-2145,40,Valid,Product E,Active
01-06-2025,Depot B,SKU-2088,70,Valid,Product E,Active
01-06-2025,Depot B,SKU-2089,35,Valid,Product E,Active
01-06-2025,Depot B,SKU-2146,15,Valid,Product E,Active
01-06-2025,Depot B,SKU-2147,7,Valid,Product E,Active
01-06-2025,Depot B,SKU-2090,10,Valid,Product E,Active
01-06-2025,Depot B,SKU-2148,7,Valid,Product E,Active
01-06-2025,Depot B,SKU-2091,5,Valid,Product E,Active
01-06-2025,Depot B,SKU-2149,822,Valid,Product E,Active
01-06-2025,Depot B,SKU-2093,121,Valid,Product E,Active
01-06-2025,Depot B,SKU-2150,694,Valid,Product E,Active
01-06-2025,Depot B,SKU-2094,140,Valid,Product E,Active
01-06-2025,Depot B,SKU-2151,931,Valid,Product E,Active
01-06-2025,Depot B,SKU-2152,633,Valid,Product E,Active
01-06-2025,Depot B,SKU-2153,86,Valid,Product E,Active
01-06-2025,Depot B,SKU-2154,532,Valid,Product E,Active
01-06-2025,Depot B,SKU-2095,274,Valid,Product E,Active
01-06-2025,Depot B,SKU-2155,24,Valid,Product E,Active
01-06-2025,Depot B,SKU-2156,708,Valid,Product E,Active
01-06-2025,Depot B,SKU-2096,177,Valid,Product E,Active
01-06-2025,Depot B,SKU-2157,530,Valid,Product E,Active
01-06-2025,Depot B,SKU-2097,431,Valid,Product E,Active
01-06-2025,Depot B,SKU-2158,343,Valid,Product E,Active
01-06-2025,Depot B,SKU-2098,483,Valid,Product E,Active
01-06-2025,Depot B,SKU-2159,475,Valid,Product E,Active
01-06-2025,Depot B,SKU-2160,83,Valid,Product E,Active
01-06-2025,Depot B,SKU-2161,118,Valid,Product E,Active
01-06-2025,Depot B,SKU-2162,105,Valid,Product E,Active
01-06-2025,Depot B,SKU-2163,472,Valid,Product E,Active
01-06-2025,Depot B,SKU-2099,427,Valid,Product E,Active
01-06-2025,Depot B,SKU-2164,48,Valid,Product E,Active
01-06-2025,Depot B,SKU-2165,75,Valid,Product E,Active
01-06-2025,Depot B,SKU-2166,261,Valid,Product E,Active
01-06-2025,Depot B,SKU-2100,507,Valid,Product E,Active
01-06-2025,Depot B,SKU-2167,1451,Valid,Product E,Active
01-06-2025,Depot B,SKU-2101,511,Valid,Product E,Active
01-06-2025,Depot B,SKU-2168,584,Valid,Product E,Active
01-06-2025,Depot B,SKU-2102,647,Valid,Product E,Active
01-06-2025,Depot B,SKU-2169,17,Valid,Product E,Active
01-06-2025,Depot B,SKU-2170,1391,Valid,Product E,Active
01-06-2025,Depot B,SKU-2103,491,Valid,Product E,Active
01-06-2025,Depot B,SKU-2171,615,Valid,Product E,Active
01-06-2025,Depot B,SKU-2104,698,Valid,Product E,Active
01-06-2025,Depot B,SKU-2172,573,Valid,Product E,Active
01-06-2025,Depot B,SKU-2105,116,Valid,Product E,Active
01-06-2025,Depot B,SKU-2173,368,Valid,Product E,Active
01-06-2025,Depot B,SKU-2174,78,Valid,Product E,Active
01-06-2025,Depot B,SKU-2175,638,Valid,Product E,Active
01-06-2025,Depot B,SKU-2106,136,Valid,Product E,Active
01-06-2025,Depot B,SKU-2176,301,Valid,Product E,Active
01-06-2025,Depot B,SKU-2177,86,Valid,Product E,Active
01-06-2025,Depot B,SKU-2178,62,Valid,Product E,Active
01-06-2025,Depot B,SKU-2107,17,Valid,Product E,Active
01-06-2025,Depot B,SKU-2179,60,Valid,Product E,Active
01-06-2025,Depot B,SKU-2180,35,Valid,Product E,Active
01-06-2025,Depot B,SKU-2181,41,Valid,Product E,Active
01-06-2025,Depot B,SKU-2108,15,Valid,Product E,Active
01-06-2025,Depot B,SKU-2182,29,Valid,Product E,Active
01-06-2025,Depot B,SKU-2183,28,Valid,Product E,Active
01-06-2025,Depot B,SKU-2184,71,Valid,Product E,Active
01-06-2025,Depot B,SKU-2185,47,Valid,Product E,Active
01-06-2025,Depot B,SKU-2186,8,Valid,Product E,Active
01-06-2025,Depot C,SKU-2126,15,Valid,Product E,Active
01-06-2025,Depot C,SKU-2075,869,Valid,Product E,Active
01-06-2025,Depot C,SKU-2076,75,Valid,Product E,Active
01-06-2025,Depot C,SKU-2129,500,Valid,Product E,Active
01-06-2025,Depot C,SKU-2130,36,Valid,Product E,Active
01-06-2025,Depot C,SKU-2077,797,Valid,Product E,Active
01-06-2025,Depot C,SKU-2078,475,Valid,Product E,Active
01-06-2025,Depot C,SKU-2132,54,Valid,Product E,Active
01-06-2025,Depot C,SKU-2079,397,Valid,Product E,Active
01-06-2025,Depot C,SKU-2080,332,Valid,Product E,Active
01-06-2025,Depot C,SKU-2134,67,Valid,Product E,Active
01-06-2025,Depot C,SKU-2135,16,Valid,Product E,Active
01-06-2025,Depot C,SKU-2136,53,Valid,Product E,Active
01-06-2025,Depot C,SKU-2081,467,Valid,Product E,Active
01-06-2025,Depot C,SKU-2082,141,Valid,Product E,Active
01-06-2025,Depot C,SKU-2138,46,Valid,Product E,Active
01-06-2025,Depot C,SKU-2083,344,Valid,Product E,Active
01-06-2025,Depot C,SKU-2084,139,Valid,Product E,Active
01-06-2025,Depot C,SKU-2141,41,Valid,Product E,Active
01-06-2025,Depot C,SKU-2085,469,Valid,Product E,Active
01-06-2025,Depot C,SKU-2086,143,Valid,Product E,Active
01-06-2025,Depot C,SKU-2143,1291,Valid,Product E,Active
01-06-2025,Depot C,SKU-2087,106,Valid,Product E,Active
01-06-2025,Depot C,SKU-2145,96,Valid,Product E,Active
01-06-2025,Depot C,SKU-2088,54,Valid,Product E,Active
01-06-2025,Depot C,SKU-2149,117,Valid,Product E,Active
01-06-2025,Depot C,SKU-2093,61,Valid,Product E,Active
01-06-2025,Depot C,SKU-2150,31,Valid,Product E,Active
01-06-2025,Depot C,SKU-2094,9,Valid,Product E,Active
01-06-2025,Depot C,SKU-2151,46,Valid,Product E,Active
01-06-2025,Depot C,SKU-2152,51,Valid,Product E,Active
01-06-2025,Depot C,SKU-2154,47,Valid,Product E,Active
01-06-2025,Depot C,SKU-2095,92,Valid,Product E,Active
01-06-2025,Depot C,SKU-2156,31,Valid,Product E,Active
01-06-2025,Depot C,SKU-2096,13,Valid,Product E,Active
01-06-2025,Depot C,SKU-2157,10,Valid,Product E,Active
01-06-2025,Depot C,SKU-2097,121,Valid,Product E,Active
01-06-2025,Depot C,SKU-2098,18,Valid,Product E,Active
01-06-2025,Depot C,SKU-2159,14,Valid,Product E,Active
01-06-2025,Depot C,SKU-2160,81,Valid,Product E,Active
01-06-2025,Depot C,SKU-2163,11,Valid,Product E,Active
01-06-2025,Depot C,SKU-2099,109,Valid,Product E,Active
01-06-2025,Depot C,SKU-2166,9,Valid,Product E,Active
01-06-2025,Depot C,SKU-2100,31,Valid,Product E,Active
01-06-2025,Depot C,SKU-2167,48,Valid,Product E,Active
01-06-2025,Depot C,SKU-2101,144,Valid,Product E,Active
01-06-2025,Depot C,SKU-2170,25,Valid,Product E,Active
01-06-2025,Depot C,SKU-2103,106,Valid,Product E,Active
01-06-2025,Depot C,SKU-2171,21,Valid,Product E,Active
01-06-2025,Depot C,SKU-2172,15,Valid,Product E,Active
01-06-2025,Depot C,SKU-2105,47,Valid,Product E,Active
01-06-2025,Depot C,SKU-2175,11,Valid,Product E,Active
01-06-2025,Depot C,SKU-2106,20,Valid,Product E,Active
01-06-2025,Depot C,SKU-2187,10,Valid,Product E,Active
01-06-2025,Depot D,SKU-2188,35,Valid,Product E,Active
01-06-2025,Depot D,SKU-2189,23,Valid,Product E,Active
01-06-2025,Depot D,SKU-2190,28,Valid,Product E,Active
01-06-2025,Depot D,SKU-2191,28,Valid,Product E,Active
01-06-2025,Depot D,SKU-2192,139,Valid,Product E,Active
01-06-2025,Depot D,SKU-2193,102,Valid,Product E,Active
01-06-2025,Depot D,SKU-2109,101,Valid,Product E,Active
01-06-2025,Depot D,SKU-2194,33,Valid,Product E,Active
01-06-2025,Depot D,SKU-2195,93,Valid,Product E,Active
01-06-2025,Depot D,SKU-2110,782,Valid,Product E,Active
01-06-2025,Depot D,SKU-2111,410,Valid,Product E,Active
01-06-2025,Depot D,SKU-2112,1642,Valid,Product E,Active
01-06-2025,Depot D,SKU-2114,393,Valid,Product E,Active
01-06-2025,Depot D,SKU-2115,382,Valid,Product E,Active
01-06-2025,Depot D,SKU-2116,773,Valid,Product E,Active
01-06-2025,Depot D,SKU-2117,148,Valid,Product E,Active
01-06-2025,Depot D,SKU-2118,454,Valid,Product E,Active
01-06-2025,Depot D,SKU-2119,277,Valid,Product E,Active
01-06-2025,Depot D,SKU-2120,293,Valid,Product E,Active
01-06-2025,Depot D,SKU-2121,283,Valid,Product E,Active
01-06-2025,Depot D,SKU-2122,64,Valid,Product E,Active
01-06-2025,Depot D,SKU-2196,39,Valid,Product E,Active
01-06-2025,Depot D,SKU-2123,125,Valid,Product E,Active
01-06-2025,Depot D,SKU-2124,68,Valid,Product E,Active
01-06-2025,Depot D,SKU-2125,145,Valid,Product E,Active
01-06-2025,Depot D,SKU-2197,117,Valid,Product E,Active
01-06-2025,Depot D,SKU-2198,62,Valid,Product E,Active
01-06-2025,Depot D,SKU-2199,97,Valid,Product E,Active
01-06-2025,Depot D,SKU-2075,127,Valid,Product E,Active
01-06-2025,Depot D,SKU-2076,63,Valid,Product E,Active
01-06-2025,Depot D,SKU-2129,38,Valid,Product E,Active
01-06-2025,Depot D,SKU-2077,85,Valid,Product E,Active
01-06-2025,Depot D,SKU-2078,72,Valid,Product E,Active
01-06-2025,Depot D,SKU-2135,25,Valid,Product E,Active
01-06-2025,Depot D,SKU-2081,24,Valid,Product E,Active
01-06-2025,Depot D,SKU-2082,27,Valid,Product E,Active
01-06-2025,Depot D,SKU-2083,35,Valid,Product E,Active
01-06-2025,Depot D,SKU-2084,18,Valid,Product E,Active
01-06-2025,Depot D,SKU-2085,50,Valid,Product E,Active
01-06-2025,Depot D,SKU-2086,22,Valid,Product E,Active
01-06-2025,Depot D,SKU-2087,18,Valid,Product E,Active
01-06-2025,Depot D,SKU-2088,11,Valid,Product E,Active
01-06-2025,Depot D,SKU-2149,16,Valid,Product E,Active
01-06-2025,Depot D,SKU-2094,10,Valid,Product E,Active
01-06-2025,Depot D,SKU-2151,36,Valid,Product E,Active
01-06-2025,Depot D,SKU-2154,71,Valid,Product E,Active
01-06-2025,Depot D,SKU-2095,48,Valid,Product E,Active
01-06-2025,Depot D,SKU-2156,25,Valid,Product E,Active
01-06-2025,Depot D,SKU-2157,75,Valid,Product E,Active
01-06-2025,Depot D,SKU-2158,82,Valid,Product E,Active
01-06-2025,Depot D,SKU-2159,69,Valid,Product E,Active
01-06-2025,Depot D,SKU-2163,57,Valid,Product E,Active
01-06-2025,Depot D,SKU-2166,53,Valid,Product E,Active
01-06-2025,Depot D,SKU-2167,112,Valid,Product E,Active
01-06-2025,Depot D,SKU-2101,47,Valid,Product E,Active
01-06-2025,Depot D,SKU-2168,24,Valid,Product E,Active
01-06-2025,Depot D,SKU-2169,17,Valid,Product E,Active
01-06-2025,Depot D,SKU-2170,49,Valid,Product E,Active
01-06-2025,Depot D,SKU-2103,49,Valid,Product E,Active
01-06-2025,Depot D,SKU-2171,211,Valid,Product E,Active
01-06-2025,Depot D,SKU-2172,27,Valid,Product E,Active
01-06-2025,Depot D,SKU-2175,16,Valid,Product E,Active
01-06-2025,Depot E,SKU-2074,1063,Valid,Product E,Active
01-06-2025,Depot E,SKU-2075,144,Valid,Product E,Active
01-06-2025,Depot E,SKU-2076,88,Valid,Product E,Active
01-06-2025,Depot E,SKU-2129,360,Valid,Product E,Active
01-06-2025,Depot E,SKU-2077,36,Valid,Product E,Active
01-06-2025,Depot E,SKU-2200,376,Valid,Product E,Active
01-06-2025,Depot E,SKU-2078,119,Valid,Product E,Active
01-06-2025,Depot E,SKU-2079,308,Valid,Product E,Active
01-06-2025,Depot E,SKU-2080,96,Valid,Product E,Active
01-06-2025,Depot E,SKU-2135,28,Valid,Product E,Active
01-06-2025,Depot E,SKU-2081,189,Valid,Product E,Active
01-06-2025,Depot E,SKU-2201,115,Valid,Product E,Active
01-06-2025,Depot E,SKU-2082,2,Valid,Product E,Active
01-06-2025,Depot E,SKU-2083,174,Valid,Product E,Active
01-06-2025,Depot E,SKU-2084,33,Valid,Product E,Active
01-06-2025,Depot E,SKU-2085,230,Valid,Product E,Active
01-06-2025,Depot E,SKU-2086,35,Valid,Product E,Active
01-06-2025,Depot E,SKU-2087,42,Valid,Product E,Active
01-06-2025,Depot E,SKU-2088,10,Valid,Product E,Active
01-06-2025,Depot E,SKU-2147,67,Valid,Product E,Active
01-06-2025,Depot E,SKU-2090,21,Valid,Product E,Active
01-06-2025,Depot E,SKU-2148,7,Valid,Product E,Active
01-06-2025,Depot E,SKU-2091,13,Valid,Product E,Active
01-06-2025,Depot E,SKU-2092,2834,Valid,Product E,Active
01-06-2025,Depot E,SKU-2093,2163,Valid,Product E,Active
01-06-2025,Depot E,SKU-2094,2224,Valid,Product E,Active
01-06-2025,Depot E,SKU-2152,433,Valid,Product E,Active
01-06-2025,Depot E,SKU-2095,2416,Valid,Product E,Active
01-06-2025,Depot E,SKU-2202,1836,Valid,Product E,Active
01-06-2025,Depot E,SKU-2096,1153,Valid,Product E,Active
01-06-2025,Depot E,SKU-2157,58,Valid,Product E,Active
01-06-2025,Depot E,SKU-2097,3378,Valid,Product E,Active
01-06-2025,Depot E,SKU-2098,1299,Valid,Product E,Active
01-06-2025,Depot E,SKU-2160,92,Valid,Product E,Active
01-06-2025,Depot E,SKU-2163,43,Valid,Product E,Active
01-06-2025,Depot E,SKU-2099,3306,Valid,Product E,Active
01-06-2025,Depot E,SKU-2165,157,Valid,Product E,Active
01-06-2025,Depot E,SKU-2100,1316,Valid,Product E,Active
01-06-2025,Depot E,SKU-2101,2018,Valid,Product E,Active
01-06-2025,Depot E,SKU-2102,811,Valid,Product E,Active
01-06-2025,Depot E,SKU-2103,2063,Valid,Product E,Active
01-06-2025,Depot E,SKU-2104,714,Valid,Product E,Active
01-06-2025,Depot E,SKU-2105,350,Valid,Product E,Active
01-06-2025,Depot E,SKU-2174,67,Valid,Product E,Active
01-06-2025,Depot E,SKU-2106,329,Valid,Product E,Active
01-06-2025,Depot E,SKU-2177,38,Valid,Product E,Active
01-06-2025,Depot E,SKU-2107,61,Valid,Product E,Active
01-06-2025,Depot E,SKU-2108,91,Valid,Product E,Active
01-06-2025,Depot F,SKU-2074,52,Valid,Product E,Active
01-06-2025,Depot F,SKU-2075,165,Valid,Product E,Active
01-06-2025,Depot F,SKU-2076,198,Valid,Product E,Active
01-06-2025,Depot F,SKU-2077,180,Valid,Product E,Active
01-06-2025,Depot F,SKU-2200,85,Valid,Product E,Active
01-06-2025,Depot F,SKU-2078,312,Valid,Product E,Active
01-06-2025,Depot F,SKU-2079,339,Valid,Product E,Active
01-06-2025,Depot F,SKU-2080,57,Valid,Product E,Active
01-06-2025,Depot F,SKU-2081,332,Valid,Product E,Active
01-06-2025,Depot F,SKU-2201,44,Valid,Product E,Active
01-06-2025,Depot F,SKU-2082,54,Valid,Product E,Active
01-06-2025,Depot F,SKU-2083,163,Valid,Product E,Active
01-06-2025,Depot F,SKU-2084,36,Valid,Product E,Active
01-06-2025,Depot F,SKU-2085,140,Valid,Product E,Active
01-06-2025,Depot F,SKU-2086,47,Valid,Product E,Active
01-06-2025,Depot F,SKU-2087,18,Valid,Product E,Active
01-06-2025,Depot F,SKU-2092,292,Valid,Product E,Active
01-06-2025,Depot F,SKU-2203,48,Valid,Product E,Active
01-06-2025,Depot F,SKU-2093,184,Valid,Product E,Active
01-06-2025,Depot F,SKU-2094,1045,Valid,Product E,Active
01-06-2025,Depot F,SKU-2152,127,Valid,Product E,Active
01-06-2025,Depot F,SKU-2095,226,Valid,Product E,Active
01-06-2025,Depot F,SKU-2202,482,Valid,Product E,Active
01-06-2025,Depot F,SKU-2096,1068,Valid,Product E,Active
01-06-2025,Depot F,SKU-2097,1229,Valid,Product E,Active
01-06-2025,Depot F,SKU-2098,118,Valid,Product E,Active
01-06-2025,Depot F,SKU-2099,1029,Valid,Product E,Active
01-06-2025,Depot F,SKU-2165,93,Valid,Product E,Active
01-06-2025,Depot F,SKU-2100,90,Valid,Product E,Active
01-06-2025,Depot F,SKU-2101,608,Valid,Product E,Active
01-06-2025,Depot F,SKU-2102,31,Valid,Product E,Active
01-06-2025,Depot F,SKU-2103,569,Valid,Product E,Active
01-06-2025,Depot F,SKU-2104,28,Valid,Product E,Active
01-06-2025,Depot F,SKU-2105,66,Valid,Product E,Active
01-06-2025,Depot F,SKU-2106,54,Valid,Product E,Active
01-06-2025,Depot G,SKU-2075,34,Valid,Product E,Active
01-06-2025,Depot G,SKU-2077,32,Valid,Product E,Active
01-06-2025,Depot G,SKU-2078,82,Valid,Product E,Active
01-06-2025,Depot G,SKU-2083,50,Valid,Product E,Active
01-06-2025,Depot G,SKU-2085,21,Valid,Product E,Active
01-06-2025,Depot G,SKU-2088,17,Valid,Product E,Active
01-06-2025,Depot G,SKU-2149,105,Valid,Product E,Active
01-06-2025,Depot G,SKU-2093,158,Valid,Product E,Active
01-06-2025,Depot G,SKU-2150,70,Valid,Product E,Active
01-06-2025,Depot G,SKU-2094,65,Valid,Product E,Active
01-06-2025,Depot G,SKU-2151,82,Valid,Product E,Active
01-06-2025,Depot G,SKU-2152,95,Valid,Product E,Active
01-06-2025,Depot G,SKU-2154,111,Valid,Product E,Active
01-06-2025,Depot G,SKU-2095,180,Valid,Product E,Active
01-06-2025,Depot G,SKU-2156,36,Valid,Product E,Active
01-06-2025,Depot G,SKU-2096,109,Valid,Product E,Active
01-06-2025,Depot G,SKU-2097,74,Valid,Product E,Active
01-06-2025,Depot G,SKU-2098,95,Valid,Product E,Active
01-06-2025,Depot G,SKU-2160,49,Valid,Product E,Active
01-06-2025,Depot G,SKU-2099,64,Valid,Product E,Active
01-06-2025,Depot G,SKU-2100,25,Valid,Product E,Active
01-06-2025,Depot G,SKU-2167,83,Valid,Product E,Active
01-06-2025,Depot G,SKU-2101,126,Valid,Product E,Active
01-06-2025,Depot G,SKU-2168,27,Valid,Product E,Active
01-06-2025,Depot G,SKU-2102,517,Valid,Product E,Active
01-06-2025,Depot G,SKU-2169,10,Valid,Product E,Active
01-06-2025,Depot G,SKU-2170,88,Valid,Product E,Active
01-06-2025,Depot G,SKU-2103,92,Valid,Product E,Active
01-06-2025,Depot G,SKU-2171,50,Valid,Product E,Active
01-06-2025,Depot G,SKU-2104,39,Valid,Product E,Active
01-06-2025,Depot G,SKU-2172,30,Valid,Product E,Active
01-06-2025,Depot G,SKU-2105,43,Valid,Product E,Active
01-06-2025,Depot G,SKU-2173,36,Valid,Product E,Active
01-06-2025,Depot G,SKU-2175,121,Valid,Product E,Active
01-06-2025,Depot G,SKU-2106,59,Valid,Product E,Active
01-06-2025,Depot G,SKU-2176,14,Valid,Product E,Active
01-06-2025,Depot H,SKU-2075,22,Valid,Product E,Active
01-06-2025,Depot H,SKU-2077,12,Valid,Product E,Active
01-06-2025,Depot H,SKU-2083,18,Valid,Product E,Active
01-06-2025,Depot H,SKU-2085,10,Valid,Product E,Active
01-06-2025,Depot H,SKU-2092,41,Valid,Product E,Active
01-06-2025,Depot H,SKU-2149,44,Valid,Product E,Active
01-06-2025,Depot H,SKU-2093,292,Valid,Product E,Active
01-06-2025,Depot H,SKU-2150,23,Valid,Product E,Active
01-06-2025,Depot H,SKU-2094,107,Valid,Product E,Active
01-06-2025,Depot H,SKU-2151,22,Valid,Product E,Active
01-06-2025,Depot H,SKU-2152,71,Valid,Product E,Active
01-06-2025,Depot H,SKU-2154,63,Valid,Product E,Active
01-06-2025,Depot H,SKU-2095,375,Valid,Product E,Active
01-06-2025,Depot H,SKU-2202,36,Valid,Product E,Active
01-06-2025,Depot H,SKU-2096,147,Valid,Product E,Active
01-06-2025,Depot H,SKU-2157,72,Valid,Product E,Active
01-06-2025,Depot H,SKU-2097,87,Valid,Product E,Active
01-06-2025,Depot H,SKU-2158,22,Valid,Product E,Active
01-06-2025,Depot H,SKU-2098,67,Valid,Product E,Active
01-06-2025,Depot H,SKU-2160,47,Valid,Product E,Active
01-06-2025,Depot H,SKU-2163,80,Valid,Product E,Active
01-06-2025,Depot H,SKU-2099,97,Valid,Product E,Active
01-06-2025,Depot H,SKU-2100,141,Valid,Product E,Active
01-06-2025,Depot H,SKU-2167,76,Valid,Product E,Active
01-06-2025,Depot H,SKU-2101,223,Valid,Product E,Active
01-06-2025,Depot H,SKU-2102,12,Valid,Product E,Active
01-06-2025,Depot H,SKU-2170,87,Valid,Product E,Active
01-06-2025,Depot H,SKU-2103,133,Valid,Product E,Active
01-06-2025,Depot H,SKU-2104,58,Valid,Product E,Active
01-06-2025,Depot H,SKU-2172,19,Valid,Product E,Active
01-06-2025,Depot H,SKU-2105,17,Valid,Product E,Active
01-06-2025,Depot H,SKU-2175,23,Valid,Product E,Active
01-06-2025,Depot H,SKU-2106,21,Valid,Product E,Active
01-06-2025,Depot I,SKU-2074,146,Valid,Product E,Active
01-06-2025,Depot I,SKU-2075,184,Valid,Product E,Active
01-06-2025,Depot I,SKU-2076,92,Valid,Product E,Active
01-06-2025,Depot I,SKU-2129,61,Valid,Product E,Active
01-06-2025,Depot I,SKU-2077,222,Valid,Product E,Active
01-06-2025,Depot I,SKU-2200,155,Valid,Product E,Active
01-06-2025,Depot I,SKU-2078,131,Valid,Product E,Active
01-06-2025,Depot I,SKU-2079,174,Valid,Product E,Active
01-06-2025,Depot I,SKU-2080,54,Valid,Product E,Active
01-06-2025,Depot I,SKU-2081,109,Valid,Product E,Active
01-06-2025,Depot I,SKU-2201,43,Valid,Product E,Active
01-06-2025,Depot I,SKU-2082,66,Valid,Product E,Active
01-06-2025,Depot I,SKU-2083,170,Valid,Product E,Active
01-06-2025,Depot I,SKU-2084,56,Valid,Product E,Active
01-06-2025,Depot I,SKU-2085,141,Valid,Product E,Active
01-06-2025,Depot I,SKU-2086,43,Valid,Product E,Active
01-06-2025,Depot I,SKU-2087,45,Valid,Product E,Active
01-06-2025,Depot I,SKU-2088,25,Valid,Product E,Active
01-06-2025,Depot I,SKU-2092,113,Valid,Product E,Active
01-06-2025,Depot I,SKU-2093,181,Valid,Product E,Active
01-06-2025,Depot I,SKU-2094,114,Valid,Product E,Active
01-06-2025,Depot I,SKU-2152,55,Valid,Product E,Active
01-06-2025,Depot I,SKU-2095,372,Valid,Product E,Active
01-06-2025,Depot I,SKU-2202,61,Valid,Product E,Active
01-06-2025,Depot I,SKU-2096,226,Valid,Product E,Active
01-06-2025,Depot I,SKU-2097,90,Valid,Product E,Active
01-06-2025,Depot I,SKU-2098,36,Valid,Product E,Active
01-06-2025,Depot I,SKU-2099,77,Valid,Product E,Active
01-06-2025,Depot I,SKU-2165,100,Valid,Product E,Active
01-06-2025,Depot I,SKU-2100,89,Valid,Product E,Active
01-06-2025,Depot I,SKU-2101,166,Valid,Product E,Active
01-06-2025,Depot I,SKU-2102,55,Valid,Product E,Active
01-06-2025,Depot I,SKU-2103,115,Valid,Product E,Active
01-06-2025,Depot I,SKU-2104,71,Valid,Product E,Active
01-06-2025,Depot I,SKU-2105,49,Valid,Product E,Active
01-06-2025,Depot I,SKU-2106,38,Valid,Product E,Active
01-06-2025,Depot I,SKU-2184,27,Valid,Product E,Active
01-06-2025,Depot J,SKU-2075,111,Valid,Product E,Active
01-06-2025,Depot J,SKU-2076,31,Valid,Product E,Active
01-06-2025,Depot J,SKU-2129,84,Valid,Product E,Active
01-06-2025,Depot J,SKU-2077,114,Valid,Product E,Active
01-06-2025,Depot J,SKU-2078,88,Valid,Product E,Active
01-06-2025,Depot J,SKU-2079,44,Valid,Product E,Active
01-06-2025,Depot J,SKU-2080,47,Valid,Product E,Active
01-06-2025,Depot J,SKU-2135,33,Valid,Product E,Active
01-06-2025,Depot J,SKU-2081,71,Valid,Product E,Active
01-06-2025,Depot J,SKU-2082,39,Valid,Product E,Active
01-06-2025,Depot J,SKU-2083,35,Valid,Product E,Active
01-06-2025,Depot J,SKU-2084,83,Valid,Product E,Active
01-06-2025,Depot J,SKU-2085,52,Valid,Product E,Active
01-06-2025,Depot J,SKU-2086,27,Valid,Product E,Active
01-06-2025,Depot J,SKU-2088,13,Valid,Product E,Active
01-06-2025,Depot K,SKU-2204,30,Valid,Product E,Active
01-06-2025,Depot K,SKU-2205,80,Valid,Product E,Active
01-06-2025,Depot K,SKU-2206,5,Valid,Product E,Active
01-06-2025,Depot K,SKU-2074,71,Valid,Product E,Active
01-06-2025,Depot K,SKU-2207,28,Valid,Product E,Active
01-06-2025,Depot K,SKU-2075,222,Valid,Product E,Active
01-06-2025,Depot K,SKU-2076,45,Valid,Product E,Active
01-06-2025,Depot K,SKU-2077,150,Valid,Product E,Active
01-06-2025,Depot K,SKU-2078,91,Valid,Product E,Active
01-06-2025,Depot K,SKU-2079,38,Valid,Product E,Active
01-06-2025,Depot K,SKU-2080,29,Valid,Product E,Active
01-06-2025,Depot K,SKU-2081,36,Valid,Product E,Active
01-06-2025,Depot K,SKU-2082,36,Valid,Product E,Active
01-06-2025,Depot K,SKU-2083,56,Valid,Product E,Active
01-06-2025,Depot K,SKU-2084,66,Valid,Product E,Active
01-06-2025,Depot K,SKU-2085,71,Valid,Product E,Active
01-06-2025,Depot K,SKU-2086,93,Valid,Product E,Active
01-06-2025,Depot K,SKU-2148,6,Valid,Product E,Active
01-06-2025,Depot K,SKU-2091,2,Valid,Product E,Active
01-06-2025,Depot K,SKU-2208,157,Valid,Product E,Active
01-06-2025,Depot K,SKU-2209,181,Valid,Product E,Active
01-06-2025,Depot K,SKU-2092,1375,Valid,Product E,Active
01-06-2025,Depot K,SKU-2210,178,Valid,Product E,Active
01-06-2025,Depot K,SKU-2211,245,Valid,Product E,Active
01-06-2025,Depot K,SKU-2149,65,Valid,Product E,Active
01-06-2025,Depot K,SKU-2093,423,Valid,Product E,Active
01-06-2025,Depot K,SKU-2150,8,Valid,Product E,Active
01-06-2025,Depot K,SKU-2094,627,Valid,Product E,Active
01-06-2025,Depot K,SKU-2152,139,Valid,Product E,Active
01-06-2025,Depot K,SKU-2154,84,Valid,Product E,Active
01-06-2025,Depot K,SKU-2095,483,Valid,Product E,Active
01-06-2025,Depot K,SKU-2096,265,Valid,Product E,Active
01-06-2025,Depot K,SKU-2157,72,Valid,Product E,Active
01-06-2025,Depot K,SKU-2097,454,Valid,Product E,Active
01-06-2025,Depot K,SKU-2158,13,Valid,Product E,Active
01-06-2025,Depot K,SKU-2098,188,Valid,Product E,Active
01-06-2025,Depot K,SKU-2160,26,Valid,Product E,Active
01-06-2025,Depot K,SKU-2163,30,Valid,Product E,Active
01-06-2025,Depot K,SKU-2099,437,Valid,Product E,Active
01-06-2025,Depot K,SKU-2166,38,Valid,Product E,Active
01-06-2025,Depot K,SKU-2100,246,Valid,Product E,Active
01-06-2025,Depot K,SKU-2167,104,Valid,Product E,Active
01-06-2025,Depot K,SKU-2101,137,Valid,Product E,Active
01-06-2025,Depot K,SKU-2102,73,Valid,Product E,Active
01-06-2025,Depot K,SKU-2212,19,Valid,Product E,Active
01-06-2025,Depot K,SKU-2170,94,Valid,Product E,Active
01-06-2025,Depot K,SKU-2103,232,Valid,Product E,Active
01-06-2025,Depot K,SKU-2171,13,Valid,Product E,Active
01-06-2025,Depot K,SKU-2104,259,Valid,Product E,Active
01-06-2025,Depot K,SKU-2172,127,Valid,Product E,Active
01-06-2025,Depot K,SKU-2105,185,Valid,Product E,Active
01-06-2025,Depot K,SKU-2174,26,Valid,Product E,Active
01-06-2025,Depot K,SKU-2175,30,Valid,Product E,Active
01-06-2025,Depot K,SKU-2106,70,Valid,Product E,Active
01-06-2025,Depot K,SKU-2177,61,Valid,Product E,Active
01-06-2025,Depot K,SKU-2178,9,Valid,Product E,Active
01-06-2025,Depot K,SKU-2107,74,Valid,Product E,Active
01-06-2025,Depot K,SKU-2108,63,Valid,Product E,Active
01-06-2025,Depot L,SKU-2074,114,Valid,Product E,Active
01-06-2025,Depot L,SKU-2075,234,Valid,Product E,Active
01-06-2025,Depot L,SKU-2076,187,Valid,Product E,Active
01-06-2025,Depot L,SKU-2077,317,Valid,Product E,Active
01-06-2025,Depot L,SKU-2200,196,Valid,Product E,Active
01-06-2025,Depot L,SKU-2078,232,Valid,Product E,Active
01-06-2025,Depot L,SKU-2079,200,Valid,Product E,Active
01-06-2025,Depot L,SKU-2080,93,Valid,Product E,Active
01-06-2025,Depot L,SKU-2081,187,Valid,Product E,Active
01-06-2025,Depot L,SKU-2082,200,Valid,Product E,Active
01-06-2025,Depot L,SKU-2083,171,Valid,Product E,Active
01-06-2025,Depot L,SKU-2084,52,Valid,Product E,Active
01-06-2025,Depot L,SKU-2085,151,Valid,Product E,Active
01-06-2025,Depot L,SKU-2086,148,Valid,Product E,Active
01-06-2025,Depot L,SKU-2087,97,Valid,Product E,Active
01-06-2025,Depot L,SKU-2088,39,Valid,Product E,Active
01-06-2025,Depot L,SKU-2089,32,Valid,Product E,Active
01-06-2025,Depot L,SKU-2147,8,Valid,Product E,Active
01-06-2025,Depot L,SKU-2090,34,Valid,Product E,Active
01-06-2025,Depot L,SKU-2148,10,Valid,Product E,Active
01-06-2025,Depot L,SKU-2091,16,Valid,Product E,Active
01-06-2025,Depot L,SKU-2092,188,Valid,Product E,Active
01-06-2025,Depot L,SKU-2203,65,Valid,Product E,Active
01-06-2025,Depot L,SKU-2093,557,Valid,Product E,Active
01-06-2025,Depot L,SKU-2094,139,Valid,Product E,Active
01-06-2025,Depot L,SKU-2152,94,Valid,Product E,Active
01-06-2025,Depot L,SKU-2095,265,Valid,Product E,Active
01-06-2025,Depot L,SKU-2202,236,Valid,Product E,Active
01-06-2025,Depot L,SKU-2096,160,Valid,Product E,Active
01-06-2025,Depot L,SKU-2097,151,Valid,Product E,Active
01-06-2025,Depot L,SKU-2098,121,Valid,Product E,Active
01-06-2025,Depot L,SKU-2160,79,Valid,Product E,Active
01-06-2025,Depot L,SKU-2099,129,Valid,Product E,Active
01-06-2025,Depot L,SKU-2100,58,Valid,Product E,Active
01-06-2025,Depot L,SKU-2101,391,Valid,Product E,Active
01-06-2025,Depot L,SKU-2102,155,Valid,Product E,Active
01-06-2025,Depot L,SKU-2103,284,Valid,Product E,Active
01-06-2025,Depot L,SKU-2104,178,Valid,Product E,Active
01-06-2025,Depot L,SKU-2105,125,Valid,Product E,Active
01-06-2025,Depot L,SKU-2106,94,Valid,Product E,Active
01-06-2025,Depot L,SKU-2107,11,Valid,Product E,Active
01-06-2025,Depot L,SKU-2108,24,Valid,Product E,Active
01-06-2025,Depot M,SKU-2213,614,Valid,Product E,Active
01-06-2025,Depot M,SKU-2206,799,Valid,Product E,Active
01-06-2025,Depot M,SKU-2074,4693,Valid,Product E,Active
01-06-2025,Depot M,SKU-2207,1190,Valid,Product E,Active
01-06-2025,Depot M,SKU-2214,1008,Valid,Product E,Active
01-06-2025,Depot M,SKU-2075,3678,Valid,Product E,Active
01-06-2025,Depot M,SKU-2076,3974,Valid,Product E,Active
01-06-2025,Depot M,SKU-2129,170,Valid,Product E,Active
01-06-2025,Depot M,SKU-2077,4082,Valid,Product E,Active
01-06-2025,Depot M,SKU-2078,3969,Valid,Product E,Active
01-06-2025,Depot M,SKU-2079,3151,Valid,Product E,Active
01-06-2025,Depot M,SKU-2080,1810,Valid,Product E,Active
01-06-2025,Depot M,SKU-2135,113,Valid,Product E,Active
01-06-2025,Depot M,SKU-2081,2983,Valid,Product E,Active
01-06-2025,Depot M,SKU-2082,2305,Valid,Product E,Active
01-06-2025,Depot M,SKU-2083,2849,Valid,Product E,Active
01-06-2025,Depot M,SKU-2084,568,Valid,Product E,Active
01-06-2025,Depot M,SKU-2215,86,Valid,Product E,Active
01-06-2025,Depot M,SKU-2085,3005,Valid,Product E,Active
01-06-2025,Depot M,SKU-2086,1863,Valid,Product E,Active
01-06-2025,Depot M,SKU-2087,522,Valid,Product E,Active
01-06-2025,Depot M,SKU-2144,332,Valid,Product E,Active
01-06-2025,Depot M,SKU-2088,529,Valid,Product E,Active
01-06-2025,Depot M,SKU-2089,428,Valid,Product E,Active
01-06-2025,Depot M,SKU-2147,200,Valid,Product E,Active
01-06-2025,Depot M,SKU-2216,73,Valid,Product E,Active
01-06-2025,Depot M,SKU-2090,224,Valid,Product E,Active
01-06-2025,Depot M,SKU-2217,103,Valid,Product E,Active
01-06-2025,Depot M,SKU-2148,44,Valid,Product E,Active
01-06-2025,Depot M,SKU-2218,32,Valid,Product E,Active
01-06-2025,Depot M,SKU-2091,44,Valid,Product E,Active
01-06-2025,Depot M,SKU-2219,35,Valid,Product E,Active
01-06-2025,Depot M,SKU-2220,14,Valid,Product E,Active
01-06-2025,Depot M,SKU-2221,17,Valid,Product E,Active
01-06-2025,Depot M,SKU-2208,2302,Valid,Product E,Active
01-06-2025,Depot M,SKU-2209,1672,Valid,Product E,Active
01-06-2025,Depot M,SKU-2222,152,Valid,Product E,Active
01-06-2025,Depot M,SKU-2092,6061,Valid,Product E,Active
01-06-2025,Depot M,SKU-2210,1945,Valid,Product E,Active
01-06-2025,Depot M,SKU-2211,1067,Valid,Product E,Active
01-06-2025,Depot M,SKU-2149,102,Valid,Product E,Active
01-06-2025,Depot M,SKU-2093,3324,Valid,Product E,Active
01-06-2025,Depot M,SKU-2150,14,Valid,Product E,Active
01-06-2025,Depot M,SKU-2094,2335,Valid,Product E,Active
01-06-2025,Depot M,SKU-2152,102,Valid,Product E,Active
01-06-2025,Depot M,SKU-2154,110,Valid,Product E,Active
01-06-2025,Depot M,SKU-2095,3728,Valid,Product E,Active
01-06-2025,Depot M,SKU-2096,2326,Valid,Product E,Active
01-06-2025,Depot M,SKU-2157,15,Valid,Product E,Active
01-06-2025,Depot M,SKU-2097,1782,Valid,Product E,Active
01-06-2025,Depot M,SKU-2158,45,Valid,Product E,Active
01-06-2025,Depot M,SKU-2098,1533,Valid,Product E,Active
01-06-2025,Depot M,SKU-2160,87,Valid,Product E,Active
01-06-2025,Depot M,SKU-2163,100,Valid,Product E,Active
01-06-2025,Depot M,SKU-2099,1840,Valid,Product E,Active
01-06-2025,Depot M,SKU-2166,22,Valid,Product E,Active
01-06-2025,Depot M,SKU-2100,2140,Valid,Product E,Active
01-06-2025,Depot M,SKU-2167,18,Valid,Product E,Active
01-06-2025,Depot M,SKU-2101,1608,Valid,Product E,Active
01-06-2025,Depot M,SKU-2168,30,Valid,Product E,Active
01-06-2025,Depot M,SKU-2102,1384,Valid,Product E,Active
01-06-2025,Depot M,SKU-2170,52,Valid,Product E,Active
01-06-2025,Depot M,SKU-2103,1728,Valid,Product E,Active
01-06-2025,Depot M,SKU-2104,1016,Valid,Product E,Active
01-06-2025,Depot M,SKU-2105,294,Valid,Product E,Active
01-06-2025,Depot M,SKU-2174,108,Valid,Product E,Active
01-06-2025,Depot M,SKU-2106,183,Valid,Product E,Active
01-06-2025,Depot M,SKU-2177,235,Valid,Product E,Active
01-06-2025,Depot M,SKU-2107,68,Valid,Product E,Active
01-06-2025,Depot M,SKU-2180,12,Valid,Product E,Active
01-06-2025,Depot M,SKU-2108,49,Valid,Product E,Active
01-06-2025,Depot M,SKU-2183,10,Valid,Product E,Active
01-06-2025,Depot N,SKU-2213,165,Valid,Product E,Active
01-06-2025,Depot N,SKU-2074,126,Valid,Product E,Active
01-06-2025,Depot N,SKU-2207,86,Valid,Product E,Active
01-06-2025,Depot N,SKU-2214,22,Valid,Product E,Active
01-06-2025,Depot N,SKU-2075,9225,Valid,Product E,Active
01-06-2025,Depot N,SKU-2076,3652,Valid,Product E,Active
01-06-2025,Depot N,SKU-2129,5393,Valid,Product E,Active
01-06-2025,Depot N,SKU-2223,135,Valid,Product E,Active
01-06-2025,Depot N,SKU-2077,13615,Valid,Product E,Active
01-06-2025,Depot N,SKU-2078,3026,Valid,Product E,Active
01-06-2025,Depot N,SKU-2079,3864,Valid,Product E,Active
01-06-2025,Depot N,SKU-2080,828,Valid,Product E,Active
01-06-2025,Depot N,SKU-2135,781,Valid,Product E,Active
01-06-2025,Depot N,SKU-2224,51,Valid,Product E,Active
01-06-2025,Depot N,SKU-2081,1531,Valid,Product E,Active
01-06-2025,Depot N,SKU-2082,747,Valid,Product E,Active
01-06-2025,Depot N,SKU-2083,3621,Valid,Product E,Active
01-06-2025,Depot N,SKU-2084,601,Valid,Product E,Active
01-06-2025,Depot N,SKU-2215,102,Valid,Product E,Active
01-06-2025,Depot N,SKU-2085,5202,Valid,Product E,Active
01-06-2025,Depot N,SKU-2086,426,Valid,Product E,Active
01-06-2025,Depot N,SKU-2087,667,Valid,Product E,Active
01-06-2025,Depot N,SKU-2144,52,Valid,Product E,Active
01-06-2025,Depot N,SKU-2088,738,Valid,Product E,Active
01-06-2025,Depot N,SKU-2089,55,Valid,Product E,Active
01-06-2025,Depot N,SKU-2147,49,Valid,Product E,Active
01-06-2025,Depot N,SKU-2090,54,Valid,Product E,Active
01-06-2025,Depot N,SKU-2217,80,Valid,Product E,Active
01-06-2025,Depot N,SKU-2148,33,Valid,Product E,Active
01-06-2025,Depot N,SKU-2091,22,Valid,Product E,Active
01-06-2025,Depot N,SKU-2149,716,Valid,Product E,Active
01-06-2025,Depot N,SKU-2093,2181,Valid,Product E,Active
01-06-2025,Depot N,SKU-2150,345,Valid,Product E,Active
01-06-2025,Depot N,SKU-2094,662,Valid,Product E,Active
01-06-2025,Depot N,SKU-2151,414,Valid,Product E,Active
01-06-2025,Depot N,SKU-2152,1046,Valid,Product E,Active
01-06-2025,Depot N,SKU-2154,690,Valid,Product E,Active
01-06-2025,Depot N,SKU-2095,1979,Valid,Product E,Active
01-06-2025,Depot N,SKU-2156,557,Valid,Product E,Active
01-06-2025,Depot N,SKU-2096,1397,Valid,Product E,Active
01-06-2025,Depot N,SKU-2157,437,Valid,Product E,Active
01-06-2025,Depot N,SKU-2097,1331,Valid,Product E,Active
01-06-2025,Depot N,SKU-2158,158,Valid,Product E,Active
01-06-2025,Depot N,SKU-2098,450,Valid,Product E,Active
01-06-2025,Depot N,SKU-2159,286,Valid,Product E,Active
01-06-2025,Depot N,SKU-2160,110,Valid,Product E,Active
01-06-2025,Depot N,SKU-2163,436,Valid,Product E,Active
01-06-2025,Depot N,SKU-2099,555,Valid,Product E,Active
01-06-2025,Depot N,SKU-2166,62,Valid,Product E,Active
01-06-2025,Depot N,SKU-2100,648,Valid,Product E,Active
01-06-2025,Depot N,SKU-2167,526,Valid,Product E,Active
01-06-2025,Depot N,SKU-2101,1165,Valid,Product E,Active
01-06-2025,Depot N,SKU-2168,49,Valid,Product E,Active
01-06-2025,Depot N,SKU-2102,238,Valid,Product E,Active
01-06-2025,Depot N,SKU-2169,67,Valid,Product E,Active
01-06-2025,Depot N,SKU-2212,50,Valid,Product E,Active
01-06-2025,Depot N,SKU-2170,525,Valid,Product E,Active
01-06-2025,Depot N,SKU-2103,1260,Valid,Product E,Active
01-06-2025,Depot N,SKU-2104,315,Valid,Product E,Active
01-06-2025,Depot N,SKU-2172,171,Valid,Product E,Active
01-06-2025,Depot N,SKU-2105,229,Valid,Product E,Active
01-06-2025,Depot N,SKU-2174,45,Valid,Product E,Active
01-06-2025,Depot N,SKU-2175,130,Valid,Product E,Active
01-06-2025,Depot N,SKU-2106,208,Valid,Product E,Active
01-06-2025,Depot N,SKU-2176,12,Valid,Product E,Active
01-06-2025,Depot N,SKU-2177,135,Valid,Product E,Active
01-06-2025,Depot N,SKU-2178,27,Valid,Product E,Active
01-06-2025,Depot N,SKU-2107,1,Valid,Product E,Active
01-06-2025,Depot N,SKU-2181,35,Valid,Product E,Active
01-06-2025,Depot N,SKU-2108,31,Valid,Product E,Active
01-06-2025,Depot N,SKU-2184,308,Valid,Product E,Active
01-06-2025,Depot N,SKU-2185,130,Valid,Product E,Active
01-06-2025,Depot N,SKU-2186,19,Valid,Product E,Active
01-06-2025,Depot O,SKU-2092,129,Valid,Product E,Active
01-06-2025,Depot O,SKU-2093,157,Valid,Product E,Active
01-06-2025,Depot O,SKU-2094,69,Valid,Product E,Active
01-06-2025,Depot O,SKU-2152,43,Valid,Product E,Active
01-06-2025,Depot O,SKU-2095,85,Valid,Product E,Active
01-06-2025,Depot O,SKU-2096,11,Valid,Product E,Active
01-06-2025,Depot O,SKU-2097,59,Valid,Product E,Active
01-06-2025,Depot O,SKU-2098,95,Valid,Product E,Active
01-06-2025,Depot O,SKU-2099,260,Valid,Product E,Active
01-06-2025,Depot O,SKU-2100,82,Valid,Product E,Active
01-06-2025,Depot O,SKU-2101,298,Valid,Product E,Active
01-06-2025,Depot O,SKU-2102,7,Valid,Product E,Active
01-06-2025,Depot O,SKU-2103,279,Valid,Product E,Active
01-06-2025,Depot O,SKU-2104,134,Valid,Product E,Active
01-06-2025,Depot O,SKU-2105,12,Valid,Product E,Active
01-06-2025,Depot O,SKU-2106,74,Valid,Product E,Active
01-06-2025,Depot P,SKU-2116,69,Valid,Product E,Active
01-06-2025,Depot P,SKU-2119,65,Valid,Product E,Active
01-06-2025,Depot P,SKU-2126,32,Valid,Product E,Active
01-06-2025,Depot P,SKU-2075,634,Valid,Product E,Active
01-06-2025,Depot P,SKU-2076,177,Valid,Product E,Active
01-06-2025,Depot P,SKU-2129,410,Valid,Product E,Active
01-06-2025,Depot P,SKU-2077,364,Valid,Product E,Active
01-06-2025,Depot P,SKU-2200,59,Valid,Product E,Active
01-06-2025,Depot P,SKU-2078,549,Valid,Product E,Active
01-06-2025,Depot P,SKU-2079,244,Valid,Product E,Active
01-06-2025,Depot P,SKU-2080,85,Valid,Product E,Active
01-06-2025,Depot P,SKU-2135,106,Valid,Product E,Active
01-06-2025,Depot P,SKU-2081,236,Valid,Product E,Active
01-06-2025,Depot P,SKU-2082,178,Valid,Product E,Active
01-06-2025,Depot P,SKU-2083,238,Valid,Product E,Active
01-06-2025,Depot P,SKU-2084,42,Valid,Product E,Active
01-06-2025,Depot P,SKU-2141,49,Valid,Product E,Active
01-06-2025,Depot P,SKU-2085,258,Valid,Product E,Active
01-06-2025,Depot P,SKU-2086,62,Valid,Product E,Active
01-06-2025,Depot P,SKU-2087,50,Valid,Product E,Active
01-06-2025,Depot P,SKU-2088,52,Valid,Product E,Active
01-06-2025,Depot P,SKU-2225,125,Valid,Product E,Active
01-06-2025,Depot P,SKU-2226,38,Valid,Product E,Active
01-06-2025,Depot P,SKU-2222,190,Valid,Product E,Active
01-06-2025,Depot P,SKU-2227,49,Valid,Product E,Active
01-06-2025,Depot P,SKU-2228,116,Valid,Product E,Active
01-06-2025,Depot P,SKU-2149,726,Valid,Product E,Active
01-06-2025,Depot P,SKU-2093,709,Valid,Product E,Active
01-06-2025,Depot P,SKU-2150,536,Valid,Product E,Active
01-06-2025,Depot P,SKU-2094,184,Valid,Product E,Active
01-06-2025,Depot P,SKU-2151,455,Valid,Product E,Active
01-06-2025,Depot P,SKU-2152,472,Valid,Product E,Active
01-06-2025,Depot P,SKU-2153,28,Valid,Product E,Active
01-06-2025,Depot P,SKU-2154,204,Valid,Product E,Active
01-06-2025,Depot P,SKU-2095,879,Valid,Product E,Active
01-06-2025,Depot P,SKU-2202,81,Valid,Product E,Active
01-06-2025,Depot P,SKU-2156,678,Valid,Product E,Active
01-06-2025,Depot P,SKU-2096,364,Valid,Product E,Active
01-06-2025,Depot P,SKU-2157,240,Valid,Product E,Active
01-06-2025,Depot P,SKU-2097,213,Valid,Product E,Active
01-06-2025,Depot P,SKU-2158,58,Valid,Product E,Active
01-06-2025,Depot P,SKU-2098,120,Valid,Product E,Active
01-06-2025,Depot P,SKU-2159,56,Valid,Product E,Active
01-06-2025,Depot P,SKU-2160,38,Valid,Product E,Active
01-06-2025,Depot P,SKU-2163,186,Valid,Product E,Active
01-06-2025,Depot P,SKU-2099,368,Valid,Product E,Active
01-06-2025,Depot P,SKU-2166,34,Valid,Product E,Active
01-06-2025,Depot P,SKU-2100,68,Valid,Product E,Active
01-06-2025,Depot P,SKU-2167,289,Valid,Product E,Active
01-06-2025,Depot P,SKU-2101,315,Valid,Product E,Active
01-06-2025,Depot P,SKU-2168,80,Valid,Product E,Active
01-06-2025,Depot P,SKU-2102,100,Valid,Product E,Active
01-06-2025,Depot P,SKU-2170,310,Valid,Product E,Active
01-06-2025,Depot P,SKU-2103,310,Valid,Product E,Active
01-06-2025,Depot P,SKU-2171,90,Valid,Product E,Active
01-06-2025,Depot P,SKU-2104,70,Valid,Product E,Active
01-06-2025,Depot P,SKU-2172,389,Valid,Product E,Active
01-06-2025,Depot P,SKU-2105,83,Valid,Product E,Active
01-06-2025,Depot P,SKU-2173,91,Valid,Product E,Active
01-06-2025,Depot P,SKU-2175,356,Valid,Product E,Active
01-06-2025,Depot P,SKU-2106,118,Valid,Product E,Active
01-06-2025,Depot P,SKU-2176,36,Valid,Product E,Active
01-06-2025,Depot P,SKU-2178,32,Valid,Product E,Active
01-06-2025,Depot P,SKU-2179,71,Valid,Product E,Active
01-06-2025,Depot P,SKU-2181,48,Valid,Product E,Active
01-06-2025,Depot P,SKU-2182,35,Valid,Product E,Active
01-06-2025,Depot P,SKU-2229,49,Valid,Product E,Active
01-06-2025,Depot P,SKU-2184,30,Valid,Product E,Active
01-06-2025,Depot P,SKU-2187,51,Valid,Product E,Active
01-06-2025,Depot P,SKU-2185,22,Valid,Product E,Active
01-06-2025,Depot P,SKU-2186,25,Valid,Product E,Active
01-06-2025,Depot Q,SKU-2074,3508,Valid,Product E,Active
01-06-2025,Depot Q,SKU-2075,1449,Valid,Product E,Active
01-06-2025,Depot Q,SKU-2076,3744,Valid,Product E,Active
01-06-2025,Depot Q,SKU-2129,1100,Valid,Product E,Active
01-06-2025,Depot Q,SKU-2223,390,Valid,Product E,Active
01-06-2025,Depot Q,SKU-2077,3222,Valid,Product E,Active
01-06-2025,Depot Q,SKU-2200,2276,Valid,Product E,Active
01-06-2025,Depot Q,SKU-2078,4709,Valid,Product E,Active
01-06-2025,Depot Q,SKU-2132,50,Valid,Product E,Active
01-06-2025,Depot Q,SKU-2079,5697,Valid,Product E,Active
01-06-2025,Depot Q,SKU-2080,4103,Valid,Product E,Active
01-06-2025,Depot Q,SKU-2135,374,Valid,Product E,Active
01-06-2025,Depot Q,SKU-2224,89,Valid,Product E,Active
01-06-2025,Depot Q,SKU-2136,47,Valid,Product E,Active
01-06-2025,Depot Q,SKU-2081,6080,Valid,Product E,Active
01-06-2025,Depot Q,SKU-2201,1209,Valid,Product E,Active
01-06-2025,Depot Q,SKU-2082,1883,Valid,Product E,Active
01-06-2025,Depot Q,SKU-2083,1743,Valid,Product E,Active
01-06-2025,Depot Q,SKU-2084,946,Valid,Product E,Active
01-06-2025,Depot Q,SKU-2215,66,Valid,Product E,Active
01-06-2025,Depot Q,SKU-2141,19,Valid,Product E,Active
01-06-2025,Depot Q,SKU-2085,3802,Valid,Product E,Active
01-06-2025,Depot Q,SKU-2086,1446,Valid,Product E,Active
01-06-2025,Depot Q,SKU-2087,517,Valid,Product E,Active
01-06-2025,Depot Q,SKU-2144,251,Valid,Product E,Active
01-06-2025,Depot Q,SKU-2088,648,Valid,Product E,Active
01-06-2025,Depot Q,SKU-2089,179,Valid,Product E,Active
01-06-2025,Depot Q,SKU-2147,105,Valid,Product E,Active
01-06-2025,Depot Q,SKU-2216,48,Valid,Product E,Active
01-06-2025,Depot Q,SKU-2090,272,Valid,Product E,Active
01-06-2025,Depot Q,SKU-2217,106,Valid,Product E,Active
01-06-2025,Depot Q,SKU-2148,52,Valid,Product E,Active
01-06-2025,Depot Q,SKU-2218,30,Valid,Product E,Active
01-06-2025,Depot Q,SKU-2091,45,Valid,Product E,Active
01-06-2025,Depot Q,SKU-2219,34,Valid,Product E,Active
01-06-2025,Depot Q,SKU-2220,14,Valid,Product E,Active
01-06-2025,Depot Q,SKU-2221,22,Valid,Product E,Active
01-06-2025,Depot Q,SKU-2222,54,Valid,Product E,Active
01-06-2025,Depot Q,SKU-2092,272,Valid,Product E,Active
01-06-2025,Depot Q,SKU-2093,300,Valid,Product E,Active
01-06-2025,Depot Q,SKU-2094,506,Valid,Product E,Active
01-06-2025,Depot Q,SKU-2152,76,Valid,Product E,Active
01-06-2025,Depot Q,SKU-2095,242,Valid,Product E,Active
01-06-2025,Depot Q,SKU-2155,50,Valid,Product E,Active
01-06-2025,Depot Q,SKU-2202,226,Valid,Product E,Active
01-06-2025,Depot Q,SKU-2156,42,Valid,Product E,Active
01-06-2025,Depot Q,SKU-2096,299,Valid,Product E,Active
01-06-2025,Depot Q,SKU-2157,89,Valid,Product E,Active
01-06-2025,Depot Q,SKU-2097,483,Valid,Product E,Active
01-06-2025,Depot Q,SKU-2098,319,Valid,Product E,Active
01-06-2025,Depot Q,SKU-2160,40,Valid,Product E,Active
01-06-2025,Depot Q,SKU-2163,36,Valid,Product E,Active
01-06-2025,Depot Q,SKU-2099,440,Valid,Product E,Active
01-06-2025,Depot Q,SKU-2165,118,Valid,Product E,Active
01-06-2025,Depot Q,SKU-2166,41,Valid,Product E,Active
01-06-2025,Depot Q,SKU-2100,288,Valid,Product E,Active
01-06-2025,Depot Q,SKU-2167,80,Valid,Product E,Active
01-06-2025,Depot Q,SKU-2101,304,Valid,Product E,Active
01-06-2025,Depot Q,SKU-2102,139,Valid,Product E,Active
01-06-2025,Depot Q,SKU-2170,9,Valid,Product E,Active
01-06-2025,Depot Q,SKU-2103,360,Valid,Product E,Active
01-06-2025,Depot Q,SKU-2104,177,Valid,Product E,Active
01-06-2025,Depot Q,SKU-2105,75,Valid,Product E,Active
01-06-2025,Depot Q,SKU-2174,68,Valid,Product E,Active
01-06-2025,Depot Q,SKU-2106,68,Valid,Product E,Active
01-06-2025,Depot Q,SKU-2107,10,Valid,Product E,Active
01-06-2025,Depot Q,SKU-2108,15,Valid,Product E,Active
01-06-2025,Depot Q,SKU-2229,16,Valid,Product E,Active
01-06-2025,Depot Q,SKU-2184,110,Valid,Product E,Active
01-06-2025,Depot A,SKU-2230,12,INvalid,Product E,Not Active
01-06-2025,Depot A,SKU-2213,69,INvalid,Product E,Active
01-06-2025,Depot A,SKU-2206,15,INvalid,Product E,Active
01-06-2025,Depot A,SKU-2231,3,INvalid,Product E,Active
01-06-2025,Depot A,SKU-2207,69,INvalid,Product E,Active
01-06-2025,Depot A,SKU-2214,44,INvalid,Product E,Active
01-06-2025,Depot A,SKU-2126,2,INvalid,Product E,Active
01-06-2025,Depot A,SKU-2127,2,INvalid,Product E,Active
01-06-2025,Depot A,SKU-2129,9,INvalid,Product E,Active
01-06-2025,Depot A,SKU-2130,2,INvalid,Product E,Active
01-06-2025,Depot A,SKU-2135,11,INvalid,Product E,Active
01-06-2025,Depot A,SKU-2138,7,INvalid,Product E,Active
01-06-2025,Depot A,SKU-2139,1,INvalid,Product E,Active
01-06-2025,Depot A,SKU-2215,9,INvalid,Product E,Active
01-06-2025,Depot A,SKU-2141,3,INvalid,Product E,Active
01-06-2025,Depot A,SKU-2143,3,INvalid,Product E,Active
01-06-2025,Depot A,SKU-2232,1,INvalid,Product E,Active
01-06-2025,Depot A,SKU-2144,11,INvalid,Product E,Active
01-06-2025,Depot A,SKU-2233,10,INvalid,Product E,Active
01-06-2025,Depot A,SKU-2234,6,INvalid,Product E,Active
01-06-2025,Depot A,SKU-2145,4,INvalid,Product E,Active
01-06-2025,Depot A,SKU-2235,3,INvalid,Product E,Active
01-06-2025,Depot A,SKU-2146,7,INvalid,Product E,Active
01-06-2025,Depot A,SKU-2147,13,INvalid,Product E,Active
01-06-2025,Depot A,SKU-2236,8,INvalid,Product E,Active
01-06-2025,Depot A,SKU-2216,10,INvalid,Product E,Active
01-06-2025,Depot A,SKU-2237,18,INvalid,Product E,Active
01-06-2025,Depot A,SKU-2238,4,INvalid,Product E,Active
01-06-2025,Depot A,SKU-2239,7,INvalid,Product E,Active
01-06-2025,Depot A,SKU-2240,8,INvalid,Product E,Active
01-06-2025,Depot A,SKU-2217,5,INvalid,Product E,Active
01-06-2025,Depot A,SKU-2148,6,INvalid,Product E,Active
01-06-2025,Depot A,SKU-2218,2,INvalid,Product E,Active
01-06-2025,Depot A,SKU-2241,5,INvalid,Product E,Active
01-06-2025,Depot A,SKU-2219,1,INvalid,Product E,Active
01-06-2025,Depot A,SKU-2220,2,INvalid,Product E,Active
01-06-2025,Depot A,SKU-2242,2,INvalid,Product E,Active
01-06-2025,Depot A,SKU-2221,2,INvalid,Product E,Active
01-06-2025,Depot A,SKU-2208,24,INvalid,Product E,Active
01-06-2025,Depot A,SKU-2209,17,INvalid,Product E,Active
01-06-2025,Depot A,SKU-2222,21,INvalid,Product E,Active
01-06-2025,Depot A,SKU-2210,18,INvalid,Product E,Active
01-06-2025,Depot A,SKU-2211,16,INvalid,Product E,Active
01-06-2025,Depot A,SKU-2149,33,INvalid,Product E,Active
01-06-2025,Depot A,SKU-2150,7,INvalid,Product E,Active
01-06-2025,Depot A,SKU-2152,23,INvalid,Product E,Active
01-06-2025,Depot A,SKU-2154,30,INvalid,Product E,Active
01-06-2025,Depot A,SKU-2156,28,INvalid,Product E,Active
01-06-2025,Depot A,SKU-2157,2,INvalid,Product E,Active
01-06-2025,Depot A,SKU-2158,6,INvalid,Product E,Active
01-06-2025,Depot A,SKU-2159,11,INvalid,Product E,Active
01-06-2025,Depot A,SKU-2160,12,INvalid,Product E,Active
01-06-2025,Depot A,SKU-2163,8,INvalid,Product E,Active
01-06-2025,Depot A,SKU-2166,2,INvalid,Product E,Active
01-06-2025,Depot A,SKU-2167,5,INvalid,Product E,Active
01-06-2025,Depot A,SKU-2168,4,INvalid,Product E,Active
01-06-2025,Depot A,SKU-2212,8,INvalid,Product E,Active
01-06-2025,Depot A,SKU-2170,4,INvalid,Product E,Active
01-06-2025,Depot A,SKU-2171,4,INvalid,Product E,Active
01-06-2025,Depot A,SKU-2172,3,INvalid,Product E,Active
01-06-2025,Depot A,SKU-2174,9,INvalid,Product E,Active
01-06-2025,Depot A,SKU-2175,3,INvalid,Product E,Active
01-06-2025,Depot A,SKU-2177,6,INvalid,Product E,Active
01-06-2025,Depot A,SKU-2180,5,INvalid,Product E,Active
01-06-2025,Depot A,SKU-2183,5,INvalid,Product E,Active
01-06-2025,Depot A,SKU-2243,2,INvalid,Product E,Not Active
01-06-2025,Depot A,SKU-2244,4,INvalid,Product E,Not Active
01-06-2025,Depot A,SKU-2245,1,INvalid,Product E,Not Active
01-06-2025,Depot A,SKU-2246,11,INvalid,Product E,Not Active
01-06-2025,Depot A,SKU-2247,5,INvalid,Product E,Not Active
01-06-2025,Depot A,SKU-2248,3,INvalid,Product E,Not Active
01-06-2025,Depot A,SKU-2249,3,INvalid,Product E,Not Active
01-06-2025,Depot A,SKU-2250,7,INvalid,Product E,Not Active
01-06-2025,Depot A,SKU-2251,1,INvalid,Product E,Not Active
01-06-2025,Depot A,SKU-2252,10,INvalid,Product E,Not Active
01-06-2025,Depot A,SKU-2253,2,INvalid,Product E,Not Active
01-06-2025,Depot A,SKU-2254,5,INvalid,Product E,Not Active
01-06-2025,Depot A,SKU-2255,1,INvalid,Product E,Not Active
01-06-2025,Depot A,SKU-2184,4,INvalid,Product E,Active
01-06-2025,Depot A,SKU-2185,3,INvalid,Product E,Active
01-06-2025,Depot A,SKU-2256,12,INvalid,Product E,Active
01-06-2025,Depot A,SKU-2186,11,INvalid,Product E,Active
01-06-2025,Depot B,SKU-2230,77,INvalid,Product E,Not Active
01-06-2025,Depot B,SKU-2257,34,INvalid,Product E,Active
01-06-2025,Depot B,SKU-2258,9,INvalid,Product E,Active
01-06-2025,Depot B,SKU-2259,10,INvalid,Product E,Active
01-06-2025,Depot B,SKU-2260,7,INvalid,Product E,Active
01-06-2025,Depot B,SKU-2261,9,INvalid,Product E,Active
01-06-2025,Depot B,SKU-2262,4,INvalid,Product E,Active
01-06-2025,Depot B,SKU-2263,55,INvalid,Product E,Active
01-06-2025,Depot B,SKU-2264,2,INvalid,Product E,Active
01-06-2025,Depot B,SKU-2265,4,INvalid,Product E,Active
01-06-2025,Depot B,SKU-2266,17,INvalid,Product E,Active
01-06-2025,Depot B,SKU-2267,41,INvalid,Product E,Active
01-06-2025,Depot B,SKU-2268,9,INvalid,Product E,Active
01-06-2025,Depot B,SKU-2269,8,INvalid,Product E,Active
01-06-2025,Depot B,SKU-2270,34,INvalid,Product E,Active
01-06-2025,Depot B,SKU-2271,18,INvalid,Product E,Active
01-06-2025,Depot B,SKU-2272,27,INvalid,Product E,Active
01-06-2025,Depot B,SKU-2273,10,INvalid,Product E,Active
01-06-2025,Depot B,SKU-2274,9,INvalid,Product E,Active
01-06-2025,Depot B,SKU-2275,16,INvalid,Product E,Active
01-06-2025,Depot B,SKU-2276,12,INvalid,Product E,Active
01-06-2025,Depot B,SKU-2277,15,INvalid,Product E,Active
01-06-2025,Depot B,SKU-2278,7,INvalid,Product E,Active
01-06-2025,Depot B,SKU-2279,13,INvalid,Product E,Active
01-06-2025,Depot B,SKU-2189,7,INvalid,Product E,Active
01-06-2025,Depot B,SKU-2190,8,INvalid,Product E,Active
01-06-2025,Depot B,SKU-2191,4,INvalid,Product E,Active
01-06-2025,Depot B,SKU-2192,64,INvalid,Product E,Active
01-06-2025,Depot B,SKU-2193,69,INvalid,Product E,Active
01-06-2025,Depot B,SKU-2194,38,INvalid,Product E,Active
01-06-2025,Depot B,SKU-2280,66,INvalid,Product E,Active
01-06-2025,Depot B,SKU-2195,157,INvalid,Product E,Active
01-06-2025,Depot B,SKU-2281,46,INvalid,Product E,Active
01-06-2025,Depot B,SKU-2282,15,INvalid,Product E,Active
01-06-2025,Depot B,SKU-2283,12,INvalid,Product E,Active
01-06-2025,Depot B,SKU-2196,6,INvalid,Product E,Active
01-06-2025,Depot B,SKU-2284,11,INvalid,Product E,Active
01-06-2025,Depot B,SKU-2285,36,INvalid,Product E,Active
01-06-2025,Depot B,SKU-2197,2,INvalid,Product E,Active
01-06-2025,Depot B,SKU-2286,1,INvalid,Product E,Active
01-06-2025,Depot B,SKU-2198,8,INvalid,Product E,Active
01-06-2025,Depot B,SKU-2199,14,INvalid,Product E,Active
01-06-2025,Depot B,SKU-2074,16,INvalid,Product E,Active
01-06-2025,Depot B,SKU-2287,8,INvalid,Product E,Active
01-06-2025,Depot B,SKU-2223,27,INvalid,Product E,Active
01-06-2025,Depot B,SKU-2288,4,INvalid,Product E,Active
01-06-2025,Depot B,SKU-2200,61,INvalid,Product E,Active
01-06-2025,Depot B,SKU-2289,4,INvalid,Product E,Active
01-06-2025,Depot B,SKU-2224,21,INvalid,Product E,Active
01-06-2025,Depot B,SKU-2290,35,INvalid,Product E,Active
01-06-2025,Depot B,SKU-2201,55,INvalid,Product E,Active
01-06-2025,Depot B,SKU-2215,7,INvalid,Product E,Active
01-06-2025,Depot B,SKU-2291,6,INvalid,Product E,Active
01-06-2025,Depot B,SKU-2232,10,INvalid,Product E,Active
01-06-2025,Depot B,SKU-2233,29,INvalid,Product E,Active
01-06-2025,Depot B,SKU-2234,5,INvalid,Product E,Active
01-06-2025,Depot B,SKU-2235,30,INvalid,Product E,Active
01-06-2025,Depot B,SKU-2236,1,INvalid,Product E,Active
01-06-2025,Depot B,SKU-2216,2,INvalid,Product E,Active
01-06-2025,Depot B,SKU-2238,5,INvalid,Product E,Active
01-06-2025,Depot B,SKU-2239,31,INvalid,Product E,Active
01-06-2025,Depot B,SKU-2240,1,INvalid,Product E,Active
01-06-2025,Depot B,SKU-2217,3,INvalid,Product E,Active
01-06-2025,Depot B,SKU-2218,2,INvalid,Product E,Active
01-06-2025,Depot B,SKU-2241,2,INvalid,Product E,Active
01-06-2025,Depot B,SKU-2292,2,INvalid,Product E,Active
01-06-2025,Depot B,SKU-2219,2,INvalid,Product E,Active
01-06-2025,Depot B,SKU-2220,3,INvalid,Product E,Active
01-06-2025,Depot B,SKU-2242,2,INvalid,Product E,Active
01-06-2025,Depot B,SKU-2293,2,INvalid,Product E,Active
01-06-2025,Depot B,SKU-2221,2,INvalid,Product E,Active
01-06-2025,Depot B,SKU-2294,3,INvalid,Product E,Active
01-06-2025,Depot B,SKU-2295,1,INvalid,Product E,Active
01-06-2025,Depot B,SKU-2296,2,INvalid,Product E,Active
01-06-2025,Depot B,SKU-2297,1,INvalid,Product E,Active
01-06-2025,Depot B,SKU-2298,2,INvalid,Product E,Active
01-06-2025,Depot B,SKU-2299,1,INvalid,Product E,Active
01-06-2025,Depot B,SKU-2300,34,INvalid,Product E,Active
01-06-2025,Depot B,SKU-2202,37,INvalid,Product E,Active
01-06-2025,Depot B,SKU-2212,4,INvalid,Product E,Active
01-06-2025,Depot B,SKU-2301,6,INvalid,Product E,Active
01-06-2025,Depot B,SKU-2302,8,INvalid,Product E,Active
01-06-2025,Depot B,SKU-2303,29,INvalid,Product E,Active
01-06-2025,Depot B,SKU-2304,8,INvalid,Product E,Active
01-06-2025,Depot B,SKU-2305,31,INvalid,Product E,Active
01-06-2025,Depot B,SKU-2306,6,INvalid,Product E,Active
01-06-2025,Depot B,SKU-2307,8,INvalid,Product E,Active
01-06-2025,Depot B,SKU-2308,4,INvalid,Product E,Active
01-06-2025,Depot B,SKU-2309,1,INvalid,Product E,Active
01-06-2025,Depot B,SKU-2243,8,INvalid,Product E,Not Active
01-06-2025,Depot B,SKU-2310,2,INvalid,Product E,Not Active
01-06-2025,Depot B,SKU-2311,6,INvalid,Product E,Not Active
01-06-2025,Depot B,SKU-2312,7,INvalid,Product E,Not Active
01-06-2025,Depot B,SKU-2313,1,INvalid,Product E,Not Active
01-06-2025,Depot B,SKU-2314,15,INvalid,Product E,Not Active
01-06-2025,Depot B,SKU-2315,15,INvalid,Product E,Not Active
01-06-2025,Depot B,SKU-2316,5,INvalid,Product E,Not Active
01-06-2025,Depot B,SKU-2317,4,INvalid,Product E,Not Active
01-06-2025,Depot B,SKU-2318,68,INvalid,Product E,Not Active
01-06-2025,Depot B,SKU-2319,8,INvalid,Product E,Not Active
01-06-2025,Depot B,SKU-2244,79,INvalid,Product E,Not Active
01-06-2025,Depot B,SKU-2320,2,INvalid,Product E,Not Active
01-06-2025,Depot B,SKU-2245,86,INvalid,Product E,Not Active
01-06-2025,Depot B,SKU-2321,2,INvalid,Product E,Not Active
01-06-2025,Depot B,SKU-2246,39,INvalid,Product E,Not Active
01-06-2025,Depot B,SKU-2322,3,INvalid,Product E,Not Active
01-06-2025,Depot B,SKU-2323,10,INvalid,Product E,Not Active
01-06-2025,Depot B,SKU-2248,12,INvalid,Product E,Not Active
01-06-2025,Depot B,SKU-2249,65,INvalid,Product E,Not Active
01-06-2025,Depot B,SKU-2324,2,INvalid,Product E,Not Active
01-06-2025,Depot B,SKU-2250,19,INvalid,Product E,Not Active
01-06-2025,Depot B,SKU-2325,3,INvalid,Product E,Not Active
01-06-2025,Depot B,SKU-2251,4,INvalid,Product E,Not Active
01-06-2025,Depot B,SKU-2252,3,INvalid,Product E,Not Active
01-06-2025,Depot B,SKU-2253,11,INvalid,Product E,Not Active
01-06-2025,Depot B,SKU-2326,3,INvalid,Product E,Not Active
01-06-2025,Depot B,SKU-2254,18,INvalid,Product E,Not Active
01-06-2025,Depot B,SKU-2229,9,INvalid,Product E,Active
01-06-2025,Depot B,SKU-2187,3,INvalid,Product E,Active
01-06-2025,Depot B,SKU-2327,6,INvalid,Product E,Active
01-06-2025,Depot B,SKU-2328,9,INvalid,Product E,Active
01-06-2025,Depot B,SKU-2329,6,INvalid,Product E,Active
01-06-2025,Depot B,SKU-2330,6,INvalid,Product E,Active
01-06-2025,Depot B,SKU-2331,6,INvalid,Product E,Active
01-06-2025,Depot C,SKU-2230,17,INvalid,Product E,Not Active
01-06-2025,Depot C,SKU-2259,22,INvalid,Product E,Active
01-06-2025,Depot C,SKU-2262,22,INvalid,Product E,Active
01-06-2025,Depot C,SKU-2332,2,INvalid,Product E,Active
01-06-2025,Depot C,SKU-2263,6,INvalid,Product E,Active
01-06-2025,Depot C,SKU-2264,3,INvalid,Product E,Active
01-06-2025,Depot C,SKU-2333,1,INvalid,Product E,Active
01-06-2025,Depot C,SKU-2265,16,INvalid,Product E,Active
01-06-2025,Depot C,SKU-2334,1,INvalid,Product E,Active
01-06-2025,Depot C,SKU-2267,5,INvalid,Product E,Active
01-06-2025,Depot C,SKU-2268,9,INvalid,Product E,Active
01-06-2025,Depot C,SKU-2335,1,INvalid,Product E,Active
01-06-2025,Depot C,SKU-2269,10,INvalid,Product E,Active
01-06-2025,Depot C,SKU-2271,9,INvalid,Product E,Active
01-06-2025,Depot C,SKU-2336,1,INvalid,Product E,Active
01-06-2025,Depot C,SKU-2272,4,INvalid,Product E,Active
01-06-2025,Depot C,SKU-2273,2,INvalid,Product E,Active
01-06-2025,Depot C,SKU-2337,5,INvalid,Product E,Active
01-06-2025,Depot C,SKU-2338,9,INvalid,Product E,Active
01-06-2025,Depot C,SKU-2274,3,INvalid,Product E,Active
01-06-2025,Depot C,SKU-2275,10,INvalid,Product E,Active
01-06-2025,Depot C,SKU-2276,2,INvalid,Product E,Active
01-06-2025,Depot C,SKU-2278,4,INvalid,Product E,Active
01-06-2025,Depot C,SKU-2192,5,INvalid,Product E,Active
01-06-2025,Depot C,SKU-2193,3,INvalid,Product E,Active
01-06-2025,Depot C,SKU-2109,15,INvalid,Product E,Active
01-06-2025,Depot C,SKU-2194,7,INvalid,Product E,Active
01-06-2025,Depot C,SKU-2195,3,INvalid,Product E,Active
01-06-2025,Depot C,SKU-2110,19,INvalid,Product E,Active
01-06-2025,Depot C,SKU-2111,18,INvalid,Product E,Active
01-06-2025,Depot C,SKU-2112,29,INvalid,Product E,Active
01-06-2025,Depot C,SKU-2114,74,INvalid,Product E,Active
01-06-2025,Depot C,SKU-2115,14,INvalid,Product E,Active
01-06-2025,Depot C,SKU-2116,17,INvalid,Product E,Active
01-06-2025,Depot C,SKU-2117,6,INvalid,Product E,Active
01-06-2025,Depot C,SKU-2118,35,INvalid,Product E,Active
01-06-2025,Depot C,SKU-2119,9,INvalid,Product E,Active
01-06-2025,Depot C,SKU-2120,3,INvalid,Product E,Active
01-06-2025,Depot C,SKU-2121,57,INvalid,Product E,Active
01-06-2025,Depot C,SKU-2122,6,INvalid,Product E,Active
01-06-2025,Depot C,SKU-2196,2,INvalid,Product E,Active
01-06-2025,Depot C,SKU-2123,136,INvalid,Product E,Active
01-06-2025,Depot C,SKU-2124,7,INvalid,Product E,Active
01-06-2025,Depot C,SKU-2339,2,INvalid,Product E,Active
01-06-2025,Depot C,SKU-2213,18,INvalid,Product E,Active
01-06-2025,Depot C,SKU-2340,4,INvalid,Product E,Active
01-06-2025,Depot C,SKU-2206,15,INvalid,Product E,Active
01-06-2025,Depot C,SKU-2074,20,INvalid,Product E,Active
01-06-2025,Depot C,SKU-2341,4,INvalid,Product E,Active
01-06-2025,Depot C,SKU-2207,30,INvalid,Product E,Active
01-06-2025,Depot C,SKU-2342,3,INvalid,Product E,Active
01-06-2025,Depot C,SKU-2214,37,INvalid,Product E,Active
01-06-2025,Depot C,SKU-2127,9,INvalid,Product E,Active
01-06-2025,Depot C,SKU-2128,3,INvalid,Product E,Active
01-06-2025,Depot C,SKU-2287,10,INvalid,Product E,Active
01-06-2025,Depot C,SKU-2223,99,INvalid,Product E,Active
01-06-2025,Depot C,SKU-2200,70,INvalid,Product E,Active
01-06-2025,Depot C,SKU-2131,13,INvalid,Product E,Active
01-06-2025,Depot C,SKU-2133,37,INvalid,Product E,Active
01-06-2025,Depot C,SKU-2289,3,INvalid,Product E,Active
01-06-2025,Depot C,SKU-2224,37,INvalid,Product E,Active
01-06-2025,Depot C,SKU-2201,121,INvalid,Product E,Active
01-06-2025,Depot C,SKU-2137,42,INvalid,Product E,Active
01-06-2025,Depot C,SKU-2139,9,INvalid,Product E,Active
01-06-2025,Depot C,SKU-2140,45,INvalid,Product E,Active
01-06-2025,Depot C,SKU-2215,20,INvalid,Product E,Active
01-06-2025,Depot C,SKU-2142,22,INvalid,Product E,Active
01-06-2025,Depot C,SKU-2232,20,INvalid,Product E,Active
01-06-2025,Depot C,SKU-2144,13,INvalid,Product E,Active
01-06-2025,Depot C,SKU-2234,6,INvalid,Product E,Active
01-06-2025,Depot C,SKU-2235,10,INvalid,Product E,Active
01-06-2025,Depot C,SKU-2089,41,INvalid,Product E,Active
01-06-2025,Depot C,SKU-2146,27,INvalid,Product E,Active
01-06-2025,Depot C,SKU-2147,29,INvalid,Product E,Active
01-06-2025,Depot C,SKU-2236,12,INvalid,Product E,Active
01-06-2025,Depot C,SKU-2216,2,INvalid,Product E,Active
01-06-2025,Depot C,SKU-2239,13,INvalid,Product E,Active
01-06-2025,Depot C,SKU-2090,33,INvalid,Product E,Active
01-06-2025,Depot C,SKU-2240,11,INvalid,Product E,Active
01-06-2025,Depot C,SKU-2217,2,INvalid,Product E,Active
01-06-2025,Depot C,SKU-2148,2,INvalid,Product E,Active
01-06-2025,Depot C,SKU-2218,1,INvalid,Product E,Active
01-06-2025,Depot C,SKU-2091,2,INvalid,Product E,Active
01-06-2025,Depot C,SKU-2219,2,INvalid,Product E,Active
01-06-2025,Depot C,SKU-2220,1,INvalid,Product E,Active
01-06-2025,Depot C,SKU-2221,1,INvalid,Product E,Active
01-06-2025,Depot C,SKU-2295,1,INvalid,Product E,Active
01-06-2025,Depot C,SKU-2296,1,INvalid,Product E,Active
01-06-2025,Depot C,SKU-2297,1,INvalid,Product E,Active
01-06-2025,Depot C,SKU-2298,2,INvalid,Product E,Active
01-06-2025,Depot C,SKU-2343,1,INvalid,Product E,Active
01-06-2025,Depot C,SKU-2225,23,INvalid,Product E,Active
01-06-2025,Depot C,SKU-2222,2,INvalid,Product E,Active
01-06-2025,Depot C,SKU-2092,15,INvalid,Product E,Active
01-06-2025,Depot C,SKU-2227,28,INvalid,Product E,Active
01-06-2025,Depot C,SKU-2153,24,INvalid,Product E,Active
01-06-2025,Depot C,SKU-2158,3,INvalid,Product E,Active
01-06-2025,Depot C,SKU-2161,15,INvalid,Product E,Active
01-06-2025,Depot C,SKU-2168,8,INvalid,Product E,Active
01-06-2025,Depot C,SKU-2102,4,INvalid,Product E,Active
01-06-2025,Depot C,SKU-2169,3,INvalid,Product E,Active
01-06-2025,Depot C,SKU-2212,7,INvalid,Product E,Active
01-06-2025,Depot C,SKU-2301,2,INvalid,Product E,Active
01-06-2025,Depot C,SKU-2104,17,INvalid,Product E,Active
01-06-2025,Depot C,SKU-2173,2,INvalid,Product E,Active
01-06-2025,Depot C,SKU-2174,10,INvalid,Product E,Active
01-06-2025,Depot C,SKU-2305,5,INvalid,Product E,Active
01-06-2025,Depot C,SKU-2176,18,INvalid,Product E,Active
01-06-2025,Depot C,SKU-2177,4,INvalid,Product E,Active
01-06-2025,Depot C,SKU-2178,23,INvalid,Product E,Active
01-06-2025,Depot C,SKU-2107,2,INvalid,Product E,Active
01-06-2025,Depot C,SKU-2179,2,INvalid,Product E,Active
01-06-2025,Depot C,SKU-2180,4,INvalid,Product E,Active
01-06-2025,Depot C,SKU-2181,18,INvalid,Product E,Active
01-06-2025,Depot C,SKU-2108,2,INvalid,Product E,Active
01-06-2025,Depot C,SKU-2182,7,INvalid,Product E,Active
01-06-2025,Depot C,SKU-2183,10,INvalid,Product E,Active
01-06-2025,Depot C,SKU-2311,6,INvalid,Product E,Not Active
01-06-2025,Depot C,SKU-2318,13,INvalid,Product E,Not Active
01-06-2025,Depot C,SKU-2319,2,INvalid,Product E,Not Active
01-06-2025,Depot C,SKU-2244,7,INvalid,Product E,Not Active
01-06-2025,Depot C,SKU-2320,2,INvalid,Product E,Not Active
01-06-2025,Depot C,SKU-2245,32,INvalid,Product E,Not Active
01-06-2025,Depot C,SKU-2246,5,INvalid,Product E,Not Active
01-06-2025,Depot C,SKU-2247,1,INvalid,Product E,Not Active
01-06-2025,Depot C,SKU-2344,2,INvalid,Product E,Not Active
01-06-2025,Depot C,SKU-2322,2,INvalid,Product E,Not Active
01-06-2025,Depot C,SKU-2323,1,INvalid,Product E,Not Active
01-06-2025,Depot C,SKU-2248,8,INvalid,Product E,Not Active
01-06-2025,Depot C,SKU-2345,1,INvalid,Product E,Not Active
01-06-2025,Depot C,SKU-2249,3,INvalid,Product E,Not Active
01-06-2025,Depot C,SKU-2250,11,INvalid,Product E,Not Active
01-06-2025,Depot C,SKU-2325,2,INvalid,Product E,Not Active
01-06-2025,Depot C,SKU-2251,3,INvalid,Product E,Not Active
01-06-2025,Depot C,SKU-2346,1,INvalid,Product E,Not Active
01-06-2025,Depot C,SKU-2347,1,INvalid,Product E,Not Active
01-06-2025,Depot C,SKU-2252,1,INvalid,Product E,Not Active
01-06-2025,Depot C,SKU-2253,1,INvalid,Product E,Not Active
01-06-2025,Depot C,SKU-2348,2,INvalid,Product E,Not Active
01-06-2025,Depot C,SKU-2326,3,INvalid,Product E,Not Active
01-06-2025,Depot C,SKU-2254,2,INvalid,Product E,Not Active
01-06-2025,Depot C,SKU-2255,2,INvalid,Product E,Not Active
01-06-2025,Depot C,SKU-2229,1,INvalid,Product E,Active
01-06-2025,Depot C,SKU-2184,5,INvalid,Product E,Active
01-06-2025,Depot C,SKU-2185,6,INvalid,Product E,Active
01-06-2025,Depot C,SKU-2186,2,INvalid,Product E,Active
01-06-2025,Depot C,SKU-2328,11,INvalid,Product E,Active
01-06-2025,Depot C,SKU-2329,4,INvalid,Product E,Active
01-06-2025,Depot D,SKU-2230,2,INvalid,Product E,Not Active
01-06-2025,Depot D,SKU-2335,8,INvalid,Product E,Active
01-06-2025,Depot D,SKU-2336,8,INvalid,Product E,Active
01-06-2025,Depot D,SKU-2349,8,INvalid,Product E,Active
01-06-2025,Depot D,SKU-2350,13,INvalid,Product E,Active
01-06-2025,Depot D,SKU-2351,15,INvalid,Product E,Active
01-06-2025,Depot D,SKU-2352,25,INvalid,Product E,Active
01-06-2025,Depot D,SKU-2353,14,INvalid,Product E,Active
01-06-2025,Depot D,SKU-2354,18,INvalid,Product E,Active
01-06-2025,Depot D,SKU-2113,30,INvalid,Product E,Active
01-06-2025,Depot D,SKU-2281,3,INvalid,Product E,Active
01-06-2025,Depot D,SKU-2286,9,INvalid,Product E,Active
01-06-2025,Depot D,SKU-2213,16,INvalid,Product E,Active
01-06-2025,Depot D,SKU-2206,16,INvalid,Product E,Active
01-06-2025,Depot D,SKU-2074,16,INvalid,Product E,Active
01-06-2025,Depot D,SKU-2207,16,INvalid,Product E,Active
01-06-2025,Depot D,SKU-2214,16,INvalid,Product E,Active
01-06-2025,Depot D,SKU-2126,25,INvalid,Product E,Active
01-06-2025,Depot D,SKU-2127,7,INvalid,Product E,Active
01-06-2025,Depot D,SKU-2130,30,INvalid,Product E,Active
01-06-2025,Depot D,SKU-2131,13,INvalid,Product E,Active
01-06-2025,Depot D,SKU-2079,68,INvalid,Product E,Active
01-06-2025,Depot D,SKU-2080,24,INvalid,Product E,Active
01-06-2025,Depot D,SKU-2224,20,INvalid,Product E,Active
01-06-2025,Depot D,SKU-2138,7,INvalid,Product E,Active
01-06-2025,Depot D,SKU-2139,17,INvalid,Product E,Active
01-06-2025,Depot D,SKU-2215,34,INvalid,Product E,Active
01-06-2025,Depot D,SKU-2141,9,INvalid,Product E,Active
01-06-2025,Depot D,SKU-2142,10,INvalid,Product E,Active
01-06-2025,Depot D,SKU-2144,10,INvalid,Product E,Active
01-06-2025,Depot D,SKU-2234,6,INvalid,Product E,Active
01-06-2025,Depot D,SKU-2089,24,INvalid,Product E,Active
01-06-2025,Depot D,SKU-2147,5,INvalid,Product E,Active
01-06-2025,Depot D,SKU-2216,4,INvalid,Product E,Active
01-06-2025,Depot D,SKU-2238,4,INvalid,Product E,Active
01-06-2025,Depot D,SKU-2090,4,INvalid,Product E,Active
01-06-2025,Depot D,SKU-2217,3,INvalid,Product E,Active
01-06-2025,Depot D,SKU-2148,2,INvalid,Product E,Active
01-06-2025,Depot D,SKU-2218,5,INvalid,Product E,Active
01-06-2025,Depot D,SKU-2091,22,INvalid,Product E,Active
01-06-2025,Depot D,SKU-2219,6,INvalid,Product E,Active
01-06-2025,Depot D,SKU-2242,1,INvalid,Product E,Active
01-06-2025,Depot D,SKU-2221,1,INvalid,Product E,Active
01-06-2025,Depot D,SKU-2093,85,INvalid,Product E,Active
01-06-2025,Depot D,SKU-2150,40,INvalid,Product E,Active
01-06-2025,Depot D,SKU-2152,62,INvalid,Product E,Active
01-06-2025,Depot D,SKU-2096,22,INvalid,Product E,Active
01-06-2025,Depot D,SKU-2097,26,INvalid,Product E,Active
01-06-2025,Depot D,SKU-2098,7,INvalid,Product E,Active
01-06-2025,Depot D,SKU-2160,19,INvalid,Product E,Active
01-06-2025,Depot D,SKU-2161,2,INvalid,Product E,Active
01-06-2025,Depot D,SKU-2162,35,INvalid,Product E,Active
01-06-2025,Depot D,SKU-2099,17,INvalid,Product E,Active
01-06-2025,Depot D,SKU-2100,8,INvalid,Product E,Active
01-06-2025,Depot D,SKU-2102,12,INvalid,Product E,Active
01-06-2025,Depot D,SKU-2212,8,INvalid,Product E,Active
01-06-2025,Depot D,SKU-2104,7,INvalid,Product E,Active
01-06-2025,Depot D,SKU-2105,15,INvalid,Product E,Active
01-06-2025,Depot D,SKU-2173,17,INvalid,Product E,Active
01-06-2025,Depot D,SKU-2174,11,INvalid,Product E,Active
01-06-2025,Depot D,SKU-2305,12,INvalid,Product E,Active
01-06-2025,Depot D,SKU-2306,6,INvalid,Product E,Active
01-06-2025,Depot D,SKU-2106,45,INvalid,Product E,Active
01-06-2025,Depot D,SKU-2176,33,INvalid,Product E,Active
01-06-2025,Depot D,SKU-2177,16,INvalid,Product E,Active
01-06-2025,Depot D,SKU-2178,9,INvalid,Product E,Active
01-06-2025,Depot D,SKU-2107,4,INvalid,Product E,Active
01-06-2025,Depot D,SKU-2179,1,INvalid,Product E,Active
01-06-2025,Depot D,SKU-2180,4,INvalid,Product E,Active
01-06-2025,Depot D,SKU-2181,4,INvalid,Product E,Active
01-06-2025,Depot D,SKU-2108,4,INvalid,Product E,Active
01-06-2025,Depot D,SKU-2182,2,INvalid,Product E,Active
01-06-2025,Depot D,SKU-2183,4,INvalid,Product E,Active
01-06-2025,Depot D,SKU-2310,1,INvalid,Product E,Not Active
01-06-2025,Depot D,SKU-2312,6,INvalid,Product E,Not Active
01-06-2025,Depot D,SKU-2314,1,INvalid,Product E,Not Active
01-06-2025,Depot D,SKU-2355,1,INvalid,Product E,Not Active
01-06-2025,Depot D,SKU-2319,1,INvalid,Product E,Not Active
01-06-2025,Depot D,SKU-2356,1,INvalid,Product E,Not Active
01-06-2025,Depot D,SKU-2244,17,INvalid,Product E,Not Active
01-06-2025,Depot D,SKU-2245,53,INvalid,Product E,Not Active
01-06-2025,Depot D,SKU-2357,1,INvalid,Product E,Not Active
01-06-2025,Depot D,SKU-2246,10,INvalid,Product E,Not Active
01-06-2025,Depot D,SKU-2358,1,INvalid,Product E,Not Active
01-06-2025,Depot D,SKU-2323,5,INvalid,Product E,Not Active
01-06-2025,Depot D,SKU-2248,1,INvalid,Product E,Not Active
01-06-2025,Depot D,SKU-2249,4,INvalid,Product E,Not Active
01-06-2025,Depot D,SKU-2250,1,INvalid,Product E,Not Active
01-06-2025,Depot D,SKU-2252,2,INvalid,Product E,Not Active
01-06-2025,Depot D,SKU-2253,2,INvalid,Product E,Not Active
01-06-2025,Depot D,SKU-2326,10,INvalid,Product E,Not Active
01-06-2025,Depot D,SKU-2254,3,INvalid,Product E,Not Active
01-06-2025,Depot D,SKU-2229,212,INvalid,Product E,Active
01-06-2025,Depot D,SKU-2184,9,INvalid,Product E,Active
01-06-2025,Depot D,SKU-2187,29,INvalid,Product E,Active
01-06-2025,Depot D,SKU-2185,22,INvalid,Product E,Active
01-06-2025,Depot D,SKU-2328,13,INvalid,Product E,Active
01-06-2025,Depot D,SKU-2331,4,INvalid,Product E,Active
01-06-2025,Depot E,SKU-2230,5,INvalid,Product E,Not Active
01-06-2025,Depot E,SKU-2359,16,INvalid,Product E,Active
01-06-2025,Depot E,SKU-2360,40,INvalid,Product E,Active
01-06-2025,Depot E,SKU-2214,19,INvalid,Product E,Active
01-06-2025,Depot E,SKU-2127,14,INvalid,Product E,Active
01-06-2025,Depot E,SKU-2128,16,INvalid,Product E,Active
01-06-2025,Depot E,SKU-2223,21,INvalid,Product E,Active
01-06-2025,Depot E,SKU-2288,27,INvalid,Product E,Active
01-06-2025,Depot E,SKU-2132,41,INvalid,Product E,Active
01-06-2025,Depot E,SKU-2133,14,INvalid,Product E,Active
01-06-2025,Depot E,SKU-2224,41,INvalid,Product E,Active
01-06-2025,Depot E,SKU-2136,24,INvalid,Product E,Active
01-06-2025,Depot E,SKU-2137,33,INvalid,Product E,Active
01-06-2025,Depot E,SKU-2138,39,INvalid,Product E,Active
01-06-2025,Depot E,SKU-2215,10,INvalid,Product E,Active
01-06-2025,Depot E,SKU-2141,27,INvalid,Product E,Active
01-06-2025,Depot E,SKU-2361,8,INvalid,Product E,Active
01-06-2025,Depot E,SKU-2143,8,INvalid,Product E,Active
01-06-2025,Depot E,SKU-2144,98,INvalid,Product E,Active
01-06-2025,Depot E,SKU-2234,6,INvalid,Product E,Active
01-06-2025,Depot E,SKU-2145,4,INvalid,Product E,Active
01-06-2025,Depot E,SKU-2362,6,INvalid,Product E,Active
01-06-2025,Depot E,SKU-2089,16,INvalid,Product E,Active
01-06-2025,Depot E,SKU-2216,3,INvalid,Product E,Active
01-06-2025,Depot E,SKU-2238,5,INvalid,Product E,Active
01-06-2025,Depot E,SKU-2217,7,INvalid,Product E,Active
01-06-2025,Depot E,SKU-2218,2,INvalid,Product E,Active
01-06-2025,Depot E,SKU-2241,2,INvalid,Product E,Active
01-06-2025,Depot E,SKU-2219,3,INvalid,Product E,Active
01-06-2025,Depot E,SKU-2220,3,INvalid,Product E,Active
01-06-2025,Depot E,SKU-2242,1,INvalid,Product E,Active
01-06-2025,Depot E,SKU-2221,3,INvalid,Product E,Active
01-06-2025,Depot E,SKU-2294,2,INvalid,Product E,Active
01-06-2025,Depot E,SKU-2295,1,INvalid,Product E,Active
01-06-2025,Depot E,SKU-2208,170,INvalid,Product E,Active
01-06-2025,Depot E,SKU-2209,11,INvalid,Product E,Active
01-06-2025,Depot E,SKU-2222,134,INvalid,Product E,Active
01-06-2025,Depot E,SKU-2210,215,INvalid,Product E,Active
01-06-2025,Depot E,SKU-2203,57,INvalid,Product E,Active
01-06-2025,Depot E,SKU-2149,44,INvalid,Product E,Active
01-06-2025,Depot E,SKU-2150,197,INvalid,Product E,Active
01-06-2025,Depot E,SKU-2151,15,INvalid,Product E,Active
01-06-2025,Depot E,SKU-2154,7,INvalid,Product E,Active
01-06-2025,Depot E,SKU-2155,148,INvalid,Product E,Active
01-06-2025,Depot E,SKU-2156,143,INvalid,Product E,Active
01-06-2025,Depot E,SKU-2164,45,INvalid,Product E,Active
01-06-2025,Depot E,SKU-2166,3,INvalid,Product E,Active
01-06-2025,Depot E,SKU-2167,33,INvalid,Product E,Active
01-06-2025,Depot E,SKU-2168,30,INvalid,Product E,Active
01-06-2025,Depot E,SKU-2170,48,INvalid,Product E,Active
01-06-2025,Depot E,SKU-2171,13,INvalid,Product E,Active
01-06-2025,Depot E,SKU-2172,27,INvalid,Product E,Active
01-06-2025,Depot E,SKU-2175,7,INvalid,Product E,Active
01-06-2025,Depot E,SKU-2178,14,INvalid,Product E,Active
01-06-2025,Depot E,SKU-2180,52,INvalid,Product E,Active
01-06-2025,Depot E,SKU-2181,22,INvalid,Product E,Active
01-06-2025,Depot E,SKU-2182,7,INvalid,Product E,Active
01-06-2025,Depot E,SKU-2183,52,INvalid,Product E,Active
01-06-2025,Depot E,SKU-2243,2,INvalid,Product E,Not Active
01-06-2025,Depot E,SKU-2311,1,INvalid,Product E,Not Active
01-06-2025,Depot E,SKU-2313,1,INvalid,Product E,Not Active
01-06-2025,Depot E,SKU-2363,6,INvalid,Product E,Not Active
01-06-2025,Depot E,SKU-2318,8,INvalid,Product E,Not Active
01-06-2025,Depot E,SKU-2319,6,INvalid,Product E,Not Active
01-06-2025,Depot E,SKU-2244,23,INvalid,Product E,Not Active
01-06-2025,Depot E,SKU-2245,13,INvalid,Product E,Not Active
01-06-2025,Depot E,SKU-2357,1,INvalid,Product E,Not Active
01-06-2025,Depot E,SKU-2246,2,INvalid,Product E,Not Active
01-06-2025,Depot E,SKU-2322,3,INvalid,Product E,Not Active
01-06-2025,Depot E,SKU-2323,2,INvalid,Product E,Not Active
01-06-2025,Depot E,SKU-2248,3,INvalid,Product E,Not Active
01-06-2025,Depot E,SKU-2249,3,INvalid,Product E,Not Active
01-06-2025,Depot E,SKU-2250,15,INvalid,Product E,Not Active
01-06-2025,Depot E,SKU-2346,1,INvalid,Product E,Not Active
01-06-2025,Depot E,SKU-2347,2,INvalid,Product E,Not Active
01-06-2025,Depot E,SKU-2252,3,INvalid,Product E,Not Active
01-06-2025,Depot E,SKU-2253,5,INvalid,Product E,Not Active
01-06-2025,Depot E,SKU-2326,3,INvalid,Product E,Not Active
01-06-2025,Depot E,SKU-2255,2,INvalid,Product E,Not Active
01-06-2025,Depot E,SKU-2229,56,INvalid,Product E,Active
01-06-2025,Depot E,SKU-2184,7,INvalid,Product E,Active
01-06-2025,Depot E,SKU-2187,16,INvalid,Product E,Active
01-06-2025,Depot E,SKU-2185,1,INvalid,Product E,Active
01-06-2025,Depot E,SKU-2186,8,INvalid,Product E,Active
01-06-2025,Depot F,SKU-2230,3,INvalid,Product E,Not Active
01-06-2025,Depot F,SKU-2110,37,INvalid,Product E,Active
01-06-2025,Depot F,SKU-2111,39,INvalid,Product E,Active
01-06-2025,Depot F,SKU-2114,56,INvalid,Product E,Active
01-06-2025,Depot F,SKU-2115,34,INvalid,Product E,Active
01-06-2025,Depot F,SKU-2360,25,INvalid,Product E,Active
01-06-2025,Depot F,SKU-2129,15,INvalid,Product E,Active
01-06-2025,Depot F,SKU-2135,13,INvalid,Product E,Active
01-06-2025,Depot F,SKU-2224,11,INvalid,Product E,Active
01-06-2025,Depot F,SKU-2215,8,INvalid,Product E,Active
01-06-2025,Depot F,SKU-2144,7,INvalid,Product E,Active
01-06-2025,Depot F,SKU-2088,16,INvalid,Product E,Active
01-06-2025,Depot F,SKU-2089,14,INvalid,Product E,Active
01-06-2025,Depot F,SKU-2147,3,INvalid,Product E,Active
01-06-2025,Depot F,SKU-2216,5,INvalid,Product E,Active
01-06-2025,Depot F,SKU-2090,16,INvalid,Product E,Active
01-06-2025,Depot F,SKU-2217,4,INvalid,Product E,Active
01-06-2025,Depot F,SKU-2148,3,INvalid,Product E,Active
01-06-2025,Depot F,SKU-2218,2,INvalid,Product E,Active
01-06-2025,Depot F,SKU-2241,2,INvalid,Product E,Active
01-06-2025,Depot F,SKU-2091,3,INvalid,Product E,Active
01-06-2025,Depot F,SKU-2219,6,INvalid,Product E,Active
01-06-2025,Depot F,SKU-2242,2,INvalid,Product E,Active
01-06-2025,Depot F,SKU-2221,2,INvalid,Product E,Active
01-06-2025,Depot F,SKU-2222,11,INvalid,Product E,Active
01-06-2025,Depot F,SKU-2149,6,INvalid,Product E,Active
01-06-2025,Depot F,SKU-2150,17,INvalid,Product E,Active
01-06-2025,Depot F,SKU-2154,6,INvalid,Product E,Active
01-06-2025,Depot F,SKU-2155,94,INvalid,Product E,Active
01-06-2025,Depot F,SKU-2156,21,INvalid,Product E,Active
01-06-2025,Depot F,SKU-2157,4,INvalid,Product E,Active
01-06-2025,Depot F,SKU-2158,116,INvalid,Product E,Active
01-06-2025,Depot F,SKU-2159,160,INvalid,Product E,Active
01-06-2025,Depot F,SKU-2160,50,INvalid,Product E,Active
01-06-2025,Depot F,SKU-2163,1,INvalid,Product E,Active
01-06-2025,Depot F,SKU-2167,4,INvalid,Product E,Active
01-06-2025,Depot F,SKU-2168,7,INvalid,Product E,Active
01-06-2025,Depot F,SKU-2169,5,INvalid,Product E,Active
01-06-2025,Depot F,SKU-2212,8,INvalid,Product E,Active
01-06-2025,Depot F,SKU-2170,4,INvalid,Product E,Active
01-06-2025,Depot F,SKU-2304,9,INvalid,Product E,Active
01-06-2025,Depot F,SKU-2171,8,INvalid,Product E,Active
01-06-2025,Depot F,SKU-2172,19,INvalid,Product E,Active
01-06-2025,Depot F,SKU-2173,6,INvalid,Product E,Active
01-06-2025,Depot F,SKU-2174,2,INvalid,Product E,Active
01-06-2025,Depot F,SKU-2306,10,INvalid,Product E,Active
01-06-2025,Depot F,SKU-2175,6,INvalid,Product E,Active
01-06-2025,Depot F,SKU-2177,6,INvalid,Product E,Active
01-06-2025,Depot F,SKU-2107,19,INvalid,Product E,Active
01-06-2025,Depot F,SKU-2180,3,INvalid,Product E,Active
01-06-2025,Depot F,SKU-2364,4,INvalid,Product E,Active
01-06-2025,Depot F,SKU-2108,17,INvalid,Product E,Active
01-06-2025,Depot F,SKU-2183,4,INvalid,Product E,Active
01-06-2025,Depot F,SKU-2243,5,INvalid,Product E,Not Active
01-06-2025,Depot F,SKU-2365,2,INvalid,Product E,Not Active
01-06-2025,Depot F,SKU-2366,8,INvalid,Product E,Not Active
01-06-2025,Depot F,SKU-2367,4,INvalid,Product E,Not Active
01-06-2025,Depot F,SKU-2368,3,INvalid,Product E,Not Active
01-06-2025,Depot F,SKU-2244,6,INvalid,Product E,Not Active
01-06-2025,Depot F,SKU-2245,7,INvalid,Product E,Not Active
01-06-2025,Depot F,SKU-2369,2,INvalid,Product E,Not Active
01-06-2025,Depot F,SKU-2246,2,INvalid,Product E,Not Active
01-06-2025,Depot F,SKU-2248,5,INvalid,Product E,Not Active
01-06-2025,Depot F,SKU-2249,5,INvalid,Product E,Not Active
01-06-2025,Depot F,SKU-2250,2,INvalid,Product E,Not Active
01-06-2025,Depot F,SKU-2326,1,INvalid,Product E,Not Active
01-06-2025,Depot F,SKU-2370,5,INvalid,Product E,Not Active
01-06-2025,Depot F,SKU-2184,8,INvalid,Product E,Active
01-06-2025,Depot F,SKU-2186,16,INvalid,Product E,Active
01-06-2025,Depot G,SKU-2230,1,INvalid,Product E,Not Active
01-06-2025,Depot G,SKU-2126,4,INvalid,Product E,Active
01-06-2025,Depot G,SKU-2127,2,INvalid,Product E,Active
01-06-2025,Depot G,SKU-2076,29,INvalid,Product E,Active
01-06-2025,Depot G,SKU-2129,14,INvalid,Product E,Active
01-06-2025,Depot G,SKU-2287,12,INvalid,Product E,Active
01-06-2025,Depot G,SKU-2130,1,INvalid,Product E,Active
01-06-2025,Depot G,SKU-2131,3,INvalid,Product E,Active
01-06-2025,Depot G,SKU-2079,16,INvalid,Product E,Active
01-06-2025,Depot G,SKU-2080,31,INvalid,Product E,Active
01-06-2025,Depot G,SKU-2134,3,INvalid,Product E,Active
01-06-2025,Depot G,SKU-2135,39,INvalid,Product E,Active
01-06-2025,Depot G,SKU-2224,14,INvalid,Product E,Active
01-06-2025,Depot G,SKU-2081,6,INvalid,Product E,Active
01-06-2025,Depot G,SKU-2082,8,INvalid,Product E,Active
01-06-2025,Depot G,SKU-2138,5,INvalid,Product E,Active
01-06-2025,Depot G,SKU-2139,3,INvalid,Product E,Active
01-06-2025,Depot G,SKU-2084,15,INvalid,Product E,Active
01-06-2025,Depot G,SKU-2140,11,INvalid,Product E,Active
01-06-2025,Depot G,SKU-2215,7,INvalid,Product E,Active
01-06-2025,Depot G,SKU-2141,3,INvalid,Product E,Active
01-06-2025,Depot G,SKU-2142,2,INvalid,Product E,Active
01-06-2025,Depot G,SKU-2086,35,INvalid,Product E,Active
01-06-2025,Depot G,SKU-2143,5,INvalid,Product E,Active
01-06-2025,Depot G,SKU-2087,9,INvalid,Product E,Active
01-06-2025,Depot G,SKU-2232,2,INvalid,Product E,Active
01-06-2025,Depot G,SKU-2144,14,INvalid,Product E,Active
01-06-2025,Depot G,SKU-2234,6,INvalid,Product E,Active
01-06-2025,Depot G,SKU-2145,2,INvalid,Product E,Active
01-06-2025,Depot G,SKU-2235,2,INvalid,Product E,Active
01-06-2025,Depot G,SKU-2089,6,INvalid,Product E,Active
01-06-2025,Depot G,SKU-2147,4,INvalid,Product E,Active
01-06-2025,Depot G,SKU-2090,4,INvalid,Product E,Active
01-06-2025,Depot G,SKU-2218,2,INvalid,Product E,Active
01-06-2025,Depot G,SKU-2091,2,INvalid,Product E,Active
01-06-2025,Depot G,SKU-2219,2,INvalid,Product E,Active
01-06-2025,Depot G,SKU-2157,20,INvalid,Product E,Active
01-06-2025,Depot G,SKU-2158,16,INvalid,Product E,Active
01-06-2025,Depot G,SKU-2159,26,INvalid,Product E,Active
01-06-2025,Depot G,SKU-2161,10,INvalid,Product E,Active
01-06-2025,Depot G,SKU-2162,20,INvalid,Product E,Active
01-06-2025,Depot G,SKU-2163,19,INvalid,Product E,Active
01-06-2025,Depot G,SKU-2166,15,INvalid,Product E,Active
01-06-2025,Depot G,SKU-2212,7,INvalid,Product E,Active
01-06-2025,Depot G,SKU-2174,23,INvalid,Product E,Active
01-06-2025,Depot G,SKU-2305,20,INvalid,Product E,Active
01-06-2025,Depot G,SKU-2306,18,INvalid,Product E,Active
01-06-2025,Depot G,SKU-2177,49,INvalid,Product E,Active
01-06-2025,Depot G,SKU-2178,3,INvalid,Product E,Active
01-06-2025,Depot G,SKU-2107,4,INvalid,Product E,Active
01-06-2025,Depot G,SKU-2179,6,INvalid,Product E,Active
01-06-2025,Depot G,SKU-2308,2,INvalid,Product E,Active
01-06-2025,Depot G,SKU-2181,5,INvalid,Product E,Active
01-06-2025,Depot G,SKU-2108,14,INvalid,Product E,Active
01-06-2025,Depot G,SKU-2182,5,INvalid,Product E,Active
01-06-2025,Depot G,SKU-2310,3,INvalid,Product E,Not Active
01-06-2025,Depot G,SKU-2311,1,INvalid,Product E,Not Active
01-06-2025,Depot G,SKU-2312,3,INvalid,Product E,Not Active
01-06-2025,Depot G,SKU-2314,1,INvalid,Product E,Not Active
01-06-2025,Depot G,SKU-2319,2,INvalid,Product E,Not Active
01-06-2025,Depot G,SKU-2244,2,INvalid,Product E,Not Active
01-06-2025,Depot G,SKU-2371,1,INvalid,Product E,Not Active
01-06-2025,Depot G,SKU-2245,2,INvalid,Product E,Not Active
01-06-2025,Depot G,SKU-2372,2,INvalid,Product E,Not Active
01-06-2025,Depot G,SKU-2249,11,INvalid,Product E,Not Active
01-06-2025,Depot G,SKU-2250,4,INvalid,Product E,Not Active
01-06-2025,Depot G,SKU-2184,4,INvalid,Product E,Active
01-06-2025,Depot G,SKU-2187,2,INvalid,Product E,Active
01-06-2025,Depot G,SKU-2185,1,INvalid,Product E,Active
01-06-2025,Depot G,SKU-2186,8,INvalid,Product E,Active
01-06-2025,Depot H,SKU-2213,15,INvalid,Product E,Active
01-06-2025,Depot H,SKU-2206,16,INvalid,Product E,Active
01-06-2025,Depot H,SKU-2074,14,INvalid,Product E,Active
01-06-2025,Depot H,SKU-2207,11,INvalid,Product E,Active
01-06-2025,Depot H,SKU-2214,15,INvalid,Product E,Active
01-06-2025,Depot H,SKU-2076,40,INvalid,Product E,Active
01-06-2025,Depot H,SKU-2129,12,INvalid,Product E,Active
01-06-2025,Depot H,SKU-2200,13,INvalid,Product E,Active
01-06-2025,Depot H,SKU-2078,9,INvalid,Product E,Active
01-06-2025,Depot H,SKU-2079,5,INvalid,Product E,Active
01-06-2025,Depot H,SKU-2080,7,INvalid,Product E,Active
01-06-2025,Depot H,SKU-2135,10,INvalid,Product E,Active
01-06-2025,Depot H,SKU-2081,7,INvalid,Product E,Active
01-06-2025,Depot H,SKU-2201,7,INvalid,Product E,Active
01-06-2025,Depot H,SKU-2082,8,INvalid,Product E,Active
01-06-2025,Depot H,SKU-2084,10,INvalid,Product E,Active
01-06-2025,Depot H,SKU-2215,10,INvalid,Product E,Active
01-06-2025,Depot H,SKU-2086,31,INvalid,Product E,Active
01-06-2025,Depot H,SKU-2087,7,INvalid,Product E,Active
01-06-2025,Depot H,SKU-2088,5,INvalid,Product E,Active
01-06-2025,Depot H,SKU-2148,2,INvalid,Product E,Active
01-06-2025,Depot H,SKU-2218,1,INvalid,Product E,Active
01-06-2025,Depot H,SKU-2241,2,INvalid,Product E,Active
01-06-2025,Depot H,SKU-2091,3,INvalid,Product E,Active
01-06-2025,Depot H,SKU-2219,1,INvalid,Product E,Active
01-06-2025,Depot H,SKU-2220,1,INvalid,Product E,Active
01-06-2025,Depot H,SKU-2221,1,INvalid,Product E,Active
01-06-2025,Depot H,SKU-2225,53,INvalid,Product E,Active
01-06-2025,Depot H,SKU-2208,22,INvalid,Product E,Active
01-06-2025,Depot H,SKU-2222,18,INvalid,Product E,Active
01-06-2025,Depot H,SKU-2227,93,INvalid,Product E,Active
01-06-2025,Depot H,SKU-2210,21,INvalid,Product E,Active
01-06-2025,Depot H,SKU-2373,11,INvalid,Product E,Active
01-06-2025,Depot H,SKU-2203,32,INvalid,Product E,Active
01-06-2025,Depot H,SKU-2228,13,INvalid,Product E,Active
01-06-2025,Depot H,SKU-2211,17,INvalid,Product E,Active
01-06-2025,Depot H,SKU-2300,19,INvalid,Product E,Active
01-06-2025,Depot H,SKU-2155,12,INvalid,Product E,Active
01-06-2025,Depot H,SKU-2156,40,INvalid,Product E,Active
01-06-2025,Depot H,SKU-2159,79,INvalid,Product E,Active
01-06-2025,Depot H,SKU-2162,12,INvalid,Product E,Active
01-06-2025,Depot H,SKU-2164,31,INvalid,Product E,Active
01-06-2025,Depot H,SKU-2165,17,INvalid,Product E,Active
01-06-2025,Depot H,SKU-2166,17,INvalid,Product E,Active
01-06-2025,Depot H,SKU-2168,20,INvalid,Product E,Active
01-06-2025,Depot H,SKU-2169,13,INvalid,Product E,Active
01-06-2025,Depot H,SKU-2212,5,INvalid,Product E,Active
01-06-2025,Depot H,SKU-2171,11,INvalid,Product E,Active
01-06-2025,Depot H,SKU-2173,4,INvalid,Product E,Active
01-06-2025,Depot H,SKU-2174,6,INvalid,Product E,Active
01-06-2025,Depot H,SKU-2305,7,INvalid,Product E,Active
01-06-2025,Depot H,SKU-2176,15,INvalid,Product E,Active
01-06-2025,Depot H,SKU-2177,3,INvalid,Product E,Active
01-06-2025,Depot H,SKU-2107,8,INvalid,Product E,Active
01-06-2025,Depot H,SKU-2108,4,INvalid,Product E,Active
01-06-2025,Depot H,SKU-2243,1,INvalid,Product E,Not Active
01-06-2025,Depot H,SKU-2311,1,INvalid,Product E,Not Active
01-06-2025,Depot H,SKU-2313,1,INvalid,Product E,Not Active
01-06-2025,Depot H,SKU-2363,1,INvalid,Product E,Not Active
01-06-2025,Depot H,SKU-2319,2,INvalid,Product E,Not Active
01-06-2025,Depot H,SKU-2374,14,INvalid,Product E,Not Active
01-06-2025,Depot H,SKU-2244,15,INvalid,Product E,Not Active
01-06-2025,Depot H,SKU-2320,14,INvalid,Product E,Not Active
01-06-2025,Depot H,SKU-2245,33,INvalid,Product E,Not Active
01-06-2025,Depot H,SKU-2369,6,INvalid,Product E,Not Active
01-06-2025,Depot H,SKU-2246,2,INvalid,Product E,Not Active
01-06-2025,Depot H,SKU-2375,1,INvalid,Product E,Not Active
01-06-2025,Depot H,SKU-2248,7,INvalid,Product E,Not Active
01-06-2025,Depot H,SKU-2345,2,INvalid,Product E,Not Active
01-06-2025,Depot H,SKU-2249,13,INvalid,Product E,Not Active
01-06-2025,Depot H,SKU-2324,3,INvalid,Product E,Not Active
01-06-2025,Depot H,SKU-2376,1,INvalid,Product E,Not Active
01-06-2025,Depot H,SKU-2377,3,INvalid,Product E,Not Active
01-06-2025,Depot H,SKU-2250,22,INvalid,Product E,Not Active
01-06-2025,Depot H,SKU-2325,60,INvalid,Product E,Not Active
01-06-2025,Depot H,SKU-2251,10,INvalid,Product E,Not Active
01-06-2025,Depot H,SKU-2378,1,INvalid,Product E,Not Active
01-06-2025,Depot H,SKU-2252,3,INvalid,Product E,Not Active
01-06-2025,Depot H,SKU-2253,8,INvalid,Product E,Not Active
01-06-2025,Depot H,SKU-2379,4,INvalid,Product E,Not Active
01-06-2025,Depot H,SKU-2380,1,INvalid,Product E,Not Active
01-06-2025,Depot H,SKU-2326,9,INvalid,Product E,Not Active
01-06-2025,Depot H,SKU-2370,1,INvalid,Product E,Not Active
01-06-2025,Depot H,SKU-2254,7,INvalid,Product E,Not Active
01-06-2025,Depot H,SKU-2381,1,INvalid,Product E,Not Active
01-06-2025,Depot H,SKU-2255,3,INvalid,Product E,Not Active
01-06-2025,Depot H,SKU-2229,4,INvalid,Product E,Active
01-06-2025,Depot H,SKU-2184,5,INvalid,Product E,Active
01-06-2025,Depot H,SKU-2186,6,INvalid,Product E,Active
01-06-2025,Depot I,SKU-2230,1,INvalid,Product E,Not Active
01-06-2025,Depot I,SKU-2382,16,INvalid,Product E,Active
01-06-2025,Depot I,SKU-2383,12,INvalid,Product E,Active
01-06-2025,Depot I,SKU-2384,8,INvalid,Product E,Active
01-06-2025,Depot I,SKU-2339,30,INvalid,Product E,Active
01-06-2025,Depot I,SKU-2213,35,INvalid,Product E,Active
01-06-2025,Depot I,SKU-2340,2,INvalid,Product E,Active
01-06-2025,Depot I,SKU-2206,61,INvalid,Product E,Active
01-06-2025,Depot I,SKU-2359,16,INvalid,Product E,Active
01-06-2025,Depot I,SKU-2341,2,INvalid,Product E,Active
01-06-2025,Depot I,SKU-2207,61,INvalid,Product E,Active
01-06-2025,Depot I,SKU-2360,30,INvalid,Product E,Active
01-06-2025,Depot I,SKU-2342,30,INvalid,Product E,Active
01-06-2025,Depot I,SKU-2214,136,INvalid,Product E,Active
01-06-2025,Depot I,SKU-2126,7,INvalid,Product E,Active
01-06-2025,Depot I,SKU-2127,5,INvalid,Product E,Active
01-06-2025,Depot I,SKU-2128,25,INvalid,Product E,Active
01-06-2025,Depot I,SKU-2223,16,INvalid,Product E,Active
01-06-2025,Depot I,SKU-2130,5,INvalid,Product E,Active
01-06-2025,Depot I,SKU-2288,4,INvalid,Product E,Active
01-06-2025,Depot I,SKU-2131,8,INvalid,Product E,Active
01-06-2025,Depot I,SKU-2132,7,INvalid,Product E,Active
01-06-2025,Depot I,SKU-2133,4,INvalid,Product E,Active
01-06-2025,Depot I,SKU-2134,4,INvalid,Product E,Active
01-06-2025,Depot I,SKU-2135,29,INvalid,Product E,Active
01-06-2025,Depot I,SKU-2224,12,INvalid,Product E,Active
01-06-2025,Depot I,SKU-2136,4,INvalid,Product E,Active
01-06-2025,Depot I,SKU-2290,3,INvalid,Product E,Active
01-06-2025,Depot I,SKU-2137,2,INvalid,Product E,Active
01-06-2025,Depot I,SKU-2138,5,INvalid,Product E,Active
01-06-2025,Depot I,SKU-2139,6,INvalid,Product E,Active
01-06-2025,Depot I,SKU-2141,5,INvalid,Product E,Active
01-06-2025,Depot I,SKU-2142,4,INvalid,Product E,Active
01-06-2025,Depot I,SKU-2144,39,INvalid,Product E,Active
01-06-2025,Depot I,SKU-2089,24,INvalid,Product E,Active
01-06-2025,Depot I,SKU-2147,14,INvalid,Product E,Active
01-06-2025,Depot I,SKU-2216,6,INvalid,Product E,Active
01-06-2025,Depot I,SKU-2090,7,INvalid,Product E,Active
01-06-2025,Depot I,SKU-2217,3,INvalid,Product E,Active
01-06-2025,Depot I,SKU-2148,12,INvalid,Product E,Active
01-06-2025,Depot I,SKU-2218,5,INvalid,Product E,Active
01-06-2025,Depot I,SKU-2091,6,INvalid,Product E,Active
01-06-2025,Depot I,SKU-2219,4,INvalid,Product E,Active
01-06-2025,Depot I,SKU-2220,2,INvalid,Product E,Active
01-06-2025,Depot I,SKU-2221,1,INvalid,Product E,Active
01-06-2025,Depot I,SKU-2208,35,INvalid,Product E,Active
01-06-2025,Depot I,SKU-2209,16,INvalid,Product E,Active
01-06-2025,Depot I,SKU-2222,2,INvalid,Product E,Active
01-06-2025,Depot I,SKU-2210,36,INvalid,Product E,Active
01-06-2025,Depot I,SKU-2211,15,INvalid,Product E,Active
01-06-2025,Depot I,SKU-2149,4,INvalid,Product E,Active
01-06-2025,Depot I,SKU-2150,2,INvalid,Product E,Active
01-06-2025,Depot I,SKU-2151,2,INvalid,Product E,Active
01-06-2025,Depot I,SKU-2300,42,INvalid,Product E,Active
01-06-2025,Depot I,SKU-2154,6,INvalid,Product E,Active
01-06-2025,Depot I,SKU-2156,3,INvalid,Product E,Active
01-06-2025,Depot I,SKU-2157,4,INvalid,Product E,Active
01-06-2025,Depot I,SKU-2158,2,INvalid,Product E,Active
01-06-2025,Depot I,SKU-2160,51,INvalid,Product E,Active
01-06-2025,Depot I,SKU-2162,12,INvalid,Product E,Active
01-06-2025,Depot I,SKU-2163,5,INvalid,Product E,Active
01-06-2025,Depot I,SKU-2166,3,INvalid,Product E,Active
01-06-2025,Depot I,SKU-2167,10,INvalid,Product E,Active
01-06-2025,Depot I,SKU-2168,2,INvalid,Product E,Active
01-06-2025,Depot I,SKU-2212,9,INvalid,Product E,Active
01-06-2025,Depot I,SKU-2302,6,INvalid,Product E,Active
01-06-2025,Depot I,SKU-2170,3,INvalid,Product E,Active
01-06-2025,Depot I,SKU-2304,27,INvalid,Product E,Active
01-06-2025,Depot I,SKU-2172,2,INvalid,Product E,Active
01-06-2025,Depot I,SKU-2174,19,INvalid,Product E,Active
01-06-2025,Depot I,SKU-2305,1,INvalid,Product E,Active
01-06-2025,Depot I,SKU-2175,1,INvalid,Product E,Active
01-06-2025,Depot I,SKU-2177,5,INvalid,Product E,Active
01-06-2025,Depot I,SKU-2178,3,INvalid,Product E,Active
01-06-2025,Depot I,SKU-2107,8,INvalid,Product E,Active
01-06-2025,Depot I,SKU-2179,5,INvalid,Product E,Active
01-06-2025,Depot I,SKU-2181,5,INvalid,Product E,Active
01-06-2025,Depot I,SKU-2108,6,INvalid,Product E,Active
01-06-2025,Depot I,SKU-2182,5,INvalid,Product E,Active
01-06-2025,Depot I,SKU-2183,4,INvalid,Product E,Active
01-06-2025,Depot I,SKU-2318,41,INvalid,Product E,Not Active
01-06-2025,Depot I,SKU-2385,25,INvalid,Product E,Not Active
01-06-2025,Depot I,SKU-2319,36,INvalid,Product E,Not Active
01-06-2025,Depot I,SKU-2374,21,INvalid,Product E,Not Active
01-06-2025,Depot I,SKU-2244,50,INvalid,Product E,Not Active
01-06-2025,Depot I,SKU-2320,9,INvalid,Product E,Not Active
01-06-2025,Depot I,SKU-2245,19,INvalid,Product E,Not Active
01-06-2025,Depot I,SKU-2369,9,INvalid,Product E,Not Active
01-06-2025,Depot I,SKU-2246,22,INvalid,Product E,Not Active
01-06-2025,Depot I,SKU-2386,12,INvalid,Product E,Not Active
01-06-2025,Depot I,SKU-2387,2,INvalid,Product E,Not Active
01-06-2025,Depot I,SKU-2323,2,INvalid,Product E,Not Active
01-06-2025,Depot I,SKU-2248,6,INvalid,Product E,Not Active
01-06-2025,Depot I,SKU-2249,15,INvalid,Product E,Not Active
01-06-2025,Depot I,SKU-2250,11,INvalid,Product E,Not Active
01-06-2025,Depot I,SKU-2325,4,INvalid,Product E,Not Active
01-06-2025,Depot I,SKU-2251,1,INvalid,Product E,Not Active
01-06-2025,Depot I,SKU-2252,1,INvalid,Product E,Not Active
01-06-2025,Depot I,SKU-2253,5,INvalid,Product E,Not Active
01-06-2025,Depot I,SKU-2348,1,INvalid,Product E,Not Active
01-06-2025,Depot I,SKU-2326,4,INvalid,Product E,Not Active
01-06-2025,Depot I,SKU-2254,4,INvalid,Product E,Not Active
01-06-2025,Depot I,SKU-2255,4,INvalid,Product E,Not Active
01-06-2025,Depot I,SKU-2229,7,INvalid,Product E,Active
01-06-2025,Depot I,SKU-2187,1,INvalid,Product E,Active
01-06-2025,Depot I,SKU-2185,1,INvalid,Product E,Active
01-06-2025,Depot I,SKU-2186,26,INvalid,Product E,Active
01-06-2025,Depot I,SKU-2330,6,INvalid,Product E,Active
01-06-2025,Depot J,SKU-2230,8,INvalid,Product E,Not Active
01-06-2025,Depot J,SKU-2257,12,INvalid,Product E,Active
01-06-2025,Depot J,SKU-2258,5,INvalid,Product E,Active
01-06-2025,Depot J,SKU-2259,20,INvalid,Product E,Active
01-06-2025,Depot J,SKU-2260,5,INvalid,Product E,Active
01-06-2025,Depot J,SKU-2261,5,INvalid,Product E,Active
01-06-2025,Depot J,SKU-2262,4,INvalid,Product E,Active
01-06-2025,Depot J,SKU-2263,2,INvalid,Product E,Active
01-06-2025,Depot J,SKU-2264,5,INvalid,Product E,Active
01-06-2025,Depot J,SKU-2265,2,INvalid,Product E,Active
01-06-2025,Depot J,SKU-2267,2,INvalid,Product E,Active
01-06-2025,Depot J,SKU-2388,21,INvalid,Product E,Active
01-06-2025,Depot J,SKU-2389,16,INvalid,Product E,Active
01-06-2025,Depot J,SKU-2205,22,INvalid,Product E,Active
01-06-2025,Depot J,SKU-2390,16,INvalid,Product E,Active
01-06-2025,Depot J,SKU-2215,9,INvalid,Product E,Active
01-06-2025,Depot J,SKU-2087,23,INvalid,Product E,Active
01-06-2025,Depot J,SKU-2089,5,INvalid,Product E,Active
01-06-2025,Depot J,SKU-2147,7,INvalid,Product E,Active
01-06-2025,Depot J,SKU-2090,5,INvalid,Product E,Active
01-06-2025,Depot J,SKU-2148,2,INvalid,Product E,Active
01-06-2025,Depot J,SKU-2091,4,INvalid,Product E,Active
01-06-2025,Depot J,SKU-2220,4,INvalid,Product E,Active
01-06-2025,Depot J,SKU-2221,3,INvalid,Product E,Active
01-06-2025,Depot J,SKU-2391,4,INvalid,Product E,Active
01-06-2025,Depot J,SKU-2392,3,INvalid,Product E,Active
01-06-2025,Depot J,SKU-2093,66,INvalid,Product E,Active
01-06-2025,Depot J,SKU-2094,37,INvalid,Product E,Active
01-06-2025,Depot J,SKU-2152,19,INvalid,Product E,Active
01-06-2025,Depot J,SKU-2095,14,INvalid,Product E,Active
01-06-2025,Depot J,SKU-2096,29,INvalid,Product E,Active
01-06-2025,Depot J,SKU-2097,9,INvalid,Product E,Active
01-06-2025,Depot J,SKU-2098,8,INvalid,Product E,Active
01-06-2025,Depot J,SKU-2160,10,INvalid,Product E,Active
01-06-2025,Depot J,SKU-2099,9,INvalid,Product E,Active
01-06-2025,Depot J,SKU-2100,10,INvalid,Product E,Active
01-06-2025,Depot J,SKU-2101,32,INvalid,Product E,Active
01-06-2025,Depot J,SKU-2102,16,INvalid,Product E,Active
01-06-2025,Depot J,SKU-2212,8,INvalid,Product E,Active
01-06-2025,Depot J,SKU-2103,25,INvalid,Product E,Active
01-06-2025,Depot J,SKU-2104,6,INvalid,Product E,Active
01-06-2025,Depot J,SKU-2105,6,INvalid,Product E,Active
01-06-2025,Depot J,SKU-2174,6,INvalid,Product E,Active
01-06-2025,Depot J,SKU-2306,6,INvalid,Product E,Active
01-06-2025,Depot J,SKU-2106,6,INvalid,Product E,Active
01-06-2025,Depot J,SKU-2177,6,INvalid,Product E,Active
01-06-2025,Depot J,SKU-2107,4,INvalid,Product E,Active
01-06-2025,Depot J,SKU-2108,4,INvalid,Product E,Active
01-06-2025,Depot J,SKU-2243,28,INvalid,Product E,Not Active
01-06-2025,Depot J,SKU-2310,6,INvalid,Product E,Not Active
01-06-2025,Depot J,SKU-2311,3,INvalid,Product E,Not Active
01-06-2025,Depot J,SKU-2318,65,INvalid,Product E,Not Active
01-06-2025,Depot J,SKU-2319,2,INvalid,Product E,Not Active
01-06-2025,Depot J,SKU-2244,164,INvalid,Product E,Not Active
01-06-2025,Depot J,SKU-2320,35,INvalid,Product E,Not Active
01-06-2025,Depot J,SKU-2371,20,INvalid,Product E,Not Active
01-06-2025,Depot J,SKU-2245,70,INvalid,Product E,Not Active
01-06-2025,Depot J,SKU-2369,2,INvalid,Product E,Not Active
01-06-2025,Depot J,SKU-2357,1,INvalid,Product E,Not Active
01-06-2025,Depot J,SKU-2246,54,INvalid,Product E,Not Active
01-06-2025,Depot J,SKU-2358,5,INvalid,Product E,Not Active
01-06-2025,Depot J,SKU-2248,68,INvalid,Product E,Not Active
01-06-2025,Depot J,SKU-2345,1,INvalid,Product E,Not Active
01-06-2025,Depot J,SKU-2372,2,INvalid,Product E,Not Active
01-06-2025,Depot J,SKU-2249,153,INvalid,Product E,Not Active
01-06-2025,Depot J,SKU-2393,6,INvalid,Product E,Not Active
01-06-2025,Depot J,SKU-2250,44,INvalid,Product E,Not Active
01-06-2025,Depot J,SKU-2325,2,INvalid,Product E,Not Active
01-06-2025,Depot J,SKU-2394,5,INvalid,Product E,Not Active
01-06-2025,Depot J,SKU-2253,7,INvalid,Product E,Not Active
01-06-2025,Depot J,SKU-2395,1,INvalid,Product E,Not Active
01-06-2025,Depot J,SKU-2326,10,INvalid,Product E,Not Active
01-06-2025,Depot J,SKU-2396,1,INvalid,Product E,Not Active
01-06-2025,Depot K,SKU-2230,2,INvalid,Product E,Not Active
01-06-2025,Depot K,SKU-2397,16,INvalid,Product E,Active
01-06-2025,Depot K,SKU-2398,16,INvalid,Product E,Active
01-06-2025,Depot K,SKU-2399,16,INvalid,Product E,Active
01-06-2025,Depot K,SKU-2332,24,INvalid,Product E,Active
01-06-2025,Depot K,SKU-2400,12,INvalid,Product E,Active
01-06-2025,Depot K,SKU-2333,12,INvalid,Product E,Active
01-06-2025,Depot K,SKU-2383,12,INvalid,Product E,Active
01-06-2025,Depot K,SKU-2335,8,INvalid,Product E,Active
01-06-2025,Depot K,SKU-2384,8,INvalid,Product E,Active
01-06-2025,Depot K,SKU-2336,8,INvalid,Product E,Active
01-06-2025,Depot K,SKU-2401,6,INvalid,Product E,Active
01-06-2025,Depot K,SKU-2388,33,INvalid,Product E,Active
01-06-2025,Depot K,SKU-2389,49,INvalid,Product E,Active
01-06-2025,Depot K,SKU-2390,29,INvalid,Product E,Active
01-06-2025,Depot K,SKU-2213,21,INvalid,Product E,Active
01-06-2025,Depot K,SKU-2214,33,INvalid,Product E,Active
01-06-2025,Depot K,SKU-2129,29,INvalid,Product E,Active
01-06-2025,Depot K,SKU-2200,16,INvalid,Product E,Active
01-06-2025,Depot K,SKU-2135,20,INvalid,Product E,Active
01-06-2025,Depot K,SKU-2201,12,INvalid,Product E,Active
01-06-2025,Depot K,SKU-2138,6,INvalid,Product E,Active
01-06-2025,Depot K,SKU-2140,4,INvalid,Product E,Active
01-06-2025,Depot K,SKU-2215,10,INvalid,Product E,Active
01-06-2025,Depot K,SKU-2142,1,INvalid,Product E,Active
01-06-2025,Depot K,SKU-2087,52,INvalid,Product E,Active
01-06-2025,Depot K,SKU-2144,7,INvalid,Product E,Active
01-06-2025,Depot K,SKU-2234,6,INvalid,Product E,Active
01-06-2025,Depot K,SKU-2088,52,INvalid,Product E,Active
01-06-2025,Depot K,SKU-2089,7,INvalid,Product E,Active
01-06-2025,Depot K,SKU-2147,4,INvalid,Product E,Active
01-06-2025,Depot K,SKU-2216,4,INvalid,Product E,Active
01-06-2025,Depot K,SKU-2238,4,INvalid,Product E,Active
01-06-2025,Depot K,SKU-2090,7,INvalid,Product E,Active
01-06-2025,Depot K,SKU-2218,11,INvalid,Product E,Active
01-06-2025,Depot K,SKU-2241,5,INvalid,Product E,Active
01-06-2025,Depot K,SKU-2292,2,INvalid,Product E,Active
01-06-2025,Depot K,SKU-2219,5,INvalid,Product E,Active
01-06-2025,Depot K,SKU-2220,3,INvalid,Product E,Active
01-06-2025,Depot K,SKU-2242,3,INvalid,Product E,Active
01-06-2025,Depot K,SKU-2293,172,INvalid,Product E,Active
01-06-2025,Depot K,SKU-2221,5,INvalid,Product E,Active
01-06-2025,Depot K,SKU-2294,3,INvalid,Product E,Active
01-06-2025,Depot K,SKU-2295,1,INvalid,Product E,Active
01-06-2025,Depot K,SKU-2297,1,INvalid,Product E,Active
01-06-2025,Depot K,SKU-2299,2,INvalid,Product E,Active
01-06-2025,Depot K,SKU-2402,1,INvalid,Product E,Active
01-06-2025,Depot K,SKU-2403,1,INvalid,Product E,Active
01-06-2025,Depot K,SKU-2404,1,INvalid,Product E,Active
01-06-2025,Depot K,SKU-2391,1,INvalid,Product E,Active
01-06-2025,Depot K,SKU-2343,1,INvalid,Product E,Active
01-06-2025,Depot K,SKU-2405,1,INvalid,Product E,Active
01-06-2025,Depot K,SKU-2225,31,INvalid,Product E,Active
01-06-2025,Depot K,SKU-2222,93,INvalid,Product E,Active
01-06-2025,Depot K,SKU-2151,35,INvalid,Product E,Active
01-06-2025,Depot K,SKU-2156,29,INvalid,Product E,Active
01-06-2025,Depot K,SKU-2159,24,INvalid,Product E,Active
01-06-2025,Depot K,SKU-2168,51,INvalid,Product E,Active
01-06-2025,Depot K,SKU-2169,3,INvalid,Product E,Active
01-06-2025,Depot K,SKU-2173,10,INvalid,Product E,Active
01-06-2025,Depot K,SKU-2305,9,INvalid,Product E,Active
01-06-2025,Depot K,SKU-2306,2,INvalid,Product E,Active
01-06-2025,Depot K,SKU-2176,10,INvalid,Product E,Active
01-06-2025,Depot K,SKU-2179,29,INvalid,Product E,Active
01-06-2025,Depot K,SKU-2180,19,INvalid,Product E,Active
01-06-2025,Depot K,SKU-2364,7,INvalid,Product E,Active
01-06-2025,Depot K,SKU-2181,11,INvalid,Product E,Active
01-06-2025,Depot K,SKU-2182,17,INvalid,Product E,Active
01-06-2025,Depot K,SKU-2183,20,INvalid,Product E,Active
01-06-2025,Depot K,SKU-2243,4,INvalid,Product E,Not Active
01-06-2025,Depot K,SKU-2310,1,INvalid,Product E,Not Active
01-06-2025,Depot K,SKU-2311,1,INvalid,Product E,Not Active
01-06-2025,Depot K,SKU-2312,1,INvalid,Product E,Not Active
01-06-2025,Depot K,SKU-2318,8,INvalid,Product E,Not Active
01-06-2025,Depot K,SKU-2319,9,INvalid,Product E,Not Active
01-06-2025,Depot K,SKU-2244,37,INvalid,Product E,Not Active
01-06-2025,Depot K,SKU-2245,38,INvalid,Product E,Not Active
01-06-2025,Depot K,SKU-2246,23,INvalid,Product E,Not Active
01-06-2025,Depot K,SKU-2247,3,INvalid,Product E,Not Active
01-06-2025,Depot K,SKU-2323,6,INvalid,Product E,Not Active
01-06-2025,Depot K,SKU-2248,42,INvalid,Product E,Not Active
01-06-2025,Depot K,SKU-2249,39,INvalid,Product E,Not Active
01-06-2025,Depot K,SKU-2250,32,INvalid,Product E,Not Active
01-06-2025,Depot K,SKU-2251,6,INvalid,Product E,Not Active
01-06-2025,Depot K,SKU-2253,1,INvalid,Product E,Not Active
01-06-2025,Depot K,SKU-2326,8,INvalid,Product E,Not Active
01-06-2025,Depot K,SKU-2254,7,INvalid,Product E,Not Active
01-06-2025,Depot K,SKU-2184,2,INvalid,Product E,Active
01-06-2025,Depot K,SKU-2185,6,INvalid,Product E,Active
01-06-2025,Depot K,SKU-2328,3,INvalid,Product E,Active
01-06-2025,Depot L,SKU-2230,8,INvalid,Product E,Not Active
01-06-2025,Depot L,SKU-2360,26,INvalid,Product E,Active
01-06-2025,Depot L,SKU-2129,111,INvalid,Product E,Active
01-06-2025,Depot L,SKU-2135,15,INvalid,Product E,Active
01-06-2025,Depot L,SKU-2201,30,INvalid,Product E,Active
01-06-2025,Depot L,SKU-2361,7,INvalid,Product E,Active
01-06-2025,Depot L,SKU-2144,27,INvalid,Product E,Active
01-06-2025,Depot L,SKU-2216,5,INvalid,Product E,Active
01-06-2025,Depot L,SKU-2217,5,INvalid,Product E,Active
01-06-2025,Depot L,SKU-2220,1,INvalid,Product E,Active
01-06-2025,Depot L,SKU-2242,2,INvalid,Product E,Active
01-06-2025,Depot L,SKU-2293,2,INvalid,Product E,Active
01-06-2025,Depot L,SKU-2221,1,INvalid,Product E,Active
01-06-2025,Depot L,SKU-2295,1,INvalid,Product E,Active
01-06-2025,Depot L,SKU-2297,1,INvalid,Product E,Active
01-06-2025,Depot L,SKU-2222,7,INvalid,Product E,Active
01-06-2025,Depot L,SKU-2406,16,INvalid,Product E,Active
01-06-2025,Depot L,SKU-2149,43,INvalid,Product E,Active
01-06-2025,Depot L,SKU-2150,9,INvalid,Product E,Active
01-06-2025,Depot L,SKU-2154,33,INvalid,Product E,Active
01-06-2025,Depot L,SKU-2156,16,INvalid,Product E,Active
01-06-2025,Depot L,SKU-2157,26,INvalid,Product E,Active
01-06-2025,Depot L,SKU-2158,9,INvalid,Product E,Active
01-06-2025,Depot L,SKU-2159,17,INvalid,Product E,Active
01-06-2025,Depot L,SKU-2163,49,INvalid,Product E,Active
01-06-2025,Depot L,SKU-2165,10,INvalid,Product E,Active
01-06-2025,Depot L,SKU-2166,7,INvalid,Product E,Active
01-06-2025,Depot L,SKU-2167,33,INvalid,Product E,Active
01-06-2025,Depot L,SKU-2168,7,INvalid,Product E,Active
01-06-2025,Depot L,SKU-2212,35,INvalid,Product E,Active
01-06-2025,Depot L,SKU-2170,23,INvalid,Product E,Active
01-06-2025,Depot L,SKU-2171,7,INvalid,Product E,Active
01-06-2025,Depot L,SKU-2174,10,INvalid,Product E,Active
01-06-2025,Depot L,SKU-2306,12,INvalid,Product E,Active
01-06-2025,Depot L,SKU-2407,6,INvalid,Product E,Active
01-06-2025,Depot L,SKU-2177,6,INvalid,Product E,Active
01-06-2025,Depot L,SKU-2180,4,INvalid,Product E,Active
01-06-2025,Depot L,SKU-2183,4,INvalid,Product E,Active
01-06-2025,Depot L,SKU-2243,2,INvalid,Product E,Not Active
01-06-2025,Depot L,SKU-2310,1,INvalid,Product E,Not Active
01-06-2025,Depot L,SKU-2246,2,INvalid,Product E,Not Active
01-06-2025,Depot L,SKU-2249,3,INvalid,Product E,Not Active
01-06-2025,Depot L,SKU-2250,4,INvalid,Product E,Not Active
01-06-2025,Depot L,SKU-2229,5,INvalid,Product E,Active
01-06-2025,Depot L,SKU-2184,11,INvalid,Product E,Active
01-06-2025,Depot L,SKU-2187,2,INvalid,Product E,Active
01-06-2025,Depot L,SKU-2185,3,INvalid,Product E,Active
01-06-2025,Depot M,SKU-2230,8,INvalid,Product E,Not Active
01-06-2025,Depot M,SKU-2408,10,INvalid,Product E,Active
01-06-2025,Depot M,SKU-2397,24,INvalid,Product E,Active
01-06-2025,Depot M,SKU-2382,21,INvalid,Product E,Active
01-06-2025,Depot M,SKU-2399,73,INvalid,Product E,Active
01-06-2025,Depot M,SKU-2332,40,INvalid,Product E,Active
01-06-2025,Depot M,SKU-2400,23,INvalid,Product E,Active
01-06-2025,Depot M,SKU-2334,32,INvalid,Product E,Active
01-06-2025,Depot M,SKU-2383,22,INvalid,Product E,Active
01-06-2025,Depot M,SKU-2335,24,INvalid,Product E,Active
01-06-2025,Depot M,SKU-2384,7,INvalid,Product E,Active
01-06-2025,Depot M,SKU-2336,28,INvalid,Product E,Active
01-06-2025,Depot M,SKU-2349,14,INvalid,Product E,Active
01-06-2025,Depot M,SKU-2401,91,INvalid,Product E,Active
01-06-2025,Depot M,SKU-2409,25,INvalid,Product E,Active
01-06-2025,Depot M,SKU-2410,64,INvalid,Product E,Active
01-06-2025,Depot M,SKU-2411,19,INvalid,Product E,Active
01-06-2025,Depot M,SKU-2412,7,INvalid,Product E,Active
01-06-2025,Depot M,SKU-2413,4,INvalid,Product E,Active
01-06-2025,Depot M,SKU-2414,9,INvalid,Product E,Active
01-06-2025,Depot M,SKU-2415,3,INvalid,Product E,Active
01-06-2025,Depot M,SKU-2416,10,INvalid,Product E,Active
01-06-2025,Depot M,SKU-2388,17,INvalid,Product E,Active
01-06-2025,Depot M,SKU-2389,27,INvalid,Product E,Active
01-06-2025,Depot M,SKU-2417,6,INvalid,Product E,Active
01-06-2025,Depot M,SKU-2204,69,INvalid,Product E,Active
01-06-2025,Depot M,SKU-2205,17,INvalid,Product E,Active
01-06-2025,Depot M,SKU-2418,48,INvalid,Product E,Active
01-06-2025,Depot M,SKU-2419,32,INvalid,Product E,Active
01-06-2025,Depot M,SKU-2420,130,INvalid,Product E,Active
01-06-2025,Depot M,SKU-2421,1,INvalid,Product E,Active
01-06-2025,Depot M,SKU-2422,12,INvalid,Product E,Active
01-06-2025,Depot M,SKU-2423,183,INvalid,Product E,Active
01-06-2025,Depot M,SKU-2424,89,INvalid,Product E,Active
01-06-2025,Depot M,SKU-2223,15,INvalid,Product E,Active
01-06-2025,Depot M,SKU-2130,23,INvalid,Product E,Active
01-06-2025,Depot M,SKU-2425,223,INvalid,Product E,Active
01-06-2025,Depot M,SKU-2200,28,INvalid,Product E,Active
01-06-2025,Depot M,SKU-2426,82,INvalid,Product E,Active
01-06-2025,Depot M,SKU-2132,28,INvalid,Product E,Active
01-06-2025,Depot M,SKU-2427,94,INvalid,Product E,Active
01-06-2025,Depot M,SKU-2133,11,INvalid,Product E,Active
01-06-2025,Depot M,SKU-2428,80,INvalid,Product E,Active
01-06-2025,Depot M,SKU-2136,9,INvalid,Product E,Active
01-06-2025,Depot M,SKU-2429,142,INvalid,Product E,Active
01-06-2025,Depot M,SKU-2201,9,INvalid,Product E,Active
01-06-2025,Depot M,SKU-2137,14,INvalid,Product E,Active
01-06-2025,Depot M,SKU-2430,81,INvalid,Product E,Active
01-06-2025,Depot M,SKU-2138,66,INvalid,Product E,Active
01-06-2025,Depot M,SKU-2431,121,INvalid,Product E,Active
01-06-2025,Depot M,SKU-2139,24,INvalid,Product E,Active
01-06-2025,Depot M,SKU-2432,134,INvalid,Product E,Active
01-06-2025,Depot M,SKU-2433,119,INvalid,Product E,Active
01-06-2025,Depot M,SKU-2361,7,INvalid,Product E,Active
01-06-2025,Depot M,SKU-2142,34,INvalid,Product E,Active
01-06-2025,Depot M,SKU-2434,138,INvalid,Product E,Active
01-06-2025,Depot M,SKU-2435,34,INvalid,Product E,Active
01-06-2025,Depot M,SKU-2436,32,INvalid,Product E,Active
01-06-2025,Depot M,SKU-2234,9,INvalid,Product E,Active
01-06-2025,Depot M,SKU-2437,40,INvalid,Product E,Active
01-06-2025,Depot M,SKU-2438,28,INvalid,Product E,Active
01-06-2025,Depot M,SKU-2439,38,INvalid,Product E,Active
01-06-2025,Depot M,SKU-2440,2,INvalid,Product E,Active
01-06-2025,Depot M,SKU-2441,38,INvalid,Product E,Active
01-06-2025,Depot M,SKU-2442,21,INvalid,Product E,Active
01-06-2025,Depot M,SKU-2242,5,INvalid,Product E,Active
01-06-2025,Depot M,SKU-2294,2,INvalid,Product E,Active
01-06-2025,Depot M,SKU-2295,1,INvalid,Product E,Active
01-06-2025,Depot M,SKU-2296,1,INvalid,Product E,Active
01-06-2025,Depot M,SKU-2443,1,INvalid,Product E,Active
01-06-2025,Depot M,SKU-2297,1,INvalid,Product E,Active
01-06-2025,Depot M,SKU-2298,2,INvalid,Product E,Active
01-06-2025,Depot M,SKU-2444,1,INvalid,Product E,Active
01-06-2025,Depot M,SKU-2299,1,INvalid,Product E,Active
01-06-2025,Depot M,SKU-2225,12,INvalid,Product E,Active
01-06-2025,Depot M,SKU-2227,1,INvalid,Product E,Active
01-06-2025,Depot M,SKU-2151,11,INvalid,Product E,Active
01-06-2025,Depot M,SKU-2155,10,INvalid,Product E,Active
01-06-2025,Depot M,SKU-2202,158,INvalid,Product E,Active
01-06-2025,Depot M,SKU-2156,37,INvalid,Product E,Active
01-06-2025,Depot M,SKU-2159,13,INvalid,Product E,Active
01-06-2025,Depot M,SKU-2162,12,INvalid,Product E,Active
01-06-2025,Depot M,SKU-2165,22,INvalid,Product E,Active
01-06-2025,Depot M,SKU-2169,6,INvalid,Product E,Active
01-06-2025,Depot M,SKU-2212,78,INvalid,Product E,Active
01-06-2025,Depot M,SKU-2171,63,INvalid,Product E,Active
01-06-2025,Depot M,SKU-2172,9,INvalid,Product E,Active
01-06-2025,Depot M,SKU-2173,4,INvalid,Product E,Active
01-06-2025,Depot M,SKU-2305,3,INvalid,Product E,Active
01-06-2025,Depot M,SKU-2306,7,INvalid,Product E,Active
01-06-2025,Depot M,SKU-2175,8,INvalid,Product E,Active
01-06-2025,Depot M,SKU-2176,5,INvalid,Product E,Active
01-06-2025,Depot M,SKU-2178,5,INvalid,Product E,Active
01-06-2025,Depot M,SKU-2179,6,INvalid,Product E,Active
01-06-2025,Depot M,SKU-2181,5,INvalid,Product E,Active
01-06-2025,Depot M,SKU-2182,7,INvalid,Product E,Active
01-06-2025,Depot M,SKU-2243,4,INvalid,Product E,Not Active
01-06-2025,Depot M,SKU-2311,12,INvalid,Product E,Not Active
01-06-2025,Depot M,SKU-2312,2,INvalid,Product E,Not Active
01-06-2025,Depot M,SKU-2313,2,INvalid,Product E,Not Active
01-06-2025,Depot M,SKU-2318,2,INvalid,Product E,Not Active
01-06-2025,Depot M,SKU-2319,6,INvalid,Product E,Not Active
01-06-2025,Depot M,SKU-2244,15,INvalid,Product E,Not Active
01-06-2025,Depot M,SKU-2245,19,INvalid,Product E,Not Active
01-06-2025,Depot M,SKU-2321,2,INvalid,Product E,Not Active
01-06-2025,Depot M,SKU-2246,10,INvalid,Product E,Not Active
01-06-2025,Depot M,SKU-2344,1,INvalid,Product E,Not Active
01-06-2025,Depot M,SKU-2322,3,INvalid,Product E,Not Active
01-06-2025,Depot M,SKU-2323,3,INvalid,Product E,Not Active
01-06-2025,Depot M,SKU-2248,5,INvalid,Product E,Not Active
01-06-2025,Depot M,SKU-2249,2,INvalid,Product E,Not Active
01-06-2025,Depot M,SKU-2250,16,INvalid,Product E,Not Active
01-06-2025,Depot M,SKU-2346,11,INvalid,Product E,Not Active
01-06-2025,Depot M,SKU-2253,5,INvalid,Product E,Not Active
01-06-2025,Depot M,SKU-2348,1,INvalid,Product E,Not Active
01-06-2025,Depot M,SKU-2326,12,INvalid,Product E,Not Active
01-06-2025,Depot M,SKU-2396,1,INvalid,Product E,Not Active
01-06-2025,Depot M,SKU-2255,2,INvalid,Product E,Not Active
01-06-2025,Depot M,SKU-2229,9,INvalid,Product E,Active
01-06-2025,Depot M,SKU-2184,27,INvalid,Product E,Active
01-06-2025,Depot M,SKU-2256,13,INvalid,Product E,Active
01-06-2025,Depot M,SKU-2445,12,INvalid,Product E,Active
01-06-2025,Depot M,SKU-2186,15,INvalid,Product E,Active
01-06-2025,Depot N,SKU-2230,36,INvalid,Product E,Not Active
01-06-2025,Depot N,SKU-2408,66,INvalid,Product E,Active
01-06-2025,Depot N,SKU-2400,24,INvalid,Product E,Active
01-06-2025,Depot N,SKU-2336,25,INvalid,Product E,Active
01-06-2025,Depot N,SKU-2416,6,INvalid,Product E,Active
01-06-2025,Depot N,SKU-2446,1,INvalid,Product E,Active
01-06-2025,Depot N,SKU-2389,16,INvalid,Product E,Active
01-06-2025,Depot N,SKU-2447,5,INvalid,Product E,Active
01-06-2025,Depot N,SKU-2205,16,INvalid,Product E,Active
01-06-2025,Depot N,SKU-2390,16,INvalid,Product E,Active
01-06-2025,Depot N,SKU-2206,41,INvalid,Product E,Active
01-06-2025,Depot N,SKU-2359,37,INvalid,Product E,Active
01-06-2025,Depot N,SKU-2360,16,INvalid,Product E,Active
01-06-2025,Depot N,SKU-2126,49,INvalid,Product E,Active
01-06-2025,Depot N,SKU-2127,24,INvalid,Product E,Active
01-06-2025,Depot N,SKU-2128,38,INvalid,Product E,Active
01-06-2025,Depot N,SKU-2130,62,INvalid,Product E,Active
01-06-2025,Depot N,SKU-2200,43,INvalid,Product E,Active
01-06-2025,Depot N,SKU-2131,32,INvalid,Product E,Active
01-06-2025,Depot N,SKU-2132,55,INvalid,Product E,Active
01-06-2025,Depot N,SKU-2133,42,INvalid,Product E,Active
01-06-2025,Depot N,SKU-2134,27,INvalid,Product E,Active
01-06-2025,Depot N,SKU-2136,27,INvalid,Product E,Active
01-06-2025,Depot N,SKU-2201,12,INvalid,Product E,Active
01-06-2025,Depot N,SKU-2137,61,INvalid,Product E,Active
01-06-2025,Depot N,SKU-2138,44,INvalid,Product E,Active
01-06-2025,Depot N,SKU-2139,6,INvalid,Product E,Active
01-06-2025,Depot N,SKU-2291,8,INvalid,Product E,Active
01-06-2025,Depot N,SKU-2141,34,INvalid,Product E,Active
01-06-2025,Depot N,SKU-2361,6,INvalid,Product E,Active
01-06-2025,Depot N,SKU-2142,22,INvalid,Product E,Active
01-06-2025,Depot N,SKU-2143,5,INvalid,Product E,Active
01-06-2025,Depot N,SKU-2234,163,INvalid,Product E,Active
01-06-2025,Depot N,SKU-2145,4,INvalid,Product E,Active
01-06-2025,Depot N,SKU-2146,3,INvalid,Product E,Active
01-06-2025,Depot N,SKU-2236,3,INvalid,Product E,Active
01-06-2025,Depot N,SKU-2216,132,INvalid,Product E,Active
01-06-2025,Depot N,SKU-2237,3,INvalid,Product E,Active
01-06-2025,Depot N,SKU-2238,5,INvalid,Product E,Active
01-06-2025,Depot N,SKU-2239,2,INvalid,Product E,Active
01-06-2025,Depot N,SKU-2240,3,INvalid,Product E,Active
01-06-2025,Depot N,SKU-2218,16,INvalid,Product E,Active
01-06-2025,Depot N,SKU-2241,4,INvalid,Product E,Active
01-06-2025,Depot N,SKU-2219,18,INvalid,Product E,Active
01-06-2025,Depot N,SKU-2220,2,INvalid,Product E,Active
01-06-2025,Depot N,SKU-2242,5,INvalid,Product E,Active
01-06-2025,Depot N,SKU-2221,12,INvalid,Product E,Active
01-06-2025,Depot N,SKU-2294,4,INvalid,Product E,Active
01-06-2025,Depot N,SKU-2295,1,INvalid,Product E,Active
01-06-2025,Depot N,SKU-2297,2,INvalid,Product E,Active
01-06-2025,Depot N,SKU-2225,33,INvalid,Product E,Active
01-06-2025,Depot N,SKU-2208,37,INvalid,Product E,Active
01-06-2025,Depot N,SKU-2209,81,INvalid,Product E,Active
01-06-2025,Depot N,SKU-2092,100,INvalid,Product E,Active
01-06-2025,Depot N,SKU-2406,18,INvalid,Product E,Active
01-06-2025,Depot N,SKU-2227,16,INvalid,Product E,Active
01-06-2025,Depot N,SKU-2210,94,INvalid,Product E,Active
01-06-2025,Depot N,SKU-2228,35,INvalid,Product E,Active
01-06-2025,Depot N,SKU-2211,33,INvalid,Product E,Active
01-06-2025,Depot N,SKU-2300,36,INvalid,Product E,Active
01-06-2025,Depot N,SKU-2162,12,INvalid,Product E,Active
01-06-2025,Depot N,SKU-2302,8,INvalid,Product E,Active
01-06-2025,Depot N,SKU-2171,60,INvalid,Product E,Active
01-06-2025,Depot N,SKU-2173,16,INvalid,Product E,Active
01-06-2025,Depot N,SKU-2305,2,INvalid,Product E,Active
01-06-2025,Depot N,SKU-2306,306,INvalid,Product E,Active
01-06-2025,Depot N,SKU-2448,6,INvalid,Product E,Active
01-06-2025,Depot N,SKU-2179,3,INvalid,Product E,Active
01-06-2025,Depot N,SKU-2180,21,INvalid,Product E,Active
01-06-2025,Depot N,SKU-2364,10,INvalid,Product E,Active
01-06-2025,Depot N,SKU-2449,9,INvalid,Product E,Active
01-06-2025,Depot N,SKU-2182,8,INvalid,Product E,Active
01-06-2025,Depot N,SKU-2183,15,INvalid,Product E,Active
01-06-2025,Depot N,SKU-2310,6,INvalid,Product E,Not Active
01-06-2025,Depot N,SKU-2312,14,INvalid,Product E,Not Active
01-06-2025,Depot N,SKU-2314,1,INvalid,Product E,Not Active
01-06-2025,Depot N,SKU-2318,166,INvalid,Product E,Not Active
01-06-2025,Depot N,SKU-2355,1,INvalid,Product E,Not Active
01-06-2025,Depot N,SKU-2319,141,INvalid,Product E,Not Active
01-06-2025,Depot N,SKU-2244,190,INvalid,Product E,Not Active
01-06-2025,Depot N,SKU-2245,119,INvalid,Product E,Not Active
01-06-2025,Depot N,SKU-2357,1,INvalid,Product E,Not Active
01-06-2025,Depot N,SKU-2246,21,INvalid,Product E,Not Active
01-06-2025,Depot N,SKU-2247,2,INvalid,Product E,Not Active
01-06-2025,Depot N,SKU-2322,11,INvalid,Product E,Not Active
01-06-2025,Depot N,SKU-2323,5,INvalid,Product E,Not Active
01-06-2025,Depot N,SKU-2248,105,INvalid,Product E,Not Active
01-06-2025,Depot N,SKU-2249,205,INvalid,Product E,Not Active
01-06-2025,Depot N,SKU-2377,1,INvalid,Product E,Not Active
01-06-2025,Depot N,SKU-2250,112,INvalid,Product E,Not Active
01-06-2025,Depot N,SKU-2251,11,INvalid,Product E,Not Active
01-06-2025,Depot N,SKU-2450,7,INvalid,Product E,Not Active
01-06-2025,Depot N,SKU-2346,4,INvalid,Product E,Not Active
01-06-2025,Depot N,SKU-2347,1,INvalid,Product E,Not Active
01-06-2025,Depot N,SKU-2252,8,INvalid,Product E,Not Active
01-06-2025,Depot N,SKU-2253,3,INvalid,Product E,Not Active
01-06-2025,Depot N,SKU-2348,3,INvalid,Product E,Not Active
01-06-2025,Depot N,SKU-2326,39,INvalid,Product E,Not Active
01-06-2025,Depot N,SKU-2254,30,INvalid,Product E,Not Active
01-06-2025,Depot N,SKU-2255,16,INvalid,Product E,Not Active
01-06-2025,Depot N,SKU-2229,9,INvalid,Product E,Active
01-06-2025,Depot N,SKU-2187,13,INvalid,Product E,Active
01-06-2025,Depot N,SKU-2327,23,INvalid,Product E,Active
01-06-2025,Depot N,SKU-2328,7,INvalid,Product E,Active
01-06-2025,Depot N,SKU-2330,5,INvalid,Product E,Active
01-06-2025,Depot O,SKU-2230,4,INvalid,Product E,Not Active
01-06-2025,Depot O,SKU-2076,16,INvalid,Product E,Active
01-06-2025,Depot O,SKU-2079,12,INvalid,Product E,Active
01-06-2025,Depot O,SKU-2080,13,INvalid,Product E,Active
01-06-2025,Depot O,SKU-2081,11,INvalid,Product E,Active
01-06-2025,Depot O,SKU-2082,44,INvalid,Product E,Active
01-06-2025,Depot O,SKU-2083,10,INvalid,Product E,Active
01-06-2025,Depot O,SKU-2084,29,INvalid,Product E,Active
01-06-2025,Depot O,SKU-2215,16,INvalid,Product E,Active
01-06-2025,Depot O,SKU-2085,29,INvalid,Product E,Active
01-06-2025,Depot O,SKU-2148,5,INvalid,Product E,Active
01-06-2025,Depot O,SKU-2218,2,INvalid,Product E,Active
01-06-2025,Depot O,SKU-2091,4,INvalid,Product E,Active
01-06-2025,Depot O,SKU-2219,2,INvalid,Product E,Active
01-06-2025,Depot O,SKU-2208,15,INvalid,Product E,Active
01-06-2025,Depot O,SKU-2209,31,INvalid,Product E,Active
01-06-2025,Depot O,SKU-2210,17,INvalid,Product E,Active
01-06-2025,Depot O,SKU-2149,37,INvalid,Product E,Active
01-06-2025,Depot O,SKU-2150,27,INvalid,Product E,Active
01-06-2025,Depot O,SKU-2151,13,INvalid,Product E,Active
01-06-2025,Depot O,SKU-2300,14,INvalid,Product E,Active
01-06-2025,Depot O,SKU-2154,6,INvalid,Product E,Active
01-06-2025,Depot O,SKU-2202,48,INvalid,Product E,Active
01-06-2025,Depot O,SKU-2156,29,INvalid,Product E,Active
01-06-2025,Depot O,SKU-2157,22,INvalid,Product E,Active
01-06-2025,Depot O,SKU-2158,19,INvalid,Product E,Active
01-06-2025,Depot O,SKU-2160,38,INvalid,Product E,Active
01-06-2025,Depot O,SKU-2162,26,INvalid,Product E,Active
01-06-2025,Depot O,SKU-2163,33,INvalid,Product E,Active
01-06-2025,Depot O,SKU-2165,17,INvalid,Product E,Active
01-06-2025,Depot O,SKU-2166,16,INvalid,Product E,Active
01-06-2025,Depot O,SKU-2167,12,INvalid,Product E,Active
01-06-2025,Depot O,SKU-2212,22,INvalid,Product E,Active
01-06-2025,Depot O,SKU-2302,8,INvalid,Product E,Active
01-06-2025,Depot O,SKU-2170,15,INvalid,Product E,Active
01-06-2025,Depot O,SKU-2304,9,INvalid,Product E,Active
01-06-2025,Depot O,SKU-2171,20,INvalid,Product E,Active
01-06-2025,Depot O,SKU-2172,3,INvalid,Product E,Active
01-06-2025,Depot O,SKU-2174,5,INvalid,Product E,Active
01-06-2025,Depot O,SKU-2306,17,INvalid,Product E,Active
01-06-2025,Depot O,SKU-2175,7,INvalid,Product E,Active
01-06-2025,Depot O,SKU-2177,50,INvalid,Product E,Active
01-06-2025,Depot O,SKU-2178,3,INvalid,Product E,Active
01-06-2025,Depot O,SKU-2107,93,INvalid,Product E,Active
01-06-2025,Depot O,SKU-2181,3,INvalid,Product E,Active
01-06-2025,Depot O,SKU-2108,14,INvalid,Product E,Active
01-06-2025,Depot O,SKU-2312,2,INvalid,Product E,Not Active
01-06-2025,Depot O,SKU-2318,1,INvalid,Product E,Not Active
01-06-2025,Depot O,SKU-2244,3,INvalid,Product E,Not Active
01-06-2025,Depot O,SKU-2246,1,INvalid,Product E,Not Active
01-06-2025,Depot O,SKU-2323,2,INvalid,Product E,Not Active
01-06-2025,Depot O,SKU-2248,3,INvalid,Product E,Not Active
01-06-2025,Depot O,SKU-2249,5,INvalid,Product E,Not Active
01-06-2025,Depot O,SKU-2250,28,INvalid,Product E,Not Active
01-06-2025,Depot O,SKU-2326,1,INvalid,Product E,Not Active
01-06-2025,Depot O,SKU-2254,2,INvalid,Product E,Not Active
01-06-2025,Depot O,SKU-2184,4,INvalid,Product E,Active
01-06-2025,Depot O,SKU-2185,3,INvalid,Product E,Active
01-06-2025,Depot O,SKU-2186,20,INvalid,Product E,Active
01-06-2025,Depot P,SKU-2230,17,INvalid,Product E,Not Active
01-06-2025,Depot P,SKU-2257,174,INvalid,Product E,Active
01-06-2025,Depot P,SKU-2408,46,INvalid,Product E,Active
01-06-2025,Depot P,SKU-2258,50,INvalid,Product E,Active
01-06-2025,Depot P,SKU-2397,15,INvalid,Product E,Active
01-06-2025,Depot P,SKU-2259,16,INvalid,Product E,Active
01-06-2025,Depot P,SKU-2398,46,INvalid,Product E,Active
01-06-2025,Depot P,SKU-2451,19,INvalid,Product E,Active
01-06-2025,Depot P,SKU-2260,102,INvalid,Product E,Active
01-06-2025,Depot P,SKU-2382,48,INvalid,Product E,Active
01-06-2025,Depot P,SKU-2261,116,INvalid,Product E,Active
01-06-2025,Depot P,SKU-2399,21,INvalid,Product E,Active
01-06-2025,Depot P,SKU-2262,37,INvalid,Product E,Active
01-06-2025,Depot P,SKU-2332,14,INvalid,Product E,Active
01-06-2025,Depot P,SKU-2263,9,INvalid,Product E,Active
01-06-2025,Depot P,SKU-2400,12,INvalid,Product E,Active
01-06-2025,Depot P,SKU-2264,28,INvalid,Product E,Active
01-06-2025,Depot P,SKU-2333,12,INvalid,Product E,Active
01-06-2025,Depot P,SKU-2452,11,INvalid,Product E,Active
01-06-2025,Depot P,SKU-2265,27,INvalid,Product E,Active
01-06-2025,Depot P,SKU-2334,13,INvalid,Product E,Active
01-06-2025,Depot P,SKU-2267,101,INvalid,Product E,Active
01-06-2025,Depot P,SKU-2383,12,INvalid,Product E,Active
01-06-2025,Depot P,SKU-2268,124,INvalid,Product E,Active
01-06-2025,Depot P,SKU-2335,16,INvalid,Product E,Active
01-06-2025,Depot P,SKU-2269,70,INvalid,Product E,Active
01-06-2025,Depot P,SKU-2384,9,INvalid,Product E,Active
01-06-2025,Depot P,SKU-2270,17,INvalid,Product E,Active
01-06-2025,Depot P,SKU-2453,8,INvalid,Product E,Active
01-06-2025,Depot P,SKU-2271,64,INvalid,Product E,Active
01-06-2025,Depot P,SKU-2336,48,INvalid,Product E,Active
01-06-2025,Depot P,SKU-2272,63,INvalid,Product E,Active
01-06-2025,Depot P,SKU-2349,12,INvalid,Product E,Active
01-06-2025,Depot P,SKU-2273,26,INvalid,Product E,Active
01-06-2025,Depot P,SKU-2401,10,INvalid,Product E,Active
01-06-2025,Depot P,SKU-2337,29,INvalid,Product E,Active
01-06-2025,Depot P,SKU-2338,4,INvalid,Product E,Active
01-06-2025,Depot P,SKU-2454,1,INvalid,Product E,Active
01-06-2025,Depot P,SKU-2274,30,INvalid,Product E,Active
01-06-2025,Depot P,SKU-2410,10,INvalid,Product E,Active
01-06-2025,Depot P,SKU-2275,39,INvalid,Product E,Active
01-06-2025,Depot P,SKU-2411,4,INvalid,Product E,Active
01-06-2025,Depot P,SKU-2276,6,INvalid,Product E,Active
01-06-2025,Depot P,SKU-2412,1,INvalid,Product E,Active
01-06-2025,Depot P,SKU-2277,11,INvalid,Product E,Active
01-06-2025,Depot P,SKU-2455,4,INvalid,Product E,Active
01-06-2025,Depot P,SKU-2456,4,INvalid,Product E,Active
01-06-2025,Depot P,SKU-2278,8,INvalid,Product E,Active
01-06-2025,Depot P,SKU-2279,7,INvalid,Product E,Active
01-06-2025,Depot P,SKU-2415,1,INvalid,Product E,Active
01-06-2025,Depot P,SKU-2188,4,INvalid,Product E,Active
01-06-2025,Depot P,SKU-2189,3,INvalid,Product E,Active
01-06-2025,Depot P,SKU-2190,2,INvalid,Product E,Active
01-06-2025,Depot P,SKU-2191,5,INvalid,Product E,Active
01-06-2025,Depot P,SKU-2351,2,INvalid,Product E,Active
01-06-2025,Depot P,SKU-2352,4,INvalid,Product E,Active
01-06-2025,Depot P,SKU-2353,2,INvalid,Product E,Active
01-06-2025,Depot P,SKU-2354,2,INvalid,Product E,Active
01-06-2025,Depot P,SKU-2192,63,INvalid,Product E,Active
01-06-2025,Depot P,SKU-2193,75,INvalid,Product E,Active
01-06-2025,Depot P,SKU-2109,128,INvalid,Product E,Active
01-06-2025,Depot P,SKU-2110,63,INvalid,Product E,Active
01-06-2025,Depot P,SKU-2111,46,INvalid,Product E,Active
01-06-2025,Depot P,SKU-2112,125,INvalid,Product E,Active
01-06-2025,Depot P,SKU-2114,7,INvalid,Product E,Active
01-06-2025,Depot P,SKU-2115,149,INvalid,Product E,Active
01-06-2025,Depot P,SKU-2117,20,INvalid,Product E,Active
01-06-2025,Depot P,SKU-2118,6,INvalid,Product E,Active
01-06-2025,Depot P,SKU-2120,20,INvalid,Product E,Active
01-06-2025,Depot P,SKU-2121,40,INvalid,Product E,Active
01-06-2025,Depot P,SKU-2122,19,INvalid,Product E,Active
01-06-2025,Depot P,SKU-2196,20,INvalid,Product E,Active
01-06-2025,Depot P,SKU-2123,34,INvalid,Product E,Active
01-06-2025,Depot P,SKU-2124,36,INvalid,Product E,Active
01-06-2025,Depot P,SKU-2446,12,INvalid,Product E,Active
01-06-2025,Depot P,SKU-2204,16,INvalid,Product E,Active
01-06-2025,Depot P,SKU-2457,16,INvalid,Product E,Active
01-06-2025,Depot P,SKU-2447,24,INvalid,Product E,Active
01-06-2025,Depot P,SKU-2205,2,INvalid,Product E,Active
01-06-2025,Depot P,SKU-2339,13,INvalid,Product E,Active
01-06-2025,Depot P,SKU-2418,16,INvalid,Product E,Active
01-06-2025,Depot P,SKU-2213,27,INvalid,Product E,Active
01-06-2025,Depot P,SKU-2206,20,INvalid,Product E,Active
01-06-2025,Depot P,SKU-2231,13,INvalid,Product E,Active
01-06-2025,Depot P,SKU-2074,16,INvalid,Product E,Active
01-06-2025,Depot P,SKU-2458,1,INvalid,Product E,Active
01-06-2025,Depot P,SKU-2207,56,INvalid,Product E,Active
01-06-2025,Depot P,SKU-2214,15,INvalid,Product E,Active
01-06-2025,Depot P,SKU-2423,19,INvalid,Product E,Active
01-06-2025,Depot P,SKU-2127,438,INvalid,Product E,Active
01-06-2025,Depot P,SKU-2424,12,INvalid,Product E,Active
01-06-2025,Depot P,SKU-2128,46,INvalid,Product E,Active
01-06-2025,Depot P,SKU-2459,55,INvalid,Product E,Active
01-06-2025,Depot P,SKU-2223,13,INvalid,Product E,Active
01-06-2025,Depot P,SKU-2130,310,INvalid,Product E,Active
01-06-2025,Depot P,SKU-2425,19,INvalid,Product E,Active
01-06-2025,Depot P,SKU-2460,23,INvalid,Product E,Active
01-06-2025,Depot P,SKU-2131,28,INvalid,Product E,Active
01-06-2025,Depot P,SKU-2426,46,INvalid,Product E,Active
01-06-2025,Depot P,SKU-2132,114,INvalid,Product E,Active
01-06-2025,Depot P,SKU-2427,13,INvalid,Product E,Active
01-06-2025,Depot P,SKU-2133,1,INvalid,Product E,Active
01-06-2025,Depot P,SKU-2428,12,INvalid,Product E,Active
01-06-2025,Depot P,SKU-2134,61,INvalid,Product E,Active
01-06-2025,Depot P,SKU-2461,9,INvalid,Product E,Active
01-06-2025,Depot P,SKU-2224,125,INvalid,Product E,Active
01-06-2025,Depot P,SKU-2136,28,INvalid,Product E,Active
01-06-2025,Depot P,SKU-2429,54,INvalid,Product E,Active
01-06-2025,Depot P,SKU-2201,10,INvalid,Product E,Active
01-06-2025,Depot P,SKU-2137,63,INvalid,Product E,Active
01-06-2025,Depot P,SKU-2430,13,INvalid,Product E,Active
01-06-2025,Depot P,SKU-2138,111,INvalid,Product E,Active
01-06-2025,Depot P,SKU-2431,56,INvalid,Product E,Active
01-06-2025,Depot P,SKU-2139,55,INvalid,Product E,Active
01-06-2025,Depot P,SKU-2432,3,INvalid,Product E,Active
01-06-2025,Depot P,SKU-2140,72,INvalid,Product E,Active
01-06-2025,Depot P,SKU-2462,3,INvalid,Product E,Active
01-06-2025,Depot P,SKU-2215,17,INvalid,Product E,Active
01-06-2025,Depot P,SKU-2433,10,INvalid,Product E,Active
01-06-2025,Depot P,SKU-2142,242,INvalid,Product E,Active
01-06-2025,Depot P,SKU-2434,4,INvalid,Product E,Active
01-06-2025,Depot P,SKU-2143,30,INvalid,Product E,Active
01-06-2025,Depot P,SKU-2435,36,INvalid,Product E,Active
01-06-2025,Depot P,SKU-2232,63,INvalid,Product E,Active
01-06-2025,Depot P,SKU-2436,4,INvalid,Product E,Active
01-06-2025,Depot P,SKU-2144,21,INvalid,Product E,Active
01-06-2025,Depot P,SKU-2233,5,INvalid,Product E,Active
01-06-2025,Depot P,SKU-2463,2,INvalid,Product E,Active
01-06-2025,Depot P,SKU-2234,7,INvalid,Product E,Active
01-06-2025,Depot P,SKU-2145,35,INvalid,Product E,Active
01-06-2025,Depot P,SKU-2437,39,INvalid,Product E,Active
01-06-2025,Depot P,SKU-2235,43,INvalid,Product E,Active
01-06-2025,Depot P,SKU-2438,4,INvalid,Product E,Active
01-06-2025,Depot P,SKU-2089,23,INvalid,Product E,Active
01-06-2025,Depot P,SKU-2147,7,INvalid,Product E,Active
01-06-2025,Depot P,SKU-2236,16,INvalid,Product E,Active
01-06-2025,Depot P,SKU-2440,1,INvalid,Product E,Active
01-06-2025,Depot P,SKU-2216,3,INvalid,Product E,Active
01-06-2025,Depot P,SKU-2237,1,INvalid,Product E,Active
01-06-2025,Depot P,SKU-2464,1,INvalid,Product E,Active
01-06-2025,Depot P,SKU-2239,21,INvalid,Product E,Active
01-06-2025,Depot P,SKU-2441,1,INvalid,Product E,Active
01-06-2025,Depot P,SKU-2090,13,INvalid,Product E,Active
01-06-2025,Depot P,SKU-2240,33,INvalid,Product E,Active
01-06-2025,Depot P,SKU-2442,1,INvalid,Product E,Active
01-06-2025,Depot P,SKU-2217,4,INvalid,Product E,Active
01-06-2025,Depot P,SKU-2148,4,INvalid,Product E,Active
01-06-2025,Depot P,SKU-2218,4,INvalid,Product E,Active
01-06-2025,Depot P,SKU-2292,3,INvalid,Product E,Active
01-06-2025,Depot P,SKU-2091,8,INvalid,Product E,Active
01-06-2025,Depot P,SKU-2219,2,INvalid,Product E,Active
01-06-2025,Depot P,SKU-2220,1,INvalid,Product E,Active
01-06-2025,Depot P,SKU-2295,1,INvalid,Product E,Active
01-06-2025,Depot P,SKU-2297,1,INvalid,Product E,Active
01-06-2025,Depot P,SKU-2299,1,INvalid,Product E,Active
01-06-2025,Depot P,SKU-2392,1,INvalid,Product E,Active
01-06-2025,Depot P,SKU-2208,25,INvalid,Product E,Active
01-06-2025,Depot P,SKU-2209,5,INvalid,Product E,Active
01-06-2025,Depot P,SKU-2092,90,INvalid,Product E,Active
01-06-2025,Depot P,SKU-2465,20,INvalid,Product E,Active
01-06-2025,Depot P,SKU-2406,13,INvalid,Product E,Active
01-06-2025,Depot P,SKU-2210,11,INvalid,Product E,Active
01-06-2025,Depot P,SKU-2373,13,INvalid,Product E,Active
01-06-2025,Depot P,SKU-2203,13,INvalid,Product E,Active
01-06-2025,Depot P,SKU-2211,22,INvalid,Product E,Active
01-06-2025,Depot P,SKU-2300,89,INvalid,Product E,Active
01-06-2025,Depot P,SKU-2155,20,INvalid,Product E,Active
01-06-2025,Depot P,SKU-2161,78,INvalid,Product E,Active
01-06-2025,Depot P,SKU-2162,39,INvalid,Product E,Active
01-06-2025,Depot P,SKU-2165,12,INvalid,Product E,Active
01-06-2025,Depot P,SKU-2169,56,INvalid,Product E,Active
01-06-2025,Depot P,SKU-2212,13,INvalid,Product E,Active
01-06-2025,Depot P,SKU-2301,9,INvalid,Product E,Active
01-06-2025,Depot P,SKU-2303,6,INvalid,Product E,Active
01-06-2025,Depot P,SKU-2174,24,INvalid,Product E,Active
01-06-2025,Depot P,SKU-2305,11,INvalid,Product E,Active
01-06-2025,Depot P,SKU-2177,12,INvalid,Product E,Active
01-06-2025,Depot P,SKU-2107,10,INvalid,Product E,Active
01-06-2025,Depot P,SKU-2180,4,INvalid,Product E,Active
01-06-2025,Depot P,SKU-2364,8,INvalid,Product E,Active
01-06-2025,Depot P,SKU-2309,12,INvalid,Product E,Active
01-06-2025,Depot P,SKU-2449,4,INvalid,Product E,Active
01-06-2025,Depot P,SKU-2108,9,INvalid,Product E,Active
01-06-2025,Depot P,SKU-2183,11,INvalid,Product E,Active
01-06-2025,Depot P,SKU-2243,1,INvalid,Product E,Not Active
01-06-2025,Depot P,SKU-2311,3,INvalid,Product E,Not Active
01-06-2025,Depot P,SKU-2312,1,INvalid,Product E,Not Active
01-06-2025,Depot P,SKU-2313,1,INvalid,Product E,Not Active
01-06-2025,Depot P,SKU-2318,28,INvalid,Product E,Not Active
01-06-2025,Depot P,SKU-2385,2,INvalid,Product E,Not Active
01-06-2025,Depot P,SKU-2319,5,INvalid,Product E,Not Active
01-06-2025,Depot P,SKU-2374,4,INvalid,Product E,Not Active
01-06-2025,Depot P,SKU-2356,1,INvalid,Product E,Not Active
01-06-2025,Depot P,SKU-2244,49,INvalid,Product E,Not Active
01-06-2025,Depot P,SKU-2320,1,INvalid,Product E,Not Active
01-06-2025,Depot P,SKU-2371,1,INvalid,Product E,Not Active
01-06-2025,Depot P,SKU-2245,66,INvalid,Product E,Not Active
01-06-2025,Depot P,SKU-2369,4,INvalid,Product E,Not Active
01-06-2025,Depot P,SKU-2357,1,INvalid,Product E,Not Active
01-06-2025,Depot P,SKU-2466,1242,INvalid,Product E,Not Active
01-06-2025,Depot P,SKU-2246,9,INvalid,Product E,Not Active
01-06-2025,Depot P,SKU-2247,3,INvalid,Product E,Not Active
01-06-2025,Depot P,SKU-2467,1,INvalid,Product E,Not Active
01-06-2025,Depot P,SKU-2344,2,INvalid,Product E,Not Active
01-06-2025,Depot P,SKU-2322,1,INvalid,Product E,Not Active
01-06-2025,Depot P,SKU-2387,3,INvalid,Product E,Not Active
01-06-2025,Depot P,SKU-2323,1,INvalid,Product E,Not Active
01-06-2025,Depot P,SKU-2375,1,INvalid,Product E,Not Active
01-06-2025,Depot P,SKU-2248,10,INvalid,Product E,Not Active
01-06-2025,Depot P,SKU-2345,1,INvalid,Product E,Not Active
01-06-2025,Depot P,SKU-2372,2,INvalid,Product E,Not Active
01-06-2025,Depot P,SKU-2249,14,INvalid,Product E,Not Active
01-06-2025,Depot P,SKU-2324,4,INvalid,Product E,Not Active
01-06-2025,Depot P,SKU-2393,2,INvalid,Product E,Not Active
01-06-2025,Depot P,SKU-2250,20,INvalid,Product E,Not Active
01-06-2025,Depot P,SKU-2325,7,INvalid,Product E,Not Active
01-06-2025,Depot P,SKU-2394,1,INvalid,Product E,Not Active
01-06-2025,Depot P,SKU-2468,1,INvalid,Product E,Not Active
01-06-2025,Depot P,SKU-2251,8,INvalid,Product E,Not Active
01-06-2025,Depot P,SKU-2450,1,INvalid,Product E,Not Active
01-06-2025,Depot P,SKU-2469,1,INvalid,Product E,Not Active
01-06-2025,Depot P,SKU-2347,1,INvalid,Product E,Not Active
01-06-2025,Depot P,SKU-2252,1,INvalid,Product E,Not Active
01-06-2025,Depot P,SKU-2470,1,INvalid,Product E,Not Active
01-06-2025,Depot P,SKU-2253,4,INvalid,Product E,Not Active
01-06-2025,Depot P,SKU-2395,1,INvalid,Product E,Not Active
01-06-2025,Depot P,SKU-2348,1,INvalid,Product E,Not Active
01-06-2025,Depot P,SKU-2471,2,INvalid,Product E,Not Active
01-06-2025,Depot P,SKU-2380,1,INvalid,Product E,Not Active
01-06-2025,Depot P,SKU-2472,1,INvalid,Product E,Not Active
01-06-2025,Depot P,SKU-2326,10,INvalid,Product E,Not Active
01-06-2025,Depot P,SKU-2473,1,INvalid,Product E,Not Active
01-06-2025,Depot P,SKU-2254,8,INvalid,Product E,Not Active
01-06-2025,Depot P,SKU-2396,1,INvalid,Product E,Not Active
01-06-2025,Depot P,SKU-2255,1,INvalid,Product E,Not Active
01-06-2025,Depot P,SKU-2474,1,INvalid,Product E,Not Active
01-06-2025,Depot P,SKU-2256,24,INvalid,Product E,Active
01-06-2025,Depot P,SKU-2327,2,INvalid,Product E,Active
01-06-2025,Depot P,SKU-2329,2,INvalid,Product E,Active
01-06-2025,Depot Q,SKU-2230,50,INvalid,Product E,Not Active
01-06-2025,Depot Q,SKU-2257,4,INvalid,Product E,Active
01-06-2025,Depot Q,SKU-2408,29,INvalid,Product E,Active
01-06-2025,Depot Q,SKU-2258,4,INvalid,Product E,Active
01-06-2025,Depot Q,SKU-2397,17,INvalid,Product E,Active
01-06-2025,Depot Q,SKU-2260,4,INvalid,Product E,Active
01-06-2025,Depot Q,SKU-2382,14,INvalid,Product E,Active
01-06-2025,Depot Q,SKU-2261,4,INvalid,Product E,Active
01-06-2025,Depot Q,SKU-2399,36,INvalid,Product E,Active
01-06-2025,Depot Q,SKU-2262,11,INvalid,Product E,Active
01-06-2025,Depot Q,SKU-2332,13,INvalid,Product E,Active
01-06-2025,Depot Q,SKU-2400,25,INvalid,Product E,Active
01-06-2025,Depot Q,SKU-2265,10,INvalid,Product E,Active
01-06-2025,Depot Q,SKU-2334,24,INvalid,Product E,Active
01-06-2025,Depot Q,SKU-2267,8,INvalid,Product E,Active
01-06-2025,Depot Q,SKU-2383,24,INvalid,Product E,Active
01-06-2025,Depot Q,SKU-2268,2,INvalid,Product E,Active
01-06-2025,Depot Q,SKU-2335,11,INvalid,Product E,Active
01-06-2025,Depot Q,SKU-2384,16,INvalid,Product E,Active
01-06-2025,Depot Q,SKU-2271,3,INvalid,Product E,Active
01-06-2025,Depot Q,SKU-2336,14,INvalid,Product E,Active
01-06-2025,Depot Q,SKU-2272,3,INvalid,Product E,Active
01-06-2025,Depot Q,SKU-2273,4,INvalid,Product E,Active
01-06-2025,Depot Q,SKU-2401,12,INvalid,Product E,Active
01-06-2025,Depot Q,SKU-2337,2,INvalid,Product E,Active
01-06-2025,Depot Q,SKU-2274,1,INvalid,Product E,Active
01-06-2025,Depot Q,SKU-2276,2,INvalid,Product E,Active
01-06-2025,Depot Q,SKU-2278,2,INvalid,Product E,Active
01-06-2025,Depot Q,SKU-2279,1,INvalid,Product E,Active
01-06-2025,Depot Q,SKU-2354,1,INvalid,Product E,Active
01-06-2025,Depot Q,SKU-2193,58,INvalid,Product E,Active
01-06-2025,Depot Q,SKU-2110,28,INvalid,Product E,Active
01-06-2025,Depot Q,SKU-2114,60,INvalid,Product E,Active
01-06-2025,Depot Q,SKU-2116,56,INvalid,Product E,Active
01-06-2025,Depot Q,SKU-2119,61,INvalid,Product E,Active
01-06-2025,Depot Q,SKU-2416,13,INvalid,Product E,Active
01-06-2025,Depot Q,SKU-2446,27,INvalid,Product E,Active
01-06-2025,Depot Q,SKU-2457,16,INvalid,Product E,Active
01-06-2025,Depot Q,SKU-2447,24,INvalid,Product E,Active
01-06-2025,Depot Q,SKU-2205,17,INvalid,Product E,Active
01-06-2025,Depot Q,SKU-2475,11,INvalid,Product E,Active
01-06-2025,Depot Q,SKU-2390,17,INvalid,Product E,Active
01-06-2025,Depot Q,SKU-2339,1,INvalid,Product E,Active
01-06-2025,Depot Q,SKU-2418,31,INvalid,Product E,Active
01-06-2025,Depot Q,SKU-2213,22,INvalid,Product E,Active
01-06-2025,Depot Q,SKU-2419,20,INvalid,Product E,Active
01-06-2025,Depot Q,SKU-2206,17,INvalid,Product E,Active
01-06-2025,Depot Q,SKU-2231,37,INvalid,Product E,Active
01-06-2025,Depot Q,SKU-2420,421,INvalid,Product E,Active
01-06-2025,Depot Q,SKU-2476,25,INvalid,Product E,Active
01-06-2025,Depot Q,SKU-2341,1,INvalid,Product E,Active
01-06-2025,Depot Q,SKU-2421,13,INvalid,Product E,Active
01-06-2025,Depot Q,SKU-2207,11,INvalid,Product E,Active
01-06-2025,Depot Q,SKU-2477,14,INvalid,Product E,Active
01-06-2025,Depot Q,SKU-2360,22,INvalid,Product E,Active
01-06-2025,Depot Q,SKU-2422,7,INvalid,Product E,Active
01-06-2025,Depot Q,SKU-2214,46,INvalid,Product E,Active
01-06-2025,Depot Q,SKU-2126,14,INvalid,Product E,Active
01-06-2025,Depot Q,SKU-2423,22,INvalid,Product E,Active
01-06-2025,Depot Q,SKU-2127,34,INvalid,Product E,Active
01-06-2025,Depot Q,SKU-2424,143,INvalid,Product E,Active
01-06-2025,Depot Q,SKU-2459,15,INvalid,Product E,Active
01-06-2025,Depot Q,SKU-2478,18,INvalid,Product E,Active
01-06-2025,Depot Q,SKU-2130,9,INvalid,Product E,Active
01-06-2025,Depot Q,SKU-2425,252,INvalid,Product E,Active
01-06-2025,Depot Q,SKU-2288,29,INvalid,Product E,Active
01-06-2025,Depot Q,SKU-2460,175,INvalid,Product E,Active
01-06-2025,Depot Q,SKU-2131,16,INvalid,Product E,Active
01-06-2025,Depot Q,SKU-2426,202,INvalid,Product E,Active
01-06-2025,Depot Q,SKU-2427,133,INvalid,Product E,Active
01-06-2025,Depot Q,SKU-2133,11,INvalid,Product E,Active
01-06-2025,Depot Q,SKU-2428,45,INvalid,Product E,Active
01-06-2025,Depot Q,SKU-2134,5,INvalid,Product E,Active
01-06-2025,Depot Q,SKU-2461,45,INvalid,Product E,Active
01-06-2025,Depot Q,SKU-2479,33,INvalid,Product E,Active
01-06-2025,Depot Q,SKU-2429,132,INvalid,Product E,Active
01-06-2025,Depot Q,SKU-2290,9,INvalid,Product E,Active
01-06-2025,Depot Q,SKU-2480,59,INvalid,Product E,Active
01-06-2025,Depot Q,SKU-2137,11,INvalid,Product E,Active
01-06-2025,Depot Q,SKU-2430,132,INvalid,Product E,Active
01-06-2025,Depot Q,SKU-2138,20,INvalid,Product E,Active
01-06-2025,Depot Q,SKU-2139,23,INvalid,Product E,Active
01-06-2025,Depot Q,SKU-2140,18,INvalid,Product E,Active
01-06-2025,Depot Q,SKU-2291,16,INvalid,Product E,Active
01-06-2025,Depot Q,SKU-2433,40,INvalid,Product E,Active
01-06-2025,Depot Q,SKU-2481,6,INvalid,Product E,Active
01-06-2025,Depot Q,SKU-2482,9,INvalid,Product E,Active
01-06-2025,Depot Q,SKU-2361,36,INvalid,Product E,Active
01-06-2025,Depot Q,SKU-2142,3,INvalid,Product E,Active
01-06-2025,Depot Q,SKU-2143,10,INvalid,Product E,Active
01-06-2025,Depot Q,SKU-2232,4,INvalid,Product E,Active
01-06-2025,Depot Q,SKU-2234,21,INvalid,Product E,Active
01-06-2025,Depot Q,SKU-2483,8,INvalid,Product E,Active
01-06-2025,Depot Q,SKU-2145,22,INvalid,Product E,Active
01-06-2025,Depot Q,SKU-2362,6,INvalid,Product E,Active
01-06-2025,Depot Q,SKU-2235,9,INvalid,Product E,Active
01-06-2025,Depot Q,SKU-2146,3,INvalid,Product E,Active
01-06-2025,Depot Q,SKU-2439,47,INvalid,Product E,Active
01-06-2025,Depot Q,SKU-2440,42,INvalid,Product E,Active
01-06-2025,Depot Q,SKU-2237,1,INvalid,Product E,Active
01-06-2025,Depot Q,SKU-2238,20,INvalid,Product E,Active
01-06-2025,Depot Q,SKU-2484,6,INvalid,Product E,Active
01-06-2025,Depot Q,SKU-2239,1,INvalid,Product E,Active
01-06-2025,Depot Q,SKU-2441,63,INvalid,Product E,Active
01-06-2025,Depot Q,SKU-2442,50,INvalid,Product E,Active
01-06-2025,Depot Q,SKU-2241,10,INvalid,Product E,Active
01-06-2025,Depot Q,SKU-2292,2,INvalid,Product E,Active
01-06-2025,Depot Q,SKU-2242,3,INvalid,Product E,Active
01-06-2025,Depot Q,SKU-2485,5,INvalid,Product E,Active
01-06-2025,Depot Q,SKU-2294,4,INvalid,Product E,Active
01-06-2025,Depot Q,SKU-2295,1,INvalid,Product E,Active
01-06-2025,Depot Q,SKU-2486,2,INvalid,Product E,Active
01-06-2025,Depot Q,SKU-2297,2,INvalid,Product E,Active
01-06-2025,Depot Q,SKU-2208,16,INvalid,Product E,Active
01-06-2025,Depot Q,SKU-2149,16,INvalid,Product E,Active
01-06-2025,Depot Q,SKU-2150,1,INvalid,Product E,Active
01-06-2025,Depot Q,SKU-2300,10,INvalid,Product E,Active
01-06-2025,Depot Q,SKU-2154,23,INvalid,Product E,Active
01-06-2025,Depot Q,SKU-2158,9,INvalid,Product E,Active
01-06-2025,Depot Q,SKU-2159,5,INvalid,Product E,Active
01-06-2025,Depot Q,SKU-2161,9,INvalid,Product E,Active
01-06-2025,Depot Q,SKU-2162,18,INvalid,Product E,Active
01-06-2025,Depot Q,SKU-2164,51,INvalid,Product E,Active
01-06-2025,Depot Q,SKU-2168,4,INvalid,Product E,Active
01-06-2025,Depot Q,SKU-2212,7,INvalid,Product E,Active
01-06-2025,Depot Q,SKU-2304,9,INvalid,Product E,Active
01-06-2025,Depot Q,SKU-2171,33,INvalid,Product E,Active
01-06-2025,Depot Q,SKU-2172,15,INvalid,Product E,Active
01-06-2025,Depot Q,SKU-2173,6,INvalid,Product E,Active
01-06-2025,Depot Q,SKU-2305,4,INvalid,Product E,Active
01-06-2025,Depot Q,SKU-2306,5,INvalid,Product E,Active
01-06-2025,Depot Q,SKU-2175,22,INvalid,Product E,Active
01-06-2025,Depot Q,SKU-2177,36,INvalid,Product E,Active
01-06-2025,Depot Q,SKU-2178,12,INvalid,Product E,Active
01-06-2025,Depot Q,SKU-2180,4,INvalid,Product E,Active
01-06-2025,Depot Q,SKU-2364,4,INvalid,Product E,Active
01-06-2025,Depot Q,SKU-2181,3,INvalid,Product E,Active
01-06-2025,Depot Q,SKU-2182,4,INvalid,Product E,Active
01-06-2025,Depot Q,SKU-2183,5,INvalid,Product E,Active
01-06-2025,Depot Q,SKU-2243,25,INvalid,Product E,Not Active
01-06-2025,Depot Q,SKU-2310,5,INvalid,Product E,Not Active
01-06-2025,Depot Q,SKU-2487,3,INvalid,Product E,Not Active
01-06-2025,Depot Q,SKU-2311,6,INvalid,Product E,Not Active
01-06-2025,Depot Q,SKU-2312,8,INvalid,Product E,Not Active
01-06-2025,Depot Q,SKU-2313,2,INvalid,Product E,Not Active
01-06-2025,Depot Q,SKU-2314,1,INvalid,Product E,Not Active
01-06-2025,Depot Q,SKU-2488,11,INvalid,Product E,Not Active
01-06-2025,Depot Q,SKU-2318,337,INvalid,Product E,Not Active
01-06-2025,Depot Q,SKU-2489,109,INvalid,Product E,Not Active
01-06-2025,Depot Q,SKU-2385,110,INvalid,Product E,Not Active
01-06-2025,Depot Q,SKU-2355,9,INvalid,Product E,Not Active
01-06-2025,Depot Q,SKU-2490,3,INvalid,Product E,Not Active
01-06-2025,Depot Q,SKU-2319,92,INvalid,Product E,Not Active
01-06-2025,Depot Q,SKU-2374,3,INvalid,Product E,Not Active
01-06-2025,Depot Q,SKU-2244,146,INvalid,Product E,Not Active
01-06-2025,Depot Q,SKU-2491,25,INvalid,Product E,Not Active
01-06-2025,Depot Q,SKU-2320,2,INvalid,Product E,Not Active
01-06-2025,Depot Q,SKU-2245,154,INvalid,Product E,Not Active
01-06-2025,Depot Q,SKU-2492,25,INvalid,Product E,Not Active
01-06-2025,Depot Q,SKU-2369,6,INvalid,Product E,Not Active
01-06-2025,Depot Q,SKU-2493,2,INvalid,Product E,Not Active
01-06-2025,Depot Q,SKU-2246,57,INvalid,Product E,Not Active
01-06-2025,Depot Q,SKU-2386,11,INvalid,Product E,Not Active
01-06-2025,Depot Q,SKU-2247,2,INvalid,Product E,Not Active
01-06-2025,Depot Q,SKU-2344,1,INvalid,Product E,Not Active
01-06-2025,Depot Q,SKU-2322,31,INvalid,Product E,Not Active
01-06-2025,Depot Q,SKU-2387,1,INvalid,Product E,Not Active
01-06-2025,Depot Q,SKU-2323,1,INvalid,Product E,Not Active
01-06-2025,Depot Q,SKU-2375,1,INvalid,Product E,Not Active
01-06-2025,Depot Q,SKU-2494,1,INvalid,Product E,Not Active
01-06-2025,Depot Q,SKU-2248,7,INvalid,Product E,Not Active
01-06-2025,Depot Q,SKU-2495,3,INvalid,Product E,Not Active
01-06-2025,Depot Q,SKU-2249,32,INvalid,Product E,Not Active
01-06-2025,Depot Q,SKU-2496,1,INvalid,Product E,Not Active
01-06-2025,Depot Q,SKU-2376,1,INvalid,Product E,Not Active
01-06-2025,Depot Q,SKU-2250,48,INvalid,Product E,Not Active
01-06-2025,Depot Q,SKU-2497,3,INvalid,Product E,Not Active
01-06-2025,Depot Q,SKU-2325,2,INvalid,Product E,Not Active
01-06-2025,Depot Q,SKU-2394,1,INvalid,Product E,Not Active
01-06-2025,Depot Q,SKU-2251,1,INvalid,Product E,Not Active
01-06-2025,Depot Q,SKU-2346,8,INvalid,Product E,Not Active
01-06-2025,Depot Q,SKU-2469,6,INvalid,Product E,Not Active
01-06-2025,Depot Q,SKU-2347,2,INvalid,Product E,Not Active
01-06-2025,Depot Q,SKU-2252,2,INvalid,Product E,Not Active
01-06-2025,Depot Q,SKU-2253,7,INvalid,Product E,Not Active
01-06-2025,Depot Q,SKU-2498,3,INvalid,Product E,Not Active
01-06-2025,Depot Q,SKU-2348,1,INvalid,Product E,Not Active
01-06-2025,Depot Q,SKU-2471,1,INvalid,Product E,Not Active
01-06-2025,Depot Q,SKU-2380,2,INvalid,Product E,Not Active
01-06-2025,Depot Q,SKU-2472,1,INvalid,Product E,Not Active
01-06-2025,Depot Q,SKU-2326,4,INvalid,Product E,Not Active
01-06-2025,Depot Q,SKU-2254,4,INvalid,Product E,Not Active
01-06-2025,Depot Q,SKU-2499,1,INvalid,Product E,Not Active
01-06-2025,Depot Q,SKU-2255,3,INvalid,Product E,Not Active
01-06-2025,Depot Q,SKU-2500,3,INvalid,Product E,Not Active
01-06-2025,Depot Q,SKU-2474,1,INvalid,Product E,Not Active
01-06-2025,Depot Q,SKU-2187,4,INvalid,Product E,Active
01-06-2025,Depot Q,SKU-2185,36,INvalid,Product E,Active
01-06-2025,Depot Q,SKU-2256,12,INvalid,Product E,Active
01-06-2025,Depot Q,SKU-2186,16,INvalid,Product E,Active
01-06-2025,Depot Q,SKU-2328,8,INvalid,Product E,Active
01-06-2025,Depot Q,SKU-2330,16,INvalid,Product E,Active
