Order ID,Order Date,SKU,Quantity,Delivery Date,Priority,Line,Production Start DateTime,Production End DateTime,Planned Quantity,Speed (Units/hr)
ORD201,2025-06-20,Bdwa200,16784,2025-07-05,Medium,Line-1,2025-06-20 06:30:00,2025-06-20 07:00:00,600,1200
ORD201,2025-06-20,Bdwa200,16784,2025-07-05,Medium,Line-11,2025-06-20 06:30:00,2025-06-20 07:00:00,600,1200
ORD201,2025-06-20,Crm50,8228,2025-07-05,High,Line-8,2025-06-20 21:00:00,2025-06-20 23:00:00,2400,1200
ORD202,2025-06-20,Lot250,11765,2025-07-05,Medium,Line-4,2025-06-21 05:00:00,2025-06-21 07:00:00,1600,800
ORD202,2025-06-20,Lot250,11765,2025-07-05,Medium,Line-6,2025-06-20 22:00:00,2025-06-20 23:00:00,800,800
ORD202,2025-06-20,Shmp100,6612,2025-07-05,Low,Line-12,2025-06-22 12:00:00,2025-06-22 15:00:00,3000,1000
ORD203,2025-06-20,Fcws100,24776,2025-07-07,Low,Line-4,2025-06-20 06:30:00,2025-06-20 07:00:00,400,800
ORD203,2025-06-20,Fcws100,24776,2025-07-07,Low,Line-6,2025-06-20 06:30:00,2025-06-20 07:00:00,400,800
ORD203,2025-06-20,Fcws100,24776,2025-07-07,Low,Line-7,2025-06-20 06:30:00,2025-06-20 07:00:00,750,1500
ORD203,2025-06-20,Gel150,78201,2025-07-07,Low,Line-1,2025-06-21 11:30:00,2025-06-21 15:00:00,4200,1200
ORD203,2025-06-20,Gel150,78201,2025-07-07,Low,Line-10,2025-06-22 03:30:00,2025-06-22 07:00:00,5250,1500
ORD204,2025-06-20,Cond100,11808,2025-07-05,Medium,Line-4,2025-06-22 12:30:00,2025-06-22 15:00:00,2000,800
ORD204,2025-06-20,Cond100,11808,2025-07-05,Medium,Line-5,2025-06-23 12:00:00,2025-06-23 15:00:00,3000,1000
ORD204,2025-06-20,Lot100,8372,2025-07-05,Medium,Line-11,2025-06-20 14:00:00,2025-06-20 15:00:00,1200,1200
ORD205,2025-06-20,Shmp100,17066,2025-07-05,High,Line-1,2025-06-20 14:00:00,2025-06-20 15:00:00,1200,1200
ORD205,2025-06-20,Shmp100,17066,2025-07-05,High,Line-11,2025-06-22 18:00:00,2025-06-22 23:00:00,6000,1200
ORD206,2025-06-20,Bdwa200,20507,2025-07-05,Medium,Line-1,2025-06-20 21:00:00,2025-06-20 23:00:00,2400,1200
ORD206,2025-06-20,Bdwa200,20507,2025-07-05,Medium,Line-12,2025-06-21 04:30:00,2025-06-21 07:00:00,2500,1000
ORD206,2025-06-20,Bdwa200,20507,2025-07-05,Medium,Line-4,2025-06-22 19:30:00,2025-06-22 23:00:00,2800,800
ORD206,2025-06-20,Gel150,25904,2025-07-05,Low,Line-2,2025-06-20 15:00:00,2025-06-20 23:00:00,11776,1500
ORD206,2025-06-20,Gel150,25904,2025-07-05,Low,Line-4,2025-06-21 13:00:00,2025-06-21 15:00:00,1600,800
ORD206,2025-06-20,Gel150,25904,2025-07-05,Low,Line-5,2025-06-21 07:00:00,2025-06-21 15:00:00,7849,1000
ORD207,2025-06-20,Lot100,36701,2025-07-05,Medium,Line-9,2025-06-21 11:30:00,2025-06-21 15:00:00,4900,1400
ORD207,2025-06-20,Shmp100,23737,2025-07-05,Medium,Line-1,2025-06-21 04:30:00,2025-06-21 07:00:00,3000,1200
ORD207,2025-06-20,Shmp100,23737,2025-07-05,Medium,Line-2,2025-06-22 18:30:00,2025-06-22 23:00:00,6750,1500
ORD207,2025-06-20,Shmp100,23737,2025-07-05,Medium,Line-3,2025-06-22 02:30:00,2025-06-22 07:00:00,4500,1000
ORD208,2025-06-20,Cond100,87461,2025-07-07,Medium,Line-3,2025-06-23 08:00:00,2025-06-23 15:00:00,7000,1000
ORD208,2025-06-20,Cond100,87461,2025-07-07,Medium,Line-6,2025-06-24 05:00:00,2025-06-24 07:00:00,1600,800
ORD208,2025-06-20,Cond100,87461,2025-07-07,Medium,Line-8,2025-06-21 20:00:00,2025-06-21 23:00:00,3600,1200
ORD208,2025-06-20,Gel150,31242,2025-07-07,High,Line-10,2025-06-20 06:30:00,2025-06-20 07:00:00,750,1500
ORD208,2025-06-20,Gel150,31242,2025-07-07,High,Line-2,2025-06-20 06:30:00,2025-06-20 07:00:00,750,1500
ORD208,2025-06-20,Gel150,31242,2025-07-07,High,Line-5,2025-06-20 06:30:00,2025-06-20 07:00:00,500,1000
ORD209,2025-06-20,Cond100,15865,2025-07-05,High,Line-4,2025-06-21 21:30:00,2025-06-21 23:00:00,1200,800
ORD209,2025-06-20,Cond100,15865,2025-07-05,High,Line-9,2025-06-20 20:30:00,2025-06-20 23:00:00,3500,1400
ORD209,2025-06-20,Lot250,25091,2025-07-05,Low,Line-12,2025-06-21 12:00:00,2025-06-21 15:00:00,3000,1000
ORD209,2025-06-20,Lot250,25091,2025-07-05,Low,Line-2,2025-06-22 11:30:00,2025-06-22 15:00:00,5250,1500
ORD209,2025-06-20,Lot250,25091,2025-07-05,Low,Line-9,2025-06-22 14:00:00,2025-06-22 15:00:00,1400,1400
ORD210,2025-06-20,Shmp100,22440,2025-07-05,Medium,Line-10,2025-06-21 20:30:00,2025-06-21 23:00:00,3750,1500
ORD210,2025-06-20,Shmp100,22440,2025-07-05,Medium,Line-3,2025-06-22 09:30:00,2025-06-22 15:00:00,5500,1000
ORD210,2025-06-20,Shmp100,22440,2025-07-05,Medium,Line-5,2025-06-24 10:30:00,2025-06-24 15:00:00,4500,1000
ORD210,2025-06-20,Shmp200,7813,2025-07-05,High,Line-5,2025-06-20 15:00:00,2025-06-20 23:00:00,7813,1000
ORD211,2025-06-20,Cond100,79210,2025-07-07,Medium,Line-1,2025-06-22 17:00:00,2025-06-22 23:00:00,7200,1200
ORD211,2025-06-20,Cond100,79210,2025-07-07,Medium,Line-5,2025-06-24 17:30:00,2025-06-24 23:00:00,5500,1000
ORD211,2025-06-20,Cond100,79210,2025-07-07,Medium,Line-6,2025-06-25 10:30:00,2025-06-25 15:00:00,3600,800
ORD211,2025-06-20,Fcws100,16346,2025-07-07,Low,Line-5,2025-06-21 15:30:00,2025-06-21 22:30:00,6810,1000
ORD211,2025-06-20,Fcws100,16346,2025-07-07,Low,Line-9,2025-06-21 04:00:00,2025-06-21 07:00:00,4200,1400
ORD212,2025-06-20,Bdwa200,36139,2025-07-05,High,Line-11,2025-06-21 11:30:00,2025-06-21 15:00:00,4200,1200
ORD212,2025-06-20,Shmp100,7915,2025-07-05,Medium,Line-12,2025-06-21 19:00:00,2025-06-21 23:00:00,4000,1000
ORD213,2025-06-20,Fcws100,7215,2025-07-05,High,Line-5,2025-06-20 23:30:00,2025-06-21 06:30:00,7215,1000
ORD213,2025-06-20,Shmp200,20811,2025-07-05,Medium,Line-4,2025-06-23 03:00:00,2025-06-23 07:00:00,3200,800
ORD213,2025-06-20,Shmp200,20811,2025-07-05,Medium,Line-6,2025-06-23 13:30:00,2025-06-23 15:00:00,1200,800
ORD213,2025-06-20,Shmp200,20811,2025-07-05,Medium,Line-8,2025-06-21 04:30:00,2025-06-21 07:00:00,3000,1200
ORD214,2025-06-20,Hdwa250,23030,2025-07-05,High,Line-10,2025-06-20 15:00:00,2025-06-20 21:30:00,9870,1500
ORD214,2025-06-20,Hdwa250,23030,2025-07-05,High,Line-4,2025-06-20 15:00:00,2025-06-20 21:30:00,5264,800
ORD214,2025-06-20,Hdwa250,23030,2025-07-05,High,Line-8,2025-06-20 06:30:00,2025-06-20 07:00:00,600,1200
ORD214,2025-06-20,Lot100,15983,2025-07-05,Medium,Line-5,2025-06-23 19:00:00,2025-06-23 23:00:00,4000,1000
ORD214,2025-06-20,Lot100,15983,2025-07-05,Medium,Line-9,2025-06-22 21:00:00,2025-06-22 23:00:00,2800,1400
ORD215,2025-06-20,Shmp100,21313,2025-07-05,Medium,Line-3,2025-06-22 16:30:00,2025-06-22 23:00:00,6500,1000
ORD215,2025-06-20,Shmp100,21313,2025-07-05,Medium,Line-6,2025-06-23 21:30:00,2025-06-23 23:00:00,1200,800
ORD215,2025-06-20,Shmp100,21313,2025-07-05,Medium,Line-8,2025-06-21 12:30:00,2025-06-21 15:00:00,3000,1200
ORD215,2025-06-20,Talc100,16706,2025-07-05,Medium,Line-10,2025-06-20 22:00:00,2025-06-20 23:00:00,1500,1500
ORD215,2025-06-20,Talc100,16706,2025-07-05,Medium,Line-12,2025-06-20 06:30:00,2025-06-20 07:00:00,500,1000
ORD216,2025-06-20,Fcws100,7853,2025-07-05,High,Line-12,2025-06-22 03:30:00,2025-06-22 07:00:00,3500,1000
ORD216,2025-06-20,Shmp100,21540,2025-07-05,Low,Line-12,2025-06-20 21:00:00,2025-06-20 23:00:00,2000,1000
ORD216,2025-06-20,Shmp100,21540,2025-07-05,Low,Line-4,2025-06-22 05:00:00,2025-06-22 07:00:00,1600,800
ORD216,2025-06-20,Shmp100,21540,2025-07-05,Low,Line-8,2025-06-20 13:30:00,2025-06-20 15:00:00,1800,1200
ORD217,2025-06-20,Cond100,28284,2025-07-05,Low,Line-3,2025-06-23 00:00:00,2025-06-23 07:00:00,7000,1000
ORD217,2025-06-20,Cond100,28284,2025-07-05,Low,Line-6,2025-06-21 06:00:00,2025-06-21 07:00:00,800,800
ORD218,2025-06-20,Shmp100,6876,2025-07-05,High,Line-12,2025-06-20 13:30:00,2025-06-20 15:00:00,1500,1000
ORD218,2025-06-20,Talc100,7968,2025-07-05,Low,Line-5,2025-06-24 02:00:00,2025-06-24 07:00:00,5000,1000
ORD219,2025-06-20,Bdwa200,27910,2025-07-05,High,Line-10,2025-06-21 05:00:00,2025-06-21 07:00:00,3000,1500
ORD219,2025-06-20,Bdwa200,27910,2025-07-05,High,Line-3,2025-06-20 06:30:00,2025-06-20 07:00:00,500,1000
ORD219,2025-06-20,Bdwa200,27910,2025-07-05,High,Line-5,2025-06-21 23:00:00,2025-06-22 07:00:00,7975,1000
ORD219,2025-06-20,Lot250,19938,2025-07-05,Low,Line-7,2025-06-20 15:00:00,2025-06-20 22:00:00,10312,1500
ORD219,2025-06-20,Lot250,19938,2025-07-05,Low,Line-9,2025-06-23 04:00:00,2025-06-23 07:00:00,4200,1400
ORD220,2025-06-20,Hdwa250,56409,2025-07-05,Medium,Line-3,2025-06-20 15:00:00,2025-06-20 23:00:00,8000,1000
ORD220,2025-06-20,Hdwa250,56409,2025-07-05,Medium,Line-5,2025-06-22 07:30:00,2025-06-22 15:00:00,7500,1000
ORD220,2025-06-20,Talc100,6605,2025-07-05,Medium,Line-3,2025-06-21 19:30:00,2025-06-21 23:00:00,3500,1000
ORD221,2025-06-20,Shmp100,28494,2025-07-06,Low,Line-5,2025-06-25 20:30:00,2025-06-25 23:00:00,2500,1000
ORD221,2025-06-20,Shmp100,28494,2025-07-06,Low,Line-8,2025-06-23 01:30:00,2025-06-23 07:00:00,6600,1200
ORD221,2025-06-20,Shmp100,28494,2025-07-06,Low,Line-9,2025-06-23 11:30:00,2025-06-23 15:00:00,4900,1400
ORD221,2025-06-20,Shmp200,21831,2025-07-06,Medium,Line-11,2025-06-20 21:30:00,2025-06-20 23:00:00,1800,1200
ORD221,2025-06-20,Shmp200,21831,2025-07-06,Medium,Line-6,2025-06-20 15:00:00,2025-06-20 21:30:00,5136,800
ORD221,2025-06-20,Shmp200,21831,2025-07-06,Medium,Line-9,2025-06-20 06:30:00,2025-06-20 07:00:00,700,1400
ORD222,2025-06-20,Cond100,20115,2025-07-06,Medium,Line-10,2025-06-21 13:30:00,2025-06-21 15:00:00,2250,1500
ORD222,2025-06-20,Cond100,20115,2025-07-06,Medium,Line-2,2025-06-20 23:30:00,2025-06-21 06:00:00,10057,1500
ORD222,2025-06-20,Shmp200,13255,2025-07-06,Low,Line-11,2025-06-23 02:00:00,2025-06-23 07:00:00,6000,1200
ORD222,2025-06-20,Shmp200,13255,2025-07-06,Low,Line-4,2025-06-23 11:00:00,2025-06-23 15:00:00,3200,800
ORD223,2025-06-20,Gel150,65384,2025-07-08,Medium,Line-2,2025-06-21 06:30:00,2025-06-21 07:00:00,750,1500
ORD223,2025-06-20,Gel150,65384,2025-07-08,Medium,Line-6,2025-06-22 08:30:00,2025-06-22 15:00:00,5200,800
ORD223,2025-06-20,Lot250,71739,2025-07-08,High,Line-5,2025-06-26 05:00:00,2025-06-26 07:00:00,2000,1000
ORD223,2025-06-20,Lot250,71739,2025-07-08,High,Line-9,2025-06-23 20:00:00,2025-06-23 23:00:00,4200,1400
ORD224,2025-06-20,Bdwa200,7822,2025-07-06,Low,Line-1,2025-06-23 20:00:00,2025-06-23 23:00:00,3600,1200
ORD224,2025-06-20,Shmp200,21800,2025-07-06,Medium,Line-11,2025-06-21 04:30:00,2025-06-21 07:00:00,3000,1200
ORD224,2025-06-20,Shmp200,21800,2025-07-06,Medium,Line-4,2025-06-20 22:00:00,2025-06-20 23:00:00,800,800
ORD224,2025-06-20,Shmp200,21800,2025-07-06,Medium,Line-9,2025-06-20 13:30:00,2025-06-20 15:00:00,2100,1400
ORD225,2025-06-21,Shmp100,18134,2025-07-06,Medium,Line-7,2025-06-20 22:30:00,2025-06-20 23:00:00,750,1500
ORD225,2025-06-21,Shmp100,18134,2025-07-06,Medium,Line-8,2025-06-23 10:00:00,2025-06-23 15:00:00,6000,1200
ORD225,2025-06-21,Shmp200,27700,2025-07-06,Low,Line-1,2025-06-25 09:30:00,2025-06-25 15:00:00,6600,1200
ORD225,2025-06-21,Shmp200,27700,2025-07-06,Low,Line-2,2025-06-25 08:30:00,2025-06-25 15:00:00,9750,1500
ORD225,2025-06-21,Shmp200,27700,2025-07-06,Low,Line-5,2025-06-30 01:30:00,2025-06-30 07:00:00,5500,1000
ORD226,2025-06-21,Cond100,15621,2025-07-06,Low,Line-12,2025-06-23 03:00:00,2025-06-23 07:00:00,4000,1000
ORD226,2025-06-21,Cond100,15621,2025-07-06,Low,Line-8,2025-06-24 00:00:00,2025-06-24 07:00:00,8400,1200
ORD226,2025-06-21,Talc100,19455,2025-07-06,Medium,Line-1,2025-06-24 11:00:00,2025-06-24 15:00:00,4800,1200
ORD226,2025-06-21,Talc100,19455,2025-07-06,Medium,Line-3,2025-06-26 13:30:00,2025-06-26 15:00:00,1500,1000
ORD226,2025-06-21,Talc100,19455,2025-07-06,Medium,Line-4,2025-06-26 03:30:00,2025-06-26 07:00:00,2800,800
ORD227,2025-06-21,Cond100,23349,2025-07-06,Low,Line-10,2025-06-24 08:00:00,2025-06-24 15:00:00,10500,1500
ORD227,2025-06-21,Cond100,23349,2025-07-06,Low,Line-2,2025-06-25 00:00:00,2025-06-25 07:00:00,10500,1500
ORD227,2025-06-21,Hdwa250,9915,2025-07-06,High,Line-7,2025-06-21 05:30:00,2025-06-21 07:00:00,2250,1500
ORD228,2025-06-21,Bdwa200,16530,2025-07-06,Medium,Line-11,2025-06-26 12:30:00,2025-06-26 15:00:00,3000,1200
ORD228,2025-06-21,Bdwa200,16530,2025-07-06,Medium,Line-3,2025-06-27 12:30:00,2025-06-27 15:00:00,2500,1000
ORD228,2025-06-21,Fcws100,25137,2025-07-06,Low,Line-10,2025-06-23 09:00:00,2025-06-23 15:00:00,9000,1500
ORD228,2025-06-21,Fcws100,25137,2025-07-06,Low,Line-11,2025-06-23 09:00:00,2025-06-23 15:00:00,7200,1200
ORD228,2025-06-21,Fcws100,25137,2025-07-06,Low,Line-5,2025-06-27 11:30:00,2025-06-27 15:00:00,3500,1000
ORD229,2025-06-21,Hdwa250,7604,2025-07-06,Medium,Line-5,2025-06-28 03:30:00,2025-06-28 07:00:00,3500,1000
ORD229,2025-06-21,Shmp100,5890,2025-07-06,Medium,Line-6,2025-06-26 21:00:00,2025-06-26 23:00:00,1600,800
ORD230,2025-06-21,Lot250,62453,2025-07-06,Low,Line-2,2025-06-25 16:30:00,2025-06-25 23:00:00,9750,1500
ORD230,2025-06-21,Lot250,62453,2025-07-06,Low,Line-6,2025-06-27 05:00:00,2025-06-27 07:00:00,1600,800
ORD230,2025-06-21,Lot250,62453,2025-07-06,Low,Line-7,2025-06-21 20:00:00,2025-06-21 23:00:00,4500,1500
ORD231,2025-06-21,Gel150,64703,2025-07-08,High,Line-6,2025-06-27 12:30:00,2025-06-27 15:00:00,2000,800
ORD231,2025-06-21,Gel150,64703,2025-07-08,High,Line-7,2025-06-23 19:00:00,2025-06-23 23:00:00,6000,1500
ORD231,2025-06-21,Lot250,6288,2025-07-08,Medium,Line-4,2025-06-23 18:00:00,2025-06-23 23:00:00,4000,800
ORD232,2025-06-21,Crm50,7934,2025-07-06,Low,Line-3,2025-06-26 20:30:00,2025-06-26 23:00:00,2500,1000
ORD232,2025-06-21,Gel150,6605,2025-07-06,High,Line-12,2025-06-23 10:30:00,2025-06-23 15:00:00,4500,1000
ORD233,2025-06-21,Bdwa200,35049,2025-07-06,Low,Line-8,2025-06-24 23:00:00,2025-06-25 07:00:00,9600,1200
ORD233,2025-06-21,Shmp100,9284,2025-07-06,Medium,Line-11,2025-06-25 12:30:00,2025-06-25 15:00:00,3000,1200
ORD234,2025-06-21,Bdwa200,26166,2025-07-06,Medium,Line-10,2025-06-23 16:30:00,2025-06-23 23:00:00,9750,1500
ORD234,2025-06-21,Bdwa200,26166,2025-07-06,Medium,Line-3,2025-06-24 13:30:00,2025-06-24 15:00:00,1500,1000
ORD234,2025-06-21,Bdwa200,26166,2025-07-06,Medium,Line-9,2025-06-25 02:30:00,2025-06-25 07:00:00,6300,1400
ORD234,2025-06-21,Cond100,17587,2025-07-06,High,Line-1,2025-06-24 18:00:00,2025-06-24 23:00:00,6000,1200
ORD234,2025-06-21,Cond100,17587,2025-07-06,High,Line-11,2025-06-25 20:30:00,2025-06-25 23:00:00,3000,1200
ORD235,2025-06-21,Hdwa250,19634,2025-07-06,High,Line-7,2025-06-23 03:30:00,2025-06-23 07:00:00,5250,1500
ORD235,2025-06-21,Hdwa250,19634,2025-07-06,High,Line-8,2025-06-24 07:30:00,2025-06-24 15:00:00,9000,1200
ORD236,2025-06-21,Fcws100,89183,2025-07-08,Low,Line-12,2025-06-23 17:30:00,2025-06-23 23:00:00,5500,1000
ORD236,2025-06-21,Fcws100,89183,2025-07-08,Low,Line-3,2025-06-25 05:00:00,2025-06-25 07:00:00,2000,1000
ORD236,2025-06-21,Fcws100,89183,2025-07-08,Low,Line-4,2025-06-24 19:00:00,2025-06-24 23:00:00,3200,800
ORD236,2025-06-21,Lot250,116143,2025-07-08,Low,Line-12,2025-06-25 10:30:00,2025-06-25 15:00:00,4500,1000
ORD236,2025-06-21,Lot250,116143,2025-07-08,Low,Line-7,2025-06-24 23:30:00,2025-06-25 07:00:00,11250,1500
ORD236,2025-06-21,Lot250,116143,2025-07-08,Low,Line-8,2025-06-27 11:00:00,2025-06-27 15:00:00,4800,1200
ORD237,2025-06-21,Gel150,9779,2025-07-06,Medium,Line-10,2025-06-24 16:30:00,2025-06-24 23:00:00,9750,1500
ORD237,2025-06-21,Hdwa250,5933,2025-07-06,Medium,Line-4,2025-06-24 02:30:00,2025-06-24 07:00:00,3600,800
ORD238,2025-06-21,Fcws100,25584,2025-07-06,Medium,Line-10,2025-06-23 23:30:00,2025-06-24 07:00:00,11250,1500
ORD238,2025-06-21,Fcws100,25584,2025-07-06,Medium,Line-3,2025-06-24 20:30:00,2025-06-24 23:00:00,2500,1000
ORD238,2025-06-21,Fcws100,25584,2025-07-06,Medium,Line-4,2025-06-24 10:30:00,2025-06-24 15:00:00,3600,800
ORD238,2025-06-21,Shmp200,15624,2025-07-06,Medium,Line-12,2025-06-25 02:00:00,2025-06-25 07:00:00,5000,1000
ORD238,2025-06-21,Shmp200,15624,2025-07-06,Medium,Line-3,2025-06-27 20:30:00,2025-06-27 23:00:00,2500,1000
ORD239,2025-06-21,Bdwa200,25431,2025-07-06,Low,Line-10,2025-06-24 23:30:00,2025-06-25 07:00:00,10900,1500
ORD239,2025-06-21,Bdwa200,25431,2025-07-06,Low,Line-11,2025-06-26 04:30:00,2025-06-26 07:00:00,3000,1200
ORD239,2025-06-21,Bdwa200,25431,2025-07-06,Low,Line-4,2025-06-26 10:30:00,2025-06-26 15:00:00,3600,800
ORD239,2025-06-21,Shmp100,41865,2025-07-06,Medium,Line-9,2025-06-25 17:00:00,2025-06-25 23:00:00,8400,1400
ORD240,2025-06-21,Fcws100,25305,2025-07-06,High,Line-2,2025-06-23 01:30:00,2025-06-23 07:00:00,8250,1500
ORD240,2025-06-21,Fcws100,25305,2025-07-06,High,Line-6,2025-06-26 13:30:00,2025-06-26 15:00:00,1200,800
ORD240,2025-06-21,Fcws100,25305,2025-07-06,High,Line-9,2025-06-25 09:30:00,2025-06-25 15:00:00,7700,1400
ORD240,2025-06-21,Gel150,31271,2025-07-06,High,Line-1,2025-06-25 17:30:00,2025-06-25 23:00:00,6600,1200
ORD240,2025-06-21,Gel150,31271,2025-07-06,High,Line-7,2025-06-23 11:00:00,2025-06-23 15:00:00,6000,1500
ORD240,2025-06-21,Gel150,31271,2025-07-06,High,Line-9,2025-06-26 23:30:00,2025-06-27 07:00:00,10500,1400
ORD241,2025-06-21,Bdwa200,18345,2025-07-06,High,Line-11,2025-06-23 16:30:00,2025-06-23 23:00:00,7800,1200
ORD241,2025-06-21,Bdwa200,18345,2025-07-06,High,Line-7,2025-06-21 12:30:00,2025-06-21 15:00:00,3750,1500
ORD241,2025-06-21,Hdwa250,8591,2025-07-06,Low,Line-1,2025-06-25 02:00:00,2025-06-25 07:00:00,6000,1200
ORD242,2025-06-21,Gel150,33985,2025-07-06,High,Line-1,2025-06-24 03:00:00,2025-06-24 07:00:00,4800,1200
ORD242,2025-06-21,Gel150,33985,2025-07-06,High,Line-12,2025-06-22 19:00:00,2025-06-22 23:00:00,4000,1000
ORD242,2025-06-21,Gel150,33985,2025-07-06,High,Line-2,2025-06-23 09:00:00,2025-06-23 15:00:00,9000,1500
ORD242,2025-06-21,Gel150,33985,2025-07-06,High,Line-3,2025-06-27 05:00:00,2025-06-27 07:00:00,2000,1000
ORD243,2025-06-21,Fcws100,21156,2025-07-07,Medium,Line-12,2025-06-26 18:30:00,2025-06-26 23:00:00,4500,1000
ORD243,2025-06-21,Fcws100,21156,2025-07-07,Medium,Line-6,2025-06-28 17:00:00,2025-06-28 23:00:00,4800,800
ORD243,2025-06-21,Fcws100,21156,2025-07-07,Medium,Line-9,2025-06-27 07:30:00,2025-06-27 14:00:00,9255,1400
ORD243,2025-06-21,Hdwa250,10658,2025-07-07,High,Line-2,2025-06-24 09:00:00,2025-06-24 15:00:00,9000,1500
ORD244,2025-06-21,Cond100,11314,2025-07-07,High,Line-2,2025-06-23 17:00:00,2025-06-23 23:00:00,9000,1500
ORD244,2025-06-21,Gel150,25732,2025-07-07,High,Line-4,2025-06-27 02:00:00,2025-06-27 07:00:00,4000,800
ORD244,2025-06-21,Gel150,25732,2025-07-07,High,Line-7,2025-06-26 07:30:00,2025-06-26 15:00:00,11029,1500
ORD244,2025-06-21,Gel150,25732,2025-07-07,High,Line-8,2025-06-28 19:00:00,2025-06-28 23:00:00,4800,1200
ORD245,2025-06-21,Bdwa200,21585,2025-07-07,Medium,Line-2,2025-06-26 00:00:00,2025-06-26 06:30:00,9813,1500
ORD245,2025-06-21,Bdwa200,21585,2025-07-07,Medium,Line-3,2025-06-28 05:00:00,2025-06-28 07:00:00,2000,1000
ORD245,2025-06-21,Bdwa200,21585,2025-07-07,Medium,Line-6,2025-06-29 00:00:00,2025-06-29 06:30:00,5232,800
ORD245,2025-06-21,Talc100,7827,2025-07-07,High,Line-5,2025-06-27 19:00:00,2025-06-27 23:00:00,4000,1000
ORD246,2025-06-21,Bdwa200,7729,2025-07-07,High,Line-8,2025-06-23 17:00:00,2025-06-23 23:00:00,7200,1200
ORD246,2025-06-21,Shmp200,6808,2025-07-07,Medium,Line-12,2025-06-27 01:30:00,2025-06-27 07:00:00,5500,1000
ORD247,2025-06-21,Lot250,43825,2025-07-07,High,Line-2,2025-06-24 16:30:00,2025-06-24 23:00:00,9750,1500
ORD247,2025-06-21,Lot250,43825,2025-07-07,High,Line-2,2025-06-26 07:00:00,2025-06-26 14:00:00,10835,1500
ORD247,2025-06-21,Lot250,43825,2025-07-07,High,Line-3,2025-06-28 12:00:00,2025-06-28 15:00:00,3000,1000
ORD247,2025-06-21,Lot250,43825,2025-07-07,High,Line-5,2025-06-28 11:30:00,2025-06-28 15:00:00,3500,1000
ORD247,2025-06-21,Lot250,43825,2025-07-07,High,Line-8,2025-06-24 15:30:00,2025-06-24 22:30:00,8356,1200
ORD248,2025-06-21,Bdwa200,18424,2025-07-07,Low,Line-2,2025-06-26 14:30:00,2025-06-26 15:00:00,750,1500
ORD248,2025-06-21,Bdwa200,18424,2025-07-07,Low,Line-3,2025-06-29 04:00:00,2025-06-29 07:00:00,3000,1000
ORD248,2025-06-21,Talc100,66064,2025-07-07,Low,Line-5,2025-06-28 19:00:00,2025-06-28 23:00:00,4000,1000
ORD248,2025-06-21,Talc100,66064,2025-07-07,Low,Line-8,2025-06-26 04:30:00,2025-06-26 07:00:00,3000,1200
ORD249,2025-06-21,Bdwa200,11399,2025-07-09,Medium,Line-2,2025-06-24 01:00:00,2025-06-24 07:00:00,9000,1500
ORD249,2025-06-21,Lot100,129580,2025-07-09,Medium,Line-11,2025-06-26 20:30:00,2025-06-26 23:00:00,3000,1200
ORD249,2025-06-21,Lot100,129580,2025-07-09,Medium,Line-2,2025-06-26 22:30:00,2025-06-26 23:00:00,750,1500
ORD249,2025-06-21,Lot100,129580,2025-07-09,Medium,Line-9,2025-06-27 14:30:00,2025-06-27 15:00:00,700,1400
ORD250,2025-06-21,Cond100,5690,2025-07-07,Low,Line-4,2025-06-26 18:30:00,2025-06-26 23:00:00,3600,800
ORD250,2025-06-21,Shmp200,8392,2025-07-07,High,Line-11,2025-06-24 00:00:00,2025-06-24 07:00:00,8392,1200
ORD251,2025-06-21,Hdwa250,34430,2025-07-07,Low,Line-11,2025-06-24 07:30:00,2025-06-24 15:00:00,9000,1200
ORD251,2025-06-21,Shmp200,15735,2025-07-07,Low,Line-3,2025-06-28 19:30:00,2025-06-28 23:00:00,3500,1000
ORD251,2025-06-21,Shmp200,15735,2025-07-07,Low,Line-5,2025-06-30 09:30:00,2025-06-30 15:00:00,5500,1000
ORD252,2025-06-22,Bdwa200,23834,2025-07-07,Low,Line-1,2025-06-26 01:30:00,2025-06-26 07:00:00,6600,1200
ORD252,2025-06-22,Bdwa200,23834,2025-07-07,Low,Line-4,2025-06-27 10:00:00,2025-06-27 15:00:00,4000,800
ORD252,2025-06-22,Bdwa200,23834,2025-07-07,Low,Line-8,2025-06-29 03:00:00,2025-06-29 07:00:00,4800,1200
ORD252,2025-06-22,Talc100,19642,2025-07-07,Low,Line-3,2025-07-03 02:30:00,2025-07-03 07:00:00,4500,1000
ORD252,2025-06-22,Talc100,19642,2025-07-07,Low,Line-7,2025-06-28 10:00:00,2025-06-28 15:00:00,7500,1500
ORD253,2025-06-22,Gel150,22552,2025-07-07,Medium,Line-10,2025-06-25 23:00:00,2025-06-26 05:30:00,9665,1500
ORD253,2025-06-22,Gel150,22552,2025-07-07,Medium,Line-12,2025-06-29 07:30:00,2025-06-29 14:00:00,6443,1000
ORD253,2025-06-22,Gel150,22552,2025-07-07,Medium,Line-5,2025-07-02 16:00:00,2025-07-02 22:30:00,6444,1000
ORD253,2025-06-22,Shmp200,21956,2025-07-07,Medium,Line-3,2025-06-29 19:30:00,2025-06-29 23:00:00,3500,1000
ORD253,2025-06-22,Shmp200,21956,2025-07-07,Medium,Line-5,2025-07-01 16:30:00,2025-07-01 23:00:00,6500,1000
ORD253,2025-06-22,Shmp200,21956,2025-07-07,Medium,Line-6,2025-06-29 23:30:00,2025-06-30 07:00:00,6000,800
ORD254,2025-06-22,Hdwa250,29674,2025-07-07,High,Line-5,2025-07-02 01:00:00,2025-07-02 07:00:00,6000,1000
ORD254,2025-06-22,Hdwa250,29674,2025-07-07,High,Line-7,2025-06-28 18:30:00,2025-06-28 23:00:00,6750,1500
ORD254,2025-06-22,Hdwa250,29674,2025-07-07,High,Line-9,2025-06-30 12:30:00,2025-06-30 15:00:00,3500,1400
ORD254,2025-06-22,Lot100,26521,2025-07-07,Medium,Line-1,2025-06-26 09:30:00,2025-06-26 15:00:00,6600,1200
ORD254,2025-06-22,Lot100,26521,2025-07-07,Medium,Line-10,2025-06-25 07:30:00,2025-06-25 15:00:00,11250,1500
ORD254,2025-06-22,Lot100,26521,2025-07-07,Medium,Line-6,2025-06-29 07:00:00,2025-06-29 14:30:00,6061,800
ORD255,2025-06-22,Bdwa200,22879,2025-07-07,High,Line-11,2025-06-29 20:00:00,2025-06-29 23:00:00,3600,1200
ORD255,2025-06-22,Bdwa200,22879,2025-07-07,High,Line-3,2025-07-03 11:00:00,2025-07-03 15:00:00,4000,1000
ORD255,2025-06-22,Bdwa200,22879,2025-07-07,High,Line-6,2025-06-30 22:30:00,2025-06-30 23:00:00,400,800
ORD255,2025-06-22,Hdwa250,22882,2025-07-07,High,Line-1,2025-06-27 17:30:00,2025-06-27 23:00:00,6600,1200
ORD255,2025-06-22,Hdwa250,22882,2025-07-07,High,Line-12,2025-06-27 09:00:00,2025-06-27 15:00:00,6000,1000
ORD255,2025-06-22,Hdwa250,22882,2025-07-07,High,Line-8,2025-06-30 02:30:00,2025-06-30 07:00:00,5400,1200
ORD256,2025-06-22,Bdwa200,109484,2025-07-07,High,Line-1,2025-06-28 15:00:00,2025-06-28 23:00:00,9600,1200
ORD256,2025-06-22,Bdwa200,109484,2025-07-07,High,Line-2,2025-06-29 14:00:00,2025-06-29 15:00:00,1500,1500
ORD256,2025-06-22,Bdwa200,109484,2025-07-07,High,Line-7,2025-06-27 07:30:00,2025-06-27 15:00:00,11250,1500
ORD256,2025-06-22,Lot100,6414,2025-07-07,Low,Line-5,2025-07-02 09:00:00,2025-07-02 15:00:00,6000,1000
ORD257,2025-06-22,Lot250,24151,2025-07-07,Low,Line-3,2025-06-29 12:00:00,2025-06-29 15:00:00,3000,1000
ORD257,2025-06-22,Lot250,24151,2025-07-07,Low,Line-5,2025-06-30 18:00:00,2025-06-30 23:00:00,5000,1000
ORD257,2025-06-22,Lot250,24151,2025-07-07,Low,Line-9,2025-06-28 22:30:00,2025-06-28 23:00:00,700,1400
ORD257,2025-06-22,Shmp100,5917,2025-07-07,High,Line-6,2025-07-01 06:30:00,2025-07-01 07:00:00,400,800
ORD258,2025-06-22,Fcws100,82777,2025-07-09,Low,Line-2,2025-06-29 07:00:00,2025-06-29 13:30:00,9819,1500
ORD258,2025-06-22,Fcws100,82777,2025-07-09,Low,Line-4,2025-06-30 07:30:00,2025-06-30 15:00:00,6000,800
ORD258,2025-06-22,Fcws100,82777,2025-07-09,Low,Line-5,2025-07-02 23:00:00,2025-07-03 07:00:00,8000,1000
ORD258,2025-06-22,Fcws100,82777,2025-07-09,Low,Line-6,2025-06-30 08:00:00,2025-06-30 14:30:00,5237,800
ORD258,2025-06-22,Fcws100,82777,2025-07-09,Low,Line-6,2025-07-01 21:30:00,2025-07-01 23:00:00,1200,800
ORD259,2025-06-22,Lot100,8481,2025-07-07,Low,Line-11,2025-06-29 12:30:00,2025-06-29 15:00:00,3000,1200
ORD259,2025-06-22,Shmp100,31943,2025-07-07,Low,Line-12,2025-06-27 16:00:00,2025-06-27 23:00:00,7000,1000
ORD260,2025-06-22,Fcws100,11954,2025-07-07,High,Line-2,2025-06-30 16:30:00,2025-06-30 23:00:00,9750,1500
ORD260,2025-06-22,Hdwa250,28475,2025-07-07,High,Line-7,2025-06-26 15:30:00,2025-06-26 22:30:00,10417,1500
ORD260,2025-06-22,Hdwa250,28475,2025-07-07,High,Line-8,2025-06-29 11:00:00,2025-06-29 15:00:00,4800,1200
ORD260,2025-06-22,Hdwa250,28475,2025-07-07,High,Line-9,2025-06-29 06:00:00,2025-06-29 07:00:00,1400,1400
ORD261,2025-06-22,Crm50,44566,2025-07-09,Medium,Line-7,2025-06-29 10:30:00,2025-06-29 15:00:00,6750,1500
ORD261,2025-06-22,Talc100,8386,2025-07-09,Low,Line-11,2025-06-28 12:00:00,2025-06-28 15:00:00,3600,1200
ORD262,2025-06-22,Fcws100,31811,2025-07-07,High,Line-3,2025-06-30 12:30:00,2025-06-30 15:00:00,2500,1000
ORD262,2025-06-22,Lot250,11408,2025-07-07,Medium,Line-7,2025-06-29 02:30:00,2025-06-29 07:00:00,6750,1500
ORD263,2025-06-22,Cond100,6410,2025-07-07,Medium,Line-12,2025-06-29 00:30:00,2025-06-29 07:00:00,6410,1000
ORD263,2025-06-22,Lot100,28408,2025-07-07,High,Line-1,2025-06-26 17:30:00,2025-06-26 23:00:00,6600,1200
ORD263,2025-06-22,Lot100,28408,2025-07-07,High,Line-2,2025-06-28 06:30:00,2025-06-28 07:00:00,750,1500
ORD263,2025-06-22,Lot100,28408,2025-07-07,High,Line-5,2025-07-01 01:30:00,2025-07-01 07:00:00,5500,1000
ORD264,2025-06-22,Hdwa250,12143,2025-07-07,High,Line-3,2025-07-03 19:00:00,2025-07-03 23:00:00,4000,1000
ORD264,2025-06-22,Hdwa250,12143,2025-07-07,High,Line-6,2025-07-01 14:30:00,2025-07-01 15:00:00,400,800
ORD264,2025-06-22,Lot250,8681,2025-07-07,Low,Line-1,2025-06-28 00:30:00,2025-06-28 07:00:00,7800,1200
ORD265,2025-06-22,Shmp100,21329,2025-07-07,Low,Line-2,2025-06-28 14:30:00,2025-06-28 15:00:00,750,1500
ORD265,2025-06-22,Shmp100,21329,2025-07-07,Low,Line-9,2025-06-29 13:30:00,2025-06-29 15:00:00,2100,1400
ORD265,2025-06-22,Talc100,27974,2025-07-07,High,Line-1,2025-06-29 17:30:00,2025-06-29 23:00:00,6600,1200
ORD265,2025-06-22,Talc100,27974,2025-07-07,High,Line-10,2025-06-25 15:30:00,2025-06-25 22:30:00,10759,1500
ORD265,2025-06-22,Talc100,27974,2025-07-07,High,Line-8,2025-06-30 09:30:00,2025-06-30 15:00:00,6600,1200
ORD266,2025-06-22,Gel150,23139,2025-07-07,Low,Line-12,2025-06-29 14:30:00,2025-06-29 15:00:00,500,1000
ORD266,2025-06-22,Gel150,23139,2025-07-07,Low,Line-2,2025-07-01 01:00:00,2025-07-01 07:00:00,9000,1500
ORD266,2025-06-22,Gel150,23139,2025-07-07,Low,Line-4,2025-06-30 00:00:00,2025-06-30 07:00:00,5600,800
ORD266,2025-06-22,Lot100,5778,2025-07-07,Medium,Line-4,2025-06-28 02:30:00,2025-06-28 07:00:00,3600,800
ORD267,2025-06-22,Crm50,18064,2025-07-08,Low,Line-11,2025-06-28 04:30:00,2025-06-28 07:00:00,3000,1200
ORD267,2025-06-22,Crm50,18064,2025-07-08,Low,Line-9,2025-06-29 21:30:00,2025-06-29 23:00:00,2100,1400
ORD267,2025-06-22,Talc100,13907,2025-07-08,Medium,Line-4,2025-07-01 10:00:00,2025-07-01 15:00:00,4000,800
ORD267,2025-06-22,Talc100,13907,2025-07-08,Medium,Line-5,2025-07-04 01:30:00,2025-07-04 07:00:00,5500,1000
ORD268,2025-06-22,Crm50,9034,2025-07-08,Medium,Line-8,2025-06-29 18:30:00,2025-06-29 23:00:00,5400,1200
ORD268,2025-06-22,Lot100,17191,2025-07-08,Low,Line-1,2025-06-30 01:00:00,2025-06-30 07:00:00,7200,1200
ORD268,2025-06-22,Lot100,17191,2025-07-08,Low,Line-3,2025-07-04 10:00:00,2025-07-04 15:00:00,5000,1000
ORD269,2025-06-22,Gel150,74095,2025-07-10,Medium,Line-3,2025-07-04 18:30:00,2025-07-04 23:00:00,4500,1000
ORD269,2025-06-22,Gel150,74095,2025-07-10,Medium,Line-9,2025-06-30 20:30:00,2025-06-30 23:00:00,3500,1400
ORD269,2025-06-22,Lot250,7932,2025-07-10,Medium,Line-1,2025-06-28 08:00:00,2025-06-28 14:30:00,7932,1200
ORD270,2025-06-22,Bdwa200,17491,2025-07-08,Medium,Line-2,2025-07-01 08:30:00,2025-07-01 15:00:00,9750,1500
ORD270,2025-06-22,Bdwa200,17491,2025-07-08,Medium,Line-4,2025-07-01 18:00:00,2025-07-01 23:00:00,4000,800
ORD270,2025-06-22,Lot100,52073,2025-07-08,High,Line-3,2025-07-01 21:00:00,2025-07-01 23:00:00,2000,1000
ORD270,2025-06-22,Lot100,52073,2025-07-08,High,Line-4,2025-06-28 18:30:00,2025-06-28 23:00:00,3600,800
ORD271,2025-06-22,Cond100,10848,2025-07-08,High,Line-2,2025-07-01 16:30:00,2025-07-01 23:00:00,9750,1500
ORD271,2025-06-22,Lot250,18392,2025-07-08,Low,Line-1,2025-06-27 01:30:00,2025-06-27 07:00:00,6600,1200
ORD271,2025-06-22,Lot250,18392,2025-07-08,Low,Line-9,2025-06-30 05:00:00,2025-06-30 07:00:00,2800,1400
ORD272,2025-06-22,Lot100,21188,2025-07-08,Low,Line-12,2025-06-29 22:00:00,2025-06-29 23:00:00,1000,1000
ORD272,2025-06-22,Lot100,21188,2025-07-08,Low,Line-2,2025-07-02 00:00:00,2025-07-02 06:30:00,9632,1500
ORD272,2025-06-22,Lot100,21188,2025-07-08,Low,Line-4,2025-07-02 02:00:00,2025-07-02 07:00:00,4000,800
ORD272,2025-06-22,Shmp100,23871,2025-07-08,Low,Line-11,2025-06-28 19:30:00,2025-06-28 23:00:00,4200,1200
ORD272,2025-06-22,Shmp100,23871,2025-07-08,Low,Line-3,2025-06-30 04:00:00,2025-06-30 07:00:00,3000,1000
ORD272,2025-06-22,Shmp100,23871,2025-07-08,Low,Line-4,2025-06-28 10:00:00,2025-06-28 15:00:00,4000,800
ORD273,2025-06-22,Hdwa250,6223,2025-07-08,Medium,Line-4,2025-06-27 18:00:00,2025-06-27 23:00:00,4000,800
ORD273,2025-06-22,Shmp100,6874,2025-07-08,Medium,Line-12,2025-06-30 13:00:00,2025-06-30 15:00:00,2000,1000
ORD274,2025-06-22,Fcws100,27289,2025-07-10,High,Line-1,2025-06-27 09:00:00,2025-06-27 15:00:00,7200,1200
ORD274,2025-06-22,Fcws100,27289,2025-07-10,High,Line-2,2025-06-28 22:30:00,2025-06-28 23:00:00,750,1500
ORD274,2025-06-22,Fcws100,27289,2025-07-10,High,Line-6,2025-06-29 15:00:00,2025-06-29 23:00:00,6237,800
ORD274,2025-06-22,Talc100,101534,2025-07-10,High,Line-12,2025-06-30 20:30:00,2025-06-30 23:00:00,2500,1000
ORD274,2025-06-22,Talc100,101534,2025-07-10,High,Line-5,2025-07-04 17:30:00,2025-07-04 23:00:00,5500,1000
ORD274,2025-06-22,Talc100,101534,2025-07-10,High,Line-8,2025-07-01 00:00:00,2025-07-01 07:00:00,8400,1200
ORD275,2025-06-22,Lot250,5709,2025-07-08,Low,Line-6,2025-06-30 15:00:00,2025-06-30 22:00:00,5709,800
ORD275,2025-06-22,Shmp100,14999,2025-07-08,Low,Line-12,2025-06-30 05:00:00,2025-06-30 07:00:00,2000,1000
ORD275,2025-06-22,Shmp100,14999,2025-07-08,Low,Line-5,2025-07-04 09:30:00,2025-07-04 15:00:00,5500,1000
ORD276,2025-06-22,Gel150,18625,2025-07-08,Medium,Line-4,2025-07-02 09:00:00,2025-07-02 15:00:00,4800,800
ORD276,2025-06-22,Gel150,18625,2025-07-08,Medium,Line-6,2025-07-03 00:00:00,2025-07-03 06:30:00,5321,800
ORD276,2025-06-22,Gel150,18625,2025-07-08,Medium,Line-8,2025-06-30 17:00:00,2025-06-30 23:00:00,7200,1200
ORD276,2025-06-22,Lot100,6598,2025-07-08,Low,Line-5,2025-07-01 09:30:00,2025-07-01 15:00:00,5500,1000
ORD277,2025-06-22,Bdwa200,21557,2025-07-08,High,Line-11,2025-06-29 04:00:00,2025-06-29 07:00:00,3600,1200
ORD277,2025-06-22,Bdwa200,21557,2025-07-08,High,Line-7,2025-06-26 23:00:00,2025-06-27 07:00:00,11976,1500
ORD277,2025-06-22,Talc100,19268,2025-07-08,Low,Line-3,2025-07-04 02:00:00,2025-07-04 07:00:00,5000,1000
ORD277,2025-06-22,Talc100,19268,2025-07-08,Low,Line-7,2025-06-30 16:30:00,2025-06-30 23:00:00,9750,1500
ORD278,2025-06-23,Bdwa200,21018,2025-07-08,High,Line-12,2025-07-03 07:30:00,2025-07-03 15:00:00,7500,1000
ORD278,2025-06-23,Bdwa200,21018,2025-07-08,High,Line-4,2025-07-05 19:30:00,2025-07-05 23:00:00,2800,800
ORD278,2025-06-23,Bdwa200,21018,2025-07-08,High,Line-5,2025-07-07 23:30:00,2025-07-08 07:00:00,7500,1000
ORD278,2025-06-23,Fcws100,6367,2025-07-08,Medium,Line-6,2025-07-03 07:00:00,2025-07-03 15:00:00,6367,800
ORD279,2025-06-23,Bdwa200,16489,2025-07-08,High,Line-10,2025-06-27 13:00:00,2025-06-27 15:00:00,3000,1500
ORD279,2025-06-23,Bdwa200,16489,2025-07-08,High,Line-6,2025-07-07 02:00:00,2025-07-07 07:00:00,4000,800
ORD279,2025-06-23,Shmp200,14925,2025-07-08,Low,Line-4,2025-07-03 00:00:00,2025-07-03 06:30:00,5192,800
ORD279,2025-06-23,Shmp200,14925,2025-07-08,Low,Line-7,2025-07-02 00:30:00,2025-07-02 07:00:00,9733,1500
ORD280,2025-06-23,Lot250,8703,2025-07-08,High,Line-8,2025-07-02 08:00:00,2025-07-02 15:00:00,8400,1200
ORD280,2025-06-23,Shmp100,11844,2025-07-08,Medium,Line-5,2025-07-08 07:30:00,2025-07-08 14:00:00,6580,1000
ORD280,2025-06-23,Shmp100,11844,2025-07-08,Medium,Line-6,2025-07-07 09:30:00,2025-07-07 15:00:00,4400,800
ORD281,2025-06-23,Crm50,8707,2025-07-08,Medium,Line-1,2025-07-01 01:30:00,2025-07-01 07:00:00,6600,1200
ORD281,2025-06-23,Fcws100,16161,2025-07-08,Low,Line-2,2025-07-02 07:00:00,2025-07-02 13:30:00,9697,1500
ORD281,2025-06-23,Fcws100,16161,2025-07-08,Low,Line-5,2025-07-06 17:00:00,2025-07-06 23:00:00,6000,1000
ORD282,2025-06-23,Fcws100,19421,2025-07-08,Low,Line-10,2025-06-27 20:30:00,2025-06-27 23:00:00,3750,1500
ORD282,2025-06-23,Fcws100,19421,2025-07-08,Low,Line-9,2025-07-05 20:00:00,2025-07-05 23:00:00,4200,1400
ORD282,2025-06-23,Hdwa250,30438,2025-07-08,Medium,Line-10,2025-06-26 06:00:00,2025-06-26 07:00:00,1500,1500
ORD282,2025-06-23,Hdwa250,30438,2025-07-08,Medium,Line-8,2025-07-02 16:00:00,2025-07-02 23:00:00,8400,1200
ORD282,2025-06-23,Hdwa250,30438,2025-07-08,Medium,Line-9,2025-07-02 04:00:00,2025-07-02 07:00:00,4200,1400
ORD283,2025-06-23,Cond100,19137,2025-07-08,High,Line-1,2025-07-01 09:30:00,2025-07-01 15:00:00,6600,1200
ORD283,2025-06-23,Cond100,19137,2025-07-08,High,Line-10,2025-06-28 03:30:00,2025-06-28 07:00:00,5250,1500
ORD283,2025-06-23,Fcws100,26568,2025-07-08,High,Line-3,2025-07-06 02:00:00,2025-07-06 07:00:00,5000,1000
ORD283,2025-06-23,Fcws100,26568,2025-07-08,High,Line-8,2025-07-03 00:00:00,2025-07-03 07:00:00,8400,1200
ORD283,2025-06-23,Fcws100,26568,2025-07-08,High,Line-9,2025-07-02 12:00:00,2025-07-02 15:00:00,4200,1400
ORD284,2025-06-23,Lot250,14244,2025-07-08,Medium,Line-6,2025-07-04 06:00:00,2025-07-04 07:00:00,800,800
ORD284,2025-06-23,Lot250,14244,2025-07-08,Medium,Line-8,2025-07-03 08:00:00,2025-07-03 15:00:00,8400,1200
ORD284,2025-06-23,Shmp100,17757,2025-07-08,High,Line-3,2025-07-07 09:30:00,2025-07-07 15:00:00,5500,1000
ORD284,2025-06-23,Shmp100,17757,2025-07-08,High,Line-7,2025-07-02 07:30:00,2025-07-02 14:30:00,10654,1500
ORD285,2025-06-23,Crm50,19705,2025-07-08,Low,Line-11,2025-06-30 20:30:00,2025-06-30 23:00:00,3000,1200
ORD285,2025-06-23,Crm50,19705,2025-07-08,Low,Line-7,2025-07-02 15:00:00,2025-07-02 22:30:00,10947,1500
ORD285,2025-06-23,Hdwa250,64110,2025-07-08,Medium,Line-12,2025-07-02 04:30:00,2025-07-02 07:00:00,2500,1000
ORD285,2025-06-23,Hdwa250,64110,2025-07-08,Medium,Line-9,2025-07-03 11:30:00,2025-07-03 15:00:00,4900,1400
ORD286,2025-06-23,Lot100,20921,2025-07-08,Medium,Line-1,2025-06-30 09:30:00,2025-06-30 15:00:00,6600,1200
ORD286,2025-06-23,Lot100,20921,2025-07-08,Medium,Line-10,2025-06-26 14:00:00,2025-06-26 15:00:00,1500,1500
ORD286,2025-06-23,Talc100,25077,2025-07-08,High,Line-1,2025-07-01 17:00:00,2025-07-01 23:00:00,7200,1200
ORD286,2025-06-23,Talc100,25077,2025-07-08,High,Line-6,2025-07-07 16:30:00,2025-07-07 23:00:00,5200,800
ORD286,2025-06-23,Talc100,25077,2025-07-08,High,Line-8,2025-07-04 07:30:00,2025-07-04 15:00:00,9000,1200
ORD287,2025-06-23,Fcws100,41134,2025-07-10,Medium,Line-7,2025-07-02 23:00:00,2025-07-03 07:00:00,12000,1500
ORD287,2025-06-23,Hdwa250,5603,2025-07-10,Medium,Line-6,2025-07-03 15:30:00,2025-07-03 22:30:00,5603,800
ORD288,2025-06-23,Fcws100,24765,2025-07-08,High,Line-2,2025-07-02 14:00:00,2025-07-02 15:00:00,1500,1500
ORD288,2025-06-23,Fcws100,24765,2025-07-08,High,Line-3,2025-07-06 17:30:00,2025-07-06 23:00:00,5500,1000
ORD288,2025-06-23,Fcws100,24765,2025-07-08,High,Line-5,2025-07-07 00:00:00,2025-07-07 07:00:00,7000,1000
ORD288,2025-06-23,Lot250,18453,2025-07-08,Low,Line-5,2025-07-07 15:30:00,2025-07-07 23:00:00,7500,1000
ORD288,2025-06-23,Lot250,18453,2025-07-08,Low,Line-9,2025-07-06 03:00:00,2025-07-06 07:00:00,5600,1400
ORD289,2025-06-23,Lot250,87652,2025-07-09,Medium,Line-4,2025-07-03 07:00:00,2025-07-03 15:00:00,6400,800
ORD289,2025-06-23,Lot250,87652,2025-07-09,Medium,Line-6,2025-07-04 13:30:00,2025-07-04 15:00:00,1200,800
ORD289,2025-06-23,Lot250,87652,2025-07-09,Medium,Line-9,2025-07-04 14:30:00,2025-07-04 15:00:00,700,1400
ORD289,2025-06-23,Shmp100,6160,2025-07-09,High,Line-6,2025-07-08 01:00:00,2025-07-08 07:00:00,4800,800
ORD290,2025-06-23,Hdwa250,10626,2025-07-09,Medium,Line-9,2025-07-06 11:00:00,2025-07-06 15:00:00,5600,1400
ORD290,2025-06-23,Lot100,5271,2025-07-09,Medium,Line-6,2025-07-03 23:00:00,2025-07-04 05:30:00,5271,800
ORD291,2025-06-23,Gel150,9455,2025-07-09,High,Line-8,2025-07-03 15:30:00,2025-07-03 23:00:00,9000,1200
ORD291,2025-06-23,Shmp100,8943,2025-07-09,Low,Line-1,2025-07-02 01:30:00,2025-07-02 07:00:00,6600,1200
ORD292,2025-06-23,Hdwa250,32219,2025-07-11,Low,Line-11,2025-06-30 04:00:00,2025-06-30 07:00:00,3600,1200
ORD292,2025-06-23,Hdwa250,32219,2025-07-11,Low,Line-7,2025-07-01 00:30:00,2025-07-01 07:00:00,9750,1500
ORD292,2025-06-23,Hdwa250,32219,2025-07-11,Low,Line-9,2025-07-02 20:00:00,2025-07-02 23:00:00,4200,1400
ORD292,2025-06-23,Lot250,76376,2025-07-11,Low,Line-5,2025-07-08 22:30:00,2025-07-08 23:00:00,500,1000
ORD292,2025-06-23,Lot250,76376,2025-07-11,Low,Line-9,2025-07-07 02:00:00,2025-07-07 07:00:00,7000,1400
ORD293,2025-06-23,Bdwa200,26379,2025-07-09,Low,Line-12,2025-07-03 15:30:00,2025-07-03 22:30:00,7129,1000
ORD293,2025-06-23,Bdwa200,26379,2025-07-09,Low,Line-2,2025-07-04 12:30:00,2025-07-04 15:00:00,3750,1500
ORD293,2025-06-23,Bdwa200,26379,2025-07-09,Low,Line-8,2025-07-04 16:00:00,2025-07-04 23:00:00,8400,1200
ORD293,2025-06-23,Fcws100,18748,2025-07-09,Medium,Line-10,2025-06-26 22:00:00,2025-06-26 23:00:00,1500,1500
ORD293,2025-06-23,Fcws100,18748,2025-07-09,Medium,Line-9,2025-07-03 04:30:00,2025-07-03 07:00:00,3500,1400
ORD294,2025-06-23,Fcws100,18900,2025-07-09,Low,Line-5,2025-07-06 01:30:00,2025-07-06 07:00:00,5500,1000
ORD294,2025-06-23,Fcws100,18900,2025-07-09,Low,Line-7,2025-07-01 09:00:00,2025-07-01 15:00:00,9000,1500
ORD294,2025-06-23,Lot250,16257,2025-07-09,High,Line-11,2025-07-01 04:30:00,2025-07-01 07:00:00,3000,1200
ORD294,2025-06-23,Lot250,16257,2025-07-09,High,Line-5,2025-07-08 14:30:00,2025-07-08 15:00:00,500,1000
ORD295,2025-06-23,Bdwa200,8159,2025-07-09,Medium,Line-8,2025-07-04 23:30:00,2025-07-05 06:30:00,8159,1200
ORD295,2025-06-23,Crm50,27359,2025-07-09,Medium,Line-11,2025-06-30 12:30:00,2025-06-30 15:00:00,3000,1200
ORD295,2025-06-23,Crm50,27359,2025-07-09,Medium,Line-2,2025-07-02 21:30:00,2025-07-02 23:00:00,2250,1500
ORD295,2025-06-23,Crm50,27359,2025-07-09,Medium,Line-5,2025-07-07 07:30:00,2025-07-07 15:00:00,7394,1000
ORD296,2025-06-23,Shmp100,24714,2025-07-09,Low,Line-3,2025-07-06 10:00:00,2025-07-06 15:00:00,5000,1000
ORD296,2025-06-23,Shmp100,24714,2025-07-09,Low,Line-5,2025-07-06 09:30:00,2025-07-06 15:00:00,5500,1000
ORD296,2025-06-23,Shmp100,24714,2025-07-09,Low,Line-7,2025-07-01 17:00:00,2025-07-01 23:00:00,9000,1500
ORD296,2025-06-23,Shmp200,5742,2025-07-09,Medium,Line-4,2025-07-06 03:30:00,2025-07-06 07:00:00,2800,800
ORD297,2025-06-23,Crm50,22200,2025-07-09,Medium,Line-1,2025-07-02 09:30:00,2025-07-02 15:00:00,6600,1200
ORD297,2025-06-23,Crm50,22200,2025-07-09,Medium,Line-4,2025-07-06 18:30:00,2025-07-06 23:00:00,3600,800
ORD297,2025-06-23,Crm50,22200,2025-07-09,Medium,Line-9,2025-07-06 19:00:00,2025-07-06 23:00:00,5600,1400
ORD297,2025-06-23,Shmp200,7962,2025-07-09,High,Line-3,2025-07-07 01:00:00,2025-07-07 07:00:00,6000,1000
ORD298,2025-06-23,Crm50,93787,2025-07-11,Low,Line-2,2025-07-03 05:30:00,2025-07-03 07:00:00,2250,1500
ORD298,2025-06-23,Crm50,93787,2025-07-11,Low,Line-4,2025-07-04 12:30:00,2025-07-04 15:00:00,2000,800
ORD298,2025-06-23,Crm50,93787,2025-07-11,Low,Line-6,2025-07-05 19:00:00,2025-07-05 23:00:00,3200,800
ORD298,2025-06-23,Talc100,92764,2025-07-11,Low,Line-10,2025-06-28 11:00:00,2025-06-28 15:00:00,6000,1500
ORD298,2025-06-23,Talc100,92764,2025-07-11,Low,Line-2,2025-07-05 03:30:00,2025-07-05 07:00:00,5250,1500
ORD299,2025-06-23,Crm50,5748,2025-07-09,High,Line-4,2025-07-06 11:00:00,2025-07-06 15:00:00,3200,800
ORD299,2025-06-23,Lot250,25891,2025-07-09,Low,Line-1,2025-06-30 17:30:00,2025-06-30 23:00:00,6600,1200
ORD299,2025-06-23,Lot250,25891,2025-07-09,Low,Line-10,2025-06-27 05:00:00,2025-06-27 07:00:00,3000,1500
ORD299,2025-06-23,Lot250,25891,2025-07-09,Low,Line-4,2025-07-02 16:00:00,2025-07-02 23:00:00,5600,800
ORD300,2025-06-23,Talc100,35854,2025-07-09,High,Line-2,2025-07-04 20:00:00,2025-07-04 23:00:00,4500,1500
ORD300,2025-06-23,Talc100,35854,2025-07-09,High,Line-6,2025-07-08 09:00:00,2025-07-08 15:00:00,4800,800
ORD300,2025-06-23,Talc100,35854,2025-07-09,High,Line-7,2025-07-04 03:00:00,2025-07-04 07:00:00,6000,1500
ORD300,2025-06-23,Talc100,35854,2025-07-09,High,Line-8,2025-07-04 00:00:00,2025-07-04 07:00:00,8400,1200
ORD301,2025-06-24,Bdwa200,6195,2025-07-09,High,Line-4,2025-07-07 01:30:00,2025-07-07 07:00:00,4400,800
ORD301,2025-06-24,Gel150,18232,2025-07-09,High,Line-1,2025-07-06 06:00:00,2025-07-06 07:00:00,1200,1200
ORD301,2025-06-24,Gel150,18232,2025-07-09,High,Line-9,2025-07-11 11:30:00,2025-07-11 15:00:00,4900,1400
ORD302,2025-06-24,Cond100,19573,2025-07-09,Low,Line-7,2025-07-05 02:00:00,2025-07-05 07:00:00,7500,1500
ORD302,2025-06-24,Cond100,19573,2025-07-09,Low,Line-8,2025-07-07 17:30:00,2025-07-07 23:00:00,6600,1200
ORD302,2025-06-24,Shmp200,16735,2025-07-09,High,Line-5,2025-07-10 07:00:00,2025-07-10 14:00:00,6972,1000
ORD302,2025-06-24,Shmp200,16735,2025-07-09,High,Line-9,2025-07-08 10:30:00,2025-07-08 15:00:00,6300,1400
ORD303,2025-06-24,Crm50,57452,2025-07-11,High,Line-12,2025-07-05 20:30:00,2025-07-05 23:00:00,2500,1000
ORD303,2025-06-24,Crm50,57452,2025-07-11,High,Line-5,2025-07-11 19:30:00,2025-07-11 23:00:00,3500,1000
ORD303,2025-06-24,Hdwa250,23549,2025-07-11,High,Line-1,2025-07-03 15:30:00,2025-07-03 23:00:00,8830,1200
ORD303,2025-06-24,Hdwa250,23549,2025-07-11,High,Line-12,2025-07-04 06:00:00,2025-07-04 07:00:00,1000,1000
ORD303,2025-06-24,Hdwa250,23549,2025-07-11,High,Line-5,2025-07-10 21:30:00,2025-07-10 23:00:00,1500,1000
ORD304,2025-06-24,Lot100,22453,2025-07-09,Medium,Line-10,2025-07-02 18:30:00,2025-07-02 23:00:00,6750,1500
ORD304,2025-06-24,Lot100,22453,2025-07-09,Medium,Line-12,2025-07-04 21:30:00,2025-07-04 23:00:00,1500,1000
ORD304,2025-06-24,Lot100,22453,2025-07-09,Medium,Line-6,2025-07-09 15:00:00,2025-07-09 22:00:00,5443,800
ORD304,2025-06-24,Lot250,110513,2025-07-09,Low,Line-10,2025-07-01 15:00:00,2025-07-01 23:00:00,12000,1500
ORD304,2025-06-24,Lot250,110513,2025-07-09,Low,Line-8,2025-07-06 14:00:00,2025-07-06 15:00:00,1200,1200
ORD304,2025-06-24,Lot250,110513,2025-07-09,Low,Line-9,2025-07-10 08:00:00,2025-07-10 15:00:00,9800,1400
ORD305,2025-06-24,Cond100,15572,2025-07-09,Low,Line-5,2025-07-11 12:30:00,2025-07-11 15:00:00,2500,1000
ORD305,2025-06-24,Cond100,15572,2025-07-09,Low,Line-9,2025-07-11 19:00:00,2025-07-11 23:00:00,5600,1400
ORD305,2025-06-24,Shmp100,10903,2025-07-09,Medium,Line-9,2025-07-08 18:00:00,2025-07-08 23:00:00,7000,1400
ORD306,2025-06-24,Fcws100,24269,2025-07-09,Medium,Line-10,2025-06-30 10:00:00,2025-06-30 15:00:00,7500,1500
ORD306,2025-06-24,Fcws100,24269,2025-07-09,Medium,Line-4,2025-07-08 02:00:00,2025-07-08 07:00:00,4000,800
ORD306,2025-06-24,Fcws100,24269,2025-07-09,Medium,Line-9,2025-07-09 17:30:00,2025-07-09 23:00:00,7700,1400
ORD306,2025-06-24,Hdwa250,8108,2025-07-09,Medium,Line-11,2025-07-02 23:30:00,2025-07-03 06:30:00,8108,1200
ORD307,2025-06-24,Fcws100,19759,2025-07-09,High,Line-3,2025-07-09 15:30:00,2025-07-09 22:00:00,6587,1000
ORD307,2025-06-24,Fcws100,19759,2025-07-09,High,Line-4,2025-07-10 03:30:00,2025-07-10 07:00:00,2800,800
ORD307,2025-06-24,Fcws100,19759,2025-07-09,High,Line-8,2025-07-08 01:30:00,2025-07-08 07:00:00,6600,1200
ORD307,2025-06-24,Shmp100,16711,2025-07-09,Medium,Line-10,2025-06-29 18:30:00,2025-06-29 23:00:00,6750,1500
ORD307,2025-06-24,Shmp100,16711,2025-07-09,Medium,Line-12,2025-07-03 23:00:00,2025-07-04 05:30:00,6684,1000
ORD308,2025-06-24,Lot100,8533,2025-07-11,Low,Line-1,2025-07-03 23:30:00,2025-07-04 06:30:00,8533,1200
ORD308,2025-06-24,Shmp100,81180,2025-07-11,Medium,Line-5,2025-07-13 00:30:00,2025-07-13 07:00:00,6500,1000
ORD308,2025-06-24,Shmp100,81180,2025-07-11,Medium,Line-6,2025-07-09 22:30:00,2025-07-09 23:00:00,400,800
ORD308,2025-06-24,Shmp100,81180,2025-07-11,Medium,Line-8,2025-07-08 16:00:00,2025-07-08 23:00:00,8400,1200
ORD309,2025-06-24,Gel150,108191,2025-07-09,Low,Line-11,2025-07-01 20:30:00,2025-07-01 23:00:00,3000,1200
ORD309,2025-06-24,Gel150,108191,2025-07-09,Low,Line-11,2025-07-03 07:00:00,2025-07-03 14:00:00,8249,1200
ORD309,2025-06-24,Gel150,108191,2025-07-09,Low,Line-12,2025-07-05 05:00:00,2025-07-05 07:00:00,2000,1000
ORD309,2025-06-24,Gel150,108191,2025-07-09,Low,Line-2,2025-07-06 19:00:00,2025-07-06 23:00:00,6000,1500
ORD309,2025-06-24,Gel150,108191,2025-07-09,Low,Line-4,2025-07-08 17:30:00,2025-07-08 23:00:00,4400,800
ORD310,2025-06-24,Crm50,19103,2025-07-09,High,Line-12,2025-07-05 12:30:00,2025-07-05 15:00:00,2500,1000
ORD310,2025-06-24,Crm50,19103,2025-07-09,High,Line-7,2025-07-05 09:30:00,2025-07-05 15:00:00,8250,1500
ORD310,2025-06-24,Talc100,18422,2025-07-09,High,Line-3,2025-07-07 17:00:00,2025-07-07 23:00:00,6000,1000
ORD310,2025-06-24,Talc100,18422,2025-07-09,High,Line-5,2025-07-10 14:30:00,2025-07-10 15:00:00,500,1000
ORD310,2025-06-24,Talc100,18422,2025-07-09,High,Line-6,2025-07-08 16:30:00,2025-07-08 23:00:00,5200,800
ORD311,2025-06-24,Lot250,14134,2025-07-11,Low,Line-5,2025-07-11 05:30:00,2025-07-11 07:00:00,1500,1000
ORD311,2025-06-24,Lot250,14134,2025-07-11,Low,Line-8,2025-07-05 23:30:00,2025-07-06 06:00:00,7709,1200
ORD311,2025-06-24,Talc100,94879,2025-07-11,High,Line-11,2025-07-03 21:30:00,2025-07-03 23:00:00,1800,1200
ORD311,2025-06-24,Talc100,94879,2025-07-11,High,Line-2,2025-07-07 22:00:00,2025-07-07 23:00:00,1500,1500
ORD311,2025-06-24,Talc100,94879,2025-07-11,High,Line-6,2025-07-11 02:00:00,2025-07-11 07:00:00,4000,800
ORD312,2025-06-24,Cond100,7990,2025-07-09,Medium,Line-3,2025-07-09 07:00:00,2025-07-09 15:00:00,7990,1000
ORD312,2025-06-24,Hdwa250,8992,2025-07-09,Low,Line-1,2025-07-02 16:30:00,2025-07-02 23:00:00,7800,1200
ORD313,2025-06-24,Fcws100,17299,2025-07-09,Medium,Line-10,2025-06-30 17:00:00,2025-06-30 23:00:00,9000,1500
ORD313,2025-06-24,Fcws100,17299,2025-07-09,Medium,Line-12,2025-07-04 14:00:00,2025-07-04 15:00:00,1000,1000
ORD313,2025-06-24,Gel150,26860,2025-07-09,Medium,Line-10,2025-07-03 02:00:00,2025-07-03 07:00:00,7500,1500
ORD313,2025-06-24,Gel150,26860,2025-07-09,Medium,Line-3,2025-07-09 22:30:00,2025-07-09 23:00:00,500,1000
ORD313,2025-06-24,Gel150,26860,2025-07-09,Medium,Line-7,2025-07-05 17:30:00,2025-07-05 23:00:00,8250,1500
ORD314,2025-06-24,Cond100,13489,2025-07-09,High,Line-11,2025-07-03 14:30:00,2025-07-03 15:00:00,600,1200
ORD314,2025-06-24,Cond100,13489,2025-07-09,High,Line-4,2025-07-09 20:30:00,2025-07-09 23:00:00,2000,800
ORD314,2025-06-24,Crm50,36366,2025-07-09,Medium,Line-1,2025-07-04 23:00:00,2025-07-05 07:00:00,9600,1200
ORD315,2025-06-24,Lot100,29339,2025-07-09,Medium,Line-7,2025-07-06 00:30:00,2025-07-06 07:00:00,9750,1500
ORD315,2025-06-24,Lot100,29339,2025-07-09,Medium,Line-8,2025-07-08 08:30:00,2025-07-08 15:00:00,7800,1200
ORD315,2025-06-24,Lot100,29339,2025-07-09,Medium,Line-9,2025-07-12 02:00:00,2025-07-12 07:00:00,7000,1400
ORD315,2025-06-24,Shmp200,23993,2025-07-09,Medium,Line-1,2025-07-03 00:30:00,2025-07-03 07:00:00,7800,1200
ORD315,2025-06-24,Shmp200,23993,2025-07-09,Medium,Line-11,2025-07-01 12:30:00,2025-07-01 15:00:00,3000,1200
ORD315,2025-06-24,Shmp200,23993,2025-07-09,Medium,Line-6,2025-07-08 23:30:00,2025-07-09 07:00:00,5998,800
ORD316,2025-06-24,Lot250,23491,2025-07-11,High,Line-1,2025-07-04 07:00:00,2025-07-04 15:00:00,9396,1200
ORD316,2025-06-24,Lot250,23491,2025-07-11,High,Line-3,2025-07-08 22:30:00,2025-07-08 23:00:00,500,1000
ORD316,2025-06-24,Lot250,23491,2025-07-11,High,Line-4,2025-07-08 09:00:00,2025-07-08 15:00:00,4800,800
ORD316,2025-06-24,Shmp100,23760,2025-07-11,Low,Line-4,2025-07-10 10:30:00,2025-07-10 15:00:00,3600,800
ORD317,2025-06-24,Cond100,14376,2025-07-10,High,Line-3,2025-07-10 05:30:00,2025-07-10 07:00:00,1500,1000
ORD317,2025-06-24,Cond100,14376,2025-07-10,High,Line-8,2025-07-09 19:30:00,2025-07-09 23:00:00,4200,1200
ORD317,2025-06-24,Gel150,17136,2025-07-10,Medium,Line-3,2025-07-08 00:00:00,2025-07-08 07:00:00,6854,1000
ORD317,2025-06-24,Gel150,17136,2025-07-10,Medium,Line-7,2025-07-04 10:30:00,2025-07-04 15:00:00,6750,1500
ORD318,2025-06-24,Bdwa200,28924,2025-07-10,Medium,Line-2,2025-07-06 11:00:00,2025-07-06 15:00:00,6000,1500
ORD318,2025-06-24,Bdwa200,28924,2025-07-10,Medium,Line-3,2025-07-08 07:30:00,2025-07-08 15:00:00,7418,1000
ORD318,2025-06-24,Bdwa200,28924,2025-07-10,Medium,Line-9,2025-07-09 02:30:00,2025-07-09 07:00:00,6300,1400
ORD318,2025-06-24,Shmp200,27352,2025-07-10,Medium,Line-11,2025-07-05 01:00:00,2025-07-05 07:00:00,7200,1200
ORD318,2025-06-24,Shmp200,27352,2025-07-10,Medium,Line-6,2025-07-12 12:30:00,2025-07-12 15:00:00,2000,800
ORD318,2025-06-24,Shmp200,27352,2025-07-10,Medium,Line-7,2025-07-06 08:00:00,2025-07-06 15:00:00,10500,1500
ORD319,2025-06-24,Lot100,9737,2025-07-10,Medium,Line-10,2025-07-01 00:30:00,2025-07-01 07:00:00,9737,1500
ORD319,2025-06-24,Shmp200,15094,2025-07-10,Medium,Line-1,2025-07-06 13:30:00,2025-07-06 15:00:00,1800,1200
ORD319,2025-06-24,Shmp200,15094,2025-07-10,Medium,Line-5,2025-07-14 04:00:00,2025-07-14 07:00:00,3000,1000
ORD320,2025-06-24,Cond100,10603,2025-07-10,Low,Line-7,2025-07-06 16:30:00,2025-07-06 23:00:00,9750,1500
ORD320,2025-06-24,Crm50,27978,2025-07-10,High,Line-10,2025-06-30 01:30:00,2025-06-30 07:00:00,8250,1500
ORD320,2025-06-24,Crm50,27978,2025-07-10,High,Line-4,2025-07-07 09:30:00,2025-07-07 15:00:00,4400,800
ORD320,2025-06-24,Crm50,27978,2025-07-10,High,Line-8,2025-07-05 07:00:00,2025-07-05 15:00:00,9594,1200
ORD321,2025-06-24,Hdwa250,8601,2025-07-12,Low,Line-8,2025-07-06 06:30:00,2025-07-06 07:00:00,600,1200
ORD321,2025-06-24,Talc100,99953,2025-07-12,Medium,Line-1,2025-07-06 21:00:00,2025-07-06 23:00:00,2400,1200
ORD321,2025-06-24,Talc100,99953,2025-07-12,Medium,Line-12,2025-07-07 09:30:00,2025-07-07 15:00:00,5500,1000
ORD321,2025-06-24,Talc100,99953,2025-07-12,Medium,Line-2,2025-07-09 01:30:00,2025-07-09 07:00:00,8250,1500
ORD322,2025-06-24,Cond100,26998,2025-07-10,Low,Line-4,2025-07-07 18:00:00,2025-07-07 23:00:00,4000,800
ORD322,2025-06-24,Cond100,26998,2025-07-10,Low,Line-7,2025-07-04 18:00:00,2025-07-04 23:00:00,7500,1500
ORD322,2025-06-24,Cond100,26998,2025-07-10,Low,Line-8,2025-07-05 15:30:00,2025-07-05 23:00:00,9000,1200
ORD322,2025-06-24,Lot100,5249,2025-07-10,High,Line-6,2025-07-12 05:30:00,2025-07-12 07:00:00,1200,800
ORD323,2025-06-24,Shmp200,20791,2025-07-10,Low,Line-12,2025-07-07 01:30:00,2025-07-07 07:00:00,5500,1000
ORD323,2025-06-24,Shmp200,20791,2025-07-10,Low,Line-5,2025-07-14 11:30:00,2025-07-14 15:00:00,3500,1000
ORD323,2025-06-24,Shmp200,20791,2025-07-10,Low,Line-6,2025-07-09 07:30:00,2025-07-09 14:30:00,5731,800
ORD324,2025-06-24,Bdwa200,23582,2025-07-12,Medium,Line-1,2025-07-03 08:30:00,2025-07-03 15:00:00,7800,1200
ORD324,2025-06-24,Bdwa200,23582,2025-07-12,Medium,Line-3,2025-07-08 15:30:00,2025-07-08 22:00:00,6550,1000
ORD324,2025-06-24,Bdwa200,23582,2025-07-12,Medium,Line-9,2025-07-09 10:30:00,2025-07-09 15:00:00,6300,1400
ORD324,2025-06-24,Hdwa250,44765,2025-07-12,Low,Line-10,2025-07-03 09:00:00,2025-07-03 15:00:00,9000,1500
ORD325,2025-06-24,Hdwa250,27883,2025-07-10,Low,Line-1,2025-07-04 15:30:00,2025-07-04 22:30:00,8161,1200
ORD325,2025-06-24,Hdwa250,27883,2025-07-10,Low,Line-10,2025-07-01 07:30:00,2025-07-01 14:30:00,10201,1500
ORD325,2025-06-24,Hdwa250,27883,2025-07-10,Low,Line-9,2025-07-10 00:30:00,2025-07-10 07:00:00,9100,1400
ORD325,2025-06-24,Shmp100,7354,2025-07-10,Medium,Line-3,2025-07-10 12:30:00,2025-07-10 15:00:00,2500,1000
ORD326,2025-06-25,Cond100,15352,2025-07-10,High,Line-6,2025-07-13 20:00:00,2025-07-13 23:00:00,2400,800
ORD326,2025-06-25,Cond100,15352,2025-07-10,High,Line-8,2025-07-11 08:30:00,2025-07-11 15:00:00,7800,1200
ORD326,2025-06-25,Hdwa250,8798,2025-07-10,High,Line-8,2025-07-10 02:30:00,2025-07-10 07:00:00,5400,1200
ORD327,2025-06-25,Cond100,14068,2025-07-10,Low,Line-12,2025-07-08 13:00:00,2025-07-08 15:00:00,2000,1000
ORD327,2025-06-25,Cond100,14068,2025-07-10,Low,Line-5,2025-07-14 19:30:00,2025-07-14 23:00:00,3500,1000
ORD327,2025-06-25,Fcws100,8275,2025-07-10,Medium,Line-1,2025-07-08 15:30:00,2025-07-08 22:30:00,8275,1200
ORD328,2025-06-25,Hdwa250,27922,2025-07-10,High,Line-11,2025-07-05 09:30:00,2025-07-05 15:00:00,6600,1200
ORD328,2025-06-25,Hdwa250,27922,2025-07-10,High,Line-3,2025-07-10 20:30:00,2025-07-10 23:00:00,2500,1000
ORD328,2025-06-25,Hdwa250,27922,2025-07-10,High,Line-7,2025-07-07 00:00:00,2025-07-07 07:00:00,10500,1500
ORD328,2025-06-25,Lot100,23761,2025-07-10,Medium,Line-12,2025-07-10 03:30:00,2025-07-10 07:00:00,3500,1000
ORD328,2025-06-25,Lot100,23761,2025-07-10,Medium,Line-5,2025-07-16 08:30:00,2025-07-16 15:00:00,6500,1000
ORD328,2025-06-25,Lot100,23761,2025-07-10,Medium,Line-9,2025-07-14 23:30:00,2025-07-15 06:30:00,9783,1400
ORD329,2025-06-25,Gel150,23714,2025-07-10,Low,Line-5,2025-07-15 03:00:00,2025-07-15 07:00:00,4000,1000
ORD329,2025-06-25,Gel150,23714,2025-07-10,Low,Line-8,2025-07-10 10:30:00,2025-07-10 15:00:00,5400,1200
ORD329,2025-06-25,Gel150,23714,2025-07-10,Low,Line-9,2025-07-12 09:30:00,2025-07-12 15:00:00,7700,1400
ORD329,2025-06-25,Shmp200,23231,2025-07-10,High,Line-1,2025-07-08 23:00:00,2025-07-09 06:00:00,8199,1200
ORD329,2025-06-25,Shmp200,23231,2025-07-10,High,Line-12,2025-07-10 18:00:00,2025-07-10 23:00:00,5000,1000
ORD329,2025-06-25,Shmp200,23231,2025-07-10,High,Line-8,2025-07-11 16:30:00,2025-07-11 23:00:00,7800,1200
ORD330,2025-06-25,Shmp100,119382,2025-07-12,Medium,Line-12,2025-07-11 01:30:00,2025-07-11 07:00:00,5500,1000
ORD330,2025-06-25,Shmp100,119382,2025-07-12,Medium,Line-7,2025-07-09 21:30:00,2025-07-09 23:00:00,2250,1500
ORD330,2025-06-25,Shmp100,119382,2025-07-12,Medium,Line-9,2025-07-15 14:00:00,2025-07-15 15:00:00,1400,1400
ORD330,2025-06-25,Shmp200,16048,2025-07-12,High,Line-6,2025-07-12 21:00:00,2025-07-12 23:00:00,1600,800
ORD330,2025-06-25,Shmp200,16048,2025-07-12,High,Line-7,2025-07-07 08:00:00,2025-07-07 15:00:00,10466,1500
ORD331,2025-06-25,Fcws100,11022,2025-07-10,High,Line-2,2025-07-10 21:00:00,2025-07-10 23:00:00,3000,1500
ORD331,2025-06-25,Lot250,26762,2025-07-10,Low,Line-1,2025-07-08 08:00:00,2025-07-08 15:00:00,8234,1200
ORD331,2025-06-25,Lot250,26762,2025-07-10,Low,Line-10,2025-07-07 12:30:00,2025-07-07 15:00:00,3750,1500
ORD331,2025-06-25,Lot250,26762,2025-07-10,Low,Line-11,2025-07-08 00:30:00,2025-07-08 07:00:00,7800,1200
ORD332,2025-06-25,Lot250,22255,2025-07-10,Medium,Line-2,2025-07-10 05:00:00,2025-07-10 07:00:00,3000,1500
ORD332,2025-06-25,Lot250,22255,2025-07-10,Medium,Line-9,2025-07-12 16:30:00,2025-07-12 23:00:00,9100,1400
ORD332,2025-06-25,Talc100,10097,2025-07-10,Medium,Line-2,2025-07-13 18:00:00,2025-07-13 23:00:00,7500,1500
ORD333,2025-06-25,Bdwa200,19171,2025-07-10,High,Line-12,2025-07-09 12:30:00,2025-07-09 15:00:00,2500,1000
ORD333,2025-06-25,Bdwa200,19171,2025-07-10,High,Line-5,2025-07-15 10:00:00,2025-07-15 15:00:00,5000,1000
ORD333,2025-06-25,Bdwa200,19171,2025-07-10,High,Line-6,2025-07-13 04:30:00,2025-07-13 07:00:00,2000,800
ORD333,2025-06-25,Hdwa250,7680,2025-07-10,High,Line-3,2025-07-11 04:30:00,2025-07-11 07:00:00,2500,1000
ORD334,2025-06-25,Cond100,26101,2025-07-10,Medium,Line-5,2025-07-17 00:30:00,2025-07-17 07:00:00,6500,1000
ORD334,2025-06-25,Cond100,26101,2025-07-10,Medium,Line-7,2025-07-09 07:00:00,2025-07-09 14:00:00,10582,1500
ORD334,2025-06-25,Cond100,26101,2025-07-10,Medium,Line-8,2025-07-12 00:00:00,2025-07-12 07:00:00,8400,1200
ORD334,2025-06-25,Talc100,83043,2025-07-10,High,Line-11,2025-07-06 17:00:00,2025-07-06 23:00:00,7200,1200
ORD334,2025-06-25,Talc100,83043,2025-07-10,High,Line-2,2025-07-11 05:00:00,2025-07-11 07:00:00,3000,1500
ORD335,2025-06-25,Fcws100,6876,2025-07-10,Low,Line-12,2025-07-08 20:30:00,2025-07-08 23:00:00,2500,1000
ORD335,2025-06-25,Lot250,25753,2025-07-10,Low,Line-10,2025-07-07 20:00:00,2025-07-07 23:00:00,4500,1500
ORD335,2025-06-25,Lot250,25753,2025-07-10,Low,Line-4,2025-07-14 04:30:00,2025-07-14 07:00:00,2000,800
ORD335,2025-06-25,Lot250,25753,2025-07-10,Low,Line-5,2025-07-16 16:00:00,2025-07-16 23:00:00,7000,1000
ORD336,2025-06-25,Cond100,12200,2025-07-10,Medium,Line-3,2025-07-11 12:30:00,2025-07-11 15:00:00,2500,1000
ORD336,2025-06-25,Cond100,12200,2025-07-10,Medium,Line-6,2025-07-14 04:00:00,2025-07-14 07:00:00,2400,800
ORD336,2025-06-25,Gel150,26973,2025-07-10,Medium,Line-10,2025-07-04 15:30:00,2025-07-04 23:00:00,11250,1500
ORD336,2025-06-25,Gel150,26973,2025-07-10,Medium,Line-11,2025-07-05 17:30:00,2025-07-05 23:00:00,6600,1200
ORD336,2025-06-25,Gel150,26973,2025-07-10,Medium,Line-4,2025-07-11 16:30:00,2025-07-11 23:00:00,5200,800
ORD337,2025-06-25,Bdwa200,6122,2025-07-10,Medium,Line-6,2025-07-13 12:00:00,2025-07-13 15:00:00,2400,800
ORD337,2025-06-25,Talc100,19514,2025-07-10,Medium,Line-7,2025-07-09 14:30:00,2025-07-09 15:00:00,750,1500
ORD337,2025-06-25,Talc100,19514,2025-07-10,Medium,Line-9,2025-07-15 07:00:00,2025-07-15 13:30:00,9420,1400
ORD338,2025-06-25,Lot250,5386,2025-07-12,Low,Line-4,2025-07-12 00:30:00,2025-07-12 07:00:00,5200,800
ORD338,2025-06-25,Shmp100,93213,2025-07-12,High,Line-1,2025-07-09 06:30:00,2025-07-09 07:00:00,600,1200
ORD338,2025-06-25,Shmp100,93213,2025-07-12,High,Line-5,2025-07-17 08:00:00,2025-07-17 15:00:00,7000,1000
ORD338,2025-06-25,Shmp100,93213,2025-07-12,High,Line-8,2025-07-12 15:00:00,2025-07-12 23:00:00,9600,1200
ORD339,2025-06-25,Bdwa200,24631,2025-07-10,Low,Line-1,2025-07-08 00:30:00,2025-07-08 07:00:00,7800,1200
ORD339,2025-06-25,Bdwa200,24631,2025-07-10,Low,Line-11,2025-07-06 09:30:00,2025-07-06 15:00:00,6600,1200
ORD339,2025-06-25,Bdwa200,24631,2025-07-10,Low,Line-5,2025-07-15 17:30:00,2025-07-15 23:00:00,5500,1000
ORD339,2025-06-25,Lot250,6503,2025-07-10,Medium,Line-12,2025-07-10 11:00:00,2025-07-10 15:00:00,4000,1000
ORD340,2025-06-25,Gel150,19544,2025-07-10,High,Line-2,2025-07-14 01:00:00,2025-07-14 07:00:00,9000,1500
ORD340,2025-06-25,Gel150,19544,2025-07-10,High,Line-8,2025-07-12 07:30:00,2025-07-12 14:30:00,8686,1200
ORD340,2025-06-25,Hdwa250,7791,2025-07-10,Low,Line-12,2025-07-09 04:00:00,2025-07-09 07:00:00,3000,1000
ORD341,2025-06-25,Cond100,41894,2025-07-12,High,Line-2,2025-07-14 08:30:00,2025-07-14 15:00:00,9750,1500
ORD341,2025-06-25,Lot250,23086,2025-07-12,Medium,Line-4,2025-07-12 15:30:00,2025-07-12 22:30:00,5432,800
ORD341,2025-06-25,Lot250,23086,2025-07-12,Medium,Line-8,2025-07-10 17:30:00,2025-07-10 23:00:00,6600,1200
ORD341,2025-06-25,Lot250,23086,2025-07-12,Medium,Line-9,2025-07-13 08:30:00,2025-07-13 15:00:00,9100,1400
ORD342,2025-06-25,Crm50,110786,2025-07-10,Medium,Line-10,2025-07-04 23:30:00,2025-07-05 07:00:00,11250,1500
ORD342,2025-06-25,Crm50,110786,2025-07-10,Medium,Line-2,2025-07-12 12:30:00,2025-07-12 15:00:00,3750,1500
ORD342,2025-06-25,Crm50,110786,2025-07-10,Medium,Line-4,2025-07-12 23:00:00,2025-07-13 07:00:00,6400,800
ORD342,2025-06-25,Hdwa250,17105,2025-07-10,High,Line-4,2025-07-14 13:00:00,2025-07-14 15:00:00,1600,800
ORD342,2025-06-25,Hdwa250,17105,2025-07-10,High,Line-7,2025-07-08 23:00:00,2025-07-09 06:30:00,11156,1500
ORD343,2025-06-25,Gel150,29141,2025-07-11,Medium,Line-12,2025-07-12 08:30:00,2025-07-12 15:00:00,6500,1000
ORD343,2025-06-25,Gel150,29141,2025-07-11,Medium,Line-2,2025-07-15 13:00:00,2025-07-15 15:00:00,3000,1500
ORD343,2025-06-25,Gel150,29141,2025-07-11,Medium,Line-8,2025-07-13 19:00:00,2025-07-13 23:00:00,4800,1200
ORD343,2025-06-25,Lot100,20432,2025-07-11,High,Line-11,2025-07-06 01:30:00,2025-07-06 07:00:00,6600,1200
ORD343,2025-06-25,Lot100,20432,2025-07-11,High,Line-2,2025-07-10 13:00:00,2025-07-10 15:00:00,3000,1500
ORD344,2025-06-25,Fcws100,22479,2025-07-11,High,Line-12,2025-07-09 20:00:00,2025-07-09 23:00:00,3000,1000
ORD344,2025-06-25,Fcws100,22479,2025-07-11,High,Line-5,2025-07-16 01:00:00,2025-07-16 07:00:00,6000,1000
ORD344,2025-06-25,Fcws100,22479,2025-07-11,High,Line-8,2025-07-11 01:00:00,2025-07-11 07:00:00,7200,1200
ORD344,2025-06-25,Lot100,24031,2025-07-11,Medium,Line-2,2025-07-15 21:30:00,2025-07-15 23:00:00,2250,1500
ORD344,2025-06-25,Lot100,24031,2025-07-11,Medium,Line-5,2025-07-18 12:00:00,2025-07-18 15:00:00,3000,1000
ORD344,2025-06-25,Lot100,24031,2025-07-11,Medium,Line-6,2025-07-14 11:30:00,2025-07-14 15:00:00,2800,800
ORD345,2025-06-25,Shmp200,135809,2025-07-11,Low,Line-10,2025-07-06 05:00:00,2025-07-06 07:00:00,3000,1500
ORD345,2025-06-25,Shmp200,135809,2025-07-11,Low,Line-7,2025-07-07 15:30:00,2025-07-07 23:00:00,11250,1500
ORD345,2025-06-25,Shmp200,135809,2025-07-11,Low,Line-9,2025-07-13 16:00:00,2025-07-13 23:00:00,9800,1400
ORD345,2025-06-25,Talc100,17212,2025-07-11,High,Line-3,2025-07-11 20:00:00,2025-07-11 23:00:00,3000,1000
ORD345,2025-06-25,Talc100,17212,2025-07-11,High,Line-9,2025-07-16 21:00:00,2025-07-16 23:00:00,2800,1400
ORD346,2025-06-25,Cond100,17048,2025-07-11,Low,Line-4,2025-07-12 07:30:00,2025-07-12 15:00:00,6000,800
ORD346,2025-06-25,Cond100,17048,2025-07-11,Low,Line-9,2025-07-13 00:30:00,2025-07-13 07:00:00,9100,1400
ORD346,2025-06-25,Hdwa250,11767,2025-07-11,Low,Line-10,2025-07-08 04:30:00,2025-07-08 07:00:00,3750,1500
ORD347,2025-06-26,Fcws100,32126,2025-07-11,High,Line-10,2025-07-08 20:00:00,2025-07-08 23:00:00,4500,1500
ORD347,2025-06-26,Fcws100,32126,2025-07-11,High,Line-11,2025-07-10 07:30:00,2025-07-10 15:00:00,9000,1200
ORD347,2025-06-26,Fcws100,32126,2025-07-11,High,Line-7,2025-07-11 20:30:00,2025-07-11 23:00:00,3750,1500
ORD347,2025-06-26,Hdwa250,9285,2025-07-11,High,Line-11,2025-07-08 08:00:00,2025-07-08 15:00:00,8400,1200
ORD348,2025-06-26,Crm50,23651,2025-07-11,Low,Line-4,2025-07-14 21:00:00,2025-07-14 23:00:00,1600,800
ORD348,2025-06-26,Crm50,23651,2025-07-11,Low,Line-5,2025-07-18 20:00:00,2025-07-18 23:00:00,3000,1000
ORD348,2025-06-26,Crm50,23651,2025-07-11,Low,Line-8,2025-07-14 03:30:00,2025-07-14 07:00:00,4200,1200
ORD348,2025-06-26,Shmp100,26296,2025-07-11,Medium,Line-5,2025-07-20 03:30:00,2025-07-20 07:00:00,3500,1000
ORD348,2025-06-26,Shmp100,26296,2025-07-11,Medium,Line-7,2025-07-12 12:30:00,2025-07-12 15:00:00,3750,1500
ORD348,2025-06-26,Shmp100,26296,2025-07-11,Medium,Line-8,2025-07-14 19:30:00,2025-07-14 23:00:00,4200,1200
ORD349,2025-06-26,Shmp200,26703,2025-07-13,Medium,Line-4,2025-07-15 05:30:00,2025-07-15 07:00:00,1200,800
ORD349,2025-06-26,Shmp200,26703,2025-07-13,Medium,Line-4,2025-07-17 05:00:00,2025-07-17 07:00:00,1600,800
ORD350,2025-06-26,Cond100,22479,2025-07-11,High,Line-10,2025-07-09 04:00:00,2025-07-09 07:00:00,4500,1500
ORD350,2025-06-26,Cond100,22479,2025-07-11,High,Line-4,2025-07-16 12:30:00,2025-07-16 15:00:00,2000,800
ORD350,2025-06-26,Cond100,22479,2025-07-11,High,Line-6,2025-07-16 16:30:00,2025-07-16 23:00:00,5200,800
ORD350,2025-06-26,Crm50,6953,2025-07-11,Low,Line-5,2025-07-19 04:30:00,2025-07-19 07:00:00,2500,1000
ORD351,2025-06-26,Fcws100,14928,2025-07-11,Medium,Line-2,2025-07-16 05:30:00,2025-07-16 07:00:00,2250,1500
ORD351,2025-06-26,Fcws100,14928,2025-07-11,Medium,Line-6,2025-07-14 19:30:00,2025-07-14 23:00:00,2800,800
ORD351,2025-06-26,Gel150,18572,2025-07-11,High,Line-3,2025-07-12 19:00:00,2025-07-12 23:00:00,4000,1000
ORD351,2025-06-26,Gel150,18572,2025-07-11,High,Line-9,2025-07-17 19:30:00,2025-07-17 23:00:00,4900,1400
ORD352,2025-06-26,Gel150,8973,2025-07-11,Low,Line-1,2025-07-10 10:30:00,2025-07-10 15:00:00,5400,1200
ORD352,2025-06-26,Hdwa250,10849,2025-07-11,High,Line-10,2025-07-09 12:00:00,2025-07-09 15:00:00,4500,1500
ORD353,2025-06-26,Bdwa200,17420,2025-07-11,Medium,Line-2,2025-07-16 12:30:00,2025-07-16 15:00:00,3750,1500
ORD353,2025-06-26,Bdwa200,17420,2025-07-11,Medium,Line-6,2025-07-15 02:30:00,2025-07-15 07:00:00,3600,800
ORD353,2025-06-26,Shmp200,21640,2025-07-11,High,Line-10,2025-07-10 10:00:00,2025-07-10 15:00:00,7500,1500
ORD353,2025-06-26,Shmp200,21640,2025-07-11,High,Line-3,2025-07-13 03:00:00,2025-07-13 07:00:00,4000,1000
ORD353,2025-06-26,Shmp200,21640,2025-07-11,High,Line-6,2025-07-17 00:30:00,2025-07-17 07:00:00,5200,800
ORD354,2025-06-26,Cond100,17546,2025-07-11,Medium,Line-1,2025-07-12 01:00:00,2025-07-12 07:00:00,7200,1200
ORD354,2025-06-26,Cond100,17546,2025-07-11,Medium,Line-10,2025-07-09 19:30:00,2025-07-09 23:00:00,5250,1500
ORD354,2025-06-26,Fcws100,18507,2025-07-11,Medium,Line-1,2025-07-11 09:00:00,2025-07-11 15:00:00,7200,1200
ORD354,2025-06-26,Fcws100,18507,2025-07-11,Medium,Line-7,2025-07-11 04:30:00,2025-07-11 07:00:00,3750,1500
ORD355,2025-06-26,Crm50,15746,2025-07-11,High,Line-4,2025-07-15 13:00:00,2025-07-15 15:00:00,1600,800
ORD355,2025-06-26,Crm50,15746,2025-07-11,High,Line-9,2025-07-17 04:30:00,2025-07-17 07:00:00,3500,1400
ORD355,2025-06-26,Hdwa250,25284,2025-07-11,Medium,Line-1,2025-07-12 08:00:00,2025-07-12 15:00:00,8400,1200
ORD355,2025-06-26,Hdwa250,25284,2025-07-11,Medium,Line-11,2025-07-10 15:30:00,2025-07-10 23:00:00,9000,1200
ORD355,2025-06-26,Hdwa250,25284,2025-07-11,Medium,Line-4,2025-07-16 20:30:00,2025-07-16 23:00:00,2000,800
ORD356,2025-06-26,Cond100,25939,2025-07-11,Medium,Line-5,2025-07-19 12:00:00,2025-07-19 15:00:00,3000,1000
ORD356,2025-06-26,Cond100,25939,2025-07-11,Medium,Line-6,2025-07-16 00:30:00,2025-07-16 07:00:00,5200,800
ORD356,2025-06-26,Cond100,25939,2025-07-11,Medium,Line-7,2025-07-11 12:00:00,2025-07-11 15:00:00,4500,1500
ORD356,2025-06-26,Gel150,15461,2025-07-11,Low,Line-1,2025-07-12 16:30:00,2025-07-12 23:00:00,7800,1200
ORD356,2025-06-26,Gel150,15461,2025-07-11,Low,Line-12,2025-07-13 16:00:00,2025-07-13 23:00:00,7000,1000
ORD357,2025-06-26,Shmp100,82506,2025-07-11,Medium,Line-11,2025-07-09 00:30:00,2025-07-09 07:00:00,7800,1200
ORD357,2025-06-26,Shmp100,82506,2025-07-11,Medium,Line-2,2025-07-17 13:00:00,2025-07-17 15:00:00,3000,1500
ORD357,2025-06-26,Shmp200,7881,2025-07-11,Medium,Line-5,2025-07-20 11:00:00,2025-07-20 15:00:00,4000,1000
ORD358,2025-06-26,Bdwa200,24315,2025-07-13,Medium,Line-6,2025-07-17 14:30:00,2025-07-17 15:00:00,400,800
ORD358,2025-06-26,Crm50,19362,2025-07-13,High,Line-2,2025-07-16 20:30:00,2025-07-16 23:00:00,3750,1500
ORD358,2025-06-26,Crm50,19362,2025-07-13,High,Line-3,2025-07-12 03:30:00,2025-07-12 07:00:00,3500,1000
ORD359,2025-06-26,Lot100,19776,2025-07-11,Low,Line-11,2025-07-11 00:00:00,2025-07-11 07:00:00,8400,1200
ORD359,2025-06-26,Lot100,19776,2025-07-11,Low,Line-7,2025-07-12 04:30:00,2025-07-12 07:00:00,3750,1500
ORD359,2025-06-26,Shmp200,5142,2025-07-11,Low,Line-6,2025-07-15 10:30:00,2025-07-15 15:00:00,3600,800
ORD360,2025-06-26,Bdwa200,13442,2025-07-11,Medium,Line-12,2025-07-13 00:30:00,2025-07-13 07:00:00,6500,1000
ORD360,2025-06-26,Bdwa200,13442,2025-07-11,Medium,Line-5,2025-07-19 20:30:00,2025-07-19 23:00:00,2500,1000
ORD360,2025-06-26,Talc100,12005,2025-07-11,Medium,Line-12,2025-07-13 23:30:00,2025-07-14 06:00:00,6669,1000
ORD360,2025-06-26,Talc100,12005,2025-07-11,Medium,Line-6,2025-07-17 07:30:00,2025-07-17 14:00:00,5336,800
ORD361,2025-06-26,Bdwa200,101590,2025-07-13,Low,Line-10,2025-07-10 17:00:00,2025-07-10 23:00:00,9000,1500
ORD361,2025-06-26,Bdwa200,101590,2025-07-13,Low,Line-12,2025-07-14 14:30:00,2025-07-14 15:00:00,500,1000
ORD361,2025-06-26,Bdwa200,101590,2025-07-13,Low,Line-5,2025-07-20 19:30:00,2025-07-20 23:00:00,3500,1000
ORD361,2025-06-26,Shmp100,23059,2025-07-13,Low,Line-1,2025-07-10 18:30:00,2025-07-10 23:00:00,5400,1200
ORD361,2025-06-26,Shmp100,23059,2025-07-13,Low,Line-10,2025-07-08 13:00:00,2025-07-08 15:00:00,3000,1500
ORD361,2025-06-26,Shmp100,23059,2025-07-13,Low,Line-6,2025-07-15 17:30:00,2025-07-15 23:00:00,4400,800
ORD362,2025-06-26,Bdwa200,10706,2025-07-11,High,Line-10,2025-07-10 02:30:00,2025-07-10 07:00:00,6750,1500
ORD362,2025-06-26,Lot100,7923,2025-07-11,Low,Line-12,2025-07-13 07:30:00,2025-07-13 15:00:00,7500,1000
ORD363,2025-06-26,Gel150,17894,2025-07-11,Low,Line-12,2025-07-14 06:30:00,2025-07-14 07:00:00,500,1000
ORD363,2025-06-26,Gel150,17894,2025-07-11,Low,Line-9,2025-07-18 03:30:00,2025-07-18 07:00:00,4900,1400
ORD363,2025-06-26,Shmp200,25067,2025-07-11,Low,Line-1,2025-07-11 01:30:00,2025-07-11 07:00:00,6600,1200
ORD363,2025-06-26,Shmp200,25067,2025-07-11,Low,Line-12,2025-07-12 17:00:00,2025-07-12 23:00:00,6000,1000
ORD363,2025-06-26,Shmp200,25067,2025-07-11,Low,Line-9,2025-07-17 12:00:00,2025-07-17 15:00:00,4200,1400
ORD364,2025-06-26,Cond100,17189,2025-07-11,High,Line-2,2025-07-18 20:00:00,2025-07-18 23:00:00,4500,1500
ORD364,2025-06-26,Cond100,17189,2025-07-11,High,Line-3,2025-07-12 11:30:00,2025-07-12 15:00:00,3500,1000
ORD364,2025-06-26,Hdwa250,27616,2025-07-11,Medium,Line-1,2025-07-11 16:30:00,2025-07-11 23:00:00,7800,1200
ORD364,2025-06-26,Hdwa250,27616,2025-07-11,Medium,Line-2,2025-07-17 04:30:00,2025-07-17 07:00:00,3750,1500
ORD364,2025-06-26,Hdwa250,27616,2025-07-11,Medium,Line-4,2025-07-15 20:30:00,2025-07-15 23:00:00,2000,800
ORD365,2025-06-26,Fcws100,9340,2025-07-12,High,Line-11,2025-07-08 16:00:00,2025-07-08 23:00:00,8400,1200
ORD365,2025-06-26,Shmp100,24203,2025-07-12,High,Line-1,2025-07-13 00:00:00,2025-07-13 07:00:00,8298,1200
ORD365,2025-06-26,Shmp100,24203,2025-07-12,High,Line-2,2025-07-19 03:30:00,2025-07-19 07:00:00,5250,1500
ORD365,2025-06-26,Shmp100,24203,2025-07-12,High,Line-6,2025-07-18 21:30:00,2025-07-18 23:00:00,1200,800
ORD366,2025-06-26,Cond100,11319,2025-07-12,High,Line-4,2025-07-18 08:00:00,2025-07-18 15:00:00,5600,800
ORD366,2025-06-26,Cond100,11319,2025-07-12,High,Line-6,2025-07-19 05:00:00,2025-07-19 07:00:00,1600,800
ORD366,2025-06-26,Crm50,19294,2025-07-12,Medium,Line-4,2025-07-16 05:00:00,2025-07-16 07:00:00,1600,800
ORD366,2025-06-26,Crm50,19294,2025-07-12,Medium,Line-6,2025-07-16 09:00:00,2025-07-16 15:00:00,4800,800
ORD366,2025-06-26,Crm50,19294,2025-07-12,Medium,Line-8,2025-07-14 12:00:00,2025-07-14 15:00:00,3600,1200
ORD367,2025-06-27,Bdwa200,21518,2025-07-12,High,Line-1,2025-07-13 07:30:00,2025-07-13 14:30:00,8607,1200
ORD367,2025-06-27,Bdwa200,21518,2025-07-12,High,Line-12,2025-07-15 20:00:00,2025-07-15 23:00:00,3000,1000
ORD367,2025-06-27,Bdwa200,21518,2025-07-12,High,Line-4,2025-07-18 15:30:00,2025-07-18 22:30:00,5739,800
ORD367,2025-06-27,Crm50,27652,2025-07-12,High,Line-12,2025-07-17 10:00:00,2025-07-17 15:00:00,5000,1000
ORD367,2025-06-27,Crm50,27652,2025-07-12,High,Line-5,2025-07-22 23:30:00,2025-07-23 07:00:00,7500,1000
ORD367,2025-06-27,Crm50,27652,2025-07-12,High,Line-7,2025-07-15 18:30:00,2025-07-15 23:00:00,6750,1500
ORD368,2025-06-27,Hdwa250,8830,2025-07-12,Low,Line-1,2025-07-15 19:00:00,2025-07-15 23:00:00,4800,1200
ORD368,2025-06-27,Lot250,9183,2025-07-12,High,Line-8,2025-07-15 03:00:00,2025-07-15 07:00:00,4800,1200
ORD369,2025-06-27,Cond100,16389,2025-07-12,High,Line-5,2025-07-23 08:00:00,2025-07-23 15:00:00,7000,1000
ORD369,2025-06-27,Cond100,16389,2025-07-12,High,Line-9,2025-07-19 12:00:00,2025-07-19 15:00:00,4200,1400
ORD370,2025-06-27,Bdwa200,24997,2025-07-12,Low,Line-10,2025-07-13 13:00:00,2025-07-13 15:00:00,3000,1500
ORD370,2025-06-27,Bdwa200,24997,2025-07-12,Low,Line-12,2025-07-17 18:30:00,2025-07-17 23:00:00,4500,1000
ORD370,2025-06-27,Bdwa200,24997,2025-07-12,Low,Line-4,2025-07-21 06:00:00,2025-07-21 07:00:00,800,800
ORD370,2025-06-27,Lot100,29146,2025-07-12,High,Line-2,2025-07-19 11:00:00,2025-07-19 15:00:00,6000,1500
ORD370,2025-06-27,Lot100,29146,2025-07-12,High,Line-7,2025-07-12 20:00:00,2025-07-12 23:00:00,4500,1500
ORD370,2025-06-27,Lot100,29146,2025-07-12,High,Line-8,2025-07-15 11:00:00,2025-07-15 15:00:00,4800,1200
ORD371,2025-06-27,Fcws100,23584,2025-07-12,Low,Line-12,2025-07-16 11:30:00,2025-07-16 15:00:00,3500,1000
ORD371,2025-06-27,Fcws100,23584,2025-07-12,Low,Line-5,2025-07-22 16:30:00,2025-07-22 23:00:00,6500,1000
ORD371,2025-06-27,Fcws100,23584,2025-07-12,Low,Line-7,2025-07-13 19:30:00,2025-07-13 23:00:00,5250,1500
ORD371,2025-06-27,Talc100,17752,2025-07-12,Low,Line-10,2025-07-14 05:00:00,2025-07-14 07:00:00,3000,1500
ORD371,2025-06-27,Talc100,17752,2025-07-12,Low,Line-3,2025-07-14 17:30:00,2025-07-14 23:00:00,5500,1000
ORD372,2025-06-27,Cond100,30213,2025-07-14,High,Line-10,2025-07-11 22:30:00,2025-07-11 23:00:00,750,1500
ORD372,2025-06-27,Cond100,30213,2025-07-14,High,Line-2,2025-07-19 18:30:00,2025-07-19 23:00:00,6750,1500
ORD372,2025-06-27,Cond100,30213,2025-07-14,High,Line-6,2025-07-19 12:30:00,2025-07-19 15:00:00,2000,800
ORD372,2025-06-27,Lot100,105553,2025-07-14,High,Line-1,2025-07-16 03:00:00,2025-07-16 07:00:00,4800,1200
ORD372,2025-06-27,Lot100,105553,2025-07-14,High,Line-11,2025-07-12 14:30:00,2025-07-12 15:00:00,600,1200
ORD372,2025-06-27,Lot100,105553,2025-07-14,High,Line-8,2025-07-16 02:30:00,2025-07-16 07:00:00,5400,1200
ORD373,2025-06-27,Lot100,10035,2025-07-12,High,Line-2,2025-07-20 17:30:00,2025-07-20 23:00:00,8250,1500
ORD373,2025-06-27,Lot250,15049,2025-07-12,High,Line-6,2025-07-19 21:00:00,2025-07-19 23:00:00,1600,800
ORD373,2025-06-27,Lot250,15049,2025-07-12,High,Line-9,2025-07-19 19:00:00,2025-07-19 23:00:00,5600,1400
ORD374,2025-06-27,Cond100,7743,2025-07-12,High,Line-11,2025-07-12 07:30:00,2025-07-12 14:00:00,7743,1200
ORD374,2025-06-27,Hdwa250,34712,2025-07-12,High,Line-1,2025-07-14 06:30:00,2025-07-14 07:00:00,600,1200
ORD375,2025-06-27,Lot100,108192,2025-07-14,Medium,Line-2,2025-07-21 16:30:00,2025-07-21 23:00:00,9750,1500
ORD375,2025-06-27,Lot100,108192,2025-07-14,Medium,Line-5,2025-07-24 14:30:00,2025-07-24 15:00:00,500,1000
ORD375,2025-06-27,Lot100,108192,2025-07-14,Medium,Line-9,2025-07-20 16:30:00,2025-07-20 23:00:00,9100,1400
ORD375,2025-06-27,Shmp200,22730,2025-07-14,Medium,Line-7,2025-07-13 03:30:00,2025-07-13 07:00:00,5250,1500
ORD375,2025-06-27,Shmp200,22730,2025-07-14,Medium,Line-9,2025-07-18 11:30:00,2025-07-18 15:00:00,4900,1400
ORD376,2025-06-27,Crm50,10626,2025-07-12,Medium,Line-10,2025-07-12 21:30:00,2025-07-12 23:00:00,2250,1500
ORD376,2025-06-27,Shmp200,22447,2025-07-12,Medium,Line-1,2025-07-15 12:00:00,2025-07-15 15:00:00,3600,1200
ORD376,2025-06-27,Shmp200,22447,2025-07-12,Medium,Line-6,2025-07-20 04:30:00,2025-07-20 07:00:00,2000,800
ORD376,2025-06-27,Shmp200,22447,2025-07-12,Medium,Line-9,2025-07-20 02:30:00,2025-07-20 07:00:00,6300,1400
ORD377,2025-06-27,Fcws100,47333,2025-07-12,Low,Line-7,2025-07-14 10:30:00,2025-07-14 15:00:00,6750,1500
ORD377,2025-06-27,Shmp100,11458,2025-07-12,High,Line-2,2025-07-21 00:30:00,2025-07-21 07:00:00,9750,1500
ORD378,2025-06-27,Lot100,19670,2025-07-12,High,Line-10,2025-07-12 07:00:00,2025-07-12 13:30:00,9835,1500
ORD378,2025-06-27,Lot100,19670,2025-07-12,High,Line-2,2025-07-20 03:00:00,2025-07-20 07:00:00,6000,1500
ORD378,2025-06-27,Shmp200,21947,2025-07-12,Medium,Line-2,2025-07-21 08:30:00,2025-07-21 15:00:00,9750,1500
ORD378,2025-06-27,Shmp200,21947,2025-07-12,Medium,Line-7,2025-07-16 03:00:00,2025-07-16 07:00:00,6000,1500
ORD379,2025-06-27,Cond100,5138,2025-07-12,High,Line-4,2025-07-21 14:00:00,2025-07-21 15:00:00,800,800
ORD379,2025-06-27,Talc100,26313,2025-07-12,Low,Line-1,2025-07-13 15:00:00,2025-07-13 22:00:00,8533,1200
ORD379,2025-06-27,Talc100,26313,2025-07-12,Low,Line-2,2025-07-20 10:00:00,2025-07-20 15:00:00,7500,1500
ORD379,2025-06-27,Talc100,26313,2025-07-12,Low,Line-5,2025-07-22 01:00:00,2025-07-22 07:00:00,6000,1000
ORD380,2025-06-27,Bdwa200,19854,2025-07-12,Low,Line-8,2025-07-15 18:30:00,2025-07-15 23:00:00,5400,1200
ORD380,2025-06-27,Bdwa200,19854,2025-07-12,Low,Line-9,2025-07-18 20:00:00,2025-07-18 23:00:00,4200,1400
ORD380,2025-06-27,Hdwa250,7360,2025-07-12,Low,Line-5,2025-07-24 06:30:00,2025-07-24 07:00:00,500,1000
ORD381,2025-06-27,Fcws100,103641,2025-07-14,High,Line-2,2025-07-22 20:30:00,2025-07-22 23:00:00,3750,1500
ORD381,2025-06-27,Fcws100,103641,2025-07-14,High,Line-3,2025-07-15 01:00:00,2025-07-15 07:00:00,6000,1000
ORD381,2025-06-27,Fcws100,103641,2025-07-14,High,Line-7,2025-07-16 11:00:00,2025-07-16 15:00:00,6000,1500
ORD381,2025-06-27,Shmp200,24834,2025-07-14,Low,Line-10,2025-07-13 05:00:00,2025-07-13 07:00:00,3000,1500
ORD381,2025-06-27,Shmp200,24834,2025-07-14,Low,Line-3,2025-07-13 18:00:00,2025-07-13 23:00:00,5000,1000
ORD381,2025-06-27,Shmp200,24834,2025-07-14,Low,Line-4,2025-07-19 07:00:00,2025-07-19 14:30:00,6020,800
ORD382,2025-06-27,Cond100,21428,2025-07-12,Low,Line-11,2025-07-12 00:00:00,2025-07-12 07:00:00,8400,1200
ORD382,2025-06-27,Cond100,21428,2025-07-12,Low,Line-5,2025-07-23 16:00:00,2025-07-23 23:00:00,7000,1000
ORD382,2025-06-27,Cond100,21428,2025-07-12,Low,Line-6,2025-07-20 11:30:00,2025-07-20 15:00:00,2800,800
ORD382,2025-06-27,Fcws100,20583,2025-07-12,Low,Line-10,2025-07-12 14:00:00,2025-07-12 15:00:00,1500,1500
ORD382,2025-06-27,Fcws100,20583,2025-07-12,Low,Line-7,2025-07-13 12:00:00,2025-07-13 15:00:00,4500,1500
ORD383,2025-06-27,Cond100,11688,2025-07-12,High,Line-12,2025-07-18 02:30:00,2025-07-18 07:00:00,4500,1000
ORD383,2025-06-27,Cond100,11688,2025-07-12,High,Line-6,2025-07-20 19:00:00,2025-07-20 23:00:00,3200,800
ORD383,2025-06-27,Lot250,17416,2025-07-12,Medium,Line-4,2025-07-19 15:00:00,2025-07-19 22:30:00,6058,800
ORD383,2025-06-27,Lot250,17416,2025-07-12,Medium,Line-7,2025-07-14 02:30:00,2025-07-14 07:00:00,6750,1500
ORD384,2025-06-27,Cond100,22687,2025-07-12,High,Line-12,2025-07-18 09:30:00,2025-07-18 15:00:00,5500,1000
ORD384,2025-06-27,Cond100,22687,2025-07-12,High,Line-5,2025-07-23 23:30:00,2025-07-24 06:00:00,6672,1000
ORD384,2025-06-27,Cond100,22687,2025-07-12,High,Line-9,2025-07-20 09:30:00,2025-07-20 15:00:00,7700,1400
ORD384,2025-06-27,Shmp100,24551,2025-07-12,Medium,Line-4,2025-07-19 23:00:00,2025-07-20 07:00:00,6400,800
ORD385,2025-06-27,Fcws100,11577,2025-07-12,Low,Line-10,2025-07-13 21:00:00,2025-07-13 23:00:00,3000,1500
ORD385,2025-06-27,Lot100,14561,2025-07-12,Medium,Line-11,2025-07-11 08:00:00,2025-07-11 15:00:00,8400,1200
ORD385,2025-06-27,Lot100,14561,2025-07-12,Medium,Line-4,2025-07-18 23:00:00,2025-07-19 06:30:00,5825,800
ORD386,2025-06-27,Lot250,22259,2025-07-13,High,Line-1,2025-07-17 09:00:00,2025-07-17 15:00:00,7200,1200
ORD386,2025-06-27,Lot250,22259,2025-07-13,High,Line-11,2025-07-13 20:30:00,2025-07-13 23:00:00,3000,1200
ORD386,2025-06-27,Lot250,22259,2025-07-13,High,Line-6,2025-07-21 02:00:00,2025-07-21 07:00:00,4000,800
ORD386,2025-06-27,Talc100,14495,2025-07-13,Low,Line-12,2025-07-16 18:30:00,2025-07-16 23:00:00,4500,1000
ORD386,2025-06-27,Talc100,14495,2025-07-13,Low,Line-3,2025-07-14 02:00:00,2025-07-14 07:00:00,5000,1000
ORD387,2025-06-27,Gel150,7097,2025-07-13,High,Line-3,2025-07-16 03:30:00,2025-07-16 07:00:00,3500,1000
ORD387,2025-06-27,Talc100,17569,2025-07-13,Medium,Line-12,2025-07-16 03:30:00,2025-07-16 07:00:00,3500,1000
ORD387,2025-06-27,Talc100,17569,2025-07-13,Medium,Line-9,2025-07-19 04:00:00,2025-07-19 07:00:00,4200,1400
ORD388,2025-06-27,Crm50,24428,2025-07-15,High,Line-11,2025-07-11 16:00:00,2025-07-11 23:00:00,8400,1200
ORD388,2025-06-27,Crm50,24428,2025-07-15,High,Line-12,2025-07-17 02:00:00,2025-07-17 07:00:00,5000,1000
ORD388,2025-06-27,Crm50,24428,2025-07-15,High,Line-3,2025-07-14 09:30:00,2025-07-14 15:00:00,5500,1000
ORD388,2025-06-27,Fcws100,72631,2025-07-15,High,Line-3,2025-07-16 11:00:00,2025-07-16 15:00:00,4000,1000
ORD388,2025-06-27,Fcws100,72631,2025-07-15,High,Line-9,2025-07-21 20:30:00,2025-07-21 23:00:00,3500,1400
ORD389,2025-06-27,Hdwa250,24508,2025-07-13,Medium,Line-1,2025-07-13 22:30:00,2025-07-13 23:00:00,600,1200
ORD389,2025-06-27,Hdwa250,24508,2025-07-13,Medium,Line-3,2025-07-13 10:00:00,2025-07-13 15:00:00,5000,1000
ORD389,2025-06-27,Hdwa250,24508,2025-07-13,Medium,Line-5,2025-07-22 08:30:00,2025-07-22 15:00:00,6500,1000
ORD389,2025-06-27,Lot100,20301,2025-07-13,Medium,Line-10,2025-07-14 12:30:00,2025-07-14 15:00:00,3750,1500
ORD389,2025-06-27,Lot100,20301,2025-07-13,Medium,Line-8,2025-07-17 08:30:00,2025-07-17 15:00:00,7800,1200
ORD390,2025-06-28,Bdwa200,24239,2025-07-13,Low,Line-10,2025-07-16 02:30:00,2025-07-16 07:00:00,6750,1500
ORD390,2025-06-28,Bdwa200,24239,2025-07-13,Low,Line-4,2025-07-23 04:30:00,2025-07-23 07:00:00,2000,800
ORD390,2025-06-28,Bdwa200,24239,2025-07-13,Low,Line-9,2025-07-25 02:00:00,2025-07-25 07:00:00,7000,1400
ORD390,2025-06-28,Hdwa250,25456,2025-07-13,Medium,Line-12,2025-07-18 16:30:00,2025-07-18 23:00:00,6500,1000
ORD390,2025-06-28,Hdwa250,25456,2025-07-13,Medium,Line-5,2025-07-25 18:30:00,2025-07-25 23:00:00,4500,1000
ORD390,2025-06-28,Hdwa250,25456,2025-07-13,Medium,Line-9,2025-07-23 03:30:00,2025-07-23 07:00:00,4900,1400
ORD391,2025-06-28,Shmp100,24467,2025-07-13,High,Line-1,2025-07-18 15:00:00,2025-07-18 22:00:00,8388,1200
ORD391,2025-06-28,Shmp100,24467,2025-07-13,High,Line-4,2025-07-23 19:30:00,2025-07-23 23:00:00,2800,800
ORD391,2025-06-28,Shmp100,24467,2025-07-13,High,Line-7,2025-07-18 20:30:00,2025-07-18 23:00:00,3750,1500
ORD391,2025-06-28,Shmp200,13802,2025-07-13,Medium,Line-4,2025-07-22 21:00:00,2025-07-22 23:00:00,1600,800
ORD391,2025-06-28,Shmp200,13802,2025-07-13,Medium,Line-8,2025-07-18 16:00:00,2025-07-18 23:00:00,8282,1200
ORD392,2025-06-28,Bdwa200,7201,2025-07-13,High,Line-3,2025-07-19 03:00:00,2025-07-19 07:00:00,4000,1000
ORD392,2025-06-28,Lot100,27516,2025-07-13,Medium,Line-10,2025-07-14 20:30:00,2025-07-14 23:00:00,3750,1500
ORD392,2025-06-28,Lot100,27516,2025-07-13,Medium,Line-7,2025-07-17 13:30:00,2025-07-17 15:00:00,2250,1500
ORD392,2025-06-28,Lot100,27516,2025-07-13,Medium,Line-8,2025-07-17 16:30:00,2025-07-17 23:00:00,7800,1200
ORD393,2025-06-28,Fcws100,23085,2025-07-13,Medium,Line-2,2025-07-23 23:00:00,2025-07-24 06:00:00,10501,1500
ORD393,2025-06-28,Fcws100,23085,2025-07-13,Medium,Line-5,2025-07-26 02:30:00,2025-07-26 07:00:00,4500,1000
ORD393,2025-06-28,Fcws100,23085,2025-07-13,Medium,Line-6,2025-07-23 06:30:00,2025-07-23 07:00:00,400,800
ORD394,2025-06-28,Bdwa200,6539,2025-07-13,Low,Line-5,2025-07-26 10:00:00,2025-07-26 15:00:00,5000,1000
ORD394,2025-06-28,Cond100,29368,2025-07-13,High,Line-11,2025-07-14 19:00:00,2025-07-14 23:00:00,4800,1200
ORD394,2025-06-28,Cond100,29368,2025-07-13,High,Line-2,2025-07-24 15:00:00,2025-07-24 23:00:00,11907,1500
ORD394,2025-06-28,Cond100,29368,2025-07-13,High,Line-5,2025-07-28 07:00:00,2025-07-28 15:00:00,7937,1000
ORD395,2025-06-28,Hdwa250,30727,2025-07-13,Low,Line-8,2025-07-19 07:00:00,2025-07-19 15:00:00,9600,1200
ORD395,2025-06-28,Lot100,16692,2025-07-13,Medium,Line-10,2025-07-16 16:30:00,2025-07-16 23:00:00,9750,1500
ORD395,2025-06-28,Lot100,16692,2025-07-13,Medium,Line-5,2025-07-28 23:30:00,2025-07-29 06:00:00,6677,1000
ORD396,2025-06-28,Lot100,40533,2025-07-13,Low,Line-1,2025-07-18 00:30:00,2025-07-18 07:00:00,7800,1200
ORD396,2025-06-28,Lot100,40533,2025-07-13,Low,Line-11,2025-07-15 03:30:00,2025-07-15 07:00:00,4200,1200
ORD396,2025-06-28,Lot100,40533,2025-07-13,Low,Line-12,2025-07-19 00:30:00,2025-07-19 07:00:00,6500,1000
ORD396,2025-06-28,Lot100,40533,2025-07-13,Low,Line-4,2025-07-21 21:00:00,2025-07-21 23:00:00,1600,800
ORD396,2025-06-28,Lot100,40533,2025-07-13,Low,Line-8,2025-07-17 23:30:00,2025-07-18 07:00:00,9000,1200
ORD397,2025-06-28,Bdwa200,21255,2025-07-13,High,Line-10,2025-07-16 23:30:00,2025-07-17 07:00:00,11250,1500
ORD397,2025-06-28,Bdwa200,21255,2025-07-13,High,Line-9,2025-07-24 11:30:00,2025-07-24 15:00:00,4900,1400
ORD398,2025-06-28,Cond100,5184,2025-07-13,Low,Line-6,2025-07-22 23:30:00,2025-07-23 06:00:00,5184,800
ORD398,2025-06-28,Shmp200,15893,2025-07-13,Medium,Line-4,2025-07-22 05:30:00,2025-07-22 07:00:00,1200,800
ORD398,2025-06-28,Shmp200,15893,2025-07-13,Medium,Line-7,2025-07-17 20:30:00,2025-07-17 23:00:00,3750,1500
ORD399,2025-06-28,Lot100,9227,2025-07-13,High,Line-9,2025-07-24 19:00:00,2025-07-24 23:00:00,5600,1400
ORD399,2025-06-28,Talc100,11554,2025-07-13,High,Line-7,2025-07-18 12:30:00,2025-07-18 15:00:00,3750,1500
ORD400,2025-06-28,Bdwa200,23962,2025-07-13,Low,Line-2,2025-07-24 23:30:00,2025-07-25 07:00:00,10891,1500
ORD400,2025-06-28,Bdwa200,23962,2025-07-13,Low,Line-3,2025-07-19 10:30:00,2025-07-19 15:00:00,4500,1000
ORD400,2025-06-28,Bdwa200,23962,2025-07-13,Low,Line-4,2025-07-23 11:30:00,2025-07-23 15:00:00,2800,800
ORD400,2025-06-28,Hdwa250,26042,2025-07-13,Low,Line-10,2025-07-15 03:30:00,2025-07-15 07:00:00,5250,1500
ORD400,2025-06-28,Hdwa250,26042,2025-07-13,Low,Line-4,2025-07-22 13:00:00,2025-07-22 15:00:00,1600,800
ORD400,2025-06-28,Hdwa250,26042,2025-07-13,Low,Line-8,2025-07-18 08:00:00,2025-07-18 15:00:00,8400,1200
ORD401,2025-06-28,Gel150,21022,2025-07-13,Low,Line-1,2025-07-18 22:30:00,2025-07-18 23:00:00,600,1200
ORD401,2025-06-28,Gel150,21022,2025-07-13,Low,Line-10,2025-07-17 07:30:00,2025-07-17 15:00:00,11250,1500
ORD401,2025-06-28,Lot100,19523,2025-07-13,Medium,Line-2,2025-07-24 06:30:00,2025-07-24 07:00:00,750,1500
ORD401,2025-06-28,Lot100,19523,2025-07-13,Medium,Line-3,2025-07-18 10:00:00,2025-07-18 15:00:00,5000,1000
ORD402,2025-06-28,Bdwa200,17513,2025-07-13,Low,Line-1,2025-07-18 08:00:00,2025-07-18 14:30:00,7783,1200
ORD402,2025-06-28,Bdwa200,17513,2025-07-13,Low,Line-10,2025-07-16 09:30:00,2025-07-16 15:00:00,8250,1500
ORD402,2025-06-28,Crm50,17517,2025-07-13,High,Line-6,2025-07-21 09:30:00,2025-07-21 15:00:00,4400,800
ORD402,2025-06-28,Crm50,17517,2025-07-13,High,Line-9,2025-07-23 11:30:00,2025-07-23 15:00:00,4900,1400
ORD403,2025-06-28,Gel150,23646,2025-07-13,Medium,Line-4,2025-07-24 03:00:00,2025-07-24 07:00:00,3200,800
ORD403,2025-06-28,Gel150,23646,2025-07-13,Medium,Line-7,2025-07-19 04:00:00,2025-07-19 07:00:00,4500,1500
ORD403,2025-06-28,Gel150,23646,2025-07-13,Medium,Line-8,2025-07-20 16:00:00,2025-07-20 23:00:00,8107,1200
ORD403,2025-06-28,Shmp200,7820,2025-07-13,Low,Line-3,2025-07-17 18:00:00,2025-07-17 23:00:00,5000,1000
ORD404,2025-06-28,Hdwa250,17356,2025-07-15,Medium,Line-3,2025-07-18 02:30:00,2025-07-18 07:00:00,4500,1000
ORD404,2025-06-28,Hdwa250,17356,2025-07-15,Medium,Line-9,2025-07-23 20:00:00,2025-07-23 23:00:00,4200,1400
ORD404,2025-06-28,Shmp100,129234,2025-07-15,High,Line-2,2025-07-25 07:30:00,2025-07-25 15:00:00,11250,1500
ORD404,2025-06-28,Shmp100,129234,2025-07-15,High,Line-7,2025-07-19 11:30:00,2025-07-19 15:00:00,5250,1500
ORD404,2025-06-28,Shmp100,129234,2025-07-15,High,Line-8,2025-07-20 23:30:00,2025-07-21 07:00:00,9000,1200
ORD405,2025-06-28,Bdwa200,17809,2025-07-13,High,Line-5,2025-07-28 15:30:00,2025-07-28 23:00:00,7420,1000
ORD405,2025-06-28,Bdwa200,17809,2025-07-13,High,Line-9,2025-07-25 09:00:00,2025-07-25 15:00:00,8400,1400
ORD405,2025-06-28,Lot100,27876,2025-07-13,High,Line-3,2025-07-18 18:30:00,2025-07-18 23:00:00,4500,1000
ORD405,2025-06-28,Lot100,27876,2025-07-13,High,Line-5,2025-07-26 17:00:00,2025-07-26 23:00:00,6000,1000
ORD405,2025-06-28,Lot100,27876,2025-07-13,High,Line-7,2025-07-18 04:00:00,2025-07-18 07:00:00,4500,1500
ORD406,2025-06-28,Crm50,22526,2025-07-13,Medium,Line-11,2025-07-15 11:00:00,2025-07-15 15:00:00,4800,1200
ORD406,2025-06-28,Crm50,22526,2025-07-13,Medium,Line-3,2025-07-19 18:30:00,2025-07-19 23:00:00,4500,1000
ORD406,2025-06-28,Crm50,22526,2025-07-13,Medium,Line-4,2025-07-24 10:30:00,2025-07-24 15:00:00,3600,800
ORD406,2025-06-28,Lot100,30885,2025-07-13,High,Line-1,2025-07-17 16:30:00,2025-07-17 23:00:00,7800,1200
ORD406,2025-06-28,Lot100,30885,2025-07-13,High,Line-10,2025-07-15 11:30:00,2025-07-15 15:00:00,5250,1500
ORD406,2025-06-28,Lot100,30885,2025-07-13,High,Line-9,2025-07-24 03:30:00,2025-07-24 07:00:00,4900,1400
ORD407,2025-06-28,Bdwa200,17155,2025-07-13,High,Line-8,2025-07-20 09:00:00,2025-07-20 15:00:00,7200,1200
ORD407,2025-06-28,Bdwa200,17155,2025-07-13,High,Line-9,2025-07-25 17:00:00,2025-07-25 23:00:00,8400,1400
ORD407,2025-06-28,Shmp100,17805,2025-07-13,Low,Line-10,2025-07-15 19:30:00,2025-07-15 23:00:00,5250,1500
ORD407,2025-06-28,Shmp100,17805,2025-07-13,Low,Line-11,2025-07-14 04:00:00,2025-07-14 07:00:00,3600,1200
ORD408,2025-06-28,Bdwa200,9181,2025-07-14,Medium,Line-11,2025-07-14 11:00:00,2025-07-14 15:00:00,4800,1200
ORD408,2025-06-28,Talc100,8619,2025-07-14,Low,Line-8,2025-07-22 07:00:00,2025-07-22 14:00:00,8619,1200
ORD409,2025-06-28,Cond100,18133,2025-07-14,Medium,Line-4,2025-07-24 18:30:00,2025-07-24 23:00:00,3600,800
ORD409,2025-06-28,Cond100,18133,2025-07-14,Medium,Line-7,2025-07-20 19:00:00,2025-07-20 23:00:00,6000,1500
ORD409,2025-06-28,Lot250,8450,2025-07-14,Low,Line-8,2025-07-18 23:30:00,2025-07-19 06:30:00,8450,1200
ORD410,2025-06-28,Hdwa250,81446,2025-07-14,High,Line-12,2025-07-19 09:00:00,2025-07-19 15:00:00,6000,1000
ORD410,2025-06-28,Hdwa250,81446,2025-07-14,High,Line-5,2025-07-27 01:30:00,2025-07-27 07:00:00,5500,1000
ORD410,2025-06-28,Hdwa250,81446,2025-07-14,High,Line-6,2025-07-21 18:00:00,2025-07-21 23:00:00,4000,800
ORD410,2025-06-28,Lot100,7161,2025-07-14,High,Line-5,2025-07-29 06:30:00,2025-07-29 07:00:00,500,1000
ORD411,2025-06-29,Bdwa200,14246,2025-07-14,Low,Line-11,2025-07-17 01:00:00,2025-07-17 07:00:00,7200,1200
ORD411,2025-06-29,Bdwa200,14246,2025-07-14,Low,Line-12,2025-07-23 08:00:00,2025-07-23 14:30:00,6475,1000
ORD411,2025-06-29,Gel150,17999,2025-07-14,High,Line-10,2025-07-17 16:00:00,2025-07-17 23:00:00,10500,1500
ORD411,2025-06-29,Gel150,17999,2025-07-14,High,Line-12,2025-07-20 14:30:00,2025-07-20 15:00:00,500,1000
ORD412,2025-06-29,Lot100,23872,2025-07-14,High,Line-1,2025-07-20 05:30:00,2025-07-20 07:00:00,1800,1200
ORD412,2025-06-29,Lot100,23872,2025-07-14,High,Line-3,2025-07-21 01:00:00,2025-07-21 07:00:00,6000,1000
ORD412,2025-06-29,Lot100,23872,2025-07-14,High,Line-5,2025-07-31 13:30:00,2025-07-31 15:00:00,1500,1000
ORD412,2025-06-29,Lot250,15367,2025-07-14,Medium,Line-6,2025-07-23 14:00:00,2025-07-23 15:00:00,800,800
ORD412,2025-06-29,Lot250,15367,2025-07-14,Medium,Line-8,2025-07-23 06:00:00,2025-07-23 07:00:00,1200,1200
ORD413,2025-06-29,Lot100,9803,2025-07-14,High,Line-2,2025-07-27 13:00:00,2025-07-27 15:00:00,3000,1500
ORD413,2025-06-29,Shmp200,81910,2025-07-14,High,Line-12,2025-07-22 04:00:00,2025-07-22 07:00:00,3000,1000
ORD413,2025-06-29,Shmp200,81910,2025-07-14,High,Line-6,2025-07-23 22:00:00,2025-07-23 23:00:00,800,800
ORD413,2025-06-29,Shmp200,81910,2025-07-14,High,Line-8,2025-07-24 05:00:00,2025-07-24 07:00:00,2400,1200
ORD414,2025-06-29,Gel150,20318,2025-07-14,High,Line-1,2025-07-20 13:30:00,2025-07-20 15:00:00,1800,1200
ORD414,2025-06-29,Gel150,20318,2025-07-14,High,Line-10,2025-07-19 07:30:00,2025-07-19 15:00:00,11250,1500
ORD414,2025-06-29,Lot250,9681,2025-07-14,High,Line-7,2025-07-21 03:30:00,2025-07-21 07:00:00,5250,1500
ORD415,2025-06-29,Cond100,29229,2025-07-14,Medium,Line-1,2025-07-19 07:00:00,2025-07-19 14:30:00,8995,1200
ORD415,2025-06-29,Cond100,29229,2025-07-14,Medium,Line-7,2025-07-21 10:30:00,2025-07-21 15:00:00,6750,1500
ORD415,2025-06-29,Cond100,29229,2025-07-14,Medium,Line-8,2025-07-22 14:30:00,2025-07-22 15:00:00,600,1200
ORD415,2025-06-29,Fcws100,21227,2025-07-14,Low,Line-3,2025-07-21 09:00:00,2025-07-21 15:00:00,6000,1000
ORD415,2025-06-29,Fcws100,21227,2025-07-14,Low,Line-4,2025-07-26 21:30:00,2025-07-26 23:00:00,1200,800
ORD415,2025-06-29,Fcws100,21227,2025-07-14,Low,Line-5,2025-07-31 21:30:00,2025-07-31 23:00:00,1500,1000
ORD416,2025-06-29,Bdwa200,7475,2025-07-14,Low,Line-5,2025-07-29 14:00:00,2025-07-29 15:00:00,1000,1000
ORD416,2025-06-29,Crm50,27635,2025-07-14,Low,Line-2,2025-07-27 20:00:00,2025-07-27 23:00:00,4500,1500
ORD416,2025-06-29,Crm50,27635,2025-07-14,Low,Line-3,2025-07-21 17:00:00,2025-07-21 23:00:00,6000,1000
ORD416,2025-06-29,Crm50,27635,2025-07-14,Low,Line-9,2025-07-26 08:30:00,2025-07-26 15:00:00,9100,1400
ORD417,2025-06-29,Lot250,7764,2025-07-14,Low,Line-11,2025-07-15 19:00:00,2025-07-15 23:00:00,4800,1200
ORD417,2025-06-29,Talc100,14970,2025-07-14,Low,Line-12,2025-07-23 15:00:00,2025-07-23 22:30:00,7485,1000
ORD417,2025-06-29,Talc100,14970,2025-07-14,Low,Line-3,2025-07-22 00:30:00,2025-07-22 07:00:00,6500,1000
ORD418,2025-06-29,Hdwa250,27836,2025-07-14,High,Line-1,2025-07-20 21:30:00,2025-07-20 23:00:00,1800,1200
ORD418,2025-06-29,Hdwa250,27836,2025-07-14,High,Line-10,2025-07-19 15:30:00,2025-07-19 22:30:00,10706,1500
ORD418,2025-06-29,Hdwa250,27836,2025-07-14,High,Line-11,2025-07-17 23:30:00,2025-07-18 06:30:00,8564,1200
ORD418,2025-06-29,Lot100,13325,2025-07-14,Medium,Line-11,2025-07-16 02:00:00,2025-07-16 07:00:00,6000,1200
ORD418,2025-06-29,Lot100,13325,2025-07-14,Medium,Line-4,2025-07-25 03:00:00,2025-07-25 07:00:00,3200,800
ORD419,2025-06-29,Crm50,34934,2025-07-14,Medium,Line-11,2025-07-17 08:00:00,2025-07-17 15:00:00,8193,1200
ORD419,2025-06-29,Crm50,34934,2025-07-14,Medium,Line-2,2025-07-28 03:30:00,2025-07-28 07:00:00,5250,1500
ORD419,2025-06-29,Crm50,34934,2025-07-14,Medium,Line-4,2025-07-27 05:30:00,2025-07-27 07:00:00,1200,800
ORD419,2025-06-29,Crm50,34934,2025-07-14,Medium,Line-9,2025-07-26 00:00:00,2025-07-26 07:00:00,9800,1400
ORD420,2025-06-29,Fcws100,22136,2025-07-14,Medium,Line-5,2025-08-01 05:30:00,2025-08-01 07:00:00,1500,1000
ORD420,2025-06-29,Fcws100,22136,2025-07-14,Medium,Line-6,2025-07-25 02:00:00,2025-07-25 07:00:00,4000,800
ORD420,2025-06-29,Fcws100,22136,2025-07-14,Medium,Line-7,2025-07-23 06:30:00,2025-07-23 07:00:00,750,1500
ORD420,2025-06-29,Shmp200,31309,2025-07-14,Low,Line-5,2025-07-30 05:30:00,2025-07-30 07:00:00,1500,1000
ORD421,2025-06-29,Fcws100,6653,2025-07-14,High,Line-12,2025-07-20 22:00:00,2025-07-20 23:00:00,1000,1000
ORD421,2025-06-29,Lot100,18361,2025-07-14,High,Line-3,2025-07-22 08:30:00,2025-07-22 15:00:00,6500,1000
ORD421,2025-06-29,Lot100,18361,2025-07-14,High,Line-4,2025-07-27 13:00:00,2025-07-27 15:00:00,1600,800
ORD421,2025-06-29,Lot100,18361,2025-07-14,High,Line-5,2025-08-01 12:30:00,2025-08-01 15:00:00,2500,1000
ORD422,2025-06-29,Hdwa250,15764,2025-07-14,Medium,Line-11,2025-07-16 09:00:00,2025-07-16 15:00:00,7200,1200
ORD422,2025-06-29,Hdwa250,15764,2025-07-14,Medium,Line-12,2025-07-21 05:00:00,2025-07-21 07:00:00,2000,1000
ORD422,2025-06-29,Lot100,23112,2025-07-14,Medium,Line-11,2025-07-17 15:30:00,2025-07-17 23:00:00,9000,1200
ORD422,2025-06-29,Lot100,23112,2025-07-14,Medium,Line-3,2025-07-22 15:30:00,2025-07-22 23:00:00,7500,1000
ORD422,2025-06-29,Lot100,23112,2025-07-14,Medium,Line-4,2025-07-27 20:00:00,2025-07-27 23:00:00,2400,800
ORD423,2025-06-29,Gel150,28322,2025-07-15,Low,Line-10,2025-07-19 23:00:00,2025-07-20 06:00:00,10622,1500
ORD423,2025-06-29,Gel150,28322,2025-07-15,Low,Line-12,2025-07-23 23:00:00,2025-07-24 06:00:00,7080,1000
ORD423,2025-06-29,Gel150,28322,2025-07-15,Low,Line-2,2025-07-28 11:00:00,2025-07-28 15:00:00,6000,1500
ORD423,2025-06-29,Shmp200,15124,2025-07-15,Low,Line-12,2025-07-21 20:30:00,2025-07-21 23:00:00,2500,1000
ORD423,2025-06-29,Shmp200,15124,2025-07-15,Low,Line-8,2025-07-23 14:00:00,2025-07-23 15:00:00,1200,1200
ORD424,2025-06-29,Crm50,21138,2025-07-15,Medium,Line-4,2025-07-25 18:30:00,2025-07-25 23:00:00,3600,800
ORD424,2025-06-29,Shmp100,17595,2025-07-15,High,Line-11,2025-07-18 07:00:00,2025-07-18 15:00:00,9597,1200
ORD424,2025-06-29,Shmp100,17595,2025-07-15,High,Line-3,2025-07-22 23:30:00,2025-07-23 07:00:00,7500,1000
ORD425,2025-06-29,Cond100,26378,2025-07-15,Low,Line-1,2025-07-19 15:00:00,2025-07-19 22:00:00,8117,1200
ORD425,2025-06-29,Cond100,26378,2025-07-15,Low,Line-2,2025-07-26 15:00:00,2025-07-26 22:00:00,10145,1500
ORD425,2025-06-29,Cond100,26378,2025-07-15,Low,Line-8,2025-07-22 22:30:00,2025-07-22 23:00:00,600,1200
ORD425,2025-06-29,Talc100,10187,2025-07-15,Medium,Line-9,2025-07-26 16:00:00,2025-07-26 23:00:00,9800,1400
ORD426,2025-06-29,Crm50,11853,2025-07-15,High,Line-2,2025-07-28 18:30:00,2025-07-28 23:00:00,6750,1500
ORD426,2025-06-29,Fcws100,6468,2025-07-15,Low,Line-3,2025-07-20 18:00:00,2025-07-20 23:00:00,5000,1000
ORD427,2025-06-29,Shmp200,36340,2025-07-15,Medium,Line-10,2025-07-17 23:30:00,2025-07-18 07:00:00,11250,1500
ORD427,2025-06-29,Shmp200,36340,2025-07-15,Medium,Line-11,2025-07-18 15:30:00,2025-07-18 23:00:00,9000,1200
ORD427,2025-06-29,Shmp200,36340,2025-07-15,Medium,Line-12,2025-07-24 14:00:00,2025-07-24 15:00:00,1000,1000
ORD427,2025-06-29,Shmp200,36340,2025-07-15,Medium,Line-3,2025-07-20 02:30:00,2025-07-20 07:00:00,4500,1000
ORD428,2025-06-29,Lot100,27590,2025-07-17,Low,Line-10,2025-07-18 07:30:00,2025-07-18 14:30:00,10347,1500
ORD428,2025-06-29,Lot100,27590,2025-07-17,Low,Line-2,2025-07-26 22:30:00,2025-07-26 23:00:00,750,1500
ORD428,2025-06-29,Lot100,27590,2025-07-17,Low,Line-3,2025-07-20 10:30:00,2025-07-20 15:00:00,4500,1000
ORD428,2025-06-29,Shmp100,81419,2025-07-17,Medium,Line-10,2025-07-20 14:00:00,2025-07-20 15:00:00,1500,1500
ORD428,2025-06-29,Shmp100,81419,2025-07-17,Medium,Line-7,2025-07-23 21:30:00,2025-07-23 23:00:00,2250,1500
ORD429,2025-06-29,Hdwa250,15092,2025-07-15,Medium,Line-5,2025-07-29 22:00:00,2025-07-29 23:00:00,1000,1000
ORD429,2025-06-29,Hdwa250,15092,2025-07-15,Medium,Line-8,2025-07-23 21:30:00,2025-07-23 23:00:00,1800,1200
ORD429,2025-06-29,Shmp100,17143,2025-07-15,Low,Line-6,2025-07-25 09:00:00,2025-07-25 15:00:00,4800,800
ORD429,2025-06-29,Shmp100,17143,2025-07-15,Low,Line-7,2025-07-23 13:30:00,2025-07-23 15:00:00,2250,1500
ORD430,2025-06-29,Cond100,41369,2025-07-15,Low,Line-7,2025-07-22 02:30:00,2025-07-22 07:00:00,6750,1500
ORD430,2025-06-29,Lot250,17385,2025-07-15,Medium,Line-10,2025-07-20 06:30:00,2025-07-20 07:00:00,750,1500
ORD430,2025-06-29,Lot250,17385,2025-07-15,Medium,Line-12,2025-07-24 06:30:00,2025-07-24 07:00:00,500,1000
ORD431,2025-06-29,Bdwa200,14838,2025-07-15,High,Line-11,2025-07-19 00:00:00,2025-07-19 07:00:00,8400,1200
ORD431,2025-06-29,Bdwa200,14838,2025-07-15,High,Line-6,2025-07-25 17:00:00,2025-07-25 23:00:00,4800,800
ORD431,2025-06-29,Crm50,29300,2025-07-15,High,Line-10,2025-07-18 15:00:00,2025-07-18 22:30:00,10988,1500
ORD431,2025-06-29,Crm50,29300,2025-07-15,High,Line-12,2025-07-21 12:30:00,2025-07-21 15:00:00,2500,1000
ORD431,2025-06-29,Crm50,29300,2025-07-15,High,Line-7,2025-07-21 18:30:00,2025-07-21 23:00:00,6750,1500
ORD432,2025-06-29,Fcws100,17423,2025-07-17,High,Line-1,2025-07-19 22:30:00,2025-07-19 23:00:00,600,1200
ORD432,2025-06-29,Fcws100,17423,2025-07-17,High,Line-2,2025-07-27 06:00:00,2025-07-27 07:00:00,1500,1500
ORD432,2025-06-29,Gel150,38270,2025-07-17,Medium,Line-8,2025-07-25 09:00:00,2025-07-25 15:00:00,7200,1200
ORD433,2025-06-29,Cond100,27894,2025-07-15,High,Line-10,2025-07-18 23:00:00,2025-07-19 07:00:00,11954,1500
ORD433,2025-06-29,Cond100,27894,2025-07-15,High,Line-11,2025-07-16 16:30:00,2025-07-16 23:00:00,7800,1200
ORD433,2025-06-29,Cond100,27894,2025-07-15,High,Line-4,2025-07-25 10:00:00,2025-07-25 15:00:00,4000,800
ORD433,2025-06-29,Talc100,5585,2025-07-15,High,Line-4,2025-07-28 04:00:00,2025-07-28 07:00:00,2400,800
ORD434,2025-06-30,Shmp100,17346,2025-07-15,Medium,Line-2,2025-07-31 01:30:00,2025-07-31 07:00:00,8250,1500
ORD434,2025-06-30,Shmp100,17346,2025-07-15,Medium,Line-5,2025-08-04 06:00:00,2025-08-04 07:00:00,1000,1000
ORD434,2025-06-30,Talc100,26074,2025-07-15,Low,Line-6,2025-07-26 01:00:00,2025-07-26 07:00:00,4800,800
ORD434,2025-06-30,Talc100,26074,2025-07-15,Low,Line-7,2025-07-25 01:00:00,2025-07-25 07:00:00,9000,1500
ORD434,2025-06-30,Talc100,26074,2025-07-15,Low,Line-8,2025-07-26 17:30:00,2025-07-26 23:00:00,6600,1200
ORD435,2025-06-30,Lot100,26857,2025-07-15,High,Line-11,2025-07-19 08:00:00,2025-07-19 15:00:00,8400,1200
ORD435,2025-06-30,Lot100,26857,2025-07-15,High,Line-6,2025-07-26 16:30:00,2025-07-26 23:00:00,5200,800
ORD435,2025-06-30,Lot100,26857,2025-07-15,High,Line-9,2025-07-27 08:30:00,2025-07-27 15:00:00,9100,1400
ORD435,2025-06-30,Shmp100,29084,2025-07-15,Medium,Line-5,2025-08-03 14:00:00,2025-08-03 15:00:00,1000,1000
ORD435,2025-06-30,Shmp100,29084,2025-07-15,Medium,Line-7,2025-07-26 00:00:00,2025-07-26 07:00:00,10500,1500
ORD435,2025-06-30,Shmp100,29084,2025-07-15,Medium,Line-9,2025-07-29 03:00:00,2025-07-29 07:00:00,5600,1400
ORD436,2025-06-30,Hdwa250,22422,2025-07-15,Medium,Line-12,2025-07-27 03:00:00,2025-07-27 07:00:00,4000,1000
ORD436,2025-06-30,Hdwa250,22422,2025-07-15,Medium,Line-6,2025-07-27 16:00:00,2025-07-27 23:00:00,5600,800
ORD436,2025-06-30,Hdwa250,22422,2025-07-15,Medium,Line-8,2025-07-28 00:30:00,2025-07-28 07:00:00,7800,1200
ORD436,2025-06-30,Shmp100,25704,2025-07-15,Low,Line-12,2025-07-24 22:30:00,2025-07-24 23:00:00,500,1000
ORD437,2025-06-30,Cond100,13170,2025-07-15,High,Line-5,2025-08-03 22:00:00,2025-08-03 23:00:00,1000,1000
ORD437,2025-06-30,Cond100,13170,2025-07-15,High,Line-6,2025-07-27 08:00:00,2025-07-27 15:00:00,5600,800
ORD437,2025-06-30,Hdwa250,10863,2025-07-15,Low,Line-7,2025-07-25 09:00:00,2025-07-25 15:00:00,9000,1500
ORD438,2025-06-30,Hdwa250,13600,2025-07-15,High,Line-12,2025-07-27 11:00:00,2025-07-27 15:00:00,4000,1000
ORD438,2025-06-30,Hdwa250,13600,2025-07-15,High,Line-5,2025-08-04 13:30:00,2025-08-04 15:00:00,1500,1000
ORD438,2025-06-30,Lot100,16945,2025-07-15,High,Line-3,2025-07-23 16:00:00,2025-07-23 23:00:00,7000,1000
ORD438,2025-06-30,Lot100,16945,2025-07-15,High,Line-9,2025-07-27 17:00:00,2025-07-27 23:00:00,8400,1400
ORD439,2025-06-30,Hdwa250,7489,2025-07-15,High,Line-3,2025-07-24 14:30:00,2025-07-24 15:00:00,500,1000
ORD439,2025-06-30,Shmp100,62545,2025-07-15,Medium,Line-10,2025-07-21 17:30:00,2025-07-21 23:00:00,8250,1500
ORD439,2025-06-30,Shmp100,62545,2025-07-15,Medium,Line-4,2025-07-28 20:00:00,2025-07-28 23:00:00,2400,800
ORD440,2025-06-30,Crm50,18298,2025-07-15,Medium,Line-12,2025-07-27 18:30:00,2025-07-27 23:00:00,4500,1000
ORD440,2025-06-30,Crm50,18298,2025-07-15,Medium,Line-2,2025-07-31 09:00:00,2025-07-31 15:00:00,9000,1500
ORD440,2025-06-30,Hdwa250,7899,2025-07-15,Low,Line-5,2025-08-01 19:30:00,2025-08-01 23:00:00,3500,1000
ORD441,2025-06-30,Bdwa200,125400,2025-07-17,Medium,Line-10,2025-07-23 23:30:00,2025-07-24 07:00:00,11250,1500
ORD441,2025-06-30,Bdwa200,125400,2025-07-17,Medium,Line-11,2025-07-22 01:00:00,2025-07-22 07:00:00,7200,1200
ORD441,2025-06-30,Bdwa200,125400,2025-07-17,Medium,Line-9,2025-07-29 11:00:00,2025-07-29 15:00:00,5600,1400
ORD441,2025-06-30,Hdwa250,32722,2025-07-17,Medium,Line-1,2025-07-21 05:00:00,2025-07-21 07:00:00,2400,1200
ORD441,2025-06-30,Hdwa250,32722,2025-07-17,Medium,Line-2,2025-07-29 03:00:00,2025-07-29 07:00:00,6000,1500
ORD441,2025-06-30,Hdwa250,32722,2025-07-17,Medium,Line-9,2025-07-27 00:00:00,2025-07-27 07:00:00,9800,1400
ORD442,2025-06-30,Lot250,20657,2025-07-15,High,Line-11,2025-07-21 09:00:00,2025-07-21 15:00:00,7200,1200
ORD442,2025-06-30,Lot250,20657,2025-07-15,High,Line-7,2025-07-26 08:00:00,2025-07-26 15:00:00,10500,1500
ORD442,2025-06-30,Shmp200,7718,2025-07-15,Low,Line-11,2025-07-19 16:30:00,2025-07-19 23:00:00,7718,1200
ORD443,2025-06-30,Talc100,35157,2025-07-15,High,Line-11,2025-07-21 17:00:00,2025-07-21 23:00:00,7200,1200
ORD443,2025-06-30,Talc100,35157,2025-07-15,High,Line-2,2025-07-30 17:30:00,2025-07-30 23:00:00,8250,1500
ORD443,2025-06-30,Talc100,35157,2025-07-15,High,Line-4,2025-07-28 11:30:00,2025-07-28 15:00:00,2800,800
ORD443,2025-06-30,Talc100,35157,2025-07-15,High,Line-8,2025-07-27 16:30:00,2025-07-27 23:00:00,7800,1200
ORD444,2025-06-30,Bdwa200,11464,2025-07-15,High,Line-2,2025-07-29 11:30:00,2025-07-29 15:00:00,5250,1500
ORD444,2025-06-30,Lot100,14803,2025-07-15,High,Line-1,2025-07-22 12:30:00,2025-07-22 15:00:00,3000,1200
ORD444,2025-06-30,Lot100,14803,2025-07-15,High,Line-4,2025-07-29 23:30:00,2025-07-30 07:00:00,5922,800
ORD445,2025-06-30,Lot100,7334,2025-07-17,Low,Line-3,2025-07-23 08:00:00,2025-07-23 15:00:00,7000,1000
ORD445,2025-06-30,Shmp100,59729,2025-07-17,High,Line-11,2025-07-23 08:00:00,2025-07-23 15:00:00,8400,1200
ORD445,2025-06-30,Shmp100,59729,2025-07-17,High,Line-5,2025-08-04 21:00:00,2025-08-04 23:00:00,2000,1000
ORD446,2025-06-30,Cond100,7877,2025-07-16,Medium,Line-8,2025-07-27 09:30:00,2025-07-27 15:00:00,6600,1200
ORD446,2025-06-30,Fcws100,13383,2025-07-16,High,Line-1,2025-07-22 20:30:00,2025-07-22 23:00:00,3000,1200
ORD446,2025-06-30,Fcws100,13383,2025-07-16,High,Line-4,2025-07-30 07:30:00,2025-07-30 14:00:00,5354,800
ORD447,2025-06-30,Fcws100,9328,2025-07-16,Low,Line-1,2025-07-21 13:30:00,2025-07-21 15:00:00,1800,1200
ORD447,2025-06-30,Talc100,27227,2025-07-16,Medium,Line-11,2025-07-24 19:00:00,2025-07-24 23:00:00,4800,1200
ORD447,2025-06-30,Talc100,27227,2025-07-16,Medium,Line-5,2025-08-06 08:30:00,2025-08-06 15:00:00,6500,1000
ORD447,2025-06-30,Talc100,27227,2025-07-16,Medium,Line-7,2025-07-27 14:30:00,2025-07-27 15:00:00,750,1500
ORD448,2025-06-30,Lot250,20368,2025-07-16,Medium,Line-10,2025-07-25 06:30:00,2025-07-25 07:00:00,750,1500
ORD448,2025-06-30,Lot250,20368,2025-07-16,Medium,Line-7,2025-07-26 16:00:00,2025-07-26 23:00:00,10184,1500
ORD448,2025-06-30,Shmp200,20248,2025-07-16,Low,Line-11,2025-07-19 23:30:00,2025-07-20 06:00:00,8099,1200
ORD448,2025-06-30,Shmp200,20248,2025-07-16,Low,Line-3,2025-07-23 23:30:00,2025-07-24 06:30:00,6750,1000
ORD448,2025-06-30,Shmp200,20248,2025-07-16,Low,Line-6,2025-07-27 01:00:00,2025-07-27 07:00:00,4800,800
ORD449,2025-06-30,Cond100,65119,2025-07-16,Low,Line-10,2025-07-22 21:00:00,2025-07-22 23:00:00,3000,1500
ORD449,2025-06-30,Cond100,65119,2025-07-16,Low,Line-12,2025-07-26 00:30:00,2025-07-26 07:00:00,6500,1000
ORD449,2025-06-30,Fcws100,9686,2025-07-16,Low,Line-7,2025-07-27 22:30:00,2025-07-27 23:00:00,750,1500
ORD450,2025-06-30,Hdwa250,8128,2025-07-18,High,Line-1,2025-07-21 22:00:00,2025-07-21 23:00:00,1200,1200
ORD450,2025-06-30,Shmp200,42880,2025-07-18,Medium,Line-7,2025-07-28 05:30:00,2025-07-28 07:00:00,2250,1500
ORD451,2025-06-30,Bdwa200,26744,2025-07-16,High,Line-11,2025-07-24 11:30:00,2025-07-24 15:00:00,4200,1200
ORD451,2025-06-30,Bdwa200,26744,2025-07-16,High,Line-12,2025-07-28 02:30:00,2025-07-28 07:00:00,4500,1000
ORD451,2025-06-30,Bdwa200,26744,2025-07-16,High,Line-7,2025-07-26 23:30:00,2025-07-27 06:30:00,10843,1500
ORD451,2025-06-30,Hdwa250,20784,2025-07-16,Medium,Line-2,2025-07-29 19:30:00,2025-07-29 23:00:00,5250,1500
ORD451,2025-06-30,Hdwa250,20784,2025-07-16,Medium,Line-7,2025-07-25 16:30:00,2025-07-25 23:00:00,9750,1500
ORD452,2025-06-30,Cond100,36407,2025-07-16,Medium,Line-1,2025-07-22 05:30:00,2025-07-22 07:00:00,1800,1200
ORD452,2025-06-30,Cond100,36407,2025-07-16,Medium,Line-10,2025-07-25 14:00:00,2025-07-25 15:00:00,1500,1500
ORD452,2025-06-30,Cond100,36407,2025-07-16,Medium,Line-2,2025-07-30 10:30:00,2025-07-30 15:00:00,6750,1500
ORD452,2025-06-30,Cond100,36407,2025-07-16,Medium,Line-5,2025-08-06 00:30:00,2025-08-06 07:00:00,6500,1000
ORD453,2025-06-30,Bdwa200,93754,2025-07-16,Low,Line-11,2025-07-20 06:30:00,2025-07-20 07:00:00,600,1200
ORD453,2025-06-30,Bdwa200,93754,2025-07-16,Low,Line-5,2025-08-02 11:30:00,2025-08-02 15:00:00,3500,1000
ORD453,2025-06-30,Bdwa200,93754,2025-07-16,Low,Line-9,2025-07-28 00:30:00,2025-07-28 07:00:00,9100,1400
ORD453,2025-06-30,Cond100,7572,2025-07-16,Medium,Line-12,2025-07-28 10:00:00,2025-07-28 15:00:00,5000,1000
ORD454,2025-06-30,Lot100,11311,2025-07-16,High,Line-2,2025-07-31 17:00:00,2025-07-31 23:00:00,9000,1500
ORD454,2025-06-30,Lot250,23657,2025-07-16,Low,Line-2,2025-07-30 03:00:00,2025-07-30 07:00:00,6000,1500
ORD454,2025-06-30,Lot250,23657,2025-07-16,Low,Line-5,2025-08-02 04:00:00,2025-08-02 07:00:00,3000,1000
ORD454,2025-06-30,Lot250,23657,2025-07-16,Low,Line-6,2025-07-26 09:00:00,2025-07-26 15:00:00,4800,800
ORD455,2025-06-30,Cond100,10186,2025-07-16,High,Line-7,2025-07-27 07:00:00,2025-07-27 14:00:00,10186,1500
ORD455,2025-06-30,Lot100,8829,2025-07-16,High,Line-8,2025-07-27 01:30:00,2025-07-27 07:00:00,6600,1200
ORD456,2025-06-30,Crm50,6953,2025-07-16,High,Line-3,2025-07-24 07:00:00,2025-07-24 14:00:00,6953,1000
ORD456,2025-06-30,Lot100,7575,2025-07-16,Medium,Line-3,2025-07-24 22:30:00,2025-07-24 23:00:00,500,1000
ORD457,2025-07-01,Shmp100,16758,2025-07-16,High,Line-1,2025-07-27 09:30:00,2025-07-27 15:00:00,6600,1200
ORD457,2025-07-01,Shmp100,16758,2025-07-16,High,Line-8,2025-07-28 08:30:00,2025-07-28 15:00:00,7800,1200
ORD458,2025-07-01,Bdwa200,19465,2025-07-16,Medium,Line-2,2025-08-01 01:00:00,2025-08-01 07:00:00,9000,1500
ORD458,2025-07-01,Bdwa200,19465,2025-07-16,Medium,Line-5,2025-08-06 16:30:00,2025-08-06 23:00:00,6500,1000
ORD458,2025-07-01,Shmp100,23067,2025-07-16,High,Line-11,2025-07-29 23:00:00,2025-07-30 06:30:00,9226,1200
ORD458,2025-07-01,Shmp100,23067,2025-07-16,High,Line-4,2025-07-30 22:30:00,2025-07-30 23:00:00,400,800
ORD458,2025-07-01,Shmp100,23067,2025-07-16,High,Line-5,2025-08-08 01:00:00,2025-08-08 07:00:00,6000,1000
ORD459,2025-07-01,Crm50,51409,2025-07-16,Low,Line-1,2025-07-23 03:30:00,2025-07-23 07:00:00,4200,1200
ORD459,2025-07-01,Crm50,51409,2025-07-16,Low,Line-12,2025-07-28 18:00:00,2025-07-28 23:00:00,5000,1000
ORD459,2025-07-01,Crm50,51409,2025-07-16,Low,Line-2,2025-08-02 16:00:00,2025-08-02 23:00:00,10500,1500
ORD459,2025-07-01,Crm50,51409,2025-07-16,Low,Line-3,2025-07-26 05:30:00,2025-07-26 07:00:00,1500,1000
ORD459,2025-07-01,Crm50,51409,2025-07-16,Low,Line-9,2025-07-30 18:00:00,2025-07-30 23:00:00,7000,1400
ORD459,2025-07-01,Crm50,51409,2025-07-16,Low,Line-9,2025-08-02 19:30:00,2025-08-02 23:00:00,4900,1400
ORD460,2025-07-01,Cond100,28135,2025-07-16,Low,Line-5,2025-08-07 09:00:00,2025-08-07 15:00:00,6000,1000
ORD460,2025-07-01,Cond100,28135,2025-07-16,Low,Line-7,2025-07-29 18:30:00,2025-07-29 23:00:00,6750,1500
ORD460,2025-07-01,Cond100,28135,2025-07-16,Low,Line-8,2025-07-29 00:00:00,2025-07-29 07:00:00,8400,1200
ORD460,2025-07-01,Shmp200,17096,2025-07-16,Medium,Line-12,2025-07-30 15:30:00,2025-07-30 22:30:00,6838,1000
ORD460,2025-07-01,Shmp200,17096,2025-07-16,Medium,Line-7,2025-08-01 01:00:00,2025-08-01 07:00:00,9000,1500
ORD461,2025-07-01,Crm50,27570,2025-07-16,Medium,Line-10,2025-07-28 20:00:00,2025-07-28 23:00:00,4500,1500
ORD461,2025-07-01,Crm50,27570,2025-07-16,Medium,Line-12,2025-07-30 23:00:00,2025-07-31 06:30:00,7451,1000
ORD461,2025-07-01,Crm50,27570,2025-07-16,Medium,Line-8,2025-07-29 23:00:00,2025-07-30 06:30:00,8941,1200
ORD461,2025-07-01,Shmp100,83357,2025-07-16,Low,Line-11,2025-07-26 02:30:00,2025-07-26 07:00:00,5400,1200
ORD461,2025-07-01,Shmp100,83357,2025-07-16,Low,Line-7,2025-07-30 17:30:00,2025-07-30 23:00:00,8250,1500
ORD462,2025-07-01,Fcws100,6473,2025-07-18,High,Line-12,2025-07-29 01:00:00,2025-07-29 07:00:00,6000,1000
ORD462,2025-07-01,Shmp100,31651,2025-07-18,Low,Line-8,2025-07-30 07:00:00,2025-07-30 15:00:00,9600,1200
ORD463,2025-07-01,Hdwa250,17641,2025-07-16,Medium,Line-1,2025-07-27 02:30:00,2025-07-27 07:00:00,5400,1200
ORD463,2025-07-01,Hdwa250,17641,2025-07-16,Medium,Line-10,2025-07-28 13:00:00,2025-07-28 15:00:00,3000,1500
ORD463,2025-07-01,Talc100,8466,2025-07-16,Low,Line-8,2025-07-29 08:00:00,2025-07-29 15:00:00,8400,1200
ORD464,2025-07-01,Lot100,9268,2025-07-16,Low,Line-11,2025-07-30 07:00:00,2025-07-30 14:30:00,9268,1200
ORD464,2025-07-01,Shmp200,94842,2025-07-16,Low,Line-10,2025-07-26 06:00:00,2025-07-26 07:00:00,1500,1500
ORD464,2025-07-01,Shmp200,94842,2025-07-16,Low,Line-6,2025-07-28 07:30:00,2025-07-28 15:00:00,6000,800
ORD464,2025-07-01,Shmp200,94842,2025-07-16,Low,Line-9,2025-07-31 01:00:00,2025-07-31 07:00:00,8400,1400
ORD465,2025-07-01,Gel150,40534,2025-07-18,Medium,Line-10,2025-07-29 12:30:00,2025-07-29 15:00:00,3750,1500
ORD465,2025-07-01,Lot250,7651,2025-07-18,High,Line-5,2025-08-07 01:00:00,2025-08-07 07:00:00,6000,1000
ORD466,2025-07-01,Bdwa200,16326,2025-07-16,Low,Line-4,2025-07-31 06:30:00,2025-07-31 07:00:00,400,800
ORD466,2025-07-01,Bdwa200,16326,2025-07-16,Low,Line-9,2025-08-02 11:30:00,2025-08-02 15:00:00,4900,1400
ORD466,2025-07-01,Fcws100,21760,2025-07-16,High,Line-1,2025-07-24 02:30:00,2025-07-24 07:00:00,5400,1200
ORD466,2025-07-01,Fcws100,21760,2025-07-16,High,Line-12,2025-07-29 16:00:00,2025-07-29 23:00:00,6800,1000
ORD466,2025-07-01,Fcws100,21760,2025-07-16,High,Line-3,2025-07-25 22:00:00,2025-07-25 23:00:00,1000,1000
ORD467,2025-07-01,Cond100,16948,2025-07-16,High,Line-12,2025-07-31 07:00:00,2025-07-31 14:00:00,6780,1000
ORD467,2025-07-01,Cond100,16948,2025-07-16,High,Line-2,2025-08-03 00:00:00,2025-08-03 07:00:00,10168,1500
ORD467,2025-07-01,Shmp200,10010,2025-07-16,Low,Line-2,2025-08-01 09:30:00,2025-08-01 15:00:00,8250,1500
ORD468,2025-07-01,Gel150,14165,2025-07-16,Low,Line-6,2025-07-29 09:30:00,2025-07-29 15:00:00,4400,800
ORD468,2025-07-01,Gel150,14165,2025-07-16,Low,Line-8,2025-07-29 15:30:00,2025-07-29 22:30:00,8640,1200
ORD469,2025-07-01,Cond100,10913,2025-07-16,Low,Line-10,2025-07-25 22:00:00,2025-07-25 23:00:00,1500,1500
ORD469,2025-07-01,Crm50,35880,2025-07-16,High,Line-10,2025-07-29 04:00:00,2025-07-29 07:00:00,4500,1500
ORD469,2025-07-01,Crm50,35880,2025-07-16,High,Line-2,2025-08-03 07:30:00,2025-08-03 15:00:00,11250,1500
ORD469,2025-07-01,Crm50,35880,2025-07-16,High,Line-7,2025-08-01 08:30:00,2025-08-01 15:00:00,9750,1500
ORD470,2025-07-01,Fcws100,54413,2025-07-17,High,Line-1,2025-07-23 10:30:00,2025-07-23 15:00:00,5400,1200
ORD470,2025-07-01,Fcws100,54413,2025-07-17,High,Line-1,2025-07-27 17:00:00,2025-07-27 23:00:00,7200,1200
ORD470,2025-07-01,Fcws100,54413,2025-07-17,High,Line-2,2025-08-03 16:00:00,2025-08-03 22:30:00,9960,1500
ORD470,2025-07-01,Fcws100,54413,2025-07-17,High,Line-5,2025-08-08 09:00:00,2025-08-08 15:00:00,6000,1000
ORD470,2025-07-01,Fcws100,54413,2025-07-17,High,Line-7,2025-07-29 10:30:00,2025-07-29 15:00:00,6750,1500
ORD470,2025-07-01,Fcws100,54413,2025-07-17,High,Line-8,2025-07-28 16:00:00,2025-07-28 23:00:00,8400,1200
ORD471,2025-07-01,Gel150,11480,2025-07-17,Medium,Line-2,2025-08-04 07:00:00,2025-08-04 14:30:00,11480,1500
ORD471,2025-07-01,Talc100,15397,2025-07-17,High,Line-11,2025-07-25 10:30:00,2025-07-25 15:00:00,5400,1200
ORD471,2025-07-01,Talc100,15397,2025-07-17,High,Line-12,2025-07-29 23:30:00,2025-07-30 06:30:00,6998,1000
ORD472,2025-07-01,Crm50,106689,2025-07-19,Medium,Line-6,2025-07-30 08:30:00,2025-07-30 15:00:00,5200,800
ORD472,2025-07-01,Crm50,106689,2025-07-19,Medium,Line-7,2025-08-01 17:00:00,2025-08-01 23:00:00,9000,1500
ORD472,2025-07-01,Crm50,106689,2025-07-19,Medium,Line-9,2025-08-03 03:30:00,2025-08-03 07:00:00,4900,1400
ORD472,2025-07-01,Shmp100,22030,2025-07-19,Medium,Line-1,2025-07-23 18:30:00,2025-07-23 23:00:00,5400,1200
ORD472,2025-07-01,Shmp100,22030,2025-07-19,Medium,Line-3,2025-07-25 06:30:00,2025-07-25 07:00:00,500,1000
ORD472,2025-07-01,Shmp100,22030,2025-07-19,Medium,Line-4,2025-07-30 14:30:00,2025-07-30 15:00:00,400,800
ORD473,2025-07-01,Gel150,18913,2025-07-17,Medium,Line-1,2025-07-28 00:00:00,2025-07-28 07:00:00,8400,1200
ORD473,2025-07-01,Gel150,18913,2025-07-17,Medium,Line-8,2025-07-31 10:00:00,2025-07-31 15:00:00,6000,1200
ORD473,2025-07-01,Shmp200,7869,2025-07-17,Medium,Line-1,2025-07-24 10:00:00,2025-07-24 15:00:00,6000,1200
ORD474,2025-07-01,Lot100,7810,2025-07-17,High,Line-5,2025-08-08 16:00:00,2025-08-08 23:00:00,7000,1000
ORD474,2025-07-01,Lot250,82562,2025-07-17,Low,Line-11,2025-07-27 10:00:00,2025-07-27 15:00:00,6000,1200
ORD474,2025-07-01,Lot250,82562,2025-07-17,Low,Line-9,2025-08-01 03:00:00,2025-08-01 07:00:00,5600,1400
ORD475,2025-07-01,Hdwa250,83898,2025-07-19,Low,Line-11,2025-07-31 13:00:00,2025-07-31 15:00:00,2400,1200
ORD475,2025-07-01,Hdwa250,83898,2025-07-19,Low,Line-4,2025-07-31 22:00:00,2025-07-31 23:00:00,800,800
ORD475,2025-07-01,Hdwa250,83898,2025-07-19,Low,Line-6,2025-07-31 14:00:00,2025-07-31 15:00:00,800,800
ORD475,2025-07-01,Shmp100,18417,2025-07-19,Low,Line-12,2025-07-29 08:00:00,2025-07-29 15:00:00,7000,1000
ORD475,2025-07-01,Shmp100,18417,2025-07-19,Low,Line-2,2025-08-01 16:30:00,2025-08-01 23:00:00,9750,1500
ORD476,2025-07-01,Shmp200,13552,2025-07-17,Medium,Line-11,2025-07-30 15:00:00,2025-07-30 22:00:00,8132,1200
ORD476,2025-07-01,Shmp200,13552,2025-07-17,Medium,Line-4,2025-07-31 14:30:00,2025-07-31 15:00:00,400,800
ORD476,2025-07-01,Talc100,9628,2025-07-17,Medium,Line-7,2025-07-30 02:30:00,2025-07-30 07:00:00,6750,1500
ORD477,2025-07-01,Bdwa200,12622,2025-07-17,Medium,Line-3,2025-07-25 14:30:00,2025-07-25 15:00:00,500,1000
ORD477,2025-07-01,Bdwa200,12622,2025-07-17,Medium,Line-6,2025-07-28 00:00:00,2025-07-28 07:00:00,5600,800
ORD477,2025-07-01,Cond100,21168,2025-07-17,Low,Line-11,2025-07-31 05:30:00,2025-07-31 07:00:00,1800,1200
ORD477,2025-07-01,Cond100,21168,2025-07-17,Low,Line-12,2025-07-31 14:30:00,2025-07-31 15:00:00,500,1000
ORD477,2025-07-01,Cond100,21168,2025-07-17,Low,Line-6,2025-07-30 01:00:00,2025-07-30 07:00:00,4800,800
ORD478,2025-07-01,Shmp100,27264,2025-07-19,Low,Line-5,2025-08-09 00:30:00,2025-08-09 07:00:00,6500,1000
ORD478,2025-07-01,Shmp200,29194,2025-07-19,Low,Line-2,2025-08-02 08:00:00,2025-08-02 15:00:00,10500,1500
ORD478,2025-07-01,Shmp200,29194,2025-07-19,Low,Line-5,2025-08-07 17:00:00,2025-08-07 23:00:00,6000,1000
ORD478,2025-07-01,Shmp200,29194,2025-07-19,Low,Line-7,2025-07-30 09:30:00,2025-07-30 15:00:00,8250,1500
ORD479,2025-07-01,Hdwa250,25438,2025-07-17,Medium,Line-1,2025-07-28 08:30:00,2025-07-28 15:00:00,7800,1200
ORD479,2025-07-01,Hdwa250,25438,2025-07-17,Medium,Line-10,2025-07-30 16:00:00,2025-07-30 23:00:00,10500,1500
ORD479,2025-07-01,Hdwa250,25438,2025-07-17,Medium,Line-6,2025-07-29 17:00:00,2025-07-29 23:00:00,4800,800
ORD479,2025-07-01,Shmp100,66631,2025-07-17,High,Line-1,2025-07-24 17:00:00,2025-07-24 23:00:00,7200,1200
ORD479,2025-07-01,Shmp100,66631,2025-07-17,High,Line-11,2025-07-28 18:30:00,2025-07-28 23:00:00,5400,1200
ORD480,2025-07-01,Lot250,7389,2025-07-17,Low,Line-3,2025-07-26 13:30:00,2025-07-26 15:00:00,1500,1000
ORD480,2025-07-01,Shmp100,19163,2025-07-17,High,Line-11,2025-07-25 03:00:00,2025-07-25 07:00:00,4800,1200
ORD480,2025-07-01,Shmp100,19163,2025-07-17,High,Line-2,2025-08-02 00:30:00,2025-08-02 07:00:00,9750,1500
ORD481,2025-07-01,Crm50,17383,2025-07-17,High,Line-11,2025-07-25 18:00:00,2025-07-25 23:00:00,6000,1200
ORD481,2025-07-01,Crm50,17383,2025-07-17,High,Line-12,2025-07-30 07:00:00,2025-07-30 15:00:00,7902,1000
ORD481,2025-07-01,Lot100,20379,2025-07-17,Low,Line-2,2025-08-03 23:00:00,2025-08-04 06:30:00,11322,1500
ORD481,2025-07-01,Lot100,20379,2025-07-17,Low,Line-8,2025-07-31 18:30:00,2025-07-31 23:00:00,5400,1200
ORD482,2025-07-01,Shmp200,84150,2025-07-17,Medium,Line-1,2025-07-25 21:30:00,2025-07-25 23:00:00,1800,1200
ORD482,2025-07-01,Shmp200,84150,2025-07-17,Medium,Line-10,2025-07-27 08:00:00,2025-07-27 15:00:00,10500,1500
ORD482,2025-07-01,Shmp200,84150,2025-07-17,Medium,Line-11,2025-07-30 22:30:00,2025-07-30 23:00:00,600,1200
ORD483,2025-07-02,Talc100,46179,2025-07-17,Medium,Line-1,2025-07-28 16:30:00,2025-07-28 23:00:00,7800,1200
ORD483,2025-07-02,Talc100,46179,2025-07-17,Medium,Line-11,2025-08-05 11:30:00,2025-08-05 15:00:00,4200,1200
ORD483,2025-07-02,Talc100,46179,2025-07-17,Medium,Line-3,2025-07-28 19:00:00,2025-07-28 23:00:00,4000,1000
ORD483,2025-07-02,Talc100,46179,2025-07-17,Medium,Line-7,2025-08-02 22:30:00,2025-08-02 23:00:00,750,1500
ORD483,2025-07-02,Talc100,46179,2025-07-17,Medium,Line-9,2025-08-04 09:00:00,2025-08-04 15:00:00,8400,1400
ORD484,2025-07-02,Lot100,28467,2025-07-17,Low,Line-11,2025-08-04 19:00:00,2025-08-04 23:00:00,4800,1200
ORD484,2025-07-02,Lot100,28467,2025-07-17,Low,Line-7,2025-08-04 05:30:00,2025-08-04 07:00:00,2250,1500
ORD484,2025-07-02,Lot100,28467,2025-07-17,Low,Line-8,2025-08-03 18:30:00,2025-08-03 23:00:00,5400,1200
ORD484,2025-07-02,Lot250,22673,2025-07-17,Medium,Line-1,2025-07-29 00:30:00,2025-07-29 07:00:00,7800,1200
ORD484,2025-07-02,Lot250,22673,2025-07-17,Medium,Line-3,2025-07-26 21:30:00,2025-07-26 23:00:00,1500,1000
ORD484,2025-07-02,Lot250,22673,2025-07-17,Medium,Line-6,2025-08-01 20:30:00,2025-08-01 23:00:00,2000,800
ORD485,2025-07-02,Bdwa200,9035,2025-07-17,High,Line-11,2025-08-02 02:30:00,2025-08-02 07:00:00,5400,1200
ORD485,2025-07-02,Crm50,17059,2025-07-17,Low,Line-11,2025-08-05 18:30:00,2025-08-05 23:00:00,5400,1200
ORD485,2025-07-02,Crm50,17059,2025-07-17,Low,Line-5,2025-08-11 03:30:00,2025-08-11 07:00:00,3500,1000
ORD486,2025-07-02,Hdwa250,9086,2025-07-19,Low,Line-9,2025-08-04 17:00:00,2025-08-04 23:00:00,8400,1400
ORD486,2025-07-02,Talc100,68107,2025-07-19,High,Line-3,2025-07-29 02:00:00,2025-07-29 07:00:00,5000,1000
ORD486,2025-07-02,Talc100,68107,2025-07-19,High,Line-7,2025-08-05 04:00:00,2025-08-05 07:00:00,4500,1500
ORD487,2025-07-02,Bdwa200,8668,2025-07-17,Medium,Line-8,2025-08-02 00:30:00,2025-08-02 07:00:00,7800,1200
ORD487,2025-07-02,Crm50,7803,2025-07-17,Low,Line-3,2025-07-28 03:00:00,2025-07-28 07:00:00,4000,1000
ORD488,2025-07-02,Shmp100,85518,2025-07-17,Low,Line-11,2025-08-02 10:30:00,2025-08-02 15:00:00,5400,1200
ORD488,2025-07-02,Shmp100,85518,2025-07-17,Low,Line-12,2025-08-01 12:30:00,2025-08-01 15:00:00,2500,1000
ORD488,2025-07-02,Shmp100,85518,2025-07-17,Low,Line-4,2025-08-03 10:00:00,2025-08-03 15:00:00,4000,800
ORD488,2025-07-02,Shmp200,9998,2025-07-17,Low,Line-7,2025-08-04 13:30:00,2025-08-04 15:00:00,2250,1500
ORD489,2025-07-02,Gel150,20913,2025-07-17,Low,Line-1,2025-07-29 08:30:00,2025-07-29 15:00:00,7800,1200
ORD489,2025-07-02,Gel150,20913,2025-07-17,Low,Line-12,2025-07-31 22:00:00,2025-07-31 23:00:00,1000,1000
ORD489,2025-07-02,Gel150,20913,2025-07-17,Low,Line-5,2025-08-10 04:30:00,2025-08-10 07:00:00,2500,1000
ORD489,2025-07-02,Hdwa250,8748,2025-07-17,High,Line-1,2025-07-29 23:30:00,2025-07-30 07:00:00,8748,1200
ORD490,2025-07-02,Bdwa200,7837,2025-07-17,Medium,Line-8,2025-08-02 08:00:00,2025-08-02 14:30:00,7837,1200
ORD490,2025-07-02,Cond100,29284,2025-07-17,Low,Line-11,2025-08-05 03:00:00,2025-08-05 07:00:00,4800,1200
ORD490,2025-07-02,Cond100,29284,2025-07-17,Low,Line-12,2025-08-02 17:30:00,2025-08-02 23:00:00,5500,1000
ORD490,2025-07-02,Cond100,29284,2025-07-17,Low,Line-2,2025-08-05 21:30:00,2025-08-05 23:00:00,2250,1500
ORD491,2025-07-02,Gel150,25465,2025-07-17,Medium,Line-10,2025-07-31 00:00:00,2025-07-31 07:00:00,10323,1500
ORD491,2025-07-02,Gel150,25465,2025-07-17,Medium,Line-12,2025-08-01 05:00:00,2025-08-01 07:00:00,2000,1000
ORD491,2025-07-02,Gel150,25465,2025-07-17,Medium,Line-8,2025-08-01 02:30:00,2025-08-01 07:00:00,5400,1200
ORD491,2025-07-02,Shmp200,10874,2025-07-17,High,Line-10,2025-08-01 20:30:00,2025-08-01 23:00:00,3750,1500
ORD492,2025-07-02,Cond100,25331,2025-07-17,Medium,Line-3,2025-07-28 11:30:00,2025-07-28 15:00:00,3500,1000
ORD492,2025-07-02,Cond100,25331,2025-07-17,Medium,Line-7,2025-08-04 20:30:00,2025-08-04 23:00:00,3750,1500
ORD492,2025-07-02,Cond100,25331,2025-07-17,Medium,Line-8,2025-08-04 02:30:00,2025-08-04 07:00:00,5400,1200
ORD492,2025-07-02,Lot250,5639,2025-07-17,High,Line-4,2025-08-02 12:00:00,2025-08-02 15:00:00,2400,800
ORD493,2025-07-02,Bdwa200,16629,2025-07-18,Low,Line-2,2025-08-04 15:00:00,2025-08-04 22:00:00,10845,1500
ORD493,2025-07-02,Bdwa200,16629,2025-07-18,Low,Line-4,2025-08-02 04:30:00,2025-08-02 07:00:00,2000,800
ORD493,2025-07-02,Hdwa250,30420,2025-07-18,Medium,Line-10,2025-08-02 04:00:00,2025-08-02 07:00:00,4500,1500
ORD493,2025-07-02,Hdwa250,30420,2025-07-18,Medium,Line-2,2025-08-06 06:00:00,2025-08-06 07:00:00,1500,1500
ORD493,2025-07-02,Hdwa250,30420,2025-07-18,Medium,Line-7,2025-08-06 07:30:00,2025-08-06 14:30:00,10140,1500
ORD494,2025-07-02,Cond100,10545,2025-07-18,High,Line-10,2025-08-02 20:00:00,2025-08-02 23:00:00,4500,1500
ORD494,2025-07-02,Shmp200,15281,2025-07-18,Medium,Line-2,2025-08-04 22:30:00,2025-08-04 23:00:00,750,1500
ORD494,2025-07-02,Shmp200,15281,2025-07-18,Medium,Line-6,2025-08-02 04:30:00,2025-08-02 07:00:00,2000,800
ORD495,2025-07-02,Lot250,20220,2025-07-18,Medium,Line-7,2025-08-06 15:00:00,2025-08-06 22:00:00,10458,1500
ORD495,2025-07-02,Lot250,20220,2025-07-18,Medium,Line-9,2025-08-05 00:00:00,2025-08-05 07:00:00,9762,1400
ORD495,2025-07-02,Talc100,27250,2025-07-18,High,Line-10,2025-07-31 07:30:00,2025-07-31 14:00:00,9732,1500
ORD495,2025-07-02,Talc100,27250,2025-07-18,High,Line-7,2025-08-03 06:30:00,2025-08-03 07:00:00,750,1500
ORD495,2025-07-02,Talc100,27250,2025-07-18,High,Line-8,2025-08-01 10:00:00,2025-08-01 15:00:00,6000,1200
ORD496,2025-07-02,Hdwa250,11003,2025-07-18,Medium,Line-10,2025-08-03 03:30:00,2025-08-03 07:00:00,5250,1500
ORD496,2025-07-02,Lot100,6439,2025-07-18,High,Line-3,2025-07-27 05:30:00,2025-07-27 07:00:00,1500,1000
ORD497,2025-07-02,Talc100,121431,2025-07-20,High,Line-1,2025-07-30 23:00:00,2025-07-31 07:00:00,9600,1200
ORD497,2025-07-02,Talc100,121431,2025-07-20,High,Line-10,2025-07-31 21:30:00,2025-07-31 23:00:00,2250,1500
ORD497,2025-07-02,Talc100,121431,2025-07-20,High,Line-3,2025-07-30 19:30:00,2025-07-30 23:00:00,3500,1000
ORD497,2025-07-02,Talc100,121431,2025-07-20,High,Line-4,2025-08-02 19:30:00,2025-08-02 23:00:00,2800,800
ORD497,2025-07-02,Talc100,121431,2025-07-20,High,Line-6,2025-08-02 11:30:00,2025-08-02 15:00:00,2800,800
ORD497,2025-07-02,Talc100,121431,2025-07-20,High,Line-7,2025-08-06 22:30:00,2025-08-06 23:00:00,750,1500
ORD498,2025-07-02,Cond100,28376,2025-07-18,Medium,Line-1,2025-07-29 15:30:00,2025-07-29 23:00:00,9000,1200
ORD498,2025-07-02,Cond100,28376,2025-07-18,Medium,Line-5,2025-08-10 11:30:00,2025-08-10 15:00:00,3500,1000
ORD498,2025-07-02,Cond100,28376,2025-07-18,Medium,Line-7,2025-08-03 13:30:00,2025-08-03 15:00:00,2250,1500
ORD498,2025-07-02,Fcws100,5667,2025-07-18,Medium,Line-6,2025-08-02 18:30:00,2025-08-02 23:00:00,3600,800
ORD499,2025-07-02,Lot100,27965,2025-07-18,Medium,Line-2,2025-08-06 20:30:00,2025-08-06 23:00:00,3750,1500
ORD499,2025-07-02,Lot100,27965,2025-07-18,Medium,Line-5,2025-08-10 19:30:00,2025-08-10 23:00:00,3500,1000
ORD499,2025-07-02,Lot100,27965,2025-07-18,Medium,Line-7,2025-08-03 21:30:00,2025-08-03 23:00:00,2250,1500
ORD500,2025-07-02,Gel150,23969,2025-07-18,Medium,Line-10,2025-08-01 04:30:00,2025-08-01 07:00:00,3750,1500
ORD500,2025-07-02,Gel150,23969,2025-07-18,Medium,Line-2,2025-08-05 05:30:00,2025-08-05 07:00:00,2250,1500
ORD500,2025-07-02,Shmp200,21524,2025-07-18,High,Line-3,2025-07-30 05:30:00,2025-07-30 07:00:00,1500,1000
ORD500,2025-07-02,Shmp200,21524,2025-07-18,High,Line-5,2025-08-11 12:00:00,2025-08-11 15:00:00,3000,1000
ORD500,2025-07-02,Shmp200,21524,2025-07-18,High,Line-8,2025-08-04 10:00:00,2025-08-04 15:00:00,6000,1200
ORD501,2025-07-02,Cond100,86859,2025-07-18,High,Line-11,2025-08-03 15:30:00,2025-08-03 23:00:00,9000,1200
ORD501,2025-07-02,Cond100,86859,2025-07-18,High,Line-4,2025-08-04 15:00:00,2025-08-04 23:00:00,6400,800
ORD501,2025-07-02,Cond100,86859,2025-07-18,High,Line-8,2025-08-02 15:00:00,2025-08-02 23:00:00,9600,1200
ORD501,2025-07-02,Crm50,22809,2025-07-18,Medium,Line-1,2025-07-30 15:30:00,2025-07-30 22:30:00,8555,1200
ORD501,2025-07-02,Crm50,22809,2025-07-18,Medium,Line-12,2025-08-03 10:00:00,2025-08-03 15:00:00,5000,1000
ORD501,2025-07-02,Crm50,22809,2025-07-18,Medium,Line-5,2025-08-11 19:00:00,2025-08-11 23:00:00,4000,1000
ORD502,2025-07-02,Fcws100,89053,2025-07-20,Low,Line-11,2025-08-06 03:00:00,2025-08-06 07:00:00,4800,1200
ORD502,2025-07-02,Fcws100,89053,2025-07-20,Low,Line-3,2025-07-31 23:00:00,2025-08-01 07:00:00,8000,1000
ORD502,2025-07-02,Fcws100,89053,2025-07-20,Low,Line-4,2025-08-07 10:00:00,2025-08-07 15:00:00,4000,800
ORD502,2025-07-02,Shmp100,8308,2025-07-20,High,Line-8,2025-08-01 17:00:00,2025-08-01 23:00:00,7200,1200
ORD503,2025-07-02,Gel150,11899,2025-07-18,Low,Line-10,2025-08-02 11:30:00,2025-08-02 15:00:00,5250,1500
ORD503,2025-07-02,Hdwa250,22665,2025-07-18,Low,Line-10,2025-08-01 13:00:00,2025-08-01 15:00:00,3000,1500
ORD503,2025-07-02,Hdwa250,22665,2025-07-18,Low,Line-3,2025-07-27 19:30:00,2025-07-27 23:00:00,3500,1000
ORD503,2025-07-02,Hdwa250,22665,2025-07-18,Low,Line-4,2025-08-03 02:30:00,2025-08-03 07:00:00,3600,800
ORD504,2025-07-02,Fcws100,24865,2025-07-18,High,Line-4,2025-08-05 18:30:00,2025-08-05 23:00:00,3600,800
ORD504,2025-07-02,Gel150,22842,2025-07-18,Low,Line-1,2025-07-30 07:30:00,2025-07-30 15:00:00,9000,1200
ORD504,2025-07-02,Gel150,22842,2025-07-18,Low,Line-12,2025-08-03 02:00:00,2025-08-03 07:00:00,5000,1000
ORD504,2025-07-02,Gel150,22842,2025-07-18,Low,Line-4,2025-08-07 02:00:00,2025-08-07 07:00:00,4000,800
ORD505,2025-07-02,Lot100,24789,2025-07-18,Medium,Line-10,2025-07-31 14:30:00,2025-07-31 15:00:00,750,1500
ORD505,2025-07-02,Lot100,24789,2025-07-18,Medium,Line-11,2025-08-01 19:30:00,2025-08-01 23:00:00,4200,1200
ORD505,2025-07-02,Lot100,24789,2025-07-18,Medium,Line-3,2025-07-27 12:30:00,2025-07-27 15:00:00,2500,1000
ORD505,2025-07-02,Shmp200,18827,2025-07-18,Medium,Line-10,2025-08-03 11:30:00,2025-08-03 15:00:00,5250,1500
ORD505,2025-07-02,Shmp200,18827,2025-07-18,Medium,Line-5,2025-08-12 02:30:00,2025-08-12 07:00:00,4500,1000
ORD506,2025-07-02,Gel150,26003,2025-07-18,High,Line-2,2025-08-06 13:30:00,2025-08-06 15:00:00,2250,1500
ORD506,2025-07-02,Gel150,26003,2025-07-18,High,Line-3,2025-07-30 12:30:00,2025-07-30 15:00:00,2500,1000
ORD506,2025-07-02,Gel150,26003,2025-07-18,High,Line-9,2025-08-05 07:30:00,2025-08-05 14:00:00,9335,1400
ORD506,2025-07-02,Lot250,10129,2025-07-18,High,Line-2,2025-08-05 14:00:00,2025-08-05 15:00:00,1500,1500
ORD507,2025-07-03,Bdwa200,17101,2025-07-18,Low,Line-5,2025-08-12 10:30:00,2025-08-12 15:00:00,4500,1000
ORD507,2025-07-03,Bdwa200,17101,2025-07-18,Low,Line-8,2025-08-04 17:00:00,2025-08-04 23:00:00,7200,1200
ORD507,2025-07-03,Talc100,19968,2025-07-18,Medium,Line-12,2025-08-07 23:30:00,2025-08-08 06:30:00,7132,1000
ORD507,2025-07-03,Talc100,19968,2025-07-18,Medium,Line-3,2025-08-02 13:00:00,2025-08-02 15:00:00,2000,1000
ORD507,2025-07-03,Talc100,19968,2025-07-18,Medium,Line-4,2025-08-10 19:30:00,2025-08-10 23:00:00,2800,800
ORD508,2025-07-03,Hdwa250,16211,2025-07-18,High,Line-1,2025-08-03 19:30:00,2025-08-03 23:00:00,4200,1200
ORD508,2025-07-03,Hdwa250,16211,2025-07-18,High,Line-12,2025-08-07 15:30:00,2025-08-07 23:00:00,7369,1000
ORD508,2025-07-03,Lot100,21606,2025-07-18,High,Line-1,2025-08-01 10:30:00,2025-08-01 15:00:00,5400,1200
ORD508,2025-07-03,Lot100,21606,2025-07-18,High,Line-12,2025-08-04 17:00:00,2025-08-04 23:00:00,6000,1000
ORD508,2025-07-03,Lot100,21606,2025-07-18,High,Line-4,2025-08-09 00:00:00,2025-08-09 07:00:00,5600,800
ORD509,2025-07-03,Crm50,120243,2025-07-18,Medium,Line-2,2025-08-08 17:30:00,2025-08-08 23:00:00,8250,1500
ORD509,2025-07-03,Crm50,120243,2025-07-18,Medium,Line-8,2025-08-06 08:00:00,2025-08-06 15:00:00,8400,1200
ORD509,2025-07-03,Crm50,120243,2025-07-18,Medium,Line-9,2025-08-07 00:00:00,2025-08-07 07:00:00,9800,1400
ORD509,2025-07-03,Shmp100,7894,2025-07-18,High,Line-8,2025-08-09 21:30:00,2025-08-09 23:00:00,1800,1200
ORD510,2025-07-03,Crm50,11035,2025-07-18,Low,Line-9,2025-08-05 14:30:00,2025-08-05 15:00:00,700,1400
ORD510,2025-07-03,Shmp200,6590,2025-07-18,Medium,Line-5,2025-08-14 20:00:00,2025-08-14 23:00:00,3000,1000
ORD511,2025-07-03,Crm50,8342,2025-07-18,Low,Line-8,2025-08-10 04:30:00,2025-08-10 07:00:00,3000,1200
ORD511,2025-07-03,Lot250,28629,2025-07-18,Low,Line-12,2025-08-03 17:30:00,2025-08-03 23:00:00,5500,1000
ORD511,2025-07-03,Lot250,28629,2025-07-18,Low,Line-8,2025-08-05 01:30:00,2025-08-05 07:00:00,6600,1200
ORD511,2025-07-03,Lot250,28629,2025-07-18,Low,Line-9,2025-08-05 23:00:00,2025-08-06 07:00:00,11133,1400
ORD512,2025-07-03,Shmp200,5435,2025-07-20,High,Line-6,2025-08-03 16:30:00,2025-08-03 23:00:00,5200,800
ORD512,2025-07-03,Talc100,61528,2025-07-20,Medium,Line-3,2025-08-02 20:30:00,2025-08-02 23:00:00,2500,1000
ORD512,2025-07-03,Talc100,61528,2025-07-20,Medium,Line-8,2025-08-10 12:00:00,2025-08-10 15:00:00,3600,1200
ORD513,2025-07-03,Cond100,28649,2025-07-18,High,Line-1,2025-08-04 03:30:00,2025-08-04 07:00:00,4200,1200
ORD513,2025-07-03,Cond100,28649,2025-07-18,High,Line-11,2025-08-08 07:30:00,2025-08-08 15:00:00,8815,1200
ORD513,2025-07-03,Cond100,28649,2025-07-18,High,Line-7,2025-08-09 02:30:00,2025-08-09 07:00:00,6750,1500
ORD513,2025-07-03,Hdwa250,19394,2025-07-18,Low,Line-12,2025-08-04 02:00:00,2025-08-04 07:00:00,5000,1000
ORD513,2025-07-03,Hdwa250,19394,2025-07-18,Low,Line-6,2025-08-03 02:00:00,2025-08-03 07:00:00,4000,800
ORD513,2025-07-03,Hdwa250,19394,2025-07-18,Low,Line-8,2025-08-05 10:00:00,2025-08-05 15:00:00,6000,1200
ORD514,2025-07-03,Shmp200,37604,2025-07-18,Low,Line-10,2025-08-06 04:30:00,2025-08-06 07:00:00,3750,1500
ORD514,2025-07-03,Shmp200,37604,2025-07-18,Low,Line-11,2025-08-07 16:00:00,2025-08-07 23:00:00,8400,1200
ORD514,2025-07-03,Shmp200,37604,2025-07-18,Low,Line-4,2025-08-11 03:00:00,2025-08-11 07:00:00,3200,800
ORD514,2025-07-03,Shmp200,37604,2025-07-18,Low,Line-5,2025-08-12 19:00:00,2025-08-12 23:00:00,4000,1000
ORD514,2025-07-03,Shmp200,37604,2025-07-18,Low,Line-5,2025-08-15 10:00:00,2025-08-15 15:00:00,5000,1000
ORD515,2025-07-03,Lot100,66812,2025-07-19,Low,Line-11,2025-08-08 15:30:00,2025-08-08 23:00:00,9000,1200
ORD515,2025-07-03,Lot100,66812,2025-07-19,Low,Line-9,2025-08-09 09:00:00,2025-08-09 15:00:00,8400,1400
ORD515,2025-07-03,Talc100,85451,2025-07-19,Medium,Line-12,2025-08-05 08:00:00,2025-08-05 15:00:00,7000,1000
ORD515,2025-07-03,Talc100,85451,2025-07-19,Medium,Line-4,2025-08-09 07:30:00,2025-08-09 15:00:00,6000,800
ORD515,2025-07-03,Talc100,85451,2025-07-19,Medium,Line-8,2025-08-07 14:00:00,2025-08-07 15:00:00,1200,1200
ORD516,2025-07-03,Gel150,12092,2025-07-18,Low,Line-4,2025-08-10 12:30:00,2025-08-10 15:00:00,2000,800
ORD516,2025-07-03,Gel150,12092,2025-07-18,Low,Line-5,2025-08-15 03:00:00,2025-08-15 07:00:00,4000,1000
ORD516,2025-07-03,Shmp200,11028,2025-07-18,Medium,Line-7,2025-08-08 02:00:00,2025-08-08 07:00:00,7500,1500
ORD517,2025-07-03,Hdwa250,8580,2025-07-19,Low,Line-1,2025-08-01 18:00:00,2025-08-01 23:00:00,6000,1200
ORD517,2025-07-03,Lot250,25894,2025-07-19,Low,Line-11,2025-08-09 17:30:00,2025-08-09 23:00:00,6600,1200
ORD517,2025-07-03,Lot250,25894,2025-07-19,Low,Line-4,2025-08-11 10:00:00,2025-08-11 15:00:00,4000,800
ORD517,2025-07-03,Lot250,25894,2025-07-19,Low,Line-7,2025-08-09 10:30:00,2025-08-09 15:00:00,6750,1500
ORD518,2025-07-03,Crm50,38193,2025-07-19,Medium,Line-10,2025-08-03 19:30:00,2025-08-03 23:00:00,5250,1500
ORD518,2025-07-03,Crm50,38193,2025-07-19,Medium,Line-12,2025-08-08 15:00:00,2025-08-08 21:30:00,6675,1000
ORD518,2025-07-03,Crm50,38193,2025-07-19,Medium,Line-2,2025-08-09 23:30:00,2025-08-10 06:00:00,10013,1500
ORD518,2025-07-03,Crm50,38193,2025-07-19,Medium,Line-4,2025-08-12 16:30:00,2025-08-12 23:00:00,5200,800
ORD518,2025-07-03,Crm50,38193,2025-07-19,Medium,Line-6,2025-08-03 09:00:00,2025-08-03 15:00:00,4800,800
ORD519,2025-07-03,Lot100,11186,2025-07-21,High,Line-9,2025-08-06 07:30:00,2025-08-06 15:00:00,10500,1400
ORD519,2025-07-03,Talc100,81644,2025-07-21,Low,Line-1,2025-08-04 19:00:00,2025-08-04 23:00:00,4800,1200
ORD519,2025-07-03,Talc100,81644,2025-07-21,Low,Line-10,2025-08-07 03:00:00,2025-08-07 07:00:00,6000,1500
ORD520,2025-07-03,Gel150,22194,2025-07-19,High,Line-4,2025-08-11 18:00:00,2025-08-11 23:00:00,4000,800
ORD520,2025-07-03,Gel150,22194,2025-07-19,High,Line-5,2025-08-15 17:00:00,2025-08-15 23:00:00,6000,1000
ORD520,2025-07-03,Gel150,22194,2025-07-19,High,Line-8,2025-08-11 16:30:00,2025-08-11 23:00:00,7800,1200
ORD520,2025-07-03,Shmp200,11806,2025-07-19,Low,Line-7,2025-08-08 10:00:00,2025-08-08 15:00:00,7500,1500
ORD521,2025-07-03,Crm50,32582,2025-07-19,Medium,Line-10,2025-08-04 10:30:00,2025-08-04 15:00:00,6750,1500
ORD521,2025-07-03,Crm50,32582,2025-07-19,Medium,Line-2,2025-08-08 02:00:00,2025-08-08 07:00:00,7500,1500
ORD521,2025-07-03,Crm50,32582,2025-07-19,Medium,Line-9,2025-08-06 16:00:00,2025-08-06 23:00:00,9800,1400
ORD521,2025-07-03,Shmp200,20736,2025-07-19,High,Line-12,2025-08-08 07:00:00,2025-08-08 14:30:00,7405,1000
ORD521,2025-07-03,Shmp200,20736,2025-07-19,High,Line-5,2025-08-16 01:00:00,2025-08-16 07:00:00,6000,1000
ORD521,2025-07-03,Shmp200,20736,2025-07-19,High,Line-6,2025-08-05 11:00:00,2025-08-05 15:00:00,3200,800
ORD522,2025-07-03,Cond100,5229,2025-07-19,Medium,Line-4,2025-08-12 02:00:00,2025-08-12 07:00:00,4000,800
ORD522,2025-07-03,Gel150,82489,2025-07-19,High,Line-12,2025-08-06 13:00:00,2025-08-06 15:00:00,2000,1000
ORD522,2025-07-03,Gel150,82489,2025-07-19,High,Line-5,2025-08-13 17:30:00,2025-08-13 23:00:00,5500,1000
ORD522,2025-07-03,Gel150,82489,2025-07-19,High,Line-8,2025-08-08 19:00:00,2025-08-08 23:00:00,4800,1200
ORD523,2025-07-03,Hdwa250,28536,2025-07-19,Low,Line-1,2025-08-01 02:30:00,2025-08-01 07:00:00,5400,1200
ORD523,2025-07-03,Hdwa250,28536,2025-07-19,Low,Line-12,2025-08-04 09:00:00,2025-08-04 15:00:00,6000,1000
ORD523,2025-07-03,Hdwa250,28536,2025-07-19,Low,Line-2,2025-08-07 03:30:00,2025-08-07 07:00:00,5250,1500
ORD523,2025-07-03,Lot250,22714,2025-07-19,High,Line-2,2025-08-10 06:30:00,2025-08-10 07:00:00,750,1500
ORD523,2025-07-03,Lot250,22714,2025-07-19,High,Line-4,2025-08-12 23:30:00,2025-08-13 06:30:00,5506,800
ORD523,2025-07-03,Lot250,22714,2025-07-19,High,Line-5,2025-08-17 00:00:00,2025-08-17 07:00:00,6883,1000
ORD524,2025-07-03,Cond100,5622,2025-07-21,High,Line-6,2025-08-04 00:00:00,2025-08-04 07:00:00,5600,800
ORD524,2025-07-03,Crm50,28394,2025-07-21,Medium,Line-5,2025-08-17 07:30:00,2025-08-17 15:00:00,7500,1000
ORD525,2025-07-03,Fcws100,5521,2025-07-19,Medium,Line-4,2025-08-12 09:00:00,2025-08-12 15:00:00,4800,800
ORD525,2025-07-03,Talc100,70553,2025-07-19,Medium,Line-1,2025-08-02 17:00:00,2025-08-02 23:00:00,7200,1200
ORD525,2025-07-03,Talc100,70553,2025-07-19,Medium,Line-10,2025-08-05 02:00:00,2025-08-05 07:00:00,7500,1500
ORD526,2025-07-03,Crm50,28122,2025-07-19,High,Line-1,2025-08-04 11:30:00,2025-08-04 15:00:00,4200,1200
ORD526,2025-07-03,Crm50,28122,2025-07-19,High,Line-10,2025-08-06 11:30:00,2025-08-06 15:00:00,5250,1500
ORD526,2025-07-03,Crm50,28122,2025-07-19,High,Line-11,2025-08-10 01:30:00,2025-08-10 07:00:00,6600,1200
ORD526,2025-07-03,Hdwa250,17650,2025-07-19,Low,Line-11,2025-08-07 09:00:00,2025-08-07 15:00:00,7200,1200
ORD526,2025-07-03,Hdwa250,17650,2025-07-19,Low,Line-2,2025-08-07 11:30:00,2025-08-07 15:00:00,5250,1500
ORD527,2025-07-03,Fcws100,14999,2025-07-19,Medium,Line-1,2025-08-02 01:30:00,2025-08-02 07:00:00,6600,1200
ORD527,2025-07-03,Fcws100,14999,2025-07-19,Medium,Line-5,2025-08-13 02:30:00,2025-08-13 07:00:00,4500,1000
ORD527,2025-07-03,Gel150,10656,2025-07-19,High,Line-7,2025-08-09 18:30:00,2025-08-09 23:00:00,6750,1500
ORD528,2025-07-03,Bdwa200,11739,2025-07-19,High,Line-7,2025-08-10 02:00:00,2025-08-10 07:00:00,7500,1500
ORD528,2025-07-03,Fcws100,5868,2025-07-19,High,Line-4,2025-08-08 16:00:00,2025-08-08 23:00:00,5600,800
ORD529,2025-07-03,Crm50,16678,2025-07-19,Low,Line-11,2025-08-10 09:00:00,2025-08-10 15:00:00,7200,1200
ORD529,2025-07-03,Crm50,16678,2025-07-19,Low,Line-9,2025-08-10 11:00:00,2025-08-10 15:00:00,5600,1400
ORD529,2025-07-03,Gel150,13780,2025-07-19,Medium,Line-12,2025-08-05 00:30:00,2025-08-05 07:00:00,6500,1000
ORD529,2025-07-03,Gel150,13780,2025-07-19,Medium,Line-5,2025-08-13 10:00:00,2025-08-13 15:00:00,5000,1000
ORD530,2025-07-03,Gel150,7628,2025-07-19,Low,Line-3,2025-08-02 05:00:00,2025-08-02 07:00:00,2000,1000
ORD530,2025-07-03,Shmp100,22234,2025-07-19,Medium,Line-10,2025-08-06 19:00:00,2025-08-06 23:00:00,6000,1500
ORD530,2025-07-03,Shmp100,22234,2025-07-19,Medium,Line-9,2025-08-11 02:00:00,2025-08-11 07:00:00,7000,1400
ORD531,2025-07-03,Crm50,28949,2025-07-19,High,Line-1,2025-08-02 09:00:00,2025-08-02 15:00:00,7200,1200
ORD531,2025-07-03,Crm50,28949,2025-07-19,High,Line-11,2025-08-07 23:30:00,2025-08-08 07:00:00,8907,1200
ORD531,2025-07-03,Crm50,28949,2025-07-19,High,Line-7,2025-08-08 18:30:00,2025-08-08 23:00:00,6750,1500
ORD531,2025-07-03,Hdwa250,12121,2025-07-19,High,Line-5,2025-08-16 09:00:00,2025-08-16 15:00:00,6000,1000
ORD531,2025-07-03,Hdwa250,12121,2025-07-19,High,Line-6,2025-08-05 19:00:00,2025-08-05 23:00:00,3200,800
ORD532,2025-07-03,Cond100,10583,2025-07-19,Medium,Line-7,2025-08-10 10:30:00,2025-08-10 15:00:00,6750,1500
ORD532,2025-07-03,Talc100,37068,2025-07-19,Medium,Line-9,2025-08-08 06:00:00,2025-08-08 07:00:00,1400,1400
ORD533,2025-07-03,Bdwa200,7521,2025-07-19,Low,Line-5,2025-08-16 16:00:00,2025-08-16 23:00:00,7000,1000
ORD533,2025-07-03,Lot250,29645,2025-07-19,High,Line-10,2025-08-04 03:00:00,2025-08-04 07:00:00,6000,1500
ORD533,2025-07-03,Lot250,29645,2025-07-19,High,Line-2,2025-08-07 18:30:00,2025-08-07 23:00:00,6750,1500
ORD533,2025-07-03,Lot250,29645,2025-07-19,High,Line-8,2025-08-05 17:00:00,2025-08-05 23:00:00,7200,1200
ORD534,2025-07-03,Gel150,28455,2025-07-19,Low,Line-10,2025-08-04 18:30:00,2025-08-04 23:00:00,6750,1500
ORD534,2025-07-03,Gel150,28455,2025-07-19,Low,Line-2,2025-08-08 10:00:00,2025-08-08 15:00:00,7500,1500
ORD534,2025-07-03,Gel150,28455,2025-07-19,Low,Line-8,2025-08-06 00:30:00,2025-08-06 07:00:00,7800,1200
ORD534,2025-07-03,Lot250,6112,2025-07-19,High,Line-4,2025-08-13 07:00:00,2025-08-13 14:30:00,6112,800
ORD535,2025-07-03,Crm50,21799,2025-07-19,Medium,Line-6,2025-08-04 07:30:00,2025-08-04 15:00:00,6000,800
ORD535,2025-07-03,Gel150,10649,2025-07-19,Low,Line-9,2025-08-10 18:00:00,2025-08-10 23:00:00,7000,1400
ORD536,2025-07-04,Crm50,15962,2025-07-19,Low,Line-12,2025-08-08 22:00:00,2025-08-08 23:00:00,1000,1000
ORD536,2025-07-04,Crm50,15962,2025-07-19,Low,Line-3,2025-08-04 01:00:00,2025-08-04 07:00:00,6000,1000
ORD536,2025-07-04,Shmp200,26978,2025-07-19,Medium,Line-11,2025-08-11 15:00:00,2025-08-11 23:00:00,9521,1200
ORD536,2025-07-04,Shmp200,26978,2025-07-19,Medium,Line-12,2025-08-10 12:00:00,2025-08-10 15:00:00,3000,1000
ORD536,2025-07-04,Shmp200,26978,2025-07-19,Medium,Line-8,2025-08-12 15:00:00,2025-08-12 23:00:00,9521,1200
ORD537,2025-07-04,Crm50,6212,2025-07-19,Medium,Line-6,2025-08-09 00:00:00,2025-08-09 07:00:00,5600,800
ORD537,2025-07-04,Hdwa250,14126,2025-07-19,Low,Line-1,2025-08-07 01:30:00,2025-08-07 07:00:00,6600,1200
ORD537,2025-07-04,Hdwa250,14126,2025-07-19,Low,Line-6,2025-08-06 18:30:00,2025-08-06 23:00:00,3600,800
ORD538,2025-07-04,Gel150,5683,2025-07-19,High,Line-6,2025-08-09 08:30:00,2025-08-09 15:00:00,5200,800
ORD538,2025-07-04,Hdwa250,15838,2025-07-19,High,Line-1,2025-08-06 01:30:00,2025-08-06 07:00:00,6600,1200
ORD538,2025-07-04,Hdwa250,15838,2025-07-19,High,Line-6,2025-08-06 02:00:00,2025-08-06 07:00:00,4000,800
ORD539,2025-07-04,Lot250,10494,2025-07-21,Low,Line-9,2025-08-11 10:00:00,2025-08-11 15:00:00,7000,1400
ORD539,2025-07-04,Shmp100,64779,2025-07-21,Medium,Line-11,2025-08-11 23:30:00,2025-08-12 07:00:00,9000,1200
ORD539,2025-07-04,Shmp100,64779,2025-07-21,Medium,Line-12,2025-08-10 20:30:00,2025-08-10 23:00:00,2500,1000
ORD540,2025-07-04,Lot100,47730,2025-07-06,Low,Line-10,2025-08-08 16:30:00,2025-08-08 23:00:00,9750,1500
ORD541,2025-07-04,Crm50,5935,2025-07-04,Medium,Line-6,2025-08-06 10:30:00,2025-08-06 15:00:00,3600,800
ORD542,2025-07-04,Shmp100,6356,2025-07-04,Low,Line-4,2025-08-13 15:00:00,2025-08-13 23:00:00,6356,800
ORD543,2025-07-04,Shmp200,21086,2025-07-04,High,Line-11,2025-08-10 16:00:00,2025-08-10 23:00:00,8400,1200
ORD543,2025-07-04,Shmp200,21086,2025-07-04,High,Line-7,2025-08-10 18:00:00,2025-08-10 23:00:00,7500,1500
ORD544,2025-07-04,Talc100,8660,2025-07-04,Low,Line-8,2025-08-12 00:30:00,2025-08-12 07:00:00,7800,1200
ORD545,2025-07-04,Fcws100,21308,2025-07-04,Low,Line-1,2025-08-06 10:00:00,2025-08-06 15:00:00,6000,1200
ORD545,2025-07-04,Fcws100,21308,2025-07-04,Low,Line-12,2025-08-09 06:30:00,2025-08-09 07:00:00,500,1000
ORD545,2025-07-04,Fcws100,21308,2025-07-04,Low,Line-3,2025-08-04 09:30:00,2025-08-04 15:00:00,5500,1000
ORD546,2025-07-04,Lot100,23075,2025-07-04,Medium,Line-11,2025-08-11 07:30:00,2025-08-11 14:30:00,8144,1200
ORD546,2025-07-04,Lot100,23075,2025-07-04,Medium,Line-6,2025-08-07 02:00:00,2025-08-07 07:00:00,4000,800
ORD546,2025-07-04,Lot100,23075,2025-07-04,Medium,Line-9,2025-08-11 18:00:00,2025-08-11 23:00:00,7000,1400
ORD547,2025-07-04,Fcws100,13498,2025-07-04,Medium,Line-12,2025-08-09 13:30:00,2025-08-09 15:00:00,1500,1000
ORD547,2025-07-04,Fcws100,13498,2025-07-04,Medium,Line-5,2025-08-18 12:30:00,2025-08-18 15:00:00,2500,1000
ORD548,2025-07-04,Crm50,7059,2025-07-04,Medium,Line-12,2025-08-10 04:30:00,2025-08-10 07:00:00,2500,1000
ORD549,2025-07-04,Talc100,7134,2025-07-04,Low,Line-3,2025-08-04 16:30:00,2025-08-04 23:00:00,6500,1000
ORD550,2025-07-04,Fcws100,25837,2025-07-04,Medium,Line-12,2025-08-09 20:30:00,2025-08-09 23:00:00,2500,1000
ORD550,2025-07-04,Fcws100,25837,2025-07-04,Medium,Line-2,2025-08-10 14:00:00,2025-08-10 15:00:00,1500,1500
ORD550,2025-07-04,Fcws100,25837,2025-07-04,Medium,Line-5,2025-08-18 19:30:00,2025-08-18 23:00:00,3500,1000
ORD551,2025-07-04,Crm50,27613,2025-07-04,High,Line-10,2025-08-08 09:30:00,2025-08-08 15:00:00,8250,1500
ORD551,2025-07-04,Crm50,27613,2025-07-04,High,Line-2,2025-08-10 22:00:00,2025-08-10 23:00:00,1500,1500
ORD551,2025-07-04,Crm50,27613,2025-07-04,High,Line-8,2025-08-12 08:00:00,2025-08-12 14:30:00,7889,1200
ORD552,2025-07-04,Shmp200,18391,2025-07-04,Low,Line-2,2025-08-11 05:00:00,2025-08-11 07:00:00,3000,1500
ORD552,2025-07-04,Shmp200,18391,2025-07-04,Low,Line-5,2025-08-19 03:30:00,2025-08-19 07:00:00,3500,1000
ORD553,2025-07-04,Shmp100,88431,2025-07-06,High,Line-7,2025-08-11 02:30:00,2025-08-11 07:00:00,6750,1500
ORD553,2025-07-04,Shmp100,88431,2025-07-06,High,Line-9,2025-08-12 01:30:00,2025-08-12 07:00:00,7700,1400
ORD554,2025-07-04,Lot100,9337,2025-07-04,High,Line-1,2025-08-06 17:00:00,2025-08-06 23:00:00,7200,1200
ORD555,2025-07-04,Talc100,8047,2025-07-04,Low,Line-11,2025-08-11 00:30:00,2025-08-11 07:00:00,7800,1200
ORD556,2025-07-04,Bdwa200,20581,2025-07-04,Medium,Line-2,2025-08-11 13:00:00,2025-08-11 15:00:00,3000,1500
ORD556,2025-07-04,Bdwa200,20581,2025-07-04,Medium,Line-4,2025-08-13 23:30:00,2025-08-14 06:00:00,5312,800
ORD556,2025-07-04,Bdwa200,20581,2025-07-04,Medium,Line-6,2025-08-07 09:30:00,2025-08-07 15:00:00,4400,800
ORD557,2025-07-04,Crm50,71123,2025-07-06,High,Line-10,2025-08-10 01:00:00,2025-08-10 07:00:00,9000,1500
ORD557,2025-07-04,Crm50,71123,2025-07-06,High,Line-6,2025-08-07 16:30:00,2025-08-07 23:00:00,5200,800
ORD558,2025-07-05,Shmp100,27463,2025-07-05,High,Line-11,2025-08-13 05:30:00,2025-08-13 07:00:00,1800,1200
ORD558,2025-07-05,Shmp100,27463,2025-07-05,High,Line-2,2025-08-11 20:00:00,2025-08-11 23:00:00,4500,1500
ORD558,2025-07-05,Shmp100,27463,2025-07-05,High,Line-8,2025-08-12 23:30:00,2025-08-13 06:30:00,8450,1200
ORD559,2025-07-05,Talc100,13336,2025-07-05,Medium,Line-12,2025-08-12 02:30:00,2025-08-12 07:00:00,4500,1000
ORD559,2025-07-05,Talc100,13336,2025-07-05,Medium,Line-3,2025-08-05 00:00:00,2025-08-05 06:30:00,6668,1000
ORD560,2025-07-05,Shmp100,8291,2025-07-05,High,Line-1,2025-08-07 09:00:00,2025-08-07 15:00:00,7200,1200
