"Order ID","Order Date","SKU","Quantity","Delivery Date_x","Priority","Order Date_Prod","Line","Production Start DateTime","Production End DateTime","Planned Quantity","Speed (Units/hr)","Delivery Date_y"
"ORD201","6/20/2025","Bdwa200","16784","7/5/2025","Medium","6/20/2025","Line-1","6/20/2025 6:30","6/20/2025 7:00","600","1200","7/5/2025"
"ORD201","6/20/2025","Bdwa200","16784","7/5/2025","Medium","6/20/2025","Line-1","6/20/2025 6:30","6/20/2025 7:00","600","1200","7/5/2025"
"ORD201","6/20/2025","Bdwa200","16784","7/5/2025","Medium","6/20/2025","Line-11","6/20/2025 6:30","6/20/2025 7:00","600","1200","7/5/2025"
"ORD201","6/20/2025","Bdwa200","16784","7/5/2025","Medium","6/20/2025","Line-11","6/20/2025 6:30","6/20/2025 7:00","600","1200","7/5/2025"
"ORD201","6/20/2025","Crm50","8228","7/5/2025","High","6/20/2025","Line-8","6/20/2025 21:00","6/20/2025 23:00","2400","1200","7/5/2025"
"ORD201","6/20/2025","Crm50","8228","7/5/2025","High","6/20/2025","Line-8","6/20/2025 21:00","6/20/2025 23:00","2400","1200","7/5/2025"
"ORD202","6/20/2025","Lot250","11765","7/5/2025","Medium","6/20/2025","Line-4","6/21/2025 5:00","6/21/2025 7:00","1600","800","7/5/2025"
"ORD202","6/20/2025","Lot250","11765","7/5/2025","Medium","6/20/2025","Line-4","6/21/2025 5:00","6/21/2025 7:00","1600","800","7/5/2025"
"ORD202","6/20/2025","Lot250","11765","7/5/2025","Medium","6/20/2025","Line-6","6/20/2025 22:00","6/20/2025 23:00","800","800","7/5/2025"
"ORD202","6/20/2025","Lot250","11765","7/5/2025","Medium","6/20/2025","Line-6","6/20/2025 22:00","6/20/2025 23:00","800","800","7/5/2025"
"ORD202","6/20/2025","Shmp100","6612","7/5/2025","Low","6/20/2025","Line-12","6/22/2025 12:00","6/22/2025 15:00","3000","1000","7/5/2025"
"ORD202","6/20/2025","Shmp100","6612","7/5/2025","Low","6/20/2025","Line-12","6/22/2025 12:00","6/22/2025 15:00","3000","1000","7/5/2025"
"ORD203","6/20/2025","Fcws100","24776","7/7/2025","Low","6/20/2025","Line-4","6/20/2025 6:30","6/20/2025 7:00","400","800","7/7/2025"
"ORD203","6/20/2025","Fcws100","24776","7/7/2025","Low","6/20/2025","Line-4","6/20/2025 6:30","6/20/2025 7:00","400","800","7/7/2025"
"ORD203","6/20/2025","Fcws100","24776","7/7/2025","Low","6/20/2025","Line-6","6/20/2025 6:30","6/20/2025 7:00","400","800","7/7/2025"
"ORD203","6/20/2025","Fcws100","24776","7/7/2025","Low","6/20/2025","Line-6","6/20/2025 6:30","6/20/2025 7:00","400","800","7/7/2025"
"ORD203","6/20/2025","Fcws100","24776","7/7/2025","Low","6/20/2025","Line-7","6/20/2025 6:30","6/20/2025 7:00","750","1500","7/7/2025"
"ORD203","6/20/2025","Fcws100","24776","7/7/2025","Low","6/20/2025","Line-7","6/20/2025 6:30","6/20/2025 7:00","750","1500","7/7/2025"
"ORD203","6/20/2025","Gel150","78201","7/7/2025","Low","6/20/2025","Line-1","6/21/2025 11:30","6/21/2025 15:00","4200","1200","7/7/2025"
"ORD203","6/20/2025","Gel150","78201","7/7/2025","Low","6/20/2025","Line-1","6/21/2025 11:30","6/21/2025 15:00","4200","1200","7/7/2025"
"ORD203","6/20/2025","Gel150","78201","7/7/2025","Low","6/20/2025","Line-10","6/22/2025 3:30","6/22/2025 7:00","5250","1500","7/7/2025"
"ORD203","6/20/2025","Gel150","78201","7/7/2025","Low","6/20/2025","Line-10","6/22/2025 3:30","6/22/2025 7:00","5250","1500","7/7/2025"
"ORD204","6/20/2025","Cond100","11808","7/5/2025","Medium","6/20/2025","Line-4","6/22/2025 12:30","6/22/2025 15:00","2000","800","7/5/2025"
"ORD204","6/20/2025","Cond100","11808","7/5/2025","Medium","6/20/2025","Line-4","6/22/2025 12:30","6/22/2025 15:00","2000","800","7/5/2025"
"ORD204","6/20/2025","Cond100","11808","7/5/2025","Medium","6/20/2025","Line-5","6/23/2025 12:00","6/23/2025 15:00","3000","1000","7/5/2025"
"ORD204","6/20/2025","Cond100","11808","7/5/2025","Medium","6/20/2025","Line-5","6/23/2025 12:00","6/23/2025 15:00","3000","1000","7/5/2025"
"ORD204","6/20/2025","Lot100","8372","7/5/2025","Medium","6/20/2025","Line-11","6/20/2025 14:00","6/20/2025 15:00","1200","1200","7/5/2025"
"ORD204","6/20/2025","Lot100","8372","7/5/2025","Medium","6/20/2025","Line-11","6/20/2025 14:00","6/20/2025 15:00","1200","1200","7/5/2025"
"ORD205","6/20/2025","Shmp100","17066","7/5/2025","High","6/20/2025","Line-1","6/20/2025 14:00","6/20/2025 15:00","1200","1200","7/5/2025"
"ORD205","6/20/2025","Shmp100","17066","7/5/2025","High","6/20/2025","Line-11","6/22/2025 18:00","6/22/2025 23:00","6000","1200","7/5/2025"
"ORD206","6/20/2025","Bdwa200","20507","7/5/2025","Medium","6/20/2025","Line-1","6/20/2025 21:00","6/20/2025 23:00","2400","1200","7/5/2025"
"ORD206","6/20/2025","Bdwa200","20507","7/5/2025","Medium","6/20/2025","Line-1","6/20/2025 21:00","6/20/2025 23:00","2400","1200","7/5/2025"
"ORD206","6/20/2025","Bdwa200","20507","7/5/2025","Medium","6/20/2025","Line-12","6/21/2025 4:30","6/21/2025 7:00","2500","1000","7/5/2025"
"ORD206","6/20/2025","Bdwa200","20507","7/5/2025","Medium","6/20/2025","Line-12","6/21/2025 4:30","6/21/2025 7:00","2500","1000","7/5/2025"
"ORD206","6/20/2025","Bdwa200","20507","7/5/2025","Medium","6/20/2025","Line-4","6/22/2025 19:30","6/22/2025 23:00","2800","800","7/5/2025"
"ORD206","6/20/2025","Bdwa200","20507","7/5/2025","Medium","6/20/2025","Line-4","6/22/2025 19:30","6/22/2025 23:00","2800","800","7/5/2025"
"ORD206","6/20/2025","Gel150","25904","7/5/2025","Low","6/20/2025","Line-2","6/20/2025 15:00","6/20/2025 22:51","11776","1500","7/5/2025"
"ORD206","6/20/2025","Gel150","25904","7/5/2025","Low","6/20/2025","Line-2","6/20/2025 15:00","6/20/2025 22:51","11776","1500","7/5/2025"
"ORD206","6/20/2025","Gel150","25904","7/5/2025","Low","6/20/2025","Line-4","6/21/2025 13:00","6/21/2025 15:00","1600","800","7/5/2025"
"ORD206","6/20/2025","Gel150","25904","7/5/2025","Low","6/20/2025","Line-4","6/21/2025 13:00","6/21/2025 15:00","1600","800","7/5/2025"
"ORD206","6/20/2025","Gel150","25904","7/5/2025","Low","6/20/2025","Line-5","6/21/2025 7:00","6/21/2025 14:50","7849","1000","7/5/2025"
"ORD206","6/20/2025","Gel150","25904","7/5/2025","Low","6/20/2025","Line-5","6/21/2025 7:00","6/21/2025 14:50","7849","1000","7/5/2025"
"ORD207","6/20/2025","Lot100","36701","7/5/2025","Medium","6/20/2025","Line-9","6/21/2025 11:30","6/21/2025 15:00","4900","1400","7/5/2025"
"ORD207","6/20/2025","Lot100","36701","7/5/2025","Medium","6/20/2025","Line-9","6/21/2025 11:30","6/21/2025 15:00","4900","1400","7/5/2025"
"ORD207","6/20/2025","Shmp100","23737","7/5/2025","Medium","6/20/2025","Line-1","6/21/2025 4:30","6/21/2025 7:00","3000","1200","7/5/2025"
"ORD207","6/20/2025","Shmp100","23737","7/5/2025","Medium","6/20/2025","Line-1","6/21/2025 4:30","6/21/2025 7:00","3000","1200","7/5/2025"
"ORD207","6/20/2025","Shmp100","23737","7/5/2025","Medium","6/20/2025","Line-2","6/22/2025 18:30","6/22/2025 23:00","6750","1500","7/5/2025"
"ORD207","6/20/2025","Shmp100","23737","7/5/2025","Medium","6/20/2025","Line-2","6/22/2025 18:30","6/22/2025 23:00","6750","1500","7/5/2025"
"ORD207","6/20/2025","Shmp100","23737","7/5/2025","Medium","6/20/2025","Line-3","6/22/2025 2:30","6/22/2025 7:00","4500","1000","7/5/2025"
"ORD207","6/20/2025","Shmp100","23737","7/5/2025","Medium","6/20/2025","Line-3","6/22/2025 2:30","6/22/2025 7:00","4500","1000","7/5/2025"
"ORD208","6/20/2025","Cond100","87461","7/7/2025","Medium","6/20/2025","Line-3","6/23/2025 8:00","6/23/2025 15:00","7000","1000","7/7/2025"
"ORD208","6/20/2025","Cond100","87461","7/7/2025","Medium","6/20/2025","Line-3","6/23/2025 8:00","6/23/2025 15:00","7000","1000","7/7/2025"
"ORD208","6/20/2025","Cond100","87461","7/7/2025","Medium","6/20/2025","Line-6","6/24/2025 5:00","6/24/2025 7:00","1600","800","7/7/2025"
"ORD208","6/20/2025","Cond100","87461","7/7/2025","Medium","6/20/2025","Line-6","6/24/2025 5:00","6/24/2025 7:00","1600","800","7/7/2025"
"ORD208","6/20/2025","Cond100","87461","7/7/2025","Medium","6/20/2025","Line-8","6/21/2025 20:00","6/21/2025 23:00","3600","1200","7/7/2025"
"ORD208","6/20/2025","Cond100","87461","7/7/2025","Medium","6/20/2025","Line-8","6/21/2025 20:00","6/21/2025 23:00","3600","1200","7/7/2025"
"ORD208","6/20/2025","Gel150","31242","7/7/2025","High","6/20/2025","Line-10","6/20/2025 6:30","6/20/2025 7:00","750","1500","7/7/2025"
"ORD208","6/20/2025","Gel150","31242","7/7/2025","High","6/20/2025","Line-10","6/20/2025 6:30","6/20/2025 7:00","750","1500","7/7/2025"
"ORD208","6/20/2025","Gel150","31242","7/7/2025","High","6/20/2025","Line-2","6/20/2025 6:30","6/20/2025 7:00","750","1500","7/7/2025"
"ORD208","6/20/2025","Gel150","31242","7/7/2025","High","6/20/2025","Line-2","6/20/2025 6:30","6/20/2025 7:00","750","1500","7/7/2025"
"ORD208","6/20/2025","Gel150","31242","7/7/2025","High","6/20/2025","Line-5","6/20/2025 6:30","6/20/2025 7:00","500","1000","7/7/2025"
"ORD208","6/20/2025","Gel150","31242","7/7/2025","High","6/20/2025","Line-5","6/20/2025 6:30","6/20/2025 7:00","500","1000","7/7/2025"
"ORD209","6/20/2025","Cond100","15865","7/5/2025","High","6/20/2025","Line-4","6/21/2025 21:30","6/21/2025 23:00","1200","800","7/5/2025"
"ORD209","6/20/2025","Cond100","15865","7/5/2025","High","6/20/2025","Line-4","6/21/2025 21:30","6/21/2025 23:00","1200","800","7/5/2025"
"ORD209","6/20/2025","Cond100","15865","7/5/2025","High","6/20/2025","Line-9","6/20/2025 20:30","6/20/2025 23:00","3500","1400","7/5/2025"
"ORD209","6/20/2025","Cond100","15865","7/5/2025","High","6/20/2025","Line-9","6/20/2025 20:30","6/20/2025 23:00","3500","1400","7/5/2025"
"ORD209","6/20/2025","Lot250","25091","7/5/2025","Low","6/20/2025","Line-12","6/21/2025 12:00","6/21/2025 15:00","3000","1000","7/5/2025"
"ORD209","6/20/2025","Lot250","25091","7/5/2025","Low","6/20/2025","Line-12","6/21/2025 12:00","6/21/2025 15:00","3000","1000","7/5/2025"
"ORD209","6/20/2025","Lot250","25091","7/5/2025","Low","6/20/2025","Line-2","6/22/2025 11:30","6/22/2025 15:00","5250","1500","7/5/2025"
"ORD209","6/20/2025","Lot250","25091","7/5/2025","Low","6/20/2025","Line-2","6/22/2025 11:30","6/22/2025 15:00","5250","1500","7/5/2025"
"ORD209","6/20/2025","Lot250","25091","7/5/2025","Low","6/20/2025","Line-9","6/22/2025 14:00","6/22/2025 15:00","1400","1400","7/5/2025"
"ORD209","6/20/2025","Lot250","25091","7/5/2025","Low","6/20/2025","Line-9","6/22/2025 14:00","6/22/2025 15:00","1400","1400","7/5/2025"
"ORD210","6/20/2025","Shmp100","22440","7/5/2025","Medium","6/20/2025","Line-10","6/21/2025 20:30","6/21/2025 23:00","3750","1500","7/5/2025"
"ORD210","6/20/2025","Shmp100","22440","7/5/2025","Medium","6/20/2025","Line-10","6/21/2025 20:30","6/21/2025 23:00","3750","1500","7/5/2025"
"ORD210","6/20/2025","Shmp100","22440","7/5/2025","Medium","6/20/2025","Line-3","6/22/2025 9:30","6/22/2025 15:00","5500","1000","7/5/2025"
"ORD210","6/20/2025","Shmp100","22440","7/5/2025","Medium","6/20/2025","Line-3","6/22/2025 9:30","6/22/2025 15:00","5500","1000","7/5/2025"
"ORD210","6/20/2025","Shmp100","22440","7/5/2025","Medium","6/20/2025","Line-5","6/24/2025 10:30","6/24/2025 15:00","4500","1000","7/5/2025"
"ORD210","6/20/2025","Shmp100","22440","7/5/2025","Medium","6/20/2025","Line-5","6/24/2025 10:30","6/24/2025 15:00","4500","1000","7/5/2025"
"ORD210","6/20/2025","Shmp200","7813","7/5/2025","High","6/20/2025","Line-5","6/20/2025 15:00","6/20/2025 22:48","7813","1000","7/5/2025"
"ORD210","6/20/2025","Shmp200","7813","7/5/2025","High","6/20/2025","Line-5","6/20/2025 15:00","6/20/2025 22:48","7813","1000","7/5/2025"
"ORD211","6/20/2025","Cond100","79210","7/7/2025","Medium","6/20/2025","Line-1","6/22/2025 17:00","6/22/2025 23:00","7200","1200","7/7/2025"
"ORD211","6/20/2025","Cond100","79210","7/7/2025","Medium","6/20/2025","Line-1","6/22/2025 17:00","6/22/2025 23:00","7200","1200","7/7/2025"
"ORD211","6/20/2025","Cond100","79210","7/7/2025","Medium","6/20/2025","Line-5","6/24/2025 17:30","6/24/2025 23:00","5500","1000","7/7/2025"
"ORD211","6/20/2025","Cond100","79210","7/7/2025","Medium","6/20/2025","Line-5","6/24/2025 17:30","6/24/2025 23:00","5500","1000","7/7/2025"
"ORD211","6/20/2025","Cond100","79210","7/7/2025","Medium","6/20/2025","Line-6","6/25/2025 10:30","6/25/2025 15:00","3600","800","7/7/2025"
"ORD211","6/20/2025","Cond100","79210","7/7/2025","Medium","6/20/2025","Line-6","6/25/2025 10:30","6/25/2025 15:00","3600","800","7/7/2025"
"ORD211","6/20/2025","Fcws100","16346","7/7/2025","Low","6/20/2025","Line-5","6/21/2025 15:30","6/21/2025 22:18","6810","1000","7/7/2025"
"ORD211","6/20/2025","Fcws100","16346","7/7/2025","Low","6/20/2025","Line-5","6/21/2025 15:30","6/21/2025 22:18","6810","1000","7/7/2025"
"ORD211","6/20/2025","Fcws100","16346","7/7/2025","Low","6/20/2025","Line-9","6/21/2025 4:00","6/21/2025 7:00","4200","1400","7/7/2025"
"ORD211","6/20/2025","Fcws100","16346","7/7/2025","Low","6/20/2025","Line-9","6/21/2025 4:00","6/21/2025 7:00","4200","1400","7/7/2025"
"ORD212","6/20/2025","Bdwa200","36139","7/5/2025","High","6/20/2025","Line-11","6/21/2025 11:30","6/21/2025 15:00","4200","1200","7/5/2025"
"ORD212","6/20/2025","Bdwa200","36139","7/5/2025","High","6/20/2025","Line-11","6/21/2025 11:30","6/21/2025 15:00","4200","1200","7/5/2025"
"ORD212","6/20/2025","Shmp100","7915","7/5/2025","Medium","6/20/2025","Line-12","6/21/2025 19:00","6/21/2025 23:00","4000","1000","7/5/2025"
"ORD212","6/20/2025","Shmp100","7915","7/5/2025","Medium","6/20/2025","Line-12","6/21/2025 19:00","6/21/2025 23:00","4000","1000","7/5/2025"
"ORD213","6/20/2025","Fcws100","7215","7/5/2025","High","6/20/2025","Line-5","6/20/2025 23:30","6/21/2025 6:42","7215","1000","7/5/2025"
"ORD213","6/20/2025","Fcws100","7215","7/5/2025","High","6/20/2025","Line-5","6/20/2025 23:30","6/21/2025 6:42","7215","1000","7/5/2025"
"ORD213","6/20/2025","Shmp200","20811","7/5/2025","Medium","6/20/2025","Line-4","6/23/2025 3:00","6/23/2025 7:00","3200","800","7/5/2025"
"ORD213","6/20/2025","Shmp200","20811","7/5/2025","Medium","6/20/2025","Line-4","6/23/2025 3:00","6/23/2025 7:00","3200","800","7/5/2025"
"ORD213","6/20/2025","Shmp200","20811","7/5/2025","Medium","6/20/2025","Line-6","6/23/2025 13:30","6/23/2025 15:00","1200","800","7/5/2025"
"ORD213","6/20/2025","Shmp200","20811","7/5/2025","Medium","6/20/2025","Line-6","6/23/2025 13:30","6/23/2025 15:00","1200","800","7/5/2025"
"ORD213","6/20/2025","Shmp200","20811","7/5/2025","Medium","6/20/2025","Line-8","6/21/2025 4:30","6/21/2025 7:00","3000","1200","7/5/2025"
"ORD213","6/20/2025","Shmp200","20811","7/5/2025","Medium","6/20/2025","Line-8","6/21/2025 4:30","6/21/2025 7:00","3000","1200","7/5/2025"
"ORD214","6/20/2025","Hdwa250","23030","7/5/2025","High","6/20/2025","Line-10","6/20/2025 15:00","6/20/2025 21:34","9870","1500","7/5/2025"
"ORD214","6/20/2025","Hdwa250","23030","7/5/2025","High","6/20/2025","Line-10","6/20/2025 15:00","6/20/2025 21:34","9870","1500","7/5/2025"
"ORD214","6/20/2025","Hdwa250","23030","7/5/2025","High","6/20/2025","Line-4","6/20/2025 15:00","6/20/2025 21:34","5264","800","7/5/2025"
"ORD214","6/20/2025","Hdwa250","23030","7/5/2025","High","6/20/2025","Line-4","6/20/2025 15:00","6/20/2025 21:34","5264","800","7/5/2025"
"ORD214","6/20/2025","Hdwa250","23030","7/5/2025","High","6/20/2025","Line-8","6/20/2025 6:30","6/20/2025 7:00","600","1200","7/5/2025"
"ORD214","6/20/2025","Hdwa250","23030","7/5/2025","High","6/20/2025","Line-8","6/20/2025 6:30","6/20/2025 7:00","600","1200","7/5/2025"
"ORD214","6/20/2025","Lot100","15983","7/5/2025","Medium","6/20/2025","Line-5","6/23/2025 19:00","6/23/2025 23:00","4000","1000","7/5/2025"
"ORD214","6/20/2025","Lot100","15983","7/5/2025","Medium","6/20/2025","Line-5","6/23/2025 19:00","6/23/2025 23:00","4000","1000","7/5/2025"
"ORD214","6/20/2025","Lot100","15983","7/5/2025","Medium","6/20/2025","Line-9","6/22/2025 21:00","6/22/2025 23:00","2800","1400","7/5/2025"
"ORD214","6/20/2025","Lot100","15983","7/5/2025","Medium","6/20/2025","Line-9","6/22/2025 21:00","6/22/2025 23:00","2800","1400","7/5/2025"
"ORD215","6/20/2025","Shmp100","21313","7/5/2025","Medium","6/20/2025","Line-3","6/22/2025 16:30","6/22/2025 23:00","6500","1000","7/5/2025"
"ORD215","6/20/2025","Shmp100","21313","7/5/2025","Medium","6/20/2025","Line-3","6/22/2025 16:30","6/22/2025 23:00","6500","1000","7/5/2025"
"ORD215","6/20/2025","Shmp100","21313","7/5/2025","Medium","6/20/2025","Line-6","6/23/2025 21:30","6/23/2025 23:00","1200","800","7/5/2025"
"ORD215","6/20/2025","Shmp100","21313","7/5/2025","Medium","6/20/2025","Line-6","6/23/2025 21:30","6/23/2025 23:00","1200","800","7/5/2025"
"ORD215","6/20/2025","Shmp100","21313","7/5/2025","Medium","6/20/2025","Line-8","6/21/2025 12:30","6/21/2025 15:00","3000","1200","7/5/2025"
"ORD215","6/20/2025","Shmp100","21313","7/5/2025","Medium","6/20/2025","Line-8","6/21/2025 12:30","6/21/2025 15:00","3000","1200","7/5/2025"
"ORD215","6/20/2025","Talc100","16706","7/5/2025","Medium","6/20/2025","Line-10","6/20/2025 22:00","6/20/2025 23:00","1500","1500","7/5/2025"
"ORD215","6/20/2025","Talc100","16706","7/5/2025","Medium","6/20/2025","Line-10","6/20/2025 22:00","6/20/2025 23:00","1500","1500","7/5/2025"
"ORD215","6/20/2025","Talc100","16706","7/5/2025","Medium","6/20/2025","Line-12","6/20/2025 6:30","6/20/2025 7:00","500","1000","7/5/2025"
"ORD215","6/20/2025","Talc100","16706","7/5/2025","Medium","6/20/2025","Line-12","6/20/2025 6:30","6/20/2025 7:00","500","1000","7/5/2025"
"ORD216","6/20/2025","Fcws100","7853","7/5/2025","High","6/20/2025","Line-12","6/22/2025 3:30","6/22/2025 7:00","3500","1000","7/5/2025"
"ORD216","6/20/2025","Fcws100","7853","7/5/2025","High","6/20/2025","Line-12","6/22/2025 3:30","6/22/2025 7:00","3500","1000","7/5/2025"
"ORD216","6/20/2025","Shmp100","21540","7/5/2025","Low","6/20/2025","Line-12","6/20/2025 21:00","6/20/2025 23:00","2000","1000","7/5/2025"
"ORD216","6/20/2025","Shmp100","21540","7/5/2025","Low","6/20/2025","Line-12","6/20/2025 21:00","6/20/2025 23:00","2000","1000","7/5/2025"
"ORD216","6/20/2025","Shmp100","21540","7/5/2025","Low","6/20/2025","Line-4","6/22/2025 5:00","6/22/2025 7:00","1600","800","7/5/2025"
"ORD216","6/20/2025","Shmp100","21540","7/5/2025","Low","6/20/2025","Line-4","6/22/2025 5:00","6/22/2025 7:00","1600","800","7/5/2025"
"ORD216","6/20/2025","Shmp100","21540","7/5/2025","Low","6/20/2025","Line-8","6/20/2025 13:30","6/20/2025 15:00","1800","1200","7/5/2025"
"ORD216","6/20/2025","Shmp100","21540","7/5/2025","Low","6/20/2025","Line-8","6/20/2025 13:30","6/20/2025 15:00","1800","1200","7/5/2025"
"ORD217","6/20/2025","Cond100","28284","7/5/2025","Low","6/20/2025","Line-3","6/23/2025 0:00","6/23/2025 7:00","7000","1000","7/5/2025"
"ORD217","6/20/2025","Cond100","28284","7/5/2025","Low","6/20/2025","Line-6","6/21/2025 6:00","6/21/2025 7:00","800","800","7/5/2025"
"ORD218","6/20/2025","Shmp100","6876","7/5/2025","High","6/20/2025","Line-12","6/20/2025 13:30","6/20/2025 15:00","1500","1000","7/5/2025"
"ORD218","6/20/2025","Shmp100","6876","7/5/2025","High","6/20/2025","Line-12","6/20/2025 13:30","6/20/2025 15:00","1500","1000","7/5/2025"
"ORD218","6/20/2025","Talc100","7968","7/5/2025","Low","6/20/2025","Line-5","6/24/2025 2:00","6/24/2025 7:00","5000","1000","7/5/2025"
"ORD218","6/20/2025","Talc100","7968","7/5/2025","Low","6/20/2025","Line-5","6/24/2025 2:00","6/24/2025 7:00","5000","1000","7/5/2025"
"ORD219","6/20/2025","Bdwa200","27910","7/5/2025","High","6/20/2025","Line-10","6/21/2025 5:00","6/21/2025 7:00","3000","1500","7/5/2025"
"ORD219","6/20/2025","Bdwa200","27910","7/5/2025","High","6/20/2025","Line-10","6/21/2025 5:00","6/21/2025 7:00","3000","1500","7/5/2025"
"ORD219","6/20/2025","Bdwa200","27910","7/5/2025","High","6/20/2025","Line-3","6/20/2025 6:30","6/20/2025 7:00","500","1000","7/5/2025"
"ORD219","6/20/2025","Bdwa200","27910","7/5/2025","High","6/20/2025","Line-3","6/20/2025 6:30","6/20/2025 7:00","500","1000","7/5/2025"
"ORD219","6/20/2025","Bdwa200","27910","7/5/2025","High","6/20/2025","Line-5","6/21/2025 23:00","6/22/2025 6:58","7975","1000","7/5/2025"
"ORD219","6/20/2025","Bdwa200","27910","7/5/2025","High","6/20/2025","Line-5","6/21/2025 23:00","6/22/2025 6:58","7975","1000","7/5/2025"
"ORD219","6/20/2025","Lot250","19938","7/5/2025","Low","6/20/2025","Line-7","6/20/2025 15:00","6/20/2025 21:52","10312","1500","7/5/2025"
"ORD219","6/20/2025","Lot250","19938","7/5/2025","Low","6/20/2025","Line-7","6/20/2025 15:00","6/20/2025 21:52","10312","1500","7/5/2025"
"ORD219","6/20/2025","Lot250","19938","7/5/2025","Low","6/20/2025","Line-9","6/23/2025 4:00","6/23/2025 7:00","4200","1400","7/5/2025"
"ORD219","6/20/2025","Lot250","19938","7/5/2025","Low","6/20/2025","Line-9","6/23/2025 4:00","6/23/2025 7:00","4200","1400","7/5/2025"
"ORD220","6/20/2025","Hdwa250","56409","7/5/2025","Medium","6/20/2025","Line-3","6/20/2025 15:00","6/20/2025 23:00","8000","1000","7/5/2025"
"ORD220","6/20/2025","Hdwa250","56409","7/5/2025","Medium","6/20/2025","Line-3","6/20/2025 15:00","6/20/2025 23:00","8000","1000","7/5/2025"
"ORD220","6/20/2025","Hdwa250","56409","7/5/2025","Medium","6/20/2025","Line-5","6/22/2025 7:30","6/22/2025 15:00","7500","1000","7/5/2025"
"ORD220","6/20/2025","Hdwa250","56409","7/5/2025","Medium","6/20/2025","Line-5","6/22/2025 7:30","6/22/2025 15:00","7500","1000","7/5/2025"
"ORD220","6/20/2025","Talc100","6605","7/5/2025","Medium","6/20/2025","Line-3","6/21/2025 19:30","6/21/2025 23:00","3500","1000","7/5/2025"
"ORD220","6/20/2025","Talc100","6605","7/5/2025","Medium","6/20/2025","Line-3","6/21/2025 19:30","6/21/2025 23:00","3500","1000","7/5/2025"
"ORD221","6/20/2025","Shmp100","28494","7/6/2025","Low","6/20/2025","Line-5","6/25/2025 20:30","6/25/2025 23:00","2500","1000","7/6/2025"
"ORD221","6/20/2025","Shmp100","28494","7/6/2025","Low","6/20/2025","Line-5","6/25/2025 20:30","6/25/2025 23:00","2500","1000","7/6/2025"
"ORD221","6/20/2025","Shmp100","28494","7/6/2025","Low","6/20/2025","Line-8","6/23/2025 1:30","6/23/2025 7:00","6600","1200","7/6/2025"
"ORD221","6/20/2025","Shmp100","28494","7/6/2025","Low","6/20/2025","Line-8","6/23/2025 1:30","6/23/2025 7:00","6600","1200","7/6/2025"
"ORD221","6/20/2025","Shmp100","28494","7/6/2025","Low","6/20/2025","Line-9","6/23/2025 11:30","6/23/2025 15:00","4900","1400","7/6/2025"
"ORD221","6/20/2025","Shmp100","28494","7/6/2025","Low","6/20/2025","Line-9","6/23/2025 11:30","6/23/2025 15:00","4900","1400","7/6/2025"
"ORD221","6/20/2025","Shmp200","21831","7/6/2025","Medium","6/20/2025","Line-11","6/20/2025 21:30","6/20/2025 23:00","1800","1200","7/6/2025"
"ORD221","6/20/2025","Shmp200","21831","7/6/2025","Medium","6/20/2025","Line-11","6/20/2025 21:30","6/20/2025 23:00","1800","1200","7/6/2025"
"ORD221","6/20/2025","Shmp200","21831","7/6/2025","Medium","6/20/2025","Line-6","6/20/2025 15:00","6/20/2025 21:25","5136","800","7/6/2025"
"ORD221","6/20/2025","Shmp200","21831","7/6/2025","Medium","6/20/2025","Line-6","6/20/2025 15:00","6/20/2025 21:25","5136","800","7/6/2025"
"ORD221","6/20/2025","Shmp200","21831","7/6/2025","Medium","6/20/2025","Line-9","6/20/2025 6:30","6/20/2025 7:00","700","1400","7/6/2025"
"ORD221","6/20/2025","Shmp200","21831","7/6/2025","Medium","6/20/2025","Line-9","6/20/2025 6:30","6/20/2025 7:00","700","1400","7/6/2025"
"ORD222","6/20/2025","Cond100","20115","7/6/2025","Medium","6/20/2025","Line-10","6/21/2025 13:30","6/21/2025 15:00","2250","1500","7/6/2025"
"ORD222","6/20/2025","Cond100","20115","7/6/2025","Medium","6/20/2025","Line-10","6/21/2025 13:30","6/21/2025 15:00","2250","1500","7/6/2025"
"ORD222","6/20/2025","Cond100","20115","7/6/2025","Medium","6/20/2025","Line-2","6/20/2025 23:30","6/21/2025 6:12","10057","1500","7/6/2025"
"ORD222","6/20/2025","Cond100","20115","7/6/2025","Medium","6/20/2025","Line-2","6/20/2025 23:30","6/21/2025 6:12","10057","1500","7/6/2025"
"ORD222","6/20/2025","Shmp200","13255","7/6/2025","Low","6/20/2025","Line-11","6/23/2025 2:00","6/23/2025 7:00","6000","1200","7/6/2025"
"ORD222","6/20/2025","Shmp200","13255","7/6/2025","Low","6/20/2025","Line-11","6/23/2025 2:00","6/23/2025 7:00","6000","1200","7/6/2025"
"ORD222","6/20/2025","Shmp200","13255","7/6/2025","Low","6/20/2025","Line-4","6/23/2025 11:00","6/23/2025 15:00","3200","800","7/6/2025"
"ORD222","6/20/2025","Shmp200","13255","7/6/2025","Low","6/20/2025","Line-4","6/23/2025 11:00","6/23/2025 15:00","3200","800","7/6/2025"
"ORD223","6/20/2025","Gel150","65384","7/8/2025","Medium","6/20/2025","Line-2","6/21/2025 6:30","6/21/2025 7:00","750","1500","7/8/2025"
"ORD223","6/20/2025","Gel150","65384","7/8/2025","Medium","6/20/2025","Line-2","6/21/2025 6:30","6/21/2025 7:00","750","1500","7/8/2025"
"ORD223","6/20/2025","Gel150","65384","7/8/2025","Medium","6/20/2025","Line-6","6/22/2025 8:30","6/22/2025 15:00","5200","800","7/8/2025"
"ORD223","6/20/2025","Gel150","65384","7/8/2025","Medium","6/20/2025","Line-6","6/22/2025 8:30","6/22/2025 15:00","5200","800","7/8/2025"
"ORD223","6/20/2025","Lot250","71739","7/8/2025","High","6/20/2025","Line-5","6/26/2025 5:00","6/26/2025 7:00","2000","1000","7/8/2025"
"ORD223","6/20/2025","Lot250","71739","7/8/2025","High","6/20/2025","Line-5","6/26/2025 5:00","6/26/2025 7:00","2000","1000","7/8/2025"
"ORD223","6/20/2025","Lot250","71739","7/8/2025","High","6/20/2025","Line-9","6/23/2025 20:00","6/23/2025 23:00","4200","1400","7/8/2025"
"ORD223","6/20/2025","Lot250","71739","7/8/2025","High","6/20/2025","Line-9","6/23/2025 20:00","6/23/2025 23:00","4200","1400","7/8/2025"
"ORD224","6/20/2025","Bdwa200","7822","7/6/2025","Low","6/20/2025","Line-1","6/23/2025 20:00","6/23/2025 23:00","3600","1200","7/6/2025"
"ORD224","6/20/2025","Bdwa200","7822","7/6/2025","Low","6/20/2025","Line-1","6/23/2025 20:00","6/23/2025 23:00","3600","1200","7/6/2025"
"ORD224","6/20/2025","Shmp200","21800","7/6/2025","Medium","6/20/2025","Line-11","6/21/2025 4:30","6/21/2025 7:00","3000","1200","7/6/2025"
"ORD224","6/20/2025","Shmp200","21800","7/6/2025","Medium","6/20/2025","Line-11","6/21/2025 4:30","6/21/2025 7:00","3000","1200","7/6/2025"
"ORD224","6/20/2025","Shmp200","21800","7/6/2025","Medium","6/20/2025","Line-4","6/20/2025 22:00","6/20/2025 23:00","800","800","7/6/2025"
"ORD224","6/20/2025","Shmp200","21800","7/6/2025","Medium","6/20/2025","Line-4","6/20/2025 22:00","6/20/2025 23:00","800","800","7/6/2025"
"ORD224","6/20/2025","Shmp200","21800","7/6/2025","Medium","6/20/2025","Line-9","6/20/2025 13:30","6/20/2025 15:00","2100","1400","7/6/2025"
"ORD224","6/20/2025","Shmp200","21800","7/6/2025","Medium","6/20/2025","Line-9","6/20/2025 13:30","6/20/2025 15:00","2100","1400","7/6/2025"
"ORD225","6/21/2025","Shmp100","18134","7/6/2025","Medium","6/21/2025","Line-7","6/21/2025 6:00","6/21/2025 6:30","750","1500","7/6/2025"
"ORD225","6/21/2025","Shmp100","18134","7/6/2025","Medium","6/21/2025","Line-7","6/21/2025 6:00","6/21/2025 6:30","750","1500","7/6/2025"
"ORD225","6/21/2025","Shmp100","18134","7/6/2025","Medium","6/21/2025","Line-8","6/23/2025 10:00","6/23/2025 15:00","6000","1200","7/6/2025"
"ORD225","6/21/2025","Shmp100","18134","7/6/2025","Medium","6/21/2025","Line-8","6/23/2025 10:00","6/23/2025 15:00","6000","1200","7/6/2025"
"ORD225","6/21/2025","Shmp200","27700","7/6/2025","Low","6/21/2025","Line-1","6/25/2025 9:30","6/25/2025 15:00","6600","1200","7/6/2025"
"ORD225","6/21/2025","Shmp200","27700","7/6/2025","Low","6/21/2025","Line-1","6/25/2025 9:30","6/25/2025 15:00","6600","1200","7/6/2025"
"ORD225","6/21/2025","Shmp200","27700","7/6/2025","Low","6/21/2025","Line-2","6/25/2025 8:30","6/25/2025 15:00","9750","1500","7/6/2025"
"ORD225","6/21/2025","Shmp200","27700","7/6/2025","Low","6/21/2025","Line-2","6/25/2025 8:30","6/25/2025 15:00","9750","1500","7/6/2025"
"ORD225","6/21/2025","Shmp200","27700","7/6/2025","Low","6/21/2025","Line-5","6/30/2025 1:30","6/30/2025 7:00","5500","1000","7/6/2025"
"ORD225","6/21/2025","Shmp200","27700","7/6/2025","Low","6/21/2025","Line-5","6/30/2025 1:30","6/30/2025 7:00","5500","1000","7/6/2025"
"ORD226","6/21/2025","Cond100","15621","7/6/2025","Low","6/21/2025","Line-12","6/23/2025 3:00","6/23/2025 7:00","4000","1000","7/6/2025"
"ORD226","6/21/2025","Cond100","15621","7/6/2025","Low","6/21/2025","Line-12","6/23/2025 3:00","6/23/2025 7:00","4000","1000","7/6/2025"
"ORD226","6/21/2025","Cond100","15621","7/6/2025","Low","6/21/2025","Line-8","6/24/2025 0:00","6/24/2025 7:00","8400","1200","7/6/2025"
"ORD226","6/21/2025","Cond100","15621","7/6/2025","Low","6/21/2025","Line-8","6/24/2025 0:00","6/24/2025 7:00","8400","1200","7/6/2025"
"ORD226","6/21/2025","Talc100","19455","7/6/2025","Medium","6/21/2025","Line-1","6/24/2025 11:00","6/24/2025 15:00","4800","1200","7/6/2025"
"ORD226","6/21/2025","Talc100","19455","7/6/2025","Medium","6/21/2025","Line-1","6/24/2025 11:00","6/24/2025 15:00","4800","1200","7/6/2025"
"ORD226","6/21/2025","Talc100","19455","7/6/2025","Medium","6/21/2025","Line-3","6/26/2025 13:30","6/26/2025 15:00","1500","1000","7/6/2025"
"ORD226","6/21/2025","Talc100","19455","7/6/2025","Medium","6/21/2025","Line-3","6/26/2025 13:30","6/26/2025 15:00","1500","1000","7/6/2025"
"ORD226","6/21/2025","Talc100","19455","7/6/2025","Medium","6/21/2025","Line-4","6/26/2025 3:30","6/26/2025 7:00","2800","800","7/6/2025"
"ORD226","6/21/2025","Talc100","19455","7/6/2025","Medium","6/21/2025","Line-4","6/26/2025 3:30","6/26/2025 7:00","2800","800","7/6/2025"
"ORD227","6/21/2025","Cond100","23349","7/6/2025","Low","6/21/2025","Line-10","6/24/2025 8:00","6/24/2025 15:00","10500","1500","7/6/2025"
"ORD227","6/21/2025","Cond100","23349","7/6/2025","Low","6/21/2025","Line-10","6/24/2025 8:00","6/24/2025 15:00","10500","1500","7/6/2025"
"ORD227","6/21/2025","Cond100","23349","7/6/2025","Low","6/21/2025","Line-2","6/25/2025 0:00","6/25/2025 7:00","10500","1500","7/6/2025"
"ORD227","6/21/2025","Cond100","23349","7/6/2025","Low","6/21/2025","Line-2","6/25/2025 0:00","6/25/2025 7:00","10500","1500","7/6/2025"
"ORD227","6/21/2025","Hdwa250","9915","7/6/2025","High","6/21/2025","Line-7","6/21/2025 5:30","6/21/2025 7:00","2250","1500","7/6/2025"
"ORD227","6/21/2025","Hdwa250","9915","7/6/2025","High","6/21/2025","Line-7","6/21/2025 5:30","6/21/2025 7:00","2250","1500","7/6/2025"
"ORD228","6/21/2025","Bdwa200","16530","7/6/2025","Medium","6/21/2025","Line-11","6/26/2025 12:30","6/26/2025 15:00","3000","1200","7/6/2025"
"ORD228","6/21/2025","Bdwa200","16530","7/6/2025","Medium","6/21/2025","Line-11","6/26/2025 12:30","6/26/2025 15:00","3000","1200","7/6/2025"
"ORD228","6/21/2025","Bdwa200","16530","7/6/2025","Medium","6/21/2025","Line-3","6/27/2025 12:30","6/27/2025 15:00","2500","1000","7/6/2025"
"ORD228","6/21/2025","Bdwa200","16530","7/6/2025","Medium","6/21/2025","Line-3","6/27/2025 12:30","6/27/2025 15:00","2500","1000","7/6/2025"
"ORD228","6/21/2025","Fcws100","25137","7/6/2025","Low","6/21/2025","Line-10","6/23/2025 9:00","6/23/2025 15:00","9000","1500","7/6/2025"
"ORD228","6/21/2025","Fcws100","25137","7/6/2025","Low","6/21/2025","Line-10","6/23/2025 9:00","6/23/2025 15:00","9000","1500","7/6/2025"
"ORD228","6/21/2025","Fcws100","25137","7/6/2025","Low","6/21/2025","Line-11","6/23/2025 9:00","6/23/2025 15:00","7200","1200","7/6/2025"
"ORD228","6/21/2025","Fcws100","25137","7/6/2025","Low","6/21/2025","Line-11","6/23/2025 9:00","6/23/2025 15:00","7200","1200","7/6/2025"
"ORD228","6/21/2025","Fcws100","25137","7/6/2025","Low","6/21/2025","Line-5","6/27/2025 11:30","6/27/2025 15:00","3500","1000","7/6/2025"
"ORD228","6/21/2025","Fcws100","25137","7/6/2025","Low","6/21/2025","Line-5","6/27/2025 11:30","6/27/2025 15:00","3500","1000","7/6/2025"
"ORD229","6/21/2025","Hdwa250","7604","7/6/2025","Medium","6/21/2025","Line-5","6/28/2025 3:30","6/28/2025 7:00","3500","1000","7/6/2025"
"ORD229","6/21/2025","Hdwa250","7604","7/6/2025","Medium","6/21/2025","Line-5","6/28/2025 3:30","6/28/2025 7:00","3500","1000","7/6/2025"
"ORD229","6/21/2025","Shmp100","5890","7/6/2025","Medium","6/21/2025","Line-6","6/26/2025 21:00","6/26/2025 23:00","1600","800","7/6/2025"
"ORD229","6/21/2025","Shmp100","5890","7/6/2025","Medium","6/21/2025","Line-6","6/26/2025 21:00","6/26/2025 23:00","1600","800","7/6/2025"
"ORD230","6/21/2025","Lot250","62453","7/6/2025","Low","6/21/2025","Line-2","6/25/2025 16:30","6/25/2025 23:00","9750","1500","7/6/2025"
"ORD230","6/21/2025","Lot250","62453","7/6/2025","Low","6/21/2025","Line-6","6/27/2025 5:00","6/27/2025 7:00","1600","800","7/6/2025"
"ORD230","6/21/2025","Lot250","62453","7/6/2025","Low","6/21/2025","Line-7","6/21/2025 20:00","6/21/2025 23:00","4500","1500","7/6/2025"
"ORD231","6/21/2025","Gel150","64703","7/8/2025","High","6/21/2025","Line-6","6/27/2025 12:30","6/27/2025 15:00","2000","800","7/8/2025"
"ORD231","6/21/2025","Gel150","64703","7/8/2025","High","6/21/2025","Line-6","6/27/2025 12:30","6/27/2025 15:00","2000","800","7/8/2025"
"ORD231","6/21/2025","Gel150","64703","7/8/2025","High","6/21/2025","Line-7","6/23/2025 19:00","6/23/2025 23:00","6000","1500","7/8/2025"
"ORD231","6/21/2025","Gel150","64703","7/8/2025","High","6/21/2025","Line-7","6/23/2025 19:00","6/23/2025 23:00","6000","1500","7/8/2025"
"ORD231","6/21/2025","Lot250","6288","7/8/2025","Medium","6/21/2025","Line-4","6/23/2025 18:00","6/23/2025 23:00","4000","800","7/8/2025"
"ORD231","6/21/2025","Lot250","6288","7/8/2025","Medium","6/21/2025","Line-4","6/23/2025 18:00","6/23/2025 23:00","4000","800","7/8/2025"
"ORD232","6/21/2025","Crm50","7934","7/6/2025","Low","6/21/2025","Line-3","6/26/2025 20:30","6/26/2025 23:00","2500","1000","7/6/2025"
"ORD232","6/21/2025","Crm50","7934","7/6/2025","Low","6/21/2025","Line-3","6/26/2025 20:30","6/26/2025 23:00","2500","1000","7/6/2025"
"ORD232","6/21/2025","Gel150","6605","7/6/2025","High","6/21/2025","Line-12","6/23/2025 10:30","6/23/2025 15:00","4500","1000","7/6/2025"
"ORD232","6/21/2025","Gel150","6605","7/6/2025","High","6/21/2025","Line-12","6/23/2025 10:30","6/23/2025 15:00","4500","1000","7/6/2025"
"ORD233","6/21/2025","Bdwa200","35049","7/6/2025","Low","6/21/2025","Line-8","6/24/2025 23:00","6/25/2025 7:00","9600","1200","7/6/2025"
"ORD233","6/21/2025","Bdwa200","35049","7/6/2025","Low","6/21/2025","Line-8","6/24/2025 23:00","6/25/2025 7:00","9600","1200","7/6/2025"
"ORD233","6/21/2025","Shmp100","9284","7/6/2025","Medium","6/21/2025","Line-11","6/25/2025 12:30","6/25/2025 15:00","3000","1200","7/6/2025"
"ORD233","6/21/2025","Shmp100","9284","7/6/2025","Medium","6/21/2025","Line-11","6/25/2025 12:30","6/25/2025 15:00","3000","1200","7/6/2025"
"ORD234","6/21/2025","Bdwa200","26166","7/6/2025","Medium","6/21/2025","Line-10","6/23/2025 16:30","6/23/2025 23:00","9750","1500","7/6/2025"
"ORD234","6/21/2025","Bdwa200","26166","7/6/2025","Medium","6/21/2025","Line-10","6/23/2025 16:30","6/23/2025 23:00","9750","1500","7/6/2025"
"ORD234","6/21/2025","Bdwa200","26166","7/6/2025","Medium","6/21/2025","Line-3","6/24/2025 13:30","6/24/2025 15:00","1500","1000","7/6/2025"
"ORD234","6/21/2025","Bdwa200","26166","7/6/2025","Medium","6/21/2025","Line-3","6/24/2025 13:30","6/24/2025 15:00","1500","1000","7/6/2025"
"ORD234","6/21/2025","Bdwa200","26166","7/6/2025","Medium","6/21/2025","Line-9","6/25/2025 2:30","6/25/2025 7:00","6300","1400","7/6/2025"
"ORD234","6/21/2025","Bdwa200","26166","7/6/2025","Medium","6/21/2025","Line-9","6/25/2025 2:30","6/25/2025 7:00","6300","1400","7/6/2025"
"ORD234","6/21/2025","Cond100","17587","7/6/2025","High","6/21/2025","Line-1","6/24/2025 18:00","6/24/2025 23:00","6000","1200","7/6/2025"
"ORD234","6/21/2025","Cond100","17587","7/6/2025","High","6/21/2025","Line-1","6/24/2025 18:00","6/24/2025 23:00","6000","1200","7/6/2025"
"ORD234","6/21/2025","Cond100","17587","7/6/2025","High","6/21/2025","Line-11","6/25/2025 20:30","6/25/2025 23:00","3000","1200","7/6/2025"
"ORD234","6/21/2025","Cond100","17587","7/6/2025","High","6/21/2025","Line-11","6/25/2025 20:30","6/25/2025 23:00","3000","1200","7/6/2025"
"ORD235","6/21/2025","Hdwa250","19634","7/6/2025","High","6/21/2025","Line-7","6/23/2025 3:30","6/23/2025 7:00","5250","1500","7/6/2025"
"ORD235","6/21/2025","Hdwa250","19634","7/6/2025","High","6/21/2025","Line-8","6/24/2025 7:30","6/24/2025 15:00","9000","1200","7/6/2025"
"ORD236","6/21/2025","Fcws100","89183","7/8/2025","Low","6/21/2025","Line-12","6/23/2025 17:30","6/23/2025 23:00","5500","1000","7/8/2025"
"ORD236","6/21/2025","Fcws100","89183","7/8/2025","Low","6/21/2025","Line-12","6/23/2025 17:30","6/23/2025 23:00","5500","1000","7/8/2025"
"ORD236","6/21/2025","Fcws100","89183","7/8/2025","Low","6/21/2025","Line-3","6/25/2025 5:00","6/25/2025 7:00","2000","1000","7/8/2025"
"ORD236","6/21/2025","Fcws100","89183","7/8/2025","Low","6/21/2025","Line-3","6/25/2025 5:00","6/25/2025 7:00","2000","1000","7/8/2025"
"ORD236","6/21/2025","Fcws100","89183","7/8/2025","Low","6/21/2025","Line-4","6/24/2025 19:00","6/24/2025 23:00","3200","800","7/8/2025"
"ORD236","6/21/2025","Fcws100","89183","7/8/2025","Low","6/21/2025","Line-4","6/24/2025 19:00","6/24/2025 23:00","3200","800","7/8/2025"
"ORD236","6/21/2025","Lot250","116143","7/8/2025","Low","6/21/2025","Line-12","6/25/2025 10:30","6/25/2025 15:00","4500","1000","7/8/2025"
"ORD236","6/21/2025","Lot250","116143","7/8/2025","Low","6/21/2025","Line-12","6/25/2025 10:30","6/25/2025 15:00","4500","1000","7/8/2025"
"ORD236","6/21/2025","Lot250","116143","7/8/2025","Low","6/21/2025","Line-7","6/24/2025 23:30","6/25/2025 7:00","11250","1500","7/8/2025"
"ORD236","6/21/2025","Lot250","116143","7/8/2025","Low","6/21/2025","Line-7","6/24/2025 23:30","6/25/2025 7:00","11250","1500","7/8/2025"
"ORD236","6/21/2025","Lot250","116143","7/8/2025","Low","6/21/2025","Line-8","6/27/2025 11:00","6/27/2025 15:00","4800","1200","7/8/2025"
"ORD236","6/21/2025","Lot250","116143","7/8/2025","Low","6/21/2025","Line-8","6/27/2025 11:00","6/27/2025 15:00","4800","1200","7/8/2025"
"ORD237","6/21/2025","Gel150","9779","7/6/2025","Medium","6/21/2025","Line-10","6/24/2025 16:30","6/24/2025 23:00","9750","1500","7/6/2025"
"ORD237","6/21/2025","Gel150","9779","7/6/2025","Medium","6/21/2025","Line-10","6/24/2025 16:30","6/24/2025 23:00","9750","1500","7/6/2025"
"ORD237","6/21/2025","Hdwa250","5933","7/6/2025","Medium","6/21/2025","Line-4","6/24/2025 2:30","6/24/2025 7:00","3600","800","7/6/2025"
"ORD237","6/21/2025","Hdwa250","5933","7/6/2025","Medium","6/21/2025","Line-4","6/24/2025 2:30","6/24/2025 7:00","3600","800","7/6/2025"
"ORD238","6/21/2025","Fcws100","25584","7/6/2025","Medium","6/21/2025","Line-10","6/23/2025 23:30","6/24/2025 7:00","11250","1500","7/6/2025"
"ORD238","6/21/2025","Fcws100","25584","7/6/2025","Medium","6/21/2025","Line-10","6/23/2025 23:30","6/24/2025 7:00","11250","1500","7/6/2025"
"ORD238","6/21/2025","Fcws100","25584","7/6/2025","Medium","6/21/2025","Line-3","6/24/2025 20:30","6/24/2025 23:00","2500","1000","7/6/2025"
"ORD238","6/21/2025","Fcws100","25584","7/6/2025","Medium","6/21/2025","Line-3","6/24/2025 20:30","6/24/2025 23:00","2500","1000","7/6/2025"
"ORD238","6/21/2025","Fcws100","25584","7/6/2025","Medium","6/21/2025","Line-4","6/24/2025 10:30","6/24/2025 15:00","3600","800","7/6/2025"
"ORD238","6/21/2025","Fcws100","25584","7/6/2025","Medium","6/21/2025","Line-4","6/24/2025 10:30","6/24/2025 15:00","3600","800","7/6/2025"
"ORD238","6/21/2025","Shmp200","15624","7/6/2025","Medium","6/21/2025","Line-12","6/25/2025 2:00","6/25/2025 7:00","5000","1000","7/6/2025"
"ORD238","6/21/2025","Shmp200","15624","7/6/2025","Medium","6/21/2025","Line-12","6/25/2025 2:00","6/25/2025 7:00","5000","1000","7/6/2025"
"ORD238","6/21/2025","Shmp200","15624","7/6/2025","Medium","6/21/2025","Line-3","6/27/2025 20:30","6/27/2025 23:00","2500","1000","7/6/2025"
"ORD238","6/21/2025","Shmp200","15624","7/6/2025","Medium","6/21/2025","Line-3","6/27/2025 20:30","6/27/2025 23:00","2500","1000","7/6/2025"
"ORD239","6/21/2025","Bdwa200","25431","7/6/2025","Low","6/21/2025","Line-10","6/24/2025 23:30","6/25/2025 6:46","10900","1500","7/6/2025"
"ORD239","6/21/2025","Bdwa200","25431","7/6/2025","Low","6/21/2025","Line-10","6/24/2025 23:30","6/25/2025 6:46","10900","1500","7/6/2025"
"ORD239","6/21/2025","Bdwa200","25431","7/6/2025","Low","6/21/2025","Line-11","6/26/2025 4:30","6/26/2025 7:00","3000","1200","7/6/2025"
"ORD239","6/21/2025","Bdwa200","25431","7/6/2025","Low","6/21/2025","Line-11","6/26/2025 4:30","6/26/2025 7:00","3000","1200","7/6/2025"
"ORD239","6/21/2025","Bdwa200","25431","7/6/2025","Low","6/21/2025","Line-4","6/26/2025 10:30","6/26/2025 15:00","3600","800","7/6/2025"
"ORD239","6/21/2025","Bdwa200","25431","7/6/2025","Low","6/21/2025","Line-4","6/26/2025 10:30","6/26/2025 15:00","3600","800","7/6/2025"
"ORD239","6/21/2025","Shmp100","41865","7/6/2025","Medium","6/21/2025","Line-9","6/25/2025 17:00","6/25/2025 23:00","8400","1400","7/6/2025"
"ORD239","6/21/2025","Shmp100","41865","7/6/2025","Medium","6/21/2025","Line-9","6/25/2025 17:00","6/25/2025 23:00","8400","1400","7/6/2025"
"ORD240","6/21/2025","Fcws100","25305","7/6/2025","High","6/21/2025","Line-2","6/23/2025 1:30","6/23/2025 7:00","8250","1500","7/6/2025"
"ORD240","6/21/2025","Fcws100","25305","7/6/2025","High","6/21/2025","Line-2","6/23/2025 1:30","6/23/2025 7:00","8250","1500","7/6/2025"
"ORD240","6/21/2025","Fcws100","25305","7/6/2025","High","6/21/2025","Line-6","6/26/2025 13:30","6/26/2025 15:00","1200","800","7/6/2025"
"ORD240","6/21/2025","Fcws100","25305","7/6/2025","High","6/21/2025","Line-6","6/26/2025 13:30","6/26/2025 15:00","1200","800","7/6/2025"
"ORD240","6/21/2025","Fcws100","25305","7/6/2025","High","6/21/2025","Line-9","6/25/2025 9:30","6/25/2025 15:00","7700","1400","7/6/2025"
"ORD240","6/21/2025","Fcws100","25305","7/6/2025","High","6/21/2025","Line-9","6/25/2025 9:30","6/25/2025 15:00","7700","1400","7/6/2025"
"ORD240","6/21/2025","Gel150","31271","7/6/2025","High","6/21/2025","Line-1","6/25/2025 17:30","6/25/2025 23:00","6600","1200","7/6/2025"
"ORD240","6/21/2025","Gel150","31271","7/6/2025","High","6/21/2025","Line-1","6/25/2025 17:30","6/25/2025 23:00","6600","1200","7/6/2025"
"ORD240","6/21/2025","Gel150","31271","7/6/2025","High","6/21/2025","Line-7","6/23/2025 11:00","6/23/2025 15:00","6000","1500","7/6/2025"
"ORD240","6/21/2025","Gel150","31271","7/6/2025","High","6/21/2025","Line-7","6/23/2025 11:00","6/23/2025 15:00","6000","1500","7/6/2025"
"ORD240","6/21/2025","Gel150","31271","7/6/2025","High","6/21/2025","Line-9","6/26/2025 23:30","6/27/2025 7:00","10500","1400","7/6/2025"
"ORD240","6/21/2025","Gel150","31271","7/6/2025","High","6/21/2025","Line-9","6/26/2025 23:30","6/27/2025 7:00","10500","1400","7/6/2025"
"ORD241","6/21/2025","Bdwa200","18345","7/6/2025","High","6/21/2025","Line-11","6/23/2025 16:30","6/23/2025 23:00","7800","1200","7/6/2025"
"ORD241","6/21/2025","Bdwa200","18345","7/6/2025","High","6/21/2025","Line-11","6/23/2025 16:30","6/23/2025 23:00","7800","1200","7/6/2025"
"ORD241","6/21/2025","Bdwa200","18345","7/6/2025","High","6/21/2025","Line-7","6/21/2025 12:30","6/21/2025 15:00","3750","1500","7/6/2025"
"ORD241","6/21/2025","Bdwa200","18345","7/6/2025","High","6/21/2025","Line-7","6/21/2025 12:30","6/21/2025 15:00","3750","1500","7/6/2025"
"ORD241","6/21/2025","Hdwa250","8591","7/6/2025","Low","6/21/2025","Line-1","6/25/2025 2:00","6/25/2025 7:00","6000","1200","7/6/2025"
"ORD241","6/21/2025","Hdwa250","8591","7/6/2025","Low","6/21/2025","Line-1","6/25/2025 2:00","6/25/2025 7:00","6000","1200","7/6/2025"
"ORD242","6/21/2025","Gel150","33985","7/6/2025","High","6/21/2025","Line-1","6/24/2025 3:00","6/24/2025 7:00","4800","1200","7/6/2025"
"ORD242","6/21/2025","Gel150","33985","7/6/2025","High","6/21/2025","Line-12","6/22/2025 19:00","6/22/2025 23:00","4000","1000","7/6/2025"
"ORD242","6/21/2025","Gel150","33985","7/6/2025","High","6/21/2025","Line-2","6/23/2025 9:00","6/23/2025 15:00","9000","1500","7/6/2025"
"ORD242","6/21/2025","Gel150","33985","7/6/2025","High","6/21/2025","Line-3","6/27/2025 5:00","6/27/2025 7:00","2000","1000","7/6/2025"
"ORD243","6/21/2025","Fcws100","21156","7/7/2025","Medium","6/21/2025","Line-12","6/26/2025 18:30","6/26/2025 23:00","4500","1000","7/7/2025"
"ORD243","6/21/2025","Fcws100","21156","7/7/2025","Medium","6/21/2025","Line-12","6/26/2025 18:30","6/26/2025 23:00","4500","1000","7/7/2025"
"ORD243","6/21/2025","Fcws100","21156","7/7/2025","Medium","6/21/2025","Line-6","6/28/2025 17:00","6/28/2025 23:00","4800","800","7/7/2025"
"ORD243","6/21/2025","Fcws100","21156","7/7/2025","Medium","6/21/2025","Line-6","6/28/2025 17:00","6/28/2025 23:00","4800","800","7/7/2025"
"ORD243","6/21/2025","Fcws100","21156","7/7/2025","Medium","6/21/2025","Line-9","6/27/2025 7:30","6/27/2025 14:06","9255","1400","7/7/2025"
"ORD243","6/21/2025","Fcws100","21156","7/7/2025","Medium","6/21/2025","Line-9","6/27/2025 7:30","6/27/2025 14:06","9255","1400","7/7/2025"
"ORD243","6/21/2025","Hdwa250","10658","7/7/2025","High","6/21/2025","Line-2","6/24/2025 9:00","6/24/2025 15:00","9000","1500","7/7/2025"
"ORD243","6/21/2025","Hdwa250","10658","7/7/2025","High","6/21/2025","Line-2","6/24/2025 9:00","6/24/2025 15:00","9000","1500","7/7/2025"
"ORD244","6/21/2025","Cond100","11314","7/7/2025","High","6/21/2025","Line-2","6/23/2025 17:00","6/23/2025 23:00","9000","1500","7/7/2025"
"ORD244","6/21/2025","Cond100","11314","7/7/2025","High","6/21/2025","Line-2","6/23/2025 17:00","6/23/2025 23:00","9000","1500","7/7/2025"
"ORD244","6/21/2025","Gel150","25732","7/7/2025","High","6/21/2025","Line-4","6/27/2025 2:00","6/27/2025 7:00","4000","800","7/7/2025"
"ORD244","6/21/2025","Gel150","25732","7/7/2025","High","6/21/2025","Line-4","6/27/2025 2:00","6/27/2025 7:00","4000","800","7/7/2025"
"ORD244","6/21/2025","Gel150","25732","7/7/2025","High","6/21/2025","Line-7","6/26/2025 7:30","6/26/2025 14:51","11029","1500","7/7/2025"
"ORD244","6/21/2025","Gel150","25732","7/7/2025","High","6/21/2025","Line-7","6/26/2025 7:30","6/26/2025 14:51","11029","1500","7/7/2025"
"ORD244","6/21/2025","Gel150","25732","7/7/2025","High","6/21/2025","Line-8","6/28/2025 19:00","6/28/2025 23:00","4800","1200","7/7/2025"
"ORD244","6/21/2025","Gel150","25732","7/7/2025","High","6/21/2025","Line-8","6/28/2025 19:00","6/28/2025 23:00","4800","1200","7/7/2025"
"ORD245","6/21/2025","Bdwa200","21585","7/7/2025","Medium","6/21/2025","Line-2","6/26/2025 0:00","6/26/2025 6:32","9813","1500","7/7/2025"
"ORD245","6/21/2025","Bdwa200","21585","7/7/2025","Medium","6/21/2025","Line-2","6/26/2025 0:00","6/26/2025 6:32","9813","1500","7/7/2025"
"ORD245","6/21/2025","Bdwa200","21585","7/7/2025","Medium","6/21/2025","Line-3","6/28/2025 5:00","6/28/2025 7:00","2000","1000","7/7/2025"
"ORD245","6/21/2025","Bdwa200","21585","7/7/2025","Medium","6/21/2025","Line-3","6/28/2025 5:00","6/28/2025 7:00","2000","1000","7/7/2025"
"ORD245","6/21/2025","Bdwa200","21585","7/7/2025","Medium","6/21/2025","Line-6","6/29/2025 0:00","6/29/2025 6:32","5232","800","7/7/2025"
"ORD245","6/21/2025","Bdwa200","21585","7/7/2025","Medium","6/21/2025","Line-6","6/29/2025 0:00","6/29/2025 6:32","5232","800","7/7/2025"
"ORD245","6/21/2025","Talc100","7827","7/7/2025","High","6/21/2025","Line-5","6/27/2025 19:00","6/27/2025 23:00","4000","1000","7/7/2025"
"ORD245","6/21/2025","Talc100","7827","7/7/2025","High","6/21/2025","Line-5","6/27/2025 19:00","6/27/2025 23:00","4000","1000","7/7/2025"
"ORD246","6/21/2025","Bdwa200","7729","7/7/2025","High","6/21/2025","Line-8","6/23/2025 17:00","6/23/2025 23:00","7200","1200","7/7/2025"
"ORD246","6/21/2025","Bdwa200","7729","7/7/2025","High","6/21/2025","Line-8","6/23/2025 17:00","6/23/2025 23:00","7200","1200","7/7/2025"
"ORD246","6/21/2025","Shmp200","6808","7/7/2025","Medium","6/21/2025","Line-12","6/27/2025 1:30","6/27/2025 7:00","5500","1000","7/7/2025"
"ORD246","6/21/2025","Shmp200","6808","7/7/2025","Medium","6/21/2025","Line-12","6/27/2025 1:30","6/27/2025 7:00","5500","1000","7/7/2025"
"ORD247","6/21/2025","Lot250","43825","7/7/2025","High","6/21/2025","Line-2","6/24/2025 16:30","6/24/2025 23:00","9750","1500","7/7/2025"
"ORD247","6/21/2025","Lot250","43825","7/7/2025","High","6/21/2025","Line-2","6/26/2025 7:00","6/26/2025 14:13","10835","1500","7/7/2025"
"ORD247","6/21/2025","Lot250","43825","7/7/2025","High","6/21/2025","Line-3","6/28/2025 12:00","6/28/2025 15:00","3000","1000","7/7/2025"
"ORD247","6/21/2025","Lot250","43825","7/7/2025","High","6/21/2025","Line-5","6/28/2025 11:30","6/28/2025 15:00","3500","1000","7/7/2025"
"ORD247","6/21/2025","Lot250","43825","7/7/2025","High","6/21/2025","Line-8","6/24/2025 15:30","6/24/2025 22:27","8356","1200","7/7/2025"
"ORD248","6/21/2025","Bdwa200","18424","7/7/2025","Low","6/21/2025","Line-2","6/26/2025 14:30","6/26/2025 15:00","750","1500","7/7/2025"
"ORD248","6/21/2025","Bdwa200","18424","7/7/2025","Low","6/21/2025","Line-2","6/26/2025 14:30","6/26/2025 15:00","750","1500","7/7/2025"
"ORD248","6/21/2025","Bdwa200","18424","7/7/2025","Low","6/21/2025","Line-3","6/29/2025 4:00","6/29/2025 7:00","3000","1000","7/7/2025"
"ORD248","6/21/2025","Bdwa200","18424","7/7/2025","Low","6/21/2025","Line-3","6/29/2025 4:00","6/29/2025 7:00","3000","1000","7/7/2025"
"ORD248","6/21/2025","Talc100","66064","7/7/2025","Low","6/21/2025","Line-5","6/28/2025 19:00","6/28/2025 23:00","4000","1000","7/7/2025"
"ORD248","6/21/2025","Talc100","66064","7/7/2025","Low","6/21/2025","Line-5","6/28/2025 19:00","6/28/2025 23:00","4000","1000","7/7/2025"
"ORD248","6/21/2025","Talc100","66064","7/7/2025","Low","6/21/2025","Line-8","6/26/2025 4:30","6/26/2025 7:00","3000","1200","7/7/2025"
"ORD248","6/21/2025","Talc100","66064","7/7/2025","Low","6/21/2025","Line-8","6/26/2025 4:30","6/26/2025 7:00","3000","1200","7/7/2025"
"ORD249","6/21/2025","Bdwa200","11399","7/9/2025","Medium","6/21/2025","Line-2","6/24/2025 1:00","6/24/2025 7:00","9000","1500","7/9/2025"
"ORD249","6/21/2025","Bdwa200","11399","7/9/2025","Medium","6/21/2025","Line-2","6/24/2025 1:00","6/24/2025 7:00","9000","1500","7/9/2025"
"ORD249","6/21/2025","Lot100","129580","7/9/2025","Medium","6/21/2025","Line-11","6/26/2025 20:30","6/26/2025 23:00","3000","1200","7/9/2025"
"ORD249","6/21/2025","Lot100","129580","7/9/2025","Medium","6/21/2025","Line-11","6/26/2025 20:30","6/26/2025 23:00","3000","1200","7/9/2025"
"ORD249","6/21/2025","Lot100","129580","7/9/2025","Medium","6/21/2025","Line-2","6/26/2025 22:30","6/26/2025 23:00","750","1500","7/9/2025"
"ORD249","6/21/2025","Lot100","129580","7/9/2025","Medium","6/21/2025","Line-2","6/26/2025 22:30","6/26/2025 23:00","750","1500","7/9/2025"
"ORD249","6/21/2025","Lot100","129580","7/9/2025","Medium","6/21/2025","Line-9","6/27/2025 14:30","6/27/2025 15:00","700","1400","7/9/2025"
"ORD249","6/21/2025","Lot100","129580","7/9/2025","Medium","6/21/2025","Line-9","6/27/2025 14:30","6/27/2025 15:00","700","1400","7/9/2025"
"ORD250","6/21/2025","Cond100","5690","7/7/2025","Low","6/21/2025","Line-4","6/26/2025 18:30","6/26/2025 23:00","3600","800","7/7/2025"
"ORD250","6/21/2025","Cond100","5690","7/7/2025","Low","6/21/2025","Line-4","6/26/2025 18:30","6/26/2025 23:00","3600","800","7/7/2025"
"ORD250","6/21/2025","Shmp200","8392","7/7/2025","High","6/21/2025","Line-11","6/24/2025 0:00","6/24/2025 6:59","8392","1200","7/7/2025"
"ORD250","6/21/2025","Shmp200","8392","7/7/2025","High","6/21/2025","Line-11","6/24/2025 0:00","6/24/2025 6:59","8392","1200","7/7/2025"
"ORD251","6/21/2025","Hdwa250","34430","7/7/2025","Low","6/21/2025","Line-11","6/24/2025 7:30","6/24/2025 15:00","9000","1200","7/7/2025"
"ORD251","6/21/2025","Hdwa250","34430","7/7/2025","Low","6/21/2025","Line-11","6/24/2025 7:30","6/24/2025 15:00","9000","1200","7/7/2025"
"ORD251","6/21/2025","Shmp200","15735","7/7/2025","Low","6/21/2025","Line-3","6/28/2025 19:30","6/28/2025 23:00","3500","1000","7/7/2025"
"ORD251","6/21/2025","Shmp200","15735","7/7/2025","Low","6/21/2025","Line-3","6/28/2025 19:30","6/28/2025 23:00","3500","1000","7/7/2025"
"ORD251","6/21/2025","Shmp200","15735","7/7/2025","Low","6/21/2025","Line-5","6/30/2025 9:30","6/30/2025 15:00","5500","1000","7/7/2025"
"ORD251","6/21/2025","Shmp200","15735","7/7/2025","Low","6/21/2025","Line-5","6/30/2025 9:30","6/30/2025 15:00","5500","1000","7/7/2025"
"ORD252","6/22/2025","Bdwa200","23834","7/7/2025","Low","6/22/2025","Line-1","6/26/2025 1:30","6/26/2025 7:00","6600","1200","7/7/2025"
"ORD252","6/22/2025","Bdwa200","23834","7/7/2025","Low","6/22/2025","Line-1","6/26/2025 1:30","6/26/2025 7:00","6600","1200","7/7/2025"
"ORD252","6/22/2025","Bdwa200","23834","7/7/2025","Low","6/22/2025","Line-4","6/27/2025 10:00","6/27/2025 15:00","4000","800","7/7/2025"
"ORD252","6/22/2025","Bdwa200","23834","7/7/2025","Low","6/22/2025","Line-4","6/27/2025 10:00","6/27/2025 15:00","4000","800","7/7/2025"
"ORD252","6/22/2025","Bdwa200","23834","7/7/2025","Low","6/22/2025","Line-8","6/29/2025 3:00","6/29/2025 7:00","4800","1200","7/7/2025"
"ORD252","6/22/2025","Bdwa200","23834","7/7/2025","Low","6/22/2025","Line-8","6/29/2025 3:00","6/29/2025 7:00","4800","1200","7/7/2025"
"ORD252","6/22/2025","Talc100","19642","7/7/2025","Low","6/22/2025","Line-3","7/3/2025 2:30","7/3/2025 7:00","4500","1000","7/7/2025"
"ORD252","6/22/2025","Talc100","19642","7/7/2025","Low","6/22/2025","Line-3","7/3/2025 2:30","7/3/2025 7:00","4500","1000","7/7/2025"
"ORD252","6/22/2025","Talc100","19642","7/7/2025","Low","6/22/2025","Line-7","6/28/2025 10:00","6/28/2025 15:00","7500","1500","7/7/2025"
"ORD252","6/22/2025","Talc100","19642","7/7/2025","Low","6/22/2025","Line-7","6/28/2025 10:00","6/28/2025 15:00","7500","1500","7/7/2025"
"ORD253","6/22/2025","Gel150","22552","7/7/2025","Medium","6/22/2025","Line-10","6/25/2025 23:00","6/26/2025 5:26","9665","1500","7/7/2025"
"ORD253","6/22/2025","Gel150","22552","7/7/2025","Medium","6/22/2025","Line-10","6/25/2025 23:00","6/26/2025 5:26","9665","1500","7/7/2025"
"ORD253","6/22/2025","Gel150","22552","7/7/2025","Medium","6/22/2025","Line-12","6/29/2025 7:30","6/29/2025 13:56","6443","1000","7/7/2025"
"ORD253","6/22/2025","Gel150","22552","7/7/2025","Medium","6/22/2025","Line-12","6/29/2025 7:30","6/29/2025 13:56","6443","1000","7/7/2025"
"ORD253","6/22/2025","Gel150","22552","7/7/2025","Medium","6/22/2025","Line-5","7/2/2025 16:00","7/2/2025 22:26","6444","1000","7/7/2025"
"ORD253","6/22/2025","Gel150","22552","7/7/2025","Medium","6/22/2025","Line-5","7/2/2025 16:00","7/2/2025 22:26","6444","1000","7/7/2025"
"ORD253","6/22/2025","Shmp200","21956","7/7/2025","Medium","6/22/2025","Line-3","6/29/2025 19:30","6/29/2025 23:00","3500","1000","7/7/2025"
"ORD253","6/22/2025","Shmp200","21956","7/7/2025","Medium","6/22/2025","Line-3","6/29/2025 19:30","6/29/2025 23:00","3500","1000","7/7/2025"
"ORD253","6/22/2025","Shmp200","21956","7/7/2025","Medium","6/22/2025","Line-5","7/1/2025 16:30","7/1/2025 23:00","6500","1000","7/7/2025"
"ORD253","6/22/2025","Shmp200","21956","7/7/2025","Medium","6/22/2025","Line-5","7/1/2025 16:30","7/1/2025 23:00","6500","1000","7/7/2025"
"ORD253","6/22/2025","Shmp200","21956","7/7/2025","Medium","6/22/2025","Line-6","6/29/2025 23:30","6/30/2025 7:00","6000","800","7/7/2025"
"ORD253","6/22/2025","Shmp200","21956","7/7/2025","Medium","6/22/2025","Line-6","6/29/2025 23:30","6/30/2025 7:00","6000","800","7/7/2025"
"ORD254","6/22/2025","Hdwa250","29674","7/7/2025","High","6/22/2025","Line-5","7/2/2025 1:00","7/2/2025 7:00","6000","1000","7/7/2025"
"ORD254","6/22/2025","Hdwa250","29674","7/7/2025","High","6/22/2025","Line-5","7/2/2025 1:00","7/2/2025 7:00","6000","1000","7/7/2025"
"ORD254","6/22/2025","Hdwa250","29674","7/7/2025","High","6/22/2025","Line-7","6/28/2025 18:30","6/28/2025 23:00","6750","1500","7/7/2025"
"ORD254","6/22/2025","Hdwa250","29674","7/7/2025","High","6/22/2025","Line-7","6/28/2025 18:30","6/28/2025 23:00","6750","1500","7/7/2025"
"ORD254","6/22/2025","Hdwa250","29674","7/7/2025","High","6/22/2025","Line-9","6/30/2025 12:30","6/30/2025 15:00","3500","1400","7/7/2025"
"ORD254","6/22/2025","Hdwa250","29674","7/7/2025","High","6/22/2025","Line-9","6/30/2025 12:30","6/30/2025 15:00","3500","1400","7/7/2025"
"ORD254","6/22/2025","Lot100","26521","7/7/2025","Medium","6/22/2025","Line-1","6/26/2025 9:30","6/26/2025 15:00","6600","1200","7/7/2025"
"ORD254","6/22/2025","Lot100","26521","7/7/2025","Medium","6/22/2025","Line-1","6/26/2025 9:30","6/26/2025 15:00","6600","1200","7/7/2025"
"ORD254","6/22/2025","Lot100","26521","7/7/2025","Medium","6/22/2025","Line-10","6/25/2025 7:30","6/25/2025 15:00","11250","1500","7/7/2025"
"ORD254","6/22/2025","Lot100","26521","7/7/2025","Medium","6/22/2025","Line-10","6/25/2025 7:30","6/25/2025 15:00","11250","1500","7/7/2025"
"ORD254","6/22/2025","Lot100","26521","7/7/2025","Medium","6/22/2025","Line-6","6/29/2025 7:00","6/29/2025 14:34","6061","800","7/7/2025"
"ORD254","6/22/2025","Lot100","26521","7/7/2025","Medium","6/22/2025","Line-6","6/29/2025 7:00","6/29/2025 14:34","6061","800","7/7/2025"
"ORD255","6/22/2025","Bdwa200","22879","7/7/2025","High","6/22/2025","Line-11","6/29/2025 20:00","6/29/2025 23:00","3600","1200","7/7/2025"
"ORD255","6/22/2025","Bdwa200","22879","7/7/2025","High","6/22/2025","Line-11","6/29/2025 20:00","6/29/2025 23:00","3600","1200","7/7/2025"
"ORD255","6/22/2025","Bdwa200","22879","7/7/2025","High","6/22/2025","Line-3","7/3/2025 11:00","7/3/2025 15:00","4000","1000","7/7/2025"
"ORD255","6/22/2025","Bdwa200","22879","7/7/2025","High","6/22/2025","Line-3","7/3/2025 11:00","7/3/2025 15:00","4000","1000","7/7/2025"
"ORD255","6/22/2025","Bdwa200","22879","7/7/2025","High","6/22/2025","Line-6","6/30/2025 22:30","6/30/2025 23:00","400","800","7/7/2025"
"ORD255","6/22/2025","Bdwa200","22879","7/7/2025","High","6/22/2025","Line-6","6/30/2025 22:30","6/30/2025 23:00","400","800","7/7/2025"
"ORD255","6/22/2025","Hdwa250","22882","7/7/2025","High","6/22/2025","Line-1","6/27/2025 17:30","6/27/2025 23:00","6600","1200","7/7/2025"
"ORD255","6/22/2025","Hdwa250","22882","7/7/2025","High","6/22/2025","Line-1","6/27/2025 17:30","6/27/2025 23:00","6600","1200","7/7/2025"
"ORD255","6/22/2025","Hdwa250","22882","7/7/2025","High","6/22/2025","Line-12","6/27/2025 9:00","6/27/2025 15:00","6000","1000","7/7/2025"
"ORD255","6/22/2025","Hdwa250","22882","7/7/2025","High","6/22/2025","Line-12","6/27/2025 9:00","6/27/2025 15:00","6000","1000","7/7/2025"
"ORD255","6/22/2025","Hdwa250","22882","7/7/2025","High","6/22/2025","Line-8","6/30/2025 2:30","6/30/2025 7:00","5400","1200","7/7/2025"
"ORD255","6/22/2025","Hdwa250","22882","7/7/2025","High","6/22/2025","Line-8","6/30/2025 2:30","6/30/2025 7:00","5400","1200","7/7/2025"
"ORD256","6/22/2025","Bdwa200","109484","7/7/2025","High","6/22/2025","Line-1","6/28/2025 15:00","6/28/2025 23:00","9600","1200","7/7/2025"
"ORD256","6/22/2025","Bdwa200","109484","7/7/2025","High","6/22/2025","Line-1","6/28/2025 15:00","6/28/2025 23:00","9600","1200","7/7/2025"
"ORD256","6/22/2025","Bdwa200","109484","7/7/2025","High","6/22/2025","Line-2","6/29/2025 14:00","6/29/2025 15:00","1500","1500","7/7/2025"
"ORD256","6/22/2025","Bdwa200","109484","7/7/2025","High","6/22/2025","Line-2","6/29/2025 14:00","6/29/2025 15:00","1500","1500","7/7/2025"
"ORD256","6/22/2025","Bdwa200","109484","7/7/2025","High","6/22/2025","Line-7","6/27/2025 7:30","6/27/2025 15:00","11250","1500","7/7/2025"
"ORD256","6/22/2025","Bdwa200","109484","7/7/2025","High","6/22/2025","Line-7","6/27/2025 7:30","6/27/2025 15:00","11250","1500","7/7/2025"
"ORD256","6/22/2025","Lot100","6414","7/7/2025","Low","6/22/2025","Line-5","7/2/2025 9:00","7/2/2025 15:00","6000","1000","7/7/2025"
"ORD256","6/22/2025","Lot100","6414","7/7/2025","Low","6/22/2025","Line-5","7/2/2025 9:00","7/2/2025 15:00","6000","1000","7/7/2025"
"ORD257","6/22/2025","Lot250","24151","7/7/2025","Low","6/22/2025","Line-3","6/29/2025 12:00","6/29/2025 15:00","3000","1000","7/7/2025"
"ORD257","6/22/2025","Lot250","24151","7/7/2025","Low","6/22/2025","Line-3","6/29/2025 12:00","6/29/2025 15:00","3000","1000","7/7/2025"
"ORD257","6/22/2025","Lot250","24151","7/7/2025","Low","6/22/2025","Line-5","6/30/2025 18:00","6/30/2025 23:00","5000","1000","7/7/2025"
"ORD257","6/22/2025","Lot250","24151","7/7/2025","Low","6/22/2025","Line-5","6/30/2025 18:00","6/30/2025 23:00","5000","1000","7/7/2025"
"ORD257","6/22/2025","Lot250","24151","7/7/2025","Low","6/22/2025","Line-9","6/28/2025 22:30","6/28/2025 23:00","700","1400","7/7/2025"
"ORD257","6/22/2025","Lot250","24151","7/7/2025","Low","6/22/2025","Line-9","6/28/2025 22:30","6/28/2025 23:00","700","1400","7/7/2025"
"ORD257","6/22/2025","Shmp100","5917","7/7/2025","High","6/22/2025","Line-6","7/1/2025 6:30","7/1/2025 7:00","400","800","7/7/2025"
"ORD257","6/22/2025","Shmp100","5917","7/7/2025","High","6/22/2025","Line-6","7/1/2025 6:30","7/1/2025 7:00","400","800","7/7/2025"
"ORD258","6/22/2025","Fcws100","82777","7/9/2025","Low","6/22/2025","Line-2","6/29/2025 7:00","6/29/2025 13:32","9819","1500","7/9/2025"
"ORD258","6/22/2025","Fcws100","82777","7/9/2025","Low","6/22/2025","Line-4","6/30/2025 7:30","6/30/2025 15:00","6000","800","7/9/2025"
"ORD258","6/22/2025","Fcws100","82777","7/9/2025","Low","6/22/2025","Line-5","7/2/2025 23:00","7/3/2025 7:00","8000","1000","7/9/2025"
"ORD258","6/22/2025","Fcws100","82777","7/9/2025","Low","6/22/2025","Line-6","6/30/2025 8:00","6/30/2025 14:32","5237","800","7/9/2025"
"ORD258","6/22/2025","Fcws100","82777","7/9/2025","Low","6/22/2025","Line-6","7/1/2025 21:30","7/1/2025 23:00","1200","800","7/9/2025"
"ORD259","6/22/2025","Lot100","8481","7/7/2025","Low","6/22/2025","Line-11","6/29/2025 12:30","6/29/2025 15:00","3000","1200","7/7/2025"
"ORD259","6/22/2025","Lot100","8481","7/7/2025","Low","6/22/2025","Line-11","6/29/2025 12:30","6/29/2025 15:00","3000","1200","7/7/2025"
"ORD259","6/22/2025","Shmp100","31943","7/7/2025","Low","6/22/2025","Line-12","6/27/2025 16:00","6/27/2025 23:00","7000","1000","7/7/2025"
"ORD259","6/22/2025","Shmp100","31943","7/7/2025","Low","6/22/2025","Line-12","6/27/2025 16:00","6/27/2025 23:00","7000","1000","7/7/2025"
"ORD260","6/22/2025","Fcws100","11954","7/7/2025","High","6/22/2025","Line-2","6/30/2025 16:30","6/30/2025 23:00","9750","1500","7/7/2025"
"ORD260","6/22/2025","Fcws100","11954","7/7/2025","High","6/22/2025","Line-2","6/30/2025 16:30","6/30/2025 23:00","9750","1500","7/7/2025"
"ORD260","6/22/2025","Hdwa250","28475","7/7/2025","High","6/22/2025","Line-7","6/26/2025 15:30","6/26/2025 22:26","10417","1500","7/7/2025"
"ORD260","6/22/2025","Hdwa250","28475","7/7/2025","High","6/22/2025","Line-7","6/26/2025 15:30","6/26/2025 22:26","10417","1500","7/7/2025"
"ORD260","6/22/2025","Hdwa250","28475","7/7/2025","High","6/22/2025","Line-8","6/29/2025 11:00","6/29/2025 15:00","4800","1200","7/7/2025"
"ORD260","6/22/2025","Hdwa250","28475","7/7/2025","High","6/22/2025","Line-8","6/29/2025 11:00","6/29/2025 15:00","4800","1200","7/7/2025"
"ORD260","6/22/2025","Hdwa250","28475","7/7/2025","High","6/22/2025","Line-9","6/29/2025 6:00","6/29/2025 7:00","1400","1400","7/7/2025"
"ORD260","6/22/2025","Hdwa250","28475","7/7/2025","High","6/22/2025","Line-9","6/29/2025 6:00","6/29/2025 7:00","1400","1400","7/7/2025"
"ORD261","6/22/2025","Crm50","44566","7/9/2025","Medium","6/22/2025","Line-7","6/29/2025 10:30","6/29/2025 15:00","6750","1500","7/9/2025"
"ORD261","6/22/2025","Crm50","44566","7/9/2025","Medium","6/22/2025","Line-7","6/29/2025 10:30","6/29/2025 15:00","6750","1500","7/9/2025"
"ORD261","6/22/2025","Talc100","8386","7/9/2025","Low","6/22/2025","Line-11","6/28/2025 12:00","6/28/2025 15:00","3600","1200","7/9/2025"
"ORD261","6/22/2025","Talc100","8386","7/9/2025","Low","6/22/2025","Line-11","6/28/2025 12:00","6/28/2025 15:00","3600","1200","7/9/2025"
"ORD262","6/22/2025","Fcws100","31811","7/7/2025","High","6/22/2025","Line-3","6/30/2025 12:30","6/30/2025 15:00","2500","1000","7/7/2025"
"ORD262","6/22/2025","Fcws100","31811","7/7/2025","High","6/22/2025","Line-3","6/30/2025 12:30","6/30/2025 15:00","2500","1000","7/7/2025"
"ORD262","6/22/2025","Lot250","11408","7/7/2025","Medium","6/22/2025","Line-7","6/29/2025 2:30","6/29/2025 7:00","6750","1500","7/7/2025"
"ORD262","6/22/2025","Lot250","11408","7/7/2025","Medium","6/22/2025","Line-7","6/29/2025 2:30","6/29/2025 7:00","6750","1500","7/7/2025"
"ORD263","6/22/2025","Cond100","6410","7/7/2025","Medium","6/22/2025","Line-12","6/29/2025 0:30","6/29/2025 6:54","6410","1000","7/7/2025"
"ORD263","6/22/2025","Cond100","6410","7/7/2025","Medium","6/22/2025","Line-12","6/29/2025 0:30","6/29/2025 6:54","6410","1000","7/7/2025"
"ORD263","6/22/2025","Lot100","28408","7/7/2025","High","6/22/2025","Line-1","6/26/2025 17:30","6/26/2025 23:00","6600","1200","7/7/2025"
"ORD263","6/22/2025","Lot100","28408","7/7/2025","High","6/22/2025","Line-1","6/26/2025 17:30","6/26/2025 23:00","6600","1200","7/7/2025"
"ORD263","6/22/2025","Lot100","28408","7/7/2025","High","6/22/2025","Line-2","6/28/2025 6:30","6/28/2025 7:00","750","1500","7/7/2025"
"ORD263","6/22/2025","Lot100","28408","7/7/2025","High","6/22/2025","Line-2","6/28/2025 6:30","6/28/2025 7:00","750","1500","7/7/2025"
"ORD263","6/22/2025","Lot100","28408","7/7/2025","High","6/22/2025","Line-5","7/1/2025 1:30","7/1/2025 7:00","5500","1000","7/7/2025"
"ORD263","6/22/2025","Lot100","28408","7/7/2025","High","6/22/2025","Line-5","7/1/2025 1:30","7/1/2025 7:00","5500","1000","7/7/2025"
"ORD264","6/22/2025","Hdwa250","12143","7/7/2025","High","6/22/2025","Line-3","7/3/2025 19:00","7/3/2025 23:00","4000","1000","7/7/2025"
"ORD264","6/22/2025","Hdwa250","12143","7/7/2025","High","6/22/2025","Line-3","7/3/2025 19:00","7/3/2025 23:00","4000","1000","7/7/2025"
"ORD264","6/22/2025","Hdwa250","12143","7/7/2025","High","6/22/2025","Line-6","7/1/2025 14:30","7/1/2025 15:00","400","800","7/7/2025"
"ORD264","6/22/2025","Hdwa250","12143","7/7/2025","High","6/22/2025","Line-6","7/1/2025 14:30","7/1/2025 15:00","400","800","7/7/2025"
"ORD264","6/22/2025","Lot250","8681","7/7/2025","Low","6/22/2025","Line-1","6/28/2025 0:30","6/28/2025 7:00","7800","1200","7/7/2025"
"ORD264","6/22/2025","Lot250","8681","7/7/2025","Low","6/22/2025","Line-1","6/28/2025 0:30","6/28/2025 7:00","7800","1200","7/7/2025"
"ORD265","6/22/2025","Shmp100","21329","7/7/2025","Low","6/22/2025","Line-2","6/28/2025 14:30","6/28/2025 15:00","750","1500","7/7/2025"
"ORD265","6/22/2025","Shmp100","21329","7/7/2025","Low","6/22/2025","Line-2","6/28/2025 14:30","6/28/2025 15:00","750","1500","7/7/2025"
"ORD265","6/22/2025","Shmp100","21329","7/7/2025","Low","6/22/2025","Line-9","6/29/2025 13:30","6/29/2025 15:00","2100","1400","7/7/2025"
"ORD265","6/22/2025","Shmp100","21329","7/7/2025","Low","6/22/2025","Line-9","6/29/2025 13:30","6/29/2025 15:00","2100","1400","7/7/2025"
"ORD265","6/22/2025","Talc100","27974","7/7/2025","High","6/22/2025","Line-1","6/29/2025 17:30","6/29/2025 23:00","6600","1200","7/7/2025"
"ORD265","6/22/2025","Talc100","27974","7/7/2025","High","6/22/2025","Line-1","6/29/2025 17:30","6/29/2025 23:00","6600","1200","7/7/2025"
"ORD265","6/22/2025","Talc100","27974","7/7/2025","High","6/22/2025","Line-10","6/25/2025 15:30","6/25/2025 22:40","10759","1500","7/7/2025"
"ORD265","6/22/2025","Talc100","27974","7/7/2025","High","6/22/2025","Line-10","6/25/2025 15:30","6/25/2025 22:40","10759","1500","7/7/2025"
"ORD265","6/22/2025","Talc100","27974","7/7/2025","High","6/22/2025","Line-8","6/30/2025 9:30","6/30/2025 15:00","6600","1200","7/7/2025"
"ORD265","6/22/2025","Talc100","27974","7/7/2025","High","6/22/2025","Line-8","6/30/2025 9:30","6/30/2025 15:00","6600","1200","7/7/2025"
"ORD266","6/22/2025","Gel150","23139","7/7/2025","Low","6/22/2025","Line-12","6/29/2025 14:30","6/29/2025 15:00","500","1000","7/7/2025"
"ORD266","6/22/2025","Gel150","23139","7/7/2025","Low","6/22/2025","Line-12","6/29/2025 14:30","6/29/2025 15:00","500","1000","7/7/2025"
"ORD266","6/22/2025","Gel150","23139","7/7/2025","Low","6/22/2025","Line-2","7/1/2025 1:00","7/1/2025 7:00","9000","1500","7/7/2025"
"ORD266","6/22/2025","Gel150","23139","7/7/2025","Low","6/22/2025","Line-2","7/1/2025 1:00","7/1/2025 7:00","9000","1500","7/7/2025"
"ORD266","6/22/2025","Gel150","23139","7/7/2025","Low","6/22/2025","Line-4","6/30/2025 0:00","6/30/2025 7:00","5600","800","7/7/2025"
"ORD266","6/22/2025","Gel150","23139","7/7/2025","Low","6/22/2025","Line-4","6/30/2025 0:00","6/30/2025 7:00","5600","800","7/7/2025"
"ORD266","6/22/2025","Lot100","5778","7/7/2025","Medium","6/22/2025","Line-4","6/28/2025 2:30","6/28/2025 7:00","3600","800","7/7/2025"
"ORD266","6/22/2025","Lot100","5778","7/7/2025","Medium","6/22/2025","Line-4","6/28/2025 2:30","6/28/2025 7:00","3600","800","7/7/2025"
"ORD267","6/22/2025","Crm50","18064","7/8/2025","Low","6/22/2025","Line-11","6/28/2025 4:30","6/28/2025 7:00","3000","1200","7/8/2025"
"ORD267","6/22/2025","Crm50","18064","7/8/2025","Low","6/22/2025","Line-11","6/28/2025 4:30","6/28/2025 7:00","3000","1200","7/8/2025"
"ORD267","6/22/2025","Crm50","18064","7/8/2025","Low","6/22/2025","Line-9","6/29/2025 21:30","6/29/2025 23:00","2100","1400","7/8/2025"
"ORD267","6/22/2025","Crm50","18064","7/8/2025","Low","6/22/2025","Line-9","6/29/2025 21:30","6/29/2025 23:00","2100","1400","7/8/2025"
"ORD267","6/22/2025","Talc100","13907","7/8/2025","Medium","6/22/2025","Line-4","7/1/2025 10:00","7/1/2025 15:00","4000","800","7/8/2025"
"ORD267","6/22/2025","Talc100","13907","7/8/2025","Medium","6/22/2025","Line-4","7/1/2025 10:00","7/1/2025 15:00","4000","800","7/8/2025"
"ORD267","6/22/2025","Talc100","13907","7/8/2025","Medium","6/22/2025","Line-5","7/4/2025 1:30","7/4/2025 7:00","5500","1000","7/8/2025"
"ORD267","6/22/2025","Talc100","13907","7/8/2025","Medium","6/22/2025","Line-5","7/4/2025 1:30","7/4/2025 7:00","5500","1000","7/8/2025"
"ORD268","6/22/2025","Crm50","9034","7/8/2025","Medium","6/22/2025","Line-8","6/29/2025 18:30","6/29/2025 23:00","5400","1200","7/8/2025"
"ORD268","6/22/2025","Crm50","9034","7/8/2025","Medium","6/22/2025","Line-8","6/29/2025 18:30","6/29/2025 23:00","5400","1200","7/8/2025"
"ORD268","6/22/2025","Lot100","17191","7/8/2025","Low","6/22/2025","Line-1","6/30/2025 1:00","6/30/2025 7:00","7200","1200","7/8/2025"
"ORD268","6/22/2025","Lot100","17191","7/8/2025","Low","6/22/2025","Line-1","6/30/2025 1:00","6/30/2025 7:00","7200","1200","7/8/2025"
"ORD268","6/22/2025","Lot100","17191","7/8/2025","Low","6/22/2025","Line-3","7/4/2025 10:00","7/4/2025 15:00","5000","1000","7/8/2025"
"ORD268","6/22/2025","Lot100","17191","7/8/2025","Low","6/22/2025","Line-3","7/4/2025 10:00","7/4/2025 15:00","5000","1000","7/8/2025"
"ORD269","6/22/2025","Gel150","74095","7/10/2025","Medium","6/22/2025","Line-3","7/4/2025 18:30","7/4/2025 23:00","4500","1000","7/10/2025"
"ORD269","6/22/2025","Gel150","74095","7/10/2025","Medium","6/22/2025","Line-3","7/4/2025 18:30","7/4/2025 23:00","4500","1000","7/10/2025"
"ORD269","6/22/2025","Gel150","74095","7/10/2025","Medium","6/22/2025","Line-9","6/30/2025 20:30","6/30/2025 23:00","3500","1400","7/10/2025"
"ORD269","6/22/2025","Gel150","74095","7/10/2025","Medium","6/22/2025","Line-9","6/30/2025 20:30","6/30/2025 23:00","3500","1400","7/10/2025"
"ORD269","6/22/2025","Lot250","7932","7/10/2025","Medium","6/22/2025","Line-1","6/28/2025 8:00","6/28/2025 14:36","7932","1200","7/10/2025"
"ORD269","6/22/2025","Lot250","7932","7/10/2025","Medium","6/22/2025","Line-1","6/28/2025 8:00","6/28/2025 14:36","7932","1200","7/10/2025"
"ORD270","6/22/2025","Bdwa200","17491","7/8/2025","Medium","6/22/2025","Line-2","7/1/2025 8:30","7/1/2025 15:00","9750","1500","7/8/2025"
"ORD270","6/22/2025","Bdwa200","17491","7/8/2025","Medium","6/22/2025","Line-2","7/1/2025 8:30","7/1/2025 15:00","9750","1500","7/8/2025"
"ORD270","6/22/2025","Bdwa200","17491","7/8/2025","Medium","6/22/2025","Line-4","7/1/2025 18:00","7/1/2025 23:00","4000","800","7/8/2025"
"ORD270","6/22/2025","Bdwa200","17491","7/8/2025","Medium","6/22/2025","Line-4","7/1/2025 18:00","7/1/2025 23:00","4000","800","7/8/2025"
"ORD270","6/22/2025","Lot100","52073","7/8/2025","High","6/22/2025","Line-3","7/1/2025 21:00","7/1/2025 23:00","2000","1000","7/8/2025"
"ORD270","6/22/2025","Lot100","52073","7/8/2025","High","6/22/2025","Line-3","7/1/2025 21:00","7/1/2025 23:00","2000","1000","7/8/2025"
"ORD270","6/22/2025","Lot100","52073","7/8/2025","High","6/22/2025","Line-4","6/28/2025 18:30","6/28/2025 23:00","3600","800","7/8/2025"
"ORD270","6/22/2025","Lot100","52073","7/8/2025","High","6/22/2025","Line-4","6/28/2025 18:30","6/28/2025 23:00","3600","800","7/8/2025"
"ORD271","6/22/2025","Cond100","10848","7/8/2025","High","6/22/2025","Line-2","7/1/2025 16:30","7/1/2025 23:00","9750","1500","7/8/2025"
"ORD271","6/22/2025","Cond100","10848","7/8/2025","High","6/22/2025","Line-2","7/1/2025 16:30","7/1/2025 23:00","9750","1500","7/8/2025"
"ORD271","6/22/2025","Lot250","18392","7/8/2025","Low","6/22/2025","Line-1","6/27/2025 1:30","6/27/2025 7:00","6600","1200","7/8/2025"
"ORD271","6/22/2025","Lot250","18392","7/8/2025","Low","6/22/2025","Line-1","6/27/2025 1:30","6/27/2025 7:00","6600","1200","7/8/2025"
"ORD271","6/22/2025","Lot250","18392","7/8/2025","Low","6/22/2025","Line-9","6/30/2025 5:00","6/30/2025 7:00","2800","1400","7/8/2025"
"ORD271","6/22/2025","Lot250","18392","7/8/2025","Low","6/22/2025","Line-9","6/30/2025 5:00","6/30/2025 7:00","2800","1400","7/8/2025"
"ORD272","6/22/2025","Lot100","21188","7/8/2025","Low","6/22/2025","Line-12","6/29/2025 22:00","6/29/2025 23:00","1000","1000","7/8/2025"
"ORD272","6/22/2025","Lot100","21188","7/8/2025","Low","6/22/2025","Line-12","6/29/2025 22:00","6/29/2025 23:00","1000","1000","7/8/2025"
"ORD272","6/22/2025","Lot100","21188","7/8/2025","Low","6/22/2025","Line-2","7/2/2025 0:00","7/2/2025 6:25","9632","1500","7/8/2025"
"ORD272","6/22/2025","Lot100","21188","7/8/2025","Low","6/22/2025","Line-2","7/2/2025 0:00","7/2/2025 6:25","9632","1500","7/8/2025"
"ORD272","6/22/2025","Lot100","21188","7/8/2025","Low","6/22/2025","Line-4","7/2/2025 2:00","7/2/2025 7:00","4000","800","7/8/2025"
"ORD272","6/22/2025","Lot100","21188","7/8/2025","Low","6/22/2025","Line-4","7/2/2025 2:00","7/2/2025 7:00","4000","800","7/8/2025"
"ORD272","6/22/2025","Shmp100","23871","7/8/2025","Low","6/22/2025","Line-11","6/28/2025 19:30","6/28/2025 23:00","4200","1200","7/8/2025"
"ORD272","6/22/2025","Shmp100","23871","7/8/2025","Low","6/22/2025","Line-11","6/28/2025 19:30","6/28/2025 23:00","4200","1200","7/8/2025"
"ORD272","6/22/2025","Shmp100","23871","7/8/2025","Low","6/22/2025","Line-3","6/30/2025 4:00","6/30/2025 7:00","3000","1000","7/8/2025"
"ORD272","6/22/2025","Shmp100","23871","7/8/2025","Low","6/22/2025","Line-3","6/30/2025 4:00","6/30/2025 7:00","3000","1000","7/8/2025"
"ORD272","6/22/2025","Shmp100","23871","7/8/2025","Low","6/22/2025","Line-4","6/28/2025 10:00","6/28/2025 15:00","4000","800","7/8/2025"
"ORD272","6/22/2025","Shmp100","23871","7/8/2025","Low","6/22/2025","Line-4","6/28/2025 10:00","6/28/2025 15:00","4000","800","7/8/2025"
"ORD273","6/22/2025","Hdwa250","6223","7/8/2025","Medium","6/22/2025","Line-4","6/27/2025 18:00","6/27/2025 23:00","4000","800","7/8/2025"
"ORD273","6/22/2025","Hdwa250","6223","7/8/2025","Medium","6/22/2025","Line-4","6/27/2025 18:00","6/27/2025 23:00","4000","800","7/8/2025"
"ORD273","6/22/2025","Shmp100","6874","7/8/2025","Medium","6/22/2025","Line-12","6/30/2025 13:00","6/30/2025 15:00","2000","1000","7/8/2025"
"ORD273","6/22/2025","Shmp100","6874","7/8/2025","Medium","6/22/2025","Line-12","6/30/2025 13:00","6/30/2025 15:00","2000","1000","7/8/2025"
"ORD274","6/22/2025","Fcws100","27289","7/10/2025","High","6/22/2025","Line-1","6/27/2025 9:00","6/27/2025 15:00","7200","1200","7/10/2025"
"ORD274","6/22/2025","Fcws100","27289","7/10/2025","High","6/22/2025","Line-1","6/27/2025 9:00","6/27/2025 15:00","7200","1200","7/10/2025"
"ORD274","6/22/2025","Fcws100","27289","7/10/2025","High","6/22/2025","Line-2","6/28/2025 22:30","6/28/2025 23:00","750","1500","7/10/2025"
"ORD274","6/22/2025","Fcws100","27289","7/10/2025","High","6/22/2025","Line-2","6/28/2025 22:30","6/28/2025 23:00","750","1500","7/10/2025"
"ORD274","6/22/2025","Fcws100","27289","7/10/2025","High","6/22/2025","Line-6","6/29/2025 15:00","6/29/2025 22:47","6237","800","7/10/2025"
"ORD274","6/22/2025","Fcws100","27289","7/10/2025","High","6/22/2025","Line-6","6/29/2025 15:00","6/29/2025 22:47","6237","800","7/10/2025"
"ORD274","6/22/2025","Talc100","101534","7/10/2025","High","6/22/2025","Line-12","6/30/2025 20:30","6/30/2025 23:00","2500","1000","7/10/2025"
"ORD274","6/22/2025","Talc100","101534","7/10/2025","High","6/22/2025","Line-12","6/30/2025 20:30","6/30/2025 23:00","2500","1000","7/10/2025"
"ORD274","6/22/2025","Talc100","101534","7/10/2025","High","6/22/2025","Line-5","7/4/2025 17:30","7/4/2025 23:00","5500","1000","7/10/2025"
"ORD274","6/22/2025","Talc100","101534","7/10/2025","High","6/22/2025","Line-5","7/4/2025 17:30","7/4/2025 23:00","5500","1000","7/10/2025"
"ORD274","6/22/2025","Talc100","101534","7/10/2025","High","6/22/2025","Line-8","7/1/2025 0:00","7/1/2025 7:00","8400","1200","7/10/2025"
"ORD274","6/22/2025","Talc100","101534","7/10/2025","High","6/22/2025","Line-8","7/1/2025 0:00","7/1/2025 7:00","8400","1200","7/10/2025"
"ORD275","6/22/2025","Lot250","5709","7/8/2025","Low","6/22/2025","Line-6","6/30/2025 15:00","6/30/2025 22:08","5709","800","7/8/2025"
"ORD275","6/22/2025","Lot250","5709","7/8/2025","Low","6/22/2025","Line-6","6/30/2025 15:00","6/30/2025 22:08","5709","800","7/8/2025"
"ORD275","6/22/2025","Shmp100","14999","7/8/2025","Low","6/22/2025","Line-12","6/30/2025 5:00","6/30/2025 7:00","2000","1000","7/8/2025"
"ORD275","6/22/2025","Shmp100","14999","7/8/2025","Low","6/22/2025","Line-12","6/30/2025 5:00","6/30/2025 7:00","2000","1000","7/8/2025"
"ORD275","6/22/2025","Shmp100","14999","7/8/2025","Low","6/22/2025","Line-5","7/4/2025 9:30","7/4/2025 15:00","5500","1000","7/8/2025"
"ORD275","6/22/2025","Shmp100","14999","7/8/2025","Low","6/22/2025","Line-5","7/4/2025 9:30","7/4/2025 15:00","5500","1000","7/8/2025"
"ORD276","6/22/2025","Gel150","18625","7/8/2025","Medium","6/22/2025","Line-4","7/2/2025 9:00","7/2/2025 15:00","4800","800","7/8/2025"
"ORD276","6/22/2025","Gel150","18625","7/8/2025","Medium","6/22/2025","Line-4","7/2/2025 9:00","7/2/2025 15:00","4800","800","7/8/2025"
"ORD276","6/22/2025","Gel150","18625","7/8/2025","Medium","6/22/2025","Line-6","7/3/2025 0:00","7/3/2025 6:39","5321","800","7/8/2025"
"ORD276","6/22/2025","Gel150","18625","7/8/2025","Medium","6/22/2025","Line-6","7/3/2025 0:00","7/3/2025 6:39","5321","800","7/8/2025"
"ORD276","6/22/2025","Gel150","18625","7/8/2025","Medium","6/22/2025","Line-8","6/30/2025 17:00","6/30/2025 23:00","7200","1200","7/8/2025"
"ORD276","6/22/2025","Gel150","18625","7/8/2025","Medium","6/22/2025","Line-8","6/30/2025 17:00","6/30/2025 23:00","7200","1200","7/8/2025"
"ORD276","6/22/2025","Lot100","6598","7/8/2025","Low","6/22/2025","Line-5","7/1/2025 9:30","7/1/2025 15:00","5500","1000","7/8/2025"
"ORD276","6/22/2025","Lot100","6598","7/8/2025","Low","6/22/2025","Line-5","7/1/2025 9:30","7/1/2025 15:00","5500","1000","7/8/2025"
"ORD277","6/22/2025","Bdwa200","21557","7/8/2025","High","6/22/2025","Line-11","6/29/2025 4:00","6/29/2025 7:00","3600","1200","7/8/2025"
"ORD277","6/22/2025","Bdwa200","21557","7/8/2025","High","6/22/2025","Line-11","6/29/2025 4:00","6/29/2025 7:00","3600","1200","7/8/2025"
"ORD277","6/22/2025","Bdwa200","21557","7/8/2025","High","6/22/2025","Line-7","6/26/2025 23:00","6/27/2025 6:59","11976","1500","7/8/2025"
"ORD277","6/22/2025","Bdwa200","21557","7/8/2025","High","6/22/2025","Line-7","6/26/2025 23:00","6/27/2025 6:59","11976","1500","7/8/2025"
"ORD277","6/22/2025","Talc100","19268","7/8/2025","Low","6/22/2025","Line-3","7/4/2025 2:00","7/4/2025 7:00","5000","1000","7/8/2025"
"ORD277","6/22/2025","Talc100","19268","7/8/2025","Low","6/22/2025","Line-3","7/4/2025 2:00","7/4/2025 7:00","5000","1000","7/8/2025"
"ORD277","6/22/2025","Talc100","19268","7/8/2025","Low","6/22/2025","Line-7","6/30/2025 16:30","6/30/2025 23:00","9750","1500","7/8/2025"
"ORD277","6/22/2025","Talc100","19268","7/8/2025","Low","6/22/2025","Line-7","6/30/2025 16:30","6/30/2025 23:00","9750","1500","7/8/2025"
"ORD278","6/23/2025","Bdwa200","21018","7/8/2025","High","6/23/2025","Line-12","7/3/2025 7:30","7/3/2025 15:00","7500","1000","7/8/2025"
"ORD278","6/23/2025","Bdwa200","21018","7/8/2025","High","6/23/2025","Line-12","7/3/2025 7:30","7/3/2025 15:00","7500","1000","7/8/2025"
"ORD278","6/23/2025","Bdwa200","21018","7/8/2025","High","6/23/2025","Line-4","7/5/2025 19:30","7/5/2025 23:00","2800","800","7/8/2025"
"ORD278","6/23/2025","Bdwa200","21018","7/8/2025","High","6/23/2025","Line-4","7/5/2025 19:30","7/5/2025 23:00","2800","800","7/8/2025"
"ORD278","6/23/2025","Bdwa200","21018","7/8/2025","High","6/23/2025","Line-5","7/7/2025 23:30","7/8/2025 7:00","7500","1000","7/8/2025"
"ORD278","6/23/2025","Bdwa200","21018","7/8/2025","High","6/23/2025","Line-5","7/7/2025 23:30","7/8/2025 7:00","7500","1000","7/8/2025"
"ORD278","6/23/2025","Fcws100","6367","7/8/2025","Medium","6/23/2025","Line-6","7/3/2025 7:00","7/3/2025 14:57","6367","800","7/8/2025"
"ORD278","6/23/2025","Fcws100","6367","7/8/2025","Medium","6/23/2025","Line-6","7/3/2025 7:00","7/3/2025 14:57","6367","800","7/8/2025"
"ORD279","6/23/2025","Bdwa200","16489","7/8/2025","High","6/23/2025","Line-10","6/27/2025 13:00","6/27/2025 15:00","3000","1500","7/8/2025"
"ORD279","6/23/2025","Bdwa200","16489","7/8/2025","High","6/23/2025","Line-10","6/27/2025 13:00","6/27/2025 15:00","3000","1500","7/8/2025"
"ORD279","6/23/2025","Bdwa200","16489","7/8/2025","High","6/23/2025","Line-6","7/7/2025 2:00","7/7/2025 7:00","4000","800","7/8/2025"
"ORD279","6/23/2025","Bdwa200","16489","7/8/2025","High","6/23/2025","Line-6","7/7/2025 2:00","7/7/2025 7:00","4000","800","7/8/2025"
"ORD279","6/23/2025","Shmp200","14925","7/8/2025","Low","6/23/2025","Line-4","7/3/2025 0:00","7/3/2025 6:29","5192","800","7/8/2025"
"ORD279","6/23/2025","Shmp200","14925","7/8/2025","Low","6/23/2025","Line-4","7/3/2025 0:00","7/3/2025 6:29","5192","800","7/8/2025"
"ORD279","6/23/2025","Shmp200","14925","7/8/2025","Low","6/23/2025","Line-7","7/2/2025 0:30","7/2/2025 6:59","9733","1500","7/8/2025"
"ORD279","6/23/2025","Shmp200","14925","7/8/2025","Low","6/23/2025","Line-7","7/2/2025 0:30","7/2/2025 6:59","9733","1500","7/8/2025"
"ORD280","6/23/2025","Lot250","8703","7/8/2025","High","6/23/2025","Line-8","7/2/2025 8:00","7/2/2025 15:00","8400","1200","7/8/2025"
"ORD280","6/23/2025","Lot250","8703","7/8/2025","High","6/23/2025","Line-8","7/2/2025 8:00","7/2/2025 15:00","8400","1200","7/8/2025"
"ORD280","6/23/2025","Shmp100","11844","7/8/2025","Medium","6/23/2025","Line-5","7/8/2025 7:30","7/8/2025 14:04","6580","1000","7/8/2025"
"ORD280","6/23/2025","Shmp100","11844","7/8/2025","Medium","6/23/2025","Line-5","7/8/2025 7:30","7/8/2025 14:04","6580","1000","7/8/2025"
"ORD280","6/23/2025","Shmp100","11844","7/8/2025","Medium","6/23/2025","Line-6","7/7/2025 9:30","7/7/2025 15:00","4400","800","7/8/2025"
"ORD280","6/23/2025","Shmp100","11844","7/8/2025","Medium","6/23/2025","Line-6","7/7/2025 9:30","7/7/2025 15:00","4400","800","7/8/2025"
"ORD281","6/23/2025","Crm50","8707","7/8/2025","Medium","6/23/2025","Line-1","7/1/2025 1:30","7/1/2025 7:00","6600","1200","7/8/2025"
"ORD281","6/23/2025","Crm50","8707","7/8/2025","Medium","6/23/2025","Line-1","7/1/2025 1:30","7/1/2025 7:00","6600","1200","7/8/2025"
"ORD281","6/23/2025","Fcws100","16161","7/8/2025","Low","6/23/2025","Line-2","7/2/2025 7:00","7/2/2025 13:27","9697","1500","7/8/2025"
"ORD281","6/23/2025","Fcws100","16161","7/8/2025","Low","6/23/2025","Line-2","7/2/2025 7:00","7/2/2025 13:27","9697","1500","7/8/2025"
"ORD281","6/23/2025","Fcws100","16161","7/8/2025","Low","6/23/2025","Line-5","7/6/2025 17:00","7/6/2025 23:00","6000","1000","7/8/2025"
"ORD281","6/23/2025","Fcws100","16161","7/8/2025","Low","6/23/2025","Line-5","7/6/2025 17:00","7/6/2025 23:00","6000","1000","7/8/2025"
"ORD282","6/23/2025","Fcws100","19421","7/8/2025","Low","6/23/2025","Line-10","6/27/2025 20:30","6/27/2025 23:00","3750","1500","7/8/2025"
"ORD282","6/23/2025","Fcws100","19421","7/8/2025","Low","6/23/2025","Line-10","6/27/2025 20:30","6/27/2025 23:00","3750","1500","7/8/2025"
"ORD282","6/23/2025","Fcws100","19421","7/8/2025","Low","6/23/2025","Line-9","7/5/2025 20:00","7/5/2025 23:00","4200","1400","7/8/2025"
"ORD282","6/23/2025","Fcws100","19421","7/8/2025","Low","6/23/2025","Line-9","7/5/2025 20:00","7/5/2025 23:00","4200","1400","7/8/2025"
"ORD282","6/23/2025","Hdwa250","30438","7/8/2025","Medium","6/23/2025","Line-10","6/26/2025 6:00","6/26/2025 7:00","1500","1500","7/8/2025"
"ORD282","6/23/2025","Hdwa250","30438","7/8/2025","Medium","6/23/2025","Line-10","6/26/2025 6:00","6/26/2025 7:00","1500","1500","7/8/2025"
"ORD282","6/23/2025","Hdwa250","30438","7/8/2025","Medium","6/23/2025","Line-8","7/2/2025 16:00","7/2/2025 23:00","8400","1200","7/8/2025"
"ORD282","6/23/2025","Hdwa250","30438","7/8/2025","Medium","6/23/2025","Line-8","7/2/2025 16:00","7/2/2025 23:00","8400","1200","7/8/2025"
"ORD282","6/23/2025","Hdwa250","30438","7/8/2025","Medium","6/23/2025","Line-9","7/2/2025 4:00","7/2/2025 7:00","4200","1400","7/8/2025"
"ORD282","6/23/2025","Hdwa250","30438","7/8/2025","Medium","6/23/2025","Line-9","7/2/2025 4:00","7/2/2025 7:00","4200","1400","7/8/2025"
"ORD283","6/23/2025","Cond100","19137","7/8/2025","High","6/23/2025","Line-1","7/1/2025 9:30","7/1/2025 15:00","6600","1200","7/8/2025"
"ORD283","6/23/2025","Cond100","19137","7/8/2025","High","6/23/2025","Line-1","7/1/2025 9:30","7/1/2025 15:00","6600","1200","7/8/2025"
"ORD283","6/23/2025","Cond100","19137","7/8/2025","High","6/23/2025","Line-10","6/28/2025 3:30","6/28/2025 7:00","5250","1500","7/8/2025"
"ORD283","6/23/2025","Cond100","19137","7/8/2025","High","6/23/2025","Line-10","6/28/2025 3:30","6/28/2025 7:00","5250","1500","7/8/2025"
"ORD283","6/23/2025","Fcws100","26568","7/8/2025","High","6/23/2025","Line-3","7/6/2025 2:00","7/6/2025 7:00","5000","1000","7/8/2025"
"ORD283","6/23/2025","Fcws100","26568","7/8/2025","High","6/23/2025","Line-3","7/6/2025 2:00","7/6/2025 7:00","5000","1000","7/8/2025"
"ORD283","6/23/2025","Fcws100","26568","7/8/2025","High","6/23/2025","Line-8","7/3/2025 0:00","7/3/2025 7:00","8400","1200","7/8/2025"
"ORD283","6/23/2025","Fcws100","26568","7/8/2025","High","6/23/2025","Line-8","7/3/2025 0:00","7/3/2025 7:00","8400","1200","7/8/2025"
"ORD283","6/23/2025","Fcws100","26568","7/8/2025","High","6/23/2025","Line-9","7/2/2025 12:00","7/2/2025 15:00","4200","1400","7/8/2025"
"ORD283","6/23/2025","Fcws100","26568","7/8/2025","High","6/23/2025","Line-9","7/2/2025 12:00","7/2/2025 15:00","4200","1400","7/8/2025"
"ORD284","6/23/2025","Lot250","14244","7/8/2025","Medium","6/23/2025","Line-6","7/4/2025 6:00","7/4/2025 7:00","800","800","7/8/2025"
"ORD284","6/23/2025","Lot250","14244","7/8/2025","Medium","6/23/2025","Line-6","7/4/2025 6:00","7/4/2025 7:00","800","800","7/8/2025"
"ORD284","6/23/2025","Lot250","14244","7/8/2025","Medium","6/23/2025","Line-8","7/3/2025 8:00","7/3/2025 15:00","8400","1200","7/8/2025"
"ORD284","6/23/2025","Lot250","14244","7/8/2025","Medium","6/23/2025","Line-8","7/3/2025 8:00","7/3/2025 15:00","8400","1200","7/8/2025"
"ORD284","6/23/2025","Shmp100","17757","7/8/2025","High","6/23/2025","Line-3","7/7/2025 9:30","7/7/2025 15:00","5500","1000","7/8/2025"
"ORD284","6/23/2025","Shmp100","17757","7/8/2025","High","6/23/2025","Line-3","7/7/2025 9:30","7/7/2025 15:00","5500","1000","7/8/2025"
"ORD284","6/23/2025","Shmp100","17757","7/8/2025","High","6/23/2025","Line-7","7/2/2025 7:30","7/2/2025 14:36","10654","1500","7/8/2025"
"ORD284","6/23/2025","Shmp100","17757","7/8/2025","High","6/23/2025","Line-7","7/2/2025 7:30","7/2/2025 14:36","10654","1500","7/8/2025"
"ORD285","6/23/2025","Crm50","19705","7/8/2025","Low","6/23/2025","Line-11","6/30/2025 20:30","6/30/2025 23:00","3000","1200","7/8/2025"
"ORD285","6/23/2025","Crm50","19705","7/8/2025","Low","6/23/2025","Line-11","6/30/2025 20:30","6/30/2025 23:00","3000","1200","7/8/2025"
"ORD285","6/23/2025","Crm50","19705","7/8/2025","Low","6/23/2025","Line-7","7/2/2025 15:00","7/2/2025 22:17","10947","1500","7/8/2025"
"ORD285","6/23/2025","Crm50","19705","7/8/2025","Low","6/23/2025","Line-7","7/2/2025 15:00","7/2/2025 22:17","10947","1500","7/8/2025"
"ORD285","6/23/2025","Hdwa250","64110","7/8/2025","Medium","6/23/2025","Line-12","7/2/2025 4:30","7/2/2025 7:00","2500","1000","7/8/2025"
"ORD285","6/23/2025","Hdwa250","64110","7/8/2025","Medium","6/23/2025","Line-12","7/2/2025 4:30","7/2/2025 7:00","2500","1000","7/8/2025"
"ORD285","6/23/2025","Hdwa250","64110","7/8/2025","Medium","6/23/2025","Line-9","7/3/2025 11:30","7/3/2025 15:00","4900","1400","7/8/2025"
"ORD285","6/23/2025","Hdwa250","64110","7/8/2025","Medium","6/23/2025","Line-9","7/3/2025 11:30","7/3/2025 15:00","4900","1400","7/8/2025"
"ORD286","6/23/2025","Lot100","20921","7/8/2025","Medium","6/23/2025","Line-1","6/30/2025 9:30","6/30/2025 15:00","6600","1200","7/8/2025"
"ORD286","6/23/2025","Lot100","20921","7/8/2025","Medium","6/23/2025","Line-1","6/30/2025 9:30","6/30/2025 15:00","6600","1200","7/8/2025"
"ORD286","6/23/2025","Lot100","20921","7/8/2025","Medium","6/23/2025","Line-10","6/26/2025 14:00","6/26/2025 15:00","1500","1500","7/8/2025"
"ORD286","6/23/2025","Lot100","20921","7/8/2025","Medium","6/23/2025","Line-10","6/26/2025 14:00","6/26/2025 15:00","1500","1500","7/8/2025"
"ORD286","6/23/2025","Talc100","25077","7/8/2025","High","6/23/2025","Line-1","7/1/2025 17:00","7/1/2025 23:00","7200","1200","7/8/2025"
"ORD286","6/23/2025","Talc100","25077","7/8/2025","High","6/23/2025","Line-1","7/1/2025 17:00","7/1/2025 23:00","7200","1200","7/8/2025"
"ORD286","6/23/2025","Talc100","25077","7/8/2025","High","6/23/2025","Line-6","7/7/2025 16:30","7/7/2025 23:00","5200","800","7/8/2025"
"ORD286","6/23/2025","Talc100","25077","7/8/2025","High","6/23/2025","Line-6","7/7/2025 16:30","7/7/2025 23:00","5200","800","7/8/2025"
"ORD286","6/23/2025","Talc100","25077","7/8/2025","High","6/23/2025","Line-8","7/4/2025 7:30","7/4/2025 15:00","9000","1200","7/8/2025"
"ORD286","6/23/2025","Talc100","25077","7/8/2025","High","6/23/2025","Line-8","7/4/2025 7:30","7/4/2025 15:00","9000","1200","7/8/2025"
"ORD287","6/23/2025","Fcws100","41134","7/10/2025","Medium","6/23/2025","Line-7","7/2/2025 23:00","7/3/2025 7:00","12000","1500","7/10/2025"
"ORD287","6/23/2025","Fcws100","41134","7/10/2025","Medium","6/23/2025","Line-7","7/2/2025 23:00","7/3/2025 7:00","12000","1500","7/10/2025"
"ORD287","6/23/2025","Hdwa250","5603","7/10/2025","Medium","6/23/2025","Line-6","7/3/2025 15:30","7/3/2025 22:30","5603","800","7/10/2025"
"ORD287","6/23/2025","Hdwa250","5603","7/10/2025","Medium","6/23/2025","Line-6","7/3/2025 15:30","7/3/2025 22:30","5603","800","7/10/2025"
"ORD288","6/23/2025","Fcws100","24765","7/8/2025","High","6/23/2025","Line-2","7/2/2025 14:00","7/2/2025 15:00","1500","1500","7/8/2025"
"ORD288","6/23/2025","Fcws100","24765","7/8/2025","High","6/23/2025","Line-2","7/2/2025 14:00","7/2/2025 15:00","1500","1500","7/8/2025"
"ORD288","6/23/2025","Fcws100","24765","7/8/2025","High","6/23/2025","Line-3","7/6/2025 17:30","7/6/2025 23:00","5500","1000","7/8/2025"
"ORD288","6/23/2025","Fcws100","24765","7/8/2025","High","6/23/2025","Line-3","7/6/2025 17:30","7/6/2025 23:00","5500","1000","7/8/2025"
"ORD288","6/23/2025","Fcws100","24765","7/8/2025","High","6/23/2025","Line-5","7/7/2025 0:00","7/7/2025 7:00","7000","1000","7/8/2025"
"ORD288","6/23/2025","Fcws100","24765","7/8/2025","High","6/23/2025","Line-5","7/7/2025 0:00","7/7/2025 7:00","7000","1000","7/8/2025"
"ORD288","6/23/2025","Lot250","18453","7/8/2025","Low","6/23/2025","Line-5","7/7/2025 15:30","7/7/2025 23:00","7500","1000","7/8/2025"
"ORD288","6/23/2025","Lot250","18453","7/8/2025","Low","6/23/2025","Line-5","7/7/2025 15:30","7/7/2025 23:00","7500","1000","7/8/2025"
"ORD288","6/23/2025","Lot250","18453","7/8/2025","Low","6/23/2025","Line-9","7/6/2025 3:00","7/6/2025 7:00","5600","1400","7/8/2025"
"ORD288","6/23/2025","Lot250","18453","7/8/2025","Low","6/23/2025","Line-9","7/6/2025 3:00","7/6/2025 7:00","5600","1400","7/8/2025"
"ORD289","6/23/2025","Lot250","87652","7/9/2025","Medium","6/23/2025","Line-4","7/3/2025 7:00","7/3/2025 15:00","6400","800","7/9/2025"
"ORD289","6/23/2025","Lot250","87652","7/9/2025","Medium","6/23/2025","Line-4","7/3/2025 7:00","7/3/2025 15:00","6400","800","7/9/2025"
"ORD289","6/23/2025","Lot250","87652","7/9/2025","Medium","6/23/2025","Line-6","7/4/2025 13:30","7/4/2025 15:00","1200","800","7/9/2025"
"ORD289","6/23/2025","Lot250","87652","7/9/2025","Medium","6/23/2025","Line-6","7/4/2025 13:30","7/4/2025 15:00","1200","800","7/9/2025"
"ORD289","6/23/2025","Lot250","87652","7/9/2025","Medium","6/23/2025","Line-9","7/4/2025 14:30","7/4/2025 15:00","700","1400","7/9/2025"
"ORD289","6/23/2025","Lot250","87652","7/9/2025","Medium","6/23/2025","Line-9","7/4/2025 14:30","7/4/2025 15:00","700","1400","7/9/2025"
"ORD289","6/23/2025","Shmp100","6160","7/9/2025","High","6/23/2025","Line-6","7/8/2025 1:00","7/8/2025 7:00","4800","800","7/9/2025"
"ORD289","6/23/2025","Shmp100","6160","7/9/2025","High","6/23/2025","Line-6","7/8/2025 1:00","7/8/2025 7:00","4800","800","7/9/2025"
"ORD290","6/23/2025","Hdwa250","10626","7/9/2025","Medium","6/23/2025","Line-9","7/6/2025 11:00","7/6/2025 15:00","5600","1400","7/9/2025"
"ORD290","6/23/2025","Hdwa250","10626","7/9/2025","Medium","6/23/2025","Line-9","7/6/2025 11:00","7/6/2025 15:00","5600","1400","7/9/2025"
"ORD290","6/23/2025","Lot100","5271","7/9/2025","Medium","6/23/2025","Line-6","7/3/2025 23:00","7/4/2025 5:35","5271","800","7/9/2025"
"ORD290","6/23/2025","Lot100","5271","7/9/2025","Medium","6/23/2025","Line-6","7/3/2025 23:00","7/4/2025 5:35","5271","800","7/9/2025"
"ORD291","6/23/2025","Gel150","9455","7/9/2025","High","6/23/2025","Line-8","7/3/2025 15:30","7/3/2025 23:00","9000","1200","7/9/2025"
"ORD291","6/23/2025","Gel150","9455","7/9/2025","High","6/23/2025","Line-8","7/3/2025 15:30","7/3/2025 23:00","9000","1200","7/9/2025"
"ORD291","6/23/2025","Shmp100","8943","7/9/2025","Low","6/23/2025","Line-1","7/2/2025 1:30","7/2/2025 7:00","6600","1200","7/9/2025"
"ORD291","6/23/2025","Shmp100","8943","7/9/2025","Low","6/23/2025","Line-1","7/2/2025 1:30","7/2/2025 7:00","6600","1200","7/9/2025"
"ORD292","6/23/2025","Hdwa250","32219","7/11/2025","Low","6/23/2025","Line-11","6/30/2025 4:00","6/30/2025 7:00","3600","1200","7/11/2025"
"ORD292","6/23/2025","Hdwa250","32219","7/11/2025","Low","6/23/2025","Line-11","6/30/2025 4:00","6/30/2025 7:00","3600","1200","7/11/2025"
"ORD292","6/23/2025","Hdwa250","32219","7/11/2025","Low","6/23/2025","Line-7","7/1/2025 0:30","7/1/2025 7:00","9750","1500","7/11/2025"
"ORD292","6/23/2025","Hdwa250","32219","7/11/2025","Low","6/23/2025","Line-7","7/1/2025 0:30","7/1/2025 7:00","9750","1500","7/11/2025"
"ORD292","6/23/2025","Hdwa250","32219","7/11/2025","Low","6/23/2025","Line-9","7/2/2025 20:00","7/2/2025 23:00","4200","1400","7/11/2025"
"ORD292","6/23/2025","Hdwa250","32219","7/11/2025","Low","6/23/2025","Line-9","7/2/2025 20:00","7/2/2025 23:00","4200","1400","7/11/2025"
"ORD292","6/23/2025","Lot250","76376","7/11/2025","Low","6/23/2025","Line-5","7/8/2025 22:30","7/8/2025 23:00","500","1000","7/11/2025"
"ORD292","6/23/2025","Lot250","76376","7/11/2025","Low","6/23/2025","Line-5","7/8/2025 22:30","7/8/2025 23:00","500","1000","7/11/2025"
"ORD292","6/23/2025","Lot250","76376","7/11/2025","Low","6/23/2025","Line-9","7/7/2025 2:00","7/7/2025 7:00","7000","1400","7/11/2025"
"ORD292","6/23/2025","Lot250","76376","7/11/2025","Low","6/23/2025","Line-9","7/7/2025 2:00","7/7/2025 7:00","7000","1400","7/11/2025"
"ORD293","6/23/2025","Bdwa200","26379","7/9/2025","Low","6/23/2025","Line-12","7/3/2025 15:30","7/3/2025 22:37","7129","1000","7/9/2025"
"ORD293","6/23/2025","Bdwa200","26379","7/9/2025","Low","6/23/2025","Line-12","7/3/2025 15:30","7/3/2025 22:37","7129","1000","7/9/2025"
"ORD293","6/23/2025","Bdwa200","26379","7/9/2025","Low","6/23/2025","Line-2","7/4/2025 12:30","7/4/2025 15:00","3750","1500","7/9/2025"
"ORD293","6/23/2025","Bdwa200","26379","7/9/2025","Low","6/23/2025","Line-2","7/4/2025 12:30","7/4/2025 15:00","3750","1500","7/9/2025"
"ORD293","6/23/2025","Bdwa200","26379","7/9/2025","Low","6/23/2025","Line-8","7/4/2025 16:00","7/4/2025 23:00","8400","1200","7/9/2025"
"ORD293","6/23/2025","Bdwa200","26379","7/9/2025","Low","6/23/2025","Line-8","7/4/2025 16:00","7/4/2025 23:00","8400","1200","7/9/2025"
"ORD293","6/23/2025","Fcws100","18748","7/9/2025","Medium","6/23/2025","Line-10","6/26/2025 22:00","6/26/2025 23:00","1500","1500","7/9/2025"
"ORD293","6/23/2025","Fcws100","18748","7/9/2025","Medium","6/23/2025","Line-10","6/26/2025 22:00","6/26/2025 23:00","1500","1500","7/9/2025"
"ORD293","6/23/2025","Fcws100","18748","7/9/2025","Medium","6/23/2025","Line-9","7/3/2025 4:30","7/3/2025 7:00","3500","1400","7/9/2025"
"ORD293","6/23/2025","Fcws100","18748","7/9/2025","Medium","6/23/2025","Line-9","7/3/2025 4:30","7/3/2025 7:00","3500","1400","7/9/2025"
"ORD294","6/23/2025","Fcws100","18900","7/9/2025","Low","6/23/2025","Line-5","7/6/2025 1:30","7/6/2025 7:00","5500","1000","7/9/2025"
"ORD294","6/23/2025","Fcws100","18900","7/9/2025","Low","6/23/2025","Line-5","7/6/2025 1:30","7/6/2025 7:00","5500","1000","7/9/2025"
"ORD294","6/23/2025","Fcws100","18900","7/9/2025","Low","6/23/2025","Line-7","7/1/2025 9:00","7/1/2025 15:00","9000","1500","7/9/2025"
"ORD294","6/23/2025","Fcws100","18900","7/9/2025","Low","6/23/2025","Line-7","7/1/2025 9:00","7/1/2025 15:00","9000","1500","7/9/2025"
"ORD294","6/23/2025","Lot250","16257","7/9/2025","High","6/23/2025","Line-11","7/1/2025 4:30","7/1/2025 7:00","3000","1200","7/9/2025"
"ORD294","6/23/2025","Lot250","16257","7/9/2025","High","6/23/2025","Line-11","7/1/2025 4:30","7/1/2025 7:00","3000","1200","7/9/2025"
"ORD294","6/23/2025","Lot250","16257","7/9/2025","High","6/23/2025","Line-5","7/8/2025 14:30","7/8/2025 15:00","500","1000","7/9/2025"
"ORD294","6/23/2025","Lot250","16257","7/9/2025","High","6/23/2025","Line-5","7/8/2025 14:30","7/8/2025 15:00","500","1000","7/9/2025"
"ORD295","6/23/2025","Bdwa200","8159","7/9/2025","Medium","6/23/2025","Line-8","7/4/2025 23:30","7/5/2025 6:17","8159","1200","7/9/2025"
"ORD295","6/23/2025","Bdwa200","8159","7/9/2025","Medium","6/23/2025","Line-8","7/4/2025 23:30","7/5/2025 6:17","8159","1200","7/9/2025"
"ORD295","6/23/2025","Crm50","27359","7/9/2025","Medium","6/23/2025","Line-11","6/30/2025 12:30","6/30/2025 15:00","3000","1200","7/9/2025"
"ORD295","6/23/2025","Crm50","27359","7/9/2025","Medium","6/23/2025","Line-11","6/30/2025 12:30","6/30/2025 15:00","3000","1200","7/9/2025"
"ORD295","6/23/2025","Crm50","27359","7/9/2025","Medium","6/23/2025","Line-2","7/2/2025 21:30","7/2/2025 23:00","2250","1500","7/9/2025"
"ORD295","6/23/2025","Crm50","27359","7/9/2025","Medium","6/23/2025","Line-2","7/2/2025 21:30","7/2/2025 23:00","2250","1500","7/9/2025"
"ORD295","6/23/2025","Crm50","27359","7/9/2025","Medium","6/23/2025","Line-5","7/7/2025 7:30","7/7/2025 14:53","7394","1000","7/9/2025"
"ORD295","6/23/2025","Crm50","27359","7/9/2025","Medium","6/23/2025","Line-5","7/7/2025 7:30","7/7/2025 14:53","7394","1000","7/9/2025"
"ORD296","6/23/2025","Shmp100","24714","7/9/2025","Low","6/23/2025","Line-3","7/6/2025 10:00","7/6/2025 15:00","5000","1000","7/9/2025"
"ORD296","6/23/2025","Shmp100","24714","7/9/2025","Low","6/23/2025","Line-3","7/6/2025 10:00","7/6/2025 15:00","5000","1000","7/9/2025"
"ORD296","6/23/2025","Shmp100","24714","7/9/2025","Low","6/23/2025","Line-5","7/6/2025 9:30","7/6/2025 15:00","5500","1000","7/9/2025"
"ORD296","6/23/2025","Shmp100","24714","7/9/2025","Low","6/23/2025","Line-5","7/6/2025 9:30","7/6/2025 15:00","5500","1000","7/9/2025"
"ORD296","6/23/2025","Shmp100","24714","7/9/2025","Low","6/23/2025","Line-7","7/1/2025 17:00","7/1/2025 23:00","9000","1500","7/9/2025"
"ORD296","6/23/2025","Shmp100","24714","7/9/2025","Low","6/23/2025","Line-7","7/1/2025 17:00","7/1/2025 23:00","9000","1500","7/9/2025"
"ORD296","6/23/2025","Shmp200","5742","7/9/2025","Medium","6/23/2025","Line-4","7/6/2025 3:30","7/6/2025 7:00","2800","800","7/9/2025"
"ORD296","6/23/2025","Shmp200","5742","7/9/2025","Medium","6/23/2025","Line-4","7/6/2025 3:30","7/6/2025 7:00","2800","800","7/9/2025"
"ORD297","6/23/2025","Crm50","22200","7/9/2025","Medium","6/23/2025","Line-1","7/2/2025 9:30","7/2/2025 15:00","6600","1200","7/9/2025"
"ORD297","6/23/2025","Crm50","22200","7/9/2025","Medium","6/23/2025","Line-1","7/2/2025 9:30","7/2/2025 15:00","6600","1200","7/9/2025"
"ORD297","6/23/2025","Crm50","22200","7/9/2025","Medium","6/23/2025","Line-4","7/6/2025 18:30","7/6/2025 23:00","3600","800","7/9/2025"
"ORD297","6/23/2025","Crm50","22200","7/9/2025","Medium","6/23/2025","Line-4","7/6/2025 18:30","7/6/2025 23:00","3600","800","7/9/2025"
"ORD297","6/23/2025","Crm50","22200","7/9/2025","Medium","6/23/2025","Line-9","7/6/2025 19:00","7/6/2025 23:00","5600","1400","7/9/2025"
"ORD297","6/23/2025","Crm50","22200","7/9/2025","Medium","6/23/2025","Line-9","7/6/2025 19:00","7/6/2025 23:00","5600","1400","7/9/2025"
"ORD297","6/23/2025","Shmp200","7962","7/9/2025","High","6/23/2025","Line-3","7/7/2025 1:00","7/7/2025 7:00","6000","1000","7/9/2025"
"ORD297","6/23/2025","Shmp200","7962","7/9/2025","High","6/23/2025","Line-3","7/7/2025 1:00","7/7/2025 7:00","6000","1000","7/9/2025"
"ORD298","6/23/2025","Crm50","93787","7/11/2025","Low","6/23/2025","Line-2","7/3/2025 5:30","7/3/2025 7:00","2250","1500","7/11/2025"
"ORD298","6/23/2025","Crm50","93787","7/11/2025","Low","6/23/2025","Line-2","7/3/2025 5:30","7/3/2025 7:00","2250","1500","7/11/2025"
"ORD298","6/23/2025","Crm50","93787","7/11/2025","Low","6/23/2025","Line-4","7/4/2025 12:30","7/4/2025 15:00","2000","800","7/11/2025"
"ORD298","6/23/2025","Crm50","93787","7/11/2025","Low","6/23/2025","Line-4","7/4/2025 12:30","7/4/2025 15:00","2000","800","7/11/2025"
"ORD298","6/23/2025","Crm50","93787","7/11/2025","Low","6/23/2025","Line-6","7/5/2025 19:00","7/5/2025 23:00","3200","800","7/11/2025"
"ORD298","6/23/2025","Crm50","93787","7/11/2025","Low","6/23/2025","Line-6","7/5/2025 19:00","7/5/2025 23:00","3200","800","7/11/2025"
"ORD298","6/23/2025","Talc100","92764","7/11/2025","Low","6/23/2025","Line-10","6/28/2025 11:00","6/28/2025 15:00","6000","1500","7/11/2025"
"ORD298","6/23/2025","Talc100","92764","7/11/2025","Low","6/23/2025","Line-10","6/28/2025 11:00","6/28/2025 15:00","6000","1500","7/11/2025"
"ORD298","6/23/2025","Talc100","92764","7/11/2025","Low","6/23/2025","Line-2","7/5/2025 3:30","7/5/2025 7:00","5250","1500","7/11/2025"
"ORD298","6/23/2025","Talc100","92764","7/11/2025","Low","6/23/2025","Line-2","7/5/2025 3:30","7/5/2025 7:00","5250","1500","7/11/2025"
"ORD299","6/23/2025","Crm50","5748","7/9/2025","High","6/23/2025","Line-4","7/6/2025 11:00","7/6/2025 15:00","3200","800","7/9/2025"
"ORD299","6/23/2025","Crm50","5748","7/9/2025","High","6/23/2025","Line-4","7/6/2025 11:00","7/6/2025 15:00","3200","800","7/9/2025"
"ORD299","6/23/2025","Lot250","25891","7/9/2025","Low","6/23/2025","Line-1","6/30/2025 17:30","6/30/2025 23:00","6600","1200","7/9/2025"
"ORD299","6/23/2025","Lot250","25891","7/9/2025","Low","6/23/2025","Line-1","6/30/2025 17:30","6/30/2025 23:00","6600","1200","7/9/2025"
"ORD299","6/23/2025","Lot250","25891","7/9/2025","Low","6/23/2025","Line-10","6/27/2025 5:00","6/27/2025 7:00","3000","1500","7/9/2025"
"ORD299","6/23/2025","Lot250","25891","7/9/2025","Low","6/23/2025","Line-10","6/27/2025 5:00","6/27/2025 7:00","3000","1500","7/9/2025"
"ORD299","6/23/2025","Lot250","25891","7/9/2025","Low","6/23/2025","Line-4","7/2/2025 16:00","7/2/2025 23:00","5600","800","7/9/2025"
"ORD299","6/23/2025","Lot250","25891","7/9/2025","Low","6/23/2025","Line-4","7/2/2025 16:00","7/2/2025 23:00","5600","800","7/9/2025"
"ORD300","6/23/2025","Talc100","35854","7/9/2025","High","6/23/2025","Line-2","7/4/2025 20:00","7/4/2025 23:00","4500","1500","7/9/2025"
"ORD300","6/23/2025","Talc100","35854","7/9/2025","High","6/23/2025","Line-6","7/8/2025 9:00","7/8/2025 15:00","4800","800","7/9/2025"
"ORD300","6/23/2025","Talc100","35854","7/9/2025","High","6/23/2025","Line-7","7/4/2025 3:00","7/4/2025 7:00","6000","1500","7/9/2025"
"ORD300","6/23/2025","Talc100","35854","7/9/2025","High","6/23/2025","Line-8","7/4/2025 0:00","7/4/2025 7:00","8400","1200","7/9/2025"
"ORD301","6/24/2025","Bdwa200","6195","7/9/2025","High","6/24/2025","Line-4","7/7/2025 1:30","7/7/2025 7:00","4400","800","7/9/2025"
"ORD301","6/24/2025","Bdwa200","6195","7/9/2025","High","6/24/2025","Line-4","7/7/2025 1:30","7/7/2025 7:00","4400","800","7/9/2025"
"ORD301","6/24/2025","Gel150","18232","7/9/2025","High","6/24/2025","Line-1","7/6/2025 6:00","7/6/2025 7:00","1200","1200","7/9/2025"
"ORD301","6/24/2025","Gel150","18232","7/9/2025","High","6/24/2025","Line-1","7/6/2025 6:00","7/6/2025 7:00","1200","1200","7/9/2025"
"ORD301","6/24/2025","Gel150","18232","7/9/2025","High","6/24/2025","Line-9","7/11/2025 11:30","7/11/2025 15:00","4900","1400","7/9/2025"
"ORD301","6/24/2025","Gel150","18232","7/9/2025","High","6/24/2025","Line-9","7/11/2025 11:30","7/11/2025 15:00","4900","1400","7/9/2025"
"ORD302","6/24/2025","Cond100","19573","7/9/2025","Low","6/24/2025","Line-7","7/5/2025 2:00","7/5/2025 7:00","7500","1500","7/9/2025"
"ORD302","6/24/2025","Cond100","19573","7/9/2025","Low","6/24/2025","Line-7","7/5/2025 2:00","7/5/2025 7:00","7500","1500","7/9/2025"
"ORD302","6/24/2025","Cond100","19573","7/9/2025","Low","6/24/2025","Line-8","7/7/2025 17:30","7/7/2025 23:00","6600","1200","7/9/2025"
"ORD302","6/24/2025","Cond100","19573","7/9/2025","Low","6/24/2025","Line-8","7/7/2025 17:30","7/7/2025 23:00","6600","1200","7/9/2025"
"ORD302","6/24/2025","Shmp200","16735","7/9/2025","High","6/24/2025","Line-5","7/10/2025 7:00","7/10/2025 13:58","6972","1000","7/9/2025"
"ORD302","6/24/2025","Shmp200","16735","7/9/2025","High","6/24/2025","Line-5","7/10/2025 7:00","7/10/2025 13:58","6972","1000","7/9/2025"
"ORD302","6/24/2025","Shmp200","16735","7/9/2025","High","6/24/2025","Line-9","7/8/2025 10:30","7/8/2025 15:00","6300","1400","7/9/2025"
"ORD302","6/24/2025","Shmp200","16735","7/9/2025","High","6/24/2025","Line-9","7/8/2025 10:30","7/8/2025 15:00","6300","1400","7/9/2025"
"ORD303","6/24/2025","Crm50","57452","7/11/2025","High","6/24/2025","Line-12","7/5/2025 20:30","7/5/2025 23:00","2500","1000","7/11/2025"
"ORD303","6/24/2025","Crm50","57452","7/11/2025","High","6/24/2025","Line-12","7/5/2025 20:30","7/5/2025 23:00","2500","1000","7/11/2025"
"ORD303","6/24/2025","Crm50","57452","7/11/2025","High","6/24/2025","Line-5","7/11/2025 19:30","7/11/2025 23:00","3500","1000","7/11/2025"
"ORD303","6/24/2025","Crm50","57452","7/11/2025","High","6/24/2025","Line-5","7/11/2025 19:30","7/11/2025 23:00","3500","1000","7/11/2025"
"ORD303","6/24/2025","Hdwa250","23549","7/11/2025","High","6/24/2025","Line-1","7/3/2025 15:30","7/3/2025 22:51","8830","1200","7/11/2025"
"ORD303","6/24/2025","Hdwa250","23549","7/11/2025","High","6/24/2025","Line-1","7/3/2025 15:30","7/3/2025 22:51","8830","1200","7/11/2025"
"ORD303","6/24/2025","Hdwa250","23549","7/11/2025","High","6/24/2025","Line-12","7/4/2025 6:00","7/4/2025 7:00","1000","1000","7/11/2025"
"ORD303","6/24/2025","Hdwa250","23549","7/11/2025","High","6/24/2025","Line-12","7/4/2025 6:00","7/4/2025 7:00","1000","1000","7/11/2025"
"ORD303","6/24/2025","Hdwa250","23549","7/11/2025","High","6/24/2025","Line-5","7/10/2025 21:30","7/10/2025 23:00","1500","1000","7/11/2025"
"ORD303","6/24/2025","Hdwa250","23549","7/11/2025","High","6/24/2025","Line-5","7/10/2025 21:30","7/10/2025 23:00","1500","1000","7/11/2025"
"ORD304","6/24/2025","Lot100","22453","7/9/2025","Medium","6/24/2025","Line-10","7/2/2025 18:30","7/2/2025 23:00","6750","1500","7/9/2025"
"ORD304","6/24/2025","Lot100","22453","7/9/2025","Medium","6/24/2025","Line-10","7/2/2025 18:30","7/2/2025 23:00","6750","1500","7/9/2025"
"ORD304","6/24/2025","Lot100","22453","7/9/2025","Medium","6/24/2025","Line-12","7/4/2025 21:30","7/4/2025 23:00","1500","1000","7/9/2025"
"ORD304","6/24/2025","Lot100","22453","7/9/2025","Medium","6/24/2025","Line-12","7/4/2025 21:30","7/4/2025 23:00","1500","1000","7/9/2025"
"ORD304","6/24/2025","Lot100","22453","7/9/2025","Medium","6/24/2025","Line-6","7/9/2025 15:00","7/9/2025 21:48","5443","800","7/9/2025"
"ORD304","6/24/2025","Lot100","22453","7/9/2025","Medium","6/24/2025","Line-6","7/9/2025 15:00","7/9/2025 21:48","5443","800","7/9/2025"
"ORD304","6/24/2025","Lot250","110513","7/9/2025","Low","6/24/2025","Line-10","7/1/2025 15:00","7/1/2025 23:00","12000","1500","7/9/2025"
"ORD304","6/24/2025","Lot250","110513","7/9/2025","Low","6/24/2025","Line-10","7/1/2025 15:00","7/1/2025 23:00","12000","1500","7/9/2025"
"ORD304","6/24/2025","Lot250","110513","7/9/2025","Low","6/24/2025","Line-8","7/6/2025 14:00","7/6/2025 15:00","1200","1200","7/9/2025"
"ORD304","6/24/2025","Lot250","110513","7/9/2025","Low","6/24/2025","Line-8","7/6/2025 14:00","7/6/2025 15:00","1200","1200","7/9/2025"
"ORD304","6/24/2025","Lot250","110513","7/9/2025","Low","6/24/2025","Line-9","7/10/2025 8:00","7/10/2025 15:00","9800","1400","7/9/2025"
"ORD304","6/24/2025","Lot250","110513","7/9/2025","Low","6/24/2025","Line-9","7/10/2025 8:00","7/10/2025 15:00","9800","1400","7/9/2025"
"ORD305","6/24/2025","Cond100","15572","7/9/2025","Low","6/24/2025","Line-5","7/11/2025 12:30","7/11/2025 15:00","2500","1000","7/9/2025"
"ORD305","6/24/2025","Cond100","15572","7/9/2025","Low","6/24/2025","Line-5","7/11/2025 12:30","7/11/2025 15:00","2500","1000","7/9/2025"
"ORD305","6/24/2025","Cond100","15572","7/9/2025","Low","6/24/2025","Line-9","7/11/2025 19:00","7/11/2025 23:00","5600","1400","7/9/2025"
"ORD305","6/24/2025","Cond100","15572","7/9/2025","Low","6/24/2025","Line-9","7/11/2025 19:00","7/11/2025 23:00","5600","1400","7/9/2025"
"ORD305","6/24/2025","Shmp100","10903","7/9/2025","Medium","6/24/2025","Line-9","7/8/2025 18:00","7/8/2025 23:00","7000","1400","7/9/2025"
"ORD305","6/24/2025","Shmp100","10903","7/9/2025","Medium","6/24/2025","Line-9","7/8/2025 18:00","7/8/2025 23:00","7000","1400","7/9/2025"
"ORD306","6/24/2025","Fcws100","24269","7/9/2025","Medium","6/24/2025","Line-10","6/30/2025 10:00","6/30/2025 15:00","7500","1500","7/9/2025"
"ORD306","6/24/2025","Fcws100","24269","7/9/2025","Medium","6/24/2025","Line-10","6/30/2025 10:00","6/30/2025 15:00","7500","1500","7/9/2025"
"ORD306","6/24/2025","Fcws100","24269","7/9/2025","Medium","6/24/2025","Line-4","7/8/2025 2:00","7/8/2025 7:00","4000","800","7/9/2025"
"ORD306","6/24/2025","Fcws100","24269","7/9/2025","Medium","6/24/2025","Line-4","7/8/2025 2:00","7/8/2025 7:00","4000","800","7/9/2025"
"ORD306","6/24/2025","Fcws100","24269","7/9/2025","Medium","6/24/2025","Line-9","7/9/2025 17:30","7/9/2025 23:00","7700","1400","7/9/2025"
"ORD306","6/24/2025","Fcws100","24269","7/9/2025","Medium","6/24/2025","Line-9","7/9/2025 17:30","7/9/2025 23:00","7700","1400","7/9/2025"
"ORD306","6/24/2025","Hdwa250","8108","7/9/2025","Medium","6/24/2025","Line-11","7/2/2025 23:30","7/3/2025 6:15","8108","1200","7/9/2025"
"ORD306","6/24/2025","Hdwa250","8108","7/9/2025","Medium","6/24/2025","Line-11","7/2/2025 23:30","7/3/2025 6:15","8108","1200","7/9/2025"
"ORD307","6/24/2025","Fcws100","19759","7/9/2025","High","6/24/2025","Line-3","7/9/2025 15:30","7/9/2025 22:05","6587","1000","7/9/2025"
"ORD307","6/24/2025","Fcws100","19759","7/9/2025","High","6/24/2025","Line-3","7/9/2025 15:30","7/9/2025 22:05","6587","1000","7/9/2025"
"ORD307","6/24/2025","Fcws100","19759","7/9/2025","High","6/24/2025","Line-4","7/10/2025 3:30","7/10/2025 7:00","2800","800","7/9/2025"
"ORD307","6/24/2025","Fcws100","19759","7/9/2025","High","6/24/2025","Line-4","7/10/2025 3:30","7/10/2025 7:00","2800","800","7/9/2025"
"ORD307","6/24/2025","Fcws100","19759","7/9/2025","High","6/24/2025","Line-8","7/8/2025 1:30","7/8/2025 7:00","6600","1200","7/9/2025"
"ORD307","6/24/2025","Fcws100","19759","7/9/2025","High","6/24/2025","Line-8","7/8/2025 1:30","7/8/2025 7:00","6600","1200","7/9/2025"
"ORD307","6/24/2025","Shmp100","16711","7/9/2025","Medium","6/24/2025","Line-10","6/29/2025 18:30","6/29/2025 23:00","6750","1500","7/9/2025"
"ORD307","6/24/2025","Shmp100","16711","7/9/2025","Medium","6/24/2025","Line-10","6/29/2025 18:30","6/29/2025 23:00","6750","1500","7/9/2025"
"ORD307","6/24/2025","Shmp100","16711","7/9/2025","Medium","6/24/2025","Line-12","7/3/2025 23:00","7/4/2025 5:41","6684","1000","7/9/2025"
"ORD307","6/24/2025","Shmp100","16711","7/9/2025","Medium","6/24/2025","Line-12","7/3/2025 23:00","7/4/2025 5:41","6684","1000","7/9/2025"
"ORD308","6/24/2025","Lot100","8533","7/11/2025","Low","6/24/2025","Line-1","7/3/2025 23:30","7/4/2025 6:36","8533","1200","7/11/2025"
"ORD308","6/24/2025","Lot100","8533","7/11/2025","Low","6/24/2025","Line-1","7/3/2025 23:30","7/4/2025 6:36","8533","1200","7/11/2025"
"ORD308","6/24/2025","Shmp100","81180","7/11/2025","Medium","6/24/2025","Line-5","7/13/2025 0:30","7/13/2025 7:00","6500","1000","7/11/2025"
"ORD308","6/24/2025","Shmp100","81180","7/11/2025","Medium","6/24/2025","Line-5","7/13/2025 0:30","7/13/2025 7:00","6500","1000","7/11/2025"
"ORD308","6/24/2025","Shmp100","81180","7/11/2025","Medium","6/24/2025","Line-6","7/9/2025 22:30","7/9/2025 23:00","400","800","7/11/2025"
"ORD308","6/24/2025","Shmp100","81180","7/11/2025","Medium","6/24/2025","Line-6","7/9/2025 22:30","7/9/2025 23:00","400","800","7/11/2025"
"ORD308","6/24/2025","Shmp100","81180","7/11/2025","Medium","6/24/2025","Line-8","7/8/2025 16:00","7/8/2025 23:00","8400","1200","7/11/2025"
"ORD308","6/24/2025","Shmp100","81180","7/11/2025","Medium","6/24/2025","Line-8","7/8/2025 16:00","7/8/2025 23:00","8400","1200","7/11/2025"
"ORD309","6/24/2025","Gel150","108191","7/9/2025","Low","6/24/2025","Line-11","7/1/2025 20:30","7/1/2025 23:00","3000","1200","7/9/2025"
"ORD309","6/24/2025","Gel150","108191","7/9/2025","Low","6/24/2025","Line-11","7/3/2025 7:00","7/3/2025 13:52","8249","1200","7/9/2025"
"ORD309","6/24/2025","Gel150","108191","7/9/2025","Low","6/24/2025","Line-12","7/5/2025 5:00","7/5/2025 7:00","2000","1000","7/9/2025"
"ORD309","6/24/2025","Gel150","108191","7/9/2025","Low","6/24/2025","Line-2","7/6/2025 19:00","7/6/2025 23:00","6000","1500","7/9/2025"
"ORD309","6/24/2025","Gel150","108191","7/9/2025","Low","6/24/2025","Line-4","7/8/2025 17:30","7/8/2025 23:00","4400","800","7/9/2025"
"ORD310","6/24/2025","Crm50","19103","7/9/2025","High","6/24/2025","Line-12","7/5/2025 12:30","7/5/2025 15:00","2500","1000","7/9/2025"
"ORD310","6/24/2025","Crm50","19103","7/9/2025","High","6/24/2025","Line-12","7/5/2025 12:30","7/5/2025 15:00","2500","1000","7/9/2025"
"ORD310","6/24/2025","Crm50","19103","7/9/2025","High","6/24/2025","Line-7","7/5/2025 9:30","7/5/2025 15:00","8250","1500","7/9/2025"
"ORD310","6/24/2025","Crm50","19103","7/9/2025","High","6/24/2025","Line-7","7/5/2025 9:30","7/5/2025 15:00","8250","1500","7/9/2025"
"ORD310","6/24/2025","Talc100","18422","7/9/2025","High","6/24/2025","Line-3","7/7/2025 17:00","7/7/2025 23:00","6000","1000","7/9/2025"
"ORD310","6/24/2025","Talc100","18422","7/9/2025","High","6/24/2025","Line-3","7/7/2025 17:00","7/7/2025 23:00","6000","1000","7/9/2025"
"ORD310","6/24/2025","Talc100","18422","7/9/2025","High","6/24/2025","Line-5","7/10/2025 14:30","7/10/2025 15:00","500","1000","7/9/2025"
"ORD310","6/24/2025","Talc100","18422","7/9/2025","High","6/24/2025","Line-5","7/10/2025 14:30","7/10/2025 15:00","500","1000","7/9/2025"
"ORD310","6/24/2025","Talc100","18422","7/9/2025","High","6/24/2025","Line-6","7/8/2025 16:30","7/8/2025 23:00","5200","800","7/9/2025"
"ORD310","6/24/2025","Talc100","18422","7/9/2025","High","6/24/2025","Line-6","7/8/2025 16:30","7/8/2025 23:00","5200","800","7/9/2025"
"ORD311","6/24/2025","Lot250","14134","7/11/2025","Low","6/24/2025","Line-5","7/11/2025 5:30","7/11/2025 7:00","1500","1000","7/11/2025"
"ORD311","6/24/2025","Lot250","14134","7/11/2025","Low","6/24/2025","Line-5","7/11/2025 5:30","7/11/2025 7:00","1500","1000","7/11/2025"
"ORD311","6/24/2025","Lot250","14134","7/11/2025","Low","6/24/2025","Line-8","7/5/2025 23:30","7/6/2025 5:55","7709","1200","7/11/2025"
"ORD311","6/24/2025","Lot250","14134","7/11/2025","Low","6/24/2025","Line-8","7/5/2025 23:30","7/6/2025 5:55","7709","1200","7/11/2025"
"ORD311","6/24/2025","Talc100","94879","7/11/2025","High","6/24/2025","Line-11","7/3/2025 21:30","7/3/2025 23:00","1800","1200","7/11/2025"
"ORD311","6/24/2025","Talc100","94879","7/11/2025","High","6/24/2025","Line-11","7/3/2025 21:30","7/3/2025 23:00","1800","1200","7/11/2025"
"ORD311","6/24/2025","Talc100","94879","7/11/2025","High","6/24/2025","Line-2","7/7/2025 22:00","7/7/2025 23:00","1500","1500","7/11/2025"
"ORD311","6/24/2025","Talc100","94879","7/11/2025","High","6/24/2025","Line-2","7/7/2025 22:00","7/7/2025 23:00","1500","1500","7/11/2025"
"ORD311","6/24/2025","Talc100","94879","7/11/2025","High","6/24/2025","Line-6","7/11/2025 2:00","7/11/2025 7:00","4000","800","7/11/2025"
"ORD311","6/24/2025","Talc100","94879","7/11/2025","High","6/24/2025","Line-6","7/11/2025 2:00","7/11/2025 7:00","4000","800","7/11/2025"
"ORD312","6/24/2025","Cond100","7990","7/9/2025","Medium","6/24/2025","Line-3","7/9/2025 7:00","7/9/2025 14:59","7990","1000","7/9/2025"
"ORD312","6/24/2025","Cond100","7990","7/9/2025","Medium","6/24/2025","Line-3","7/9/2025 7:00","7/9/2025 14:59","7990","1000","7/9/2025"
"ORD312","6/24/2025","Hdwa250","8992","7/9/2025","Low","6/24/2025","Line-1","7/2/2025 16:30","7/2/2025 23:00","7800","1200","7/9/2025"
"ORD312","6/24/2025","Hdwa250","8992","7/9/2025","Low","6/24/2025","Line-1","7/2/2025 16:30","7/2/2025 23:00","7800","1200","7/9/2025"
"ORD313","6/24/2025","Fcws100","17299","7/9/2025","Medium","6/24/2025","Line-10","6/30/2025 17:00","6/30/2025 23:00","9000","1500","7/9/2025"
"ORD313","6/24/2025","Fcws100","17299","7/9/2025","Medium","6/24/2025","Line-10","6/30/2025 17:00","6/30/2025 23:00","9000","1500","7/9/2025"
"ORD313","6/24/2025","Fcws100","17299","7/9/2025","Medium","6/24/2025","Line-12","7/4/2025 14:00","7/4/2025 15:00","1000","1000","7/9/2025"
"ORD313","6/24/2025","Fcws100","17299","7/9/2025","Medium","6/24/2025","Line-12","7/4/2025 14:00","7/4/2025 15:00","1000","1000","7/9/2025"
"ORD313","6/24/2025","Gel150","26860","7/9/2025","Medium","6/24/2025","Line-10","7/3/2025 2:00","7/3/2025 7:00","7500","1500","7/9/2025"
"ORD313","6/24/2025","Gel150","26860","7/9/2025","Medium","6/24/2025","Line-10","7/3/2025 2:00","7/3/2025 7:00","7500","1500","7/9/2025"
"ORD313","6/24/2025","Gel150","26860","7/9/2025","Medium","6/24/2025","Line-3","7/9/2025 22:30","7/9/2025 23:00","500","1000","7/9/2025"
"ORD313","6/24/2025","Gel150","26860","7/9/2025","Medium","6/24/2025","Line-3","7/9/2025 22:30","7/9/2025 23:00","500","1000","7/9/2025"
"ORD313","6/24/2025","Gel150","26860","7/9/2025","Medium","6/24/2025","Line-7","7/5/2025 17:30","7/5/2025 23:00","8250","1500","7/9/2025"
"ORD313","6/24/2025","Gel150","26860","7/9/2025","Medium","6/24/2025","Line-7","7/5/2025 17:30","7/5/2025 23:00","8250","1500","7/9/2025"
"ORD314","6/24/2025","Cond100","13489","7/9/2025","High","6/24/2025","Line-11","7/3/2025 14:30","7/3/2025 15:00","600","1200","7/9/2025"
"ORD314","6/24/2025","Cond100","13489","7/9/2025","High","6/24/2025","Line-11","7/3/2025 14:30","7/3/2025 15:00","600","1200","7/9/2025"
"ORD314","6/24/2025","Cond100","13489","7/9/2025","High","6/24/2025","Line-4","7/9/2025 20:30","7/9/2025 23:00","2000","800","7/9/2025"
"ORD314","6/24/2025","Cond100","13489","7/9/2025","High","6/24/2025","Line-4","7/9/2025 20:30","7/9/2025 23:00","2000","800","7/9/2025"
"ORD314","6/24/2025","Crm50","36366","7/9/2025","Medium","6/24/2025","Line-1","7/4/2025 23:00","7/5/2025 7:00","9600","1200","7/9/2025"
"ORD314","6/24/2025","Crm50","36366","7/9/2025","Medium","6/24/2025","Line-1","7/4/2025 23:00","7/5/2025 7:00","9600","1200","7/9/2025"
"ORD315","6/24/2025","Lot100","29339","7/9/2025","Medium","6/24/2025","Line-7","7/6/2025 0:30","7/6/2025 7:00","9750","1500","7/9/2025"
"ORD315","6/24/2025","Lot100","29339","7/9/2025","Medium","6/24/2025","Line-7","7/6/2025 0:30","7/6/2025 7:00","9750","1500","7/9/2025"
"ORD315","6/24/2025","Lot100","29339","7/9/2025","Medium","6/24/2025","Line-8","7/8/2025 8:30","7/8/2025 15:00","7800","1200","7/9/2025"
"ORD315","6/24/2025","Lot100","29339","7/9/2025","Medium","6/24/2025","Line-8","7/8/2025 8:30","7/8/2025 15:00","7800","1200","7/9/2025"
"ORD315","6/24/2025","Lot100","29339","7/9/2025","Medium","6/24/2025","Line-9","7/12/2025 2:00","7/12/2025 7:00","7000","1400","7/9/2025"
"ORD315","6/24/2025","Lot100","29339","7/9/2025","Medium","6/24/2025","Line-9","7/12/2025 2:00","7/12/2025 7:00","7000","1400","7/9/2025"
"ORD315","6/24/2025","Shmp200","23993","7/9/2025","Medium","6/24/2025","Line-1","7/3/2025 0:30","7/3/2025 7:00","7800","1200","7/9/2025"
"ORD315","6/24/2025","Shmp200","23993","7/9/2025","Medium","6/24/2025","Line-1","7/3/2025 0:30","7/3/2025 7:00","7800","1200","7/9/2025"
"ORD315","6/24/2025","Shmp200","23993","7/9/2025","Medium","6/24/2025","Line-11","7/1/2025 12:30","7/1/2025 15:00","3000","1200","7/9/2025"
"ORD315","6/24/2025","Shmp200","23993","7/9/2025","Medium","6/24/2025","Line-11","7/1/2025 12:30","7/1/2025 15:00","3000","1200","7/9/2025"
"ORD315","6/24/2025","Shmp200","23993","7/9/2025","Medium","6/24/2025","Line-6","7/8/2025 23:30","7/9/2025 6:59","5998","800","7/9/2025"
"ORD315","6/24/2025","Shmp200","23993","7/9/2025","Medium","6/24/2025","Line-6","7/8/2025 23:30","7/9/2025 6:59","5998","800","7/9/2025"
"ORD316","6/24/2025","Lot250","23491","7/11/2025","High","6/24/2025","Line-1","7/4/2025 7:00","7/4/2025 14:49","9396","1200","7/11/2025"
"ORD316","6/24/2025","Lot250","23491","7/11/2025","High","6/24/2025","Line-1","7/4/2025 7:00","7/4/2025 14:49","9396","1200","7/11/2025"
"ORD316","6/24/2025","Lot250","23491","7/11/2025","High","6/24/2025","Line-3","7/8/2025 22:30","7/8/2025 23:00","500","1000","7/11/2025"
"ORD316","6/24/2025","Lot250","23491","7/11/2025","High","6/24/2025","Line-3","7/8/2025 22:30","7/8/2025 23:00","500","1000","7/11/2025"
"ORD316","6/24/2025","Lot250","23491","7/11/2025","High","6/24/2025","Line-4","7/8/2025 9:00","7/8/2025 15:00","4800","800","7/11/2025"
"ORD316","6/24/2025","Lot250","23491","7/11/2025","High","6/24/2025","Line-4","7/8/2025 9:00","7/8/2025 15:00","4800","800","7/11/2025"
"ORD316","6/24/2025","Shmp100","23760","7/11/2025","Low","6/24/2025","Line-4","7/10/2025 10:30","7/10/2025 15:00","3600","800","7/11/2025"
"ORD316","6/24/2025","Shmp100","23760","7/11/2025","Low","6/24/2025","Line-4","7/10/2025 10:30","7/10/2025 15:00","3600","800","7/11/2025"
"ORD317","6/24/2025","Cond100","14376","7/10/2025","High","6/24/2025","Line-3","7/10/2025 5:30","7/10/2025 7:00","1500","1000","7/10/2025"
"ORD317","6/24/2025","Cond100","14376","7/10/2025","High","6/24/2025","Line-3","7/10/2025 5:30","7/10/2025 7:00","1500","1000","7/10/2025"
"ORD317","6/24/2025","Cond100","14376","7/10/2025","High","6/24/2025","Line-8","7/9/2025 19:30","7/9/2025 23:00","4200","1200","7/10/2025"
"ORD317","6/24/2025","Cond100","14376","7/10/2025","High","6/24/2025","Line-8","7/9/2025 19:30","7/9/2025 23:00","4200","1200","7/10/2025"
"ORD317","6/24/2025","Gel150","17136","7/10/2025","Medium","6/24/2025","Line-3","7/8/2025 0:00","7/8/2025 6:51","6854","1000","7/10/2025"
"ORD317","6/24/2025","Gel150","17136","7/10/2025","Medium","6/24/2025","Line-3","7/8/2025 0:00","7/8/2025 6:51","6854","1000","7/10/2025"
"ORD317","6/24/2025","Gel150","17136","7/10/2025","Medium","6/24/2025","Line-7","7/4/2025 10:30","7/4/2025 15:00","6750","1500","7/10/2025"
"ORD317","6/24/2025","Gel150","17136","7/10/2025","Medium","6/24/2025","Line-7","7/4/2025 10:30","7/4/2025 15:00","6750","1500","7/10/2025"
"ORD318","6/24/2025","Bdwa200","28924","7/10/2025","Medium","6/24/2025","Line-2","7/6/2025 11:00","7/6/2025 15:00","6000","1500","7/10/2025"
"ORD318","6/24/2025","Bdwa200","28924","7/10/2025","Medium","6/24/2025","Line-2","7/6/2025 11:00","7/6/2025 15:00","6000","1500","7/10/2025"
"ORD318","6/24/2025","Bdwa200","28924","7/10/2025","Medium","6/24/2025","Line-3","7/8/2025 7:30","7/8/2025 14:55","7418","1000","7/10/2025"
"ORD318","6/24/2025","Bdwa200","28924","7/10/2025","Medium","6/24/2025","Line-3","7/8/2025 7:30","7/8/2025 14:55","7418","1000","7/10/2025"
"ORD318","6/24/2025","Bdwa200","28924","7/10/2025","Medium","6/24/2025","Line-9","7/9/2025 2:30","7/9/2025 7:00","6300","1400","7/10/2025"
"ORD318","6/24/2025","Bdwa200","28924","7/10/2025","Medium","6/24/2025","Line-9","7/9/2025 2:30","7/9/2025 7:00","6300","1400","7/10/2025"
"ORD318","6/24/2025","Shmp200","27352","7/10/2025","Medium","6/24/2025","Line-11","7/5/2025 1:00","7/5/2025 7:00","7200","1200","7/10/2025"
"ORD318","6/24/2025","Shmp200","27352","7/10/2025","Medium","6/24/2025","Line-11","7/5/2025 1:00","7/5/2025 7:00","7200","1200","7/10/2025"
"ORD318","6/24/2025","Shmp200","27352","7/10/2025","Medium","6/24/2025","Line-6","7/12/2025 12:30","7/12/2025 15:00","2000","800","7/10/2025"
"ORD318","6/24/2025","Shmp200","27352","7/10/2025","Medium","6/24/2025","Line-6","7/12/2025 12:30","7/12/2025 15:00","2000","800","7/10/2025"
"ORD318","6/24/2025","Shmp200","27352","7/10/2025","Medium","6/24/2025","Line-7","7/6/2025 8:00","7/6/2025 15:00","10500","1500","7/10/2025"
"ORD318","6/24/2025","Shmp200","27352","7/10/2025","Medium","6/24/2025","Line-7","7/6/2025 8:00","7/6/2025 15:00","10500","1500","7/10/2025"
"ORD319","6/24/2025","Lot100","9737","7/10/2025","Medium","6/24/2025","Line-10","7/1/2025 0:30","7/1/2025 6:59","9737","1500","7/10/2025"
"ORD319","6/24/2025","Lot100","9737","7/10/2025","Medium","6/24/2025","Line-10","7/1/2025 0:30","7/1/2025 6:59","9737","1500","7/10/2025"
"ORD319","6/24/2025","Shmp200","15094","7/10/2025","Medium","6/24/2025","Line-1","7/6/2025 13:30","7/6/2025 15:00","1800","1200","7/10/2025"
"ORD319","6/24/2025","Shmp200","15094","7/10/2025","Medium","6/24/2025","Line-1","7/6/2025 13:30","7/6/2025 15:00","1800","1200","7/10/2025"
"ORD319","6/24/2025","Shmp200","15094","7/10/2025","Medium","6/24/2025","Line-5","7/14/2025 4:00","7/14/2025 7:00","3000","1000","7/10/2025"
"ORD319","6/24/2025","Shmp200","15094","7/10/2025","Medium","6/24/2025","Line-5","7/14/2025 4:00","7/14/2025 7:00","3000","1000","7/10/2025"
"ORD320","6/24/2025","Cond100","10603","7/10/2025","Low","6/24/2025","Line-7","7/6/2025 16:30","7/6/2025 23:00","9750","1500","7/10/2025"
"ORD320","6/24/2025","Cond100","10603","7/10/2025","Low","6/24/2025","Line-7","7/6/2025 16:30","7/6/2025 23:00","9750","1500","7/10/2025"
"ORD320","6/24/2025","Crm50","27978","7/10/2025","High","6/24/2025","Line-10","6/30/2025 1:30","6/30/2025 7:00","8250","1500","7/10/2025"
"ORD320","6/24/2025","Crm50","27978","7/10/2025","High","6/24/2025","Line-10","6/30/2025 1:30","6/30/2025 7:00","8250","1500","7/10/2025"
"ORD320","6/24/2025","Crm50","27978","7/10/2025","High","6/24/2025","Line-4","7/7/2025 9:30","7/7/2025 15:00","4400","800","7/10/2025"
"ORD320","6/24/2025","Crm50","27978","7/10/2025","High","6/24/2025","Line-4","7/7/2025 9:30","7/7/2025 15:00","4400","800","7/10/2025"
"ORD320","6/24/2025","Crm50","27978","7/10/2025","High","6/24/2025","Line-8","7/5/2025 7:00","7/5/2025 14:59","9594","1200","7/10/2025"
"ORD320","6/24/2025","Crm50","27978","7/10/2025","High","6/24/2025","Line-8","7/5/2025 7:00","7/5/2025 14:59","9594","1200","7/10/2025"
"ORD321","6/24/2025","Hdwa250","8601","7/12/2025","Low","6/24/2025","Line-8","7/6/2025 6:30","7/6/2025 7:00","600","1200","7/12/2025"
"ORD321","6/24/2025","Hdwa250","8601","7/12/2025","Low","6/24/2025","Line-8","7/6/2025 6:30","7/6/2025 7:00","600","1200","7/12/2025"
"ORD321","6/24/2025","Talc100","99953","7/12/2025","Medium","6/24/2025","Line-1","7/6/2025 21:00","7/6/2025 23:00","2400","1200","7/12/2025"
"ORD321","6/24/2025","Talc100","99953","7/12/2025","Medium","6/24/2025","Line-1","7/6/2025 21:00","7/6/2025 23:00","2400","1200","7/12/2025"
"ORD321","6/24/2025","Talc100","99953","7/12/2025","Medium","6/24/2025","Line-12","7/7/2025 9:30","7/7/2025 15:00","5500","1000","7/12/2025"
"ORD321","6/24/2025","Talc100","99953","7/12/2025","Medium","6/24/2025","Line-12","7/7/2025 9:30","7/7/2025 15:00","5500","1000","7/12/2025"
"ORD321","6/24/2025","Talc100","99953","7/12/2025","Medium","6/24/2025","Line-2","7/9/2025 1:30","7/9/2025 7:00","8250","1500","7/12/2025"
"ORD321","6/24/2025","Talc100","99953","7/12/2025","Medium","6/24/2025","Line-2","7/9/2025 1:30","7/9/2025 7:00","8250","1500","7/12/2025"
"ORD322","6/24/2025","Cond100","26998","7/10/2025","Low","6/24/2025","Line-4","7/7/2025 18:00","7/7/2025 23:00","4000","800","7/10/2025"
"ORD322","6/24/2025","Cond100","26998","7/10/2025","Low","6/24/2025","Line-4","7/7/2025 18:00","7/7/2025 23:00","4000","800","7/10/2025"
"ORD322","6/24/2025","Cond100","26998","7/10/2025","Low","6/24/2025","Line-7","7/4/2025 18:00","7/4/2025 23:00","7500","1500","7/10/2025"
"ORD322","6/24/2025","Cond100","26998","7/10/2025","Low","6/24/2025","Line-7","7/4/2025 18:00","7/4/2025 23:00","7500","1500","7/10/2025"
"ORD322","6/24/2025","Cond100","26998","7/10/2025","Low","6/24/2025","Line-8","7/5/2025 15:30","7/5/2025 23:00","9000","1200","7/10/2025"
"ORD322","6/24/2025","Cond100","26998","7/10/2025","Low","6/24/2025","Line-8","7/5/2025 15:30","7/5/2025 23:00","9000","1200","7/10/2025"
"ORD322","6/24/2025","Lot100","5249","7/10/2025","High","6/24/2025","Line-6","7/12/2025 5:30","7/12/2025 7:00","1200","800","7/10/2025"
"ORD322","6/24/2025","Lot100","5249","7/10/2025","High","6/24/2025","Line-6","7/12/2025 5:30","7/12/2025 7:00","1200","800","7/10/2025"
"ORD323","6/24/2025","Shmp200","20791","7/10/2025","Low","6/24/2025","Line-12","7/7/2025 1:30","7/7/2025 7:00","5500","1000","7/10/2025"
"ORD323","6/24/2025","Shmp200","20791","7/10/2025","Low","6/24/2025","Line-5","7/14/2025 11:30","7/14/2025 15:00","3500","1000","7/10/2025"
"ORD323","6/24/2025","Shmp200","20791","7/10/2025","Low","6/24/2025","Line-6","7/9/2025 7:30","7/9/2025 14:39","5731","800","7/10/2025"
"ORD324","6/24/2025","Bdwa200","23582","7/12/2025","Medium","6/24/2025","Line-1","7/3/2025 8:30","7/3/2025 15:00","7800","1200","7/12/2025"
"ORD324","6/24/2025","Bdwa200","23582","7/12/2025","Medium","6/24/2025","Line-1","7/3/2025 8:30","7/3/2025 15:00","7800","1200","7/12/2025"
"ORD324","6/24/2025","Bdwa200","23582","7/12/2025","Medium","6/24/2025","Line-3","7/8/2025 15:30","7/8/2025 22:03","6550","1000","7/12/2025"
"ORD324","6/24/2025","Bdwa200","23582","7/12/2025","Medium","6/24/2025","Line-3","7/8/2025 15:30","7/8/2025 22:03","6550","1000","7/12/2025"
"ORD324","6/24/2025","Bdwa200","23582","7/12/2025","Medium","6/24/2025","Line-9","7/9/2025 10:30","7/9/2025 15:00","6300","1400","7/12/2025"
"ORD324","6/24/2025","Bdwa200","23582","7/12/2025","Medium","6/24/2025","Line-9","7/9/2025 10:30","7/9/2025 15:00","6300","1400","7/12/2025"
"ORD324","6/24/2025","Hdwa250","44765","7/12/2025","Low","6/24/2025","Line-10","7/3/2025 9:00","7/3/2025 15:00","9000","1500","7/12/2025"
"ORD324","6/24/2025","Hdwa250","44765","7/12/2025","Low","6/24/2025","Line-10","7/3/2025 9:00","7/3/2025 15:00","9000","1500","7/12/2025"
"ORD325","6/24/2025","Hdwa250","27883","7/10/2025","Low","6/24/2025","Line-1","7/4/2025 15:30","7/4/2025 22:18","8161","1200","7/10/2025"
"ORD325","6/24/2025","Hdwa250","27883","7/10/2025","Low","6/24/2025","Line-1","7/4/2025 15:30","7/4/2025 22:18","8161","1200","7/10/2025"
"ORD325","6/24/2025","Hdwa250","27883","7/10/2025","Low","6/24/2025","Line-10","7/1/2025 7:30","7/1/2025 14:18","10201","1500","7/10/2025"
"ORD325","6/24/2025","Hdwa250","27883","7/10/2025","Low","6/24/2025","Line-10","7/1/2025 7:30","7/1/2025 14:18","10201","1500","7/10/2025"
"ORD325","6/24/2025","Hdwa250","27883","7/10/2025","Low","6/24/2025","Line-9","7/10/2025 0:30","7/10/2025 7:00","9100","1400","7/10/2025"
"ORD325","6/24/2025","Hdwa250","27883","7/10/2025","Low","6/24/2025","Line-9","7/10/2025 0:30","7/10/2025 7:00","9100","1400","7/10/2025"
"ORD325","6/24/2025","Shmp100","7354","7/10/2025","Medium","6/24/2025","Line-3","7/10/2025 12:30","7/10/2025 15:00","2500","1000","7/10/2025"
"ORD325","6/24/2025","Shmp100","7354","7/10/2025","Medium","6/24/2025","Line-3","7/10/2025 12:30","7/10/2025 15:00","2500","1000","7/10/2025"
"ORD326","6/25/2025","Cond100","15352","7/10/2025","High","6/25/2025","Line-6","7/13/2025 20:00","7/13/2025 23:00","2400","800","7/10/2025"
"ORD326","6/25/2025","Cond100","15352","7/10/2025","High","6/25/2025","Line-6","7/13/2025 20:00","7/13/2025 23:00","2400","800","7/10/2025"
"ORD326","6/25/2025","Cond100","15352","7/10/2025","High","6/25/2025","Line-8","7/11/2025 8:30","7/11/2025 15:00","7800","1200","7/10/2025"
"ORD326","6/25/2025","Cond100","15352","7/10/2025","High","6/25/2025","Line-8","7/11/2025 8:30","7/11/2025 15:00","7800","1200","7/10/2025"
"ORD326","6/25/2025","Hdwa250","8798","7/10/2025","High","6/25/2025","Line-8","7/10/2025 2:30","7/10/2025 7:00","5400","1200","7/10/2025"
"ORD326","6/25/2025","Hdwa250","8798","7/10/2025","High","6/25/2025","Line-8","7/10/2025 2:30","7/10/2025 7:00","5400","1200","7/10/2025"
"ORD327","6/25/2025","Cond100","14068","7/10/2025","Low","6/25/2025","Line-12","7/8/2025 13:00","7/8/2025 15:00","2000","1000","7/10/2025"
"ORD327","6/25/2025","Cond100","14068","7/10/2025","Low","6/25/2025","Line-12","7/8/2025 13:00","7/8/2025 15:00","2000","1000","7/10/2025"
"ORD327","6/25/2025","Cond100","14068","7/10/2025","Low","6/25/2025","Line-5","7/14/2025 19:30","7/14/2025 23:00","3500","1000","7/10/2025"
"ORD327","6/25/2025","Cond100","14068","7/10/2025","Low","6/25/2025","Line-5","7/14/2025 19:30","7/14/2025 23:00","3500","1000","7/10/2025"
"ORD327","6/25/2025","Fcws100","8275","7/10/2025","Medium","6/25/2025","Line-1","7/8/2025 15:30","7/8/2025 22:23","8275","1200","7/10/2025"
"ORD327","6/25/2025","Fcws100","8275","7/10/2025","Medium","6/25/2025","Line-1","7/8/2025 15:30","7/8/2025 22:23","8275","1200","7/10/2025"
"ORD328","6/25/2025","Hdwa250","27922","7/10/2025","High","6/25/2025","Line-11","7/5/2025 9:30","7/5/2025 15:00","6600","1200","7/10/2025"
"ORD328","6/25/2025","Hdwa250","27922","7/10/2025","High","6/25/2025","Line-11","7/5/2025 9:30","7/5/2025 15:00","6600","1200","7/10/2025"
"ORD328","6/25/2025","Hdwa250","27922","7/10/2025","High","6/25/2025","Line-3","7/10/2025 20:30","7/10/2025 23:00","2500","1000","7/10/2025"
"ORD328","6/25/2025","Hdwa250","27922","7/10/2025","High","6/25/2025","Line-3","7/10/2025 20:30","7/10/2025 23:00","2500","1000","7/10/2025"
"ORD328","6/25/2025","Hdwa250","27922","7/10/2025","High","6/25/2025","Line-7","7/7/2025 0:00","7/7/2025 7:00","10500","1500","7/10/2025"
"ORD328","6/25/2025","Hdwa250","27922","7/10/2025","High","6/25/2025","Line-7","7/7/2025 0:00","7/7/2025 7:00","10500","1500","7/10/2025"
"ORD328","6/25/2025","Lot100","23761","7/10/2025","Medium","6/25/2025","Line-12","7/10/2025 3:30","7/10/2025 7:00","3500","1000","7/10/2025"
"ORD328","6/25/2025","Lot100","23761","7/10/2025","Medium","6/25/2025","Line-12","7/10/2025 3:30","7/10/2025 7:00","3500","1000","7/10/2025"
"ORD328","6/25/2025","Lot100","23761","7/10/2025","Medium","6/25/2025","Line-5","7/16/2025 8:30","7/16/2025 15:00","6500","1000","7/10/2025"
"ORD328","6/25/2025","Lot100","23761","7/10/2025","Medium","6/25/2025","Line-5","7/16/2025 8:30","7/16/2025 15:00","6500","1000","7/10/2025"
"ORD328","6/25/2025","Lot100","23761","7/10/2025","Medium","6/25/2025","Line-9","7/14/2025 23:30","7/15/2025 6:29","9783","1400","7/10/2025"
"ORD328","6/25/2025","Lot100","23761","7/10/2025","Medium","6/25/2025","Line-9","7/14/2025 23:30","7/15/2025 6:29","9783","1400","7/10/2025"
"ORD329","6/25/2025","Gel150","23714","7/10/2025","Low","6/25/2025","Line-5","7/15/2025 3:00","7/15/2025 7:00","4000","1000","7/10/2025"
"ORD329","6/25/2025","Gel150","23714","7/10/2025","Low","6/25/2025","Line-5","7/15/2025 3:00","7/15/2025 7:00","4000","1000","7/10/2025"
"ORD329","6/25/2025","Gel150","23714","7/10/2025","Low","6/25/2025","Line-8","7/10/2025 10:30","7/10/2025 15:00","5400","1200","7/10/2025"
"ORD329","6/25/2025","Gel150","23714","7/10/2025","Low","6/25/2025","Line-8","7/10/2025 10:30","7/10/2025 15:00","5400","1200","7/10/2025"
"ORD329","6/25/2025","Gel150","23714","7/10/2025","Low","6/25/2025","Line-9","7/12/2025 9:30","7/12/2025 15:00","7700","1400","7/10/2025"
"ORD329","6/25/2025","Gel150","23714","7/10/2025","Low","6/25/2025","Line-9","7/12/2025 9:30","7/12/2025 15:00","7700","1400","7/10/2025"
"ORD329","6/25/2025","Shmp200","23231","7/10/2025","High","6/25/2025","Line-1","7/8/2025 23:00","7/9/2025 5:49","8199","1200","7/10/2025"
"ORD329","6/25/2025","Shmp200","23231","7/10/2025","High","6/25/2025","Line-1","7/8/2025 23:00","7/9/2025 5:49","8199","1200","7/10/2025"
"ORD329","6/25/2025","Shmp200","23231","7/10/2025","High","6/25/2025","Line-12","7/10/2025 18:00","7/10/2025 23:00","5000","1000","7/10/2025"
"ORD329","6/25/2025","Shmp200","23231","7/10/2025","High","6/25/2025","Line-12","7/10/2025 18:00","7/10/2025 23:00","5000","1000","7/10/2025"
"ORD329","6/25/2025","Shmp200","23231","7/10/2025","High","6/25/2025","Line-8","7/11/2025 16:30","7/11/2025 23:00","7800","1200","7/10/2025"
"ORD329","6/25/2025","Shmp200","23231","7/10/2025","High","6/25/2025","Line-8","7/11/2025 16:30","7/11/2025 23:00","7800","1200","7/10/2025"
"ORD330","6/25/2025","Shmp100","119382","7/12/2025","Medium","6/25/2025","Line-12","7/11/2025 1:30","7/11/2025 7:00","5500","1000","7/12/2025"
"ORD330","6/25/2025","Shmp100","119382","7/12/2025","Medium","6/25/2025","Line-12","7/11/2025 1:30","7/11/2025 7:00","5500","1000","7/12/2025"
"ORD330","6/25/2025","Shmp100","119382","7/12/2025","Medium","6/25/2025","Line-7","7/9/2025 21:30","7/9/2025 23:00","2250","1500","7/12/2025"
"ORD330","6/25/2025","Shmp100","119382","7/12/2025","Medium","6/25/2025","Line-7","7/9/2025 21:30","7/9/2025 23:00","2250","1500","7/12/2025"
"ORD330","6/25/2025","Shmp100","119382","7/12/2025","Medium","6/25/2025","Line-9","7/15/2025 14:00","7/15/2025 15:00","1400","1400","7/12/2025"
"ORD330","6/25/2025","Shmp100","119382","7/12/2025","Medium","6/25/2025","Line-9","7/15/2025 14:00","7/15/2025 15:00","1400","1400","7/12/2025"
"ORD330","6/25/2025","Shmp200","16048","7/12/2025","High","6/25/2025","Line-6","7/12/2025 21:00","7/12/2025 23:00","1600","800","7/12/2025"
"ORD330","6/25/2025","Shmp200","16048","7/12/2025","High","6/25/2025","Line-6","7/12/2025 21:00","7/12/2025 23:00","1600","800","7/12/2025"
"ORD330","6/25/2025","Shmp200","16048","7/12/2025","High","6/25/2025","Line-7","7/7/2025 8:00","7/7/2025 14:58","10466","1500","7/12/2025"
"ORD330","6/25/2025","Shmp200","16048","7/12/2025","High","6/25/2025","Line-7","7/7/2025 8:00","7/7/2025 14:58","10466","1500","7/12/2025"
"ORD331","6/25/2025","Fcws100","11022","7/10/2025","High","6/25/2025","Line-2","7/10/2025 21:00","7/10/2025 23:00","3000","1500","7/10/2025"
"ORD331","6/25/2025","Fcws100","11022","7/10/2025","High","6/25/2025","Line-2","7/10/2025 21:00","7/10/2025 23:00","3000","1500","7/10/2025"
"ORD331","6/25/2025","Lot250","26762","7/10/2025","Low","6/25/2025","Line-1","7/8/2025 8:00","7/8/2025 14:51","8234","1200","7/10/2025"
"ORD331","6/25/2025","Lot250","26762","7/10/2025","Low","6/25/2025","Line-1","7/8/2025 8:00","7/8/2025 14:51","8234","1200","7/10/2025"
"ORD331","6/25/2025","Lot250","26762","7/10/2025","Low","6/25/2025","Line-10","7/7/2025 12:30","7/7/2025 15:00","3750","1500","7/10/2025"
"ORD331","6/25/2025","Lot250","26762","7/10/2025","Low","6/25/2025","Line-10","7/7/2025 12:30","7/7/2025 15:00","3750","1500","7/10/2025"
"ORD331","6/25/2025","Lot250","26762","7/10/2025","Low","6/25/2025","Line-11","7/8/2025 0:30","7/8/2025 7:00","7800","1200","7/10/2025"
"ORD331","6/25/2025","Lot250","26762","7/10/2025","Low","6/25/2025","Line-11","7/8/2025 0:30","7/8/2025 7:00","7800","1200","7/10/2025"
"ORD332","6/25/2025","Lot250","22255","7/10/2025","Medium","6/25/2025","Line-2","7/10/2025 5:00","7/10/2025 7:00","3000","1500","7/10/2025"
"ORD332","6/25/2025","Lot250","22255","7/10/2025","Medium","6/25/2025","Line-2","7/10/2025 5:00","7/10/2025 7:00","3000","1500","7/10/2025"
"ORD332","6/25/2025","Lot250","22255","7/10/2025","Medium","6/25/2025","Line-9","7/12/2025 16:30","7/12/2025 23:00","9100","1400","7/10/2025"
"ORD332","6/25/2025","Lot250","22255","7/10/2025","Medium","6/25/2025","Line-9","7/12/2025 16:30","7/12/2025 23:00","9100","1400","7/10/2025"
"ORD332","6/25/2025","Talc100","10097","7/10/2025","Medium","6/25/2025","Line-2","7/13/2025 18:00","7/13/2025 23:00","7500","1500","7/10/2025"
"ORD332","6/25/2025","Talc100","10097","7/10/2025","Medium","6/25/2025","Line-2","7/13/2025 18:00","7/13/2025 23:00","7500","1500","7/10/2025"
"ORD333","6/25/2025","Bdwa200","19171","7/10/2025","High","6/25/2025","Line-12","7/9/2025 12:30","7/9/2025 15:00","2500","1000","7/10/2025"
"ORD333","6/25/2025","Bdwa200","19171","7/10/2025","High","6/25/2025","Line-12","7/9/2025 12:30","7/9/2025 15:00","2500","1000","7/10/2025"
"ORD333","6/25/2025","Bdwa200","19171","7/10/2025","High","6/25/2025","Line-5","7/15/2025 10:00","7/15/2025 15:00","5000","1000","7/10/2025"
"ORD333","6/25/2025","Bdwa200","19171","7/10/2025","High","6/25/2025","Line-5","7/15/2025 10:00","7/15/2025 15:00","5000","1000","7/10/2025"
"ORD333","6/25/2025","Bdwa200","19171","7/10/2025","High","6/25/2025","Line-6","7/13/2025 4:30","7/13/2025 7:00","2000","800","7/10/2025"
"ORD333","6/25/2025","Bdwa200","19171","7/10/2025","High","6/25/2025","Line-6","7/13/2025 4:30","7/13/2025 7:00","2000","800","7/10/2025"
"ORD333","6/25/2025","Hdwa250","7680","7/10/2025","High","6/25/2025","Line-3","7/11/2025 4:30","7/11/2025 7:00","2500","1000","7/10/2025"
"ORD333","6/25/2025","Hdwa250","7680","7/10/2025","High","6/25/2025","Line-3","7/11/2025 4:30","7/11/2025 7:00","2500","1000","7/10/2025"
"ORD334","6/25/2025","Cond100","26101","7/10/2025","Medium","6/25/2025","Line-5","7/17/2025 0:30","7/17/2025 7:00","6500","1000","7/10/2025"
"ORD334","6/25/2025","Cond100","26101","7/10/2025","Medium","6/25/2025","Line-5","7/17/2025 0:30","7/17/2025 7:00","6500","1000","7/10/2025"
"ORD334","6/25/2025","Cond100","26101","7/10/2025","Medium","6/25/2025","Line-7","7/9/2025 7:00","7/9/2025 14:03","10582","1500","7/10/2025"
"ORD334","6/25/2025","Cond100","26101","7/10/2025","Medium","6/25/2025","Line-7","7/9/2025 7:00","7/9/2025 14:03","10582","1500","7/10/2025"
"ORD334","6/25/2025","Cond100","26101","7/10/2025","Medium","6/25/2025","Line-8","7/12/2025 0:00","7/12/2025 7:00","8400","1200","7/10/2025"
"ORD334","6/25/2025","Cond100","26101","7/10/2025","Medium","6/25/2025","Line-8","7/12/2025 0:00","7/12/2025 7:00","8400","1200","7/10/2025"
"ORD334","6/25/2025","Talc100","83043","7/10/2025","High","6/25/2025","Line-11","7/6/2025 17:00","7/6/2025 23:00","7200","1200","7/10/2025"
"ORD334","6/25/2025","Talc100","83043","7/10/2025","High","6/25/2025","Line-11","7/6/2025 17:00","7/6/2025 23:00","7200","1200","7/10/2025"
"ORD334","6/25/2025","Talc100","83043","7/10/2025","High","6/25/2025","Line-2","7/11/2025 5:00","7/11/2025 7:00","3000","1500","7/10/2025"
"ORD334","6/25/2025","Talc100","83043","7/10/2025","High","6/25/2025","Line-2","7/11/2025 5:00","7/11/2025 7:00","3000","1500","7/10/2025"
"ORD335","6/25/2025","Fcws100","6876","7/10/2025","Low","6/25/2025","Line-12","7/8/2025 20:30","7/8/2025 23:00","2500","1000","7/10/2025"
"ORD335","6/25/2025","Fcws100","6876","7/10/2025","Low","6/25/2025","Line-12","7/8/2025 20:30","7/8/2025 23:00","2500","1000","7/10/2025"
"ORD335","6/25/2025","Lot250","25753","7/10/2025","Low","6/25/2025","Line-10","7/7/2025 20:00","7/7/2025 23:00","4500","1500","7/10/2025"
"ORD335","6/25/2025","Lot250","25753","7/10/2025","Low","6/25/2025","Line-10","7/7/2025 20:00","7/7/2025 23:00","4500","1500","7/10/2025"
"ORD335","6/25/2025","Lot250","25753","7/10/2025","Low","6/25/2025","Line-4","7/14/2025 4:30","7/14/2025 7:00","2000","800","7/10/2025"
"ORD335","6/25/2025","Lot250","25753","7/10/2025","Low","6/25/2025","Line-4","7/14/2025 4:30","7/14/2025 7:00","2000","800","7/10/2025"
"ORD335","6/25/2025","Lot250","25753","7/10/2025","Low","6/25/2025","Line-5","7/16/2025 16:00","7/16/2025 23:00","7000","1000","7/10/2025"
"ORD335","6/25/2025","Lot250","25753","7/10/2025","Low","6/25/2025","Line-5","7/16/2025 16:00","7/16/2025 23:00","7000","1000","7/10/2025"
"ORD336","6/25/2025","Cond100","12200","7/10/2025","Medium","6/25/2025","Line-3","7/11/2025 12:30","7/11/2025 15:00","2500","1000","7/10/2025"
"ORD336","6/25/2025","Cond100","12200","7/10/2025","Medium","6/25/2025","Line-3","7/11/2025 12:30","7/11/2025 15:00","2500","1000","7/10/2025"
"ORD336","6/25/2025","Cond100","12200","7/10/2025","Medium","6/25/2025","Line-6","7/14/2025 4:00","7/14/2025 7:00","2400","800","7/10/2025"
"ORD336","6/25/2025","Cond100","12200","7/10/2025","Medium","6/25/2025","Line-6","7/14/2025 4:00","7/14/2025 7:00","2400","800","7/10/2025"
"ORD336","6/25/2025","Gel150","26973","7/10/2025","Medium","6/25/2025","Line-10","7/4/2025 15:30","7/4/2025 23:00","11250","1500","7/10/2025"
"ORD336","6/25/2025","Gel150","26973","7/10/2025","Medium","6/25/2025","Line-10","7/4/2025 15:30","7/4/2025 23:00","11250","1500","7/10/2025"
"ORD336","6/25/2025","Gel150","26973","7/10/2025","Medium","6/25/2025","Line-11","7/5/2025 17:30","7/5/2025 23:00","6600","1200","7/10/2025"
"ORD336","6/25/2025","Gel150","26973","7/10/2025","Medium","6/25/2025","Line-11","7/5/2025 17:30","7/5/2025 23:00","6600","1200","7/10/2025"
"ORD336","6/25/2025","Gel150","26973","7/10/2025","Medium","6/25/2025","Line-4","7/11/2025 16:30","7/11/2025 23:00","5200","800","7/10/2025"
"ORD336","6/25/2025","Gel150","26973","7/10/2025","Medium","6/25/2025","Line-4","7/11/2025 16:30","7/11/2025 23:00","5200","800","7/10/2025"
"ORD337","6/25/2025","Bdwa200","6122","7/10/2025","Medium","6/25/2025","Line-6","7/13/2025 12:00","7/13/2025 15:00","2400","800","7/10/2025"
"ORD337","6/25/2025","Bdwa200","6122","7/10/2025","Medium","6/25/2025","Line-6","7/13/2025 12:00","7/13/2025 15:00","2400","800","7/10/2025"
"ORD337","6/25/2025","Talc100","19514","7/10/2025","Medium","6/25/2025","Line-7","7/9/2025 14:30","7/9/2025 15:00","750","1500","7/10/2025"
"ORD337","6/25/2025","Talc100","19514","7/10/2025","Medium","6/25/2025","Line-7","7/9/2025 14:30","7/9/2025 15:00","750","1500","7/10/2025"
"ORD337","6/25/2025","Talc100","19514","7/10/2025","Medium","6/25/2025","Line-9","7/15/2025 7:00","7/15/2025 13:43","9420","1400","7/10/2025"
"ORD337","6/25/2025","Talc100","19514","7/10/2025","Medium","6/25/2025","Line-9","7/15/2025 7:00","7/15/2025 13:43","9420","1400","7/10/2025"
"ORD338","6/25/2025","Lot250","5386","7/12/2025","Low","6/25/2025","Line-4","7/12/2025 0:30","7/12/2025 7:00","5200","800","7/12/2025"
"ORD338","6/25/2025","Lot250","5386","7/12/2025","Low","6/25/2025","Line-4","7/12/2025 0:30","7/12/2025 7:00","5200","800","7/12/2025"
"ORD338","6/25/2025","Shmp100","93213","7/12/2025","High","6/25/2025","Line-1","7/9/2025 6:30","7/9/2025 7:00","600","1200","7/12/2025"
"ORD338","6/25/2025","Shmp100","93213","7/12/2025","High","6/25/2025","Line-1","7/9/2025 6:30","7/9/2025 7:00","600","1200","7/12/2025"
"ORD338","6/25/2025","Shmp100","93213","7/12/2025","High","6/25/2025","Line-5","7/17/2025 8:00","7/17/2025 15:00","7000","1000","7/12/2025"
"ORD338","6/25/2025","Shmp100","93213","7/12/2025","High","6/25/2025","Line-5","7/17/2025 8:00","7/17/2025 15:00","7000","1000","7/12/2025"
"ORD338","6/25/2025","Shmp100","93213","7/12/2025","High","6/25/2025","Line-8","7/12/2025 15:00","7/12/2025 23:00","9600","1200","7/12/2025"
"ORD338","6/25/2025","Shmp100","93213","7/12/2025","High","6/25/2025","Line-8","7/12/2025 15:00","7/12/2025 23:00","9600","1200","7/12/2025"
"ORD339","6/25/2025","Bdwa200","24631","7/10/2025","Low","6/25/2025","Line-1","7/8/2025 0:30","7/8/2025 7:00","7800","1200","7/10/2025"
"ORD339","6/25/2025","Bdwa200","24631","7/10/2025","Low","6/25/2025","Line-1","7/8/2025 0:30","7/8/2025 7:00","7800","1200","7/10/2025"
"ORD339","6/25/2025","Bdwa200","24631","7/10/2025","Low","6/25/2025","Line-11","7/6/2025 9:30","7/6/2025 15:00","6600","1200","7/10/2025"
"ORD339","6/25/2025","Bdwa200","24631","7/10/2025","Low","6/25/2025","Line-11","7/6/2025 9:30","7/6/2025 15:00","6600","1200","7/10/2025"
"ORD339","6/25/2025","Bdwa200","24631","7/10/2025","Low","6/25/2025","Line-5","7/15/2025 17:30","7/15/2025 23:00","5500","1000","7/10/2025"
"ORD339","6/25/2025","Bdwa200","24631","7/10/2025","Low","6/25/2025","Line-5","7/15/2025 17:30","7/15/2025 23:00","5500","1000","7/10/2025"
"ORD339","6/25/2025","Lot250","6503","7/10/2025","Medium","6/25/2025","Line-12","7/10/2025 11:00","7/10/2025 15:00","4000","1000","7/10/2025"
"ORD339","6/25/2025","Lot250","6503","7/10/2025","Medium","6/25/2025","Line-12","7/10/2025 11:00","7/10/2025 15:00","4000","1000","7/10/2025"
"ORD340","6/25/2025","Gel150","19544","7/10/2025","High","6/25/2025","Line-2","7/14/2025 1:00","7/14/2025 7:00","9000","1500","7/10/2025"
"ORD340","6/25/2025","Gel150","19544","7/10/2025","High","6/25/2025","Line-2","7/14/2025 1:00","7/14/2025 7:00","9000","1500","7/10/2025"
"ORD340","6/25/2025","Gel150","19544","7/10/2025","High","6/25/2025","Line-8","7/12/2025 7:30","7/12/2025 14:44","8686","1200","7/10/2025"
"ORD340","6/25/2025","Gel150","19544","7/10/2025","High","6/25/2025","Line-8","7/12/2025 7:30","7/12/2025 14:44","8686","1200","7/10/2025"
"ORD340","6/25/2025","Hdwa250","7791","7/10/2025","Low","6/25/2025","Line-12","7/9/2025 4:00","7/9/2025 7:00","3000","1000","7/10/2025"
"ORD340","6/25/2025","Hdwa250","7791","7/10/2025","Low","6/25/2025","Line-12","7/9/2025 4:00","7/9/2025 7:00","3000","1000","7/10/2025"
"ORD341","6/25/2025","Cond100","41894","7/12/2025","High","6/25/2025","Line-2","7/14/2025 8:30","7/14/2025 15:00","9750","1500","7/12/2025"
"ORD341","6/25/2025","Cond100","41894","7/12/2025","High","6/25/2025","Line-2","7/14/2025 8:30","7/14/2025 15:00","9750","1500","7/12/2025"
"ORD341","6/25/2025","Lot250","23086","7/12/2025","Medium","6/25/2025","Line-4","7/12/2025 15:30","7/12/2025 22:17","5432","800","7/12/2025"
"ORD341","6/25/2025","Lot250","23086","7/12/2025","Medium","6/25/2025","Line-4","7/12/2025 15:30","7/12/2025 22:17","5432","800","7/12/2025"
"ORD341","6/25/2025","Lot250","23086","7/12/2025","Medium","6/25/2025","Line-8","7/10/2025 17:30","7/10/2025 23:00","6600","1200","7/12/2025"
"ORD341","6/25/2025","Lot250","23086","7/12/2025","Medium","6/25/2025","Line-8","7/10/2025 17:30","7/10/2025 23:00","6600","1200","7/12/2025"
"ORD341","6/25/2025","Lot250","23086","7/12/2025","Medium","6/25/2025","Line-9","7/13/2025 8:30","7/13/2025 15:00","9100","1400","7/12/2025"
"ORD341","6/25/2025","Lot250","23086","7/12/2025","Medium","6/25/2025","Line-9","7/13/2025 8:30","7/13/2025 15:00","9100","1400","7/12/2025"
"ORD342","6/25/2025","Crm50","110786","7/10/2025","Medium","6/25/2025","Line-10","7/4/2025 23:30","7/5/2025 7:00","11250","1500","7/10/2025"
"ORD342","6/25/2025","Crm50","110786","7/10/2025","Medium","6/25/2025","Line-10","7/4/2025 23:30","7/5/2025 7:00","11250","1500","7/10/2025"
"ORD342","6/25/2025","Crm50","110786","7/10/2025","Medium","6/25/2025","Line-2","7/12/2025 12:30","7/12/2025 15:00","3750","1500","7/10/2025"
"ORD342","6/25/2025","Crm50","110786","7/10/2025","Medium","6/25/2025","Line-2","7/12/2025 12:30","7/12/2025 15:00","3750","1500","7/10/2025"
"ORD342","6/25/2025","Crm50","110786","7/10/2025","Medium","6/25/2025","Line-4","7/12/2025 23:00","7/13/2025 7:00","6400","800","7/10/2025"
"ORD342","6/25/2025","Crm50","110786","7/10/2025","Medium","6/25/2025","Line-4","7/12/2025 23:00","7/13/2025 7:00","6400","800","7/10/2025"
"ORD342","6/25/2025","Hdwa250","17105","7/10/2025","High","6/25/2025","Line-4","7/14/2025 13:00","7/14/2025 15:00","1600","800","7/10/2025"
"ORD342","6/25/2025","Hdwa250","17105","7/10/2025","High","6/25/2025","Line-4","7/14/2025 13:00","7/14/2025 15:00","1600","800","7/10/2025"
"ORD342","6/25/2025","Hdwa250","17105","7/10/2025","High","6/25/2025","Line-7","7/8/2025 23:00","7/9/2025 6:26","11156","1500","7/10/2025"
"ORD342","6/25/2025","Hdwa250","17105","7/10/2025","High","6/25/2025","Line-7","7/8/2025 23:00","7/9/2025 6:26","11156","1500","7/10/2025"
"ORD343","6/25/2025","Gel150","29141","7/11/2025","Medium","6/25/2025","Line-12","7/12/2025 8:30","7/12/2025 15:00","6500","1000","7/11/2025"
"ORD343","6/25/2025","Gel150","29141","7/11/2025","Medium","6/25/2025","Line-12","7/12/2025 8:30","7/12/2025 15:00","6500","1000","7/11/2025"
"ORD343","6/25/2025","Gel150","29141","7/11/2025","Medium","6/25/2025","Line-2","7/15/2025 13:00","7/15/2025 15:00","3000","1500","7/11/2025"
"ORD343","6/25/2025","Gel150","29141","7/11/2025","Medium","6/25/2025","Line-2","7/15/2025 13:00","7/15/2025 15:00","3000","1500","7/11/2025"
"ORD343","6/25/2025","Gel150","29141","7/11/2025","Medium","6/25/2025","Line-8","7/13/2025 19:00","7/13/2025 23:00","4800","1200","7/11/2025"
"ORD343","6/25/2025","Gel150","29141","7/11/2025","Medium","6/25/2025","Line-8","7/13/2025 19:00","7/13/2025 23:00","4800","1200","7/11/2025"
"ORD343","6/25/2025","Lot100","20432","7/11/2025","High","6/25/2025","Line-11","7/6/2025 1:30","7/6/2025 7:00","6600","1200","7/11/2025"
"ORD343","6/25/2025","Lot100","20432","7/11/2025","High","6/25/2025","Line-11","7/6/2025 1:30","7/6/2025 7:00","6600","1200","7/11/2025"
"ORD343","6/25/2025","Lot100","20432","7/11/2025","High","6/25/2025","Line-2","7/10/2025 13:00","7/10/2025 15:00","3000","1500","7/11/2025"
"ORD343","6/25/2025","Lot100","20432","7/11/2025","High","6/25/2025","Line-2","7/10/2025 13:00","7/10/2025 15:00","3000","1500","7/11/2025"
"ORD344","6/25/2025","Fcws100","22479","7/11/2025","High","6/25/2025","Line-12","7/9/2025 20:00","7/9/2025 23:00","3000","1000","7/11/2025"
"ORD344","6/25/2025","Fcws100","22479","7/11/2025","High","6/25/2025","Line-12","7/9/2025 20:00","7/9/2025 23:00","3000","1000","7/11/2025"
"ORD344","6/25/2025","Fcws100","22479","7/11/2025","High","6/25/2025","Line-5","7/16/2025 1:00","7/16/2025 7:00","6000","1000","7/11/2025"
"ORD344","6/25/2025","Fcws100","22479","7/11/2025","High","6/25/2025","Line-5","7/16/2025 1:00","7/16/2025 7:00","6000","1000","7/11/2025"
"ORD344","6/25/2025","Fcws100","22479","7/11/2025","High","6/25/2025","Line-8","7/11/2025 1:00","7/11/2025 7:00","7200","1200","7/11/2025"
"ORD344","6/25/2025","Fcws100","22479","7/11/2025","High","6/25/2025","Line-8","7/11/2025 1:00","7/11/2025 7:00","7200","1200","7/11/2025"
"ORD344","6/25/2025","Lot100","24031","7/11/2025","Medium","6/25/2025","Line-2","7/15/2025 21:30","7/15/2025 23:00","2250","1500","7/11/2025"
"ORD344","6/25/2025","Lot100","24031","7/11/2025","Medium","6/25/2025","Line-2","7/15/2025 21:30","7/15/2025 23:00","2250","1500","7/11/2025"
"ORD344","6/25/2025","Lot100","24031","7/11/2025","Medium","6/25/2025","Line-5","7/18/2025 12:00","7/18/2025 15:00","3000","1000","7/11/2025"
"ORD344","6/25/2025","Lot100","24031","7/11/2025","Medium","6/25/2025","Line-5","7/18/2025 12:00","7/18/2025 15:00","3000","1000","7/11/2025"
"ORD344","6/25/2025","Lot100","24031","7/11/2025","Medium","6/25/2025","Line-6","7/14/2025 11:30","7/14/2025 15:00","2800","800","7/11/2025"
"ORD344","6/25/2025","Lot100","24031","7/11/2025","Medium","6/25/2025","Line-6","7/14/2025 11:30","7/14/2025 15:00","2800","800","7/11/2025"
"ORD345","6/25/2025","Shmp200","135809","7/11/2025","Low","6/25/2025","Line-10","7/6/2025 5:00","7/6/2025 7:00","3000","1500","7/11/2025"
"ORD345","6/25/2025","Shmp200","135809","7/11/2025","Low","6/25/2025","Line-10","7/6/2025 5:00","7/6/2025 7:00","3000","1500","7/11/2025"
"ORD345","6/25/2025","Shmp200","135809","7/11/2025","Low","6/25/2025","Line-7","7/7/2025 15:30","7/7/2025 23:00","11250","1500","7/11/2025"
"ORD345","6/25/2025","Shmp200","135809","7/11/2025","Low","6/25/2025","Line-7","7/7/2025 15:30","7/7/2025 23:00","11250","1500","7/11/2025"
"ORD345","6/25/2025","Shmp200","135809","7/11/2025","Low","6/25/2025","Line-9","7/13/2025 16:00","7/13/2025 23:00","9800","1400","7/11/2025"
"ORD345","6/25/2025","Shmp200","135809","7/11/2025","Low","6/25/2025","Line-9","7/13/2025 16:00","7/13/2025 23:00","9800","1400","7/11/2025"
"ORD345","6/25/2025","Talc100","17212","7/11/2025","High","6/25/2025","Line-3","7/11/2025 20:00","7/11/2025 23:00","3000","1000","7/11/2025"
"ORD345","6/25/2025","Talc100","17212","7/11/2025","High","6/25/2025","Line-3","7/11/2025 20:00","7/11/2025 23:00","3000","1000","7/11/2025"
"ORD345","6/25/2025","Talc100","17212","7/11/2025","High","6/25/2025","Line-9","7/16/2025 21:00","7/16/2025 23:00","2800","1400","7/11/2025"
"ORD345","6/25/2025","Talc100","17212","7/11/2025","High","6/25/2025","Line-9","7/16/2025 21:00","7/16/2025 23:00","2800","1400","7/11/2025"
"ORD346","6/25/2025","Cond100","17048","7/11/2025","Low","6/25/2025","Line-4","7/12/2025 7:30","7/12/2025 15:00","6000","800","7/11/2025"
"ORD346","6/25/2025","Cond100","17048","7/11/2025","Low","6/25/2025","Line-4","7/12/2025 7:30","7/12/2025 15:00","6000","800","7/11/2025"
"ORD346","6/25/2025","Cond100","17048","7/11/2025","Low","6/25/2025","Line-9","7/13/2025 0:30","7/13/2025 7:00","9100","1400","7/11/2025"
"ORD346","6/25/2025","Cond100","17048","7/11/2025","Low","6/25/2025","Line-9","7/13/2025 0:30","7/13/2025 7:00","9100","1400","7/11/2025"
"ORD346","6/25/2025","Hdwa250","11767","7/11/2025","Low","6/25/2025","Line-10","7/8/2025 4:30","7/8/2025 7:00","3750","1500","7/11/2025"
"ORD346","6/25/2025","Hdwa250","11767","7/11/2025","Low","6/25/2025","Line-10","7/8/2025 4:30","7/8/2025 7:00","3750","1500","7/11/2025"
"ORD347","6/26/2025","Fcws100","32126","7/11/2025","High","6/26/2025","Line-10","7/8/2025 20:00","7/8/2025 23:00","4500","1500","7/11/2025"
"ORD347","6/26/2025","Fcws100","32126","7/11/2025","High","6/26/2025","Line-10","7/8/2025 20:00","7/8/2025 23:00","4500","1500","7/11/2025"
"ORD347","6/26/2025","Fcws100","32126","7/11/2025","High","6/26/2025","Line-11","7/10/2025 7:30","7/10/2025 15:00","9000","1200","7/11/2025"
"ORD347","6/26/2025","Fcws100","32126","7/11/2025","High","6/26/2025","Line-11","7/10/2025 7:30","7/10/2025 15:00","9000","1200","7/11/2025"
"ORD347","6/26/2025","Fcws100","32126","7/11/2025","High","6/26/2025","Line-7","7/11/2025 20:30","7/11/2025 23:00","3750","1500","7/11/2025"
"ORD347","6/26/2025","Fcws100","32126","7/11/2025","High","6/26/2025","Line-7","7/11/2025 20:30","7/11/2025 23:00","3750","1500","7/11/2025"
"ORD347","6/26/2025","Hdwa250","9285","7/11/2025","High","6/26/2025","Line-11","7/8/2025 8:00","7/8/2025 15:00","8400","1200","7/11/2025"
"ORD347","6/26/2025","Hdwa250","9285","7/11/2025","High","6/26/2025","Line-11","7/8/2025 8:00","7/8/2025 15:00","8400","1200","7/11/2025"
"ORD348","6/26/2025","Crm50","23651","7/11/2025","Low","6/26/2025","Line-4","7/14/2025 21:00","7/14/2025 23:00","1600","800","7/11/2025"
"ORD348","6/26/2025","Crm50","23651","7/11/2025","Low","6/26/2025","Line-4","7/14/2025 21:00","7/14/2025 23:00","1600","800","7/11/2025"
"ORD348","6/26/2025","Crm50","23651","7/11/2025","Low","6/26/2025","Line-5","7/18/2025 20:00","7/18/2025 23:00","3000","1000","7/11/2025"
"ORD348","6/26/2025","Crm50","23651","7/11/2025","Low","6/26/2025","Line-5","7/18/2025 20:00","7/18/2025 23:00","3000","1000","7/11/2025"
"ORD348","6/26/2025","Crm50","23651","7/11/2025","Low","6/26/2025","Line-8","7/14/2025 3:30","7/14/2025 7:00","4200","1200","7/11/2025"
"ORD348","6/26/2025","Crm50","23651","7/11/2025","Low","6/26/2025","Line-8","7/14/2025 3:30","7/14/2025 7:00","4200","1200","7/11/2025"
"ORD348","6/26/2025","Shmp100","26296","7/11/2025","Medium","6/26/2025","Line-5","7/20/2025 3:30","7/20/2025 7:00","3500","1000","7/11/2025"
"ORD348","6/26/2025","Shmp100","26296","7/11/2025","Medium","6/26/2025","Line-5","7/20/2025 3:30","7/20/2025 7:00","3500","1000","7/11/2025"
"ORD348","6/26/2025","Shmp100","26296","7/11/2025","Medium","6/26/2025","Line-7","7/12/2025 12:30","7/12/2025 15:00","3750","1500","7/11/2025"
"ORD348","6/26/2025","Shmp100","26296","7/11/2025","Medium","6/26/2025","Line-7","7/12/2025 12:30","7/12/2025 15:00","3750","1500","7/11/2025"
"ORD348","6/26/2025","Shmp100","26296","7/11/2025","Medium","6/26/2025","Line-8","7/14/2025 19:30","7/14/2025 23:00","4200","1200","7/11/2025"
"ORD348","6/26/2025","Shmp100","26296","7/11/2025","Medium","6/26/2025","Line-8","7/14/2025 19:30","7/14/2025 23:00","4200","1200","7/11/2025"
"ORD349","6/26/2025","Shmp200","26703","7/13/2025","Medium","6/26/2025","Line-4","7/15/2025 5:30","7/15/2025 7:00","1200","800","7/13/2025"
"ORD349","6/26/2025","Shmp200","26703","7/13/2025","Medium","6/26/2025","Line-4","7/17/2025 5:00","7/17/2025 7:00","1600","800","7/13/2025"
"ORD350","6/26/2025","Cond100","22479","7/11/2025","High","6/26/2025","Line-10","7/9/2025 4:00","7/9/2025 7:00","4500","1500","7/11/2025"
"ORD350","6/26/2025","Cond100","22479","7/11/2025","High","6/26/2025","Line-10","7/9/2025 4:00","7/9/2025 7:00","4500","1500","7/11/2025"
"ORD350","6/26/2025","Cond100","22479","7/11/2025","High","6/26/2025","Line-4","7/16/2025 12:30","7/16/2025 15:00","2000","800","7/11/2025"
"ORD350","6/26/2025","Cond100","22479","7/11/2025","High","6/26/2025","Line-4","7/16/2025 12:30","7/16/2025 15:00","2000","800","7/11/2025"
"ORD350","6/26/2025","Cond100","22479","7/11/2025","High","6/26/2025","Line-6","7/16/2025 16:30","7/16/2025 23:00","5200","800","7/11/2025"
"ORD350","6/26/2025","Cond100","22479","7/11/2025","High","6/26/2025","Line-6","7/16/2025 16:30","7/16/2025 23:00","5200","800","7/11/2025"
"ORD350","6/26/2025","Crm50","6953","7/11/2025","Low","6/26/2025","Line-5","7/19/2025 4:30","7/19/2025 7:00","2500","1000","7/11/2025"
"ORD350","6/26/2025","Crm50","6953","7/11/2025","Low","6/26/2025","Line-5","7/19/2025 4:30","7/19/2025 7:00","2500","1000","7/11/2025"
"ORD351","6/26/2025","Fcws100","14928","7/11/2025","Medium","6/26/2025","Line-2","7/16/2025 5:30","7/16/2025 7:00","2250","1500","7/11/2025"
"ORD351","6/26/2025","Fcws100","14928","7/11/2025","Medium","6/26/2025","Line-2","7/16/2025 5:30","7/16/2025 7:00","2250","1500","7/11/2025"
"ORD351","6/26/2025","Fcws100","14928","7/11/2025","Medium","6/26/2025","Line-6","7/14/2025 19:30","7/14/2025 23:00","2800","800","7/11/2025"
"ORD351","6/26/2025","Fcws100","14928","7/11/2025","Medium","6/26/2025","Line-6","7/14/2025 19:30","7/14/2025 23:00","2800","800","7/11/2025"
"ORD351","6/26/2025","Gel150","18572","7/11/2025","High","6/26/2025","Line-3","7/12/2025 19:00","7/12/2025 23:00","4000","1000","7/11/2025"
"ORD351","6/26/2025","Gel150","18572","7/11/2025","High","6/26/2025","Line-3","7/12/2025 19:00","7/12/2025 23:00","4000","1000","7/11/2025"
"ORD351","6/26/2025","Gel150","18572","7/11/2025","High","6/26/2025","Line-9","7/17/2025 19:30","7/17/2025 23:00","4900","1400","7/11/2025"
"ORD351","6/26/2025","Gel150","18572","7/11/2025","High","6/26/2025","Line-9","7/17/2025 19:30","7/17/2025 23:00","4900","1400","7/11/2025"
"ORD352","6/26/2025","Gel150","8973","7/11/2025","Low","6/26/2025","Line-1","7/10/2025 10:30","7/10/2025 15:00","5400","1200","7/11/2025"
"ORD352","6/26/2025","Gel150","8973","7/11/2025","Low","6/26/2025","Line-1","7/10/2025 10:30","7/10/2025 15:00","5400","1200","7/11/2025"
"ORD352","6/26/2025","Hdwa250","10849","7/11/2025","High","6/26/2025","Line-10","7/9/2025 12:00","7/9/2025 15:00","4500","1500","7/11/2025"
"ORD352","6/26/2025","Hdwa250","10849","7/11/2025","High","6/26/2025","Line-10","7/9/2025 12:00","7/9/2025 15:00","4500","1500","7/11/2025"
"ORD353","6/26/2025","Bdwa200","17420","7/11/2025","Medium","6/26/2025","Line-2","7/16/2025 12:30","7/16/2025 15:00","3750","1500","7/11/2025"
"ORD353","6/26/2025","Bdwa200","17420","7/11/2025","Medium","6/26/2025","Line-2","7/16/2025 12:30","7/16/2025 15:00","3750","1500","7/11/2025"
"ORD353","6/26/2025","Bdwa200","17420","7/11/2025","Medium","6/26/2025","Line-6","7/15/2025 2:30","7/15/2025 7:00","3600","800","7/11/2025"
"ORD353","6/26/2025","Bdwa200","17420","7/11/2025","Medium","6/26/2025","Line-6","7/15/2025 2:30","7/15/2025 7:00","3600","800","7/11/2025"
"ORD353","6/26/2025","Shmp200","21640","7/11/2025","High","6/26/2025","Line-10","7/10/2025 10:00","7/10/2025 15:00","7500","1500","7/11/2025"
"ORD353","6/26/2025","Shmp200","21640","7/11/2025","High","6/26/2025","Line-10","7/10/2025 10:00","7/10/2025 15:00","7500","1500","7/11/2025"
"ORD353","6/26/2025","Shmp200","21640","7/11/2025","High","6/26/2025","Line-3","7/13/2025 3:00","7/13/2025 7:00","4000","1000","7/11/2025"
"ORD353","6/26/2025","Shmp200","21640","7/11/2025","High","6/26/2025","Line-3","7/13/2025 3:00","7/13/2025 7:00","4000","1000","7/11/2025"
"ORD353","6/26/2025","Shmp200","21640","7/11/2025","High","6/26/2025","Line-6","7/17/2025 0:30","7/17/2025 7:00","5200","800","7/11/2025"
"ORD353","6/26/2025","Shmp200","21640","7/11/2025","High","6/26/2025","Line-6","7/17/2025 0:30","7/17/2025 7:00","5200","800","7/11/2025"
"ORD354","6/26/2025","Cond100","17546","7/11/2025","Medium","6/26/2025","Line-1","7/12/2025 1:00","7/12/2025 7:00","7200","1200","7/11/2025"
"ORD354","6/26/2025","Cond100","17546","7/11/2025","Medium","6/26/2025","Line-1","7/12/2025 1:00","7/12/2025 7:00","7200","1200","7/11/2025"
"ORD354","6/26/2025","Cond100","17546","7/11/2025","Medium","6/26/2025","Line-10","7/9/2025 19:30","7/9/2025 23:00","5250","1500","7/11/2025"
"ORD354","6/26/2025","Cond100","17546","7/11/2025","Medium","6/26/2025","Line-10","7/9/2025 19:30","7/9/2025 23:00","5250","1500","7/11/2025"
"ORD354","6/26/2025","Fcws100","18507","7/11/2025","Medium","6/26/2025","Line-1","7/11/2025 9:00","7/11/2025 15:00","7200","1200","7/11/2025"
"ORD354","6/26/2025","Fcws100","18507","7/11/2025","Medium","6/26/2025","Line-1","7/11/2025 9:00","7/11/2025 15:00","7200","1200","7/11/2025"
"ORD354","6/26/2025","Fcws100","18507","7/11/2025","Medium","6/26/2025","Line-7","7/11/2025 4:30","7/11/2025 7:00","3750","1500","7/11/2025"
"ORD354","6/26/2025","Fcws100","18507","7/11/2025","Medium","6/26/2025","Line-7","7/11/2025 4:30","7/11/2025 7:00","3750","1500","7/11/2025"
"ORD355","6/26/2025","Crm50","15746","7/11/2025","High","6/26/2025","Line-4","7/15/2025 13:00","7/15/2025 15:00","1600","800","7/11/2025"
"ORD355","6/26/2025","Crm50","15746","7/11/2025","High","6/26/2025","Line-4","7/15/2025 13:00","7/15/2025 15:00","1600","800","7/11/2025"
"ORD355","6/26/2025","Crm50","15746","7/11/2025","High","6/26/2025","Line-9","7/17/2025 4:30","7/17/2025 7:00","3500","1400","7/11/2025"
"ORD355","6/26/2025","Crm50","15746","7/11/2025","High","6/26/2025","Line-9","7/17/2025 4:30","7/17/2025 7:00","3500","1400","7/11/2025"
"ORD355","6/26/2025","Hdwa250","25284","7/11/2025","Medium","6/26/2025","Line-1","7/12/2025 8:00","7/12/2025 15:00","8400","1200","7/11/2025"
"ORD355","6/26/2025","Hdwa250","25284","7/11/2025","Medium","6/26/2025","Line-1","7/12/2025 8:00","7/12/2025 15:00","8400","1200","7/11/2025"
"ORD355","6/26/2025","Hdwa250","25284","7/11/2025","Medium","6/26/2025","Line-11","7/10/2025 15:30","7/10/2025 23:00","9000","1200","7/11/2025"
"ORD355","6/26/2025","Hdwa250","25284","7/11/2025","Medium","6/26/2025","Line-11","7/10/2025 15:30","7/10/2025 23:00","9000","1200","7/11/2025"
"ORD355","6/26/2025","Hdwa250","25284","7/11/2025","Medium","6/26/2025","Line-4","7/16/2025 20:30","7/16/2025 23:00","2000","800","7/11/2025"
"ORD355","6/26/2025","Hdwa250","25284","7/11/2025","Medium","6/26/2025","Line-4","7/16/2025 20:30","7/16/2025 23:00","2000","800","7/11/2025"
"ORD356","6/26/2025","Cond100","25939","7/11/2025","Medium","6/26/2025","Line-5","7/19/2025 12:00","7/19/2025 15:00","3000","1000","7/11/2025"
"ORD356","6/26/2025","Cond100","25939","7/11/2025","Medium","6/26/2025","Line-5","7/19/2025 12:00","7/19/2025 15:00","3000","1000","7/11/2025"
"ORD356","6/26/2025","Cond100","25939","7/11/2025","Medium","6/26/2025","Line-6","7/16/2025 0:30","7/16/2025 7:00","5200","800","7/11/2025"
"ORD356","6/26/2025","Cond100","25939","7/11/2025","Medium","6/26/2025","Line-6","7/16/2025 0:30","7/16/2025 7:00","5200","800","7/11/2025"
"ORD356","6/26/2025","Cond100","25939","7/11/2025","Medium","6/26/2025","Line-7","7/11/2025 12:00","7/11/2025 15:00","4500","1500","7/11/2025"
"ORD356","6/26/2025","Cond100","25939","7/11/2025","Medium","6/26/2025","Line-7","7/11/2025 12:00","7/11/2025 15:00","4500","1500","7/11/2025"
"ORD356","6/26/2025","Gel150","15461","7/11/2025","Low","6/26/2025","Line-1","7/12/2025 16:30","7/12/2025 23:00","7800","1200","7/11/2025"
"ORD356","6/26/2025","Gel150","15461","7/11/2025","Low","6/26/2025","Line-1","7/12/2025 16:30","7/12/2025 23:00","7800","1200","7/11/2025"
"ORD356","6/26/2025","Gel150","15461","7/11/2025","Low","6/26/2025","Line-12","7/13/2025 16:00","7/13/2025 23:00","7000","1000","7/11/2025"
"ORD356","6/26/2025","Gel150","15461","7/11/2025","Low","6/26/2025","Line-12","7/13/2025 16:00","7/13/2025 23:00","7000","1000","7/11/2025"
"ORD357","6/26/2025","Shmp100","82506","7/11/2025","Medium","6/26/2025","Line-11","7/9/2025 0:30","7/9/2025 7:00","7800","1200","7/11/2025"
"ORD357","6/26/2025","Shmp100","82506","7/11/2025","Medium","6/26/2025","Line-11","7/9/2025 0:30","7/9/2025 7:00","7800","1200","7/11/2025"
"ORD357","6/26/2025","Shmp100","82506","7/11/2025","Medium","6/26/2025","Line-2","7/17/2025 13:00","7/17/2025 15:00","3000","1500","7/11/2025"
"ORD357","6/26/2025","Shmp100","82506","7/11/2025","Medium","6/26/2025","Line-2","7/17/2025 13:00","7/17/2025 15:00","3000","1500","7/11/2025"
"ORD357","6/26/2025","Shmp200","7881","7/11/2025","Medium","6/26/2025","Line-5","7/20/2025 11:00","7/20/2025 15:00","4000","1000","7/11/2025"
"ORD357","6/26/2025","Shmp200","7881","7/11/2025","Medium","6/26/2025","Line-5","7/20/2025 11:00","7/20/2025 15:00","4000","1000","7/11/2025"
"ORD358","6/26/2025","Bdwa200","24315","7/13/2025","Medium","6/26/2025","Line-6","7/17/2025 14:30","7/17/2025 15:00","400","800","7/13/2025"
"ORD358","6/26/2025","Bdwa200","24315","7/13/2025","Medium","6/26/2025","Line-6","7/17/2025 14:30","7/17/2025 15:00","400","800","7/13/2025"
"ORD358","6/26/2025","Crm50","19362","7/13/2025","High","6/26/2025","Line-2","7/16/2025 20:30","7/16/2025 23:00","3750","1500","7/13/2025"
"ORD358","6/26/2025","Crm50","19362","7/13/2025","High","6/26/2025","Line-2","7/16/2025 20:30","7/16/2025 23:00","3750","1500","7/13/2025"
"ORD358","6/26/2025","Crm50","19362","7/13/2025","High","6/26/2025","Line-3","7/12/2025 3:30","7/12/2025 7:00","3500","1000","7/13/2025"
"ORD358","6/26/2025","Crm50","19362","7/13/2025","High","6/26/2025","Line-3","7/12/2025 3:30","7/12/2025 7:00","3500","1000","7/13/2025"
"ORD359","6/26/2025","Lot100","19776","7/11/2025","Low","6/26/2025","Line-11","7/11/2025 0:00","7/11/2025 7:00","8400","1200","7/11/2025"
"ORD359","6/26/2025","Lot100","19776","7/11/2025","Low","6/26/2025","Line-11","7/11/2025 0:00","7/11/2025 7:00","8400","1200","7/11/2025"
"ORD359","6/26/2025","Lot100","19776","7/11/2025","Low","6/26/2025","Line-7","7/12/2025 4:30","7/12/2025 7:00","3750","1500","7/11/2025"
"ORD359","6/26/2025","Lot100","19776","7/11/2025","Low","6/26/2025","Line-7","7/12/2025 4:30","7/12/2025 7:00","3750","1500","7/11/2025"
"ORD359","6/26/2025","Shmp200","5142","7/11/2025","Low","6/26/2025","Line-6","7/15/2025 10:30","7/15/2025 15:00","3600","800","7/11/2025"
"ORD359","6/26/2025","Shmp200","5142","7/11/2025","Low","6/26/2025","Line-6","7/15/2025 10:30","7/15/2025 15:00","3600","800","7/11/2025"
"ORD360","6/26/2025","Bdwa200","13442","7/11/2025","Medium","6/26/2025","Line-12","7/13/2025 0:30","7/13/2025 7:00","6500","1000","7/11/2025"
"ORD360","6/26/2025","Bdwa200","13442","7/11/2025","Medium","6/26/2025","Line-12","7/13/2025 0:30","7/13/2025 7:00","6500","1000","7/11/2025"
"ORD360","6/26/2025","Bdwa200","13442","7/11/2025","Medium","6/26/2025","Line-5","7/19/2025 20:30","7/19/2025 23:00","2500","1000","7/11/2025"
"ORD360","6/26/2025","Bdwa200","13442","7/11/2025","Medium","6/26/2025","Line-5","7/19/2025 20:30","7/19/2025 23:00","2500","1000","7/11/2025"
"ORD360","6/26/2025","Talc100","12005","7/11/2025","Medium","6/26/2025","Line-12","7/13/2025 23:30","7/14/2025 6:10","6669","1000","7/11/2025"
"ORD360","6/26/2025","Talc100","12005","7/11/2025","Medium","6/26/2025","Line-12","7/13/2025 23:30","7/14/2025 6:10","6669","1000","7/11/2025"
"ORD360","6/26/2025","Talc100","12005","7/11/2025","Medium","6/26/2025","Line-6","7/17/2025 7:30","7/17/2025 14:10","5336","800","7/11/2025"
"ORD360","6/26/2025","Talc100","12005","7/11/2025","Medium","6/26/2025","Line-6","7/17/2025 7:30","7/17/2025 14:10","5336","800","7/11/2025"
"ORD361","6/26/2025","Bdwa200","101590","7/13/2025","Low","6/26/2025","Line-10","7/10/2025 17:00","7/10/2025 23:00","9000","1500","7/13/2025"
"ORD361","6/26/2025","Bdwa200","101590","7/13/2025","Low","6/26/2025","Line-10","7/10/2025 17:00","7/10/2025 23:00","9000","1500","7/13/2025"
"ORD361","6/26/2025","Bdwa200","101590","7/13/2025","Low","6/26/2025","Line-12","7/14/2025 14:30","7/14/2025 15:00","500","1000","7/13/2025"
"ORD361","6/26/2025","Bdwa200","101590","7/13/2025","Low","6/26/2025","Line-12","7/14/2025 14:30","7/14/2025 15:00","500","1000","7/13/2025"
"ORD361","6/26/2025","Bdwa200","101590","7/13/2025","Low","6/26/2025","Line-5","7/20/2025 19:30","7/20/2025 23:00","3500","1000","7/13/2025"
"ORD361","6/26/2025","Bdwa200","101590","7/13/2025","Low","6/26/2025","Line-5","7/20/2025 19:30","7/20/2025 23:00","3500","1000","7/13/2025"
"ORD361","6/26/2025","Shmp100","23059","7/13/2025","Low","6/26/2025","Line-1","7/10/2025 18:30","7/10/2025 23:00","5400","1200","7/13/2025"
"ORD361","6/26/2025","Shmp100","23059","7/13/2025","Low","6/26/2025","Line-1","7/10/2025 18:30","7/10/2025 23:00","5400","1200","7/13/2025"
"ORD361","6/26/2025","Shmp100","23059","7/13/2025","Low","6/26/2025","Line-10","7/8/2025 13:00","7/8/2025 15:00","3000","1500","7/13/2025"
"ORD361","6/26/2025","Shmp100","23059","7/13/2025","Low","6/26/2025","Line-10","7/8/2025 13:00","7/8/2025 15:00","3000","1500","7/13/2025"
"ORD361","6/26/2025","Shmp100","23059","7/13/2025","Low","6/26/2025","Line-6","7/15/2025 17:30","7/15/2025 23:00","4400","800","7/13/2025"
"ORD361","6/26/2025","Shmp100","23059","7/13/2025","Low","6/26/2025","Line-6","7/15/2025 17:30","7/15/2025 23:00","4400","800","7/13/2025"
"ORD362","6/26/2025","Bdwa200","10706","7/11/2025","High","6/26/2025","Line-10","7/10/2025 2:30","7/10/2025 7:00","6750","1500","7/11/2025"
"ORD362","6/26/2025","Bdwa200","10706","7/11/2025","High","6/26/2025","Line-10","7/10/2025 2:30","7/10/2025 7:00","6750","1500","7/11/2025"
"ORD362","6/26/2025","Lot100","7923","7/11/2025","Low","6/26/2025","Line-12","7/13/2025 7:30","7/13/2025 15:00","7500","1000","7/11/2025"
"ORD362","6/26/2025","Lot100","7923","7/11/2025","Low","6/26/2025","Line-12","7/13/2025 7:30","7/13/2025 15:00","7500","1000","7/11/2025"
"ORD363","6/26/2025","Gel150","17894","7/11/2025","Low","6/26/2025","Line-12","7/14/2025 6:30","7/14/2025 7:00","500","1000","7/11/2025"
"ORD363","6/26/2025","Gel150","17894","7/11/2025","Low","6/26/2025","Line-12","7/14/2025 6:30","7/14/2025 7:00","500","1000","7/11/2025"
"ORD363","6/26/2025","Gel150","17894","7/11/2025","Low","6/26/2025","Line-9","7/18/2025 3:30","7/18/2025 7:00","4900","1400","7/11/2025"
"ORD363","6/26/2025","Gel150","17894","7/11/2025","Low","6/26/2025","Line-9","7/18/2025 3:30","7/18/2025 7:00","4900","1400","7/11/2025"
"ORD363","6/26/2025","Shmp200","25067","7/11/2025","Low","6/26/2025","Line-1","7/11/2025 1:30","7/11/2025 7:00","6600","1200","7/11/2025"
"ORD363","6/26/2025","Shmp200","25067","7/11/2025","Low","6/26/2025","Line-1","7/11/2025 1:30","7/11/2025 7:00","6600","1200","7/11/2025"
"ORD363","6/26/2025","Shmp200","25067","7/11/2025","Low","6/26/2025","Line-12","7/12/2025 17:00","7/12/2025 23:00","6000","1000","7/11/2025"
"ORD363","6/26/2025","Shmp200","25067","7/11/2025","Low","6/26/2025","Line-12","7/12/2025 17:00","7/12/2025 23:00","6000","1000","7/11/2025"
"ORD363","6/26/2025","Shmp200","25067","7/11/2025","Low","6/26/2025","Line-9","7/17/2025 12:00","7/17/2025 15:00","4200","1400","7/11/2025"
"ORD363","6/26/2025","Shmp200","25067","7/11/2025","Low","6/26/2025","Line-9","7/17/2025 12:00","7/17/2025 15:00","4200","1400","7/11/2025"
"ORD364","6/26/2025","Cond100","17189","7/11/2025","High","6/26/2025","Line-2","7/18/2025 20:00","7/18/2025 23:00","4500","1500","7/11/2025"
"ORD364","6/26/2025","Cond100","17189","7/11/2025","High","6/26/2025","Line-2","7/18/2025 20:00","7/18/2025 23:00","4500","1500","7/11/2025"
"ORD364","6/26/2025","Cond100","17189","7/11/2025","High","6/26/2025","Line-3","7/12/2025 11:30","7/12/2025 15:00","3500","1000","7/11/2025"
"ORD364","6/26/2025","Cond100","17189","7/11/2025","High","6/26/2025","Line-3","7/12/2025 11:30","7/12/2025 15:00","3500","1000","7/11/2025"
"ORD364","6/26/2025","Hdwa250","27616","7/11/2025","Medium","6/26/2025","Line-1","7/11/2025 16:30","7/11/2025 23:00","7800","1200","7/11/2025"
"ORD364","6/26/2025","Hdwa250","27616","7/11/2025","Medium","6/26/2025","Line-1","7/11/2025 16:30","7/11/2025 23:00","7800","1200","7/11/2025"
"ORD364","6/26/2025","Hdwa250","27616","7/11/2025","Medium","6/26/2025","Line-2","7/17/2025 4:30","7/17/2025 7:00","3750","1500","7/11/2025"
"ORD364","6/26/2025","Hdwa250","27616","7/11/2025","Medium","6/26/2025","Line-2","7/17/2025 4:30","7/17/2025 7:00","3750","1500","7/11/2025"
"ORD364","6/26/2025","Hdwa250","27616","7/11/2025","Medium","6/26/2025","Line-4","7/15/2025 20:30","7/15/2025 23:00","2000","800","7/11/2025"
"ORD364","6/26/2025","Hdwa250","27616","7/11/2025","Medium","6/26/2025","Line-4","7/15/2025 20:30","7/15/2025 23:00","2000","800","7/11/2025"
"ORD365","6/26/2025","Fcws100","9340","7/12/2025","High","6/26/2025","Line-11","7/8/2025 16:00","7/8/2025 23:00","8400","1200","7/12/2025"
"ORD365","6/26/2025","Fcws100","9340","7/12/2025","High","6/26/2025","Line-11","7/8/2025 16:00","7/8/2025 23:00","8400","1200","7/12/2025"
"ORD365","6/26/2025","Shmp100","24203","7/12/2025","High","6/26/2025","Line-1","7/13/2025 0:00","7/13/2025 6:54","8298","1200","7/12/2025"
"ORD365","6/26/2025","Shmp100","24203","7/12/2025","High","6/26/2025","Line-1","7/13/2025 0:00","7/13/2025 6:54","8298","1200","7/12/2025"
"ORD365","6/26/2025","Shmp100","24203","7/12/2025","High","6/26/2025","Line-2","7/19/2025 3:30","7/19/2025 7:00","5250","1500","7/12/2025"
"ORD365","6/26/2025","Shmp100","24203","7/12/2025","High","6/26/2025","Line-2","7/19/2025 3:30","7/19/2025 7:00","5250","1500","7/12/2025"
"ORD365","6/26/2025","Shmp100","24203","7/12/2025","High","6/26/2025","Line-6","7/18/2025 21:30","7/18/2025 23:00","1200","800","7/12/2025"
"ORD365","6/26/2025","Shmp100","24203","7/12/2025","High","6/26/2025","Line-6","7/18/2025 21:30","7/18/2025 23:00","1200","800","7/12/2025"
"ORD366","6/26/2025","Cond100","11319","7/12/2025","High","6/26/2025","Line-4","7/18/2025 8:00","7/18/2025 15:00","5600","800","7/12/2025"
"ORD366","6/26/2025","Cond100","11319","7/12/2025","High","6/26/2025","Line-4","7/18/2025 8:00","7/18/2025 15:00","5600","800","7/12/2025"
"ORD366","6/26/2025","Cond100","11319","7/12/2025","High","6/26/2025","Line-6","7/19/2025 5:00","7/19/2025 7:00","1600","800","7/12/2025"
"ORD366","6/26/2025","Cond100","11319","7/12/2025","High","6/26/2025","Line-6","7/19/2025 5:00","7/19/2025 7:00","1600","800","7/12/2025"
"ORD366","6/26/2025","Crm50","19294","7/12/2025","Medium","6/26/2025","Line-4","7/16/2025 5:00","7/16/2025 7:00","1600","800","7/12/2025"
"ORD366","6/26/2025","Crm50","19294","7/12/2025","Medium","6/26/2025","Line-4","7/16/2025 5:00","7/16/2025 7:00","1600","800","7/12/2025"
"ORD366","6/26/2025","Crm50","19294","7/12/2025","Medium","6/26/2025","Line-6","7/16/2025 9:00","7/16/2025 15:00","4800","800","7/12/2025"
"ORD366","6/26/2025","Crm50","19294","7/12/2025","Medium","6/26/2025","Line-6","7/16/2025 9:00","7/16/2025 15:00","4800","800","7/12/2025"
"ORD366","6/26/2025","Crm50","19294","7/12/2025","Medium","6/26/2025","Line-8","7/14/2025 12:00","7/14/2025 15:00","3600","1200","7/12/2025"
"ORD366","6/26/2025","Crm50","19294","7/12/2025","Medium","6/26/2025","Line-8","7/14/2025 12:00","7/14/2025 15:00","3600","1200","7/12/2025"
"ORD367","6/27/2025","Bdwa200","21518","7/12/2025","High","6/27/2025","Line-1","7/13/2025 7:30","7/13/2025 14:40","8607","1200","7/12/2025"
"ORD367","6/27/2025","Bdwa200","21518","7/12/2025","High","6/27/2025","Line-1","7/13/2025 7:30","7/13/2025 14:40","8607","1200","7/12/2025"
"ORD367","6/27/2025","Bdwa200","21518","7/12/2025","High","6/27/2025","Line-12","7/15/2025 20:00","7/15/2025 23:00","3000","1000","7/12/2025"
"ORD367","6/27/2025","Bdwa200","21518","7/12/2025","High","6/27/2025","Line-12","7/15/2025 20:00","7/15/2025 23:00","3000","1000","7/12/2025"
"ORD367","6/27/2025","Bdwa200","21518","7/12/2025","High","6/27/2025","Line-4","7/18/2025 15:30","7/18/2025 22:40","5739","800","7/12/2025"
"ORD367","6/27/2025","Bdwa200","21518","7/12/2025","High","6/27/2025","Line-4","7/18/2025 15:30","7/18/2025 22:40","5739","800","7/12/2025"
"ORD367","6/27/2025","Crm50","27652","7/12/2025","High","6/27/2025","Line-12","7/17/2025 10:00","7/17/2025 15:00","5000","1000","7/12/2025"
"ORD367","6/27/2025","Crm50","27652","7/12/2025","High","6/27/2025","Line-12","7/17/2025 10:00","7/17/2025 15:00","5000","1000","7/12/2025"
"ORD367","6/27/2025","Crm50","27652","7/12/2025","High","6/27/2025","Line-5","7/22/2025 23:30","7/23/2025 7:00","7500","1000","7/12/2025"
"ORD367","6/27/2025","Crm50","27652","7/12/2025","High","6/27/2025","Line-5","7/22/2025 23:30","7/23/2025 7:00","7500","1000","7/12/2025"
"ORD367","6/27/2025","Crm50","27652","7/12/2025","High","6/27/2025","Line-7","7/15/2025 18:30","7/15/2025 23:00","6750","1500","7/12/2025"
"ORD367","6/27/2025","Crm50","27652","7/12/2025","High","6/27/2025","Line-7","7/15/2025 18:30","7/15/2025 23:00","6750","1500","7/12/2025"
"ORD368","6/27/2025","Hdwa250","8830","7/12/2025","Low","6/27/2025","Line-1","7/15/2025 19:00","7/15/2025 23:00","4800","1200","7/12/2025"
"ORD368","6/27/2025","Hdwa250","8830","7/12/2025","Low","6/27/2025","Line-1","7/15/2025 19:00","7/15/2025 23:00","4800","1200","7/12/2025"
"ORD368","6/27/2025","Lot250","9183","7/12/2025","High","6/27/2025","Line-8","7/15/2025 3:00","7/15/2025 7:00","4800","1200","7/12/2025"
"ORD368","6/27/2025","Lot250","9183","7/12/2025","High","6/27/2025","Line-8","7/15/2025 3:00","7/15/2025 7:00","4800","1200","7/12/2025"
"ORD369","6/27/2025","Cond100","16389","7/12/2025","High","6/27/2025","Line-5","7/23/2025 8:00","7/23/2025 15:00","7000","1000","7/12/2025"
"ORD369","6/27/2025","Cond100","16389","7/12/2025","High","6/27/2025","Line-9","7/19/2025 12:00","7/19/2025 15:00","4200","1400","7/12/2025"
"ORD370","6/27/2025","Bdwa200","24997","7/12/2025","Low","6/27/2025","Line-10","7/13/2025 13:00","7/13/2025 15:00","3000","1500","7/12/2025"
"ORD370","6/27/2025","Bdwa200","24997","7/12/2025","Low","6/27/2025","Line-10","7/13/2025 13:00","7/13/2025 15:00","3000","1500","7/12/2025"
"ORD370","6/27/2025","Bdwa200","24997","7/12/2025","Low","6/27/2025","Line-12","7/17/2025 18:30","7/17/2025 23:00","4500","1000","7/12/2025"
"ORD370","6/27/2025","Bdwa200","24997","7/12/2025","Low","6/27/2025","Line-12","7/17/2025 18:30","7/17/2025 23:00","4500","1000","7/12/2025"
"ORD370","6/27/2025","Bdwa200","24997","7/12/2025","Low","6/27/2025","Line-4","7/21/2025 6:00","7/21/2025 7:00","800","800","7/12/2025"
"ORD370","6/27/2025","Bdwa200","24997","7/12/2025","Low","6/27/2025","Line-4","7/21/2025 6:00","7/21/2025 7:00","800","800","7/12/2025"
"ORD370","6/27/2025","Lot100","29146","7/12/2025","High","6/27/2025","Line-2","7/19/2025 11:00","7/19/2025 15:00","6000","1500","7/12/2025"
"ORD370","6/27/2025","Lot100","29146","7/12/2025","High","6/27/2025","Line-2","7/19/2025 11:00","7/19/2025 15:00","6000","1500","7/12/2025"
"ORD370","6/27/2025","Lot100","29146","7/12/2025","High","6/27/2025","Line-7","7/12/2025 20:00","7/12/2025 23:00","4500","1500","7/12/2025"
"ORD370","6/27/2025","Lot100","29146","7/12/2025","High","6/27/2025","Line-7","7/12/2025 20:00","7/12/2025 23:00","4500","1500","7/12/2025"
"ORD370","6/27/2025","Lot100","29146","7/12/2025","High","6/27/2025","Line-8","7/15/2025 11:00","7/15/2025 15:00","4800","1200","7/12/2025"
"ORD370","6/27/2025","Lot100","29146","7/12/2025","High","6/27/2025","Line-8","7/15/2025 11:00","7/15/2025 15:00","4800","1200","7/12/2025"
"ORD371","6/27/2025","Fcws100","23584","7/12/2025","Low","6/27/2025","Line-12","7/16/2025 11:30","7/16/2025 15:00","3500","1000","7/12/2025"
"ORD371","6/27/2025","Fcws100","23584","7/12/2025","Low","6/27/2025","Line-12","7/16/2025 11:30","7/16/2025 15:00","3500","1000","7/12/2025"
"ORD371","6/27/2025","Fcws100","23584","7/12/2025","Low","6/27/2025","Line-5","7/22/2025 16:30","7/22/2025 23:00","6500","1000","7/12/2025"
"ORD371","6/27/2025","Fcws100","23584","7/12/2025","Low","6/27/2025","Line-5","7/22/2025 16:30","7/22/2025 23:00","6500","1000","7/12/2025"
"ORD371","6/27/2025","Fcws100","23584","7/12/2025","Low","6/27/2025","Line-7","7/13/2025 19:30","7/13/2025 23:00","5250","1500","7/12/2025"
"ORD371","6/27/2025","Fcws100","23584","7/12/2025","Low","6/27/2025","Line-7","7/13/2025 19:30","7/13/2025 23:00","5250","1500","7/12/2025"
"ORD371","6/27/2025","Talc100","17752","7/12/2025","Low","6/27/2025","Line-10","7/14/2025 5:00","7/14/2025 7:00","3000","1500","7/12/2025"
"ORD371","6/27/2025","Talc100","17752","7/12/2025","Low","6/27/2025","Line-10","7/14/2025 5:00","7/14/2025 7:00","3000","1500","7/12/2025"
"ORD371","6/27/2025","Talc100","17752","7/12/2025","Low","6/27/2025","Line-3","7/14/2025 17:30","7/14/2025 23:00","5500","1000","7/12/2025"
"ORD371","6/27/2025","Talc100","17752","7/12/2025","Low","6/27/2025","Line-3","7/14/2025 17:30","7/14/2025 23:00","5500","1000","7/12/2025"
"ORD372","6/27/2025","Cond100","30213","7/14/2025","High","6/27/2025","Line-10","7/11/2025 22:30","7/11/2025 23:00","750","1500","7/14/2025"
"ORD372","6/27/2025","Cond100","30213","7/14/2025","High","6/27/2025","Line-10","7/11/2025 22:30","7/11/2025 23:00","750","1500","7/14/2025"
"ORD372","6/27/2025","Cond100","30213","7/14/2025","High","6/27/2025","Line-2","7/19/2025 18:30","7/19/2025 23:00","6750","1500","7/14/2025"
"ORD372","6/27/2025","Cond100","30213","7/14/2025","High","6/27/2025","Line-2","7/19/2025 18:30","7/19/2025 23:00","6750","1500","7/14/2025"
"ORD372","6/27/2025","Cond100","30213","7/14/2025","High","6/27/2025","Line-6","7/19/2025 12:30","7/19/2025 15:00","2000","800","7/14/2025"
"ORD372","6/27/2025","Cond100","30213","7/14/2025","High","6/27/2025","Line-6","7/19/2025 12:30","7/19/2025 15:00","2000","800","7/14/2025"
"ORD372","6/27/2025","Lot100","105553","7/14/2025","High","6/27/2025","Line-1","7/16/2025 3:00","7/16/2025 7:00","4800","1200","7/14/2025"
"ORD372","6/27/2025","Lot100","105553","7/14/2025","High","6/27/2025","Line-1","7/16/2025 3:00","7/16/2025 7:00","4800","1200","7/14/2025"
"ORD372","6/27/2025","Lot100","105553","7/14/2025","High","6/27/2025","Line-11","7/12/2025 14:30","7/12/2025 15:00","600","1200","7/14/2025"
"ORD372","6/27/2025","Lot100","105553","7/14/2025","High","6/27/2025","Line-11","7/12/2025 14:30","7/12/2025 15:00","600","1200","7/14/2025"
"ORD372","6/27/2025","Lot100","105553","7/14/2025","High","6/27/2025","Line-8","7/16/2025 2:30","7/16/2025 7:00","5400","1200","7/14/2025"
"ORD372","6/27/2025","Lot100","105553","7/14/2025","High","6/27/2025","Line-8","7/16/2025 2:30","7/16/2025 7:00","5400","1200","7/14/2025"
"ORD373","6/27/2025","Lot100","10035","7/12/2025","High","6/27/2025","Line-2","7/20/2025 17:30","7/20/2025 23:00","8250","1500","7/12/2025"
"ORD373","6/27/2025","Lot100","10035","7/12/2025","High","6/27/2025","Line-2","7/20/2025 17:30","7/20/2025 23:00","8250","1500","7/12/2025"
"ORD373","6/27/2025","Lot250","15049","7/12/2025","High","6/27/2025","Line-6","7/19/2025 21:00","7/19/2025 23:00","1600","800","7/12/2025"
"ORD373","6/27/2025","Lot250","15049","7/12/2025","High","6/27/2025","Line-6","7/19/2025 21:00","7/19/2025 23:00","1600","800","7/12/2025"
"ORD373","6/27/2025","Lot250","15049","7/12/2025","High","6/27/2025","Line-9","7/19/2025 19:00","7/19/2025 23:00","5600","1400","7/12/2025"
"ORD373","6/27/2025","Lot250","15049","7/12/2025","High","6/27/2025","Line-9","7/19/2025 19:00","7/19/2025 23:00","5600","1400","7/12/2025"
"ORD374","6/27/2025","Cond100","7743","7/12/2025","High","6/27/2025","Line-11","7/12/2025 7:30","7/12/2025 13:57","7743","1200","7/12/2025"
"ORD374","6/27/2025","Cond100","7743","7/12/2025","High","6/27/2025","Line-11","7/12/2025 7:30","7/12/2025 13:57","7743","1200","7/12/2025"
"ORD374","6/27/2025","Hdwa250","34712","7/12/2025","High","6/27/2025","Line-1","7/14/2025 6:30","7/14/2025 7:00","600","1200","7/12/2025"
"ORD374","6/27/2025","Hdwa250","34712","7/12/2025","High","6/27/2025","Line-1","7/14/2025 6:30","7/14/2025 7:00","600","1200","7/12/2025"
"ORD375","6/27/2025","Lot100","108192","7/14/2025","Medium","6/27/2025","Line-2","7/21/2025 16:30","7/21/2025 23:00","9750","1500","7/14/2025"
"ORD375","6/27/2025","Lot100","108192","7/14/2025","Medium","6/27/2025","Line-2","7/21/2025 16:30","7/21/2025 23:00","9750","1500","7/14/2025"
"ORD375","6/27/2025","Lot100","108192","7/14/2025","Medium","6/27/2025","Line-5","7/24/2025 14:30","7/24/2025 15:00","500","1000","7/14/2025"
"ORD375","6/27/2025","Lot100","108192","7/14/2025","Medium","6/27/2025","Line-5","7/24/2025 14:30","7/24/2025 15:00","500","1000","7/14/2025"
"ORD375","6/27/2025","Lot100","108192","7/14/2025","Medium","6/27/2025","Line-9","7/20/2025 16:30","7/20/2025 23:00","9100","1400","7/14/2025"
"ORD375","6/27/2025","Lot100","108192","7/14/2025","Medium","6/27/2025","Line-9","7/20/2025 16:30","7/20/2025 23:00","9100","1400","7/14/2025"
"ORD375","6/27/2025","Shmp200","22730","7/14/2025","Medium","6/27/2025","Line-7","7/13/2025 3:30","7/13/2025 7:00","5250","1500","7/14/2025"
"ORD375","6/27/2025","Shmp200","22730","7/14/2025","Medium","6/27/2025","Line-7","7/13/2025 3:30","7/13/2025 7:00","5250","1500","7/14/2025"
"ORD375","6/27/2025","Shmp200","22730","7/14/2025","Medium","6/27/2025","Line-9","7/18/2025 11:30","7/18/2025 15:00","4900","1400","7/14/2025"
"ORD375","6/27/2025","Shmp200","22730","7/14/2025","Medium","6/27/2025","Line-9","7/18/2025 11:30","7/18/2025 15:00","4900","1400","7/14/2025"
"ORD376","6/27/2025","Crm50","10626","7/12/2025","Medium","6/27/2025","Line-10","7/12/2025 21:30","7/12/2025 23:00","2250","1500","7/12/2025"
"ORD376","6/27/2025","Crm50","10626","7/12/2025","Medium","6/27/2025","Line-10","7/12/2025 21:30","7/12/2025 23:00","2250","1500","7/12/2025"
"ORD376","6/27/2025","Shmp200","22447","7/12/2025","Medium","6/27/2025","Line-1","7/15/2025 12:00","7/15/2025 15:00","3600","1200","7/12/2025"
"ORD376","6/27/2025","Shmp200","22447","7/12/2025","Medium","6/27/2025","Line-1","7/15/2025 12:00","7/15/2025 15:00","3600","1200","7/12/2025"
"ORD376","6/27/2025","Shmp200","22447","7/12/2025","Medium","6/27/2025","Line-6","7/20/2025 4:30","7/20/2025 7:00","2000","800","7/12/2025"
"ORD376","6/27/2025","Shmp200","22447","7/12/2025","Medium","6/27/2025","Line-6","7/20/2025 4:30","7/20/2025 7:00","2000","800","7/12/2025"
"ORD376","6/27/2025","Shmp200","22447","7/12/2025","Medium","6/27/2025","Line-9","7/20/2025 2:30","7/20/2025 7:00","6300","1400","7/12/2025"
"ORD376","6/27/2025","Shmp200","22447","7/12/2025","Medium","6/27/2025","Line-9","7/20/2025 2:30","7/20/2025 7:00","6300","1400","7/12/2025"
"ORD377","6/27/2025","Fcws100","47333","7/12/2025","Low","6/27/2025","Line-7","7/14/2025 10:30","7/14/2025 15:00","6750","1500","7/12/2025"
"ORD377","6/27/2025","Fcws100","47333","7/12/2025","Low","6/27/2025","Line-7","7/14/2025 10:30","7/14/2025 15:00","6750","1500","7/12/2025"
"ORD377","6/27/2025","Shmp100","11458","7/12/2025","High","6/27/2025","Line-2","7/21/2025 0:30","7/21/2025 7:00","9750","1500","7/12/2025"
"ORD377","6/27/2025","Shmp100","11458","7/12/2025","High","6/27/2025","Line-2","7/21/2025 0:30","7/21/2025 7:00","9750","1500","7/12/2025"
"ORD378","6/27/2025","Lot100","19670","7/12/2025","High","6/27/2025","Line-10","7/12/2025 7:00","7/12/2025 13:33","9835","1500","7/12/2025"
"ORD378","6/27/2025","Lot100","19670","7/12/2025","High","6/27/2025","Line-10","7/12/2025 7:00","7/12/2025 13:33","9835","1500","7/12/2025"
"ORD378","6/27/2025","Lot100","19670","7/12/2025","High","6/27/2025","Line-2","7/20/2025 3:00","7/20/2025 7:00","6000","1500","7/12/2025"
"ORD378","6/27/2025","Lot100","19670","7/12/2025","High","6/27/2025","Line-2","7/20/2025 3:00","7/20/2025 7:00","6000","1500","7/12/2025"
"ORD378","6/27/2025","Shmp200","21947","7/12/2025","Medium","6/27/2025","Line-2","7/21/2025 8:30","7/21/2025 15:00","9750","1500","7/12/2025"
"ORD378","6/27/2025","Shmp200","21947","7/12/2025","Medium","6/27/2025","Line-2","7/21/2025 8:30","7/21/2025 15:00","9750","1500","7/12/2025"
"ORD378","6/27/2025","Shmp200","21947","7/12/2025","Medium","6/27/2025","Line-7","7/16/2025 3:00","7/16/2025 7:00","6000","1500","7/12/2025"
"ORD378","6/27/2025","Shmp200","21947","7/12/2025","Medium","6/27/2025","Line-7","7/16/2025 3:00","7/16/2025 7:00","6000","1500","7/12/2025"
"ORD379","6/27/2025","Cond100","5138","7/12/2025","High","6/27/2025","Line-4","7/21/2025 14:00","7/21/2025 15:00","800","800","7/12/2025"
"ORD379","6/27/2025","Cond100","5138","7/12/2025","High","6/27/2025","Line-4","7/21/2025 14:00","7/21/2025 15:00","800","800","7/12/2025"
"ORD379","6/27/2025","Talc100","26313","7/12/2025","Low","6/27/2025","Line-1","7/13/2025 15:00","7/13/2025 22:06","8533","1200","7/12/2025"
"ORD379","6/27/2025","Talc100","26313","7/12/2025","Low","6/27/2025","Line-1","7/13/2025 15:00","7/13/2025 22:06","8533","1200","7/12/2025"
"ORD379","6/27/2025","Talc100","26313","7/12/2025","Low","6/27/2025","Line-2","7/20/2025 10:00","7/20/2025 15:00","7500","1500","7/12/2025"
"ORD379","6/27/2025","Talc100","26313","7/12/2025","Low","6/27/2025","Line-2","7/20/2025 10:00","7/20/2025 15:00","7500","1500","7/12/2025"
"ORD379","6/27/2025","Talc100","26313","7/12/2025","Low","6/27/2025","Line-5","7/22/2025 1:00","7/22/2025 7:00","6000","1000","7/12/2025"
"ORD379","6/27/2025","Talc100","26313","7/12/2025","Low","6/27/2025","Line-5","7/22/2025 1:00","7/22/2025 7:00","6000","1000","7/12/2025"
"ORD380","6/27/2025","Bdwa200","19854","7/12/2025","Low","6/27/2025","Line-8","7/15/2025 18:30","7/15/2025 23:00","5400","1200","7/12/2025"
"ORD380","6/27/2025","Bdwa200","19854","7/12/2025","Low","6/27/2025","Line-8","7/15/2025 18:30","7/15/2025 23:00","5400","1200","7/12/2025"
"ORD380","6/27/2025","Bdwa200","19854","7/12/2025","Low","6/27/2025","Line-9","7/18/2025 20:00","7/18/2025 23:00","4200","1400","7/12/2025"
"ORD380","6/27/2025","Bdwa200","19854","7/12/2025","Low","6/27/2025","Line-9","7/18/2025 20:00","7/18/2025 23:00","4200","1400","7/12/2025"
"ORD380","6/27/2025","Hdwa250","7360","7/12/2025","Low","6/27/2025","Line-5","7/24/2025 6:30","7/24/2025 7:00","500","1000","7/12/2025"
"ORD380","6/27/2025","Hdwa250","7360","7/12/2025","Low","6/27/2025","Line-5","7/24/2025 6:30","7/24/2025 7:00","500","1000","7/12/2025"
"ORD381","6/27/2025","Fcws100","103641","7/14/2025","High","6/27/2025","Line-2","7/22/2025 20:30","7/22/2025 23:00","3750","1500","7/14/2025"
"ORD381","6/27/2025","Fcws100","103641","7/14/2025","High","6/27/2025","Line-2","7/22/2025 20:30","7/22/2025 23:00","3750","1500","7/14/2025"
"ORD381","6/27/2025","Fcws100","103641","7/14/2025","High","6/27/2025","Line-3","7/15/2025 1:00","7/15/2025 7:00","6000","1000","7/14/2025"
"ORD381","6/27/2025","Fcws100","103641","7/14/2025","High","6/27/2025","Line-3","7/15/2025 1:00","7/15/2025 7:00","6000","1000","7/14/2025"
"ORD381","6/27/2025","Fcws100","103641","7/14/2025","High","6/27/2025","Line-7","7/16/2025 11:00","7/16/2025 15:00","6000","1500","7/14/2025"
"ORD381","6/27/2025","Fcws100","103641","7/14/2025","High","6/27/2025","Line-7","7/16/2025 11:00","7/16/2025 15:00","6000","1500","7/14/2025"
"ORD381","6/27/2025","Shmp200","24834","7/14/2025","Low","6/27/2025","Line-10","7/13/2025 5:00","7/13/2025 7:00","3000","1500","7/14/2025"
"ORD381","6/27/2025","Shmp200","24834","7/14/2025","Low","6/27/2025","Line-10","7/13/2025 5:00","7/13/2025 7:00","3000","1500","7/14/2025"
"ORD381","6/27/2025","Shmp200","24834","7/14/2025","Low","6/27/2025","Line-3","7/13/2025 18:00","7/13/2025 23:00","5000","1000","7/14/2025"
"ORD381","6/27/2025","Shmp200","24834","7/14/2025","Low","6/27/2025","Line-3","7/13/2025 18:00","7/13/2025 23:00","5000","1000","7/14/2025"
"ORD381","6/27/2025","Shmp200","24834","7/14/2025","Low","6/27/2025","Line-4","7/19/2025 7:00","7/19/2025 14:31","6020","800","7/14/2025"
"ORD381","6/27/2025","Shmp200","24834","7/14/2025","Low","6/27/2025","Line-4","7/19/2025 7:00","7/19/2025 14:31","6020","800","7/14/2025"
"ORD382","6/27/2025","Cond100","21428","7/12/2025","Low","6/27/2025","Line-11","7/12/2025 0:00","7/12/2025 7:00","8400","1200","7/12/2025"
"ORD382","6/27/2025","Cond100","21428","7/12/2025","Low","6/27/2025","Line-11","7/12/2025 0:00","7/12/2025 7:00","8400","1200","7/12/2025"
"ORD382","6/27/2025","Cond100","21428","7/12/2025","Low","6/27/2025","Line-5","7/23/2025 16:00","7/23/2025 23:00","7000","1000","7/12/2025"
"ORD382","6/27/2025","Cond100","21428","7/12/2025","Low","6/27/2025","Line-5","7/23/2025 16:00","7/23/2025 23:00","7000","1000","7/12/2025"
"ORD382","6/27/2025","Cond100","21428","7/12/2025","Low","6/27/2025","Line-6","7/20/2025 11:30","7/20/2025 15:00","2800","800","7/12/2025"
"ORD382","6/27/2025","Cond100","21428","7/12/2025","Low","6/27/2025","Line-6","7/20/2025 11:30","7/20/2025 15:00","2800","800","7/12/2025"
"ORD382","6/27/2025","Fcws100","20583","7/12/2025","Low","6/27/2025","Line-10","7/12/2025 14:00","7/12/2025 15:00","1500","1500","7/12/2025"
"ORD382","6/27/2025","Fcws100","20583","7/12/2025","Low","6/27/2025","Line-10","7/12/2025 14:00","7/12/2025 15:00","1500","1500","7/12/2025"
"ORD382","6/27/2025","Fcws100","20583","7/12/2025","Low","6/27/2025","Line-7","7/13/2025 12:00","7/13/2025 15:00","4500","1500","7/12/2025"
"ORD382","6/27/2025","Fcws100","20583","7/12/2025","Low","6/27/2025","Line-7","7/13/2025 12:00","7/13/2025 15:00","4500","1500","7/12/2025"
"ORD383","6/27/2025","Cond100","11688","7/12/2025","High","6/27/2025","Line-12","7/18/2025 2:30","7/18/2025 7:00","4500","1000","7/12/2025"
"ORD383","6/27/2025","Cond100","11688","7/12/2025","High","6/27/2025","Line-12","7/18/2025 2:30","7/18/2025 7:00","4500","1000","7/12/2025"
"ORD383","6/27/2025","Cond100","11688","7/12/2025","High","6/27/2025","Line-6","7/20/2025 19:00","7/20/2025 23:00","3200","800","7/12/2025"
"ORD383","6/27/2025","Cond100","11688","7/12/2025","High","6/27/2025","Line-6","7/20/2025 19:00","7/20/2025 23:00","3200","800","7/12/2025"
"ORD383","6/27/2025","Lot250","17416","7/12/2025","Medium","6/27/2025","Line-4","7/19/2025 15:00","7/19/2025 22:34","6058","800","7/12/2025"
"ORD383","6/27/2025","Lot250","17416","7/12/2025","Medium","6/27/2025","Line-4","7/19/2025 15:00","7/19/2025 22:34","6058","800","7/12/2025"
"ORD383","6/27/2025","Lot250","17416","7/12/2025","Medium","6/27/2025","Line-7","7/14/2025 2:30","7/14/2025 7:00","6750","1500","7/12/2025"
"ORD383","6/27/2025","Lot250","17416","7/12/2025","Medium","6/27/2025","Line-7","7/14/2025 2:30","7/14/2025 7:00","6750","1500","7/12/2025"
"ORD384","6/27/2025","Cond100","22687","7/12/2025","High","6/27/2025","Line-12","7/18/2025 9:30","7/18/2025 15:00","5500","1000","7/12/2025"
"ORD384","6/27/2025","Cond100","22687","7/12/2025","High","6/27/2025","Line-12","7/18/2025 9:30","7/18/2025 15:00","5500","1000","7/12/2025"
"ORD384","6/27/2025","Cond100","22687","7/12/2025","High","6/27/2025","Line-5","7/23/2025 23:30","7/24/2025 6:10","6672","1000","7/12/2025"
"ORD384","6/27/2025","Cond100","22687","7/12/2025","High","6/27/2025","Line-5","7/23/2025 23:30","7/24/2025 6:10","6672","1000","7/12/2025"
"ORD384","6/27/2025","Cond100","22687","7/12/2025","High","6/27/2025","Line-9","7/20/2025 9:30","7/20/2025 15:00","7700","1400","7/12/2025"
"ORD384","6/27/2025","Cond100","22687","7/12/2025","High","6/27/2025","Line-9","7/20/2025 9:30","7/20/2025 15:00","7700","1400","7/12/2025"
"ORD384","6/27/2025","Shmp100","24551","7/12/2025","Medium","6/27/2025","Line-4","7/19/2025 23:00","7/20/2025 7:00","6400","800","7/12/2025"
"ORD384","6/27/2025","Shmp100","24551","7/12/2025","Medium","6/27/2025","Line-4","7/19/2025 23:00","7/20/2025 7:00","6400","800","7/12/2025"
"ORD385","6/27/2025","Fcws100","11577","7/12/2025","Low","6/27/2025","Line-10","7/13/2025 21:00","7/13/2025 23:00","3000","1500","7/12/2025"
"ORD385","6/27/2025","Fcws100","11577","7/12/2025","Low","6/27/2025","Line-10","7/13/2025 21:00","7/13/2025 23:00","3000","1500","7/12/2025"
"ORD385","6/27/2025","Lot100","14561","7/12/2025","Medium","6/27/2025","Line-11","7/11/2025 8:00","7/11/2025 15:00","8400","1200","7/12/2025"
"ORD385","6/27/2025","Lot100","14561","7/12/2025","Medium","6/27/2025","Line-11","7/11/2025 8:00","7/11/2025 15:00","8400","1200","7/12/2025"
"ORD385","6/27/2025","Lot100","14561","7/12/2025","Medium","6/27/2025","Line-4","7/18/2025 23:00","7/19/2025 6:16","5825","800","7/12/2025"
"ORD385","6/27/2025","Lot100","14561","7/12/2025","Medium","6/27/2025","Line-4","7/18/2025 23:00","7/19/2025 6:16","5825","800","7/12/2025"
"ORD386","6/27/2025","Lot250","22259","7/13/2025","High","6/27/2025","Line-1","7/17/2025 9:00","7/17/2025 15:00","7200","1200","7/13/2025"
"ORD386","6/27/2025","Lot250","22259","7/13/2025","High","6/27/2025","Line-1","7/17/2025 9:00","7/17/2025 15:00","7200","1200","7/13/2025"
"ORD386","6/27/2025","Lot250","22259","7/13/2025","High","6/27/2025","Line-11","7/13/2025 20:30","7/13/2025 23:00","3000","1200","7/13/2025"
"ORD386","6/27/2025","Lot250","22259","7/13/2025","High","6/27/2025","Line-11","7/13/2025 20:30","7/13/2025 23:00","3000","1200","7/13/2025"
"ORD386","6/27/2025","Lot250","22259","7/13/2025","High","6/27/2025","Line-6","7/21/2025 2:00","7/21/2025 7:00","4000","800","7/13/2025"
"ORD386","6/27/2025","Lot250","22259","7/13/2025","High","6/27/2025","Line-6","7/21/2025 2:00","7/21/2025 7:00","4000","800","7/13/2025"
"ORD386","6/27/2025","Talc100","14495","7/13/2025","Low","6/27/2025","Line-12","7/16/2025 18:30","7/16/2025 23:00","4500","1000","7/13/2025"
"ORD386","6/27/2025","Talc100","14495","7/13/2025","Low","6/27/2025","Line-12","7/16/2025 18:30","7/16/2025 23:00","4500","1000","7/13/2025"
"ORD386","6/27/2025","Talc100","14495","7/13/2025","Low","6/27/2025","Line-3","7/14/2025 2:00","7/14/2025 7:00","5000","1000","7/13/2025"
"ORD386","6/27/2025","Talc100","14495","7/13/2025","Low","6/27/2025","Line-3","7/14/2025 2:00","7/14/2025 7:00","5000","1000","7/13/2025"
"ORD387","6/27/2025","Gel150","7097","7/13/2025","High","6/27/2025","Line-3","7/16/2025 3:30","7/16/2025 7:00","3500","1000","7/13/2025"
"ORD387","6/27/2025","Gel150","7097","7/13/2025","High","6/27/2025","Line-3","7/16/2025 3:30","7/16/2025 7:00","3500","1000","7/13/2025"
"ORD387","6/27/2025","Talc100","17569","7/13/2025","Medium","6/27/2025","Line-12","7/16/2025 3:30","7/16/2025 7:00","3500","1000","7/13/2025"
"ORD387","6/27/2025","Talc100","17569","7/13/2025","Medium","6/27/2025","Line-12","7/16/2025 3:30","7/16/2025 7:00","3500","1000","7/13/2025"
"ORD387","6/27/2025","Talc100","17569","7/13/2025","Medium","6/27/2025","Line-9","7/19/2025 4:00","7/19/2025 7:00","4200","1400","7/13/2025"
"ORD387","6/27/2025","Talc100","17569","7/13/2025","Medium","6/27/2025","Line-9","7/19/2025 4:00","7/19/2025 7:00","4200","1400","7/13/2025"
"ORD388","6/27/2025","Crm50","24428","7/15/2025","High","6/27/2025","Line-11","7/11/2025 16:00","7/11/2025 23:00","8400","1200","7/15/2025"
"ORD388","6/27/2025","Crm50","24428","7/15/2025","High","6/27/2025","Line-11","7/11/2025 16:00","7/11/2025 23:00","8400","1200","7/15/2025"
"ORD388","6/27/2025","Crm50","24428","7/15/2025","High","6/27/2025","Line-12","7/17/2025 2:00","7/17/2025 7:00","5000","1000","7/15/2025"
"ORD388","6/27/2025","Crm50","24428","7/15/2025","High","6/27/2025","Line-12","7/17/2025 2:00","7/17/2025 7:00","5000","1000","7/15/2025"
"ORD388","6/27/2025","Crm50","24428","7/15/2025","High","6/27/2025","Line-3","7/14/2025 9:30","7/14/2025 15:00","5500","1000","7/15/2025"
"ORD388","6/27/2025","Crm50","24428","7/15/2025","High","6/27/2025","Line-3","7/14/2025 9:30","7/14/2025 15:00","5500","1000","7/15/2025"
"ORD388","6/27/2025","Fcws100","72631","7/15/2025","High","6/27/2025","Line-3","7/16/2025 11:00","7/16/2025 15:00","4000","1000","7/15/2025"
"ORD388","6/27/2025","Fcws100","72631","7/15/2025","High","6/27/2025","Line-3","7/16/2025 11:00","7/16/2025 15:00","4000","1000","7/15/2025"
"ORD388","6/27/2025","Fcws100","72631","7/15/2025","High","6/27/2025","Line-9","7/21/2025 20:30","7/21/2025 23:00","3500","1400","7/15/2025"
"ORD388","6/27/2025","Fcws100","72631","7/15/2025","High","6/27/2025","Line-9","7/21/2025 20:30","7/21/2025 23:00","3500","1400","7/15/2025"
"ORD389","6/27/2025","Hdwa250","24508","7/13/2025","Medium","6/27/2025","Line-1","7/13/2025 22:30","7/13/2025 23:00","600","1200","7/13/2025"
"ORD389","6/27/2025","Hdwa250","24508","7/13/2025","Medium","6/27/2025","Line-1","7/13/2025 22:30","7/13/2025 23:00","600","1200","7/13/2025"
"ORD389","6/27/2025","Hdwa250","24508","7/13/2025","Medium","6/27/2025","Line-3","7/13/2025 10:00","7/13/2025 15:00","5000","1000","7/13/2025"
"ORD389","6/27/2025","Hdwa250","24508","7/13/2025","Medium","6/27/2025","Line-3","7/13/2025 10:00","7/13/2025 15:00","5000","1000","7/13/2025"
"ORD389","6/27/2025","Hdwa250","24508","7/13/2025","Medium","6/27/2025","Line-5","7/22/2025 8:30","7/22/2025 15:00","6500","1000","7/13/2025"
"ORD389","6/27/2025","Hdwa250","24508","7/13/2025","Medium","6/27/2025","Line-5","7/22/2025 8:30","7/22/2025 15:00","6500","1000","7/13/2025"
"ORD389","6/27/2025","Lot100","20301","7/13/2025","Medium","6/27/2025","Line-10","7/14/2025 12:30","7/14/2025 15:00","3750","1500","7/13/2025"
"ORD389","6/27/2025","Lot100","20301","7/13/2025","Medium","6/27/2025","Line-10","7/14/2025 12:30","7/14/2025 15:00","3750","1500","7/13/2025"
"ORD389","6/27/2025","Lot100","20301","7/13/2025","Medium","6/27/2025","Line-8","7/17/2025 8:30","7/17/2025 15:00","7800","1200","7/13/2025"
"ORD389","6/27/2025","Lot100","20301","7/13/2025","Medium","6/27/2025","Line-8","7/17/2025 8:30","7/17/2025 15:00","7800","1200","7/13/2025"
"ORD390","6/28/2025","Bdwa200","24239","7/13/2025","Low","6/28/2025","Line-10","7/16/2025 2:30","7/16/2025 7:00","6750","1500","7/13/2025"
"ORD390","6/28/2025","Bdwa200","24239","7/13/2025","Low","6/28/2025","Line-10","7/16/2025 2:30","7/16/2025 7:00","6750","1500","7/13/2025"
"ORD390","6/28/2025","Bdwa200","24239","7/13/2025","Low","6/28/2025","Line-4","7/23/2025 4:30","7/23/2025 7:00","2000","800","7/13/2025"
"ORD390","6/28/2025","Bdwa200","24239","7/13/2025","Low","6/28/2025","Line-4","7/23/2025 4:30","7/23/2025 7:00","2000","800","7/13/2025"
"ORD390","6/28/2025","Bdwa200","24239","7/13/2025","Low","6/28/2025","Line-9","7/25/2025 2:00","7/25/2025 7:00","7000","1400","7/13/2025"
"ORD390","6/28/2025","Bdwa200","24239","7/13/2025","Low","6/28/2025","Line-9","7/25/2025 2:00","7/25/2025 7:00","7000","1400","7/13/2025"
"ORD390","6/28/2025","Hdwa250","25456","7/13/2025","Medium","6/28/2025","Line-12","7/18/2025 16:30","7/18/2025 23:00","6500","1000","7/13/2025"
"ORD390","6/28/2025","Hdwa250","25456","7/13/2025","Medium","6/28/2025","Line-12","7/18/2025 16:30","7/18/2025 23:00","6500","1000","7/13/2025"
"ORD390","6/28/2025","Hdwa250","25456","7/13/2025","Medium","6/28/2025","Line-5","7/25/2025 18:30","7/25/2025 23:00","4500","1000","7/13/2025"
"ORD390","6/28/2025","Hdwa250","25456","7/13/2025","Medium","6/28/2025","Line-5","7/25/2025 18:30","7/25/2025 23:00","4500","1000","7/13/2025"
"ORD390","6/28/2025","Hdwa250","25456","7/13/2025","Medium","6/28/2025","Line-9","7/23/2025 3:30","7/23/2025 7:00","4900","1400","7/13/2025"
"ORD390","6/28/2025","Hdwa250","25456","7/13/2025","Medium","6/28/2025","Line-9","7/23/2025 3:30","7/23/2025 7:00","4900","1400","7/13/2025"
"ORD391","6/28/2025","Shmp100","24467","7/13/2025","High","6/28/2025","Line-1","7/18/2025 15:00","7/18/2025 21:59","8388","1200","7/13/2025"
"ORD391","6/28/2025","Shmp100","24467","7/13/2025","High","6/28/2025","Line-1","7/18/2025 15:00","7/18/2025 21:59","8388","1200","7/13/2025"
"ORD391","6/28/2025","Shmp100","24467","7/13/2025","High","6/28/2025","Line-4","7/23/2025 19:30","7/23/2025 23:00","2800","800","7/13/2025"
"ORD391","6/28/2025","Shmp100","24467","7/13/2025","High","6/28/2025","Line-4","7/23/2025 19:30","7/23/2025 23:00","2800","800","7/13/2025"
"ORD391","6/28/2025","Shmp100","24467","7/13/2025","High","6/28/2025","Line-7","7/18/2025 20:30","7/18/2025 23:00","3750","1500","7/13/2025"
"ORD391","6/28/2025","Shmp100","24467","7/13/2025","High","6/28/2025","Line-7","7/18/2025 20:30","7/18/2025 23:00","3750","1500","7/13/2025"
"ORD391","6/28/2025","Shmp200","13802","7/13/2025","Medium","6/28/2025","Line-4","7/22/2025 21:00","7/22/2025 23:00","1600","800","7/13/2025"
"ORD391","6/28/2025","Shmp200","13802","7/13/2025","Medium","6/28/2025","Line-4","7/22/2025 21:00","7/22/2025 23:00","1600","800","7/13/2025"
"ORD391","6/28/2025","Shmp200","13802","7/13/2025","Medium","6/28/2025","Line-8","7/18/2025 16:00","7/18/2025 22:54","8282","1200","7/13/2025"
"ORD391","6/28/2025","Shmp200","13802","7/13/2025","Medium","6/28/2025","Line-8","7/18/2025 16:00","7/18/2025 22:54","8282","1200","7/13/2025"
"ORD392","6/28/2025","Bdwa200","7201","7/13/2025","High","6/28/2025","Line-3","7/19/2025 3:00","7/19/2025 7:00","4000","1000","7/13/2025"
"ORD392","6/28/2025","Bdwa200","7201","7/13/2025","High","6/28/2025","Line-3","7/19/2025 3:00","7/19/2025 7:00","4000","1000","7/13/2025"
"ORD392","6/28/2025","Lot100","27516","7/13/2025","Medium","6/28/2025","Line-10","7/14/2025 20:30","7/14/2025 23:00","3750","1500","7/13/2025"
"ORD392","6/28/2025","Lot100","27516","7/13/2025","Medium","6/28/2025","Line-10","7/14/2025 20:30","7/14/2025 23:00","3750","1500","7/13/2025"
"ORD392","6/28/2025","Lot100","27516","7/13/2025","Medium","6/28/2025","Line-7","7/17/2025 13:30","7/17/2025 15:00","2250","1500","7/13/2025"
"ORD392","6/28/2025","Lot100","27516","7/13/2025","Medium","6/28/2025","Line-7","7/17/2025 13:30","7/17/2025 15:00","2250","1500","7/13/2025"
"ORD392","6/28/2025","Lot100","27516","7/13/2025","Medium","6/28/2025","Line-8","7/17/2025 16:30","7/17/2025 23:00","7800","1200","7/13/2025"
"ORD392","6/28/2025","Lot100","27516","7/13/2025","Medium","6/28/2025","Line-8","7/17/2025 16:30","7/17/2025 23:00","7800","1200","7/13/2025"
"ORD393","6/28/2025","Fcws100","23085","7/13/2025","Medium","6/28/2025","Line-2","7/23/2025 23:00","7/24/2025 6:00","10501","1500","7/13/2025"
"ORD393","6/28/2025","Fcws100","23085","7/13/2025","Medium","6/28/2025","Line-5","7/26/2025 2:30","7/26/2025 7:00","4500","1000","7/13/2025"
"ORD393","6/28/2025","Fcws100","23085","7/13/2025","Medium","6/28/2025","Line-6","7/23/2025 6:30","7/23/2025 7:00","400","800","7/13/2025"
"ORD394","6/28/2025","Bdwa200","6539","7/13/2025","Low","6/28/2025","Line-5","7/26/2025 10:00","7/26/2025 15:00","5000","1000","7/13/2025"
"ORD394","6/28/2025","Bdwa200","6539","7/13/2025","Low","6/28/2025","Line-5","7/26/2025 10:00","7/26/2025 15:00","5000","1000","7/13/2025"
"ORD394","6/28/2025","Cond100","29368","7/13/2025","High","6/28/2025","Line-11","7/14/2025 19:00","7/14/2025 23:00","4800","1200","7/13/2025"
"ORD394","6/28/2025","Cond100","29368","7/13/2025","High","6/28/2025","Line-11","7/14/2025 19:00","7/14/2025 23:00","4800","1200","7/13/2025"
"ORD394","6/28/2025","Cond100","29368","7/13/2025","High","6/28/2025","Line-2","7/24/2025 15:00","7/24/2025 22:56","11907","1500","7/13/2025"
"ORD394","6/28/2025","Cond100","29368","7/13/2025","High","6/28/2025","Line-2","7/24/2025 15:00","7/24/2025 22:56","11907","1500","7/13/2025"
"ORD394","6/28/2025","Cond100","29368","7/13/2025","High","6/28/2025","Line-5","7/28/2025 7:00","7/28/2025 14:56","7937","1000","7/13/2025"
"ORD394","6/28/2025","Cond100","29368","7/13/2025","High","6/28/2025","Line-5","7/28/2025 7:00","7/28/2025 14:56","7937","1000","7/13/2025"
"ORD395","6/28/2025","Hdwa250","30727","7/13/2025","Low","6/28/2025","Line-8","7/19/2025 7:00","7/19/2025 15:00","9600","1200","7/13/2025"
"ORD395","6/28/2025","Hdwa250","30727","7/13/2025","Low","6/28/2025","Line-8","7/19/2025 7:00","7/19/2025 15:00","9600","1200","7/13/2025"
"ORD395","6/28/2025","Lot100","16692","7/13/2025","Medium","6/28/2025","Line-10","7/16/2025 16:30","7/16/2025 23:00","9750","1500","7/13/2025"
"ORD395","6/28/2025","Lot100","16692","7/13/2025","Medium","6/28/2025","Line-10","7/16/2025 16:30","7/16/2025 23:00","9750","1500","7/13/2025"
"ORD395","6/28/2025","Lot100","16692","7/13/2025","Medium","6/28/2025","Line-5","7/28/2025 23:30","7/29/2025 6:10","6677","1000","7/13/2025"
"ORD395","6/28/2025","Lot100","16692","7/13/2025","Medium","6/28/2025","Line-5","7/28/2025 23:30","7/29/2025 6:10","6677","1000","7/13/2025"
"ORD396","6/28/2025","Lot100","40533","7/13/2025","Low","6/28/2025","Line-1","7/18/2025 0:30","7/18/2025 7:00","7800","1200","7/13/2025"
"ORD396","6/28/2025","Lot100","40533","7/13/2025","Low","6/28/2025","Line-11","7/15/2025 3:30","7/15/2025 7:00","4200","1200","7/13/2025"
"ORD396","6/28/2025","Lot100","40533","7/13/2025","Low","6/28/2025","Line-12","7/19/2025 0:30","7/19/2025 7:00","6500","1000","7/13/2025"
"ORD396","6/28/2025","Lot100","40533","7/13/2025","Low","6/28/2025","Line-4","7/21/2025 21:00","7/21/2025 23:00","1600","800","7/13/2025"
"ORD396","6/28/2025","Lot100","40533","7/13/2025","Low","6/28/2025","Line-8","7/17/2025 23:30","7/18/2025 7:00","9000","1200","7/13/2025"
"ORD397","6/28/2025","Bdwa200","21255","7/13/2025","High","6/28/2025","Line-10","7/16/2025 23:30","7/17/2025 7:00","11250","1500","7/13/2025"
"ORD397","6/28/2025","Bdwa200","21255","7/13/2025","High","6/28/2025","Line-9","7/24/2025 11:30","7/24/2025 15:00","4900","1400","7/13/2025"
"ORD398","6/28/2025","Cond100","5184","7/13/2025","Low","6/28/2025","Line-6","7/22/2025 23:30","7/23/2025 5:58","5184","800","7/13/2025"
"ORD398","6/28/2025","Cond100","5184","7/13/2025","Low","6/28/2025","Line-6","7/22/2025 23:30","7/23/2025 5:58","5184","800","7/13/2025"
"ORD398","6/28/2025","Shmp200","15893","7/13/2025","Medium","6/28/2025","Line-4","7/22/2025 5:30","7/22/2025 7:00","1200","800","7/13/2025"
"ORD398","6/28/2025","Shmp200","15893","7/13/2025","Medium","6/28/2025","Line-4","7/22/2025 5:30","7/22/2025 7:00","1200","800","7/13/2025"
"ORD398","6/28/2025","Shmp200","15893","7/13/2025","Medium","6/28/2025","Line-7","7/17/2025 20:30","7/17/2025 23:00","3750","1500","7/13/2025"
"ORD398","6/28/2025","Shmp200","15893","7/13/2025","Medium","6/28/2025","Line-7","7/17/2025 20:30","7/17/2025 23:00","3750","1500","7/13/2025"
"ORD399","6/28/2025","Lot100","9227","7/13/2025","High","6/28/2025","Line-9","7/24/2025 19:00","7/24/2025 23:00","5600","1400","7/13/2025"
"ORD399","6/28/2025","Lot100","9227","7/13/2025","High","6/28/2025","Line-9","7/24/2025 19:00","7/24/2025 23:00","5600","1400","7/13/2025"
"ORD399","6/28/2025","Talc100","11554","7/13/2025","High","6/28/2025","Line-7","7/18/2025 12:30","7/18/2025 15:00","3750","1500","7/13/2025"
"ORD399","6/28/2025","Talc100","11554","7/13/2025","High","6/28/2025","Line-7","7/18/2025 12:30","7/18/2025 15:00","3750","1500","7/13/2025"
"ORD400","6/28/2025","Bdwa200","23962","7/13/2025","Low","6/28/2025","Line-2","7/24/2025 23:30","7/25/2025 6:45","10891","1500","7/13/2025"
"ORD400","6/28/2025","Bdwa200","23962","7/13/2025","Low","6/28/2025","Line-2","7/24/2025 23:30","7/25/2025 6:45","10891","1500","7/13/2025"
"ORD400","6/28/2025","Bdwa200","23962","7/13/2025","Low","6/28/2025","Line-3","7/19/2025 10:30","7/19/2025 15:00","4500","1000","7/13/2025"
"ORD400","6/28/2025","Bdwa200","23962","7/13/2025","Low","6/28/2025","Line-3","7/19/2025 10:30","7/19/2025 15:00","4500","1000","7/13/2025"
"ORD400","6/28/2025","Bdwa200","23962","7/13/2025","Low","6/28/2025","Line-4","7/23/2025 11:30","7/23/2025 15:00","2800","800","7/13/2025"
"ORD400","6/28/2025","Bdwa200","23962","7/13/2025","Low","6/28/2025","Line-4","7/23/2025 11:30","7/23/2025 15:00","2800","800","7/13/2025"
"ORD400","6/28/2025","Hdwa250","26042","7/13/2025","Low","6/28/2025","Line-10","7/15/2025 3:30","7/15/2025 7:00","5250","1500","7/13/2025"
"ORD400","6/28/2025","Hdwa250","26042","7/13/2025","Low","6/28/2025","Line-10","7/15/2025 3:30","7/15/2025 7:00","5250","1500","7/13/2025"
"ORD400","6/28/2025","Hdwa250","26042","7/13/2025","Low","6/28/2025","Line-4","7/22/2025 13:00","7/22/2025 15:00","1600","800","7/13/2025"
"ORD400","6/28/2025","Hdwa250","26042","7/13/2025","Low","6/28/2025","Line-4","7/22/2025 13:00","7/22/2025 15:00","1600","800","7/13/2025"
"ORD400","6/28/2025","Hdwa250","26042","7/13/2025","Low","6/28/2025","Line-8","7/18/2025 8:00","7/18/2025 15:00","8400","1200","7/13/2025"
"ORD400","6/28/2025","Hdwa250","26042","7/13/2025","Low","6/28/2025","Line-8","7/18/2025 8:00","7/18/2025 15:00","8400","1200","7/13/2025"
"ORD401","6/28/2025","Gel150","21022","7/13/2025","Low","6/28/2025","Line-1","7/18/2025 22:30","7/18/2025 23:00","600","1200","7/13/2025"
"ORD401","6/28/2025","Gel150","21022","7/13/2025","Low","6/28/2025","Line-1","7/18/2025 22:30","7/18/2025 23:00","600","1200","7/13/2025"
"ORD401","6/28/2025","Gel150","21022","7/13/2025","Low","6/28/2025","Line-10","7/17/2025 7:30","7/17/2025 15:00","11250","1500","7/13/2025"
"ORD401","6/28/2025","Gel150","21022","7/13/2025","Low","6/28/2025","Line-10","7/17/2025 7:30","7/17/2025 15:00","11250","1500","7/13/2025"
"ORD401","6/28/2025","Lot100","19523","7/13/2025","Medium","6/28/2025","Line-2","7/24/2025 6:30","7/24/2025 7:00","750","1500","7/13/2025"
"ORD401","6/28/2025","Lot100","19523","7/13/2025","Medium","6/28/2025","Line-2","7/24/2025 6:30","7/24/2025 7:00","750","1500","7/13/2025"
"ORD401","6/28/2025","Lot100","19523","7/13/2025","Medium","6/28/2025","Line-3","7/18/2025 10:00","7/18/2025 15:00","5000","1000","7/13/2025"
"ORD401","6/28/2025","Lot100","19523","7/13/2025","Medium","6/28/2025","Line-3","7/18/2025 10:00","7/18/2025 15:00","5000","1000","7/13/2025"
"ORD402","6/28/2025","Bdwa200","17513","7/13/2025","Low","6/28/2025","Line-1","7/18/2025 8:00","7/18/2025 14:29","7783","1200","7/13/2025"
"ORD402","6/28/2025","Bdwa200","17513","7/13/2025","Low","6/28/2025","Line-1","7/18/2025 8:00","7/18/2025 14:29","7783","1200","7/13/2025"
"ORD402","6/28/2025","Bdwa200","17513","7/13/2025","Low","6/28/2025","Line-10","7/16/2025 9:30","7/16/2025 15:00","8250","1500","7/13/2025"
"ORD402","6/28/2025","Bdwa200","17513","7/13/2025","Low","6/28/2025","Line-10","7/16/2025 9:30","7/16/2025 15:00","8250","1500","7/13/2025"
"ORD402","6/28/2025","Crm50","17517","7/13/2025","High","6/28/2025","Line-6","7/21/2025 9:30","7/21/2025 15:00","4400","800","7/13/2025"
"ORD402","6/28/2025","Crm50","17517","7/13/2025","High","6/28/2025","Line-6","7/21/2025 9:30","7/21/2025 15:00","4400","800","7/13/2025"
"ORD402","6/28/2025","Crm50","17517","7/13/2025","High","6/28/2025","Line-9","7/23/2025 11:30","7/23/2025 15:00","4900","1400","7/13/2025"
"ORD402","6/28/2025","Crm50","17517","7/13/2025","High","6/28/2025","Line-9","7/23/2025 11:30","7/23/2025 15:00","4900","1400","7/13/2025"
"ORD403","6/28/2025","Gel150","23646","7/13/2025","Medium","6/28/2025","Line-4","7/24/2025 3:00","7/24/2025 7:00","3200","800","7/13/2025"
"ORD403","6/28/2025","Gel150","23646","7/13/2025","Medium","6/28/2025","Line-4","7/24/2025 3:00","7/24/2025 7:00","3200","800","7/13/2025"
"ORD403","6/28/2025","Gel150","23646","7/13/2025","Medium","6/28/2025","Line-7","7/19/2025 4:00","7/19/2025 7:00","4500","1500","7/13/2025"
"ORD403","6/28/2025","Gel150","23646","7/13/2025","Medium","6/28/2025","Line-7","7/19/2025 4:00","7/19/2025 7:00","4500","1500","7/13/2025"
"ORD403","6/28/2025","Gel150","23646","7/13/2025","Medium","6/28/2025","Line-8","7/20/2025 16:00","7/20/2025 22:45","8107","1200","7/13/2025"
"ORD403","6/28/2025","Gel150","23646","7/13/2025","Medium","6/28/2025","Line-8","7/20/2025 16:00","7/20/2025 22:45","8107","1200","7/13/2025"
"ORD403","6/28/2025","Shmp200","7820","7/13/2025","Low","6/28/2025","Line-3","7/17/2025 18:00","7/17/2025 23:00","5000","1000","7/13/2025"
"ORD403","6/28/2025","Shmp200","7820","7/13/2025","Low","6/28/2025","Line-3","7/17/2025 18:00","7/17/2025 23:00","5000","1000","7/13/2025"
"ORD404","6/28/2025","Hdwa250","17356","7/15/2025","Medium","6/28/2025","Line-3","7/18/2025 2:30","7/18/2025 7:00","4500","1000","7/15/2025"
"ORD404","6/28/2025","Hdwa250","17356","7/15/2025","Medium","6/28/2025","Line-3","7/18/2025 2:30","7/18/2025 7:00","4500","1000","7/15/2025"
"ORD404","6/28/2025","Hdwa250","17356","7/15/2025","Medium","6/28/2025","Line-9","7/23/2025 20:00","7/23/2025 23:00","4200","1400","7/15/2025"
"ORD404","6/28/2025","Hdwa250","17356","7/15/2025","Medium","6/28/2025","Line-9","7/23/2025 20:00","7/23/2025 23:00","4200","1400","7/15/2025"
"ORD404","6/28/2025","Shmp100","129234","7/15/2025","High","6/28/2025","Line-2","7/25/2025 7:30","7/25/2025 15:00","11250","1500","7/15/2025"
"ORD404","6/28/2025","Shmp100","129234","7/15/2025","High","6/28/2025","Line-2","7/25/2025 7:30","7/25/2025 15:00","11250","1500","7/15/2025"
"ORD404","6/28/2025","Shmp100","129234","7/15/2025","High","6/28/2025","Line-7","7/19/2025 11:30","7/19/2025 15:00","5250","1500","7/15/2025"
"ORD404","6/28/2025","Shmp100","129234","7/15/2025","High","6/28/2025","Line-7","7/19/2025 11:30","7/19/2025 15:00","5250","1500","7/15/2025"
"ORD404","6/28/2025","Shmp100","129234","7/15/2025","High","6/28/2025","Line-8","7/20/2025 23:30","7/21/2025 7:00","9000","1200","7/15/2025"
"ORD404","6/28/2025","Shmp100","129234","7/15/2025","High","6/28/2025","Line-8","7/20/2025 23:30","7/21/2025 7:00","9000","1200","7/15/2025"
"ORD405","6/28/2025","Bdwa200","17809","7/13/2025","High","6/28/2025","Line-5","7/28/2025 15:30","7/28/2025 22:55","7420","1000","7/13/2025"
"ORD405","6/28/2025","Bdwa200","17809","7/13/2025","High","6/28/2025","Line-5","7/28/2025 15:30","7/28/2025 22:55","7420","1000","7/13/2025"
"ORD405","6/28/2025","Bdwa200","17809","7/13/2025","High","6/28/2025","Line-9","7/25/2025 9:00","7/25/2025 15:00","8400","1400","7/13/2025"
"ORD405","6/28/2025","Bdwa200","17809","7/13/2025","High","6/28/2025","Line-9","7/25/2025 9:00","7/25/2025 15:00","8400","1400","7/13/2025"
"ORD405","6/28/2025","Lot100","27876","7/13/2025","High","6/28/2025","Line-3","7/18/2025 18:30","7/18/2025 23:00","4500","1000","7/13/2025"
"ORD405","6/28/2025","Lot100","27876","7/13/2025","High","6/28/2025","Line-3","7/18/2025 18:30","7/18/2025 23:00","4500","1000","7/13/2025"
"ORD405","6/28/2025","Lot100","27876","7/13/2025","High","6/28/2025","Line-5","7/26/2025 17:00","7/26/2025 23:00","6000","1000","7/13/2025"
"ORD405","6/28/2025","Lot100","27876","7/13/2025","High","6/28/2025","Line-5","7/26/2025 17:00","7/26/2025 23:00","6000","1000","7/13/2025"
"ORD405","6/28/2025","Lot100","27876","7/13/2025","High","6/28/2025","Line-7","7/18/2025 4:00","7/18/2025 7:00","4500","1500","7/13/2025"
"ORD405","6/28/2025","Lot100","27876","7/13/2025","High","6/28/2025","Line-7","7/18/2025 4:00","7/18/2025 7:00","4500","1500","7/13/2025"
"ORD406","6/28/2025","Crm50","22526","7/13/2025","Medium","6/28/2025","Line-11","7/15/2025 11:00","7/15/2025 15:00","4800","1200","7/13/2025"
"ORD406","6/28/2025","Crm50","22526","7/13/2025","Medium","6/28/2025","Line-11","7/15/2025 11:00","7/15/2025 15:00","4800","1200","7/13/2025"
"ORD406","6/28/2025","Crm50","22526","7/13/2025","Medium","6/28/2025","Line-3","7/19/2025 18:30","7/19/2025 23:00","4500","1000","7/13/2025"
"ORD406","6/28/2025","Crm50","22526","7/13/2025","Medium","6/28/2025","Line-3","7/19/2025 18:30","7/19/2025 23:00","4500","1000","7/13/2025"
"ORD406","6/28/2025","Crm50","22526","7/13/2025","Medium","6/28/2025","Line-4","7/24/2025 10:30","7/24/2025 15:00","3600","800","7/13/2025"
"ORD406","6/28/2025","Crm50","22526","7/13/2025","Medium","6/28/2025","Line-4","7/24/2025 10:30","7/24/2025 15:00","3600","800","7/13/2025"
"ORD406","6/28/2025","Lot100","30885","7/13/2025","High","6/28/2025","Line-1","7/17/2025 16:30","7/17/2025 23:00","7800","1200","7/13/2025"
"ORD406","6/28/2025","Lot100","30885","7/13/2025","High","6/28/2025","Line-1","7/17/2025 16:30","7/17/2025 23:00","7800","1200","7/13/2025"
"ORD406","6/28/2025","Lot100","30885","7/13/2025","High","6/28/2025","Line-10","7/15/2025 11:30","7/15/2025 15:00","5250","1500","7/13/2025"
"ORD406","6/28/2025","Lot100","30885","7/13/2025","High","6/28/2025","Line-10","7/15/2025 11:30","7/15/2025 15:00","5250","1500","7/13/2025"
"ORD406","6/28/2025","Lot100","30885","7/13/2025","High","6/28/2025","Line-9","7/24/2025 3:30","7/24/2025 7:00","4900","1400","7/13/2025"
"ORD406","6/28/2025","Lot100","30885","7/13/2025","High","6/28/2025","Line-9","7/24/2025 3:30","7/24/2025 7:00","4900","1400","7/13/2025"
"ORD407","6/28/2025","Bdwa200","17155","7/13/2025","High","6/28/2025","Line-8","7/20/2025 9:00","7/20/2025 15:00","7200","1200","7/13/2025"
"ORD407","6/28/2025","Bdwa200","17155","7/13/2025","High","6/28/2025","Line-8","7/20/2025 9:00","7/20/2025 15:00","7200","1200","7/13/2025"
"ORD407","6/28/2025","Bdwa200","17155","7/13/2025","High","6/28/2025","Line-9","7/25/2025 17:00","7/25/2025 23:00","8400","1400","7/13/2025"
"ORD407","6/28/2025","Bdwa200","17155","7/13/2025","High","6/28/2025","Line-9","7/25/2025 17:00","7/25/2025 23:00","8400","1400","7/13/2025"
"ORD407","6/28/2025","Shmp100","17805","7/13/2025","Low","6/28/2025","Line-10","7/15/2025 19:30","7/15/2025 23:00","5250","1500","7/13/2025"
"ORD407","6/28/2025","Shmp100","17805","7/13/2025","Low","6/28/2025","Line-10","7/15/2025 19:30","7/15/2025 23:00","5250","1500","7/13/2025"
"ORD407","6/28/2025","Shmp100","17805","7/13/2025","Low","6/28/2025","Line-11","7/14/2025 4:00","7/14/2025 7:00","3600","1200","7/13/2025"
"ORD407","6/28/2025","Shmp100","17805","7/13/2025","Low","6/28/2025","Line-11","7/14/2025 4:00","7/14/2025 7:00","3600","1200","7/13/2025"
"ORD408","6/28/2025","Bdwa200","9181","7/14/2025","Medium","6/28/2025","Line-11","7/14/2025 11:00","7/14/2025 15:00","4800","1200","7/14/2025"
"ORD408","6/28/2025","Bdwa200","9181","7/14/2025","Medium","6/28/2025","Line-11","7/14/2025 11:00","7/14/2025 15:00","4800","1200","7/14/2025"
"ORD408","6/28/2025","Talc100","8619","7/14/2025","Low","6/28/2025","Line-8","7/22/2025 7:00","7/22/2025 14:10","8619","1200","7/14/2025"
"ORD408","6/28/2025","Talc100","8619","7/14/2025","Low","6/28/2025","Line-8","7/22/2025 7:00","7/22/2025 14:10","8619","1200","7/14/2025"
"ORD409","6/28/2025","Cond100","18133","7/14/2025","Medium","6/28/2025","Line-4","7/24/2025 18:30","7/24/2025 23:00","3600","800","7/14/2025"
"ORD409","6/28/2025","Cond100","18133","7/14/2025","Medium","6/28/2025","Line-4","7/24/2025 18:30","7/24/2025 23:00","3600","800","7/14/2025"
"ORD409","6/28/2025","Cond100","18133","7/14/2025","Medium","6/28/2025","Line-7","7/20/2025 19:00","7/20/2025 23:00","6000","1500","7/14/2025"
"ORD409","6/28/2025","Cond100","18133","7/14/2025","Medium","6/28/2025","Line-7","7/20/2025 19:00","7/20/2025 23:00","6000","1500","7/14/2025"
"ORD409","6/28/2025","Lot250","8450","7/14/2025","Low","6/28/2025","Line-8","7/18/2025 23:30","7/19/2025 6:32","8450","1200","7/14/2025"
"ORD409","6/28/2025","Lot250","8450","7/14/2025","Low","6/28/2025","Line-8","7/18/2025 23:30","7/19/2025 6:32","8450","1200","7/14/2025"
"ORD410","6/28/2025","Hdwa250","81446","7/14/2025","High","6/28/2025","Line-12","7/19/2025 9:00","7/19/2025 15:00","6000","1000","7/14/2025"
"ORD410","6/28/2025","Hdwa250","81446","7/14/2025","High","6/28/2025","Line-12","7/19/2025 9:00","7/19/2025 15:00","6000","1000","7/14/2025"
"ORD410","6/28/2025","Hdwa250","81446","7/14/2025","High","6/28/2025","Line-5","7/27/2025 1:30","7/27/2025 7:00","5500","1000","7/14/2025"
"ORD410","6/28/2025","Hdwa250","81446","7/14/2025","High","6/28/2025","Line-5","7/27/2025 1:30","7/27/2025 7:00","5500","1000","7/14/2025"
"ORD410","6/28/2025","Hdwa250","81446","7/14/2025","High","6/28/2025","Line-6","7/21/2025 18:00","7/21/2025 23:00","4000","800","7/14/2025"
"ORD410","6/28/2025","Hdwa250","81446","7/14/2025","High","6/28/2025","Line-6","7/21/2025 18:00","7/21/2025 23:00","4000","800","7/14/2025"
"ORD410","6/28/2025","Lot100","7161","7/14/2025","High","6/28/2025","Line-5","7/29/2025 6:30","7/29/2025 7:00","500","1000","7/14/2025"
"ORD410","6/28/2025","Lot100","7161","7/14/2025","High","6/28/2025","Line-5","7/29/2025 6:30","7/29/2025 7:00","500","1000","7/14/2025"
"ORD411","6/29/2025","Bdwa200","14246","7/14/2025","Low","6/29/2025","Line-11","7/17/2025 1:00","7/17/2025 7:00","7200","1200","7/14/2025"
"ORD411","6/29/2025","Bdwa200","14246","7/14/2025","Low","6/29/2025","Line-11","7/17/2025 1:00","7/17/2025 7:00","7200","1200","7/14/2025"
"ORD411","6/29/2025","Bdwa200","14246","7/14/2025","Low","6/29/2025","Line-12","7/23/2025 8:00","7/23/2025 14:28","6475","1000","7/14/2025"
"ORD411","6/29/2025","Bdwa200","14246","7/14/2025","Low","6/29/2025","Line-12","7/23/2025 8:00","7/23/2025 14:28","6475","1000","7/14/2025"
"ORD411","6/29/2025","Gel150","17999","7/14/2025","High","6/29/2025","Line-10","7/17/2025 16:00","7/17/2025 23:00","10500","1500","7/14/2025"
"ORD411","6/29/2025","Gel150","17999","7/14/2025","High","6/29/2025","Line-10","7/17/2025 16:00","7/17/2025 23:00","10500","1500","7/14/2025"
"ORD411","6/29/2025","Gel150","17999","7/14/2025","High","6/29/2025","Line-12","7/20/2025 14:30","7/20/2025 15:00","500","1000","7/14/2025"
"ORD411","6/29/2025","Gel150","17999","7/14/2025","High","6/29/2025","Line-12","7/20/2025 14:30","7/20/2025 15:00","500","1000","7/14/2025"
"ORD412","6/29/2025","Lot100","23872","7/14/2025","High","6/29/2025","Line-1","7/20/2025 5:30","7/20/2025 7:00","1800","1200","7/14/2025"
"ORD412","6/29/2025","Lot100","23872","7/14/2025","High","6/29/2025","Line-1","7/20/2025 5:30","7/20/2025 7:00","1800","1200","7/14/2025"
"ORD412","6/29/2025","Lot100","23872","7/14/2025","High","6/29/2025","Line-3","7/21/2025 1:00","7/21/2025 7:00","6000","1000","7/14/2025"
"ORD412","6/29/2025","Lot100","23872","7/14/2025","High","6/29/2025","Line-3","7/21/2025 1:00","7/21/2025 7:00","6000","1000","7/14/2025"
"ORD412","6/29/2025","Lot100","23872","7/14/2025","High","6/29/2025","Line-5","7/31/2025 13:30","7/31/2025 15:00","1500","1000","7/14/2025"
"ORD412","6/29/2025","Lot100","23872","7/14/2025","High","6/29/2025","Line-5","7/31/2025 13:30","7/31/2025 15:00","1500","1000","7/14/2025"
"ORD412","6/29/2025","Lot250","15367","7/14/2025","Medium","6/29/2025","Line-6","7/23/2025 14:00","7/23/2025 15:00","800","800","7/14/2025"
"ORD412","6/29/2025","Lot250","15367","7/14/2025","Medium","6/29/2025","Line-6","7/23/2025 14:00","7/23/2025 15:00","800","800","7/14/2025"
"ORD412","6/29/2025","Lot250","15367","7/14/2025","Medium","6/29/2025","Line-8","7/23/2025 6:00","7/23/2025 7:00","1200","1200","7/14/2025"
"ORD412","6/29/2025","Lot250","15367","7/14/2025","Medium","6/29/2025","Line-8","7/23/2025 6:00","7/23/2025 7:00","1200","1200","7/14/2025"
"ORD413","6/29/2025","Lot100","9803","7/14/2025","High","6/29/2025","Line-2","7/27/2025 13:00","7/27/2025 15:00","3000","1500","7/14/2025"
"ORD413","6/29/2025","Lot100","9803","7/14/2025","High","6/29/2025","Line-2","7/27/2025 13:00","7/27/2025 15:00","3000","1500","7/14/2025"
"ORD413","6/29/2025","Shmp200","81910","7/14/2025","High","6/29/2025","Line-12","7/22/2025 4:00","7/22/2025 7:00","3000","1000","7/14/2025"
"ORD413","6/29/2025","Shmp200","81910","7/14/2025","High","6/29/2025","Line-12","7/22/2025 4:00","7/22/2025 7:00","3000","1000","7/14/2025"
"ORD413","6/29/2025","Shmp200","81910","7/14/2025","High","6/29/2025","Line-6","7/23/2025 22:00","7/23/2025 23:00","800","800","7/14/2025"
"ORD413","6/29/2025","Shmp200","81910","7/14/2025","High","6/29/2025","Line-6","7/23/2025 22:00","7/23/2025 23:00","800","800","7/14/2025"
"ORD413","6/29/2025","Shmp200","81910","7/14/2025","High","6/29/2025","Line-8","7/24/2025 5:00","7/24/2025 7:00","2400","1200","7/14/2025"
"ORD413","6/29/2025","Shmp200","81910","7/14/2025","High","6/29/2025","Line-8","7/24/2025 5:00","7/24/2025 7:00","2400","1200","7/14/2025"
"ORD414","6/29/2025","Gel150","20318","7/14/2025","High","6/29/2025","Line-1","7/20/2025 13:30","7/20/2025 15:00","1800","1200","7/14/2025"
"ORD414","6/29/2025","Gel150","20318","7/14/2025","High","6/29/2025","Line-1","7/20/2025 13:30","7/20/2025 15:00","1800","1200","7/14/2025"
"ORD414","6/29/2025","Gel150","20318","7/14/2025","High","6/29/2025","Line-10","7/19/2025 7:30","7/19/2025 15:00","11250","1500","7/14/2025"
"ORD414","6/29/2025","Gel150","20318","7/14/2025","High","6/29/2025","Line-10","7/19/2025 7:30","7/19/2025 15:00","11250","1500","7/14/2025"
"ORD414","6/29/2025","Lot250","9681","7/14/2025","High","6/29/2025","Line-7","7/21/2025 3:30","7/21/2025 7:00","5250","1500","7/14/2025"
"ORD414","6/29/2025","Lot250","9681","7/14/2025","High","6/29/2025","Line-7","7/21/2025 3:30","7/21/2025 7:00","5250","1500","7/14/2025"
"ORD415","6/29/2025","Cond100","29229","7/14/2025","Medium","6/29/2025","Line-1","7/19/2025 7:00","7/19/2025 14:29","8995","1200","7/14/2025"
"ORD415","6/29/2025","Cond100","29229","7/14/2025","Medium","6/29/2025","Line-1","7/19/2025 7:00","7/19/2025 14:29","8995","1200","7/14/2025"
"ORD415","6/29/2025","Cond100","29229","7/14/2025","Medium","6/29/2025","Line-7","7/21/2025 10:30","7/21/2025 15:00","6750","1500","7/14/2025"
"ORD415","6/29/2025","Cond100","29229","7/14/2025","Medium","6/29/2025","Line-7","7/21/2025 10:30","7/21/2025 15:00","6750","1500","7/14/2025"
"ORD415","6/29/2025","Cond100","29229","7/14/2025","Medium","6/29/2025","Line-8","7/22/2025 14:30","7/22/2025 15:00","600","1200","7/14/2025"
"ORD415","6/29/2025","Cond100","29229","7/14/2025","Medium","6/29/2025","Line-8","7/22/2025 14:30","7/22/2025 15:00","600","1200","7/14/2025"
"ORD415","6/29/2025","Fcws100","21227","7/14/2025","Low","6/29/2025","Line-3","7/21/2025 9:00","7/21/2025 15:00","6000","1000","7/14/2025"
"ORD415","6/29/2025","Fcws100","21227","7/14/2025","Low","6/29/2025","Line-3","7/21/2025 9:00","7/21/2025 15:00","6000","1000","7/14/2025"
"ORD415","6/29/2025","Fcws100","21227","7/14/2025","Low","6/29/2025","Line-4","7/26/2025 21:30","7/26/2025 23:00","1200","800","7/14/2025"
"ORD415","6/29/2025","Fcws100","21227","7/14/2025","Low","6/29/2025","Line-4","7/26/2025 21:30","7/26/2025 23:00","1200","800","7/14/2025"
"ORD415","6/29/2025","Fcws100","21227","7/14/2025","Low","6/29/2025","Line-5","7/31/2025 21:30","7/31/2025 23:00","1500","1000","7/14/2025"
"ORD415","6/29/2025","Fcws100","21227","7/14/2025","Low","6/29/2025","Line-5","7/31/2025 21:30","7/31/2025 23:00","1500","1000","7/14/2025"
"ORD416","6/29/2025","Bdwa200","7475","7/14/2025","Low","6/29/2025","Line-5","7/29/2025 14:00","7/29/2025 15:00","1000","1000","7/14/2025"
"ORD416","6/29/2025","Bdwa200","7475","7/14/2025","Low","6/29/2025","Line-5","7/29/2025 14:00","7/29/2025 15:00","1000","1000","7/14/2025"
"ORD416","6/29/2025","Crm50","27635","7/14/2025","Low","6/29/2025","Line-2","7/27/2025 20:00","7/27/2025 23:00","4500","1500","7/14/2025"
"ORD416","6/29/2025","Crm50","27635","7/14/2025","Low","6/29/2025","Line-2","7/27/2025 20:00","7/27/2025 23:00","4500","1500","7/14/2025"
"ORD416","6/29/2025","Crm50","27635","7/14/2025","Low","6/29/2025","Line-3","7/21/2025 17:00","7/21/2025 23:00","6000","1000","7/14/2025"
"ORD416","6/29/2025","Crm50","27635","7/14/2025","Low","6/29/2025","Line-3","7/21/2025 17:00","7/21/2025 23:00","6000","1000","7/14/2025"
"ORD416","6/29/2025","Crm50","27635","7/14/2025","Low","6/29/2025","Line-9","7/26/2025 8:30","7/26/2025 15:00","9100","1400","7/14/2025"
"ORD416","6/29/2025","Crm50","27635","7/14/2025","Low","6/29/2025","Line-9","7/26/2025 8:30","7/26/2025 15:00","9100","1400","7/14/2025"
"ORD417","6/29/2025","Lot250","7764","7/14/2025","Low","6/29/2025","Line-11","7/15/2025 19:00","7/15/2025 23:00","4800","1200","7/14/2025"
"ORD417","6/29/2025","Lot250","7764","7/14/2025","Low","6/29/2025","Line-11","7/15/2025 19:00","7/15/2025 23:00","4800","1200","7/14/2025"
"ORD417","6/29/2025","Talc100","14970","7/14/2025","Low","6/29/2025","Line-12","7/23/2025 15:00","7/23/2025 22:29","7485","1000","7/14/2025"
"ORD417","6/29/2025","Talc100","14970","7/14/2025","Low","6/29/2025","Line-12","7/23/2025 15:00","7/23/2025 22:29","7485","1000","7/14/2025"
"ORD417","6/29/2025","Talc100","14970","7/14/2025","Low","6/29/2025","Line-3","7/22/2025 0:30","7/22/2025 7:00","6500","1000","7/14/2025"
"ORD417","6/29/2025","Talc100","14970","7/14/2025","Low","6/29/2025","Line-3","7/22/2025 0:30","7/22/2025 7:00","6500","1000","7/14/2025"
"ORD418","6/29/2025","Hdwa250","27836","7/14/2025","High","6/29/2025","Line-1","7/20/2025 21:30","7/20/2025 23:00","1800","1200","7/14/2025"
"ORD418","6/29/2025","Hdwa250","27836","7/14/2025","High","6/29/2025","Line-1","7/20/2025 21:30","7/20/2025 23:00","1800","1200","7/14/2025"
"ORD418","6/29/2025","Hdwa250","27836","7/14/2025","High","6/29/2025","Line-10","7/19/2025 15:30","7/19/2025 22:38","10706","1500","7/14/2025"
"ORD418","6/29/2025","Hdwa250","27836","7/14/2025","High","6/29/2025","Line-10","7/19/2025 15:30","7/19/2025 22:38","10706","1500","7/14/2025"
"ORD418","6/29/2025","Hdwa250","27836","7/14/2025","High","6/29/2025","Line-11","7/17/2025 23:30","7/18/2025 6:38","8564","1200","7/14/2025"
"ORD418","6/29/2025","Hdwa250","27836","7/14/2025","High","6/29/2025","Line-11","7/17/2025 23:30","7/18/2025 6:38","8564","1200","7/14/2025"
"ORD418","6/29/2025","Lot100","13325","7/14/2025","Medium","6/29/2025","Line-11","7/16/2025 2:00","7/16/2025 7:00","6000","1200","7/14/2025"
"ORD418","6/29/2025","Lot100","13325","7/14/2025","Medium","6/29/2025","Line-11","7/16/2025 2:00","7/16/2025 7:00","6000","1200","7/14/2025"
"ORD418","6/29/2025","Lot100","13325","7/14/2025","Medium","6/29/2025","Line-4","7/25/2025 3:00","7/25/2025 7:00","3200","800","7/14/2025"
"ORD418","6/29/2025","Lot100","13325","7/14/2025","Medium","6/29/2025","Line-4","7/25/2025 3:00","7/25/2025 7:00","3200","800","7/14/2025"
"ORD419","6/29/2025","Crm50","34934","7/14/2025","Medium","6/29/2025","Line-11","7/17/2025 8:00","7/17/2025 14:49","8193","1200","7/14/2025"
"ORD419","6/29/2025","Crm50","34934","7/14/2025","Medium","6/29/2025","Line-2","7/28/2025 3:30","7/28/2025 7:00","5250","1500","7/14/2025"
"ORD419","6/29/2025","Crm50","34934","7/14/2025","Medium","6/29/2025","Line-4","7/27/2025 5:30","7/27/2025 7:00","1200","800","7/14/2025"
"ORD419","6/29/2025","Crm50","34934","7/14/2025","Medium","6/29/2025","Line-9","7/26/2025 0:00","7/26/2025 7:00","9800","1400","7/14/2025"
"ORD420","6/29/2025","Fcws100","22136","7/14/2025","Medium","6/29/2025","Line-5","8/1/2025 5:30","8/1/2025 7:00","1500","1000","7/14/2025"
"ORD420","6/29/2025","Fcws100","22136","7/14/2025","Medium","6/29/2025","Line-5","8/1/2025 5:30","8/1/2025 7:00","1500","1000","7/14/2025"
"ORD420","6/29/2025","Fcws100","22136","7/14/2025","Medium","6/29/2025","Line-6","7/25/2025 2:00","7/25/2025 7:00","4000","800","7/14/2025"
"ORD420","6/29/2025","Fcws100","22136","7/14/2025","Medium","6/29/2025","Line-6","7/25/2025 2:00","7/25/2025 7:00","4000","800","7/14/2025"
"ORD420","6/29/2025","Fcws100","22136","7/14/2025","Medium","6/29/2025","Line-7","7/23/2025 6:30","7/23/2025 7:00","750","1500","7/14/2025"
"ORD420","6/29/2025","Fcws100","22136","7/14/2025","Medium","6/29/2025","Line-7","7/23/2025 6:30","7/23/2025 7:00","750","1500","7/14/2025"
"ORD420","6/29/2025","Shmp200","31309","7/14/2025","Low","6/29/2025","Line-5","7/30/2025 5:30","7/30/2025 7:00","1500","1000","7/14/2025"
"ORD420","6/29/2025","Shmp200","31309","7/14/2025","Low","6/29/2025","Line-5","7/30/2025 5:30","7/30/2025 7:00","1500","1000","7/14/2025"
"ORD421","6/29/2025","Fcws100","6653","7/14/2025","High","6/29/2025","Line-12","7/20/2025 22:00","7/20/2025 23:00","1000","1000","7/14/2025"
"ORD421","6/29/2025","Fcws100","6653","7/14/2025","High","6/29/2025","Line-12","7/20/2025 22:00","7/20/2025 23:00","1000","1000","7/14/2025"
"ORD421","6/29/2025","Lot100","18361","7/14/2025","High","6/29/2025","Line-3","7/22/2025 8:30","7/22/2025 15:00","6500","1000","7/14/2025"
"ORD421","6/29/2025","Lot100","18361","7/14/2025","High","6/29/2025","Line-3","7/22/2025 8:30","7/22/2025 15:00","6500","1000","7/14/2025"
"ORD421","6/29/2025","Lot100","18361","7/14/2025","High","6/29/2025","Line-4","7/27/2025 13:00","7/27/2025 15:00","1600","800","7/14/2025"
"ORD421","6/29/2025","Lot100","18361","7/14/2025","High","6/29/2025","Line-4","7/27/2025 13:00","7/27/2025 15:00","1600","800","7/14/2025"
"ORD421","6/29/2025","Lot100","18361","7/14/2025","High","6/29/2025","Line-5","8/1/2025 12:30","8/1/2025 15:00","2500","1000","7/14/2025"
"ORD421","6/29/2025","Lot100","18361","7/14/2025","High","6/29/2025","Line-5","8/1/2025 12:30","8/1/2025 15:00","2500","1000","7/14/2025"
"ORD422","6/29/2025","Hdwa250","15764","7/14/2025","Medium","6/29/2025","Line-11","7/16/2025 9:00","7/16/2025 15:00","7200","1200","7/14/2025"
"ORD422","6/29/2025","Hdwa250","15764","7/14/2025","Medium","6/29/2025","Line-11","7/16/2025 9:00","7/16/2025 15:00","7200","1200","7/14/2025"
"ORD422","6/29/2025","Hdwa250","15764","7/14/2025","Medium","6/29/2025","Line-12","7/21/2025 5:00","7/21/2025 7:00","2000","1000","7/14/2025"
"ORD422","6/29/2025","Hdwa250","15764","7/14/2025","Medium","6/29/2025","Line-12","7/21/2025 5:00","7/21/2025 7:00","2000","1000","7/14/2025"
"ORD422","6/29/2025","Lot100","23112","7/14/2025","Medium","6/29/2025","Line-11","7/17/2025 15:30","7/17/2025 23:00","9000","1200","7/14/2025"
"ORD422","6/29/2025","Lot100","23112","7/14/2025","Medium","6/29/2025","Line-11","7/17/2025 15:30","7/17/2025 23:00","9000","1200","7/14/2025"
"ORD422","6/29/2025","Lot100","23112","7/14/2025","Medium","6/29/2025","Line-3","7/22/2025 15:30","7/22/2025 23:00","7500","1000","7/14/2025"
"ORD422","6/29/2025","Lot100","23112","7/14/2025","Medium","6/29/2025","Line-3","7/22/2025 15:30","7/22/2025 23:00","7500","1000","7/14/2025"
"ORD422","6/29/2025","Lot100","23112","7/14/2025","Medium","6/29/2025","Line-4","7/27/2025 20:00","7/27/2025 23:00","2400","800","7/14/2025"
"ORD422","6/29/2025","Lot100","23112","7/14/2025","Medium","6/29/2025","Line-4","7/27/2025 20:00","7/27/2025 23:00","2400","800","7/14/2025"
"ORD423","6/29/2025","Gel150","28322","7/15/2025","Low","6/29/2025","Line-10","7/19/2025 23:00","7/20/2025 6:04","10622","1500","7/15/2025"
"ORD423","6/29/2025","Gel150","28322","7/15/2025","Low","6/29/2025","Line-10","7/19/2025 23:00","7/20/2025 6:04","10622","1500","7/15/2025"
"ORD423","6/29/2025","Gel150","28322","7/15/2025","Low","6/29/2025","Line-12","7/23/2025 23:00","7/24/2025 6:04","7080","1000","7/15/2025"
"ORD423","6/29/2025","Gel150","28322","7/15/2025","Low","6/29/2025","Line-12","7/23/2025 23:00","7/24/2025 6:04","7080","1000","7/15/2025"
"ORD423","6/29/2025","Gel150","28322","7/15/2025","Low","6/29/2025","Line-2","7/28/2025 11:00","7/28/2025 15:00","6000","1500","7/15/2025"
"ORD423","6/29/2025","Gel150","28322","7/15/2025","Low","6/29/2025","Line-2","7/28/2025 11:00","7/28/2025 15:00","6000","1500","7/15/2025"
"ORD423","6/29/2025","Shmp200","15124","7/15/2025","Low","6/29/2025","Line-12","7/21/2025 20:30","7/21/2025 23:00","2500","1000","7/15/2025"
"ORD423","6/29/2025","Shmp200","15124","7/15/2025","Low","6/29/2025","Line-12","7/21/2025 20:30","7/21/2025 23:00","2500","1000","7/15/2025"
"ORD423","6/29/2025","Shmp200","15124","7/15/2025","Low","6/29/2025","Line-8","7/23/2025 14:00","7/23/2025 15:00","1200","1200","7/15/2025"
"ORD423","6/29/2025","Shmp200","15124","7/15/2025","Low","6/29/2025","Line-8","7/23/2025 14:00","7/23/2025 15:00","1200","1200","7/15/2025"
"ORD424","6/29/2025","Crm50","21138","7/15/2025","Medium","6/29/2025","Line-4","7/25/2025 18:30","7/25/2025 23:00","3600","800","7/15/2025"
"ORD424","6/29/2025","Crm50","21138","7/15/2025","Medium","6/29/2025","Line-4","7/25/2025 18:30","7/25/2025 23:00","3600","800","7/15/2025"
"ORD424","6/29/2025","Shmp100","17595","7/15/2025","High","6/29/2025","Line-11","7/18/2025 7:00","7/18/2025 14:59","9597","1200","7/15/2025"
"ORD424","6/29/2025","Shmp100","17595","7/15/2025","High","6/29/2025","Line-11","7/18/2025 7:00","7/18/2025 14:59","9597","1200","7/15/2025"
"ORD424","6/29/2025","Shmp100","17595","7/15/2025","High","6/29/2025","Line-3","7/22/2025 23:30","7/23/2025 7:00","7500","1000","7/15/2025"
"ORD424","6/29/2025","Shmp100","17595","7/15/2025","High","6/29/2025","Line-3","7/22/2025 23:30","7/23/2025 7:00","7500","1000","7/15/2025"
"ORD425","6/29/2025","Cond100","26378","7/15/2025","Low","6/29/2025","Line-1","7/19/2025 15:00","7/19/2025 21:45","8117","1200","7/15/2025"
"ORD425","6/29/2025","Cond100","26378","7/15/2025","Low","6/29/2025","Line-1","7/19/2025 15:00","7/19/2025 21:45","8117","1200","7/15/2025"
"ORD425","6/29/2025","Cond100","26378","7/15/2025","Low","6/29/2025","Line-2","7/26/2025 15:00","7/26/2025 21:45","10145","1500","7/15/2025"
"ORD425","6/29/2025","Cond100","26378","7/15/2025","Low","6/29/2025","Line-2","7/26/2025 15:00","7/26/2025 21:45","10145","1500","7/15/2025"
"ORD425","6/29/2025","Cond100","26378","7/15/2025","Low","6/29/2025","Line-8","7/22/2025 22:30","7/22/2025 23:00","600","1200","7/15/2025"
"ORD425","6/29/2025","Cond100","26378","7/15/2025","Low","6/29/2025","Line-8","7/22/2025 22:30","7/22/2025 23:00","600","1200","7/15/2025"
"ORD425","6/29/2025","Talc100","10187","7/15/2025","Medium","6/29/2025","Line-9","7/26/2025 16:00","7/26/2025 23:00","9800","1400","7/15/2025"
"ORD425","6/29/2025","Talc100","10187","7/15/2025","Medium","6/29/2025","Line-9","7/26/2025 16:00","7/26/2025 23:00","9800","1400","7/15/2025"
"ORD426","6/29/2025","Crm50","11853","7/15/2025","High","6/29/2025","Line-2","7/28/2025 18:30","7/28/2025 23:00","6750","1500","7/15/2025"
"ORD426","6/29/2025","Crm50","11853","7/15/2025","High","6/29/2025","Line-2","7/28/2025 18:30","7/28/2025 23:00","6750","1500","7/15/2025"
"ORD426","6/29/2025","Fcws100","6468","7/15/2025","Low","6/29/2025","Line-3","7/20/2025 18:00","7/20/2025 23:00","5000","1000","7/15/2025"
"ORD426","6/29/2025","Fcws100","6468","7/15/2025","Low","6/29/2025","Line-3","7/20/2025 18:00","7/20/2025 23:00","5000","1000","7/15/2025"
"ORD427","6/29/2025","Shmp200","36340","7/15/2025","Medium","6/29/2025","Line-10","7/17/2025 23:30","7/18/2025 7:00","11250","1500","7/15/2025"
"ORD427","6/29/2025","Shmp200","36340","7/15/2025","Medium","6/29/2025","Line-11","7/18/2025 15:30","7/18/2025 23:00","9000","1200","7/15/2025"
"ORD427","6/29/2025","Shmp200","36340","7/15/2025","Medium","6/29/2025","Line-12","7/24/2025 14:00","7/24/2025 15:00","1000","1000","7/15/2025"
"ORD427","6/29/2025","Shmp200","36340","7/15/2025","Medium","6/29/2025","Line-3","7/20/2025 2:30","7/20/2025 7:00","4500","1000","7/15/2025"
"ORD428","6/29/2025","Lot100","27590","7/17/2025","Low","6/29/2025","Line-10","7/18/2025 7:30","7/18/2025 14:23","10347","1500","7/17/2025"
"ORD428","6/29/2025","Lot100","27590","7/17/2025","Low","6/29/2025","Line-10","7/18/2025 7:30","7/18/2025 14:23","10347","1500","7/17/2025"
"ORD428","6/29/2025","Lot100","27590","7/17/2025","Low","6/29/2025","Line-2","7/26/2025 22:30","7/26/2025 23:00","750","1500","7/17/2025"
"ORD428","6/29/2025","Lot100","27590","7/17/2025","Low","6/29/2025","Line-2","7/26/2025 22:30","7/26/2025 23:00","750","1500","7/17/2025"
"ORD428","6/29/2025","Lot100","27590","7/17/2025","Low","6/29/2025","Line-3","7/20/2025 10:30","7/20/2025 15:00","4500","1000","7/17/2025"
"ORD428","6/29/2025","Lot100","27590","7/17/2025","Low","6/29/2025","Line-3","7/20/2025 10:30","7/20/2025 15:00","4500","1000","7/17/2025"
"ORD428","6/29/2025","Shmp100","81419","7/17/2025","Medium","6/29/2025","Line-10","7/20/2025 14:00","7/20/2025 15:00","1500","1500","7/17/2025"
"ORD428","6/29/2025","Shmp100","81419","7/17/2025","Medium","6/29/2025","Line-10","7/20/2025 14:00","7/20/2025 15:00","1500","1500","7/17/2025"
"ORD428","6/29/2025","Shmp100","81419","7/17/2025","Medium","6/29/2025","Line-7","7/23/2025 21:30","7/23/2025 23:00","2250","1500","7/17/2025"
"ORD428","6/29/2025","Shmp100","81419","7/17/2025","Medium","6/29/2025","Line-7","7/23/2025 21:30","7/23/2025 23:00","2250","1500","7/17/2025"
"ORD429","6/29/2025","Hdwa250","15092","7/15/2025","Medium","6/29/2025","Line-5","7/29/2025 22:00","7/29/2025 23:00","1000","1000","7/15/2025"
"ORD429","6/29/2025","Hdwa250","15092","7/15/2025","Medium","6/29/2025","Line-5","7/29/2025 22:00","7/29/2025 23:00","1000","1000","7/15/2025"
"ORD429","6/29/2025","Hdwa250","15092","7/15/2025","Medium","6/29/2025","Line-8","7/23/2025 21:30","7/23/2025 23:00","1800","1200","7/15/2025"
"ORD429","6/29/2025","Hdwa250","15092","7/15/2025","Medium","6/29/2025","Line-8","7/23/2025 21:30","7/23/2025 23:00","1800","1200","7/15/2025"
"ORD429","6/29/2025","Shmp100","17143","7/15/2025","Low","6/29/2025","Line-6","7/25/2025 9:00","7/25/2025 15:00","4800","800","7/15/2025"
"ORD429","6/29/2025","Shmp100","17143","7/15/2025","Low","6/29/2025","Line-6","7/25/2025 9:00","7/25/2025 15:00","4800","800","7/15/2025"
"ORD429","6/29/2025","Shmp100","17143","7/15/2025","Low","6/29/2025","Line-7","7/23/2025 13:30","7/23/2025 15:00","2250","1500","7/15/2025"
"ORD429","6/29/2025","Shmp100","17143","7/15/2025","Low","6/29/2025","Line-7","7/23/2025 13:30","7/23/2025 15:00","2250","1500","7/15/2025"
"ORD430","6/29/2025","Cond100","41369","7/15/2025","Low","6/29/2025","Line-7","7/22/2025 2:30","7/22/2025 7:00","6750","1500","7/15/2025"
"ORD430","6/29/2025","Cond100","41369","7/15/2025","Low","6/29/2025","Line-7","7/22/2025 2:30","7/22/2025 7:00","6750","1500","7/15/2025"
"ORD430","6/29/2025","Lot250","17385","7/15/2025","Medium","6/29/2025","Line-10","7/20/2025 6:30","7/20/2025 7:00","750","1500","7/15/2025"
"ORD430","6/29/2025","Lot250","17385","7/15/2025","Medium","6/29/2025","Line-10","7/20/2025 6:30","7/20/2025 7:00","750","1500","7/15/2025"
"ORD430","6/29/2025","Lot250","17385","7/15/2025","Medium","6/29/2025","Line-12","7/24/2025 6:30","7/24/2025 7:00","500","1000","7/15/2025"
"ORD430","6/29/2025","Lot250","17385","7/15/2025","Medium","6/29/2025","Line-12","7/24/2025 6:30","7/24/2025 7:00","500","1000","7/15/2025"
"ORD431","6/29/2025","Bdwa200","14838","7/15/2025","High","6/29/2025","Line-11","7/19/2025 0:00","7/19/2025 7:00","8400","1200","7/15/2025"
"ORD431","6/29/2025","Bdwa200","14838","7/15/2025","High","6/29/2025","Line-11","7/19/2025 0:00","7/19/2025 7:00","8400","1200","7/15/2025"
"ORD431","6/29/2025","Bdwa200","14838","7/15/2025","High","6/29/2025","Line-6","7/25/2025 17:00","7/25/2025 23:00","4800","800","7/15/2025"
"ORD431","6/29/2025","Bdwa200","14838","7/15/2025","High","6/29/2025","Line-6","7/25/2025 17:00","7/25/2025 23:00","4800","800","7/15/2025"
"ORD431","6/29/2025","Crm50","29300","7/15/2025","High","6/29/2025","Line-10","7/18/2025 15:00","7/18/2025 22:19","10988","1500","7/15/2025"
"ORD431","6/29/2025","Crm50","29300","7/15/2025","High","6/29/2025","Line-10","7/18/2025 15:00","7/18/2025 22:19","10988","1500","7/15/2025"
"ORD431","6/29/2025","Crm50","29300","7/15/2025","High","6/29/2025","Line-12","7/21/2025 12:30","7/21/2025 15:00","2500","1000","7/15/2025"
"ORD431","6/29/2025","Crm50","29300","7/15/2025","High","6/29/2025","Line-12","7/21/2025 12:30","7/21/2025 15:00","2500","1000","7/15/2025"
"ORD431","6/29/2025","Crm50","29300","7/15/2025","High","6/29/2025","Line-7","7/21/2025 18:30","7/21/2025 23:00","6750","1500","7/15/2025"
"ORD431","6/29/2025","Crm50","29300","7/15/2025","High","6/29/2025","Line-7","7/21/2025 18:30","7/21/2025 23:00","6750","1500","7/15/2025"
"ORD432","6/29/2025","Fcws100","17423","7/17/2025","High","6/29/2025","Line-1","7/19/2025 22:30","7/19/2025 23:00","600","1200","7/17/2025"
"ORD432","6/29/2025","Fcws100","17423","7/17/2025","High","6/29/2025","Line-1","7/19/2025 22:30","7/19/2025 23:00","600","1200","7/17/2025"
"ORD432","6/29/2025","Fcws100","17423","7/17/2025","High","6/29/2025","Line-2","7/27/2025 6:00","7/27/2025 7:00","1500","1500","7/17/2025"
"ORD432","6/29/2025","Fcws100","17423","7/17/2025","High","6/29/2025","Line-2","7/27/2025 6:00","7/27/2025 7:00","1500","1500","7/17/2025"
"ORD432","6/29/2025","Gel150","38270","7/17/2025","Medium","6/29/2025","Line-8","7/25/2025 9:00","7/25/2025 15:00","7200","1200","7/17/2025"
"ORD432","6/29/2025","Gel150","38270","7/17/2025","Medium","6/29/2025","Line-8","7/25/2025 9:00","7/25/2025 15:00","7200","1200","7/17/2025"
"ORD433","6/29/2025","Cond100","27894","7/15/2025","High","6/29/2025","Line-10","7/18/2025 23:00","7/19/2025 6:58","11954","1500","7/15/2025"
"ORD433","6/29/2025","Cond100","27894","7/15/2025","High","6/29/2025","Line-10","7/18/2025 23:00","7/19/2025 6:58","11954","1500","7/15/2025"
"ORD433","6/29/2025","Cond100","27894","7/15/2025","High","6/29/2025","Line-11","7/16/2025 16:30","7/16/2025 23:00","7800","1200","7/15/2025"
"ORD433","6/29/2025","Cond100","27894","7/15/2025","High","6/29/2025","Line-11","7/16/2025 16:30","7/16/2025 23:00","7800","1200","7/15/2025"
"ORD433","6/29/2025","Cond100","27894","7/15/2025","High","6/29/2025","Line-4","7/25/2025 10:00","7/25/2025 15:00","4000","800","7/15/2025"
"ORD433","6/29/2025","Cond100","27894","7/15/2025","High","6/29/2025","Line-4","7/25/2025 10:00","7/25/2025 15:00","4000","800","7/15/2025"
"ORD433","6/29/2025","Talc100","5585","7/15/2025","High","6/29/2025","Line-4","7/28/2025 4:00","7/28/2025 7:00","2400","800","7/15/2025"
"ORD433","6/29/2025","Talc100","5585","7/15/2025","High","6/29/2025","Line-4","7/28/2025 4:00","7/28/2025 7:00","2400","800","7/15/2025"
"ORD434","6/30/2025","Shmp100","17346","7/15/2025","Medium","6/30/2025","Line-2","7/31/2025 1:30","7/31/2025 7:00","8250","1500","7/15/2025"
"ORD434","6/30/2025","Shmp100","17346","7/15/2025","Medium","6/30/2025","Line-2","7/31/2025 1:30","7/31/2025 7:00","8250","1500","7/15/2025"
"ORD434","6/30/2025","Shmp100","17346","7/15/2025","Medium","6/30/2025","Line-5","8/4/2025 6:00","8/4/2025 7:00","1000","1000","7/15/2025"
"ORD434","6/30/2025","Shmp100","17346","7/15/2025","Medium","6/30/2025","Line-5","8/4/2025 6:00","8/4/2025 7:00","1000","1000","7/15/2025"
"ORD434","6/30/2025","Talc100","26074","7/15/2025","Low","6/30/2025","Line-6","7/26/2025 1:00","7/26/2025 7:00","4800","800","7/15/2025"
"ORD434","6/30/2025","Talc100","26074","7/15/2025","Low","6/30/2025","Line-6","7/26/2025 1:00","7/26/2025 7:00","4800","800","7/15/2025"
"ORD434","6/30/2025","Talc100","26074","7/15/2025","Low","6/30/2025","Line-7","7/25/2025 1:00","7/25/2025 7:00","9000","1500","7/15/2025"
"ORD434","6/30/2025","Talc100","26074","7/15/2025","Low","6/30/2025","Line-7","7/25/2025 1:00","7/25/2025 7:00","9000","1500","7/15/2025"
"ORD434","6/30/2025","Talc100","26074","7/15/2025","Low","6/30/2025","Line-8","7/26/2025 17:30","7/26/2025 23:00","6600","1200","7/15/2025"
"ORD434","6/30/2025","Talc100","26074","7/15/2025","Low","6/30/2025","Line-8","7/26/2025 17:30","7/26/2025 23:00","6600","1200","7/15/2025"
"ORD435","6/30/2025","Lot100","26857","7/15/2025","High","6/30/2025","Line-11","7/19/2025 8:00","7/19/2025 15:00","8400","1200","7/15/2025"
"ORD435","6/30/2025","Lot100","26857","7/15/2025","High","6/30/2025","Line-11","7/19/2025 8:00","7/19/2025 15:00","8400","1200","7/15/2025"
"ORD435","6/30/2025","Lot100","26857","7/15/2025","High","6/30/2025","Line-6","7/26/2025 16:30","7/26/2025 23:00","5200","800","7/15/2025"
"ORD435","6/30/2025","Lot100","26857","7/15/2025","High","6/30/2025","Line-6","7/26/2025 16:30","7/26/2025 23:00","5200","800","7/15/2025"
"ORD435","6/30/2025","Lot100","26857","7/15/2025","High","6/30/2025","Line-9","7/27/2025 8:30","7/27/2025 15:00","9100","1400","7/15/2025"
"ORD435","6/30/2025","Lot100","26857","7/15/2025","High","6/30/2025","Line-9","7/27/2025 8:30","7/27/2025 15:00","9100","1400","7/15/2025"
"ORD435","6/30/2025","Shmp100","29084","7/15/2025","Medium","6/30/2025","Line-5","8/3/2025 14:00","8/3/2025 15:00","1000","1000","7/15/2025"
"ORD435","6/30/2025","Shmp100","29084","7/15/2025","Medium","6/30/2025","Line-5","8/3/2025 14:00","8/3/2025 15:00","1000","1000","7/15/2025"
"ORD435","6/30/2025","Shmp100","29084","7/15/2025","Medium","6/30/2025","Line-7","7/26/2025 0:00","7/26/2025 7:00","10500","1500","7/15/2025"
"ORD435","6/30/2025","Shmp100","29084","7/15/2025","Medium","6/30/2025","Line-7","7/26/2025 0:00","7/26/2025 7:00","10500","1500","7/15/2025"
"ORD435","6/30/2025","Shmp100","29084","7/15/2025","Medium","6/30/2025","Line-9","7/29/2025 3:00","7/29/2025 7:00","5600","1400","7/15/2025"
"ORD435","6/30/2025","Shmp100","29084","7/15/2025","Medium","6/30/2025","Line-9","7/29/2025 3:00","7/29/2025 7:00","5600","1400","7/15/2025"
"ORD436","6/30/2025","Hdwa250","22422","7/15/2025","Medium","6/30/2025","Line-12","7/27/2025 3:00","7/27/2025 7:00","4000","1000","7/15/2025"
"ORD436","6/30/2025","Hdwa250","22422","7/15/2025","Medium","6/30/2025","Line-12","7/27/2025 3:00","7/27/2025 7:00","4000","1000","7/15/2025"
"ORD436","6/30/2025","Hdwa250","22422","7/15/2025","Medium","6/30/2025","Line-6","7/27/2025 16:00","7/27/2025 23:00","5600","800","7/15/2025"
"ORD436","6/30/2025","Hdwa250","22422","7/15/2025","Medium","6/30/2025","Line-6","7/27/2025 16:00","7/27/2025 23:00","5600","800","7/15/2025"
"ORD436","6/30/2025","Hdwa250","22422","7/15/2025","Medium","6/30/2025","Line-8","7/28/2025 0:30","7/28/2025 7:00","7800","1200","7/15/2025"
"ORD436","6/30/2025","Hdwa250","22422","7/15/2025","Medium","6/30/2025","Line-8","7/28/2025 0:30","7/28/2025 7:00","7800","1200","7/15/2025"
"ORD436","6/30/2025","Shmp100","25704","7/15/2025","Low","6/30/2025","Line-12","7/24/2025 22:30","7/24/2025 23:00","500","1000","7/15/2025"
"ORD436","6/30/2025","Shmp100","25704","7/15/2025","Low","6/30/2025","Line-12","7/24/2025 22:30","7/24/2025 23:00","500","1000","7/15/2025"
"ORD437","6/30/2025","Cond100","13170","7/15/2025","High","6/30/2025","Line-5","8/3/2025 22:00","8/3/2025 23:00","1000","1000","7/15/2025"
"ORD437","6/30/2025","Cond100","13170","7/15/2025","High","6/30/2025","Line-5","8/3/2025 22:00","8/3/2025 23:00","1000","1000","7/15/2025"
"ORD437","6/30/2025","Cond100","13170","7/15/2025","High","6/30/2025","Line-6","7/27/2025 8:00","7/27/2025 15:00","5600","800","7/15/2025"
"ORD437","6/30/2025","Cond100","13170","7/15/2025","High","6/30/2025","Line-6","7/27/2025 8:00","7/27/2025 15:00","5600","800","7/15/2025"
"ORD437","6/30/2025","Hdwa250","10863","7/15/2025","Low","6/30/2025","Line-7","7/25/2025 9:00","7/25/2025 15:00","9000","1500","7/15/2025"
"ORD437","6/30/2025","Hdwa250","10863","7/15/2025","Low","6/30/2025","Line-7","7/25/2025 9:00","7/25/2025 15:00","9000","1500","7/15/2025"
"ORD438","6/30/2025","Hdwa250","13600","7/15/2025","High","6/30/2025","Line-12","7/27/2025 11:00","7/27/2025 15:00","4000","1000","7/15/2025"
"ORD438","6/30/2025","Hdwa250","13600","7/15/2025","High","6/30/2025","Line-12","7/27/2025 11:00","7/27/2025 15:00","4000","1000","7/15/2025"
"ORD438","6/30/2025","Hdwa250","13600","7/15/2025","High","6/30/2025","Line-5","8/4/2025 13:30","8/4/2025 15:00","1500","1000","7/15/2025"
"ORD438","6/30/2025","Hdwa250","13600","7/15/2025","High","6/30/2025","Line-5","8/4/2025 13:30","8/4/2025 15:00","1500","1000","7/15/2025"
"ORD438","6/30/2025","Lot100","16945","7/15/2025","High","6/30/2025","Line-3","7/23/2025 16:00","7/23/2025 23:00","7000","1000","7/15/2025"
"ORD438","6/30/2025","Lot100","16945","7/15/2025","High","6/30/2025","Line-3","7/23/2025 16:00","7/23/2025 23:00","7000","1000","7/15/2025"
"ORD438","6/30/2025","Lot100","16945","7/15/2025","High","6/30/2025","Line-9","7/27/2025 17:00","7/27/2025 23:00","8400","1400","7/15/2025"
"ORD438","6/30/2025","Lot100","16945","7/15/2025","High","6/30/2025","Line-9","7/27/2025 17:00","7/27/2025 23:00","8400","1400","7/15/2025"
"ORD439","6/30/2025","Hdwa250","7489","7/15/2025","High","6/30/2025","Line-3","7/24/2025 14:30","7/24/2025 15:00","500","1000","7/15/2025"
"ORD439","6/30/2025","Hdwa250","7489","7/15/2025","High","6/30/2025","Line-3","7/24/2025 14:30","7/24/2025 15:00","500","1000","7/15/2025"
"ORD439","6/30/2025","Shmp100","62545","7/15/2025","Medium","6/30/2025","Line-10","7/21/2025 17:30","7/21/2025 23:00","8250","1500","7/15/2025"
"ORD439","6/30/2025","Shmp100","62545","7/15/2025","Medium","6/30/2025","Line-10","7/21/2025 17:30","7/21/2025 23:00","8250","1500","7/15/2025"
"ORD439","6/30/2025","Shmp100","62545","7/15/2025","Medium","6/30/2025","Line-4","7/28/2025 20:00","7/28/2025 23:00","2400","800","7/15/2025"
"ORD439","6/30/2025","Shmp100","62545","7/15/2025","Medium","6/30/2025","Line-4","7/28/2025 20:00","7/28/2025 23:00","2400","800","7/15/2025"
"ORD440","6/30/2025","Crm50","18298","7/15/2025","Medium","6/30/2025","Line-12","7/27/2025 18:30","7/27/2025 23:00","4500","1000","7/15/2025"
"ORD440","6/30/2025","Crm50","18298","7/15/2025","Medium","6/30/2025","Line-12","7/27/2025 18:30","7/27/2025 23:00","4500","1000","7/15/2025"
"ORD440","6/30/2025","Crm50","18298","7/15/2025","Medium","6/30/2025","Line-2","7/31/2025 9:00","7/31/2025 15:00","9000","1500","7/15/2025"
"ORD440","6/30/2025","Crm50","18298","7/15/2025","Medium","6/30/2025","Line-2","7/31/2025 9:00","7/31/2025 15:00","9000","1500","7/15/2025"
"ORD440","6/30/2025","Hdwa250","7899","7/15/2025","Low","6/30/2025","Line-5","8/1/2025 19:30","8/1/2025 23:00","3500","1000","7/15/2025"
"ORD440","6/30/2025","Hdwa250","7899","7/15/2025","Low","6/30/2025","Line-5","8/1/2025 19:30","8/1/2025 23:00","3500","1000","7/15/2025"
"ORD441","6/30/2025","Bdwa200","125400","7/17/2025","Medium","6/30/2025","Line-10","7/23/2025 23:30","7/24/2025 7:00","11250","1500","7/17/2025"
"ORD441","6/30/2025","Bdwa200","125400","7/17/2025","Medium","6/30/2025","Line-10","7/23/2025 23:30","7/24/2025 7:00","11250","1500","7/17/2025"
"ORD441","6/30/2025","Bdwa200","125400","7/17/2025","Medium","6/30/2025","Line-11","7/22/2025 1:00","7/22/2025 7:00","7200","1200","7/17/2025"
"ORD441","6/30/2025","Bdwa200","125400","7/17/2025","Medium","6/30/2025","Line-11","7/22/2025 1:00","7/22/2025 7:00","7200","1200","7/17/2025"
"ORD441","6/30/2025","Bdwa200","125400","7/17/2025","Medium","6/30/2025","Line-9","7/29/2025 11:00","7/29/2025 15:00","5600","1400","7/17/2025"
"ORD441","6/30/2025","Bdwa200","125400","7/17/2025","Medium","6/30/2025","Line-9","7/29/2025 11:00","7/29/2025 15:00","5600","1400","7/17/2025"
"ORD441","6/30/2025","Hdwa250","32722","7/17/2025","Medium","6/30/2025","Line-1","7/21/2025 5:00","7/21/2025 7:00","2400","1200","7/17/2025"
"ORD441","6/30/2025","Hdwa250","32722","7/17/2025","Medium","6/30/2025","Line-1","7/21/2025 5:00","7/21/2025 7:00","2400","1200","7/17/2025"
"ORD441","6/30/2025","Hdwa250","32722","7/17/2025","Medium","6/30/2025","Line-2","7/29/2025 3:00","7/29/2025 7:00","6000","1500","7/17/2025"
"ORD441","6/30/2025","Hdwa250","32722","7/17/2025","Medium","6/30/2025","Line-2","7/29/2025 3:00","7/29/2025 7:00","6000","1500","7/17/2025"
"ORD441","6/30/2025","Hdwa250","32722","7/17/2025","Medium","6/30/2025","Line-9","7/27/2025 0:00","7/27/2025 7:00","9800","1400","7/17/2025"
"ORD441","6/30/2025","Hdwa250","32722","7/17/2025","Medium","6/30/2025","Line-9","7/27/2025 0:00","7/27/2025 7:00","9800","1400","7/17/2025"
"ORD442","6/30/2025","Lot250","20657","7/15/2025","High","6/30/2025","Line-11","7/21/2025 9:00","7/21/2025 15:00","7200","1200","7/15/2025"
"ORD442","6/30/2025","Lot250","20657","7/15/2025","High","6/30/2025","Line-11","7/21/2025 9:00","7/21/2025 15:00","7200","1200","7/15/2025"
"ORD442","6/30/2025","Lot250","20657","7/15/2025","High","6/30/2025","Line-7","7/26/2025 8:00","7/26/2025 15:00","10500","1500","7/15/2025"
"ORD442","6/30/2025","Lot250","20657","7/15/2025","High","6/30/2025","Line-7","7/26/2025 8:00","7/26/2025 15:00","10500","1500","7/15/2025"
"ORD442","6/30/2025","Shmp200","7718","7/15/2025","Low","6/30/2025","Line-11","7/19/2025 16:30","7/19/2025 22:55","7718","1200","7/15/2025"
"ORD442","6/30/2025","Shmp200","7718","7/15/2025","Low","6/30/2025","Line-11","7/19/2025 16:30","7/19/2025 22:55","7718","1200","7/15/2025"
"ORD443","6/30/2025","Talc100","35157","7/15/2025","High","6/30/2025","Line-11","7/21/2025 17:00","7/21/2025 23:00","7200","1200","7/15/2025"
"ORD443","6/30/2025","Talc100","35157","7/15/2025","High","6/30/2025","Line-2","7/30/2025 17:30","7/30/2025 23:00","8250","1500","7/15/2025"
"ORD443","6/30/2025","Talc100","35157","7/15/2025","High","6/30/2025","Line-4","7/28/2025 11:30","7/28/2025 15:00","2800","800","7/15/2025"
"ORD443","6/30/2025","Talc100","35157","7/15/2025","High","6/30/2025","Line-8","7/27/2025 16:30","7/27/2025 23:00","7800","1200","7/15/2025"
"ORD444","6/30/2025","Bdwa200","11464","7/15/2025","High","6/30/2025","Line-2","7/29/2025 11:30","7/29/2025 15:00","5250","1500","7/15/2025"
"ORD444","6/30/2025","Bdwa200","11464","7/15/2025","High","6/30/2025","Line-2","7/29/2025 11:30","7/29/2025 15:00","5250","1500","7/15/2025"
"ORD444","6/30/2025","Lot100","14803","7/15/2025","High","6/30/2025","Line-1","7/22/2025 12:30","7/22/2025 15:00","3000","1200","7/15/2025"
"ORD444","6/30/2025","Lot100","14803","7/15/2025","High","6/30/2025","Line-1","7/22/2025 12:30","7/22/2025 15:00","3000","1200","7/15/2025"
"ORD444","6/30/2025","Lot100","14803","7/15/2025","High","6/30/2025","Line-4","7/29/2025 23:30","7/30/2025 6:54","5922","800","7/15/2025"
"ORD444","6/30/2025","Lot100","14803","7/15/2025","High","6/30/2025","Line-4","7/29/2025 23:30","7/30/2025 6:54","5922","800","7/15/2025"
"ORD445","6/30/2025","Lot100","7334","7/17/2025","Low","6/30/2025","Line-3","7/23/2025 8:00","7/23/2025 15:00","7000","1000","7/17/2025"
"ORD445","6/30/2025","Lot100","7334","7/17/2025","Low","6/30/2025","Line-3","7/23/2025 8:00","7/23/2025 15:00","7000","1000","7/17/2025"
"ORD445","6/30/2025","Shmp100","59729","7/17/2025","High","6/30/2025","Line-11","7/23/2025 8:00","7/23/2025 15:00","8400","1200","7/17/2025"
"ORD445","6/30/2025","Shmp100","59729","7/17/2025","High","6/30/2025","Line-11","7/23/2025 8:00","7/23/2025 15:00","8400","1200","7/17/2025"
"ORD445","6/30/2025","Shmp100","59729","7/17/2025","High","6/30/2025","Line-5","8/4/2025 21:00","8/4/2025 23:00","2000","1000","7/17/2025"
"ORD445","6/30/2025","Shmp100","59729","7/17/2025","High","6/30/2025","Line-5","8/4/2025 21:00","8/4/2025 23:00","2000","1000","7/17/2025"
"ORD446","6/30/2025","Cond100","7877","7/16/2025","Medium","6/30/2025","Line-8","7/27/2025 9:30","7/27/2025 15:00","6600","1200","7/16/2025"
"ORD446","6/30/2025","Cond100","7877","7/16/2025","Medium","6/30/2025","Line-8","7/27/2025 9:30","7/27/2025 15:00","6600","1200","7/16/2025"
"ORD446","6/30/2025","Fcws100","13383","7/16/2025","High","6/30/2025","Line-1","7/22/2025 20:30","7/22/2025 23:00","3000","1200","7/16/2025"
"ORD446","6/30/2025","Fcws100","13383","7/16/2025","High","6/30/2025","Line-1","7/22/2025 20:30","7/22/2025 23:00","3000","1200","7/16/2025"
"ORD446","6/30/2025","Fcws100","13383","7/16/2025","High","6/30/2025","Line-4","7/30/2025 7:30","7/30/2025 14:11","5354","800","7/16/2025"
"ORD446","6/30/2025","Fcws100","13383","7/16/2025","High","6/30/2025","Line-4","7/30/2025 7:30","7/30/2025 14:11","5354","800","7/16/2025"
"ORD447","6/30/2025","Fcws100","9328","7/16/2025","Low","6/30/2025","Line-1","7/21/2025 13:30","7/21/2025 15:00","1800","1200","7/16/2025"
"ORD447","6/30/2025","Fcws100","9328","7/16/2025","Low","6/30/2025","Line-1","7/21/2025 13:30","7/21/2025 15:00","1800","1200","7/16/2025"
"ORD447","6/30/2025","Talc100","27227","7/16/2025","Medium","6/30/2025","Line-11","7/24/2025 19:00","7/24/2025 23:00","4800","1200","7/16/2025"
"ORD447","6/30/2025","Talc100","27227","7/16/2025","Medium","6/30/2025","Line-11","7/24/2025 19:00","7/24/2025 23:00","4800","1200","7/16/2025"
"ORD447","6/30/2025","Talc100","27227","7/16/2025","Medium","6/30/2025","Line-5","8/6/2025 8:30","8/6/2025 15:00","6500","1000","7/16/2025"
"ORD447","6/30/2025","Talc100","27227","7/16/2025","Medium","6/30/2025","Line-5","8/6/2025 8:30","8/6/2025 15:00","6500","1000","7/16/2025"
"ORD447","6/30/2025","Talc100","27227","7/16/2025","Medium","6/30/2025","Line-7","7/27/2025 14:30","7/27/2025 15:00","750","1500","7/16/2025"
"ORD447","6/30/2025","Talc100","27227","7/16/2025","Medium","6/30/2025","Line-7","7/27/2025 14:30","7/27/2025 15:00","750","1500","7/16/2025"
"ORD448","6/30/2025","Lot250","20368","7/16/2025","Medium","6/30/2025","Line-10","7/25/2025 6:30","7/25/2025 7:00","750","1500","7/16/2025"
"ORD448","6/30/2025","Lot250","20368","7/16/2025","Medium","6/30/2025","Line-10","7/25/2025 6:30","7/25/2025 7:00","750","1500","7/16/2025"
"ORD448","6/30/2025","Lot250","20368","7/16/2025","Medium","6/30/2025","Line-7","7/26/2025 16:00","7/26/2025 22:47","10184","1500","7/16/2025"
"ORD448","6/30/2025","Lot250","20368","7/16/2025","Medium","6/30/2025","Line-7","7/26/2025 16:00","7/26/2025 22:47","10184","1500","7/16/2025"
"ORD448","6/30/2025","Shmp200","20248","7/16/2025","Low","6/30/2025","Line-11","7/19/2025 23:30","7/20/2025 6:14","8099","1200","7/16/2025"
"ORD448","6/30/2025","Shmp200","20248","7/16/2025","Low","6/30/2025","Line-11","7/19/2025 23:30","7/20/2025 6:14","8099","1200","7/16/2025"
"ORD448","6/30/2025","Shmp200","20248","7/16/2025","Low","6/30/2025","Line-3","7/23/2025 23:30","7/24/2025 6:15","6750","1000","7/16/2025"
"ORD448","6/30/2025","Shmp200","20248","7/16/2025","Low","6/30/2025","Line-3","7/23/2025 23:30","7/24/2025 6:15","6750","1000","7/16/2025"
"ORD448","6/30/2025","Shmp200","20248","7/16/2025","Low","6/30/2025","Line-6","7/27/2025 1:00","7/27/2025 7:00","4800","800","7/16/2025"
"ORD448","6/30/2025","Shmp200","20248","7/16/2025","Low","6/30/2025","Line-6","7/27/2025 1:00","7/27/2025 7:00","4800","800","7/16/2025"
"ORD449","6/30/2025","Cond100","65119","7/16/2025","Low","6/30/2025","Line-10","7/22/2025 21:00","7/22/2025 23:00","3000","1500","7/16/2025"
"ORD449","6/30/2025","Cond100","65119","7/16/2025","Low","6/30/2025","Line-10","7/22/2025 21:00","7/22/2025 23:00","3000","1500","7/16/2025"
"ORD449","6/30/2025","Cond100","65119","7/16/2025","Low","6/30/2025","Line-12","7/26/2025 0:30","7/26/2025 7:00","6500","1000","7/16/2025"
"ORD449","6/30/2025","Cond100","65119","7/16/2025","Low","6/30/2025","Line-12","7/26/2025 0:30","7/26/2025 7:00","6500","1000","7/16/2025"
"ORD449","6/30/2025","Fcws100","9686","7/16/2025","Low","6/30/2025","Line-7","7/27/2025 22:30","7/27/2025 23:00","750","1500","7/16/2025"
"ORD449","6/30/2025","Fcws100","9686","7/16/2025","Low","6/30/2025","Line-7","7/27/2025 22:30","7/27/2025 23:00","750","1500","7/16/2025"
"ORD450","6/30/2025","Hdwa250","8128","7/18/2025","High","6/30/2025","Line-1","7/21/2025 22:00","7/21/2025 23:00","1200","1200","7/18/2025"
"ORD450","6/30/2025","Hdwa250","8128","7/18/2025","High","6/30/2025","Line-1","7/21/2025 22:00","7/21/2025 23:00","1200","1200","7/18/2025"
"ORD450","6/30/2025","Shmp200","42880","7/18/2025","Medium","6/30/2025","Line-7","7/28/2025 5:30","7/28/2025 7:00","2250","1500","7/18/2025"
"ORD450","6/30/2025","Shmp200","42880","7/18/2025","Medium","6/30/2025","Line-7","7/28/2025 5:30","7/28/2025 7:00","2250","1500","7/18/2025"
"ORD451","6/30/2025","Bdwa200","26744","7/16/2025","High","6/30/2025","Line-11","7/24/2025 11:30","7/24/2025 15:00","4200","1200","7/16/2025"
"ORD451","6/30/2025","Bdwa200","26744","7/16/2025","High","6/30/2025","Line-11","7/24/2025 11:30","7/24/2025 15:00","4200","1200","7/16/2025"
"ORD451","6/30/2025","Bdwa200","26744","7/16/2025","High","6/30/2025","Line-12","7/28/2025 2:30","7/28/2025 7:00","4500","1000","7/16/2025"
"ORD451","6/30/2025","Bdwa200","26744","7/16/2025","High","6/30/2025","Line-12","7/28/2025 2:30","7/28/2025 7:00","4500","1000","7/16/2025"
"ORD451","6/30/2025","Bdwa200","26744","7/16/2025","High","6/30/2025","Line-7","7/26/2025 23:30","7/27/2025 6:43","10843","1500","7/16/2025"
"ORD451","6/30/2025","Bdwa200","26744","7/16/2025","High","6/30/2025","Line-7","7/26/2025 23:30","7/27/2025 6:43","10843","1500","7/16/2025"
"ORD451","6/30/2025","Hdwa250","20784","7/16/2025","Medium","6/30/2025","Line-2","7/29/2025 19:30","7/29/2025 23:00","5250","1500","7/16/2025"
"ORD451","6/30/2025","Hdwa250","20784","7/16/2025","Medium","6/30/2025","Line-2","7/29/2025 19:30","7/29/2025 23:00","5250","1500","7/16/2025"
"ORD451","6/30/2025","Hdwa250","20784","7/16/2025","Medium","6/30/2025","Line-7","7/25/2025 16:30","7/25/2025 23:00","9750","1500","7/16/2025"
"ORD451","6/30/2025","Hdwa250","20784","7/16/2025","Medium","6/30/2025","Line-7","7/25/2025 16:30","7/25/2025 23:00","9750","1500","7/16/2025"
"ORD452","6/30/2025","Cond100","36407","7/16/2025","Medium","6/30/2025","Line-1","7/22/2025 5:30","7/22/2025 7:00","1800","1200","7/16/2025"
"ORD452","6/30/2025","Cond100","36407","7/16/2025","Medium","6/30/2025","Line-10","7/25/2025 14:00","7/25/2025 15:00","1500","1500","7/16/2025"
"ORD452","6/30/2025","Cond100","36407","7/16/2025","Medium","6/30/2025","Line-2","7/30/2025 10:30","7/30/2025 15:00","6750","1500","7/16/2025"
"ORD452","6/30/2025","Cond100","36407","7/16/2025","Medium","6/30/2025","Line-5","8/6/2025 0:30","8/6/2025 7:00","6500","1000","7/16/2025"
"ORD453","6/30/2025","Bdwa200","93754","7/16/2025","Low","6/30/2025","Line-11","7/20/2025 6:30","7/20/2025 7:00","600","1200","7/16/2025"
"ORD453","6/30/2025","Bdwa200","93754","7/16/2025","Low","6/30/2025","Line-11","7/20/2025 6:30","7/20/2025 7:00","600","1200","7/16/2025"
"ORD453","6/30/2025","Bdwa200","93754","7/16/2025","Low","6/30/2025","Line-5","8/2/2025 11:30","8/2/2025 15:00","3500","1000","7/16/2025"
"ORD453","6/30/2025","Bdwa200","93754","7/16/2025","Low","6/30/2025","Line-5","8/2/2025 11:30","8/2/2025 15:00","3500","1000","7/16/2025"
"ORD453","6/30/2025","Bdwa200","93754","7/16/2025","Low","6/30/2025","Line-9","7/28/2025 0:30","7/28/2025 7:00","9100","1400","7/16/2025"
"ORD453","6/30/2025","Bdwa200","93754","7/16/2025","Low","6/30/2025","Line-9","7/28/2025 0:30","7/28/2025 7:00","9100","1400","7/16/2025"
"ORD453","6/30/2025","Cond100","7572","7/16/2025","Medium","6/30/2025","Line-12","7/28/2025 10:00","7/28/2025 15:00","5000","1000","7/16/2025"
"ORD453","6/30/2025","Cond100","7572","7/16/2025","Medium","6/30/2025","Line-12","7/28/2025 10:00","7/28/2025 15:00","5000","1000","7/16/2025"
"ORD454","6/30/2025","Lot100","11311","7/16/2025","High","6/30/2025","Line-2","7/31/2025 17:00","7/31/2025 23:00","9000","1500","7/16/2025"
"ORD454","6/30/2025","Lot100","11311","7/16/2025","High","6/30/2025","Line-2","7/31/2025 17:00","7/31/2025 23:00","9000","1500","7/16/2025"
"ORD454","6/30/2025","Lot250","23657","7/16/2025","Low","6/30/2025","Line-2","7/30/2025 3:00","7/30/2025 7:00","6000","1500","7/16/2025"
"ORD454","6/30/2025","Lot250","23657","7/16/2025","Low","6/30/2025","Line-2","7/30/2025 3:00","7/30/2025 7:00","6000","1500","7/16/2025"
"ORD454","6/30/2025","Lot250","23657","7/16/2025","Low","6/30/2025","Line-5","8/2/2025 4:00","8/2/2025 7:00","3000","1000","7/16/2025"
"ORD454","6/30/2025","Lot250","23657","7/16/2025","Low","6/30/2025","Line-5","8/2/2025 4:00","8/2/2025 7:00","3000","1000","7/16/2025"
"ORD454","6/30/2025","Lot250","23657","7/16/2025","Low","6/30/2025","Line-6","7/26/2025 9:00","7/26/2025 15:00","4800","800","7/16/2025"
"ORD454","6/30/2025","Lot250","23657","7/16/2025","Low","6/30/2025","Line-6","7/26/2025 9:00","7/26/2025 15:00","4800","800","7/16/2025"
"ORD455","6/30/2025","Cond100","10186","7/16/2025","High","6/30/2025","Line-7","7/27/2025 7:00","7/27/2025 13:47","10186","1500","7/16/2025"
"ORD455","6/30/2025","Cond100","10186","7/16/2025","High","6/30/2025","Line-7","7/27/2025 7:00","7/27/2025 13:47","10186","1500","7/16/2025"
"ORD455","6/30/2025","Lot100","8829","7/16/2025","High","6/30/2025","Line-8","7/27/2025 1:30","7/27/2025 7:00","6600","1200","7/16/2025"
"ORD455","6/30/2025","Lot100","8829","7/16/2025","High","6/30/2025","Line-8","7/27/2025 1:30","7/27/2025 7:00","6600","1200","7/16/2025"
"ORD456","6/30/2025","Crm50","6953","7/16/2025","High","6/30/2025","Line-3","7/24/2025 7:00","7/24/2025 13:57","6953","1000","7/16/2025"
"ORD456","6/30/2025","Crm50","6953","7/16/2025","High","6/30/2025","Line-3","7/24/2025 7:00","7/24/2025 13:57","6953","1000","7/16/2025"
"ORD456","6/30/2025","Lot100","7575","7/16/2025","Medium","6/30/2025","Line-3","7/24/2025 22:30","7/24/2025 23:00","500","1000","7/16/2025"
"ORD456","6/30/2025","Lot100","7575","7/16/2025","Medium","6/30/2025","Line-3","7/24/2025 22:30","7/24/2025 23:00","500","1000","7/16/2025"
"ORD457","7/1/2025","Shmp100","16758","7/16/2025","High","7/1/2025","Line-1","7/27/2025 9:30","7/27/2025 15:00","6600","1200","7/16/2025"
"ORD457","7/1/2025","Shmp100","16758","7/16/2025","High","7/1/2025","Line-8","7/28/2025 8:30","7/28/2025 15:00","7800","1200","7/16/2025"
"ORD458","7/1/2025","Bdwa200","19465","7/16/2025","Medium","7/1/2025","Line-2","8/1/2025 1:00","8/1/2025 7:00","9000","1500","7/16/2025"
"ORD458","7/1/2025","Bdwa200","19465","7/16/2025","Medium","7/1/2025","Line-2","8/1/2025 1:00","8/1/2025 7:00","9000","1500","7/16/2025"
"ORD458","7/1/2025","Bdwa200","19465","7/16/2025","Medium","7/1/2025","Line-5","8/6/2025 16:30","8/6/2025 23:00","6500","1000","7/16/2025"
"ORD458","7/1/2025","Bdwa200","19465","7/16/2025","Medium","7/1/2025","Line-5","8/6/2025 16:30","8/6/2025 23:00","6500","1000","7/16/2025"
"ORD458","7/1/2025","Shmp100","23067","7/16/2025","High","7/1/2025","Line-11","7/29/2025 23:00","7/30/2025 6:41","9226","1200","7/16/2025"
"ORD458","7/1/2025","Shmp100","23067","7/16/2025","High","7/1/2025","Line-11","7/29/2025 23:00","7/30/2025 6:41","9226","1200","7/16/2025"
"ORD458","7/1/2025","Shmp100","23067","7/16/2025","High","7/1/2025","Line-4","7/30/2025 22:30","7/30/2025 23:00","400","800","7/16/2025"
"ORD458","7/1/2025","Shmp100","23067","7/16/2025","High","7/1/2025","Line-4","7/30/2025 22:30","7/30/2025 23:00","400","800","7/16/2025"
"ORD458","7/1/2025","Shmp100","23067","7/16/2025","High","7/1/2025","Line-5","8/8/2025 1:00","8/8/2025 7:00","6000","1000","7/16/2025"
"ORD458","7/1/2025","Shmp100","23067","7/16/2025","High","7/1/2025","Line-5","8/8/2025 1:00","8/8/2025 7:00","6000","1000","7/16/2025"
"ORD459","7/1/2025","Crm50","51409","7/16/2025","Low","7/1/2025","Line-1","7/23/2025 3:30","7/23/2025 7:00","4200","1200","7/16/2025"
"ORD459","7/1/2025","Crm50","51409","7/16/2025","Low","7/1/2025","Line-12","7/28/2025 18:00","7/28/2025 23:00","5000","1000","7/16/2025"
"ORD459","7/1/2025","Crm50","51409","7/16/2025","Low","7/1/2025","Line-2","8/2/2025 16:00","8/2/2025 23:00","10500","1500","7/16/2025"
"ORD459","7/1/2025","Crm50","51409","7/16/2025","Low","7/1/2025","Line-3","7/26/2025 5:30","7/26/2025 7:00","1500","1000","7/16/2025"
"ORD459","7/1/2025","Crm50","51409","7/16/2025","Low","7/1/2025","Line-9","7/30/2025 18:00","7/30/2025 23:00","7000","1400","7/16/2025"
"ORD459","7/1/2025","Crm50","51409","7/16/2025","Low","7/1/2025","Line-9","8/2/2025 19:30","8/2/2025 23:00","4900","1400","7/16/2025"
"ORD460","7/1/2025","Cond100","28135","7/16/2025","Low","7/1/2025","Line-5","8/7/2025 9:00","8/7/2025 15:00","6000","1000","7/16/2025"
"ORD460","7/1/2025","Cond100","28135","7/16/2025","Low","7/1/2025","Line-5","8/7/2025 9:00","8/7/2025 15:00","6000","1000","7/16/2025"
"ORD460","7/1/2025","Cond100","28135","7/16/2025","Low","7/1/2025","Line-7","7/29/2025 18:30","7/29/2025 23:00","6750","1500","7/16/2025"
"ORD460","7/1/2025","Cond100","28135","7/16/2025","Low","7/1/2025","Line-7","7/29/2025 18:30","7/29/2025 23:00","6750","1500","7/16/2025"
"ORD460","7/1/2025","Cond100","28135","7/16/2025","Low","7/1/2025","Line-8","7/29/2025 0:00","7/29/2025 7:00","8400","1200","7/16/2025"
"ORD460","7/1/2025","Cond100","28135","7/16/2025","Low","7/1/2025","Line-8","7/29/2025 0:00","7/29/2025 7:00","8400","1200","7/16/2025"
"ORD460","7/1/2025","Shmp200","17096","7/16/2025","Medium","7/1/2025","Line-12","7/30/2025 15:30","7/30/2025 22:20","6838","1000","7/16/2025"
"ORD460","7/1/2025","Shmp200","17096","7/16/2025","Medium","7/1/2025","Line-12","7/30/2025 15:30","7/30/2025 22:20","6838","1000","7/16/2025"
"ORD460","7/1/2025","Shmp200","17096","7/16/2025","Medium","7/1/2025","Line-7","8/1/2025 1:00","8/1/2025 7:00","9000","1500","7/16/2025"
"ORD460","7/1/2025","Shmp200","17096","7/16/2025","Medium","7/1/2025","Line-7","8/1/2025 1:00","8/1/2025 7:00","9000","1500","7/16/2025"
"ORD461","7/1/2025","Crm50","27570","7/16/2025","Medium","7/1/2025","Line-10","7/28/2025 20:00","7/28/2025 23:00","4500","1500","7/16/2025"
"ORD461","7/1/2025","Crm50","27570","7/16/2025","Medium","7/1/2025","Line-10","7/28/2025 20:00","7/28/2025 23:00","4500","1500","7/16/2025"
"ORD461","7/1/2025","Crm50","27570","7/16/2025","Medium","7/1/2025","Line-12","7/30/2025 23:00","7/31/2025 6:27","7451","1000","7/16/2025"
"ORD461","7/1/2025","Crm50","27570","7/16/2025","Medium","7/1/2025","Line-12","7/30/2025 23:00","7/31/2025 6:27","7451","1000","7/16/2025"
"ORD461","7/1/2025","Crm50","27570","7/16/2025","Medium","7/1/2025","Line-8","7/29/2025 23:00","7/30/2025 6:27","8941","1200","7/16/2025"
"ORD461","7/1/2025","Crm50","27570","7/16/2025","Medium","7/1/2025","Line-8","7/29/2025 23:00","7/30/2025 6:27","8941","1200","7/16/2025"
"ORD461","7/1/2025","Shmp100","83357","7/16/2025","Low","7/1/2025","Line-11","7/26/2025 2:30","7/26/2025 7:00","5400","1200","7/16/2025"
"ORD461","7/1/2025","Shmp100","83357","7/16/2025","Low","7/1/2025","Line-11","7/26/2025 2:30","7/26/2025 7:00","5400","1200","7/16/2025"
"ORD461","7/1/2025","Shmp100","83357","7/16/2025","Low","7/1/2025","Line-7","7/30/2025 17:30","7/30/2025 23:00","8250","1500","7/16/2025"
"ORD461","7/1/2025","Shmp100","83357","7/16/2025","Low","7/1/2025","Line-7","7/30/2025 17:30","7/30/2025 23:00","8250","1500","7/16/2025"
"ORD462","7/1/2025","Fcws100","6473","7/18/2025","High","7/1/2025","Line-12","7/29/2025 1:00","7/29/2025 7:00","6000","1000","7/18/2025"
"ORD462","7/1/2025","Fcws100","6473","7/18/2025","High","7/1/2025","Line-12","7/29/2025 1:00","7/29/2025 7:00","6000","1000","7/18/2025"
"ORD462","7/1/2025","Shmp100","31651","7/18/2025","Low","7/1/2025","Line-8","7/30/2025 7:00","7/30/2025 15:00","9600","1200","7/18/2025"
"ORD462","7/1/2025","Shmp100","31651","7/18/2025","Low","7/1/2025","Line-8","7/30/2025 7:00","7/30/2025 15:00","9600","1200","7/18/2025"
"ORD463","7/1/2025","Hdwa250","17641","7/16/2025","Medium","7/1/2025","Line-1","7/27/2025 2:30","7/27/2025 7:00","5400","1200","7/16/2025"
"ORD463","7/1/2025","Hdwa250","17641","7/16/2025","Medium","7/1/2025","Line-1","7/27/2025 2:30","7/27/2025 7:00","5400","1200","7/16/2025"
"ORD463","7/1/2025","Hdwa250","17641","7/16/2025","Medium","7/1/2025","Line-10","7/28/2025 13:00","7/28/2025 15:00","3000","1500","7/16/2025"
"ORD463","7/1/2025","Hdwa250","17641","7/16/2025","Medium","7/1/2025","Line-10","7/28/2025 13:00","7/28/2025 15:00","3000","1500","7/16/2025"
"ORD463","7/1/2025","Talc100","8466","7/16/2025","Low","7/1/2025","Line-8","7/29/2025 8:00","7/29/2025 15:00","8400","1200","7/16/2025"
"ORD463","7/1/2025","Talc100","8466","7/16/2025","Low","7/1/2025","Line-8","7/29/2025 8:00","7/29/2025 15:00","8400","1200","7/16/2025"
"ORD464","7/1/2025","Lot100","9268","7/16/2025","Low","7/1/2025","Line-11","7/30/2025 7:00","7/30/2025 14:43","9268","1200","7/16/2025"
"ORD464","7/1/2025","Lot100","9268","7/16/2025","Low","7/1/2025","Line-11","7/30/2025 7:00","7/30/2025 14:43","9268","1200","7/16/2025"
"ORD464","7/1/2025","Shmp200","94842","7/16/2025","Low","7/1/2025","Line-10","7/26/2025 6:00","7/26/2025 7:00","1500","1500","7/16/2025"
"ORD464","7/1/2025","Shmp200","94842","7/16/2025","Low","7/1/2025","Line-10","7/26/2025 6:00","7/26/2025 7:00","1500","1500","7/16/2025"
"ORD464","7/1/2025","Shmp200","94842","7/16/2025","Low","7/1/2025","Line-6","7/28/2025 7:30","7/28/2025 15:00","6000","800","7/16/2025"
"ORD464","7/1/2025","Shmp200","94842","7/16/2025","Low","7/1/2025","Line-6","7/28/2025 7:30","7/28/2025 15:00","6000","800","7/16/2025"
"ORD464","7/1/2025","Shmp200","94842","7/16/2025","Low","7/1/2025","Line-9","7/31/2025 1:00","7/31/2025 7:00","8400","1400","7/16/2025"
"ORD464","7/1/2025","Shmp200","94842","7/16/2025","Low","7/1/2025","Line-9","7/31/2025 1:00","7/31/2025 7:00","8400","1400","7/16/2025"
"ORD465","7/1/2025","Gel150","40534","7/18/2025","Medium","7/1/2025","Line-10","7/29/2025 12:30","7/29/2025 15:00","3750","1500","7/18/2025"
"ORD465","7/1/2025","Gel150","40534","7/18/2025","Medium","7/1/2025","Line-10","7/29/2025 12:30","7/29/2025 15:00","3750","1500","7/18/2025"
"ORD465","7/1/2025","Lot250","7651","7/18/2025","High","7/1/2025","Line-5","8/7/2025 1:00","8/7/2025 7:00","6000","1000","7/18/2025"
"ORD465","7/1/2025","Lot250","7651","7/18/2025","High","7/1/2025","Line-5","8/7/2025 1:00","8/7/2025 7:00","6000","1000","7/18/2025"
"ORD466","7/1/2025","Bdwa200","16326","7/16/2025","Low","7/1/2025","Line-4","7/31/2025 6:30","7/31/2025 7:00","400","800","7/16/2025"
"ORD466","7/1/2025","Bdwa200","16326","7/16/2025","Low","7/1/2025","Line-4","7/31/2025 6:30","7/31/2025 7:00","400","800","7/16/2025"
"ORD466","7/1/2025","Bdwa200","16326","7/16/2025","Low","7/1/2025","Line-9","8/2/2025 11:30","8/2/2025 15:00","4900","1400","7/16/2025"
"ORD466","7/1/2025","Bdwa200","16326","7/16/2025","Low","7/1/2025","Line-9","8/2/2025 11:30","8/2/2025 15:00","4900","1400","7/16/2025"
"ORD466","7/1/2025","Fcws100","21760","7/16/2025","High","7/1/2025","Line-1","7/24/2025 2:30","7/24/2025 7:00","5400","1200","7/16/2025"
"ORD466","7/1/2025","Fcws100","21760","7/16/2025","High","7/1/2025","Line-1","7/24/2025 2:30","7/24/2025 7:00","5400","1200","7/16/2025"
"ORD466","7/1/2025","Fcws100","21760","7/16/2025","High","7/1/2025","Line-12","7/29/2025 16:00","7/29/2025 22:48","6800","1000","7/16/2025"
"ORD466","7/1/2025","Fcws100","21760","7/16/2025","High","7/1/2025","Line-12","7/29/2025 16:00","7/29/2025 22:48","6800","1000","7/16/2025"
"ORD466","7/1/2025","Fcws100","21760","7/16/2025","High","7/1/2025","Line-3","7/25/2025 22:00","7/25/2025 23:00","1000","1000","7/16/2025"
"ORD466","7/1/2025","Fcws100","21760","7/16/2025","High","7/1/2025","Line-3","7/25/2025 22:00","7/25/2025 23:00","1000","1000","7/16/2025"
"ORD467","7/1/2025","Cond100","16948","7/16/2025","High","7/1/2025","Line-12","7/31/2025 7:00","7/31/2025 13:46","6780","1000","7/16/2025"
"ORD467","7/1/2025","Cond100","16948","7/16/2025","High","7/1/2025","Line-12","7/31/2025 7:00","7/31/2025 13:46","6780","1000","7/16/2025"
"ORD467","7/1/2025","Cond100","16948","7/16/2025","High","7/1/2025","Line-2","8/3/2025 0:00","8/3/2025 6:46","10168","1500","7/16/2025"
"ORD467","7/1/2025","Cond100","16948","7/16/2025","High","7/1/2025","Line-2","8/3/2025 0:00","8/3/2025 6:46","10168","1500","7/16/2025"
"ORD467","7/1/2025","Shmp200","10010","7/16/2025","Low","7/1/2025","Line-2","8/1/2025 9:30","8/1/2025 15:00","8250","1500","7/16/2025"
"ORD467","7/1/2025","Shmp200","10010","7/16/2025","Low","7/1/2025","Line-2","8/1/2025 9:30","8/1/2025 15:00","8250","1500","7/16/2025"
"ORD468","7/1/2025","Gel150","14165","7/16/2025","Low","7/1/2025","Line-6","7/29/2025 9:30","7/29/2025 15:00","4400","800","7/16/2025"
"ORD468","7/1/2025","Gel150","14165","7/16/2025","Low","7/1/2025","Line-8","7/29/2025 15:30","7/29/2025 22:42","8640","1200","7/16/2025"
"ORD469","7/1/2025","Cond100","10913","7/16/2025","Low","7/1/2025","Line-10","7/25/2025 22:00","7/25/2025 23:00","1500","1500","7/16/2025"
"ORD469","7/1/2025","Cond100","10913","7/16/2025","Low","7/1/2025","Line-10","7/25/2025 22:00","7/25/2025 23:00","1500","1500","7/16/2025"
"ORD469","7/1/2025","Crm50","35880","7/16/2025","High","7/1/2025","Line-10","7/29/2025 4:00","7/29/2025 7:00","4500","1500","7/16/2025"
"ORD469","7/1/2025","Crm50","35880","7/16/2025","High","7/1/2025","Line-10","7/29/2025 4:00","7/29/2025 7:00","4500","1500","7/16/2025"
"ORD469","7/1/2025","Crm50","35880","7/16/2025","High","7/1/2025","Line-2","8/3/2025 7:30","8/3/2025 15:00","11250","1500","7/16/2025"
"ORD469","7/1/2025","Crm50","35880","7/16/2025","High","7/1/2025","Line-2","8/3/2025 7:30","8/3/2025 15:00","11250","1500","7/16/2025"
"ORD469","7/1/2025","Crm50","35880","7/16/2025","High","7/1/2025","Line-7","8/1/2025 8:30","8/1/2025 15:00","9750","1500","7/16/2025"
"ORD469","7/1/2025","Crm50","35880","7/16/2025","High","7/1/2025","Line-7","8/1/2025 8:30","8/1/2025 15:00","9750","1500","7/16/2025"
"ORD470","7/1/2025","Fcws100","54413","7/17/2025","High","7/1/2025","Line-1","7/23/2025 10:30","7/23/2025 15:00","5400","1200","7/17/2025"
"ORD470","7/1/2025","Fcws100","54413","7/17/2025","High","7/1/2025","Line-1","7/27/2025 17:00","7/27/2025 23:00","7200","1200","7/17/2025"
"ORD470","7/1/2025","Fcws100","54413","7/17/2025","High","7/1/2025","Line-2","8/3/2025 16:00","8/3/2025 22:38","9960","1500","7/17/2025"
"ORD470","7/1/2025","Fcws100","54413","7/17/2025","High","7/1/2025","Line-5","8/8/2025 9:00","8/8/2025 15:00","6000","1000","7/17/2025"
"ORD470","7/1/2025","Fcws100","54413","7/17/2025","High","7/1/2025","Line-7","7/29/2025 10:30","7/29/2025 15:00","6750","1500","7/17/2025"
"ORD470","7/1/2025","Fcws100","54413","7/17/2025","High","7/1/2025","Line-8","7/28/2025 16:00","7/28/2025 23:00","8400","1200","7/17/2025"
"ORD471","7/1/2025","Gel150","11480","7/17/2025","Medium","7/1/2025","Line-2","8/4/2025 7:00","8/4/2025 14:39","11480","1500","7/17/2025"
"ORD471","7/1/2025","Gel150","11480","7/17/2025","Medium","7/1/2025","Line-2","8/4/2025 7:00","8/4/2025 14:39","11480","1500","7/17/2025"
"ORD471","7/1/2025","Talc100","15397","7/17/2025","High","7/1/2025","Line-11","7/25/2025 10:30","7/25/2025 15:00","5400","1200","7/17/2025"
"ORD471","7/1/2025","Talc100","15397","7/17/2025","High","7/1/2025","Line-11","7/25/2025 10:30","7/25/2025 15:00","5400","1200","7/17/2025"
"ORD471","7/1/2025","Talc100","15397","7/17/2025","High","7/1/2025","Line-12","7/29/2025 23:30","7/30/2025 6:29","6998","1000","7/17/2025"
"ORD471","7/1/2025","Talc100","15397","7/17/2025","High","7/1/2025","Line-12","7/29/2025 23:30","7/30/2025 6:29","6998","1000","7/17/2025"
"ORD472","7/1/2025","Crm50","106689","7/19/2025","Medium","7/1/2025","Line-6","7/30/2025 8:30","7/30/2025 15:00","5200","800","7/19/2025"
"ORD472","7/1/2025","Crm50","106689","7/19/2025","Medium","7/1/2025","Line-6","7/30/2025 8:30","7/30/2025 15:00","5200","800","7/19/2025"
"ORD472","7/1/2025","Crm50","106689","7/19/2025","Medium","7/1/2025","Line-7","8/1/2025 17:00","8/1/2025 23:00","9000","1500","7/19/2025"
"ORD472","7/1/2025","Crm50","106689","7/19/2025","Medium","7/1/2025","Line-7","8/1/2025 17:00","8/1/2025 23:00","9000","1500","7/19/2025"
"ORD472","7/1/2025","Crm50","106689","7/19/2025","Medium","7/1/2025","Line-9","8/3/2025 3:30","8/3/2025 7:00","4900","1400","7/19/2025"
"ORD472","7/1/2025","Crm50","106689","7/19/2025","Medium","7/1/2025","Line-9","8/3/2025 3:30","8/3/2025 7:00","4900","1400","7/19/2025"
"ORD472","7/1/2025","Shmp100","22030","7/19/2025","Medium","7/1/2025","Line-1","7/23/2025 18:30","7/23/2025 23:00","5400","1200","7/19/2025"
"ORD472","7/1/2025","Shmp100","22030","7/19/2025","Medium","7/1/2025","Line-1","7/23/2025 18:30","7/23/2025 23:00","5400","1200","7/19/2025"
"ORD472","7/1/2025","Shmp100","22030","7/19/2025","Medium","7/1/2025","Line-3","7/25/2025 6:30","7/25/2025 7:00","500","1000","7/19/2025"
"ORD472","7/1/2025","Shmp100","22030","7/19/2025","Medium","7/1/2025","Line-3","7/25/2025 6:30","7/25/2025 7:00","500","1000","7/19/2025"
"ORD472","7/1/2025","Shmp100","22030","7/19/2025","Medium","7/1/2025","Line-4","7/30/2025 14:30","7/30/2025 15:00","400","800","7/19/2025"
"ORD472","7/1/2025","Shmp100","22030","7/19/2025","Medium","7/1/2025","Line-4","7/30/2025 14:30","7/30/2025 15:00","400","800","7/19/2025"
"ORD473","7/1/2025","Gel150","18913","7/17/2025","Medium","7/1/2025","Line-1","7/28/2025 0:00","7/28/2025 7:00","8400","1200","7/17/2025"
"ORD473","7/1/2025","Gel150","18913","7/17/2025","Medium","7/1/2025","Line-1","7/28/2025 0:00","7/28/2025 7:00","8400","1200","7/17/2025"
"ORD473","7/1/2025","Gel150","18913","7/17/2025","Medium","7/1/2025","Line-8","7/31/2025 10:00","7/31/2025 15:00","6000","1200","7/17/2025"
"ORD473","7/1/2025","Gel150","18913","7/17/2025","Medium","7/1/2025","Line-8","7/31/2025 10:00","7/31/2025 15:00","6000","1200","7/17/2025"
"ORD473","7/1/2025","Shmp200","7869","7/17/2025","Medium","7/1/2025","Line-1","7/24/2025 10:00","7/24/2025 15:00","6000","1200","7/17/2025"
"ORD473","7/1/2025","Shmp200","7869","7/17/2025","Medium","7/1/2025","Line-1","7/24/2025 10:00","7/24/2025 15:00","6000","1200","7/17/2025"
"ORD474","7/1/2025","Lot100","7810","7/17/2025","High","7/1/2025","Line-5","8/8/2025 16:00","8/8/2025 23:00","7000","1000","7/17/2025"
"ORD474","7/1/2025","Lot100","7810","7/17/2025","High","7/1/2025","Line-5","8/8/2025 16:00","8/8/2025 23:00","7000","1000","7/17/2025"
"ORD474","7/1/2025","Lot250","82562","7/17/2025","Low","7/1/2025","Line-11","7/27/2025 10:00","7/27/2025 15:00","6000","1200","7/17/2025"
"ORD474","7/1/2025","Lot250","82562","7/17/2025","Low","7/1/2025","Line-11","7/27/2025 10:00","7/27/2025 15:00","6000","1200","7/17/2025"
"ORD474","7/1/2025","Lot250","82562","7/17/2025","Low","7/1/2025","Line-9","8/1/2025 3:00","8/1/2025 7:00","5600","1400","7/17/2025"
"ORD474","7/1/2025","Lot250","82562","7/17/2025","Low","7/1/2025","Line-9","8/1/2025 3:00","8/1/2025 7:00","5600","1400","7/17/2025"
"ORD475","7/1/2025","Hdwa250","83898","7/19/2025","Low","7/1/2025","Line-11","7/31/2025 13:00","7/31/2025 15:00","2400","1200","7/19/2025"
"ORD475","7/1/2025","Hdwa250","83898","7/19/2025","Low","7/1/2025","Line-11","7/31/2025 13:00","7/31/2025 15:00","2400","1200","7/19/2025"
"ORD475","7/1/2025","Hdwa250","83898","7/19/2025","Low","7/1/2025","Line-4","7/31/2025 22:00","7/31/2025 23:00","800","800","7/19/2025"
"ORD475","7/1/2025","Hdwa250","83898","7/19/2025","Low","7/1/2025","Line-4","7/31/2025 22:00","7/31/2025 23:00","800","800","7/19/2025"
"ORD475","7/1/2025","Hdwa250","83898","7/19/2025","Low","7/1/2025","Line-6","7/31/2025 14:00","7/31/2025 15:00","800","800","7/19/2025"
"ORD475","7/1/2025","Hdwa250","83898","7/19/2025","Low","7/1/2025","Line-6","7/31/2025 14:00","7/31/2025 15:00","800","800","7/19/2025"
"ORD475","7/1/2025","Shmp100","18417","7/19/2025","Low","7/1/2025","Line-12","7/29/2025 8:00","7/29/2025 15:00","7000","1000","7/19/2025"
"ORD475","7/1/2025","Shmp100","18417","7/19/2025","Low","7/1/2025","Line-12","7/29/2025 8:00","7/29/2025 15:00","7000","1000","7/19/2025"
"ORD475","7/1/2025","Shmp100","18417","7/19/2025","Low","7/1/2025","Line-2","8/1/2025 16:30","8/1/2025 23:00","9750","1500","7/19/2025"
"ORD475","7/1/2025","Shmp100","18417","7/19/2025","Low","7/1/2025","Line-2","8/1/2025 16:30","8/1/2025 23:00","9750","1500","7/19/2025"
"ORD476","7/1/2025","Shmp200","13552","7/17/2025","Medium","7/1/2025","Line-11","7/30/2025 15:00","7/30/2025 21:46","8132","1200","7/17/2025"
"ORD476","7/1/2025","Shmp200","13552","7/17/2025","Medium","7/1/2025","Line-11","7/30/2025 15:00","7/30/2025 21:46","8132","1200","7/17/2025"
"ORD476","7/1/2025","Shmp200","13552","7/17/2025","Medium","7/1/2025","Line-4","7/31/2025 14:30","7/31/2025 15:00","400","800","7/17/2025"
"ORD476","7/1/2025","Shmp200","13552","7/17/2025","Medium","7/1/2025","Line-4","7/31/2025 14:30","7/31/2025 15:00","400","800","7/17/2025"
"ORD476","7/1/2025","Talc100","9628","7/17/2025","Medium","7/1/2025","Line-7","7/30/2025 2:30","7/30/2025 7:00","6750","1500","7/17/2025"
"ORD476","7/1/2025","Talc100","9628","7/17/2025","Medium","7/1/2025","Line-7","7/30/2025 2:30","7/30/2025 7:00","6750","1500","7/17/2025"
"ORD477","7/1/2025","Bdwa200","12622","7/17/2025","Medium","7/1/2025","Line-3","7/25/2025 14:30","7/25/2025 15:00","500","1000","7/17/2025"
"ORD477","7/1/2025","Bdwa200","12622","7/17/2025","Medium","7/1/2025","Line-3","7/25/2025 14:30","7/25/2025 15:00","500","1000","7/17/2025"
"ORD477","7/1/2025","Bdwa200","12622","7/17/2025","Medium","7/1/2025","Line-6","7/28/2025 0:00","7/28/2025 7:00","5600","800","7/17/2025"
"ORD477","7/1/2025","Bdwa200","12622","7/17/2025","Medium","7/1/2025","Line-6","7/28/2025 0:00","7/28/2025 7:00","5600","800","7/17/2025"
"ORD477","7/1/2025","Cond100","21168","7/17/2025","Low","7/1/2025","Line-11","7/31/2025 5:30","7/31/2025 7:00","1800","1200","7/17/2025"
"ORD477","7/1/2025","Cond100","21168","7/17/2025","Low","7/1/2025","Line-11","7/31/2025 5:30","7/31/2025 7:00","1800","1200","7/17/2025"
"ORD477","7/1/2025","Cond100","21168","7/17/2025","Low","7/1/2025","Line-12","7/31/2025 14:30","7/31/2025 15:00","500","1000","7/17/2025"
"ORD477","7/1/2025","Cond100","21168","7/17/2025","Low","7/1/2025","Line-12","7/31/2025 14:30","7/31/2025 15:00","500","1000","7/17/2025"
"ORD477","7/1/2025","Cond100","21168","7/17/2025","Low","7/1/2025","Line-6","7/30/2025 1:00","7/30/2025 7:00","4800","800","7/17/2025"
"ORD477","7/1/2025","Cond100","21168","7/17/2025","Low","7/1/2025","Line-6","7/30/2025 1:00","7/30/2025 7:00","4800","800","7/17/2025"
"ORD478","7/1/2025","Shmp100","27264","7/19/2025","Low","7/1/2025","Line-5","8/9/2025 0:30","8/9/2025 7:00","6500","1000","7/19/2025"
"ORD478","7/1/2025","Shmp100","27264","7/19/2025","Low","7/1/2025","Line-5","8/9/2025 0:30","8/9/2025 7:00","6500","1000","7/19/2025"
"ORD478","7/1/2025","Shmp200","29194","7/19/2025","Low","7/1/2025","Line-2","8/2/2025 8:00","8/2/2025 15:00","10500","1500","7/19/2025"
"ORD478","7/1/2025","Shmp200","29194","7/19/2025","Low","7/1/2025","Line-2","8/2/2025 8:00","8/2/2025 15:00","10500","1500","7/19/2025"
"ORD478","7/1/2025","Shmp200","29194","7/19/2025","Low","7/1/2025","Line-5","8/7/2025 17:00","8/7/2025 23:00","6000","1000","7/19/2025"
"ORD478","7/1/2025","Shmp200","29194","7/19/2025","Low","7/1/2025","Line-5","8/7/2025 17:00","8/7/2025 23:00","6000","1000","7/19/2025"
"ORD478","7/1/2025","Shmp200","29194","7/19/2025","Low","7/1/2025","Line-7","7/30/2025 9:30","7/30/2025 15:00","8250","1500","7/19/2025"
"ORD478","7/1/2025","Shmp200","29194","7/19/2025","Low","7/1/2025","Line-7","7/30/2025 9:30","7/30/2025 15:00","8250","1500","7/19/2025"
"ORD479","7/1/2025","Hdwa250","25438","7/17/2025","Medium","7/1/2025","Line-1","7/28/2025 8:30","7/28/2025 15:00","7800","1200","7/17/2025"
"ORD479","7/1/2025","Hdwa250","25438","7/17/2025","Medium","7/1/2025","Line-1","7/28/2025 8:30","7/28/2025 15:00","7800","1200","7/17/2025"
"ORD479","7/1/2025","Hdwa250","25438","7/17/2025","Medium","7/1/2025","Line-10","7/30/2025 16:00","7/30/2025 23:00","10500","1500","7/17/2025"
"ORD479","7/1/2025","Hdwa250","25438","7/17/2025","Medium","7/1/2025","Line-10","7/30/2025 16:00","7/30/2025 23:00","10500","1500","7/17/2025"
"ORD479","7/1/2025","Hdwa250","25438","7/17/2025","Medium","7/1/2025","Line-6","7/29/2025 17:00","7/29/2025 23:00","4800","800","7/17/2025"
"ORD479","7/1/2025","Hdwa250","25438","7/17/2025","Medium","7/1/2025","Line-6","7/29/2025 17:00","7/29/2025 23:00","4800","800","7/17/2025"
"ORD479","7/1/2025","Shmp100","66631","7/17/2025","High","7/1/2025","Line-1","7/24/2025 17:00","7/24/2025 23:00","7200","1200","7/17/2025"
"ORD479","7/1/2025","Shmp100","66631","7/17/2025","High","7/1/2025","Line-1","7/24/2025 17:00","7/24/2025 23:00","7200","1200","7/17/2025"
"ORD479","7/1/2025","Shmp100","66631","7/17/2025","High","7/1/2025","Line-11","7/28/2025 18:30","7/28/2025 23:00","5400","1200","7/17/2025"
"ORD479","7/1/2025","Shmp100","66631","7/17/2025","High","7/1/2025","Line-11","7/28/2025 18:30","7/28/2025 23:00","5400","1200","7/17/2025"
"ORD480","7/1/2025","Lot250","7389","7/17/2025","Low","7/1/2025","Line-3","7/26/2025 13:30","7/26/2025 15:00","1500","1000","7/17/2025"
"ORD480","7/1/2025","Lot250","7389","7/17/2025","Low","7/1/2025","Line-3","7/26/2025 13:30","7/26/2025 15:00","1500","1000","7/17/2025"
"ORD480","7/1/2025","Shmp100","19163","7/17/2025","High","7/1/2025","Line-11","7/25/2025 3:00","7/25/2025 7:00","4800","1200","7/17/2025"
"ORD480","7/1/2025","Shmp100","19163","7/17/2025","High","7/1/2025","Line-11","7/25/2025 3:00","7/25/2025 7:00","4800","1200","7/17/2025"
"ORD480","7/1/2025","Shmp100","19163","7/17/2025","High","7/1/2025","Line-2","8/2/2025 0:30","8/2/2025 7:00","9750","1500","7/17/2025"
"ORD480","7/1/2025","Shmp100","19163","7/17/2025","High","7/1/2025","Line-2","8/2/2025 0:30","8/2/2025 7:00","9750","1500","7/17/2025"
"ORD481","7/1/2025","Crm50","17383","7/17/2025","High","7/1/2025","Line-11","7/25/2025 18:00","7/25/2025 23:00","6000","1200","7/17/2025"
"ORD481","7/1/2025","Crm50","17383","7/17/2025","High","7/1/2025","Line-11","7/25/2025 18:00","7/25/2025 23:00","6000","1200","7/17/2025"
"ORD481","7/1/2025","Crm50","17383","7/17/2025","High","7/1/2025","Line-12","7/30/2025 7:00","7/30/2025 14:54","7902","1000","7/17/2025"
"ORD481","7/1/2025","Crm50","17383","7/17/2025","High","7/1/2025","Line-12","7/30/2025 7:00","7/30/2025 14:54","7902","1000","7/17/2025"
"ORD481","7/1/2025","Lot100","20379","7/17/2025","Low","7/1/2025","Line-2","8/3/2025 23:00","8/4/2025 6:32","11322","1500","7/17/2025"
"ORD481","7/1/2025","Lot100","20379","7/17/2025","Low","7/1/2025","Line-2","8/3/2025 23:00","8/4/2025 6:32","11322","1500","7/17/2025"
"ORD481","7/1/2025","Lot100","20379","7/17/2025","Low","7/1/2025","Line-8","7/31/2025 18:30","7/31/2025 23:00","5400","1200","7/17/2025"
"ORD481","7/1/2025","Lot100","20379","7/17/2025","Low","7/1/2025","Line-8","7/31/2025 18:30","7/31/2025 23:00","5400","1200","7/17/2025"
"ORD482","7/1/2025","Shmp200","84150","7/17/2025","Medium","7/1/2025","Line-1","7/25/2025 21:30","7/25/2025 23:00","1800","1200","7/17/2025"
"ORD482","7/1/2025","Shmp200","84150","7/17/2025","Medium","7/1/2025","Line-10","7/27/2025 8:00","7/27/2025 15:00","10500","1500","7/17/2025"
"ORD482","7/1/2025","Shmp200","84150","7/17/2025","Medium","7/1/2025","Line-11","7/30/2025 22:30","7/30/2025 23:00","600","1200","7/17/2025"
"ORD483","7/2/2025","Talc100","46179","7/17/2025","Medium","7/2/2025","Line-1","7/28/2025 16:30","7/28/2025 23:00","7800","1200","7/17/2025"
"ORD483","7/2/2025","Talc100","46179","7/17/2025","Medium","7/2/2025","Line-11","8/5/2025 11:30","8/5/2025 15:00","4200","1200","7/17/2025"
"ORD483","7/2/2025","Talc100","46179","7/17/2025","Medium","7/2/2025","Line-3","7/28/2025 19:00","7/28/2025 23:00","4000","1000","7/17/2025"
"ORD483","7/2/2025","Talc100","46179","7/17/2025","Medium","7/2/2025","Line-7","8/2/2025 22:30","8/2/2025 23:00","750","1500","7/17/2025"
"ORD483","7/2/2025","Talc100","46179","7/17/2025","Medium","7/2/2025","Line-9","8/4/2025 9:00","8/4/2025 15:00","8400","1400","7/17/2025"
"ORD484","7/2/2025","Lot100","28467","7/17/2025","Low","7/2/2025","Line-11","8/4/2025 19:00","8/4/2025 23:00","4800","1200","7/17/2025"
"ORD484","7/2/2025","Lot100","28467","7/17/2025","Low","7/2/2025","Line-11","8/4/2025 19:00","8/4/2025 23:00","4800","1200","7/17/2025"
"ORD484","7/2/2025","Lot100","28467","7/17/2025","Low","7/2/2025","Line-7","8/4/2025 5:30","8/4/2025 7:00","2250","1500","7/17/2025"
"ORD484","7/2/2025","Lot100","28467","7/17/2025","Low","7/2/2025","Line-7","8/4/2025 5:30","8/4/2025 7:00","2250","1500","7/17/2025"
"ORD484","7/2/2025","Lot100","28467","7/17/2025","Low","7/2/2025","Line-8","8/3/2025 18:30","8/3/2025 23:00","5400","1200","7/17/2025"
"ORD484","7/2/2025","Lot100","28467","7/17/2025","Low","7/2/2025","Line-8","8/3/2025 18:30","8/3/2025 23:00","5400","1200","7/17/2025"
"ORD484","7/2/2025","Lot250","22673","7/17/2025","Medium","7/2/2025","Line-1","7/29/2025 0:30","7/29/2025 7:00","7800","1200","7/17/2025"
"ORD484","7/2/2025","Lot250","22673","7/17/2025","Medium","7/2/2025","Line-1","7/29/2025 0:30","7/29/2025 7:00","7800","1200","7/17/2025"
"ORD484","7/2/2025","Lot250","22673","7/17/2025","Medium","7/2/2025","Line-3","7/26/2025 21:30","7/26/2025 23:00","1500","1000","7/17/2025"
"ORD484","7/2/2025","Lot250","22673","7/17/2025","Medium","7/2/2025","Line-3","7/26/2025 21:30","7/26/2025 23:00","1500","1000","7/17/2025"
"ORD484","7/2/2025","Lot250","22673","7/17/2025","Medium","7/2/2025","Line-6","8/1/2025 20:30","8/1/2025 23:00","2000","800","7/17/2025"
"ORD484","7/2/2025","Lot250","22673","7/17/2025","Medium","7/2/2025","Line-6","8/1/2025 20:30","8/1/2025 23:00","2000","800","7/17/2025"
"ORD485","7/2/2025","Bdwa200","9035","7/17/2025","High","7/2/2025","Line-11","8/2/2025 2:30","8/2/2025 7:00","5400","1200","7/17/2025"
"ORD485","7/2/2025","Bdwa200","9035","7/17/2025","High","7/2/2025","Line-11","8/2/2025 2:30","8/2/2025 7:00","5400","1200","7/17/2025"
"ORD485","7/2/2025","Crm50","17059","7/17/2025","Low","7/2/2025","Line-11","8/5/2025 18:30","8/5/2025 23:00","5400","1200","7/17/2025"
"ORD485","7/2/2025","Crm50","17059","7/17/2025","Low","7/2/2025","Line-11","8/5/2025 18:30","8/5/2025 23:00","5400","1200","7/17/2025"
"ORD485","7/2/2025","Crm50","17059","7/17/2025","Low","7/2/2025","Line-5","8/11/2025 3:30","8/11/2025 7:00","3500","1000","7/17/2025"
"ORD485","7/2/2025","Crm50","17059","7/17/2025","Low","7/2/2025","Line-5","8/11/2025 3:30","8/11/2025 7:00","3500","1000","7/17/2025"
"ORD486","7/2/2025","Hdwa250","9086","7/19/2025","Low","7/2/2025","Line-9","8/4/2025 17:00","8/4/2025 23:00","8400","1400","7/19/2025"
"ORD486","7/2/2025","Hdwa250","9086","7/19/2025","Low","7/2/2025","Line-9","8/4/2025 17:00","8/4/2025 23:00","8400","1400","7/19/2025"
"ORD486","7/2/2025","Talc100","68107","7/19/2025","High","7/2/2025","Line-3","7/29/2025 2:00","7/29/2025 7:00","5000","1000","7/19/2025"
"ORD486","7/2/2025","Talc100","68107","7/19/2025","High","7/2/2025","Line-3","7/29/2025 2:00","7/29/2025 7:00","5000","1000","7/19/2025"
"ORD486","7/2/2025","Talc100","68107","7/19/2025","High","7/2/2025","Line-7","8/5/2025 4:00","8/5/2025 7:00","4500","1500","7/19/2025"
"ORD486","7/2/2025","Talc100","68107","7/19/2025","High","7/2/2025","Line-7","8/5/2025 4:00","8/5/2025 7:00","4500","1500","7/19/2025"
"ORD487","7/2/2025","Bdwa200","8668","7/17/2025","Medium","7/2/2025","Line-8","8/2/2025 0:30","8/2/2025 7:00","7800","1200","7/17/2025"
"ORD487","7/2/2025","Bdwa200","8668","7/17/2025","Medium","7/2/2025","Line-8","8/2/2025 0:30","8/2/2025 7:00","7800","1200","7/17/2025"
"ORD487","7/2/2025","Crm50","7803","7/17/2025","Low","7/2/2025","Line-3","7/28/2025 3:00","7/28/2025 7:00","4000","1000","7/17/2025"
"ORD487","7/2/2025","Crm50","7803","7/17/2025","Low","7/2/2025","Line-3","7/28/2025 3:00","7/28/2025 7:00","4000","1000","7/17/2025"
"ORD488","7/2/2025","Shmp100","85518","7/17/2025","Low","7/2/2025","Line-11","8/2/2025 10:30","8/2/2025 15:00","5400","1200","7/17/2025"
"ORD488","7/2/2025","Shmp100","85518","7/17/2025","Low","7/2/2025","Line-11","8/2/2025 10:30","8/2/2025 15:00","5400","1200","7/17/2025"
"ORD488","7/2/2025","Shmp100","85518","7/17/2025","Low","7/2/2025","Line-12","8/1/2025 12:30","8/1/2025 15:00","2500","1000","7/17/2025"
"ORD488","7/2/2025","Shmp100","85518","7/17/2025","Low","7/2/2025","Line-12","8/1/2025 12:30","8/1/2025 15:00","2500","1000","7/17/2025"
"ORD488","7/2/2025","Shmp100","85518","7/17/2025","Low","7/2/2025","Line-4","8/3/2025 10:00","8/3/2025 15:00","4000","800","7/17/2025"
"ORD488","7/2/2025","Shmp100","85518","7/17/2025","Low","7/2/2025","Line-4","8/3/2025 10:00","8/3/2025 15:00","4000","800","7/17/2025"
"ORD488","7/2/2025","Shmp200","9998","7/17/2025","Low","7/2/2025","Line-7","8/4/2025 13:30","8/4/2025 15:00","2250","1500","7/17/2025"
"ORD488","7/2/2025","Shmp200","9998","7/17/2025","Low","7/2/2025","Line-7","8/4/2025 13:30","8/4/2025 15:00","2250","1500","7/17/2025"
"ORD489","7/2/2025","Gel150","20913","7/17/2025","Low","7/2/2025","Line-1","7/29/2025 8:30","7/29/2025 15:00","7800","1200","7/17/2025"
"ORD489","7/2/2025","Gel150","20913","7/17/2025","Low","7/2/2025","Line-1","7/29/2025 8:30","7/29/2025 15:00","7800","1200","7/17/2025"
"ORD489","7/2/2025","Gel150","20913","7/17/2025","Low","7/2/2025","Line-12","7/31/2025 22:00","7/31/2025 23:00","1000","1000","7/17/2025"
"ORD489","7/2/2025","Gel150","20913","7/17/2025","Low","7/2/2025","Line-12","7/31/2025 22:00","7/31/2025 23:00","1000","1000","7/17/2025"
"ORD489","7/2/2025","Gel150","20913","7/17/2025","Low","7/2/2025","Line-5","8/10/2025 4:30","8/10/2025 7:00","2500","1000","7/17/2025"
"ORD489","7/2/2025","Gel150","20913","7/17/2025","Low","7/2/2025","Line-5","8/10/2025 4:30","8/10/2025 7:00","2500","1000","7/17/2025"
"ORD489","7/2/2025","Hdwa250","8748","7/17/2025","High","7/2/2025","Line-1","7/29/2025 23:30","7/30/2025 6:47","8748","1200","7/17/2025"
"ORD489","7/2/2025","Hdwa250","8748","7/17/2025","High","7/2/2025","Line-1","7/29/2025 23:30","7/30/2025 6:47","8748","1200","7/17/2025"
"ORD490","7/2/2025","Bdwa200","7837","7/17/2025","Medium","7/2/2025","Line-8","8/2/2025 8:00","8/2/2025 14:31","7837","1200","7/17/2025"
"ORD490","7/2/2025","Bdwa200","7837","7/17/2025","Medium","7/2/2025","Line-8","8/2/2025 8:00","8/2/2025 14:31","7837","1200","7/17/2025"
"ORD490","7/2/2025","Cond100","29284","7/17/2025","Low","7/2/2025","Line-11","8/5/2025 3:00","8/5/2025 7:00","4800","1200","7/17/2025"
"ORD490","7/2/2025","Cond100","29284","7/17/2025","Low","7/2/2025","Line-11","8/5/2025 3:00","8/5/2025 7:00","4800","1200","7/17/2025"
"ORD490","7/2/2025","Cond100","29284","7/17/2025","Low","7/2/2025","Line-12","8/2/2025 17:30","8/2/2025 23:00","5500","1000","7/17/2025"
"ORD490","7/2/2025","Cond100","29284","7/17/2025","Low","7/2/2025","Line-12","8/2/2025 17:30","8/2/2025 23:00","5500","1000","7/17/2025"
"ORD490","7/2/2025","Cond100","29284","7/17/2025","Low","7/2/2025","Line-2","8/5/2025 21:30","8/5/2025 23:00","2250","1500","7/17/2025"
"ORD490","7/2/2025","Cond100","29284","7/17/2025","Low","7/2/2025","Line-2","8/5/2025 21:30","8/5/2025 23:00","2250","1500","7/17/2025"
"ORD491","7/2/2025","Gel150","25465","7/17/2025","Medium","7/2/2025","Line-10","7/31/2025 0:00","7/31/2025 6:52","10323","1500","7/17/2025"
"ORD491","7/2/2025","Gel150","25465","7/17/2025","Medium","7/2/2025","Line-10","7/31/2025 0:00","7/31/2025 6:52","10323","1500","7/17/2025"
"ORD491","7/2/2025","Gel150","25465","7/17/2025","Medium","7/2/2025","Line-12","8/1/2025 5:00","8/1/2025 7:00","2000","1000","7/17/2025"
"ORD491","7/2/2025","Gel150","25465","7/17/2025","Medium","7/2/2025","Line-12","8/1/2025 5:00","8/1/2025 7:00","2000","1000","7/17/2025"
"ORD491","7/2/2025","Gel150","25465","7/17/2025","Medium","7/2/2025","Line-8","8/1/2025 2:30","8/1/2025 7:00","5400","1200","7/17/2025"
"ORD491","7/2/2025","Gel150","25465","7/17/2025","Medium","7/2/2025","Line-8","8/1/2025 2:30","8/1/2025 7:00","5400","1200","7/17/2025"
"ORD491","7/2/2025","Shmp200","10874","7/17/2025","High","7/2/2025","Line-10","8/1/2025 20:30","8/1/2025 23:00","3750","1500","7/17/2025"
"ORD491","7/2/2025","Shmp200","10874","7/17/2025","High","7/2/2025","Line-10","8/1/2025 20:30","8/1/2025 23:00","3750","1500","7/17/2025"
"ORD492","7/2/2025","Cond100","25331","7/17/2025","Medium","7/2/2025","Line-3","7/28/2025 11:30","7/28/2025 15:00","3500","1000","7/17/2025"
"ORD492","7/2/2025","Cond100","25331","7/17/2025","Medium","7/2/2025","Line-3","7/28/2025 11:30","7/28/2025 15:00","3500","1000","7/17/2025"
"ORD492","7/2/2025","Cond100","25331","7/17/2025","Medium","7/2/2025","Line-7","8/4/2025 20:30","8/4/2025 23:00","3750","1500","7/17/2025"
"ORD492","7/2/2025","Cond100","25331","7/17/2025","Medium","7/2/2025","Line-7","8/4/2025 20:30","8/4/2025 23:00","3750","1500","7/17/2025"
"ORD492","7/2/2025","Cond100","25331","7/17/2025","Medium","7/2/2025","Line-8","8/4/2025 2:30","8/4/2025 7:00","5400","1200","7/17/2025"
"ORD492","7/2/2025","Cond100","25331","7/17/2025","Medium","7/2/2025","Line-8","8/4/2025 2:30","8/4/2025 7:00","5400","1200","7/17/2025"
"ORD492","7/2/2025","Lot250","5639","7/17/2025","High","7/2/2025","Line-4","8/2/2025 12:00","8/2/2025 15:00","2400","800","7/17/2025"
"ORD492","7/2/2025","Lot250","5639","7/17/2025","High","7/2/2025","Line-4","8/2/2025 12:00","8/2/2025 15:00","2400","800","7/17/2025"
"ORD493","7/2/2025","Bdwa200","16629","7/18/2025","Low","7/2/2025","Line-2","8/4/2025 15:00","8/4/2025 22:13","10845","1500","7/18/2025"
"ORD493","7/2/2025","Bdwa200","16629","7/18/2025","Low","7/2/2025","Line-2","8/4/2025 15:00","8/4/2025 22:13","10845","1500","7/18/2025"
"ORD493","7/2/2025","Bdwa200","16629","7/18/2025","Low","7/2/2025","Line-4","8/2/2025 4:30","8/2/2025 7:00","2000","800","7/18/2025"
"ORD493","7/2/2025","Bdwa200","16629","7/18/2025","Low","7/2/2025","Line-4","8/2/2025 4:30","8/2/2025 7:00","2000","800","7/18/2025"
"ORD493","7/2/2025","Hdwa250","30420","7/18/2025","Medium","7/2/2025","Line-10","8/2/2025 4:00","8/2/2025 7:00","4500","1500","7/18/2025"
"ORD493","7/2/2025","Hdwa250","30420","7/18/2025","Medium","7/2/2025","Line-10","8/2/2025 4:00","8/2/2025 7:00","4500","1500","7/18/2025"
"ORD493","7/2/2025","Hdwa250","30420","7/18/2025","Medium","7/2/2025","Line-2","8/6/2025 6:00","8/6/2025 7:00","1500","1500","7/18/2025"
"ORD493","7/2/2025","Hdwa250","30420","7/18/2025","Medium","7/2/2025","Line-2","8/6/2025 6:00","8/6/2025 7:00","1500","1500","7/18/2025"
"ORD493","7/2/2025","Hdwa250","30420","7/18/2025","Medium","7/2/2025","Line-7","8/6/2025 7:30","8/6/2025 14:15","10140","1500","7/18/2025"
"ORD493","7/2/2025","Hdwa250","30420","7/18/2025","Medium","7/2/2025","Line-7","8/6/2025 7:30","8/6/2025 14:15","10140","1500","7/18/2025"
"ORD494","7/2/2025","Cond100","10545","7/18/2025","High","7/2/2025","Line-10","8/2/2025 20:00","8/2/2025 23:00","4500","1500","7/18/2025"
"ORD494","7/2/2025","Cond100","10545","7/18/2025","High","7/2/2025","Line-10","8/2/2025 20:00","8/2/2025 23:00","4500","1500","7/18/2025"
"ORD494","7/2/2025","Shmp200","15281","7/18/2025","Medium","7/2/2025","Line-2","8/4/2025 22:30","8/4/2025 23:00","750","1500","7/18/2025"
"ORD494","7/2/2025","Shmp200","15281","7/18/2025","Medium","7/2/2025","Line-2","8/4/2025 22:30","8/4/2025 23:00","750","1500","7/18/2025"
"ORD494","7/2/2025","Shmp200","15281","7/18/2025","Medium","7/2/2025","Line-6","8/2/2025 4:30","8/2/2025 7:00","2000","800","7/18/2025"
"ORD494","7/2/2025","Shmp200","15281","7/18/2025","Medium","7/2/2025","Line-6","8/2/2025 4:30","8/2/2025 7:00","2000","800","7/18/2025"
"ORD495","7/2/2025","Lot250","20220","7/18/2025","Medium","7/2/2025","Line-7","8/6/2025 15:00","8/6/2025 21:58","10458","1500","7/18/2025"
"ORD495","7/2/2025","Lot250","20220","7/18/2025","Medium","7/2/2025","Line-7","8/6/2025 15:00","8/6/2025 21:58","10458","1500","7/18/2025"
"ORD495","7/2/2025","Lot250","20220","7/18/2025","Medium","7/2/2025","Line-9","8/5/2025 0:00","8/5/2025 6:58","9762","1400","7/18/2025"
"ORD495","7/2/2025","Lot250","20220","7/18/2025","Medium","7/2/2025","Line-9","8/5/2025 0:00","8/5/2025 6:58","9762","1400","7/18/2025"
"ORD495","7/2/2025","Talc100","27250","7/18/2025","High","7/2/2025","Line-10","7/31/2025 7:30","7/31/2025 13:59","9732","1500","7/18/2025"
"ORD495","7/2/2025","Talc100","27250","7/18/2025","High","7/2/2025","Line-10","7/31/2025 7:30","7/31/2025 13:59","9732","1500","7/18/2025"
"ORD495","7/2/2025","Talc100","27250","7/18/2025","High","7/2/2025","Line-7","8/3/2025 6:30","8/3/2025 7:00","750","1500","7/18/2025"
"ORD495","7/2/2025","Talc100","27250","7/18/2025","High","7/2/2025","Line-7","8/3/2025 6:30","8/3/2025 7:00","750","1500","7/18/2025"
"ORD495","7/2/2025","Talc100","27250","7/18/2025","High","7/2/2025","Line-8","8/1/2025 10:00","8/1/2025 15:00","6000","1200","7/18/2025"
"ORD495","7/2/2025","Talc100","27250","7/18/2025","High","7/2/2025","Line-8","8/1/2025 10:00","8/1/2025 15:00","6000","1200","7/18/2025"
"ORD496","7/2/2025","Hdwa250","11003","7/18/2025","Medium","7/2/2025","Line-10","8/3/2025 3:30","8/3/2025 7:00","5250","1500","7/18/2025"
"ORD496","7/2/2025","Hdwa250","11003","7/18/2025","Medium","7/2/2025","Line-10","8/3/2025 3:30","8/3/2025 7:00","5250","1500","7/18/2025"
"ORD496","7/2/2025","Lot100","6439","7/18/2025","High","7/2/2025","Line-3","7/27/2025 5:30","7/27/2025 7:00","1500","1000","7/18/2025"
"ORD496","7/2/2025","Lot100","6439","7/18/2025","High","7/2/2025","Line-3","7/27/2025 5:30","7/27/2025 7:00","1500","1000","7/18/2025"
"ORD497","7/2/2025","Talc100","121431","7/20/2025","High","7/2/2025","Line-1","7/30/2025 23:00","7/31/2025 7:00","9600","1200","7/20/2025"
"ORD497","7/2/2025","Talc100","121431","7/20/2025","High","7/2/2025","Line-10","7/31/2025 21:30","7/31/2025 23:00","2250","1500","7/20/2025"
"ORD497","7/2/2025","Talc100","121431","7/20/2025","High","7/2/2025","Line-3","7/30/2025 19:30","7/30/2025 23:00","3500","1000","7/20/2025"
"ORD497","7/2/2025","Talc100","121431","7/20/2025","High","7/2/2025","Line-4","8/2/2025 19:30","8/2/2025 23:00","2800","800","7/20/2025"
"ORD497","7/2/2025","Talc100","121431","7/20/2025","High","7/2/2025","Line-6","8/2/2025 11:30","8/2/2025 15:00","2800","800","7/20/2025"
"ORD497","7/2/2025","Talc100","121431","7/20/2025","High","7/2/2025","Line-7","8/6/2025 22:30","8/6/2025 23:00","750","1500","7/20/2025"
"ORD498","7/2/2025","Cond100","28376","7/18/2025","Medium","7/2/2025","Line-1","7/29/2025 15:30","7/29/2025 23:00","9000","1200","7/18/2025"
"ORD498","7/2/2025","Cond100","28376","7/18/2025","Medium","7/2/2025","Line-1","7/29/2025 15:30","7/29/2025 23:00","9000","1200","7/18/2025"
"ORD498","7/2/2025","Cond100","28376","7/18/2025","Medium","7/2/2025","Line-5","8/10/2025 11:30","8/10/2025 15:00","3500","1000","7/18/2025"
"ORD498","7/2/2025","Cond100","28376","7/18/2025","Medium","7/2/2025","Line-5","8/10/2025 11:30","8/10/2025 15:00","3500","1000","7/18/2025"
"ORD498","7/2/2025","Cond100","28376","7/18/2025","Medium","7/2/2025","Line-7","8/3/2025 13:30","8/3/2025 15:00","2250","1500","7/18/2025"
"ORD498","7/2/2025","Cond100","28376","7/18/2025","Medium","7/2/2025","Line-7","8/3/2025 13:30","8/3/2025 15:00","2250","1500","7/18/2025"
"ORD498","7/2/2025","Fcws100","5667","7/18/2025","Medium","7/2/2025","Line-6","8/2/2025 18:30","8/2/2025 23:00","3600","800","7/18/2025"
"ORD498","7/2/2025","Fcws100","5667","7/18/2025","Medium","7/2/2025","Line-6","8/2/2025 18:30","8/2/2025 23:00","3600","800","7/18/2025"
"ORD499","7/2/2025","Lot100","27965","7/18/2025","Medium","7/2/2025","Line-2","8/6/2025 20:30","8/6/2025 23:00","3750","1500","7/18/2025"
"ORD499","7/2/2025","Lot100","27965","7/18/2025","Medium","7/2/2025","Line-5","8/10/2025 19:30","8/10/2025 23:00","3500","1000","7/18/2025"
"ORD499","7/2/2025","Lot100","27965","7/18/2025","Medium","7/2/2025","Line-7","8/3/2025 21:30","8/3/2025 23:00","2250","1500","7/18/2025"
"ORD500","7/2/2025","Gel150","23969","7/18/2025","Medium","7/2/2025","Line-10","8/1/2025 4:30","8/1/2025 7:00","3750","1500","7/18/2025"
"ORD500","7/2/2025","Gel150","23969","7/18/2025","Medium","7/2/2025","Line-10","8/1/2025 4:30","8/1/2025 7:00","3750","1500","7/18/2025"
"ORD500","7/2/2025","Gel150","23969","7/18/2025","Medium","7/2/2025","Line-2","8/5/2025 5:30","8/5/2025 7:00","2250","1500","7/18/2025"
"ORD500","7/2/2025","Gel150","23969","7/18/2025","Medium","7/2/2025","Line-2","8/5/2025 5:30","8/5/2025 7:00","2250","1500","7/18/2025"
"ORD500","7/2/2025","Shmp200","21524","7/18/2025","High","7/2/2025","Line-3","7/30/2025 5:30","7/30/2025 7:00","1500","1000","7/18/2025"
"ORD500","7/2/2025","Shmp200","21524","7/18/2025","High","7/2/2025","Line-3","7/30/2025 5:30","7/30/2025 7:00","1500","1000","7/18/2025"
"ORD500","7/2/2025","Shmp200","21524","7/18/2025","High","7/2/2025","Line-5","8/11/2025 12:00","8/11/2025 15:00","3000","1000","7/18/2025"
"ORD500","7/2/2025","Shmp200","21524","7/18/2025","High","7/2/2025","Line-5","8/11/2025 12:00","8/11/2025 15:00","3000","1000","7/18/2025"
"ORD500","7/2/2025","Shmp200","21524","7/18/2025","High","7/2/2025","Line-8","8/4/2025 10:00","8/4/2025 15:00","6000","1200","7/18/2025"
"ORD500","7/2/2025","Shmp200","21524","7/18/2025","High","7/2/2025","Line-8","8/4/2025 10:00","8/4/2025 15:00","6000","1200","7/18/2025"
"ORD501","7/2/2025","Cond100","86859","7/18/2025","High","7/2/2025","Line-11","8/3/2025 15:30","8/3/2025 23:00","9000","1200","7/18/2025"
"ORD501","7/2/2025","Cond100","86859","7/18/2025","High","7/2/2025","Line-11","8/3/2025 15:30","8/3/2025 23:00","9000","1200","7/18/2025"
"ORD501","7/2/2025","Cond100","86859","7/18/2025","High","7/2/2025","Line-4","8/4/2025 15:00","8/4/2025 23:00","6400","800","7/18/2025"
"ORD501","7/2/2025","Cond100","86859","7/18/2025","High","7/2/2025","Line-4","8/4/2025 15:00","8/4/2025 23:00","6400","800","7/18/2025"
"ORD501","7/2/2025","Cond100","86859","7/18/2025","High","7/2/2025","Line-8","8/2/2025 15:00","8/2/2025 23:00","9600","1200","7/18/2025"
"ORD501","7/2/2025","Cond100","86859","7/18/2025","High","7/2/2025","Line-8","8/2/2025 15:00","8/2/2025 23:00","9600","1200","7/18/2025"
"ORD501","7/2/2025","Crm50","22809","7/18/2025","Medium","7/2/2025","Line-1","7/30/2025 15:30","7/30/2025 22:37","8555","1200","7/18/2025"
"ORD501","7/2/2025","Crm50","22809","7/18/2025","Medium","7/2/2025","Line-1","7/30/2025 15:30","7/30/2025 22:37","8555","1200","7/18/2025"
"ORD501","7/2/2025","Crm50","22809","7/18/2025","Medium","7/2/2025","Line-12","8/3/2025 10:00","8/3/2025 15:00","5000","1000","7/18/2025"
"ORD501","7/2/2025","Crm50","22809","7/18/2025","Medium","7/2/2025","Line-12","8/3/2025 10:00","8/3/2025 15:00","5000","1000","7/18/2025"
"ORD501","7/2/2025","Crm50","22809","7/18/2025","Medium","7/2/2025","Line-5","8/11/2025 19:00","8/11/2025 23:00","4000","1000","7/18/2025"
"ORD501","7/2/2025","Crm50","22809","7/18/2025","Medium","7/2/2025","Line-5","8/11/2025 19:00","8/11/2025 23:00","4000","1000","7/18/2025"
"ORD502","7/2/2025","Fcws100","89053","7/20/2025","Low","7/2/2025","Line-11","8/6/2025 3:00","8/6/2025 7:00","4800","1200","7/20/2025"
"ORD502","7/2/2025","Fcws100","89053","7/20/2025","Low","7/2/2025","Line-11","8/6/2025 3:00","8/6/2025 7:00","4800","1200","7/20/2025"
"ORD502","7/2/2025","Fcws100","89053","7/20/2025","Low","7/2/2025","Line-3","7/31/2025 23:00","8/1/2025 7:00","8000","1000","7/20/2025"
"ORD502","7/2/2025","Fcws100","89053","7/20/2025","Low","7/2/2025","Line-3","7/31/2025 23:00","8/1/2025 7:00","8000","1000","7/20/2025"
"ORD502","7/2/2025","Fcws100","89053","7/20/2025","Low","7/2/2025","Line-4","8/7/2025 10:00","8/7/2025 15:00","4000","800","7/20/2025"
"ORD502","7/2/2025","Fcws100","89053","7/20/2025","Low","7/2/2025","Line-4","8/7/2025 10:00","8/7/2025 15:00","4000","800","7/20/2025"
"ORD502","7/2/2025","Shmp100","8308","7/20/2025","High","7/2/2025","Line-8","8/1/2025 17:00","8/1/2025 23:00","7200","1200","7/20/2025"
"ORD502","7/2/2025","Shmp100","8308","7/20/2025","High","7/2/2025","Line-8","8/1/2025 17:00","8/1/2025 23:00","7200","1200","7/20/2025"
"ORD503","7/2/2025","Gel150","11899","7/18/2025","Low","7/2/2025","Line-10","8/2/2025 11:30","8/2/2025 15:00","5250","1500","7/18/2025"
"ORD503","7/2/2025","Gel150","11899","7/18/2025","Low","7/2/2025","Line-10","8/2/2025 11:30","8/2/2025 15:00","5250","1500","7/18/2025"
"ORD503","7/2/2025","Hdwa250","22665","7/18/2025","Low","7/2/2025","Line-10","8/1/2025 13:00","8/1/2025 15:00","3000","1500","7/18/2025"
"ORD503","7/2/2025","Hdwa250","22665","7/18/2025","Low","7/2/2025","Line-10","8/1/2025 13:00","8/1/2025 15:00","3000","1500","7/18/2025"
"ORD503","7/2/2025","Hdwa250","22665","7/18/2025","Low","7/2/2025","Line-3","7/27/2025 19:30","7/27/2025 23:00","3500","1000","7/18/2025"
"ORD503","7/2/2025","Hdwa250","22665","7/18/2025","Low","7/2/2025","Line-3","7/27/2025 19:30","7/27/2025 23:00","3500","1000","7/18/2025"
"ORD503","7/2/2025","Hdwa250","22665","7/18/2025","Low","7/2/2025","Line-4","8/3/2025 2:30","8/3/2025 7:00","3600","800","7/18/2025"
"ORD503","7/2/2025","Hdwa250","22665","7/18/2025","Low","7/2/2025","Line-4","8/3/2025 2:30","8/3/2025 7:00","3600","800","7/18/2025"
"ORD504","7/2/2025","Fcws100","24865","7/18/2025","High","7/2/2025","Line-4","8/5/2025 18:30","8/5/2025 23:00","3600","800","7/18/2025"
"ORD504","7/2/2025","Fcws100","24865","7/18/2025","High","7/2/2025","Line-4","8/5/2025 18:30","8/5/2025 23:00","3600","800","7/18/2025"
"ORD504","7/2/2025","Gel150","22842","7/18/2025","Low","7/2/2025","Line-1","7/30/2025 7:30","7/30/2025 15:00","9000","1200","7/18/2025"
"ORD504","7/2/2025","Gel150","22842","7/18/2025","Low","7/2/2025","Line-1","7/30/2025 7:30","7/30/2025 15:00","9000","1200","7/18/2025"
"ORD504","7/2/2025","Gel150","22842","7/18/2025","Low","7/2/2025","Line-12","8/3/2025 2:00","8/3/2025 7:00","5000","1000","7/18/2025"
"ORD504","7/2/2025","Gel150","22842","7/18/2025","Low","7/2/2025","Line-12","8/3/2025 2:00","8/3/2025 7:00","5000","1000","7/18/2025"
"ORD504","7/2/2025","Gel150","22842","7/18/2025","Low","7/2/2025","Line-4","8/7/2025 2:00","8/7/2025 7:00","4000","800","7/18/2025"
"ORD504","7/2/2025","Gel150","22842","7/18/2025","Low","7/2/2025","Line-4","8/7/2025 2:00","8/7/2025 7:00","4000","800","7/18/2025"
"ORD505","7/2/2025","Lot100","24789","7/18/2025","Medium","7/2/2025","Line-10","7/31/2025 14:30","7/31/2025 15:00","750","1500","7/18/2025"
"ORD505","7/2/2025","Lot100","24789","7/18/2025","Medium","7/2/2025","Line-10","7/31/2025 14:30","7/31/2025 15:00","750","1500","7/18/2025"
"ORD505","7/2/2025","Lot100","24789","7/18/2025","Medium","7/2/2025","Line-11","8/1/2025 19:30","8/1/2025 23:00","4200","1200","7/18/2025"
"ORD505","7/2/2025","Lot100","24789","7/18/2025","Medium","7/2/2025","Line-11","8/1/2025 19:30","8/1/2025 23:00","4200","1200","7/18/2025"
"ORD505","7/2/2025","Lot100","24789","7/18/2025","Medium","7/2/2025","Line-3","7/27/2025 12:30","7/27/2025 15:00","2500","1000","7/18/2025"
"ORD505","7/2/2025","Lot100","24789","7/18/2025","Medium","7/2/2025","Line-3","7/27/2025 12:30","7/27/2025 15:00","2500","1000","7/18/2025"
"ORD505","7/2/2025","Shmp200","18827","7/18/2025","Medium","7/2/2025","Line-10","8/3/2025 11:30","8/3/2025 15:00","5250","1500","7/18/2025"
"ORD505","7/2/2025","Shmp200","18827","7/18/2025","Medium","7/2/2025","Line-10","8/3/2025 11:30","8/3/2025 15:00","5250","1500","7/18/2025"
"ORD505","7/2/2025","Shmp200","18827","7/18/2025","Medium","7/2/2025","Line-5","8/12/2025 2:30","8/12/2025 7:00","4500","1000","7/18/2025"
"ORD505","7/2/2025","Shmp200","18827","7/18/2025","Medium","7/2/2025","Line-5","8/12/2025 2:30","8/12/2025 7:00","4500","1000","7/18/2025"
"ORD506","7/2/2025","Gel150","26003","7/18/2025","High","7/2/2025","Line-2","8/6/2025 13:30","8/6/2025 15:00","2250","1500","7/18/2025"
"ORD506","7/2/2025","Gel150","26003","7/18/2025","High","7/2/2025","Line-2","8/6/2025 13:30","8/6/2025 15:00","2250","1500","7/18/2025"
"ORD506","7/2/2025","Gel150","26003","7/18/2025","High","7/2/2025","Line-3","7/30/2025 12:30","7/30/2025 15:00","2500","1000","7/18/2025"
"ORD506","7/2/2025","Gel150","26003","7/18/2025","High","7/2/2025","Line-3","7/30/2025 12:30","7/30/2025 15:00","2500","1000","7/18/2025"
"ORD506","7/2/2025","Gel150","26003","7/18/2025","High","7/2/2025","Line-9","8/5/2025 7:30","8/5/2025 14:10","9335","1400","7/18/2025"
"ORD506","7/2/2025","Gel150","26003","7/18/2025","High","7/2/2025","Line-9","8/5/2025 7:30","8/5/2025 14:10","9335","1400","7/18/2025"
"ORD506","7/2/2025","Lot250","10129","7/18/2025","High","7/2/2025","Line-2","8/5/2025 14:00","8/5/2025 15:00","1500","1500","7/18/2025"
"ORD506","7/2/2025","Lot250","10129","7/18/2025","High","7/2/2025","Line-2","8/5/2025 14:00","8/5/2025 15:00","1500","1500","7/18/2025"
"ORD507","7/3/2025","Bdwa200","17101","7/18/2025","Low","7/3/2025","Line-5","8/12/2025 10:30","8/12/2025 15:00","4500","1000","7/18/2025"
"ORD507","7/3/2025","Bdwa200","17101","7/18/2025","Low","7/3/2025","Line-5","8/12/2025 10:30","8/12/2025 15:00","4500","1000","7/18/2025"
"ORD507","7/3/2025","Bdwa200","17101","7/18/2025","Low","7/3/2025","Line-8","8/4/2025 17:00","8/4/2025 23:00","7200","1200","7/18/2025"
"ORD507","7/3/2025","Bdwa200","17101","7/18/2025","Low","7/3/2025","Line-8","8/4/2025 17:00","8/4/2025 23:00","7200","1200","7/18/2025"
"ORD507","7/3/2025","Talc100","19968","7/18/2025","Medium","7/3/2025","Line-12","8/7/2025 23:30","8/8/2025 6:37","7132","1000","7/18/2025"
"ORD507","7/3/2025","Talc100","19968","7/18/2025","Medium","7/3/2025","Line-12","8/7/2025 23:30","8/8/2025 6:37","7132","1000","7/18/2025"
"ORD507","7/3/2025","Talc100","19968","7/18/2025","Medium","7/3/2025","Line-3","8/2/2025 13:00","8/2/2025 15:00","2000","1000","7/18/2025"
"ORD507","7/3/2025","Talc100","19968","7/18/2025","Medium","7/3/2025","Line-3","8/2/2025 13:00","8/2/2025 15:00","2000","1000","7/18/2025"
"ORD507","7/3/2025","Talc100","19968","7/18/2025","Medium","7/3/2025","Line-4","8/10/2025 19:30","8/10/2025 23:00","2800","800","7/18/2025"
"ORD507","7/3/2025","Talc100","19968","7/18/2025","Medium","7/3/2025","Line-4","8/10/2025 19:30","8/10/2025 23:00","2800","800","7/18/2025"
"ORD508","7/3/2025","Hdwa250","16211","7/18/2025","High","7/3/2025","Line-1","8/3/2025 19:30","8/3/2025 23:00","4200","1200","7/18/2025"
"ORD508","7/3/2025","Hdwa250","16211","7/18/2025","High","7/3/2025","Line-1","8/3/2025 19:30","8/3/2025 23:00","4200","1200","7/18/2025"
"ORD508","7/3/2025","Hdwa250","16211","7/18/2025","High","7/3/2025","Line-12","8/7/2025 15:30","8/7/2025 22:52","7369","1000","7/18/2025"
"ORD508","7/3/2025","Hdwa250","16211","7/18/2025","High","7/3/2025","Line-12","8/7/2025 15:30","8/7/2025 22:52","7369","1000","7/18/2025"
"ORD508","7/3/2025","Lot100","21606","7/18/2025","High","7/3/2025","Line-1","8/1/2025 10:30","8/1/2025 15:00","5400","1200","7/18/2025"
"ORD508","7/3/2025","Lot100","21606","7/18/2025","High","7/3/2025","Line-1","8/1/2025 10:30","8/1/2025 15:00","5400","1200","7/18/2025"
"ORD508","7/3/2025","Lot100","21606","7/18/2025","High","7/3/2025","Line-12","8/4/2025 17:00","8/4/2025 23:00","6000","1000","7/18/2025"
"ORD508","7/3/2025","Lot100","21606","7/18/2025","High","7/3/2025","Line-12","8/4/2025 17:00","8/4/2025 23:00","6000","1000","7/18/2025"
"ORD508","7/3/2025","Lot100","21606","7/18/2025","High","7/3/2025","Line-4","8/9/2025 0:00","8/9/2025 7:00","5600","800","7/18/2025"
"ORD508","7/3/2025","Lot100","21606","7/18/2025","High","7/3/2025","Line-4","8/9/2025 0:00","8/9/2025 7:00","5600","800","7/18/2025"
"ORD509","7/3/2025","Crm50","120243","7/18/2025","Medium","7/3/2025","Line-2","8/8/2025 17:30","8/8/2025 23:00","8250","1500","7/18/2025"
"ORD509","7/3/2025","Crm50","120243","7/18/2025","Medium","7/3/2025","Line-2","8/8/2025 17:30","8/8/2025 23:00","8250","1500","7/18/2025"
"ORD509","7/3/2025","Crm50","120243","7/18/2025","Medium","7/3/2025","Line-8","8/6/2025 8:00","8/6/2025 15:00","8400","1200","7/18/2025"
"ORD509","7/3/2025","Crm50","120243","7/18/2025","Medium","7/3/2025","Line-8","8/6/2025 8:00","8/6/2025 15:00","8400","1200","7/18/2025"
"ORD509","7/3/2025","Crm50","120243","7/18/2025","Medium","7/3/2025","Line-9","8/7/2025 0:00","8/7/2025 7:00","9800","1400","7/18/2025"
"ORD509","7/3/2025","Crm50","120243","7/18/2025","Medium","7/3/2025","Line-9","8/7/2025 0:00","8/7/2025 7:00","9800","1400","7/18/2025"
"ORD509","7/3/2025","Shmp100","7894","7/18/2025","High","7/3/2025","Line-8","8/9/2025 21:30","8/9/2025 23:00","1800","1200","7/18/2025"
"ORD509","7/3/2025","Shmp100","7894","7/18/2025","High","7/3/2025","Line-8","8/9/2025 21:30","8/9/2025 23:00","1800","1200","7/18/2025"
"ORD510","7/3/2025","Crm50","11035","7/18/2025","Low","7/3/2025","Line-9","8/5/2025 14:30","8/5/2025 15:00","700","1400","7/18/2025"
"ORD510","7/3/2025","Crm50","11035","7/18/2025","Low","7/3/2025","Line-9","8/5/2025 14:30","8/5/2025 15:00","700","1400","7/18/2025"
"ORD510","7/3/2025","Shmp200","6590","7/18/2025","Medium","7/3/2025","Line-5","8/14/2025 20:00","8/14/2025 23:00","3000","1000","7/18/2025"
"ORD510","7/3/2025","Shmp200","6590","7/18/2025","Medium","7/3/2025","Line-5","8/14/2025 20:00","8/14/2025 23:00","3000","1000","7/18/2025"
"ORD511","7/3/2025","Crm50","8342","7/18/2025","Low","7/3/2025","Line-8","8/10/2025 4:30","8/10/2025 7:00","3000","1200","7/18/2025"
"ORD511","7/3/2025","Crm50","8342","7/18/2025","Low","7/3/2025","Line-8","8/10/2025 4:30","8/10/2025 7:00","3000","1200","7/18/2025"
"ORD511","7/3/2025","Lot250","28629","7/18/2025","Low","7/3/2025","Line-12","8/3/2025 17:30","8/3/2025 23:00","5500","1000","7/18/2025"
"ORD511","7/3/2025","Lot250","28629","7/18/2025","Low","7/3/2025","Line-12","8/3/2025 17:30","8/3/2025 23:00","5500","1000","7/18/2025"
"ORD511","7/3/2025","Lot250","28629","7/18/2025","Low","7/3/2025","Line-8","8/5/2025 1:30","8/5/2025 7:00","6600","1200","7/18/2025"
"ORD511","7/3/2025","Lot250","28629","7/18/2025","Low","7/3/2025","Line-8","8/5/2025 1:30","8/5/2025 7:00","6600","1200","7/18/2025"
"ORD511","7/3/2025","Lot250","28629","7/18/2025","Low","7/3/2025","Line-9","8/5/2025 23:00","8/6/2025 6:57","11133","1400","7/18/2025"
"ORD511","7/3/2025","Lot250","28629","7/18/2025","Low","7/3/2025","Line-9","8/5/2025 23:00","8/6/2025 6:57","11133","1400","7/18/2025"
"ORD512","7/3/2025","Shmp200","5435","7/20/2025","High","7/3/2025","Line-6","8/3/2025 16:30","8/3/2025 23:00","5200","800","7/20/2025"
"ORD512","7/3/2025","Shmp200","5435","7/20/2025","High","7/3/2025","Line-6","8/3/2025 16:30","8/3/2025 23:00","5200","800","7/20/2025"
"ORD512","7/3/2025","Talc100","61528","7/20/2025","Medium","7/3/2025","Line-3","8/2/2025 20:30","8/2/2025 23:00","2500","1000","7/20/2025"
"ORD512","7/3/2025","Talc100","61528","7/20/2025","Medium","7/3/2025","Line-3","8/2/2025 20:30","8/2/2025 23:00","2500","1000","7/20/2025"
"ORD512","7/3/2025","Talc100","61528","7/20/2025","Medium","7/3/2025","Line-8","8/10/2025 12:00","8/10/2025 15:00","3600","1200","7/20/2025"
"ORD512","7/3/2025","Talc100","61528","7/20/2025","Medium","7/3/2025","Line-8","8/10/2025 12:00","8/10/2025 15:00","3600","1200","7/20/2025"
"ORD513","7/3/2025","Cond100","28649","7/18/2025","High","7/3/2025","Line-1","8/4/2025 3:30","8/4/2025 7:00","4200","1200","7/18/2025"
"ORD513","7/3/2025","Cond100","28649","7/18/2025","High","7/3/2025","Line-1","8/4/2025 3:30","8/4/2025 7:00","4200","1200","7/18/2025"
"ORD513","7/3/2025","Cond100","28649","7/18/2025","High","7/3/2025","Line-11","8/8/2025 7:30","8/8/2025 14:50","8815","1200","7/18/2025"
"ORD513","7/3/2025","Cond100","28649","7/18/2025","High","7/3/2025","Line-11","8/8/2025 7:30","8/8/2025 14:50","8815","1200","7/18/2025"
"ORD513","7/3/2025","Cond100","28649","7/18/2025","High","7/3/2025","Line-7","8/9/2025 2:30","8/9/2025 7:00","6750","1500","7/18/2025"
"ORD513","7/3/2025","Cond100","28649","7/18/2025","High","7/3/2025","Line-7","8/9/2025 2:30","8/9/2025 7:00","6750","1500","7/18/2025"
"ORD513","7/3/2025","Hdwa250","19394","7/18/2025","Low","7/3/2025","Line-12","8/4/2025 2:00","8/4/2025 7:00","5000","1000","7/18/2025"
"ORD513","7/3/2025","Hdwa250","19394","7/18/2025","Low","7/3/2025","Line-12","8/4/2025 2:00","8/4/2025 7:00","5000","1000","7/18/2025"
"ORD513","7/3/2025","Hdwa250","19394","7/18/2025","Low","7/3/2025","Line-6","8/3/2025 2:00","8/3/2025 7:00","4000","800","7/18/2025"
"ORD513","7/3/2025","Hdwa250","19394","7/18/2025","Low","7/3/2025","Line-6","8/3/2025 2:00","8/3/2025 7:00","4000","800","7/18/2025"
"ORD513","7/3/2025","Hdwa250","19394","7/18/2025","Low","7/3/2025","Line-8","8/5/2025 10:00","8/5/2025 15:00","6000","1200","7/18/2025"
"ORD513","7/3/2025","Hdwa250","19394","7/18/2025","Low","7/3/2025","Line-8","8/5/2025 10:00","8/5/2025 15:00","6000","1200","7/18/2025"
"ORD514","7/3/2025","Shmp200","37604","7/18/2025","Low","7/3/2025","Line-10","8/6/2025 4:30","8/6/2025 7:00","3750","1500","7/18/2025"
"ORD514","7/3/2025","Shmp200","37604","7/18/2025","Low","7/3/2025","Line-11","8/7/2025 16:00","8/7/2025 23:00","8400","1200","7/18/2025"
"ORD514","7/3/2025","Shmp200","37604","7/18/2025","Low","7/3/2025","Line-4","8/11/2025 3:00","8/11/2025 7:00","3200","800","7/18/2025"
"ORD514","7/3/2025","Shmp200","37604","7/18/2025","Low","7/3/2025","Line-5","8/12/2025 19:00","8/12/2025 23:00","4000","1000","7/18/2025"
"ORD514","7/3/2025","Shmp200","37604","7/18/2025","Low","7/3/2025","Line-5","8/15/2025 10:00","8/15/2025 15:00","5000","1000","7/18/2025"
"ORD515","7/3/2025","Lot100","66812","7/19/2025","Low","7/3/2025","Line-11","8/8/2025 15:30","8/8/2025 23:00","9000","1200","7/19/2025"
"ORD515","7/3/2025","Lot100","66812","7/19/2025","Low","7/3/2025","Line-11","8/8/2025 15:30","8/8/2025 23:00","9000","1200","7/19/2025"
"ORD515","7/3/2025","Lot100","66812","7/19/2025","Low","7/3/2025","Line-9","8/9/2025 9:00","8/9/2025 15:00","8400","1400","7/19/2025"
"ORD515","7/3/2025","Lot100","66812","7/19/2025","Low","7/3/2025","Line-9","8/9/2025 9:00","8/9/2025 15:00","8400","1400","7/19/2025"
"ORD515","7/3/2025","Talc100","85451","7/19/2025","Medium","7/3/2025","Line-12","8/5/2025 8:00","8/5/2025 15:00","7000","1000","7/19/2025"
"ORD515","7/3/2025","Talc100","85451","7/19/2025","Medium","7/3/2025","Line-12","8/5/2025 8:00","8/5/2025 15:00","7000","1000","7/19/2025"
"ORD515","7/3/2025","Talc100","85451","7/19/2025","Medium","7/3/2025","Line-4","8/9/2025 7:30","8/9/2025 15:00","6000","800","7/19/2025"
"ORD515","7/3/2025","Talc100","85451","7/19/2025","Medium","7/3/2025","Line-4","8/9/2025 7:30","8/9/2025 15:00","6000","800","7/19/2025"
"ORD515","7/3/2025","Talc100","85451","7/19/2025","Medium","7/3/2025","Line-8","8/7/2025 14:00","8/7/2025 15:00","1200","1200","7/19/2025"
"ORD515","7/3/2025","Talc100","85451","7/19/2025","Medium","7/3/2025","Line-8","8/7/2025 14:00","8/7/2025 15:00","1200","1200","7/19/2025"
"ORD516","7/3/2025","Gel150","12092","7/18/2025","Low","7/3/2025","Line-4","8/10/2025 12:30","8/10/2025 15:00","2000","800","7/18/2025"
"ORD516","7/3/2025","Gel150","12092","7/18/2025","Low","7/3/2025","Line-4","8/10/2025 12:30","8/10/2025 15:00","2000","800","7/18/2025"
"ORD516","7/3/2025","Gel150","12092","7/18/2025","Low","7/3/2025","Line-5","8/15/2025 3:00","8/15/2025 7:00","4000","1000","7/18/2025"
"ORD516","7/3/2025","Gel150","12092","7/18/2025","Low","7/3/2025","Line-5","8/15/2025 3:00","8/15/2025 7:00","4000","1000","7/18/2025"
"ORD516","7/3/2025","Shmp200","11028","7/18/2025","Medium","7/3/2025","Line-7","8/8/2025 2:00","8/8/2025 7:00","7500","1500","7/18/2025"
"ORD516","7/3/2025","Shmp200","11028","7/18/2025","Medium","7/3/2025","Line-7","8/8/2025 2:00","8/8/2025 7:00","7500","1500","7/18/2025"
"ORD517","7/3/2025","Hdwa250","8580","7/19/2025","Low","7/3/2025","Line-1","8/1/2025 18:00","8/1/2025 23:00","6000","1200","7/19/2025"
"ORD517","7/3/2025","Hdwa250","8580","7/19/2025","Low","7/3/2025","Line-1","8/1/2025 18:00","8/1/2025 23:00","6000","1200","7/19/2025"
"ORD517","7/3/2025","Lot250","25894","7/19/2025","Low","7/3/2025","Line-11","8/9/2025 17:30","8/9/2025 23:00","6600","1200","7/19/2025"
"ORD517","7/3/2025","Lot250","25894","7/19/2025","Low","7/3/2025","Line-11","8/9/2025 17:30","8/9/2025 23:00","6600","1200","7/19/2025"
"ORD517","7/3/2025","Lot250","25894","7/19/2025","Low","7/3/2025","Line-4","8/11/2025 10:00","8/11/2025 15:00","4000","800","7/19/2025"
"ORD517","7/3/2025","Lot250","25894","7/19/2025","Low","7/3/2025","Line-4","8/11/2025 10:00","8/11/2025 15:00","4000","800","7/19/2025"
"ORD517","7/3/2025","Lot250","25894","7/19/2025","Low","7/3/2025","Line-7","8/9/2025 10:30","8/9/2025 15:00","6750","1500","7/19/2025"
"ORD517","7/3/2025","Lot250","25894","7/19/2025","Low","7/3/2025","Line-7","8/9/2025 10:30","8/9/2025 15:00","6750","1500","7/19/2025"
"ORD518","7/3/2025","Crm50","38193","7/19/2025","Medium","7/3/2025","Line-10","8/3/2025 19:30","8/3/2025 23:00","5250","1500","7/19/2025"
"ORD518","7/3/2025","Crm50","38193","7/19/2025","Medium","7/3/2025","Line-12","8/8/2025 15:00","8/8/2025 21:40","6675","1000","7/19/2025"
"ORD518","7/3/2025","Crm50","38193","7/19/2025","Medium","7/3/2025","Line-2","8/9/2025 23:30","8/10/2025 6:10","10013","1500","7/19/2025"
"ORD518","7/3/2025","Crm50","38193","7/19/2025","Medium","7/3/2025","Line-4","8/12/2025 16:30","8/12/2025 23:00","5200","800","7/19/2025"
"ORD518","7/3/2025","Crm50","38193","7/19/2025","Medium","7/3/2025","Line-6","8/3/2025 9:00","8/3/2025 15:00","4800","800","7/19/2025"
"ORD519","7/3/2025","Lot100","11186","7/21/2025","High","7/3/2025","Line-9","8/6/2025 7:30","8/6/2025 15:00","10500","1400","7/21/2025"
"ORD519","7/3/2025","Lot100","11186","7/21/2025","High","7/3/2025","Line-9","8/6/2025 7:30","8/6/2025 15:00","10500","1400","7/21/2025"
"ORD519","7/3/2025","Talc100","81644","7/21/2025","Low","7/3/2025","Line-1","8/4/2025 19:00","8/4/2025 23:00","4800","1200","7/21/2025"
"ORD519","7/3/2025","Talc100","81644","7/21/2025","Low","7/3/2025","Line-1","8/4/2025 19:00","8/4/2025 23:00","4800","1200","7/21/2025"
"ORD519","7/3/2025","Talc100","81644","7/21/2025","Low","7/3/2025","Line-10","8/7/2025 3:00","8/7/2025 7:00","6000","1500","7/21/2025"
"ORD519","7/3/2025","Talc100","81644","7/21/2025","Low","7/3/2025","Line-10","8/7/2025 3:00","8/7/2025 7:00","6000","1500","7/21/2025"
"ORD520","7/3/2025","Gel150","22194","7/19/2025","High","7/3/2025","Line-4","8/11/2025 18:00","8/11/2025 23:00","4000","800","7/19/2025"
"ORD520","7/3/2025","Gel150","22194","7/19/2025","High","7/3/2025","Line-4","8/11/2025 18:00","8/11/2025 23:00","4000","800","7/19/2025"
"ORD520","7/3/2025","Gel150","22194","7/19/2025","High","7/3/2025","Line-5","8/15/2025 17:00","8/15/2025 23:00","6000","1000","7/19/2025"
"ORD520","7/3/2025","Gel150","22194","7/19/2025","High","7/3/2025","Line-5","8/15/2025 17:00","8/15/2025 23:00","6000","1000","7/19/2025"
"ORD520","7/3/2025","Gel150","22194","7/19/2025","High","7/3/2025","Line-8","8/11/2025 16:30","8/11/2025 23:00","7800","1200","7/19/2025"
"ORD520","7/3/2025","Gel150","22194","7/19/2025","High","7/3/2025","Line-8","8/11/2025 16:30","8/11/2025 23:00","7800","1200","7/19/2025"
"ORD520","7/3/2025","Shmp200","11806","7/19/2025","Low","7/3/2025","Line-7","8/8/2025 10:00","8/8/2025 15:00","7500","1500","7/19/2025"
"ORD520","7/3/2025","Shmp200","11806","7/19/2025","Low","7/3/2025","Line-7","8/8/2025 10:00","8/8/2025 15:00","7500","1500","7/19/2025"
"ORD521","7/3/2025","Crm50","32582","7/19/2025","Medium","7/3/2025","Line-10","8/4/2025 10:30","8/4/2025 15:00","6750","1500","7/19/2025"
"ORD521","7/3/2025","Crm50","32582","7/19/2025","Medium","7/3/2025","Line-10","8/4/2025 10:30","8/4/2025 15:00","6750","1500","7/19/2025"
"ORD521","7/3/2025","Crm50","32582","7/19/2025","Medium","7/3/2025","Line-2","8/8/2025 2:00","8/8/2025 7:00","7500","1500","7/19/2025"
"ORD521","7/3/2025","Crm50","32582","7/19/2025","Medium","7/3/2025","Line-2","8/8/2025 2:00","8/8/2025 7:00","7500","1500","7/19/2025"
"ORD521","7/3/2025","Crm50","32582","7/19/2025","Medium","7/3/2025","Line-9","8/6/2025 16:00","8/6/2025 23:00","9800","1400","7/19/2025"
"ORD521","7/3/2025","Crm50","32582","7/19/2025","Medium","7/3/2025","Line-9","8/6/2025 16:00","8/6/2025 23:00","9800","1400","7/19/2025"
"ORD521","7/3/2025","Shmp200","20736","7/19/2025","High","7/3/2025","Line-12","8/8/2025 7:00","8/8/2025 14:24","7405","1000","7/19/2025"
"ORD521","7/3/2025","Shmp200","20736","7/19/2025","High","7/3/2025","Line-12","8/8/2025 7:00","8/8/2025 14:24","7405","1000","7/19/2025"
"ORD521","7/3/2025","Shmp200","20736","7/19/2025","High","7/3/2025","Line-5","8/16/2025 1:00","8/16/2025 7:00","6000","1000","7/19/2025"
"ORD521","7/3/2025","Shmp200","20736","7/19/2025","High","7/3/2025","Line-5","8/16/2025 1:00","8/16/2025 7:00","6000","1000","7/19/2025"
"ORD521","7/3/2025","Shmp200","20736","7/19/2025","High","7/3/2025","Line-6","8/5/2025 11:00","8/5/2025 15:00","3200","800","7/19/2025"
"ORD521","7/3/2025","Shmp200","20736","7/19/2025","High","7/3/2025","Line-6","8/5/2025 11:00","8/5/2025 15:00","3200","800","7/19/2025"
"ORD522","7/3/2025","Cond100","5229","7/19/2025","Medium","7/3/2025","Line-4","8/12/2025 2:00","8/12/2025 7:00","4000","800","7/19/2025"
"ORD522","7/3/2025","Cond100","5229","7/19/2025","Medium","7/3/2025","Line-4","8/12/2025 2:00","8/12/2025 7:00","4000","800","7/19/2025"
"ORD522","7/3/2025","Gel150","82489","7/19/2025","High","7/3/2025","Line-12","8/6/2025 13:00","8/6/2025 15:00","2000","1000","7/19/2025"
"ORD522","7/3/2025","Gel150","82489","7/19/2025","High","7/3/2025","Line-12","8/6/2025 13:00","8/6/2025 15:00","2000","1000","7/19/2025"
"ORD522","7/3/2025","Gel150","82489","7/19/2025","High","7/3/2025","Line-5","8/13/2025 17:30","8/13/2025 23:00","5500","1000","7/19/2025"
"ORD522","7/3/2025","Gel150","82489","7/19/2025","High","7/3/2025","Line-5","8/13/2025 17:30","8/13/2025 23:00","5500","1000","7/19/2025"
"ORD522","7/3/2025","Gel150","82489","7/19/2025","High","7/3/2025","Line-8","8/8/2025 19:00","8/8/2025 23:00","4800","1200","7/19/2025"
"ORD522","7/3/2025","Gel150","82489","7/19/2025","High","7/3/2025","Line-8","8/8/2025 19:00","8/8/2025 23:00","4800","1200","7/19/2025"
"ORD523","7/3/2025","Hdwa250","28536","7/19/2025","Low","7/3/2025","Line-1","8/1/2025 2:30","8/1/2025 7:00","5400","1200","7/19/2025"
"ORD523","7/3/2025","Hdwa250","28536","7/19/2025","Low","7/3/2025","Line-1","8/1/2025 2:30","8/1/2025 7:00","5400","1200","7/19/2025"
"ORD523","7/3/2025","Hdwa250","28536","7/19/2025","Low","7/3/2025","Line-12","8/4/2025 9:00","8/4/2025 15:00","6000","1000","7/19/2025"
"ORD523","7/3/2025","Hdwa250","28536","7/19/2025","Low","7/3/2025","Line-12","8/4/2025 9:00","8/4/2025 15:00","6000","1000","7/19/2025"
"ORD523","7/3/2025","Hdwa250","28536","7/19/2025","Low","7/3/2025","Line-2","8/7/2025 3:30","8/7/2025 7:00","5250","1500","7/19/2025"
"ORD523","7/3/2025","Hdwa250","28536","7/19/2025","Low","7/3/2025","Line-2","8/7/2025 3:30","8/7/2025 7:00","5250","1500","7/19/2025"
"ORD523","7/3/2025","Lot250","22714","7/19/2025","High","7/3/2025","Line-2","8/10/2025 6:30","8/10/2025 7:00","750","1500","7/19/2025"
"ORD523","7/3/2025","Lot250","22714","7/19/2025","High","7/3/2025","Line-2","8/10/2025 6:30","8/10/2025 7:00","750","1500","7/19/2025"
"ORD523","7/3/2025","Lot250","22714","7/19/2025","High","7/3/2025","Line-4","8/12/2025 23:30","8/13/2025 6:22","5506","800","7/19/2025"
"ORD523","7/3/2025","Lot250","22714","7/19/2025","High","7/3/2025","Line-4","8/12/2025 23:30","8/13/2025 6:22","5506","800","7/19/2025"
"ORD523","7/3/2025","Lot250","22714","7/19/2025","High","7/3/2025","Line-5","8/17/2025 0:00","8/17/2025 6:52","6883","1000","7/19/2025"
"ORD523","7/3/2025","Lot250","22714","7/19/2025","High","7/3/2025","Line-5","8/17/2025 0:00","8/17/2025 6:52","6883","1000","7/19/2025"
"ORD524","7/3/2025","Cond100","5622","7/21/2025","High","7/3/2025","Line-6","8/4/2025 0:00","8/4/2025 7:00","5600","800","7/21/2025"
"ORD524","7/3/2025","Cond100","5622","7/21/2025","High","7/3/2025","Line-6","8/4/2025 0:00","8/4/2025 7:00","5600","800","7/21/2025"
"ORD524","7/3/2025","Crm50","28394","7/21/2025","Medium","7/3/2025","Line-5","8/17/2025 7:30","8/17/2025 15:00","7500","1000","7/21/2025"
"ORD524","7/3/2025","Crm50","28394","7/21/2025","Medium","7/3/2025","Line-5","8/17/2025 7:30","8/17/2025 15:00","7500","1000","7/21/2025"
"ORD525","7/3/2025","Fcws100","5521","7/19/2025","Medium","7/3/2025","Line-4","8/12/2025 9:00","8/12/2025 15:00","4800","800","7/19/2025"
"ORD525","7/3/2025","Fcws100","5521","7/19/2025","Medium","7/3/2025","Line-4","8/12/2025 9:00","8/12/2025 15:00","4800","800","7/19/2025"
"ORD525","7/3/2025","Talc100","70553","7/19/2025","Medium","7/3/2025","Line-1","8/2/2025 17:00","8/2/2025 23:00","7200","1200","7/19/2025"
"ORD525","7/3/2025","Talc100","70553","7/19/2025","Medium","7/3/2025","Line-1","8/2/2025 17:00","8/2/2025 23:00","7200","1200","7/19/2025"
"ORD525","7/3/2025","Talc100","70553","7/19/2025","Medium","7/3/2025","Line-10","8/5/2025 2:00","8/5/2025 7:00","7500","1500","7/19/2025"
"ORD525","7/3/2025","Talc100","70553","7/19/2025","Medium","7/3/2025","Line-10","8/5/2025 2:00","8/5/2025 7:00","7500","1500","7/19/2025"
"ORD526","7/3/2025","Crm50","28122","7/19/2025","High","7/3/2025","Line-1","8/4/2025 11:30","8/4/2025 15:00","4200","1200","7/19/2025"
"ORD526","7/3/2025","Crm50","28122","7/19/2025","High","7/3/2025","Line-1","8/4/2025 11:30","8/4/2025 15:00","4200","1200","7/19/2025"
"ORD526","7/3/2025","Crm50","28122","7/19/2025","High","7/3/2025","Line-10","8/6/2025 11:30","8/6/2025 15:00","5250","1500","7/19/2025"
"ORD526","7/3/2025","Crm50","28122","7/19/2025","High","7/3/2025","Line-10","8/6/2025 11:30","8/6/2025 15:00","5250","1500","7/19/2025"
"ORD526","7/3/2025","Crm50","28122","7/19/2025","High","7/3/2025","Line-11","8/10/2025 1:30","8/10/2025 7:00","6600","1200","7/19/2025"
"ORD526","7/3/2025","Crm50","28122","7/19/2025","High","7/3/2025","Line-11","8/10/2025 1:30","8/10/2025 7:00","6600","1200","7/19/2025"
"ORD526","7/3/2025","Hdwa250","17650","7/19/2025","Low","7/3/2025","Line-11","8/7/2025 9:00","8/7/2025 15:00","7200","1200","7/19/2025"
"ORD526","7/3/2025","Hdwa250","17650","7/19/2025","Low","7/3/2025","Line-11","8/7/2025 9:00","8/7/2025 15:00","7200","1200","7/19/2025"
"ORD526","7/3/2025","Hdwa250","17650","7/19/2025","Low","7/3/2025","Line-2","8/7/2025 11:30","8/7/2025 15:00","5250","1500","7/19/2025"
"ORD526","7/3/2025","Hdwa250","17650","7/19/2025","Low","7/3/2025","Line-2","8/7/2025 11:30","8/7/2025 15:00","5250","1500","7/19/2025"
"ORD527","7/3/2025","Fcws100","14999","7/19/2025","Medium","7/3/2025","Line-1","8/2/2025 1:30","8/2/2025 7:00","6600","1200","7/19/2025"
"ORD527","7/3/2025","Fcws100","14999","7/19/2025","Medium","7/3/2025","Line-1","8/2/2025 1:30","8/2/2025 7:00","6600","1200","7/19/2025"
"ORD527","7/3/2025","Fcws100","14999","7/19/2025","Medium","7/3/2025","Line-5","8/13/2025 2:30","8/13/2025 7:00","4500","1000","7/19/2025"
"ORD527","7/3/2025","Fcws100","14999","7/19/2025","Medium","7/3/2025","Line-5","8/13/2025 2:30","8/13/2025 7:00","4500","1000","7/19/2025"
"ORD527","7/3/2025","Gel150","10656","7/19/2025","High","7/3/2025","Line-7","8/9/2025 18:30","8/9/2025 23:00","6750","1500","7/19/2025"
"ORD527","7/3/2025","Gel150","10656","7/19/2025","High","7/3/2025","Line-7","8/9/2025 18:30","8/9/2025 23:00","6750","1500","7/19/2025"
"ORD528","7/3/2025","Bdwa200","11739","7/19/2025","High","7/3/2025","Line-7","8/10/2025 2:00","8/10/2025 7:00","7500","1500","7/19/2025"
"ORD528","7/3/2025","Bdwa200","11739","7/19/2025","High","7/3/2025","Line-7","8/10/2025 2:00","8/10/2025 7:00","7500","1500","7/19/2025"
"ORD528","7/3/2025","Fcws100","5868","7/19/2025","High","7/3/2025","Line-4","8/8/2025 16:00","8/8/2025 23:00","5600","800","7/19/2025"
"ORD528","7/3/2025","Fcws100","5868","7/19/2025","High","7/3/2025","Line-4","8/8/2025 16:00","8/8/2025 23:00","5600","800","7/19/2025"
"ORD529","7/3/2025","Crm50","16678","7/19/2025","Low","7/3/2025","Line-11","8/10/2025 9:00","8/10/2025 15:00","7200","1200","7/19/2025"
"ORD529","7/3/2025","Crm50","16678","7/19/2025","Low","7/3/2025","Line-11","8/10/2025 9:00","8/10/2025 15:00","7200","1200","7/19/2025"
"ORD529","7/3/2025","Crm50","16678","7/19/2025","Low","7/3/2025","Line-9","8/10/2025 11:00","8/10/2025 15:00","5600","1400","7/19/2025"
"ORD529","7/3/2025","Crm50","16678","7/19/2025","Low","7/3/2025","Line-9","8/10/2025 11:00","8/10/2025 15:00","5600","1400","7/19/2025"
"ORD529","7/3/2025","Gel150","13780","7/19/2025","Medium","7/3/2025","Line-12","8/5/2025 0:30","8/5/2025 7:00","6500","1000","7/19/2025"
"ORD529","7/3/2025","Gel150","13780","7/19/2025","Medium","7/3/2025","Line-12","8/5/2025 0:30","8/5/2025 7:00","6500","1000","7/19/2025"
"ORD529","7/3/2025","Gel150","13780","7/19/2025","Medium","7/3/2025","Line-5","8/13/2025 10:00","8/13/2025 15:00","5000","1000","7/19/2025"
"ORD529","7/3/2025","Gel150","13780","7/19/2025","Medium","7/3/2025","Line-5","8/13/2025 10:00","8/13/2025 15:00","5000","1000","7/19/2025"
"ORD530","7/3/2025","Gel150","7628","7/19/2025","Low","7/3/2025","Line-3","8/2/2025 5:00","8/2/2025 7:00","2000","1000","7/19/2025"
"ORD530","7/3/2025","Gel150","7628","7/19/2025","Low","7/3/2025","Line-3","8/2/2025 5:00","8/2/2025 7:00","2000","1000","7/19/2025"
"ORD530","7/3/2025","Shmp100","22234","7/19/2025","Medium","7/3/2025","Line-10","8/6/2025 19:00","8/6/2025 23:00","6000","1500","7/19/2025"
"ORD530","7/3/2025","Shmp100","22234","7/19/2025","Medium","7/3/2025","Line-10","8/6/2025 19:00","8/6/2025 23:00","6000","1500","7/19/2025"
"ORD530","7/3/2025","Shmp100","22234","7/19/2025","Medium","7/3/2025","Line-9","8/11/2025 2:00","8/11/2025 7:00","7000","1400","7/19/2025"
"ORD530","7/3/2025","Shmp100","22234","7/19/2025","Medium","7/3/2025","Line-9","8/11/2025 2:00","8/11/2025 7:00","7000","1400","7/19/2025"
"ORD531","7/3/2025","Crm50","28949","7/19/2025","High","7/3/2025","Line-1","8/2/2025 9:00","8/2/2025 15:00","7200","1200","7/19/2025"
"ORD531","7/3/2025","Crm50","28949","7/19/2025","High","7/3/2025","Line-1","8/2/2025 9:00","8/2/2025 15:00","7200","1200","7/19/2025"
"ORD531","7/3/2025","Crm50","28949","7/19/2025","High","7/3/2025","Line-11","8/7/2025 23:30","8/8/2025 6:55","8907","1200","7/19/2025"
"ORD531","7/3/2025","Crm50","28949","7/19/2025","High","7/3/2025","Line-11","8/7/2025 23:30","8/8/2025 6:55","8907","1200","7/19/2025"
"ORD531","7/3/2025","Crm50","28949","7/19/2025","High","7/3/2025","Line-7","8/8/2025 18:30","8/8/2025 23:00","6750","1500","7/19/2025"
"ORD531","7/3/2025","Crm50","28949","7/19/2025","High","7/3/2025","Line-7","8/8/2025 18:30","8/8/2025 23:00","6750","1500","7/19/2025"
"ORD531","7/3/2025","Hdwa250","12121","7/19/2025","High","7/3/2025","Line-5","8/16/2025 9:00","8/16/2025 15:00","6000","1000","7/19/2025"
"ORD531","7/3/2025","Hdwa250","12121","7/19/2025","High","7/3/2025","Line-5","8/16/2025 9:00","8/16/2025 15:00","6000","1000","7/19/2025"
"ORD531","7/3/2025","Hdwa250","12121","7/19/2025","High","7/3/2025","Line-6","8/5/2025 19:00","8/5/2025 23:00","3200","800","7/19/2025"
"ORD531","7/3/2025","Hdwa250","12121","7/19/2025","High","7/3/2025","Line-6","8/5/2025 19:00","8/5/2025 23:00","3200","800","7/19/2025"
"ORD532","7/3/2025","Cond100","10583","7/19/2025","Medium","7/3/2025","Line-7","8/10/2025 10:30","8/10/2025 15:00","6750","1500","7/19/2025"
"ORD532","7/3/2025","Cond100","10583","7/19/2025","Medium","7/3/2025","Line-7","8/10/2025 10:30","8/10/2025 15:00","6750","1500","7/19/2025"
"ORD532","7/3/2025","Talc100","37068","7/19/2025","Medium","7/3/2025","Line-9","8/8/2025 6:00","8/8/2025 7:00","1400","1400","7/19/2025"
"ORD532","7/3/2025","Talc100","37068","7/19/2025","Medium","7/3/2025","Line-9","8/8/2025 6:00","8/8/2025 7:00","1400","1400","7/19/2025"
"ORD533","7/3/2025","Bdwa200","7521","7/19/2025","Low","7/3/2025","Line-5","8/16/2025 16:00","8/16/2025 23:00","7000","1000","7/19/2025"
"ORD533","7/3/2025","Bdwa200","7521","7/19/2025","Low","7/3/2025","Line-5","8/16/2025 16:00","8/16/2025 23:00","7000","1000","7/19/2025"
"ORD533","7/3/2025","Lot250","29645","7/19/2025","High","7/3/2025","Line-10","8/4/2025 3:00","8/4/2025 7:00","6000","1500","7/19/2025"
"ORD533","7/3/2025","Lot250","29645","7/19/2025","High","7/3/2025","Line-10","8/4/2025 3:00","8/4/2025 7:00","6000","1500","7/19/2025"
"ORD533","7/3/2025","Lot250","29645","7/19/2025","High","7/3/2025","Line-2","8/7/2025 18:30","8/7/2025 23:00","6750","1500","7/19/2025"
"ORD533","7/3/2025","Lot250","29645","7/19/2025","High","7/3/2025","Line-2","8/7/2025 18:30","8/7/2025 23:00","6750","1500","7/19/2025"
"ORD533","7/3/2025","Lot250","29645","7/19/2025","High","7/3/2025","Line-8","8/5/2025 17:00","8/5/2025 23:00","7200","1200","7/19/2025"
"ORD533","7/3/2025","Lot250","29645","7/19/2025","High","7/3/2025","Line-8","8/5/2025 17:00","8/5/2025 23:00","7200","1200","7/19/2025"
"ORD534","7/3/2025","Gel150","28455","7/19/2025","Low","7/3/2025","Line-10","8/4/2025 18:30","8/4/2025 23:00","6750","1500","7/19/2025"
"ORD534","7/3/2025","Gel150","28455","7/19/2025","Low","7/3/2025","Line-10","8/4/2025 18:30","8/4/2025 23:00","6750","1500","7/19/2025"
"ORD534","7/3/2025","Gel150","28455","7/19/2025","Low","7/3/2025","Line-2","8/8/2025 10:00","8/8/2025 15:00","7500","1500","7/19/2025"
"ORD534","7/3/2025","Gel150","28455","7/19/2025","Low","7/3/2025","Line-2","8/8/2025 10:00","8/8/2025 15:00","7500","1500","7/19/2025"
"ORD534","7/3/2025","Gel150","28455","7/19/2025","Low","7/3/2025","Line-8","8/6/2025 0:30","8/6/2025 7:00","7800","1200","7/19/2025"
"ORD534","7/3/2025","Gel150","28455","7/19/2025","Low","7/3/2025","Line-8","8/6/2025 0:30","8/6/2025 7:00","7800","1200","7/19/2025"
"ORD534","7/3/2025","Lot250","6112","7/19/2025","High","7/3/2025","Line-4","8/13/2025 7:00","8/13/2025 14:38","6112","800","7/19/2025"
"ORD534","7/3/2025","Lot250","6112","7/19/2025","High","7/3/2025","Line-4","8/13/2025 7:00","8/13/2025 14:38","6112","800","7/19/2025"
"ORD535","7/3/2025","Crm50","21799","7/19/2025","Medium","7/3/2025","Line-6","8/4/2025 7:30","8/4/2025 15:00","6000","800","7/19/2025"
"ORD535","7/3/2025","Crm50","21799","7/19/2025","Medium","7/3/2025","Line-6","8/4/2025 7:30","8/4/2025 15:00","6000","800","7/19/2025"
"ORD535","7/3/2025","Gel150","10649","7/19/2025","Low","7/3/2025","Line-9","8/10/2025 18:00","8/10/2025 23:00","7000","1400","7/19/2025"
"ORD535","7/3/2025","Gel150","10649","7/19/2025","Low","7/3/2025","Line-9","8/10/2025 18:00","8/10/2025 23:00","7000","1400","7/19/2025"
"ORD536","7/4/2025","Crm50","15962","7/19/2025","Low","7/4/2025","Line-12","8/8/2025 22:00","8/8/2025 23:00","1000","1000","7/19/2025"
"ORD536","7/4/2025","Crm50","15962","7/19/2025","Low","7/4/2025","Line-12","8/8/2025 22:00","8/8/2025 23:00","1000","1000","7/19/2025"
"ORD536","7/4/2025","Crm50","15962","7/19/2025","Low","7/4/2025","Line-3","8/4/2025 1:00","8/4/2025 7:00","6000","1000","7/19/2025"
"ORD536","7/4/2025","Crm50","15962","7/19/2025","Low","7/4/2025","Line-3","8/4/2025 1:00","8/4/2025 7:00","6000","1000","7/19/2025"
"ORD536","7/4/2025","Shmp200","26978","7/19/2025","Medium","7/4/2025","Line-11","8/11/2025 15:00","8/11/2025 22:56","9521","1200","7/19/2025"
"ORD536","7/4/2025","Shmp200","26978","7/19/2025","Medium","7/4/2025","Line-11","8/11/2025 15:00","8/11/2025 22:56","9521","1200","7/19/2025"
"ORD536","7/4/2025","Shmp200","26978","7/19/2025","Medium","7/4/2025","Line-12","8/10/2025 12:00","8/10/2025 15:00","3000","1000","7/19/2025"
"ORD536","7/4/2025","Shmp200","26978","7/19/2025","Medium","7/4/2025","Line-12","8/10/2025 12:00","8/10/2025 15:00","3000","1000","7/19/2025"
"ORD536","7/4/2025","Shmp200","26978","7/19/2025","Medium","7/4/2025","Line-8","8/12/2025 15:00","8/12/2025 22:56","9521","1200","7/19/2025"
"ORD536","7/4/2025","Shmp200","26978","7/19/2025","Medium","7/4/2025","Line-8","8/12/2025 15:00","8/12/2025 22:56","9521","1200","7/19/2025"
"ORD537","7/4/2025","Crm50","6212","7/19/2025","Medium","7/4/2025","Line-6","8/9/2025 0:00","8/9/2025 7:00","5600","800","7/19/2025"
"ORD537","7/4/2025","Crm50","6212","7/19/2025","Medium","7/4/2025","Line-6","8/9/2025 0:00","8/9/2025 7:00","5600","800","7/19/2025"
"ORD537","7/4/2025","Hdwa250","14126","7/19/2025","Low","7/4/2025","Line-1","8/7/2025 1:30","8/7/2025 7:00","6600","1200","7/19/2025"
"ORD537","7/4/2025","Hdwa250","14126","7/19/2025","Low","7/4/2025","Line-1","8/7/2025 1:30","8/7/2025 7:00","6600","1200","7/19/2025"
"ORD537","7/4/2025","Hdwa250","14126","7/19/2025","Low","7/4/2025","Line-6","8/6/2025 18:30","8/6/2025 23:00","3600","800","7/19/2025"
"ORD537","7/4/2025","Hdwa250","14126","7/19/2025","Low","7/4/2025","Line-6","8/6/2025 18:30","8/6/2025 23:00","3600","800","7/19/2025"
"ORD538","7/4/2025","Gel150","5683","7/19/2025","High","7/4/2025","Line-6","8/9/2025 8:30","8/9/2025 15:00","5200","800","7/19/2025"
"ORD538","7/4/2025","Gel150","5683","7/19/2025","High","7/4/2025","Line-6","8/9/2025 8:30","8/9/2025 15:00","5200","800","7/19/2025"
"ORD538","7/4/2025","Hdwa250","15838","7/19/2025","High","7/4/2025","Line-1","8/6/2025 1:30","8/6/2025 7:00","6600","1200","7/19/2025"
"ORD538","7/4/2025","Hdwa250","15838","7/19/2025","High","7/4/2025","Line-1","8/6/2025 1:30","8/6/2025 7:00","6600","1200","7/19/2025"
"ORD538","7/4/2025","Hdwa250","15838","7/19/2025","High","7/4/2025","Line-6","8/6/2025 2:00","8/6/2025 7:00","4000","800","7/19/2025"
"ORD538","7/4/2025","Hdwa250","15838","7/19/2025","High","7/4/2025","Line-6","8/6/2025 2:00","8/6/2025 7:00","4000","800","7/19/2025"
"ORD539","7/4/2025","Lot250","10494","7/21/2025","Low","7/4/2025","Line-9","8/11/2025 10:00","8/11/2025 15:00","7000","1400","7/21/2025"
"ORD539","7/4/2025","Lot250","10494","7/21/2025","Low","7/4/2025","Line-9","8/11/2025 10:00","8/11/2025 15:00","7000","1400","7/21/2025"
"ORD539","7/4/2025","Shmp100","64779","7/21/2025","Medium","7/4/2025","Line-11","8/11/2025 23:30","8/12/2025 7:00","9000","1200","7/21/2025"
"ORD539","7/4/2025","Shmp100","64779","7/21/2025","Medium","7/4/2025","Line-11","8/11/2025 23:30","8/12/2025 7:00","9000","1200","7/21/2025"
"ORD539","7/4/2025","Shmp100","64779","7/21/2025","Medium","7/4/2025","Line-12","8/10/2025 20:30","8/10/2025 23:00","2500","1000","7/21/2025"
"ORD539","7/4/2025","Shmp100","64779","7/21/2025","Medium","7/4/2025","Line-12","8/10/2025 20:30","8/10/2025 23:00","2500","1000","7/21/2025"
"ORD540","7/4/2025","Lot100","47730","7/6/2025","Low","7/4/2025","Line-10","8/8/2025 16:30","8/8/2025 23:00","9750","1500","7/6/2025"
"ORD541","7/4/2025","Crm50","5935","7/4/2025","Medium","7/4/2025","Line-6","8/6/2025 10:30","8/6/2025 15:00","3600","800","7/4/2025"
"ORD542","7/4/2025","Shmp100","6356","7/4/2025","Low","7/4/2025","Line-4","8/13/2025 15:00","8/13/2025 22:56","6356","800","7/4/2025"
"ORD543","7/4/2025","Shmp200","21086","7/4/2025","High","7/4/2025","Line-11","8/10/2025 16:00","8/10/2025 23:00","8400","1200","7/4/2025"
"ORD543","7/4/2025","Shmp200","21086","7/4/2025","High","7/4/2025","Line-7","8/10/2025 18:00","8/10/2025 23:00","7500","1500","7/4/2025"
"ORD544","7/4/2025","Talc100","8660","7/4/2025","Low","7/4/2025","Line-8","8/12/2025 0:30","8/12/2025 7:00","7800","1200","7/4/2025"
"ORD545","7/4/2025","Fcws100","21308","7/4/2025","Low","7/4/2025","Line-1","8/6/2025 10:00","8/6/2025 15:00","6000","1200","7/4/2025"
"ORD545","7/4/2025","Fcws100","21308","7/4/2025","Low","7/4/2025","Line-12","8/9/2025 6:30","8/9/2025 7:00","500","1000","7/4/2025"
"ORD545","7/4/2025","Fcws100","21308","7/4/2025","Low","7/4/2025","Line-3","8/4/2025 9:30","8/4/2025 15:00","5500","1000","7/4/2025"
"ORD546","7/4/2025","Lot100","23075","7/4/2025","Medium","7/4/2025","Line-11","8/11/2025 7:30","8/11/2025 14:17","8144","1200","7/4/2025"
"ORD546","7/4/2025","Lot100","23075","7/4/2025","Medium","7/4/2025","Line-6","8/7/2025 2:00","8/7/2025 7:00","4000","800","7/4/2025"
"ORD546","7/4/2025","Lot100","23075","7/4/2025","Medium","7/4/2025","Line-9","8/11/2025 18:00","8/11/2025 23:00","7000","1400","7/4/2025"
"ORD547","7/4/2025","Fcws100","13498","7/4/2025","Medium","7/4/2025","Line-12","8/9/2025 13:30","8/9/2025 15:00","1500","1000","7/4/2025"
"ORD547","7/4/2025","Fcws100","13498","7/4/2025","Medium","7/4/2025","Line-5","8/18/2025 12:30","8/18/2025 15:00","2500","1000","7/4/2025"
"ORD548","7/4/2025","Crm50","7059","7/4/2025","Medium","7/4/2025","Line-12","8/10/2025 4:30","8/10/2025 7:00","2500","1000","7/4/2025"
"ORD549","7/4/2025","Talc100","7134","7/4/2025","Low","7/4/2025","Line-3","8/4/2025 16:30","8/4/2025 23:00","6500","1000","7/4/2025"
"ORD550","7/4/2025","Fcws100","25837","7/4/2025","Medium","7/4/2025","Line-12","8/9/2025 20:30","8/9/2025 23:00","2500","1000","7/4/2025"
"ORD550","7/4/2025","Fcws100","25837","7/4/2025","Medium","7/4/2025","Line-2","8/10/2025 14:00","8/10/2025 15:00","1500","1500","7/4/2025"
"ORD550","7/4/2025","Fcws100","25837","7/4/2025","Medium","7/4/2025","Line-5","8/18/2025 19:30","8/18/2025 23:00","3500","1000","7/4/2025"
"ORD551","7/4/2025","Crm50","27613","7/4/2025","High","7/4/2025","Line-10","8/8/2025 9:30","8/8/2025 15:00","8250","1500","7/4/2025"
"ORD551","7/4/2025","Crm50","27613","7/4/2025","High","7/4/2025","Line-2","8/10/2025 22:00","8/10/2025 23:00","1500","1500","7/4/2025"
"ORD551","7/4/2025","Crm50","27613","7/4/2025","High","7/4/2025","Line-8","8/12/2025 8:00","8/12/2025 14:34","7889","1200","7/4/2025"
"ORD552","7/4/2025","Shmp200","18391","7/4/2025","Low","7/4/2025","Line-2","8/11/2025 5:00","8/11/2025 7:00","3000","1500","7/4/2025"
"ORD552","7/4/2025","Shmp200","18391","7/4/2025","Low","7/4/2025","Line-5","8/19/2025 3:30","8/19/2025 7:00","3500","1000","7/4/2025"
"ORD553","7/4/2025","Shmp100","88431","7/6/2025","High","7/4/2025","Line-7","8/11/2025 2:30","8/11/2025 7:00","6750","1500","7/6/2025"
"ORD553","7/4/2025","Shmp100","88431","7/6/2025","High","7/4/2025","Line-9","8/12/2025 1:30","8/12/2025 7:00","7700","1400","7/6/2025"
"ORD554","7/4/2025","Lot100","9337","7/4/2025","High","7/4/2025","Line-1","8/6/2025 17:00","8/6/2025 23:00","7200","1200","7/4/2025"
"ORD555","7/4/2025","Talc100","8047","7/4/2025","Low","7/4/2025","Line-11","8/11/2025 0:30","8/11/2025 7:00","7800","1200","7/4/2025"
"ORD556","7/4/2025","Bdwa200","20581","7/4/2025","Medium","7/4/2025","Line-2","8/11/2025 13:00","8/11/2025 15:00","3000","1500","7/4/2025"
"ORD556","7/4/2025","Bdwa200","20581","7/4/2025","Medium","7/4/2025","Line-4","8/13/2025 23:30","8/14/2025 6:08","5312","800","7/4/2025"
"ORD556","7/4/2025","Bdwa200","20581","7/4/2025","Medium","7/4/2025","Line-6","8/7/2025 9:30","8/7/2025 15:00","4400","800","7/4/2025"
"ORD557","7/4/2025","Crm50","71123","7/6/2025","High","7/4/2025","Line-10","8/10/2025 1:00","8/10/2025 7:00","9000","1500","7/6/2025"
"ORD557","7/4/2025","Crm50","71123","7/6/2025","High","7/4/2025","Line-6","8/7/2025 16:30","8/7/2025 23:00","5200","800","7/6/2025"
"ORD558","7/5/2025","Shmp100","27463","7/5/2025","High","7/5/2025","Line-11","8/13/2025 5:30","8/13/2025 7:00","1800","1200","7/5/2025"
"ORD558","7/5/2025","Shmp100","27463","7/5/2025","High","7/5/2025","Line-2","8/11/2025 20:00","8/11/2025 23:00","4500","1500","7/5/2025"
"ORD558","7/5/2025","Shmp100","27463","7/5/2025","High","7/5/2025","Line-8","8/12/2025 23:30","8/13/2025 6:32","8450","1200","7/5/2025"
"ORD559","7/5/2025","Talc100","13336","7/5/2025","Medium","7/5/2025","Line-12","8/12/2025 2:30","8/12/2025 7:00","4500","1000","7/5/2025"
"ORD559","7/5/2025","Talc100","13336","7/5/2025","Medium","7/5/2025","Line-3","8/5/2025 0:00","8/5/2025 6:40","6668","1000","7/5/2025"
"ORD560","7/5/2025","Shmp100","8291","7/5/2025","High","7/5/2025","Line-1","8/7/2025 9:00","8/7/2025 15:00","7200","1200","7/5/2025"
