Month,Region,SKU,Quantity,Percentage Revenue Change,Projected Demand,Percent Demand Change (%)
01-04-2025,North,B,167,2,157,-5.80%
01-05-2025,North,B,238,2,217,-8.70%
01-06-2025,North,B,200,2,185,-7.50%
01-07-2025,North,B,245,2,237,-3.10%
01-08-2025,North,B,253,2,231,-8.90%
01-09-2025,North,B,240,2,234,-2.40%
01-10-2025,North,B,182,2,167,-8.30%
01-11-2025,North,B,191,2,172,-9.80%
01-12-2025,North,B,204,2,194,-4.90%
01-01-2026,North,B,204,2,197,-3.60%
01-02-2026,North,B,185,2,179,-3.50%
01-03-2026,North,B,196,2,182,-7.30%
01-04-2025,North,B,297,2,287,-3.20%
01-05-2025,North,B,417,2,375,-10.10%
01-06-2025,North,B,362,2,343,-5.30%
01-07-2025,North,B,436,2,410,-6.10%
01-08-2025,North,B,415,2,368,-11.30%
01-09-2025,North,B,412,2,388,-5.80%
01-10-2025,North,B,302,2,274,-9.20%
01-11-2025,North,B,300,2,276,-7.90%
01-12-2025,North,B,376,2,355,-5.60%
01-01-2026,North,B,302,2,282,-6.70%
01-02-2026,North,B,265,2,234,-11.80%
01-03-2026,North,B,339,2,321,-5.40%
01-04-2025,South,B,65,2,64,-2.20%
01-05-2025,South,B,104,2,99,-5.30%
01-06-2025,South,B,94,2,89,-5.20%
01-07-2025,South,B,94,2,90,-4.50%
01-08-2025,South,B,92,2,84,-9.20%
01-09-2025,South,B,170,2,164,-3.30%
01-10-2025,South,B,93,2,86,-7.80%
01-11-2025,South,B,143,2,133,-6.70%
01-12-2025,South,B,174,2,163,-6.00%
01-01-2026,South,B,128,2,114,-11.20%
01-02-2026,South,B,84,2,79,-5.70%
01-03-2026,South,B,126,2,122,-3.50%
01-04-2025,South,B,158,2,147,-6.70%
01-05-2025,South,B,77,2,75,-2.50%
01-06-2025,South,B,87,2,81,-6.60%
01-07-2025,South,B,126,2,113,-10.40%
01-08-2025,South,B,121,2,111,-8.60%
01-09-2025,South,B,109,2,104,-4.60%
01-10-2025,South,B,70,2,62,-11.10%
01-11-2025,South,B,124,2,112,-9.80%
01-12-2025,South,B,169,2,149,-11.70%
01-01-2026,South,B,151,2,145,-3.90%
01-02-2026,South,B,84,2,77,-8.60%
01-03-2026,South,B,99,2,94,-5.50%
01-04-2025,West,B,158,2,153,-3.30%
01-05-2025,West,B,212,2,196,-7.30%
01-06-2025,West,B,230,2,212,-8.00%
01-07-2025,West,B,155,2,140,-10.00%
01-08-2025,West,B,219,2,204,-6.70%
01-09-2025,West,B,169,2,157,-7.30%
01-10-2025,West,B,180,2,170,-5.80%
01-11-2025,West,B,234,2,215,-8.20%
01-12-2025,West,B,172,2,166,-3.70%
01-01-2026,West,B,176,2,172,-2.40%
01-02-2026,West,B,189,2,169,-10.70%
01-03-2026,West,B,239,2,231,-3.50%
01-04-2025,West,B,218,2,205,-6.10%
01-05-2025,West,B,226,2,221,-2.40%
01-06-2025,West,B,134,2,123,-8.10%
01-07-2025,West,B,183,2,163,-11.10%
01-08-2025,West,B,239,2,211,-11.60%
01-09-2025,West,B,200,2,190,-4.80%
01-10-2025,West,B,217,2,202,-6.70%
01-11-2025,West,B,244,2,229,-6.20%
01-12-2025,West,B,200,2,178,-10.80%
01-01-2026,West,B,149,2,141,-5.40%
01-02-2026,West,B,216,2,204,-5.70%
01-03-2026,West,B,137,2,123,-10.40%
01-04-2025,West,C,213,2,199,-6.60%
01-05-2025,West,C,165,2,158,-4.20%
01-06-2025,West,C,99,2,93,-5.70%
01-07-2025,West,C,163,2,158,-2.80%
01-08-2025,West,C,89,2,84,-5.70%
01-09-2025,West,C,184,2,175,-4.60%
01-10-2025,West,C,134,2,122,-8.70%
01-11-2025,West,C,187,2,166,-11.40%
01-12-2025,West,C,216,2,197,-9.00%
01-01-2026,West,C,167,2,161,-3.50%
01-02-2026,West,C,253,2,234,-7.30%
01-03-2026,West,C,120,2,108,-10.20%
01-04-2025,West,C,159,2,146,-8.30%
01-05-2025,West,C,209,2,186,-10.90%
01-06-2025,West,C,108,2,100,-7.70%
01-07-2025,West,C,212,2,205,-3.30%
01-08-2025,West,C,200,2,177,-11.50%
01-09-2025,West,C,93,2,90,-2.90%
01-10-2025,West,C,207,2,200,-3.20%
01-11-2025,West,C,258,2,227,-11.90%
01-12-2025,West,C,143,2,127,-11.30%
01-01-2026,West,C,145,2,129,-11.30%
01-02-2026,West,C,128,2,120,-6.50%
01-03-2026,West,C,97,2,93,-3.80%
01-04-2025,South,C,141,2,135,-4.20%
01-05-2025,South,C,195,2,180,-7.50%
01-06-2025,South,C,175,2,159,-9.30%
01-07-2025,South,C,206,2,187,-9.40%
01-08-2025,South,C,89,2,81,-8.50%
01-09-2025,South,C,244,2,224,-8.00%
01-10-2025,South,C,130,2,121,-6.80%
01-11-2025,South,C,244,2,229,-6.20%
01-12-2025,South,C,168,2,153,-8.80%
01-01-2026,South,C,215,2,208,-3.50%
01-02-2026,South,C,231,2,219,-5.30%
01-03-2026,South,C,194,2,180,-7.30%
01-04-2025,South,C,187,2,166,-11.30%
01-05-2025,South,C,123,2,116,-6.00%
01-06-2025,South,C,100,2,96,-3.80%
01-07-2025,South,C,94,2,89,-5.20%
01-08-2025,South,C,154,2,141,-8.10%
01-09-2025,South,C,234,2,213,-8.90%
01-10-2025,South,C,225,2,216,-3.80%
01-11-2025,South,C,104,2,95,-8.70%
01-12-2025,South,C,121,2,108,-10.80%
01-01-2026,South,C,196,2,181,-7.60%
01-02-2026,South,C,134,2,122,-8.70%
01-03-2026,South,C,212,2,191,-9.90%
01-04-2025,North,C,218,2,195,-10.60%
01-05-2025,North,C,235,2,213,-9.30%
01-06-2025,North,C,95,2,87,-8.60%
01-07-2025,North,C,185,2,164,-11.20%
01-08-2025,North,C,179,2,159,-11.30%
01-09-2025,North,C,120,2,112,-6.90%
01-10-2025,North,C,234,2,206,-11.80%
01-11-2025,North,C,189,2,174,-8.10%
01-12-2025,North,C,139,2,126,-9.10%
01-01-2026,North,C,180,2,173,-4.10%
01-02-2026,North,C,151,2,134,-11.40%
01-03-2026,North,C,149,2,142,-4.90%
01-04-2025,North,C,92,2,88,-4.40%
01-05-2025,North,C,234,2,206,-11.90%
01-06-2025,North,C,170,2,162,-4.90%
01-07-2025,North,C,213,2,205,-3.90%
01-08-2025,North,C,101,2,94,-6.60%
01-09-2025,North,C,195,2,186,-4.50%
01-10-2025,North,C,216,2,207,-4.20%
01-11-2025,North,C,238,2,212,-10.80%
01-12-2025,North,C,210,2,188,-10.40%
01-01-2026,North,C,137,2,127,-7.70%
01-02-2026,North,C,219,2,198,-9.40%
01-03-2026,North,C,183,2,176,-3.70%
01-04-2025,North,A,94,2,85,-9.20%
01-05-2025,North,A,144,2,137,-4.60%
01-06-2025,North,A,108,2,98,-9.10%
01-07-2025,North,A,162,2,157,-3.20%
01-08-2025,North,A,142,2,136,-4.40%
01-09-2025,North,A,150,2,138,-8.00%
01-10-2025,North,A,110,2,104,-5.50%
01-11-2025,North,A,119,2,114,-3.90%
01-12-2025,North,A,117,2,115,-2.10%
01-01-2026,North,A,121,2,117,-3.20%
01-02-2026,North,A,109,2,101,-7.20%
01-03-2026,North,A,119,2,106,-11.10%
01-04-2025,South,A,157,2,142,-9.40%
01-05-2025,South,A,142,2,134,-5.70%
01-06-2025,South,A,94,2,88,-6.50%
01-07-2025,South,A,164,2,151,-7.90%
01-08-2025,South,A,152,2,138,-8.90%
01-09-2025,South,A,75,2,73,-2.30%
01-10-2025,South,A,62,2,55,-10.50%
01-11-2025,South,A,116,2,113,-2.50%
01-12-2025,South,A,95,2,84,-11.20%
01-01-2026,South,A,168,2,163,-2.80%
01-02-2026,South,A,90,2,85,-5.60%
01-03-2026,South,A,153,2,150,-2.20%
01-04-2025,West,A,234,2,225,-3.80%
01-05-2025,West,A,148,2,131,-11.20%
01-06-2025,West,A,213,2,208,-2.20%
01-07-2025,West,A,252,2,225,-10.60%
01-08-2025,West,A,154,2,148,-4.10%
01-09-2025,West,A,131,2,122,-7.00%
01-10-2025,West,A,215,2,205,-4.80%
01-11-2025,West,A,206,2,198,-4.00%
01-12-2025,West,A,211,2,197,-6.80%
01-01-2026,West,A,162,2,153,-5.30%
01-02-2026,West,A,184,2,173,-5.80%
01-03-2026,West,A,133,2,124,-7.10%
01-04-2021,North,A,167,2,159,-4.70%
01-05-2021,North,A,238,2,211,-11.50%
01-06-2021,North,A,200,2,193,-3.30%
01-07-2021,North,A,245,2,226,-7.70%
01-08-2021,North,A,253,2,248,-2.00%
01-09-2021,North,A,240,2,233,-2.80%
01-10-2021,North,A,182,2,164,-9.60%
01-11-2021,North,A,191,2,177,-7.30%
01-12-2021,North,A,204,2,193,-5.30%
01-01-2022,North,A,204,2,193,-5.50%
01-02-2022,North,A,185,2,181,-2.10%
01-03-2022,North,A,196,2,181,-7.90%
01-04-2022,North,A,297,2,278,-6.40%
01-05-2022,North,A,417,2,375,-10.00%
01-06-2022,North,A,362,2,331,-8.50%
01-07-2022,North,A,436,2,404,-7.30%
01-08-2022,North,A,415,2,394,-5.10%
01-09-2022,North,A,412,2,364,-11.60%
01-10-2022,North,A,302,2,270,-10.60%
01-11-2022,North,A,300,2,292,-2.70%
01-12-2022,North,A,376,2,340,-9.60%
01-01-2023,North,A,302,2,296,-2.10%
01-02-2023,North,A,265,2,258,-2.80%
01-03-2023,North,A,339,2,315,-7.10%
01-04-2023,North,A,65,2,61,-6.80%
01-05-2023,North,A,104,2,98,-5.70%
01-06-2023,North,A,94,2,87,-7.40%
01-07-2023,North,A,94,2,91,-3.30%
01-08-2023,North,A,92,2,82,-11.10%
01-09-2023,North,A,170,2,159,-6.50%
01-10-2023,North,A,93,2,89,-4.70%
01-11-2023,North,A,143,2,139,-3.00%
01-12-2023,North,A,174,2,155,-11.10%
01-01-2024,North,A,128,2,118,-8.00%
01-02-2024,North,A,84,2,79,-5.40%
01-03-2024,North,A,126,2,122,-3.40%
01-04-2024,North,A,158,2,154,-2.30%
01-05-2024,North,A,77,2,68,-11.90%
01-06-2024,North,A,87,2,79,-9.30%
01-07-2024,North,A,126,2,123,-2.40%
01-08-2024,North,A,121,2,117,-3.20%
01-09-2024,North,A,109,2,100,-8.50%
01-10-2024,North,A,70,2,67,-4.20%
01-11-2024,North,A,124,2,120,-3.10%
01-12-2024,North,A,169,2,151,-10.70%
01-01-2025,North,A,151,2,144,-4.70%
01-02-2025,North,A,84,2,81,-3.60%
01-03-2025,North,A,99,2,91,-8.10%
01-04-2021,South,A,158,2,154,-2.30%
01-05-2021,South,A,212,2,203,-4.30%
01-06-2021,South,A,230,2,221,-3.90%
01-07-2021,South,A,155,2,144,-7.30%
01-08-2021,South,A,219,2,200,-8.90%
01-09-2021,South,A,169,2,165,-2.60%
01-10-2021,South,A,180,2,173,-3.70%
01-11-2021,South,A,234,2,209,-10.50%
01-12-2021,South,A,172,2,159,-7.60%
01-01-2022,South,A,176,2,163,-7.50%
01-02-2022,South,A,189,2,181,-4.20%
01-03-2022,South,A,239,2,223,-6.90%
01-04-2022,South,A,218,2,197,-9.70%
01-05-2022,South,A,226,2,202,-10.40%
01-06-2022,South,A,134,2,128,-4.30%
01-07-2022,South,A,183,2,177,-3.50%
01-08-2022,South,A,239,2,211,-11.80%
01-09-2022,South,A,200,2,185,-7.60%
01-10-2022,South,A,217,2,193,-11.10%
01-11-2022,South,A,244,2,224,-8.20%
01-12-2022,South,A,200,2,184,-7.80%
01-01-2023,South,A,149,2,134,-9.90%
01-02-2023,South,A,216,2,209,-3.30%
01-03-2023,South,A,137,2,134,-2.10%
01-04-2023,South,A,213,2,197,-7.70%
01-05-2023,South,A,165,2,149,-9.80%
01-06-2023,South,A,99,2,90,-9.30%
01-07-2023,South,A,163,2,151,-7.60%
01-08-2023,South,A,89,2,84,-5.90%
01-09-2023,South,A,184,2,169,-8.20%
01-10-2023,South,A,134,2,131,-2.00%
01-11-2023,South,A,187,2,181,-3.20%
01-12-2023,South,A,216,2,203,-5.90%
01-01-2024,South,A,167,2,163,-2.20%
01-02-2024,South,A,253,2,245,-3.10%
01-03-2024,South,A,120,2,107,-11.10%
01-04-2024,South,A,159,2,151,-4.80%
01-05-2024,South,A,209,2,189,-9.30%
01-06-2024,South,A,108,2,105,-2.70%
01-07-2024,South,A,212,2,207,-2.40%
01-08-2024,South,A,200,2,188,-6.10%
01-09-2024,South,A,93,2,85,-9.00%
01-10-2024,South,A,207,2,192,-7.20%
01-11-2024,South,A,258,2,250,-3.00%
01-12-2024,South,A,143,2,137,-4.40%
01-01-2025,South,A,145,2,135,-6.60%
01-02-2025,South,A,128,2,117,-8.70%
01-03-2025,South,A,97,2,92,-5.70%
01-04-2021,West,A,141,2,135,-4.30%
01-05-2021,West,A,195,2,183,-6.30%
01-06-2021,West,A,175,2,170,-2.60%
01-07-2021,West,A,206,2,196,-4.60%
01-08-2021,West,A,89,2,80,-10.20%
01-09-2021,West,A,244,2,223,-8.50%
01-10-2021,West,A,130,2,120,-7.60%
01-11-2021,West,A,244,2,224,-8.40%
01-12-2021,West,A,168,2,155,-7.50%
01-01-2022,West,A,215,2,199,-7.30%
01-02-2022,West,A,231,2,215,-6.80%
01-03-2022,West,A,194,2,175,-10.10%
01-04-2022,West,A,187,2,166,-11.30%
01-05-2022,West,A,123,2,116,-5.50%
01-06-2022,West,A,100,2,95,-4.60%
01-07-2022,West,A,94,2,89,-4.80%
01-08-2022,West,A,154,2,148,-4.00%
01-09-2022,West,A,234,2,207,-11.50%
01-10-2022,West,A,225,2,219,-2.70%
01-11-2022,West,A,104,2,94,-10.00%
01-12-2022,West,A,121,2,110,-9.10%
01-01-2023,West,A,196,2,177,-9.70%
01-02-2023,West,A,134,2,131,-2.50%
01-03-2023,West,A,212,2,207,-2.20%
01-04-2023,West,A,218,2,209,-4.00%
01-05-2023,West,A,235,2,208,-11.70%
01-06-2023,West,A,95,2,93,-2.60%
01-07-2023,West,A,185,2,166,-10.10%
01-08-2023,West,A,179,2,166,-7.30%
01-09-2023,West,A,120,2,107,-11.10%
01-10-2023,West,A,234,2,216,-7.60%
01-11-2023,West,A,189,2,179,-5.40%
01-12-2023,West,A,139,2,135,-2.50%
01-01-2024,West,A,180,2,159,-11.80%
01-02-2024,West,A,151,2,134,-11.10%
01-03-2024,West,A,149,2,135,-9.20%
01-04-2024,West,A,92,2,86,-6.70%
01-05-2024,West,A,234,2,210,-10.40%
01-06-2024,West,A,170,2,166,-2.40%
01-07-2024,West,A,213,2,200,-6.00%
01-08-2024,West,A,101,2,98,-3.20%
01-09-2024,West,A,195,2,175,-10.40%
01-10-2024,West,A,216,2,191,-11.50%
01-11-2024,West,A,238,2,220,-7.60%
01-12-2024,West,A,210,2,196,-6.50%
01-01-2025,West,A,137,2,129,-6.10%
01-02-2025,West,A,219,2,211,-3.50%
01-03-2025,West,A,183,2,175,-4.50%
01-04-2021,North,C,94,2,86,-9.00%
01-05-2021,North,C,144,2,139,-3.20%
01-06-2021,North,C,108,2,106,-2.30%
01-07-2021,North,C,162,2,149,-8.00%
01-08-2021,North,C,142,2,139,-2.00%
01-09-2021,North,C,150,2,135,-10.30%
01-10-2021,North,C,110,2,106,-3.80%
01-11-2021,North,C,119,2,110,-7.30%
01-12-2021,North,C,117,2,107,-8.30%
01-01-2022,North,C,121,2,107,-11.70%
01-02-2022,North,C,109,2,101,-7.70%
01-03-2022,North,C,119,2,114,-4.60%
01-04-2022,North,C,157,2,141,-10.40%
01-05-2022,North,C,142,2,134,-5.40%
01-06-2022,North,C,94,2,83,-11.50%
01-07-2022,North,C,164,2,155,-5.30%
01-08-2022,North,C,152,2,146,-4.10%
01-09-2022,North,C,75,2,68,-9.80%
01-10-2022,North,C,62,2,59,-5.40%
01-11-2022,North,C,116,2,113,-2.30%
01-12-2022,North,C,95,2,85,-10.20%
01-01-2023,North,C,168,2,154,-8.40%
01-02-2023,North,C,90,2,88,-2.40%
01-03-2023,North,C,153,2,136,-11.40%
01-04-2023,North,C,234,2,228,-2.40%
01-05-2023,North,C,148,2,133,-10.20%
01-06-2023,North,C,213,2,198,-7.00%
01-07-2023,North,C,252,2,237,-6.00%
01-08-2023,North,C,154,2,149,-3.30%
01-09-2023,North,C,131,2,121,-7.70%
01-10-2023,North,C,215,2,190,-11.80%
01-11-2023,North,C,206,2,197,-4.30%
01-12-2023,North,C,211,2,203,-3.70%
01-01-2024,North,C,162,2,148,-8.70%
01-02-2024,North,C,184,2,175,-5.10%
01-03-2024,North,C,133,2,128,-4.10%
01-04-2024,North,C,167,2,156,-6.50%
01-05-2024,North,C,238,2,216,-9.10%
01-06-2024,North,C,200,2,179,-10.60%
01-07-2024,North,C,245,2,237,-3.40%
01-08-2024,North,C,253,2,233,-8.00%
01-09-2024,North,C,240,2,235,-2.20%
01-10-2024,North,C,182,2,166,-9.10%
01-11-2024,North,C,191,2,177,-7.50%
01-12-2024,North,C,204,2,192,-5.80%
01-01-2025,North,C,204,2,185,-9.20%
01-02-2025,North,C,185,2,175,-5.70%
01-03-2025,North,C,196,2,178,-9.10%
01-04-2021,North,C,297,2,269,-9.50%
01-05-2021,North,C,417,2,390,-6.60%
01-06-2021,North,C,362,2,348,-3.90%
01-07-2021,North,C,436,2,390,-10.50%
01-08-2021,North,C,415,2,394,-5.10%
01-09-2021,North,C,412,2,385,-6.50%
01-10-2021,North,C,302,2,294,-2.70%
01-11-2021,North,C,300,2,284,-5.40%
01-12-2021,North,C,376,2,344,-8.60%
01-01-2022,North,C,302,2,279,-7.70%
01-02-2022,North,C,265,2,256,-3.30%
01-03-2022,North,C,339,2,323,-4.80%
01-04-2022,North,C,65,2,63,-2.50%
01-05-2022,North,C,104,2,95,-8.40%
01-06-2022,North,C,94,2,89,-5.80%
01-07-2022,North,C,94,2,86,-8.20%
01-08-2022,North,C,92,2,88,-3.80%
01-09-2022,North,C,170,2,166,-2.20%
01-10-2022,North,C,93,2,88,-5.10%
01-11-2022,North,C,143,2,133,-6.80%
01-12-2022,North,C,174,2,167,-4.10%
01-01-2023,North,C,128,2,121,-5.20%
01-02-2023,North,C,84,2,77,-8.80%
01-03-2023,North,C,126,2,121,-4.10%
01-04-2023,North,C,158,2,149,-6.00%
01-05-2023,North,C,77,2,75,-2.80%
01-06-2023,North,C,87,2,77,-11.40%
01-07-2023,North,C,126,2,115,-8.80%
01-08-2023,North,C,121,2,113,-6.90%
01-09-2023,North,C,109,2,97,-10.90%
01-10-2023,North,C,70,2,66,-6.20%
01-11-2023,North,C,124,2,121,-2.80%
01-12-2023,North,C,169,2,164,-3.20%
01-01-2024,North,C,151,2,133,-11.70%
01-02-2024,North,C,84,2,81,-4.00%
01-03-2024,North,C,99,2,91,-8.40%
01-04-2024,North,C,158,2,145,-8.40%
01-05-2024,North,C,212,2,200,-5.60%
01-06-2024,North,C,230,2,207,-9.90%
01-07-2024,North,C,155,2,148,-4.40%
01-08-2024,North,C,219,2,203,-7.40%
01-09-2024,North,C,169,2,158,-6.40%
01-10-2024,North,C,180,2,174,-3.20%
01-11-2024,North,C,234,2,217,-7.40%
01-12-2024,North,C,172,2,162,-5.90%
01-01-2025,North,C,176,2,158,-10.30%
01-02-2025,North,C,189,2,183,-3.00%
01-03-2025,North,C,239,2,232,-2.90%
01-04-2021,South,C,218,2,198,-9.10%
01-05-2021,South,C,226,2,212,-6.20%
01-06-2021,South,C,134,2,128,-4.10%
01-07-2021,South,C,183,2,179,-2.10%
01-08-2021,South,C,239,2,215,-9.90%
01-09-2021,South,C,200,2,184,-8.10%
01-10-2021,South,C,217,2,209,-3.70%
01-11-2021,South,C,244,2,215,-11.90%
01-12-2021,South,C,200,2,194,-3.10%
01-01-2022,South,C,149,2,143,-4.10%
01-02-2022,South,C,216,2,196,-9.20%
01-03-2022,South,C,137,2,122,-10.60%
01-04-2022,South,C,213,2,189,-11.10%
01-05-2022,South,C,165,2,156,-5.70%
01-06-2022,South,C,99,2,93,-5.90%
01-07-2022,South,C,163,2,153,-6.40%
01-08-2022,South,C,89,2,84,-5.50%
01-09-2022,South,C,184,2,176,-4.60%
01-10-2022,South,C,134,2,128,-4.10%
01-11-2022,South,C,187,2,166,-11.10%
01-12-2022,South,C,216,2,203,-6.20%
01-01-2023,South,C,167,2,152,-9.20%
01-02-2023,South,C,253,2,227,-10.20%
01-03-2023,South,C,120,2,107,-11.00%
01-04-2023,South,C,159,2,149,-6.60%
01-05-2023,South,C,209,2,193,-7.70%
01-06-2023,South,C,108,2,101,-6.70%
01-07-2023,South,C,212,2,201,-5.30%
01-08-2023,South,C,200,2,186,-7.10%
01-09-2023,South,C,93,2,87,-5.90%
01-10-2023,South,C,207,2,189,-8.50%
01-11-2023,South,C,258,2,237,-8.10%
01-12-2023,South,C,143,2,134,-6.10%
01-01-2024,South,C,145,2,130,-10.10%
01-02-2024,South,C,128,2,119,-6.70%
01-03-2024,South,C,97,2,93,-3.70%
01-04-2024,South,C,141,2,131,-7.10%
01-05-2024,South,C,195,2,185,-5.40%
01-06-2024,South,C,175,2,156,-10.90%
01-07-2024,South,C,206,2,189,-8.50%
01-08-2024,South,C,89,2,85,-4.20%
01-09-2024,South,C,244,2,220,-9.70%
01-10-2024,South,C,130,2,126,-3.40%
01-11-2024,South,C,244,2,232,-4.80%
01-12-2024,South,C,168,2,155,-8.00%
01-01-2025,South,C,215,2,202,-5.80%
01-02-2025,South,C,231,2,204,-11.70%
01-03-2025,South,C,194,2,177,-8.90%
01-04-2021,South,C,187,2,181,-3.20%
01-05-2021,South,C,123,2,114,-7.50%
01-06-2021,South,C,100,2,91,-8.90%
01-07-2021,South,C,94,2,84,-10.30%
01-08-2021,South,C,154,2,147,-4.30%
01-09-2021,South,C,234,2,213,-8.90%
01-10-2021,South,C,225,2,212,-6.00%
01-11-2021,South,C,104,2,92,-11.40%
01-12-2021,South,C,121,2,107,-11.30%
01-01-2022,South,C,196,2,189,-3.60%
01-02-2022,South,C,134,2,124,-7.50%
01-03-2022,South,C,212,2,204,-3.70%
01-04-2022,South,C,218,2,200,-8.30%
01-05-2022,South,C,235,2,230,-2.20%
01-06-2022,South,C,95,2,92,-3.40%
01-07-2022,South,C,185,2,168,-9.20%
01-08-2022,South,C,179,2,164,-8.20%
01-09-2022,South,C,120,2,114,-4.70%
01-10-2022,South,C,234,2,218,-7.00%
01-11-2022,South,C,189,2,175,-7.40%
01-12-2022,South,C,139,2,128,-7.80%
01-01-2023,South,C,180,2,163,-9.30%
01-02-2023,South,C,151,2,144,-4.90%
01-03-2023,South,C,149,2,134,-10.10%
01-04-2023,South,C,92,2,82,-10.80%
01-05-2023,South,C,234,2,218,-6.80%
01-06-2023,South,C,170,2,163,-3.90%
01-07-2023,South,C,213,2,207,-2.70%
01-08-2023,South,C,101,2,99,-2.30%
01-09-2023,South,C,195,2,176,-9.70%
01-10-2023,South,C,216,2,211,-2.40%
01-11-2023,South,C,238,2,213,-10.70%
01-12-2023,South,C,210,2,196,-6.80%
01-01-2024,South,C,137,2,123,-10.00%
01-02-2024,South,C,219,2,206,-6.00%
01-03-2024,South,C,183,2,163,-11.00%
01-04-2024,South,C,94,2,88,-6.50%
01-05-2024,South,C,144,2,131,-9.10%
01-06-2024,South,C,108,2,100,-7.50%
01-07-2024,South,C,162,2,159,-2.10%
01-08-2024,South,C,142,2,133,-6.60%
01-09-2024,South,C,150,2,143,-4.80%
01-10-2024,South,C,110,2,103,-6.30%
01-11-2024,South,C,119,2,110,-8.00%
01-12-2024,South,C,117,2,112,-4.10%
01-01-2025,South,C,121,2,107,-11.90%
01-02-2025,South,C,109,2,105,-3.70%
01-03-2025,South,C,119,2,107,-10.50%
01-04-2021,West,C,157,2,152,-3.20%
01-05-2021,West,C,142,2,135,-4.80%
01-06-2021,West,C,94,2,85,-10.10%
01-07-2021,West,C,164,2,160,-2.40%
01-08-2021,West,C,152,2,145,-4.30%
01-09-2021,West,C,75,2,69,-7.60%
01-10-2021,West,C,62,2,57,-8.00%
01-11-2021,West,C,116,2,107,-7.40%
01-12-2021,West,C,95,2,88,-7.30%
01-01-2022,West,C,168,2,156,-7.00%
01-02-2022,West,C,90,2,84,-6.70%
01-03-2022,West,C,153,2,137,-10.70%
01-04-2022,West,C,234,2,215,-8.10%
01-05-2022,West,C,148,2,140,-5.60%
01-06-2022,West,C,213,2,200,-6.20%
01-07-2022,West,C,252,2,223,-11.50%
01-08-2022,West,C,154,2,139,-9.70%
01-09-2022,West,C,131,2,124,-5.40%
01-10-2022,West,C,215,2,196,-8.80%
01-11-2022,West,C,206,2,188,-8.70%
01-12-2022,West,C,211,2,204,-3.20%
01-01-2023,West,C,162,2,143,-12.00%
01-02-2023,West,C,184,2,162,-11.70%
01-03-2023,West,C,133,2,126,-5.50%
01-04-2023,West,C,167,2,149,-10.80%
01-05-2023,West,C,238,2,213,-10.60%
01-06-2023,West,C,200,2,180,-10.00%
01-07-2023,West,C,245,2,226,-7.90%
01-08-2023,West,C,253,2,241,-4.60%
01-09-2023,West,C,240,2,224,-6.50%
01-10-2023,West,C,182,2,172,-5.20%
01-11-2023,West,C,191,2,172,-10.00%
01-12-2023,West,C,204,2,199,-2.40%
01-01-2024,West,C,204,2,197,-3.50%
01-02-2024,West,C,185,2,170,-7.90%
01-03-2024,West,C,196,2,188,-4.00%
01-04-2024,West,C,297,2,284,-4.40%
01-05-2024,West,C,417,2,403,-3.40%
01-06-2024,West,C,362,2,320,-11.60%
01-07-2024,West,C,436,2,394,-9.70%
01-08-2024,West,C,415,2,383,-7.70%
01-09-2024,West,C,412,2,367,-10.90%
01-10-2024,West,C,302,2,272,-9.80%
01-11-2024,West,C,300,2,293,-2.20%
01-12-2024,West,C,376,2,366,-2.70%
01-01-2025,West,C,302,2,294,-2.60%
01-02-2025,West,C,265,2,251,-5.20%
01-03-2025,West,C,339,2,315,-7.10%
01-04-2021,West,C,65,2,58,-10.40%
01-05-2021,West,C,104,2,93,-10.40%
01-06-2021,West,C,94,2,83,-11.30%
01-07-2021,West,C,94,2,84,-10.80%
01-08-2021,West,C,92,2,88,-4.70%
01-09-2021,West,C,170,2,166,-2.50%
01-10-2021,West,C,93,2,87,-6.80%
01-11-2021,West,C,143,2,132,-7.50%
01-12-2021,West,C,174,2,160,-8.20%
01-01-2022,West,C,128,2,118,-7.70%
01-02-2022,West,C,84,2,80,-5.00%
01-03-2022,West,C,126,2,123,-2.40%
01-04-2022,West,C,158,2,143,-9.40%
01-05-2022,West,C,77,2,68,-11.40%
01-06-2022,West,C,87,2,80,-7.80%
01-07-2022,West,C,126,2,123,-2.20%
01-08-2022,West,C,121,2,114,-5.70%
01-09-2022,West,C,109,2,102,-6.70%
01-10-2022,West,C,70,2,64,-8.20%
01-11-2022,West,C,124,2,114,-8.10%
01-12-2022,West,C,169,2,153,-9.50%
01-01-2023,West,C,151,2,139,-7.90%
01-02-2023,West,C,84,2,78,-7.40%
01-03-2023,West,C,99,2,92,-6.60%
01-04-2023,West,C,158,2,141,-10.60%
01-05-2023,West,C,212,2,200,-5.80%
01-06-2023,West,C,230,2,221,-4.00%
01-07-2023,West,C,155,2,145,-6.70%
01-08-2023,West,C,219,2,197,-10.30%
01-09-2023,West,C,169,2,149,-12.00%
01-10-2023,West,C,180,2,175,-2.90%
01-11-2023,West,C,234,2,219,-6.60%
01-12-2023,West,C,172,2,157,-8.90%
01-01-2024,West,C,176,2,159,-9.90%
01-02-2024,West,C,189,2,179,-5.10%
01-03-2024,West,C,239,2,211,-11.60%
01-04-2024,West,C,218,2,209,-4.20%
01-05-2024,West,C,226,2,201,-10.90%
01-06-2024,West,C,134,2,124,-7.20%
01-07-2024,West,C,183,2,169,-7.60%
01-08-2024,West,C,239,2,222,-7.00%
01-09-2024,West,C,200,2,180,-10.00%
01-10-2024,West,C,217,2,200,-7.70%
01-11-2024,West,C,244,2,219,-10.20%
01-12-2024,West,C,200,2,191,-4.40%
01-01-2025,West,C,149,2,139,-6.90%
01-02-2025,West,C,216,2,197,-8.80%
01-03-2025,West,C,137,2,122,-11.10%
01-04-2021,North,B,213,2,209,-2.10%
01-05-2021,North,B,165,2,147,-11.10%
01-06-2021,North,B,99,2,92,-6.60%
01-07-2021,North,B,163,2,158,-3.30%
01-08-2021,North,B,89,2,78,-11.90%
01-09-2021,North,B,184,2,180,-2.30%
01-10-2021,North,B,134,2,126,-5.70%
01-11-2021,North,B,187,2,166,-11.40%
01-12-2021,North,B,216,2,195,-9.80%
01-01-2022,North,B,167,2,164,-2.10%
01-02-2022,North,B,253,2,236,-6.70%
01-03-2022,North,B,120,2,111,-7.50%
01-04-2022,North,B,159,2,146,-7.90%
01-05-2022,North,B,209,2,192,-7.90%
01-06-2022,North,B,108,2,100,-7.30%
01-07-2022,North,B,212,2,206,-2.80%
01-08-2022,North,B,200,2,183,-8.70%
01-09-2022,North,B,93,2,87,-6.80%
01-10-2022,North,B,207,2,202,-2.50%
01-11-2022,North,B,258,2,246,-4.60%
01-12-2022,North,B,143,2,128,-10.80%
01-01-2023,North,B,145,2,131,-9.60%
01-02-2023,North,B,128,2,115,-10.40%
01-03-2023,North,B,97,2,88,-9.70%
01-04-2023,North,B,141,2,138,-2.20%
01-05-2023,North,B,195,2,186,-4.70%
01-06-2023,North,B,175,2,171,-2.10%
01-07-2023,North,B,206,2,185,-10.20%
01-08-2023,North,B,89,2,86,-3.50%
01-09-2023,North,B,244,2,223,-8.50%
01-10-2023,North,B,130,2,122,-6.30%
01-11-2023,North,B,244,2,229,-6.10%
01-12-2023,North,B,168,2,160,-4.80%
01-01-2024,North,B,215,2,195,-9.10%
01-02-2024,North,B,231,2,222,-4.00%
01-03-2024,North,B,194,2,189,-2.80%
01-04-2024,North,B,187,2,180,-3.60%
01-05-2024,North,B,123,2,108,-11.90%
01-06-2024,North,B,100,2,91,-9.10%
01-07-2024,North,B,94,2,89,-5.40%
01-08-2024,North,B,154,2,145,-6.00%
01-09-2024,North,B,234,2,224,-4.40%
01-10-2024,North,B,225,2,213,-5.30%
01-11-2024,North,B,104,2,100,-3.60%
01-12-2024,North,B,121,2,110,-9.00%
01-01-2025,North,B,196,2,185,-5.50%
01-02-2025,North,B,134,2,120,-10.20%
01-03-2025,North,B,212,2,198,-6.60%
01-04-2021,North,B,218,2,207,-5.20%
01-05-2021,North,B,235,2,211,-10.10%
01-06-2021,North,B,95,2,85,-10.80%
01-07-2021,North,B,185,2,170,-8.00%
01-08-2021,North,B,179,2,173,-3.40%
01-09-2021,North,B,120,2,107,-11.10%
01-10-2021,North,B,234,2,223,-4.60%
01-11-2021,North,B,189,2,184,-2.50%
01-12-2021,North,B,139,2,136,-2.30%
01-01-2022,North,B,180,2,164,-9.10%
01-02-2022,North,B,151,2,143,-5.40%
01-03-2022,North,B,149,2,145,-3.00%
01-04-2022,North,B,92,2,86,-6.20%
01-05-2022,North,B,234,2,214,-8.60%
01-06-2022,North,B,170,2,158,-7.00%
01-07-2022,North,B,213,2,208,-2.30%
01-08-2022,North,B,101,2,89,-11.50%
01-09-2022,North,B,195,2,176,-9.90%
01-10-2022,North,B,216,2,192,-11.30%
01-11-2022,North,B,238,2,225,-5.60%
01-12-2022,North,B,210,2,193,-8.20%
01-01-2023,North,B,137,2,123,-10.40%
01-02-2023,North,B,219,2,207,-5.30%
01-03-2023,North,B,183,2,165,-9.80%
01-04-2023,North,B,94,2,83,-11.70%
01-05-2023,North,B,144,2,134,-7.00%
01-06-2023,North,B,108,2,97,-10.20%
01-07-2023,North,B,162,2,158,-2.50%
01-08-2023,North,B,142,2,132,-7.10%
01-09-2023,North,B,150,2,144,-4.10%
01-10-2023,North,B,110,2,106,-4.10%
01-11-2023,North,B,119,2,107,-10.00%
01-12-2023,North,B,117,2,113,-3.60%
01-01-2024,North,B,121,2,115,-5.20%
01-02-2024,North,B,109,2,100,-8.10%
01-03-2024,North,B,119,2,116,-2.60%
01-04-2024,North,B,157,2,153,-2.30%
01-05-2024,North,B,142,2,137,-3.30%
01-06-2024,North,B,94,2,86,-8.40%
01-07-2024,North,B,164,2,152,-7.40%
01-08-2024,North,B,152,2,148,-2.50%
01-09-2024,North,B,75,2,67,-10.50%
01-10-2024,North,B,62,2,60,-3.20%
01-11-2024,North,B,116,2,110,-4.90%
01-12-2024,North,B,95,2,88,-6.90%
01-01-2025,North,B,168,2,162,-3.30%
01-02-2025,North,B,90,2,83,-7.50%
01-03-2025,North,B,153,2,138,-9.80%
01-04-2021,South,B,234,2,212,-9.50%
01-05-2021,South,B,148,2,133,-10.20%
01-06-2021,South,B,213,2,197,-7.30%
01-07-2021,South,B,252,2,228,-9.30%
01-08-2021,South,B,154,2,139,-10.00%
01-09-2021,South,B,131,2,121,-7.40%
01-10-2021,South,B,215,2,195,-9.10%
01-11-2021,South,B,206,2,191,-7.30%
01-12-2021,South,B,211,2,191,-9.40%
01-01-2022,South,B,162,2,153,-5.30%
01-02-2022,South,B,184,2,172,-6.50%
01-03-2022,South,B,133,2,128,-3.90%
01-04-2022,South,B,167,2,161,-3.30%
01-05-2022,South,B,238,2,228,-4.20%
01-06-2022,South,B,200,2,187,-6.40%
01-07-2022,South,B,245,2,226,-7.60%
01-08-2022,South,B,253,2,231,-8.80%
01-09-2022,South,B,240,2,226,-6.00%
01-10-2022,South,B,182,2,167,-8.10%
01-11-2022,South,B,191,2,174,-8.70%
01-12-2022,South,B,204,2,183,-10.50%
01-01-2023,South,B,204,2,184,-9.70%
01-02-2023,South,B,185,2,163,-11.70%
01-03-2023,South,B,196,2,174,-11.40%
01-04-2023,South,B,297,2,279,-5.90%
01-05-2023,South,B,417,2,382,-8.40%
01-06-2023,South,B,362,2,346,-4.40%
01-07-2023,South,B,436,2,411,-5.60%
01-08-2023,South,B,415,2,405,-2.30%
01-09-2023,South,B,412,2,368,-10.70%
01-10-2023,South,B,302,2,277,-8.40%
01-11-2023,South,B,300,2,277,-7.70%
01-12-2023,South,B,376,2,362,-3.80%
01-01-2024,South,B,302,2,267,-11.70%
01-02-2024,South,B,265,2,254,-4.00%
01-03-2024,South,B,339,2,327,-3.40%
01-04-2024,South,B,65,2,61,-6.40%
01-05-2024,South,B,104,2,97,-6.80%
01-06-2024,South,B,94,2,86,-8.10%
01-07-2024,South,B,94,2,85,-9.20%
01-08-2024,South,B,92,2,89,-2.70%
01-09-2024,South,B,170,2,162,-4.50%
01-10-2024,South,B,93,2,91,-2.70%
01-11-2024,South,B,143,2,134,-6.50%
01-12-2024,South,B,174,2,162,-6.90%
01-01-2025,South,B,128,2,118,-8.10%
01-02-2025,South,B,84,2,79,-5.90%
01-03-2025,South,B,126,2,114,-9.70%
01-04-2021,South,B,158,2,139,-11.80%
01-05-2021,South,B,77,2,75,-2.20%
01-06-2021,South,B,87,2,84,-3.20%
01-07-2021,South,B,126,2,122,-3.30%
01-08-2021,South,B,121,2,115,-5.10%
01-09-2021,South,B,109,2,100,-8.10%
01-10-2021,South,B,70,2,67,-4.50%
01-11-2021,South,B,124,2,116,-6.80%
01-12-2021,South,B,169,2,160,-5.40%
01-01-2022,South,B,151,2,141,-6.40%
01-02-2022,South,B,84,2,81,-3.50%
01-03-2022,South,B,99,2,94,-5.10%
01-04-2022,South,B,158,2,145,-8.10%
01-05-2022,South,B,212,2,194,-8.50%
01-06-2022,South,B,230,2,221,-3.90%
01-07-2022,South,B,155,2,150,-3.30%
01-08-2022,South,B,219,2,196,-10.30%
01-09-2022,South,B,169,2,164,-2.70%
01-10-2022,South,B,180,2,163,-9.40%
01-11-2022,South,B,234,2,224,-4.20%
01-12-2022,South,B,172,2,157,-8.70%
01-01-2023,South,B,176,2,167,-5.20%
01-02-2023,South,B,189,2,167,-11.70%
01-03-2023,South,B,239,2,234,-2.10%
01-04-2023,South,B,218,2,208,-4.70%
01-05-2023,South,B,226,2,209,-7.70%
01-06-2023,South,B,134,2,126,-6.20%
01-07-2023,South,B,183,2,176,-3.90%
01-08-2023,South,B,239,2,228,-4.70%
01-09-2023,South,B,200,2,181,-9.70%
01-10-2023,South,B,217,2,201,-7.40%
01-11-2023,South,B,244,2,233,-4.60%
01-12-2023,South,B,200,2,190,-5.10%
01-01-2024,South,B,149,2,131,-11.90%
01-02-2024,South,B,216,2,204,-5.70%
01-03-2024,South,B,137,2,132,-3.50%
01-04-2024,South,B,213,2,193,-9.40%
01-05-2024,South,B,165,2,161,-2.50%
01-06-2024,South,B,99,2,93,-5.80%
01-07-2024,South,B,163,2,160,-2.10%
01-08-2024,South,B,89,2,82,-7.90%
01-09-2024,South,B,184,2,166,-10.10%
01-10-2024,South,B,134,2,120,-10.50%
01-11-2024,South,B,187,2,171,-8.50%
01-12-2024,South,B,216,2,199,-7.70%
01-01-2025,South,B,167,2,164,-2.10%
01-02-2025,South,B,253,2,223,-11.90%
01-03-2025,South,B,120,2,112,-7.10%
01-04-2021,West,B,159,2,155,-2.20%
01-05-2021,West,B,209,2,189,-9.60%
01-06-2021,West,B,108,2,98,-9.60%
01-07-2021,West,B,212,2,205,-3.50%
01-08-2021,West,B,200,2,192,-3.80%
01-09-2021,West,B,93,2,84,-9.20%
01-10-2021,West,B,207,2,193,-6.70%
01-11-2021,West,B,258,2,251,-2.70%
01-12-2021,West,B,143,2,128,-10.30%
01-01-2022,West,B,145,2,130,-10.40%
01-02-2022,West,B,128,2,116,-9.50%
01-03-2022,West,B,97,2,93,-4.50%
01-04-2022,West,B,141,2,135,-4.30%
01-05-2022,West,B,195,2,177,-9.20%
01-06-2022,West,B,175,2,163,-6.70%
01-07-2022,West,B,206,2,200,-2.90%
01-08-2022,West,B,89,2,82,-8.30%
01-09-2022,West,B,244,2,232,-4.80%
01-10-2022,West,B,130,2,119,-8.60%
01-11-2022,West,B,244,2,235,-3.70%
01-12-2022,West,B,168,2,158,-5.90%
01-01-2023,West,B,215,2,190,-11.70%
01-02-2023,West,B,231,2,209,-9.60%
01-03-2023,West,B,194,2,189,-2.70%
01-04-2023,West,B,187,2,181,-3.30%
01-05-2023,West,B,123,2,117,-5.10%
01-06-2023,West,B,100,2,92,-7.60%
01-07-2023,West,B,94,2,88,-6.60%
01-08-2023,West,B,154,2,138,-10.60%
01-09-2023,West,B,234,2,220,-6.10%
01-10-2023,West,B,225,2,208,-7.60%
01-11-2023,West,B,104,2,94,-9.20%
01-12-2023,West,B,121,2,107,-12.00%
01-01-2024,West,B,196,2,188,-4.30%
01-02-2024,West,B,134,2,122,-9.30%
01-03-2024,West,B,212,2,192,-9.70%
01-04-2024,West,B,218,2,198,-9.00%
01-05-2024,West,B,235,2,221,-6.10%
01-06-2024,West,B,95,2,89,-6.70%
01-07-2024,West,B,185,2,173,-6.50%
01-08-2024,West,B,179,2,168,-6.10%
01-09-2024,West,B,120,2,111,-7.70%
01-10-2024,West,B,234,2,225,-4.00%
01-11-2024,West,B,189,2,184,-2.80%
01-12-2024,West,B,139,2,135,-2.90%
01-01-2025,West,B,180,2,166,-8.00%
01-02-2025,West,B,151,2,146,-3.20%
01-03-2025,West,B,149,2,138,-7.50%
01-04-2021,West,B,92,2,87,-5.90%
01-05-2021,West,B,234,2,213,-8.90%
01-06-2021,West,B,170,2,157,-7.70%
01-07-2021,West,B,213,2,193,-9.30%
01-08-2021,West,B,101,2,89,-11.70%
01-09-2021,West,B,195,2,185,-5.00%
01-10-2021,West,B,216,2,211,-2.10%
01-11-2021,West,B,238,2,216,-9.10%
01-12-2021,West,B,210,2,204,-3.00%
01-01-2022,West,B,137,2,121,-11.90%
01-02-2022,West,B,219,2,202,-7.70%
01-03-2022,West,B,183,2,175,-4.40%
01-04-2022,West,B,94,2,87,-7.30%
01-05-2022,West,B,144,2,129,-10.20%
01-06-2022,West,B,108,2,101,-6.80%
01-07-2022,West,B,162,2,146,-9.90%
01-08-2022,West,B,142,2,125,-11.60%
01-09-2022,West,B,150,2,133,-11.30%
01-10-2022,West,B,110,2,101,-8.40%
01-11-2022,West,B,119,2,116,-2.10%
01-12-2022,West,B,117,2,109,-6.50%
01-01-2023,West,B,121,2,108,-11.10%
01-02-2023,West,B,109,2,103,-5.50%
01-03-2023,West,B,119,2,112,-5.60%
01-04-2023,West,B,157,2,147,-6.70%
01-05-2023,West,B,142,2,131,-7.60%
01-06-2023,West,B,94,2,85,-9.80%
01-07-2023,West,B,164,2,152,-7.10%
01-08-2023,West,B,152,2,141,-7.30%
01-09-2023,West,B,75,2,66,-11.50%
01-10-2023,West,B,62,2,56,-9.80%
01-11-2023,West,B,116,2,112,-3.20%
01-12-2023,West,B,95,2,87,-8.40%
01-01-2024,West,B,168,2,154,-8.20%
01-02-2024,West,B,90,2,81,-9.50%
01-03-2024,West,B,153,2,148,-3.60%
01-04-2024,West,B,234,2,227,-3.10%
01-05-2024,West,B,148,2,140,-5.20%
01-06-2024,West,B,213,2,196,-8.20%
01-07-2024,West,B,252,2,232,-7.70%
01-08-2024,West,B,154,2,143,-7.10%
01-09-2024,West,B,131,2,116,-11.30%
01-10-2024,West,B,215,2,192,-10.80%
01-11-2024,West,B,206,2,201,-2.70%
01-12-2024,West,B,211,2,193,-8.50%
01-01-2025,West,B,162,2,151,-6.60%
01-02-2025,West,B,184,2,176,-4.10%
01-03-2025,West,B,133,2,128,-3.90%
01-04-2025,North,B,167,3,148,-11.50%
01-05-2025,North,B,238,3,223,-6.20%
01-06-2025,North,B,200,3,192,-3.90%
01-07-2025,North,B,245,3,240,-2.10%
01-08-2025,North,B,253,3,234,-7.60%
01-09-2025,North,B,240,3,224,-6.50%
01-10-2025,North,B,182,3,174,-4.60%
01-11-2025,North,B,191,3,169,-11.40%
01-12-2025,North,B,204,3,187,-8.50%
01-01-2026,North,B,204,3,197,-3.20%
01-02-2026,North,B,185,3,181,-2.10%
01-03-2026,North,B,196,3,185,-5.50%
01-04-2025,North,B,297,3,264,-11.00%
01-05-2025,North,B,417,3,370,-11.40%
01-06-2025,North,B,362,3,339,-6.40%
01-07-2025,North,B,436,3,405,-7.00%
01-08-2025,North,B,415,3,397,-4.40%
01-09-2025,North,B,412,3,375,-9.00%
01-10-2025,North,B,302,3,268,-11.20%
01-11-2025,North,B,300,3,287,-4.40%
01-12-2025,North,B,376,3,362,-3.80%
01-01-2026,North,B,302,3,286,-5.20%
01-02-2026,North,B,265,3,238,-10.20%
01-03-2026,North,B,339,3,306,-9.80%
01-04-2025,South,B,65,3,64,-2.00%
01-05-2025,South,B,104,3,98,-5.60%
01-06-2025,South,B,94,3,86,-8.90%
01-07-2025,South,B,94,3,84,-10.40%
01-08-2025,South,B,92,3,90,-2.60%
01-09-2025,South,B,170,3,166,-2.50%
01-10-2025,South,B,93,3,91,-2.10%
01-11-2025,South,B,143,3,132,-7.70%
01-12-2025,South,B,174,3,154,-11.70%
01-01-2026,South,B,128,3,122,-4.40%
01-02-2026,South,B,84,3,77,-7.90%
01-03-2026,South,B,126,3,115,-8.60%
01-04-2025,South,B,158,3,148,-6.60%
01-05-2025,South,B,77,3,75,-2.50%
01-06-2025,South,B,87,3,84,-3.30%
01-07-2025,South,B,126,3,118,-6.30%
01-08-2025,South,B,121,3,116,-3.90%
01-09-2025,South,B,109,3,104,-4.20%
01-10-2025,South,B,70,3,63,-9.60%
01-11-2025,South,B,124,3,115,-7.50%
01-12-2025,South,B,169,3,162,-4.00%
01-01-2026,South,B,151,3,139,-7.90%
01-02-2026,South,B,84,3,78,-6.90%
01-03-2026,South,B,99,3,87,-11.90%
01-04-2025,West,B,158,3,144,-8.60%
01-05-2025,West,B,212,3,203,-4.40%
01-06-2025,West,B,230,3,223,-2.90%
01-07-2025,West,B,155,3,138,-11.30%
01-08-2025,West,B,219,3,208,-4.90%
01-09-2025,West,B,169,3,157,-7.30%
01-10-2025,West,B,180,3,161,-10.40%
01-11-2025,West,B,234,3,215,-8.30%
01-12-2025,West,B,172,3,166,-3.50%
01-01-2026,West,B,176,3,172,-2.10%
01-02-2026,West,B,189,3,174,-8.20%
01-03-2026,West,B,239,3,212,-11.50%
01-04-2025,West,B,218,3,213,-2.40%
01-05-2025,West,B,226,3,212,-6.40%
01-06-2025,West,B,134,3,119,-11.10%
01-07-2025,West,B,183,3,172,-5.90%
01-08-2025,West,B,239,3,225,-6.00%
01-09-2025,West,B,200,3,180,-9.80%
01-10-2025,West,B,217,3,191,-11.80%
01-11-2025,West,B,244,3,219,-10.20%
01-12-2025,West,B,200,3,180,-9.90%
01-01-2026,West,B,149,3,136,-8.90%
01-02-2026,West,B,216,3,204,-5.50%
01-03-2026,West,B,137,3,121,-11.50%
01-04-2025,West,C,213,3,196,-7.80%
01-05-2025,West,C,165,3,156,-5.60%
01-06-2025,West,C,99,3,87,-11.60%
01-07-2025,West,C,163,3,160,-2.00%
01-08-2025,West,C,89,3,83,-6.40%
01-09-2025,West,C,184,3,168,-9.00%
01-10-2025,West,C,134,3,122,-9.30%
01-11-2025,West,C,187,3,180,-3.80%
01-12-2025,West,C,216,3,210,-2.80%
01-01-2026,West,C,167,3,159,-4.60%
01-02-2026,West,C,253,3,232,-8.40%
01-03-2026,West,C,120,3,117,-2.60%
01-04-2025,West,C,159,3,141,-11.50%
01-05-2025,West,C,209,3,190,-9.10%
01-06-2025,West,C,108,3,95,-11.70%
01-07-2025,West,C,212,3,188,-11.30%
01-08-2025,West,C,200,3,191,-4.50%
01-09-2025,West,C,93,3,82,-11.70%
01-10-2025,West,C,207,3,188,-9.20%
01-11-2025,West,C,258,3,240,-7.00%
01-12-2025,West,C,143,3,135,-5.90%
01-01-2026,West,C,145,3,141,-3.00%
01-02-2026,West,C,128,3,114,-10.90%
01-03-2026,West,C,97,3,95,-2.30%
01-04-2025,South,C,141,3,126,-10.80%
01-05-2025,South,C,195,3,181,-7.20%
01-06-2025,South,C,175,3,165,-5.80%
01-07-2025,South,C,206,3,182,-11.70%
01-08-2025,South,C,89,3,86,-3.50%
01-09-2025,South,C,244,3,223,-8.80%
01-10-2025,South,C,130,3,121,-7.10%
01-11-2025,South,C,244,3,229,-6.30%
01-12-2025,South,C,168,3,154,-8.20%
01-01-2026,South,C,215,3,199,-7.50%
01-02-2026,South,C,231,3,214,-7.20%
01-03-2026,South,C,194,3,185,-4.50%
01-04-2025,South,C,187,3,173,-7.80%
01-05-2025,South,C,123,3,112,-8.90%
01-06-2025,South,C,100,3,96,-4.10%
01-07-2025,South,C,94,3,84,-10.90%
01-08-2025,South,C,154,3,137,-11.30%
01-09-2025,South,C,234,3,209,-10.70%
01-10-2025,South,C,225,3,217,-3.80%
01-11-2025,South,C,104,3,93,-10.40%
01-12-2025,South,C,121,3,113,-6.90%
01-01-2026,South,C,196,3,189,-3.50%
01-02-2026,South,C,134,3,120,-10.40%
01-03-2026,South,C,212,3,207,-2.30%
01-04-2025,North,C,218,3,203,-6.70%
01-05-2025,North,C,235,3,221,-5.90%
01-06-2025,North,C,95,3,88,-7.00%
01-07-2025,North,C,185,3,172,-7.10%
01-08-2025,North,C,179,3,168,-6.30%
01-09-2025,North,C,120,3,106,-11.30%
01-10-2025,North,C,234,3,221,-5.40%
01-11-2025,North,C,189,3,174,-7.80%
01-12-2025,North,C,139,3,129,-7.00%
01-01-2026,North,C,180,3,160,-10.90%
01-02-2026,North,C,151,3,146,-3.60%
01-03-2026,North,C,149,3,135,-9.50%
01-04-2025,North,C,92,3,83,-9.60%
01-05-2025,North,C,234,3,217,-7.40%
01-06-2025,North,C,170,3,164,-3.30%
01-07-2025,North,C,213,3,196,-8.20%
01-08-2025,North,C,101,3,97,-4.00%
01-09-2025,North,C,195,3,181,-7.40%
01-10-2025,North,C,216,3,197,-8.70%
01-11-2025,North,C,238,3,233,-2.10%
01-12-2025,North,C,210,3,201,-4.10%
01-01-2026,North,C,137,3,124,-9.40%
01-02-2026,North,C,219,3,204,-6.80%
01-03-2026,North,C,183,3,167,-8.70%
01-04-2025,North,A,94,3,89,-5.00%
01-05-2025,North,A,144,3,135,-6.20%
01-06-2025,North,A,108,3,101,-6.70%
01-07-2025,North,A,162,3,152,-6.10%
01-08-2025,North,A,142,3,131,-8.00%
01-09-2025,North,A,150,3,142,-5.40%
01-10-2025,North,A,110,3,106,-3.70%
01-11-2025,North,A,119,3,116,-2.60%
01-12-2025,North,A,117,3,110,-6.10%
01-01-2026,North,A,121,3,112,-7.70%
01-02-2026,North,A,109,3,97,-11.20%
01-03-2026,North,A,119,3,110,-7.90%
01-04-2025,South,A,157,3,145,-7.50%
01-05-2025,South,A,142,3,134,-5.60%
01-06-2025,South,A,94,3,89,-5.30%
01-07-2025,South,A,164,3,157,-4.50%
01-08-2025,South,A,152,3,140,-8.20%
01-09-2025,South,A,75,3,73,-2.40%
01-10-2025,South,A,62,3,59,-5.30%
01-11-2025,South,A,116,3,112,-3.20%
01-12-2025,South,A,95,3,91,-4.20%
01-01-2026,South,A,168,3,157,-6.50%
01-02-2026,South,A,90,3,87,-2.90%
01-03-2026,South,A,153,3,147,-3.80%
01-04-2025,West,A,234,3,211,-9.90%
01-05-2025,West,A,148,3,140,-5.60%
01-06-2025,West,A,213,3,198,-7.10%
01-07-2025,West,A,252,3,240,-4.90%
01-08-2025,West,A,154,3,137,-11.30%
01-09-2025,West,A,131,3,125,-4.90%
01-10-2025,West,A,215,3,204,-5.00%
01-11-2025,West,A,206,3,202,-2.00%
01-12-2025,West,A,211,3,202,-4.40%
01-01-2026,West,A,162,3,149,-8.10%
01-02-2026,West,A,184,3,173,-5.90%
01-03-2026,West,A,133,3,118,-10.90%
01-04-2021,North,A,167,3,150,-10.20%
01-05-2021,North,A,238,3,210,-11.80%
01-06-2021,North,A,200,3,192,-4.20%
01-07-2021,North,A,245,3,234,-4.60%
01-08-2021,North,A,253,3,232,-8.40%
01-09-2021,North,A,240,3,219,-8.60%
01-10-2021,North,A,182,3,164,-9.70%
01-11-2021,North,A,191,3,174,-8.90%
01-12-2021,North,A,204,3,190,-6.90%
01-01-2022,North,A,204,3,190,-7.00%
01-02-2022,North,A,185,3,175,-5.50%
01-03-2022,North,A,196,3,187,-4.40%
01-04-2022,North,A,297,3,275,-7.50%
01-05-2022,North,A,417,3,396,-5.00%
01-06-2022,North,A,362,3,344,-5.10%
01-07-2022,North,A,436,3,393,-9.90%
01-08-2022,North,A,415,3,386,-7.00%
01-09-2022,North,A,412,3,387,-6.20%
01-10-2022,North,A,302,3,275,-9.00%
01-11-2022,North,A,300,3,277,-7.60%
01-12-2022,North,A,376,3,338,-10.10%
01-01-2023,North,A,302,3,279,-7.60%
01-02-2023,North,A,265,3,235,-11.40%
01-03-2023,North,A,339,3,303,-10.80%
01-04-2023,North,A,65,3,60,-7.20%
01-05-2023,North,A,104,3,101,-2.80%
01-06-2023,North,A,94,3,89,-5.30%
01-07-2023,North,A,94,3,86,-8.30%
01-08-2023,North,A,92,3,81,-11.90%
01-09-2023,North,A,170,3,162,-4.90%
01-10-2023,North,A,93,3,90,-3.40%
01-11-2023,North,A,143,3,129,-9.90%
01-12-2023,North,A,174,3,158,-9.50%
01-01-2024,North,A,128,3,122,-4.40%
01-02-2024,North,A,84,3,81,-3.70%
01-03-2024,North,A,126,3,115,-8.80%
01-04-2024,North,A,158,3,143,-9.30%
01-05-2024,North,A,77,3,73,-5.20%
01-06-2024,North,A,87,3,77,-11.90%
01-07-2024,North,A,126,3,114,-9.80%
01-08-2024,North,A,121,3,116,-3.80%
01-09-2024,North,A,109,3,100,-7.90%
01-10-2024,North,A,70,3,63,-10.10%
01-11-2024,North,A,124,3,111,-10.10%
01-12-2024,North,A,169,3,164,-2.80%
01-01-2025,North,A,151,3,145,-3.70%
01-02-2025,North,A,84,3,74,-12.00%
01-03-2025,North,A,99,3,89,-10.00%
01-04-2021,South,A,158,3,152,-3.80%
01-05-2021,South,A,212,3,198,-6.60%
01-06-2021,South,A,230,3,218,-5.10%
01-07-2021,South,A,155,3,144,-7.30%
01-08-2021,South,A,219,3,207,-5.30%
01-09-2021,South,A,169,3,153,-9.50%
01-10-2021,South,A,180,3,172,-4.40%
01-11-2021,South,A,234,3,219,-6.60%
01-12-2021,South,A,172,3,152,-11.70%
01-01-2022,South,A,176,3,171,-2.80%
01-02-2022,South,A,189,3,179,-5.20%
01-03-2022,South,A,239,3,232,-2.70%
01-04-2022,South,A,218,3,207,-5.00%
01-05-2022,South,A,226,3,211,-6.90%
01-06-2022,South,A,134,3,118,-11.80%
01-07-2022,South,A,183,3,167,-9.00%
01-08-2022,South,A,239,3,221,-7.70%
01-09-2022,South,A,200,3,193,-3.80%
01-10-2022,South,A,217,3,202,-6.70%
01-11-2022,South,A,244,3,219,-10.20%
01-12-2022,South,A,200,3,185,-7.70%
01-01-2023,South,A,149,3,143,-4.10%
01-02-2023,South,A,216,3,197,-8.90%
01-03-2023,South,A,137,3,129,-5.70%
01-04-2023,South,A,213,3,206,-3.40%
01-05-2023,South,A,165,3,146,-11.30%
01-06-2023,South,A,99,3,96,-3.20%
01-07-2023,South,A,163,3,145,-11.20%
01-08-2023,South,A,89,3,83,-7.10%
01-09-2023,South,A,184,3,177,-4.00%
01-10-2023,South,A,134,3,120,-10.40%
01-11-2023,South,A,187,3,179,-4.20%
01-12-2023,South,A,216,3,203,-5.90%
01-01-2024,South,A,167,3,163,-2.60%
01-02-2024,South,A,253,3,227,-10.20%
01-03-2024,South,A,120,3,112,-6.80%
01-04-2024,South,A,159,3,149,-6.20%
01-05-2024,South,A,209,3,204,-2.20%
01-06-2024,South,A,108,3,105,-2.40%
01-07-2024,South,A,212,3,207,-2.40%
01-08-2024,South,A,200,3,196,-2.10%
01-09-2024,South,A,93,3,87,-6.40%
01-10-2024,South,A,207,3,198,-4.20%
01-11-2024,South,A,258,3,228,-11.70%
01-12-2024,South,A,143,3,132,-7.60%
01-01-2025,South,A,145,3,139,-4.00%
01-02-2025,South,A,128,3,122,-4.60%
01-03-2025,South,A,97,3,86,-11.30%
01-04-2021,West,A,141,3,133,-6.00%
01-05-2021,West,A,195,3,174,-11.00%
01-06-2021,West,A,175,3,170,-2.80%
01-07-2021,West,A,206,3,201,-2.30%
01-08-2021,West,A,89,3,86,-3.80%
01-09-2021,West,A,244,3,224,-8.10%
01-10-2021,West,A,130,3,117,-9.70%
01-11-2021,West,A,244,3,218,-10.90%
01-12-2021,West,A,168,3,163,-2.80%
01-01-2022,West,A,215,3,195,-9.30%
01-02-2022,West,A,231,3,221,-4.50%
01-03-2022,West,A,194,3,182,-5.90%
01-04-2022,West,A,187,3,166,-11.10%
01-05-2022,West,A,123,3,111,-10.10%
01-06-2022,West,A,100,3,90,-9.70%
01-07-2022,West,A,94,3,84,-10.50%
01-08-2022,West,A,154,3,145,-5.90%
01-09-2022,West,A,234,3,227,-3.00%
01-10-2022,West,A,225,3,214,-4.90%
01-11-2022,West,A,104,3,96,-8.10%
01-12-2022,West,A,121,3,118,-2.30%
01-01-2023,West,A,196,3,186,-5.20%
01-02-2023,West,A,134,3,126,-6.30%
01-03-2023,West,A,212,3,194,-8.40%
01-04-2023,West,A,218,3,212,-2.60%
01-05-2023,West,A,235,3,209,-10.90%
01-06-2023,West,A,95,3,90,-5.20%
01-07-2023,West,A,185,3,164,-11.20%
01-08-2023,West,A,179,3,175,-2.50%
01-09-2023,West,A,120,3,117,-2.80%
01-10-2023,West,A,234,3,227,-2.90%
01-11-2023,West,A,189,3,177,-6.40%
01-12-2023,West,A,139,3,125,-10.30%
01-01-2024,West,A,180,3,168,-6.70%
01-02-2024,West,A,151,3,135,-10.30%
01-03-2024,West,A,149,3,137,-8.10%
01-04-2024,West,A,92,3,85,-7.70%
01-05-2024,West,A,234,3,215,-8.10%
01-06-2024,West,A,170,3,163,-4.20%
01-07-2024,West,A,213,3,205,-3.90%
01-08-2024,West,A,101,3,97,-4.30%
01-09-2024,West,A,195,3,189,-3.00%
01-10-2024,West,A,216,3,195,-9.90%
01-11-2024,West,A,238,3,222,-6.90%
01-12-2024,West,A,210,3,200,-4.90%
01-01-2025,West,A,137,3,131,-4.30%
01-02-2025,West,A,219,3,208,-5.20%
01-03-2025,West,A,183,3,174,-4.90%
01-04-2021,North,C,94,3,89,-5.70%
01-05-2021,North,C,144,3,138,-3.90%
01-06-2021,North,C,108,3,99,-8.60%
01-07-2021,North,C,162,3,157,-3.00%
01-08-2021,North,C,142,3,127,-10.60%
01-09-2021,North,C,150,3,133,-11.20%
01-10-2021,North,C,110,3,99,-10.30%
01-11-2021,North,C,119,3,105,-12.00%
01-12-2021,North,C,117,3,112,-4.60%
01-01-2022,North,C,121,3,112,-7.10%
01-02-2022,North,C,109,3,99,-9.00%
01-03-2022,North,C,119,3,110,-7.40%
01-04-2022,North,C,157,3,143,-9.00%
01-05-2022,North,C,142,3,125,-12.00%
01-06-2022,North,C,94,3,89,-5.50%
01-07-2022,North,C,164,3,150,-8.70%
01-08-2022,North,C,152,3,147,-3.30%
01-09-2022,North,C,75,3,71,-5.50%
01-10-2022,North,C,62,3,58,-5.70%
01-11-2022,North,C,116,3,108,-7.30%
01-12-2022,North,C,95,3,85,-11.00%
01-01-2023,North,C,168,3,151,-10.30%
01-02-2023,North,C,90,3,80,-10.70%
01-03-2023,North,C,153,3,148,-3.00%
01-04-2023,North,C,234,3,212,-9.30%
01-05-2023,North,C,148,3,136,-8.30%
01-06-2023,North,C,213,3,206,-3.40%
01-07-2023,North,C,252,3,246,-2.30%
01-08-2023,North,C,154,3,138,-10.20%
01-09-2023,North,C,131,3,117,-10.60%
01-10-2023,North,C,215,3,205,-4.60%
01-11-2023,North,C,206,3,192,-6.70%
01-12-2023,North,C,211,3,197,-6.70%
01-01-2024,North,C,162,3,152,-6.30%
01-02-2024,North,C,184,3,167,-9.10%
01-03-2024,North,C,133,3,123,-7.30%
01-04-2024,North,C,167,3,163,-2.20%
01-05-2024,North,C,238,3,226,-4.80%
01-06-2024,North,C,200,3,187,-6.40%
01-07-2024,North,C,245,3,221,-9.90%
01-08-2024,North,C,253,3,226,-10.90%
01-09-2024,North,C,240,3,212,-11.60%
01-10-2024,North,C,182,3,178,-2.10%
01-11-2024,North,C,191,3,183,-4.10%
01-12-2024,North,C,204,3,189,-7.50%
01-01-2025,North,C,204,3,187,-8.50%
01-02-2025,North,C,185,3,179,-3.00%
01-03-2025,North,C,196,3,182,-7.30%
01-04-2021,North,C,297,3,291,-2.10%
01-05-2021,North,C,417,3,372,-10.80%
01-06-2021,North,C,362,3,336,-7.10%
01-07-2021,North,C,436,3,387,-11.30%
01-08-2021,North,C,415,3,376,-9.30%
01-09-2021,North,C,412,3,394,-4.40%
01-10-2021,North,C,302,3,289,-4.30%
01-11-2021,North,C,300,3,283,-5.60%
01-12-2021,North,C,376,3,353,-6.30%
01-01-2022,North,C,302,3,285,-5.50%
01-02-2022,North,C,265,3,259,-2.20%
01-03-2022,North,C,339,3,315,-7.00%
01-04-2022,North,C,65,3,58,-10.00%
01-05-2022,North,C,104,3,95,-8.30%
01-06-2022,North,C,94,3,83,-11.80%
01-07-2022,North,C,94,3,90,-3.80%
01-08-2022,North,C,92,3,85,-7.30%
01-09-2022,North,C,170,3,151,-11.20%
01-10-2022,North,C,93,3,85,-8.90%
01-11-2022,North,C,143,3,135,-5.70%
01-12-2022,North,C,174,3,164,-5.80%
01-01-2023,North,C,128,3,115,-9.90%
01-02-2023,North,C,84,3,76,-9.50%
01-03-2023,North,C,126,3,120,-5.10%
01-04-2023,North,C,158,3,140,-11.40%
01-05-2023,North,C,77,3,71,-8.10%
01-06-2023,North,C,87,3,79,-9.20%
01-07-2023,North,C,126,3,118,-6.10%
01-08-2023,North,C,121,3,107,-11.40%
01-09-2023,North,C,109,3,101,-7.00%
01-10-2023,North,C,70,3,65,-7.20%
01-11-2023,North,C,124,3,114,-8.30%
01-12-2023,North,C,169,3,163,-3.30%
01-01-2024,North,C,151,3,140,-7.00%
01-02-2024,North,C,84,3,80,-4.40%
01-03-2024,North,C,99,3,97,-2.40%
01-04-2024,North,C,158,3,148,-6.40%
01-05-2024,North,C,212,3,192,-9.50%
01-06-2024,North,C,230,3,214,-7.20%
01-07-2024,North,C,155,3,146,-6.00%
01-08-2024,North,C,219,3,204,-6.80%
01-09-2024,North,C,169,3,153,-9.30%
01-10-2024,North,C,180,3,167,-7.30%
01-11-2024,North,C,234,3,211,-10.00%
01-12-2024,North,C,172,3,156,-9.10%
01-01-2025,North,C,176,3,165,-6.30%
01-02-2025,North,C,189,3,176,-6.90%
01-03-2025,North,C,239,3,212,-11.50%
01-04-2021,South,C,218,3,202,-7.20%
01-05-2021,South,C,226,3,220,-2.40%
01-06-2021,South,C,134,3,131,-2.20%
01-07-2021,South,C,183,3,166,-9.00%
01-08-2021,South,C,239,3,214,-10.40%
01-09-2021,South,C,200,3,195,-2.70%
01-10-2021,South,C,217,3,207,-4.50%
01-11-2021,South,C,244,3,218,-10.70%
01-12-2021,South,C,200,3,189,-5.70%
01-01-2022,South,C,149,3,132,-11.30%
01-02-2022,South,C,216,3,208,-3.70%
01-03-2022,South,C,137,3,128,-6.40%
01-04-2022,South,C,213,3,195,-8.40%
01-05-2022,South,C,165,3,153,-7.00%
01-06-2022,South,C,99,3,94,-5.10%
01-07-2022,South,C,163,3,146,-10.70%
01-08-2022,South,C,89,3,86,-3.40%
01-09-2022,South,C,184,3,167,-9.20%
01-10-2022,South,C,134,3,127,-5.00%
01-11-2022,South,C,187,3,172,-8.00%
01-12-2022,South,C,216,3,198,-8.20%
01-01-2023,South,C,167,3,153,-8.40%
01-02-2023,South,C,253,3,229,-9.50%
01-03-2023,South,C,120,3,110,-8.50%
01-04-2023,South,C,159,3,151,-5.20%
01-05-2023,South,C,209,3,196,-6.40%
01-06-2023,South,C,108,3,99,-8.30%
01-07-2023,South,C,212,3,202,-4.50%
01-08-2023,South,C,200,3,188,-6.20%
01-09-2023,South,C,93,3,83,-10.60%
01-10-2023,South,C,207,3,197,-4.90%
01-11-2023,South,C,258,3,247,-4.10%
01-12-2023,South,C,143,3,139,-3.00%
01-01-2024,South,C,145,3,135,-7.20%
01-02-2024,South,C,128,3,118,-7.50%
01-03-2024,South,C,97,3,86,-11.40%
01-04-2024,South,C,141,3,130,-8.10%
01-05-2024,South,C,195,3,174,-11.00%
01-06-2024,South,C,175,3,156,-10.90%
01-07-2024,South,C,206,3,191,-7.50%
01-08-2024,South,C,89,3,82,-8.10%
01-09-2024,South,C,244,3,237,-2.80%
01-10-2024,South,C,130,3,126,-3.30%
01-11-2024,South,C,244,3,225,-7.80%
01-12-2024,South,C,168,3,152,-9.50%
01-01-2025,South,C,215,3,202,-6.20%
01-02-2025,South,C,231,3,216,-6.70%
01-03-2025,South,C,194,3,172,-11.50%
01-04-2021,South,C,187,3,172,-7.80%
01-05-2021,South,C,123,3,113,-8.00%
01-06-2021,South,C,100,3,97,-2.70%
01-07-2021,South,C,94,3,86,-8.40%
01-08-2021,South,C,154,3,143,-7.40%
01-09-2021,South,C,234,3,212,-9.30%
01-10-2021,South,C,225,3,207,-7.90%
01-11-2021,South,C,104,3,96,-8.10%
01-12-2021,South,C,121,3,118,-2.60%
01-01-2022,South,C,196,3,178,-9.40%
01-02-2022,South,C,134,3,123,-8.20%
01-03-2022,South,C,212,3,202,-4.90%
01-04-2022,South,C,218,3,199,-8.90%
01-05-2022,South,C,235,3,229,-2.70%
01-06-2022,South,C,95,3,89,-6.70%
01-07-2022,South,C,185,3,167,-9.50%
01-08-2022,South,C,179,3,174,-3.10%
01-09-2022,South,C,120,3,107,-10.60%
01-10-2022,South,C,234,3,211,-9.80%
01-11-2022,South,C,189,3,183,-3.20%
01-12-2022,South,C,139,3,129,-7.30%
01-01-2023,South,C,180,3,165,-8.20%
01-02-2023,South,C,151,3,134,-11.40%
01-03-2023,South,C,149,3,143,-4.10%
01-04-2023,South,C,92,3,89,-3.00%
01-05-2023,South,C,234,3,211,-9.80%
01-06-2023,South,C,170,3,150,-11.50%
01-07-2023,South,C,213,3,189,-11.30%
01-08-2023,South,C,101,3,97,-4.10%
01-09-2023,South,C,195,3,179,-8.00%
01-10-2023,South,C,216,3,196,-9.20%
01-11-2023,South,C,238,3,216,-9.00%
01-12-2023,South,C,210,3,200,-5.00%
01-01-2024,South,C,137,3,130,-5.40%
01-02-2024,South,C,219,3,194,-11.60%
01-03-2024,South,C,183,3,173,-5.30%
01-04-2024,South,C,94,3,89,-5.10%
01-05-2024,South,C,144,3,136,-5.80%
01-06-2024,South,C,108,3,105,-2.50%
01-07-2024,South,C,162,3,150,-7.40%
01-08-2024,South,C,142,3,126,-11.20%
01-09-2024,South,C,150,3,144,-4.10%
01-10-2024,South,C,110,3,99,-9.60%
01-11-2024,South,C,119,3,113,-5.00%
01-12-2024,South,C,117,3,112,-4.50%
01-01-2025,South,C,121,3,107,-11.90%
01-02-2025,South,C,109,3,101,-7.80%
01-03-2025,South,C,119,3,108,-9.40%
01-04-2021,West,C,157,3,149,-5.30%
01-05-2021,West,C,142,3,135,-4.60%
01-06-2021,West,C,94,3,92,-2.30%
01-07-2021,West,C,164,3,158,-3.40%
01-08-2021,West,C,152,3,137,-9.90%
01-09-2021,West,C,75,3,69,-8.60%
01-10-2021,West,C,62,3,61,-2.10%
01-11-2021,West,C,116,3,107,-8.10%
01-12-2021,West,C,95,3,91,-3.90%
01-01-2022,West,C,168,3,163,-2.90%
01-02-2022,West,C,90,3,83,-8.30%
01-03-2022,West,C,153,3,135,-12.00%
01-04-2022,West,C,234,3,220,-6.00%
01-05-2022,West,C,148,3,131,-11.50%
01-06-2022,West,C,213,3,204,-4.40%
01-07-2022,West,C,252,3,240,-4.80%
01-08-2022,West,C,154,3,148,-4.20%
01-09-2022,West,C,131,3,123,-6.20%
01-10-2022,West,C,215,3,190,-11.50%
01-11-2022,West,C,206,3,188,-8.60%
01-12-2022,West,C,211,3,191,-9.60%
01-01-2023,West,C,162,3,156,-4.00%
01-02-2023,West,C,184,3,170,-7.30%
01-03-2023,West,C,133,3,128,-3.40%
01-04-2023,West,C,210,3,200,-4.80%
01-05-2023,West,C,114,3,102,-10.90%
01-06-2023,West,C,243,3,219,-9.90%
01-07-2023,West,C,174,3,163,-6.50%
01-08-2023,West,C,215,3,203,-5.40%
01-09-2023,West,C,195,3,178,-8.70%
01-10-2023,West,C,261,3,247,-5.30%
01-11-2023,West,C,122,3,117,-3.80%
01-12-2023,West,C,171,3,164,-4.30%
01-01-2024,West,C,219,3,213,-2.70%
01-02-2024,West,C,107,3,104,-2.50%
01-03-2024,West,C,268,3,246,-8.30%
01-04-2024,West,C,167,3,151,-9.60%
01-05-2024,West,C,167,3,149,-10.70%
01-06-2024,West,C,197,3,187,-4.80%
01-07-2024,West,C,170,3,162,-4.70%
01-08-2024,West,C,214,3,195,-9.10%
01-09-2024,West,C,278,3,261,-6.20%
01-10-2024,West,C,233,3,223,-4.50%
01-11-2024,West,C,138,3,131,-5.20%
01-12-2024,West,C,100,3,91,-9.10%
01-01-2025,West,C,166,3,147,-11.50%
01-02-2025,West,C,161,3,150,-6.70%
01-03-2025,West,C,143,3,137,-4.30%
01-04-2021,West,C,161,3,144,-10.50%
01-05-2021,West,C,232,3,216,-7.00%
01-06-2021,West,C,199,3,193,-3.00%
01-07-2021,West,C,103,3,95,-8.30%
01-08-2021,West,C,299,3,265,-11.40%
01-09-2021,West,C,298,3,292,-2.10%
01-10-2021,West,C,110,3,104,-5.10%
01-11-2021,West,C,115,3,111,-3.90%
01-12-2021,West,C,125,3,112,-10.50%
01-01-2022,West,C,114,3,106,-7.20%
01-02-2022,West,C,217,3,196,-9.80%
01-03-2022,West,C,124,3,119,-3.60%
01-04-2022,West,C,267,3,242,-9.30%
01-05-2022,West,C,298,3,268,-10.00%
01-06-2022,West,C,131,3,128,-2.50%
01-07-2022,West,C,256,3,241,-5.90%
01-08-2022,West,C,185,3,172,-6.90%
01-09-2022,West,C,300,3,288,-3.90%
01-10-2022,West,C,294,3,269,-8.30%
01-11-2022,West,C,222,3,210,-5.20%
01-12-2022,West,C,120,3,112,-6.40%
01-01-2023,West,C,235,3,219,-6.80%
01-02-2023,West,C,210,3,197,-6.10%
01-03-2023,West,C,206,3,186,-9.50%
01-04-2023,West,C,180,3,163,-9.60%
01-05-2023,West,C,110,3,107,-3.10%
01-06-2023,West,C,190,3,183,-3.60%
01-07-2023,West,C,274,3,263,-4.20%
01-08-2023,West,C,100,3,97,-3.30%
01-09-2023,West,C,114,3,107,-6.50%
01-10-2023,West,C,137,3,131,-4.70%
01-11-2023,West,C,218,3,199,-8.90%
01-12-2023,West,C,199,3,192,-3.40%
01-01-2024,West,C,243,3,230,-5.30%
01-02-2024,West,C,197,3,180,-8.50%
01-03-2024,West,C,282,3,250,-11.20%
01-04-2024,West,C,248,3,229,-7.60%
01-05-2024,West,C,163,3,146,-10.30%
01-06-2024,West,C,169,3,157,-7.20%
01-07-2024,West,C,161,3,143,-11.00%
01-08-2024,West,C,262,3,244,-6.70%
01-09-2024,West,C,206,3,195,-5.30%
01-10-2024,West,C,180,3,166,-8.00%
01-11-2024,West,C,269,3,258,-4.30%
01-12-2024,West,C,132,3,117,-11.10%
01-01-2025,West,C,190,3,179,-5.80%
01-02-2025,West,C,279,3,272,-2.70%
01-03-2025,West,C,197,3,191,-2.80%
01-04-2021,North,B,86,3,82,-4.80%
01-05-2021,North,B,329,3,317,-3.70%
01-06-2021,North,B,204,3,192,-5.90%
01-07-2021,North,B,248,3,242,-2.30%
01-08-2021,North,B,267,3,260,-2.50%
01-09-2021,North,B,146,3,132,-9.80%
01-10-2021,North,B,284,3,260,-8.30%
01-11-2021,North,B,164,3,159,-3.00%
01-12-2021,North,B,228,3,217,-5.00%
01-01-2022,North,B,76,3,72,-5.00%
01-02-2022,North,B,284,3,259,-8.80%
01-03-2022,North,B,229,3,223,-2.80%
01-04-2022,North,B,108,3,100,-7.10%
01-05-2022,North,B,295,3,266,-9.80%
01-06-2022,North,B,163,3,156,-4.20%
01-07-2022,North,B,325,3,295,-9.30%
01-08-2022,North,B,198,3,183,-7.40%
01-09-2022,North,B,349,3,338,-3.10%
01-10-2022,North,B,112,3,105,-6.20%
01-11-2022,North,B,205,3,201,-2.20%
01-12-2022,North,B,292,3,284,-2.70%
01-01-2023,North,B,234,3,217,-7.40%
01-02-2023,North,B,142,3,133,-6.20%
01-03-2023,North,B,124,3,121,-2.10%
01-04-2023,North,B,172,3,153,-11.00%
01-05-2023,North,B,138,3,134,-2.80%
01-06-2023,North,B,162,3,145,-10.40%
01-07-2023,North,B,319,3,281,-11.80%
01-08-2023,North,B,260,3,244,-6.20%
01-09-2023,North,B,274,3,247,-9.80%
01-10-2023,North,B,176,3,156,-11.10%
01-11-2023,North,B,198,3,182,-8.00%
01-12-2023,North,B,199,3,195,-2.20%
01-01-2024,North,B,236,3,215,-9.00%
01-02-2024,North,B,270,3,256,-5.10%
01-03-2024,North,B,297,3,272,-8.30%
01-04-2024,North,B,119,3,111,-6.90%
01-05-2024,North,B,299,3,286,-4.30%
01-06-2024,North,B,267,3,258,-3.20%
01-07-2024,North,B,296,3,285,-3.70%
01-08-2024,North,B,320,3,286,-10.50%
01-09-2024,North,B,333,3,299,-10.40%
01-10-2024,North,B,241,3,219,-9.10%
01-11-2024,North,B,330,3,309,-6.30%
01-12-2024,North,B,128,3,124,-3.30%
01-01-2025,North,B,296,3,270,-8.70%
01-02-2025,North,B,132,3,126,-4.60%
01-03-2025,North,B,162,3,156,-3.90%
01-04-2021,North,B,138,3,132,-4.40%
01-05-2021,North,B,533,3,498,-6.60%
01-06-2021,North,B,316,3,309,-2.10%
01-07-2021,North,B,444,3,427,-3.90%
01-08-2021,North,B,425,3,413,-2.90%
01-09-2021,North,B,235,3,219,-6.80%
01-10-2021,North,B,474,3,464,-2.10%
01-11-2021,North,B,279,3,263,-5.90%
01-12-2021,North,B,367,3,327,-10.80%
01-01-2022,North,B,125,3,121,-3.50%
01-02-2022,North,B,480,3,461,-3.90%
01-03-2022,North,B,385,3,358,-6.90%
01-04-2022,North,B,189,3,180,-4.60%
01-05-2022,North,B,475,3,463,-2.50%
01-06-2022,North,B,245,3,216,-11.80%
01-07-2022,North,B,569,3,508,-10.70%
01-08-2022,North,B,333,3,299,-10.20%
01-09-2022,North,B,544,3,528,-2.90%
01-10-2022,North,B,174,3,163,-6.20%
01-11-2022,North,B,344,3,307,-10.80%
01-12-2022,North,B,450,3,438,-2.60%
01-01-2023,North,B,365,3,345,-5.40%
01-02-2023,North,B,256,3,239,-6.80%
01-03-2023,North,B,219,3,201,-8.10%
01-04-2023,North,B,310,3,281,-9.30%
01-05-2023,North,B,224,3,201,-10.20%
01-06-2023,North,B,290,3,258,-11.10%
01-07-2023,North,B,568,3,520,-8.40%
01-08-2023,North,B,429,3,390,-9.20%
01-09-2023,North,B,480,3,469,-2.20%
01-10-2023,North,B,271,3,256,-5.50%
01-11-2023,North,B,305,3,273,-10.40%
01-12-2023,North,B,314,3,292,-6.90%
01-01-2024,North,B,420,3,392,-6.70%
01-02-2024,North,B,459,3,422,-8.00%
01-03-2024,North,B,463,3,438,-5.30%
01-04-2024,North,B,188,3,166,-11.90%
01-05-2024,North,B,466,3,456,-2.20%
01-06-2024,North,B,417,3,368,-11.90%
01-07-2024,North,B,468,3,439,-6.10%
01-08-2024,North,B,493,3,438,-11.20%
01-09-2024,North,B,569,3,507,-10.90%
01-10-2024,North,B,395,3,376,-4.80%
01-11-2024,North,B,502,3,465,-7.30%
01-12-2024,North,B,210,3,204,-2.90%
01-01-2025,North,B,471,3,439,-6.80%
01-02-2025,North,B,215,3,194,-9.80%
01-03-2025,North,B,290,3,257,-11.50%
01-04-2021,South,B,145,3,129,-11.10%
01-05-2021,South,B,177,3,158,-10.90%
01-06-2021,South,B,106,3,97,-8.10%
01-07-2021,South,B,114,3,107,-6.40%
01-08-2021,South,B,139,3,126,-9.00%
01-09-2021,South,B,149,3,140,-5.80%
01-10-2021,South,B,159,3,142,-10.80%
01-11-2021,South,B,163,3,147,-10.00%
01-12-2021,South,B,139,3,125,-10.00%
01-01-2022,South,B,99,3,93,-6.30%
01-02-2022,South,B,158,3,153,-2.80%
01-03-2022,South,B,87,3,81,-7.50%
01-04-2022,South,B,124,3,114,-7.70%
01-05-2022,South,B,182,3,174,-4.70%
01-06-2022,South,B,191,3,180,-5.60%
01-07-2022,South,B,186,3,175,-6.10%
01-08-2022,South,B,118,3,106,-9.80%
01-09-2022,South,B,195,3,184,-5.60%
01-10-2022,South,B,81,3,79,-2.60%
01-11-2022,South,B,108,3,105,-3.20%
01-12-2022,South,B,188,3,181,-3.90%
01-01-2023,South,B,157,3,150,-4.30%
01-02-2023,South,B,138,3,127,-8.30%
01-03-2023,South,B,195,3,185,-5.30%
01-04-2023,South,B,91,3,84,-8.00%
01-05-2023,South,B,156,3,139,-10.70%
01-06-2023,South,B,89,3,80,-9.70%
01-07-2023,South,B,172,3,151,-11.90%
01-08-2023,South,B,106,3,101,-4.40%
01-09-2023,South,B,147,3,139,-5.80%
01-10-2023,South,B,75,3,69,-7.50%
01-11-2023,South,B,152,3,144,-5.40%
01-12-2023,South,B,87,3,83,-4.90%
01-01-2024,South,B,179,3,162,-9.40%
01-02-2024,South,B,108,3,97,-9.80%
01-03-2024,South,B,133,3,123,-7.70%
01-04-2024,South,B,150,3,146,-2.80%
01-05-2024,South,B,122,3,109,-10.70%
01-06-2024,South,B,115,3,106,-8.00%
01-07-2024,South,B,186,3,168,-9.70%
01-08-2024,South,B,158,3,146,-7.40%
01-09-2024,South,B,151,3,142,-6.20%
01-10-2024,South,B,88,3,82,-7.00%
01-11-2024,South,B,169,3,162,-4.20%
01-12-2024,South,B,174,3,157,-9.50%
01-01-2025,South,B,197,3,181,-8.00%
01-02-2025,South,B,97,3,90,-7.20%
01-03-2025,South,B,114,3,101,-11.60%
01-04-2021,South,B,129,3,114,-11.60%
01-05-2021,South,B,125,3,117,-6.40%
01-06-2021,South,B,127,3,116,-8.90%
01-07-2021,South,B,80,3,71,-11.20%
01-08-2021,South,B,197,3,178,-9.80%
01-09-2021,South,B,144,3,135,-6.00%
01-10-2021,South,B,122,3,117,-4.30%
01-11-2021,South,B,83,3,79,-5.00%
01-12-2021,South,B,142,3,135,-5.00%
01-01-2022,South,B,92,3,84,-8.30%
01-02-2022,South,B,91,3,84,-7.80%
01-03-2022,South,B,112,3,102,-8.80%
01-04-2022,South,B,122,3,119,-2.30%
01-05-2022,South,B,125,3,120,-3.60%
01-06-2022,South,B,189,3,182,-3.60%
01-07-2022,South,B,141,3,124,-11.80%
01-08-2022,South,B,82,3,72,-11.80%
01-09-2022,South,B,149,3,136,-8.40%
01-10-2022,South,B,94,3,88,-6.20%
01-11-2022,South,B,166,3,161,-3.00%
01-12-2022,South,B,120,3,111,-7.60%
01-01-2023,South,B,97,3,87,-10.30%
01-02-2023,South,B,141,3,131,-7.30%
01-03-2023,South,B,103,3,94,-9.10%
01-04-2023,South,B,174,3,154,-11.70%
01-05-2023,South,B,167,3,156,-6.40%
01-06-2023,South,B,78,3,69,-11.30%
01-07-2023,South,B,83,3,80,-3.30%
01-08-2023,South,B,111,3,98,-11.70%
01-09-2023,South,B,101,3,90,-10.40%
01-10-2023,South,B,104,3,100,-4.00%
01-11-2023,South,B,93,3,83,-11.20%
01-12-2023,South,B,142,3,129,-9.50%
01-01-2024,South,B,141,3,133,-5.40%
01-02-2024,South,B,147,3,132,-10.10%
01-03-2024,South,B,102,3,97,-4.60%
01-04-2024,South,B,167,3,162,-2.80%
01-05-2024,South,B,110,3,104,-5.50%
01-06-2024,South,B,192,3,181,-5.70%
01-07-2024,South,B,109,3,96,-11.90%
01-08-2024,South,B,165,3,156,-5.60%
01-09-2024,South,B,153,3,150,-2.10%
01-10-2024,South,B,180,3,169,-6.10%
01-11-2024,South,B,175,3,157,-10.40%
01-12-2024,South,B,174,3,170,-2.40%
01-01-2025,South,B,178,3,160,-10.30%
01-02-2025,South,B,172,3,167,-2.70%
01-03-2025,South,B,155,3,145,-6.50%
01-04-2021,West,B,258,3,235,-8.80%
01-05-2021,West,B,273,3,264,-3.40%
01-06-2021,West,B,155,3,144,-7.40%
01-07-2021,West,B,245,3,216,-11.90%
01-08-2021,West,B,288,3,257,-10.60%
01-09-2021,West,B,158,3,151,-4.20%
01-10-2021,West,B,272,3,260,-4.30%
01-11-2021,West,B,294,3,275,-6.30%
01-12-2021,West,B,228,3,218,-4.50%
01-01-2022,West,B,251,3,237,-5.50%
01-02-2022,West,B,180,3,162,-9.80%
01-03-2022,West,B,220,3,196,-10.80%
01-04-2022,West,B,165,3,157,-5.00%
01-05-2022,West,B,155,3,145,-6.70%
01-06-2022,West,B,217,3,198,-8.60%
01-07-2022,West,B,150,3,138,-8.20%
01-08-2022,West,B,232,3,215,-7.50%
01-09-2022,West,B,214,3,205,-4.20%
01-10-2022,West,B,170,3,151,-11.40%
01-11-2022,West,B,182,3,165,-9.40%
01-12-2022,West,B,182,3,172,-5.30%
01-01-2023,West,B,277,3,259,-6.50%
01-02-2023,West,B,212,3,191,-9.70%
01-03-2023,West,B,249,3,220,-11.60%
01-04-2023,West,B,154,3,145,-5.70%
01-05-2023,West,B,296,3,275,-7.10%
01-06-2023,West,B,202,3,189,-6.40%
01-07-2023,West,B,193,3,176,-8.60%
01-08-2023,West,B,230,3,203,-11.70%
01-09-2023,West,B,159,3,154,-3.10%
01-10-2023,West,B,183,3,176,-3.80%
01-11-2023,West,B,176,3,156,-11.50%
01-12-2023,West,B,167,3,150,-9.90%
01-01-2024,West,B,244,3,220,-9.70%
01-02-2024,West,B,244,3,232,-4.90%
01-03-2024,West,B,281,3,263,-6.40%
01-04-2024,West,B,207,3,187,-9.90%
01-05-2024,West,B,210,3,198,-5.90%
01-06-2024,West,B,274,3,252,-8.20%
01-07-2024,West,B,289,3,279,-3.50%
01-08-2024,West,B,229,3,207,-9.80%
01-09-2024,West,B,200,3,183,-8.70%
01-10-2024,West,B,160,3,145,-9.50%
01-11-2024,West,B,236,3,221,-6.20%
01-12-2024,West,B,280,3,269,-3.90%
01-01-2025,West,B,218,3,192,-11.70%
01-02-2025,West,B,282,3,256,-9.10%
01-03-2025,West,B,296,3,287,-2.90%
01-04-2021,West,B,270,3,263,-2.50%
01-05-2021,West,B,215,3,195,-9.30%
01-06-2021,West,B,285,3,263,-7.70%
01-07-2021,West,B,225,3,200,-11.20%
01-08-2021,West,B,280,3,252,-9.90%
01-09-2021,West,B,235,3,230,-2.10%
01-10-2021,West,B,248,3,240,-3.10%
01-11-2021,West,B,220,3,210,-4.40%
01-12-2021,West,B,151,3,138,-8.90%
01-01-2022,West,B,235,3,228,-3.00%
01-02-2022,West,B,255,3,239,-6.30%
01-03-2022,West,B,169,3,153,-9.30%
01-04-2022,West,B,252,3,235,-6.60%
01-05-2022,West,B,285,3,273,-4.30%
01-06-2022,West,B,299,3,278,-7.00%
01-07-2022,West,B,250,3,231,-7.70%
01-08-2022,West,B,295,3,286,-2.90%
01-09-2022,West,B,210,3,191,-9.00%
01-10-2022,West,B,271,3,243,-10.20%
01-11-2022,West,B,222,3,215,-3.40%
01-12-2022,West,B,235,3,222,-5.70%
01-01-2023,West,B,247,3,225,-8.80%
01-02-2023,West,B,288,3,268,-6.90%
01-03-2023,West,B,220,3,208,-5.40%
01-04-2023,West,B,286,3,277,-3.00%
01-05-2023,West,B,259,3,235,-9.10%
01-06-2023,West,B,155,3,143,-8.00%
01-07-2023,West,B,228,3,202,-11.50%
01-08-2023,West,B,218,3,211,-3.00%
01-09-2023,West,B,298,3,280,-5.90%
01-10-2023,West,B,170,3,164,-3.30%
01-11-2023,West,B,260,3,229,-11.80%
01-12-2023,West,B,157,3,148,-6.00%
01-01-2024,West,B,195,3,190,-2.40%
01-02-2024,West,B,213,3,192,-9.90%
01-03-2024,West,B,183,3,178,-2.60%
01-04-2024,West,B,155,3,139,-10.40%
01-05-2024,West,B,233,3,219,-6.00%
01-06-2024,West,B,233,3,224,-4.00%
01-07-2024,West,B,193,3,180,-6.60%
01-08-2024,West,B,176,3,168,-4.50%
01-09-2024,West,B,268,3,239,-10.80%
01-10-2024,West,B,298,3,283,-5.20%
01-11-2024,West,B,232,3,213,-8.20%
01-12-2024,West,B,156,3,140,-10.50%
01-01-2025,West,B,280,3,274,-2.30%
01-02-2025,West,B,258,3,246,-4.70%
01-03-2025,West,B,212,3,202,-5.00%
01-04-2025,North,B,167,4,150,-10.40%
01-05-2025,North,B,238,4,233,-2.20%
01-06-2025,North,B,200,4,178,-11.00%
01-07-2025,North,B,245,4,224,-8.70%
01-08-2025,North,B,253,4,239,-5.50%
01-09-2025,North,B,240,4,231,-3.90%
01-10-2025,North,B,182,4,161,-11.40%
01-11-2025,North,B,191,4,173,-9.40%
01-12-2025,North,B,204,4,183,-10.10%
01-01-2026,North,B,204,4,199,-2.70%
01-02-2026,North,B,185,4,168,-9.40%
01-03-2026,North,B,196,4,178,-9.20%
01-04-2025,North,B,297,4,280,-5.60%
01-05-2025,North,B,417,4,408,-2.10%
01-06-2025,North,B,362,4,333,-7.90%
01-07-2025,North,B,436,4,391,-10.20%
01-08-2025,North,B,415,4,380,-8.40%
01-09-2025,North,B,412,4,386,-6.30%
01-10-2025,North,B,302,4,266,-11.90%
01-11-2025,North,B,300,4,274,-8.70%
01-12-2025,North,B,376,4,361,-3.90%
01-01-2026,North,B,302,4,269,-10.80%
01-02-2026,North,B,265,4,249,-6.10%
01-03-2026,North,B,339,4,319,-5.80%
01-04-2025,South,B,65,4,62,-5.40%
01-05-2025,South,B,104,4,94,-10.10%
01-06-2025,South,B,94,4,90,-4.10%
01-07-2025,South,B,94,4,90,-4.40%
01-08-2025,South,B,92,4,86,-6.80%
01-09-2025,South,B,170,4,164,-3.80%
01-10-2025,South,B,93,4,91,-2.50%
01-11-2025,South,B,143,4,127,-10.90%
01-12-2025,South,B,174,4,170,-2.10%
01-01-2026,South,B,128,4,120,-6.50%
01-02-2026,South,B,84,4,76,-9.20%
01-03-2026,South,B,126,4,117,-7.00%
01-04-2025,South,B,158,4,147,-7.10%
01-05-2025,South,B,77,4,75,-2.90%
01-06-2025,South,B,87,4,85,-2.70%
01-07-2025,South,B,126,4,123,-2.30%
01-08-2025,South,B,121,4,111,-8.60%
01-09-2025,South,B,109,4,98,-9.70%
01-10-2025,South,B,70,4,64,-9.20%
01-11-2025,South,B,124,4,120,-3.20%
01-12-2025,South,B,169,4,159,-6.20%
01-01-2026,South,B,151,4,136,-10.00%
01-02-2026,South,B,84,4,81,-3.50%
01-03-2026,South,B,99,4,96,-2.80%
01-04-2025,West,B,158,4,152,-3.50%
01-05-2025,West,B,212,4,193,-9.10%
01-06-2025,West,B,230,4,217,-5.50%
01-07-2025,West,B,155,4,143,-7.70%
01-08-2025,West,B,219,4,197,-10.10%
01-09-2025,West,B,169,4,153,-9.70%
01-10-2025,West,B,180,4,164,-8.70%
01-11-2025,West,B,234,4,228,-2.40%
01-12-2025,West,B,172,4,154,-10.50%
01-01-2026,West,B,176,4,172,-2.40%
01-02-2026,West,B,189,4,167,-11.70%
01-03-2026,West,B,239,4,228,-4.60%
01-04-2025,West,B,218,4,206,-5.70%
01-05-2025,West,B,226,4,212,-6.10%
01-06-2025,West,B,134,4,123,-8.40%
01-07-2025,West,B,183,4,167,-9.00%
01-08-2025,West,B,239,4,215,-10.20%
01-09-2025,West,B,200,4,188,-5.80%
01-10-2025,West,B,217,4,193,-11.10%
01-11-2025,West,B,244,4,225,-7.70%
01-12-2025,West,B,200,4,196,-2.10%
01-01-2026,West,B,149,4,139,-6.70%
01-02-2026,West,B,216,4,201,-7.10%
01-03-2026,West,B,137,4,122,-10.60%
01-04-2025,West,C,213,4,195,-8.60%
01-05-2025,West,C,165,4,159,-3.80%
01-06-2025,West,C,99,4,97,-2.10%
01-07-2025,West,C,163,4,145,-10.90%
01-08-2025,West,C,89,4,87,-2.70%
01-09-2025,West,C,184,4,164,-10.80%
01-10-2025,West,C,134,4,119,-11.50%
01-11-2025,West,C,187,4,166,-11.10%
01-12-2025,West,C,216,4,196,-9.20%
01-01-2026,West,C,167,4,154,-7.80%
01-02-2026,West,C,253,4,229,-9.50%
01-03-2026,West,C,120,4,112,-7.00%
01-04-2025,West,C,159,4,148,-6.90%
01-05-2025,West,C,209,4,202,-3.60%
01-06-2025,West,C,108,4,103,-4.80%
01-07-2025,West,C,212,4,204,-3.70%
01-08-2025,West,C,200,4,178,-11.20%
01-09-2025,West,C,93,4,88,-5.20%
01-10-2025,West,C,207,4,187,-9.90%
01-11-2025,West,C,258,4,228,-11.50%
01-12-2025,West,C,143,4,139,-2.70%
01-01-2026,West,C,145,4,132,-9.20%
01-02-2026,West,C,128,4,121,-5.20%
01-03-2026,West,C,97,4,90,-7.70%
01-04-2025,South,C,141,4,135,-4.00%
01-05-2025,South,C,195,4,181,-7.40%
01-06-2025,South,C,175,4,169,-3.40%
01-07-2025,South,C,206,4,193,-6.40%
01-08-2025,South,C,89,4,81,-9.10%
01-09-2025,South,C,244,4,231,-5.20%
01-10-2025,South,C,130,4,119,-8.30%
01-11-2025,South,C,244,4,225,-8.00%
01-12-2025,South,C,168,4,157,-6.30%
01-01-2026,South,C,215,4,191,-11.40%
01-02-2026,South,C,231,4,223,-3.30%
01-03-2026,South,C,194,4,183,-5.60%
01-04-2025,South,C,187,4,175,-6.50%
01-05-2025,South,C,123,4,109,-11.30%
01-06-2025,South,C,100,4,93,-7.00%
01-07-2025,South,C,94,4,86,-8.70%
01-08-2025,South,C,154,4,146,-5.40%
01-09-2025,South,C,234,4,219,-6.20%
01-10-2025,South,C,225,4,212,-5.90%
01-11-2025,South,C,104,4,98,-5.40%
01-12-2025,South,C,121,4,108,-10.50%
01-01-2026,South,C,196,4,177,-9.60%
01-02-2026,South,C,134,4,129,-3.70%
01-03-2026,South,C,212,4,196,-7.60%
01-04-2025,North,C,218,4,206,-5.40%
01-05-2025,North,C,235,4,213,-9.40%
01-06-2025,North,C,95,4,84,-11.90%
01-07-2025,North,C,185,4,166,-10.30%
01-08-2025,North,C,179,4,163,-8.80%
01-09-2025,North,C,120,4,111,-7.70%
01-10-2025,North,C,234,4,217,-7.20%
01-11-2025,North,C,189,4,179,-5.00%
01-12-2025,North,C,139,4,132,-5.10%
01-01-2026,North,C,180,4,168,-6.90%
01-02-2026,North,C,151,4,134,-11.20%
01-03-2026,North,C,149,4,141,-5.60%
01-04-2025,North,C,92,4,87,-4.90%
01-05-2025,North,C,234,4,224,-4.10%
01-06-2025,North,C,170,4,151,-11.20%
01-07-2025,North,C,213,4,197,-7.50%
01-08-2025,North,C,101,4,92,-9.20%
01-09-2025,North,C,195,4,190,-2.70%
01-10-2025,North,C,216,4,206,-4.50%
01-11-2025,North,C,238,4,228,-4.40%
01-12-2025,North,C,210,4,190,-9.40%
01-01-2026,North,C,137,4,124,-9.70%
01-02-2026,North,C,219,4,194,-11.60%
01-03-2026,North,C,183,4,178,-2.60%
01-04-2025,North,A,94,4,85,-9.60%
01-05-2025,North,A,144,4,141,-2.00%
01-06-2025,North,A,108,4,104,-3.80%
01-07-2025,North,A,162,4,145,-10.60%
01-08-2025,North,A,142,4,136,-4.30%
01-09-2025,North,A,150,4,136,-9.30%
01-10-2025,North,A,110,4,101,-7.90%
01-11-2025,North,A,119,4,114,-4.10%
01-12-2025,North,A,117,4,113,-3.20%
01-01-2026,North,A,121,4,110,-9.40%
01-02-2026,North,A,109,4,101,-7.50%
01-03-2026,North,A,119,4,110,-7.90%
01-04-2025,South,A,157,4,147,-6.60%
01-05-2025,South,A,142,4,137,-3.70%
01-06-2025,South,A,94,4,86,-8.80%
01-07-2025,South,A,164,4,152,-7.00%
01-08-2025,South,A,152,4,146,-3.80%
01-09-2025,South,A,75,4,68,-8.90%
01-10-2025,South,A,62,4,60,-3.70%
01-11-2025,South,A,116,4,104,-10.20%
01-12-2025,South,A,95,4,91,-4.20%
01-01-2026,South,A,168,4,153,-9.20%
01-02-2026,South,A,90,4,87,-3.50%
01-03-2026,South,A,153,4,143,-6.60%
01-04-2025,West,A,234,4,218,-6.70%
01-05-2025,West,A,148,4,140,-5.60%
01-06-2025,West,A,213,4,192,-9.90%
01-07-2025,West,A,252,4,231,-8.50%
01-08-2025,West,A,154,4,144,-6.60%
01-09-2025,West,A,131,4,123,-6.40%
01-10-2025,West,A,215,4,209,-2.80%
01-11-2025,West,A,206,4,186,-9.90%
01-12-2025,West,A,211,4,192,-8.80%
01-01-2026,West,A,162,4,146,-10.10%
01-02-2026,West,A,184,4,164,-10.80%
01-03-2026,West,A,133,4,127,-4.90%
01-04-2021,North,A,167,4,162,-2.80%
01-05-2021,North,A,238,4,225,-5.60%
01-06-2021,North,A,200,4,191,-4.40%
01-07-2021,North,A,245,4,227,-7.40%
01-08-2021,North,A,253,4,224,-11.60%
01-09-2021,North,A,240,4,223,-7.00%
01-10-2021,North,A,182,4,168,-7.40%
01-11-2021,North,A,191,4,186,-2.60%
01-12-2021,North,A,204,4,187,-8.20%
01-01-2022,North,A,204,4,185,-9.20%
01-02-2022,North,A,185,4,181,-2.40%
01-03-2022,North,A,196,4,178,-9.40%
01-04-2022,North,A,297,4,282,-5.00%
01-05-2022,North,A,417,4,394,-5.50%
01-06-2022,North,A,362,4,341,-5.90%
01-07-2022,North,A,436,4,390,-10.50%
01-08-2022,North,A,415,4,406,-2.10%
01-09-2022,North,A,412,4,392,-4.90%
01-10-2022,North,A,302,4,284,-6.10%
01-11-2022,North,A,300,4,273,-8.90%
01-12-2022,North,A,376,4,332,-11.80%
01-01-2023,North,A,302,4,271,-10.10%
01-02-2023,North,A,265,4,244,-8.10%
01-03-2023,North,A,339,4,323,-4.80%
01-04-2023,North,A,65,4,60,-7.70%
01-05-2023,North,A,104,4,95,-8.50%
01-06-2023,North,A,94,4,86,-8.40%
01-07-2023,North,A,94,4,87,-7.20%
01-08-2023,North,A,92,4,88,-4.80%
01-09-2023,North,A,170,4,157,-7.40%
01-10-2023,North,A,93,4,84,-10.00%
01-11-2023,North,A,143,4,137,-4.20%
01-12-2023,North,A,174,4,169,-2.80%
01-01-2024,North,A,128,4,114,-10.80%
01-02-2024,North,A,84,4,81,-3.50%
01-03-2024,North,A,126,4,118,-6.40%
01-04-2024,North,A,158,4,143,-9.40%
01-05-2024,North,A,77,4,75,-2.20%
01-06-2024,North,A,87,4,78,-10.50%
01-07-2024,North,A,126,4,115,-8.50%
01-08-2024,North,A,121,4,108,-10.60%
01-09-2024,North,A,109,4,101,-7.30%
01-10-2024,North,A,70,4,68,-3.50%
01-11-2024,North,A,124,4,111,-10.10%
01-12-2024,North,A,169,4,165,-2.60%
01-01-2025,North,A,151,4,134,-11.40%
01-02-2025,North,A,84,4,79,-6.30%
01-03-2025,North,A,99,4,91,-7.70%
01-04-2021,South,A,158,4,146,-7.80%
01-05-2021,South,A,212,4,206,-2.60%
01-06-2021,South,A,230,4,222,-3.60%
01-07-2021,South,A,155,4,145,-6.70%
01-08-2021,South,A,219,4,199,-9.20%
01-09-2021,South,A,169,4,164,-2.80%
01-10-2021,South,A,180,4,162,-10.00%
01-11-2021,South,A,234,4,210,-10.10%
01-12-2021,South,A,172,4,153,-11.30%
01-01-2022,South,A,176,4,169,-3.80%
01-02-2022,South,A,189,4,167,-11.50%
01-03-2022,South,A,239,4,232,-3.00%
01-04-2022,South,A,218,4,193,-11.70%
01-05-2022,South,A,226,4,211,-6.40%
01-06-2022,South,A,134,4,120,-10.30%
01-07-2022,South,A,183,4,162,-11.30%
01-08-2022,South,A,239,4,234,-2.30%
01-09-2022,South,A,200,4,185,-7.60%
01-10-2022,South,A,217,4,201,-7.40%
01-11-2022,South,A,244,4,229,-6.00%
01-12-2022,South,A,200,4,178,-11.20%
01-01-2023,South,A,149,4,135,-9.30%
01-02-2023,South,A,216,4,205,-4.90%
01-03-2023,South,A,137,4,129,-5.80%
01-04-2023,South,A,213,4,199,-6.80%
01-05-2023,South,A,165,4,157,-5.10%
01-06-2023,South,A,99,4,93,-5.80%
01-07-2023,South,A,163,4,146,-10.20%
01-08-2023,South,A,89,4,83,-6.20%
01-09-2023,South,A,184,4,171,-7.30%
01-10-2023,South,A,134,4,120,-10.30%
01-11-2023,South,A,187,4,166,-11.00%
01-12-2023,South,A,216,4,198,-8.40%
01-01-2024,South,A,167,4,152,-9.00%
01-02-2024,South,A,253,4,241,-4.60%
01-03-2024,South,A,120,4,113,-5.60%
01-04-2024,South,A,159,4,155,-2.60%
01-05-2024,South,A,209,4,201,-3.80%
01-06-2024,South,A,108,4,98,-9.00%
01-07-2024,South,A,212,4,197,-7.10%
01-08-2024,South,A,200,4,196,-2.10%
01-09-2024,South,A,93,4,83,-10.70%
01-10-2024,South,A,207,4,189,-8.70%
01-11-2024,South,A,258,4,245,-5.10%
01-12-2024,South,A,143,4,140,-2.30%
01-01-2025,South,A,145,4,130,-10.40%
01-02-2025,South,A,128,4,123,-4.10%
01-03-2025,South,A,97,4,93,-3.90%
01-04-2021,West,A,141,4,134,-5.00%
01-05-2021,West,A,195,4,190,-2.80%
01-06-2021,West,A,175,4,155,-11.70%
01-07-2021,West,A,206,4,186,-9.60%
01-08-2021,West,A,89,4,84,-5.20%
01-09-2021,West,A,244,4,219,-10.30%
01-10-2021,West,A,130,4,122,-5.90%
01-11-2021,West,A,244,4,221,-9.40%
01-12-2021,West,A,168,4,149,-11.30%
01-01-2022,West,A,215,4,192,-10.80%
01-02-2022,West,A,231,4,208,-9.90%
01-03-2022,West,A,194,4,182,-6.20%
01-04-2022,West,A,187,4,165,-11.60%
01-05-2022,West,A,123,4,119,-3.20%
01-06-2022,West,A,100,4,92,-7.90%
01-07-2022,West,A,94,4,91,-3.20%
01-08-2022,West,A,154,4,144,-6.80%
01-09-2022,West,A,234,4,224,-4.10%
01-10-2022,West,A,225,4,212,-5.90%
01-11-2022,West,A,104,4,96,-8.10%
01-12-2022,West,A,121,4,116,-4.10%
01-01-2023,West,A,196,4,191,-2.60%
01-02-2023,West,A,134,4,123,-8.20%
01-03-2023,West,A,212,4,204,-3.80%
01-04-2023,West,A,218,4,197,-9.70%
01-05-2023,West,A,235,4,217,-7.60%
01-06-2023,West,A,95,4,90,-5.20%
01-07-2023,West,A,185,4,181,-2.40%
01-08-2023,West,A,179,4,159,-11.40%
01-09-2023,West,A,120,4,114,-4.90%
01-10-2023,West,A,234,4,211,-9.70%
01-11-2023,West,A,189,4,182,-3.90%
01-12-2023,West,A,139,4,132,-5.40%
01-01-2024,West,A,180,4,163,-9.40%
01-02-2024,West,A,151,4,141,-6.70%
01-03-2024,West,A,149,4,142,-5.00%
01-04-2024,West,A,92,4,86,-6.40%
01-05-2024,West,A,234,4,218,-6.70%
01-06-2024,West,A,170,4,164,-3.30%
01-07-2024,West,A,213,4,199,-6.80%
01-08-2024,West,A,101,4,94,-6.50%
01-09-2024,West,A,195,4,184,-5.60%
01-10-2024,West,A,216,4,201,-7.00%
01-11-2024,West,A,238,4,233,-2.10%
01-12-2024,West,A,210,4,200,-4.90%
01-01-2025,West,A,137,4,132,-3.90%
01-02-2025,West,A,219,4,203,-7.10%
01-03-2025,West,A,183,4,172,-5.80%
01-04-2021,North,C,94,4,84,-10.70%
01-05-2021,North,C,144,4,140,-2.60%
01-06-2021,North,C,108,4,96,-11.40%
01-07-2021,North,C,162,4,152,-6.40%
01-08-2021,North,C,142,4,132,-7.20%
01-09-2021,North,C,150,4,139,-7.50%
01-10-2021,North,C,110,4,104,-5.70%
01-11-2021,North,C,119,4,113,-5.30%
01-12-2021,North,C,117,4,111,-5.10%
01-01-2022,North,C,121,4,113,-6.50%
01-02-2022,North,C,109,4,99,-9.00%
01-03-2022,North,C,119,4,116,-2.30%
01-04-2022,North,C,157,4,148,-5.80%
01-05-2022,North,C,142,4,128,-10.00%
01-06-2022,North,C,94,4,84,-10.90%
01-07-2022,North,C,164,4,153,-6.60%
01-08-2022,North,C,152,4,140,-7.70%
01-09-2022,North,C,75,4,70,-6.20%
01-10-2022,North,C,62,4,58,-6.30%
01-11-2022,North,C,116,4,110,-5.40%
01-12-2022,North,C,95,4,90,-5.00%
01-01-2023,North,C,168,4,160,-4.90%
01-02-2023,North,C,90,4,79,-11.90%
01-03-2023,North,C,153,4,150,-2.20%
01-04-2023,North,C,234,4,212,-9.50%
01-05-2023,North,C,148,4,137,-7.80%
01-06-2023,North,C,213,4,191,-10.20%
01-07-2023,North,C,252,4,228,-9.60%
01-08-2023,North,C,154,4,142,-7.70%
01-09-2023,North,C,131,4,116,-11.40%
01-10-2023,North,C,215,4,192,-10.90%
01-11-2023,North,C,206,4,197,-4.30%
01-12-2023,North,C,211,4,196,-6.90%
01-01-2024,North,C,162,4,146,-9.60%
01-02-2024,North,C,184,4,172,-6.60%
01-03-2024,North,C,133,4,118,-11.10%
01-04-2024,North,C,167,4,157,-5.90%
01-05-2024,North,C,238,4,231,-2.90%
01-06-2024,North,C,200,4,181,-9.50%
01-07-2024,North,C,245,4,235,-4.30%
01-08-2024,North,C,253,4,242,-4.20%
01-09-2024,North,C,240,4,223,-7.10%
01-10-2024,North,C,182,4,164,-9.60%
01-11-2024,North,C,191,4,175,-8.60%
01-12-2024,North,C,204,4,199,-2.40%
01-01-2025,North,C,204,4,183,-10.50%
01-02-2025,North,C,185,4,172,-7.20%
01-03-2025,North,C,196,4,189,-3.80%
01-04-2021,North,C,297,4,261,-12.00%
01-05-2021,North,C,417,4,369,-11.50%
01-06-2021,North,C,362,4,347,-4.20%
01-07-2021,North,C,436,4,406,-6.90%
01-08-2021,North,C,415,4,406,-2.10%
01-09-2021,North,C,412,4,379,-8.00%
01-10-2021,North,C,302,4,271,-10.40%
01-11-2021,North,C,300,4,279,-7.00%
01-12-2021,North,C,376,4,356,-5.30%
01-01-2022,North,C,302,4,293,-3.10%
01-02-2022,North,C,265,4,238,-10.30%
01-03-2022,North,C,339,4,304,-10.30%
01-04-2022,North,C,65,4,61,-6.60%
01-05-2022,North,C,104,4,97,-6.70%
01-06-2022,North,C,94,4,87,-7.20%
01-07-2022,North,C,94,4,90,-4.40%
01-08-2022,North,C,92,4,87,-5.20%
01-09-2022,North,C,170,4,161,-5.10%
01-10-2022,North,C,93,4,84,-9.40%
01-11-2022,North,C,143,4,130,-9.20%
01-12-2022,North,C,174,4,157,-9.70%
01-01-2023,North,C,128,4,117,-8.70%
01-02-2023,North,C,84,4,74,-11.30%
01-03-2023,North,C,126,4,119,-5.80%
01-04-2023,North,C,158,4,153,-3.10%
01-05-2023,North,C,77,4,70,-8.50%
01-06-2023,North,C,87,4,83,-5.20%
01-07-2023,North,C,126,4,111,-12.00%
01-08-2023,North,C,121,4,109,-9.70%
01-09-2023,North,C,109,4,99,-9.60%
01-10-2023,North,C,70,4,65,-7.60%
01-11-2023,North,C,124,4,114,-7.70%
01-12-2023,North,C,169,4,158,-6.70%
01-01-2024,North,C,151,4,144,-4.50%
01-02-2024,North,C,84,4,75,-10.80%
01-03-2024,North,C,99,4,88,-11.10%
01-04-2024,North,C,158,4,150,-5.10%
01-05-2024,North,C,212,4,192,-9.50%
01-06-2024,North,C,230,4,207,-10.00%
01-07-2024,North,C,155,4,145,-6.20%
01-08-2024,North,C,219,4,209,-4.70%
01-09-2024,North,C,169,4,158,-6.60%
01-10-2024,North,C,180,4,175,-2.60%
01-11-2024,North,C,234,4,225,-3.90%
01-12-2024,North,C,172,4,160,-6.80%
01-01-2025,North,C,176,4,163,-7.50%
01-02-2025,North,C,189,4,184,-2.60%
01-03-2025,North,C,239,4,231,-3.50%
01-04-2021,South,C,218,4,201,-7.90%
01-05-2021,South,C,226,4,212,-6.40%
01-06-2021,South,C,134,4,122,-8.60%
01-07-2021,South,C,183,4,170,-7.00%
01-08-2021,South,C,239,4,220,-7.90%
01-09-2021,South,C,200,4,194,-3.10%
01-10-2021,South,C,217,4,191,-11.80%
01-11-2021,South,C,244,4,234,-4.00%
01-12-2021,South,C,200,4,195,-2.60%
01-01-2022,South,C,149,4,135,-9.40%
01-02-2022,South,C,216,4,209,-3.50%
01-03-2022,South,C,137,4,128,-6.70%
01-04-2022,South,C,213,4,196,-7.80%
01-05-2022,South,C,165,4,153,-7.10%
01-06-2022,South,C,99,4,93,-5.90%
01-07-2022,South,C,163,4,157,-4.00%
01-08-2022,South,C,89,4,83,-6.80%
01-09-2022,South,C,184,4,163,-11.60%
01-10-2022,South,C,134,4,125,-6.60%
01-11-2022,South,C,187,4,165,-11.60%
01-12-2022,South,C,216,4,206,-4.70%
01-01-2023,South,C,167,4,151,-9.90%
01-02-2023,South,C,253,4,238,-5.80%
01-03-2023,South,C,120,4,116,-3.70%
01-04-2023,South,C,159,4,146,-8.10%
01-05-2023,South,C,209,4,201,-4.00%
01-06-2023,South,C,108,4,104,-3.30%
01-07-2023,South,C,212,4,194,-8.40%
01-08-2023,South,C,200,4,183,-8.40%
01-09-2023,South,C,93,4,82,-11.30%
01-10-2023,South,C,207,4,199,-3.70%
01-11-2023,South,C,258,4,231,-10.60%
01-12-2023,South,C,143,4,129,-9.50%
01-01-2024,South,C,145,4,131,-9.80%
01-02-2024,South,C,128,4,116,-9.30%
01-03-2024,South,C,97,4,89,-8.80%
01-04-2024,South,C,141,4,136,-3.50%
01-05-2024,South,C,195,4,187,-3.90%
01-06-2024,South,C,175,4,164,-6.40%
01-07-2024,South,C,206,4,197,-4.50%
01-08-2024,South,C,89,4,85,-4.00%
01-09-2024,South,C,244,4,237,-2.90%
01-10-2024,South,C,130,4,121,-7.10%
01-11-2024,South,C,244,4,230,-5.70%
01-12-2024,South,C,168,4,156,-7.20%
01-01-2025,South,C,215,4,198,-7.70%
01-02-2025,South,C,231,4,214,-7.40%
01-03-2025,South,C,194,4,185,-4.70%
01-04-2021,South,C,187,4,182,-2.80%
01-05-2021,South,C,123,4,112,-8.90%
01-06-2021,South,C,100,4,89,-10.80%
01-07-2021,South,C,94,4,87,-7.40%
01-08-2021,South,C,154,4,136,-12.00%
01-09-2021,South,C,234,4,223,-4.70%
01-10-2021,South,C,225,4,206,-8.50%
01-11-2021,South,C,104,4,94,-9.40%
01-12-2021,South,C,121,4,108,-11.20%
01-01-2022,South,C,196,4,176,-10.20%
01-02-2022,South,C,134,4,119,-11.00%
01-03-2022,South,C,212,4,198,-6.80%
01-04-2022,South,C,218,4,202,-7.50%
01-05-2022,South,C,235,4,225,-4.30%
01-06-2022,South,C,95,4,93,-2.00%
01-07-2022,South,C,185,4,169,-8.90%
01-08-2022,South,C,179,4,168,-6.30%
01-09-2022,South,C,120,4,113,-6.00%
01-10-2022,South,C,234,4,221,-5.70%
01-11-2022,South,C,189,4,178,-5.70%
01-12-2022,South,C,139,4,135,-2.70%
01-01-2023,South,C,180,4,168,-6.50%
01-02-2023,South,C,151,4,146,-3.20%
01-03-2023,South,C,149,4,144,-3.40%
01-04-2023,South,C,92,4,84,-9.20%
01-05-2023,South,C,234,4,210,-10.30%
01-06-2023,South,C,170,4,152,-10.70%
01-07-2023,South,C,213,4,196,-8.00%
01-08-2023,South,C,101,4,90,-10.50%
01-09-2023,South,C,195,4,183,-6.20%
01-10-2023,South,C,216,4,210,-2.60%
01-11-2023,South,C,238,4,223,-6.50%
01-12-2023,South,C,210,4,199,-5.20%
01-01-2024,South,C,137,4,125,-8.80%
01-02-2024,South,C,219,4,211,-3.80%
01-03-2024,South,C,183,4,179,-2.40%
01-04-2024,South,C,94,4,84,-10.50%
01-05-2024,South,C,144,4,127,-11.50%
01-06-2024,South,C,108,4,100,-7.20%
01-07-2024,South,C,162,4,145,-10.30%
01-08-2024,South,C,142,4,137,-3.50%
01-09-2024,South,C,150,4,134,-11.00%
01-10-2024,South,C,110,4,106,-4.10%
01-11-2024,South,C,119,4,107,-10.10%
01-12-2024,South,C,117,4,106,-9.30%
01-01-2025,South,C,121,4,114,-5.90%
01-02-2025,South,C,109,4,96,-11.60%
01-03-2025,South,C,119,4,112,-6.20%
01-04-2021,West,C,157,4,152,-3.50%
01-05-2021,West,C,142,4,132,-6.80%
01-06-2021,West,C,94,4,87,-7.60%
01-07-2021,West,C,164,4,145,-11.80%
01-08-2021,West,C,152,4,134,-11.80%
01-09-2021,West,C,75,4,73,-2.50%
01-10-2021,West,C,62,4,57,-7.70%
01-11-2021,West,C,116,4,114,-2.10%
01-12-2021,West,C,95,4,87,-8.30%
01-01-2022,West,C,168,4,157,-6.30%
01-02-2022,West,C,90,4,84,-6.90%
01-03-2022,West,C,153,4,136,-11.10%
01-04-2022,West,C,234,4,219,-6.50%
01-05-2022,West,C,148,4,135,-8.50%
01-06-2022,West,C,213,4,206,-3.40%
01-07-2022,West,C,252,4,233,-7.40%
01-08-2022,West,C,154,4,147,-4.80%
01-09-2022,West,C,131,4,119,-9.00%
01-10-2022,West,C,215,4,198,-7.90%
01-11-2022,West,C,206,4,194,-5.90%
01-12-2022,West,C,211,4,193,-8.60%
01-01-2023,West,C,162,4,156,-3.90%
01-02-2023,West,C,184,4,177,-4.10%
01-03-2023,West,C,133,4,119,-10.20%
01-04-2023,West,C,167,4,155,-7.30%
01-05-2023,West,C,238,4,210,-12.00%
01-06-2023,West,C,200,4,188,-6.00%
01-07-2023,West,C,245,4,237,-3.10%
01-08-2023,West,C,253,4,247,-2.50%
01-09-2023,West,C,240,4,224,-6.80%
01-10-2023,West,C,182,4,169,-7.40%
01-11-2023,West,C,191,4,173,-9.30%
01-12-2023,West,C,204,4,194,-5.10%
01-01-2024,West,C,204,4,190,-7.00%
01-02-2024,West,C,185,4,167,-9.80%
01-03-2024,West,C,196,4,191,-2.50%
01-04-2024,West,C,297,4,286,-3.60%
01-05-2024,West,C,417,4,401,-4.00%
01-06-2024,West,C,362,4,352,-2.70%
01-07-2024,West,C,436,4,390,-10.50%
01-08-2024,West,C,415,4,392,-5.60%
01-09-2024,West,C,412,4,401,-2.70%
01-10-2024,West,C,302,4,277,-8.30%
01-11-2024,West,C,300,4,284,-5.20%
01-12-2024,West,C,376,4,341,-9.40%
01-01-2025,West,C,302,4,268,-11.20%
01-02-2025,West,C,265,4,249,-5.90%
01-03-2025,West,C,339,4,320,-5.50%
01-04-2021,West,C,65,4,60,-7.80%
01-05-2021,West,C,104,4,95,-8.90%
01-06-2021,West,C,94,4,90,-4.50%
01-07-2021,West,C,94,4,87,-6.90%
01-08-2021,West,C,92,4,88,-3.80%
01-09-2021,West,C,170,4,152,-10.80%
01-10-2021,West,C,93,4,89,-4.40%
01-11-2021,West,C,143,4,134,-6.60%
01-12-2021,West,C,174,4,156,-10.20%
01-01-2022,West,C,128,4,113,-11.40%
01-02-2022,West,C,84,4,79,-5.90%
01-03-2022,West,C,126,4,120,-4.80%
01-04-2022,West,C,158,4,151,-4.10%
01-05-2022,West,C,77,4,71,-7.70%
01-06-2022,West,C,87,4,83,-4.60%
01-07-2022,West,C,126,4,116,-8.10%
01-08-2022,West,C,121,4,112,-7.50%
01-09-2022,West,C,109,4,97,-11.00%
01-10-2022,West,C,70,4,63,-9.80%
01-11-2022,West,C,124,4,116,-6.20%
01-12-2022,West,C,169,4,157,-7.40%
01-01-2023,West,C,151,4,146,-3.20%
01-02-2023,West,C,84,4,80,-4.70%
01-03-2023,West,C,99,4,96,-3.50%
01-04-2023,West,C,158,4,149,-5.90%
01-05-2023,West,C,212,4,189,-11.10%
01-06-2023,West,C,230,4,216,-6.00%
01-07-2023,West,C,155,4,139,-10.40%
01-08-2023,West,C,219,4,202,-7.90%
01-09-2023,West,C,169,4,149,-11.80%
01-10-2023,West,C,180,4,169,-5.90%
01-11-2023,West,C,234,4,223,-4.80%
01-12-2023,West,C,172,4,166,-3.40%
01-01-2024,West,C,176,4,156,-11.10%
01-02-2024,West,C,189,4,172,-8.80%
01-03-2024,West,C,239,4,230,-3.80%
01-04-2024,West,C,218,4,197,-9.70%
01-05-2024,West,C,226,4,209,-7.40%
01-06-2024,West,C,134,4,123,-8.10%
01-07-2024,West,C,183,4,168,-8.30%
01-08-2024,West,C,239,4,219,-8.40%
01-09-2024,West,C,200,4,188,-6.00%
01-10-2024,West,C,217,4,209,-3.70%
01-11-2024,West,C,244,4,238,-2.30%
01-12-2024,West,C,200,4,178,-11.10%
01-01-2025,West,C,149,4,142,-4.90%
01-02-2025,West,C,216,4,194,-10.40%
01-03-2025,West,C,137,4,122,-10.70%
01-04-2021,North,B,213,4,201,-5.50%
01-05-2021,North,B,165,4,146,-11.30%
01-06-2021,North,B,99,4,95,-3.90%
01-07-2021,North,B,163,4,148,-9.00%
01-08-2021,North,B,89,4,80,-9.70%
01-09-2021,North,B,184,4,173,-6.00%
01-10-2021,North,B,134,4,123,-7.90%
01-11-2021,North,B,187,4,177,-5.50%
01-12-2021,North,B,216,4,193,-10.80%
01-01-2022,North,B,167,4,147,-12.00%
01-02-2022,North,B,253,4,247,-2.40%
01-03-2022,North,B,120,4,107,-11.10%
01-04-2022,North,B,159,4,156,-2.00%
01-05-2022,North,B,209,4,184,-11.80%
01-06-2022,North,B,108,4,101,-6.70%
01-07-2022,North,B,212,4,201,-5.10%
01-08-2022,North,B,200,4,190,-5.00%
01-09-2022,North,B,93,4,84,-9.40%
01-10-2022,North,B,207,4,200,-3.50%
01-11-2022,North,B,258,4,241,-6.70%
01-12-2022,North,B,143,4,135,-5.70%
01-01-2023,North,B,145,4,135,-6.70%
01-02-2023,North,B,128,4,118,-8.00%
01-03-2023,North,B,97,4,88,-9.80%
01-04-2023,North,B,141,4,133,-5.50%
01-05-2023,North,B,195,4,176,-9.50%
01-06-2023,North,B,175,4,159,-9.30%
01-07-2023,North,B,206,4,186,-9.90%
01-08-2023,North,B,89,4,80,-10.50%
01-09-2023,North,B,244,4,229,-6.10%
01-10-2023,North,B,130,4,119,-8.10%
01-11-2023,North,B,244,4,230,-5.60%
01-12-2023,North,B,168,4,162,-3.30%
01-01-2024,North,B,215,4,203,-5.80%
01-02-2024,North,B,231,4,221,-4.50%
01-03-2024,North,B,194,4,182,-6.20%
01-04-2024,North,B,187,4,170,-9.20%
01-05-2024,North,B,123,4,118,-4.40%
01-06-2024,North,B,100,4,91,-8.50%
01-07-2024,North,B,94,4,90,-4.50%
01-08-2024,North,B,154,4,143,-7.40%
01-09-2024,North,B,234,4,210,-10.20%
01-10-2024,North,B,225,4,212,-5.60%
01-11-2024,North,B,104,4,98,-5.70%
01-12-2024,North,B,121,4,118,-2.70%
01-01-2025,North,B,196,4,185,-5.50%
01-02-2025,North,B,134,4,131,-2.20%
01-03-2025,North,B,212,4,199,-5.90%
01-04-2021,North,B,218,4,202,-7.40%
01-05-2021,North,B,235,4,207,-12.00%
01-06-2021,North,B,95,4,84,-11.80%
01-07-2021,North,B,185,4,176,-5.10%
01-08-2021,North,B,179,4,159,-11.40%
01-09-2021,North,B,120,4,115,-4.10%
01-10-2021,North,B,234,4,225,-3.70%
01-11-2021,North,B,189,4,176,-7.10%
01-12-2021,North,B,139,4,123,-11.20%
01-01-2022,North,B,180,4,167,-7.00%
01-02-2022,North,B,151,4,143,-5.40%
01-03-2022,North,B,149,4,134,-10.30%
01-04-2022,North,B,92,4,89,-2.90%
01-05-2022,North,B,234,4,227,-2.90%
01-06-2022,North,B,170,4,152,-10.80%
01-07-2022,North,B,213,4,196,-7.80%
01-08-2022,North,B,101,4,92,-8.80%
01-09-2022,North,B,195,4,189,-3.00%
01-10-2022,North,B,216,4,194,-10.40%
01-11-2022,North,B,238,4,210,-11.60%
01-12-2022,North,B,210,4,189,-10.00%
01-01-2023,North,B,137,4,123,-9.90%
01-02-2023,North,B,219,4,201,-8.10%
01-03-2023,North,B,183,4,169,-7.40%
01-04-2023,North,B,94,4,90,-4.20%
01-05-2023,North,B,144,4,139,-3.30%
01-06-2023,North,B,108,4,101,-6.50%
01-07-2023,North,B,162,4,147,-9.20%
01-08-2023,North,B,142,4,139,-2.20%
01-09-2023,North,B,150,4,141,-6.30%
01-10-2023,North,B,110,4,101,-8.00%
01-11-2023,North,B,119,4,112,-6.20%
01-12-2023,North,B,117,4,104,-11.30%
01-01-2024,North,B,121,4,114,-6.10%
01-02-2024,North,B,109,4,99,-9.20%
01-03-2024,North,B,119,4,113,-4.90%
01-04-2024,North,B,157,4,147,-6.10%
01-05-2024,North,B,142,4,127,-10.50%
01-06-2024,North,B,94,4,91,-3.40%
01-07-2024,North,B,164,4,151,-7.90%
01-08-2024,North,B,152,4,143,-6.00%
01-09-2024,North,B,75,4,67,-10.90%
01-10-2024,North,B,62,4,56,-10.50%
01-11-2024,North,B,116,4,113,-2.80%
01-12-2024,North,B,95,4,92,-2.80%
01-01-2025,North,B,168,4,155,-7.80%
01-02-2025,North,B,90,4,81,-10.20%
01-03-2025,North,B,153,4,139,-9.10%
01-04-2021,South,B,234,4,215,-8.10%
01-05-2021,South,B,148,4,137,-7.60%
01-06-2021,South,B,213,4,198,-7.00%
01-07-2021,South,B,252,4,239,-5.30%
01-08-2021,South,B,154,4,138,-10.50%
01-09-2021,South,B,131,4,118,-10.00%
01-10-2021,South,B,215,4,204,-5.20%
01-11-2021,South,B,206,4,193,-6.40%
01-12-2021,South,B,211,4,191,-9.60%
01-01-2022,South,B,162,4,156,-3.80%
01-02-2022,South,B,184,4,169,-8.10%
01-03-2022,South,B,133,4,126,-5.10%
01-04-2022,South,B,167,4,149,-10.50%
01-05-2022,South,B,238,4,231,-2.70%
01-06-2022,South,B,200,4,185,-7.50%
01-07-2022,South,B,245,4,223,-9.10%
01-08-2022,South,B,253,4,245,-3.20%
01-09-2022,South,B,240,4,225,-6.20%
01-10-2022,South,B,182,4,168,-7.40%
01-11-2022,South,B,191,4,172,-9.70%
01-12-2022,South,B,204,4,198,-3.10%
01-01-2023,South,B,204,4,181,-11.30%
01-02-2023,South,B,185,4,168,-9.00%
01-03-2023,South,B,196,4,189,-3.50%
01-04-2023,South,B,297,4,276,-6.90%
01-05-2023,South,B,417,4,367,-11.90%
01-06-2023,South,B,362,4,345,-4.70%
01-07-2023,South,B,436,4,426,-2.20%
01-08-2023,South,B,415,4,397,-4.40%
01-09-2023,South,B,412,4,397,-3.60%
01-10-2023,South,B,302,4,268,-11.20%
01-11-2023,South,B,300,4,269,-10.20%
01-12-2023,South,B,376,4,360,-4.20%
01-01-2024,South,B,302,4,284,-6.10%
01-02-2024,South,B,265,4,248,-6.50%
01-03-2024,South,B,339,4,328,-3.40%
01-04-2024,South,B,65,4,63,-2.50%
01-05-2024,South,B,104,4,99,-5.00%
01-06-2024,South,B,94,4,89,-5.30%
01-07-2024,South,B,94,4,88,-5.90%
01-08-2024,South,B,92,4,90,-2.30%
01-09-2024,South,B,170,4,151,-11.10%
01-10-2024,South,B,93,4,82,-11.60%
01-11-2024,South,B,143,4,131,-8.20%
01-12-2024,South,B,174,4,156,-10.60%
01-01-2025,South,B,128,4,114,-11.00%
01-02-2025,South,B,84,4,79,-5.40%
01-03-2025,South,B,126,4,118,-6.00%
01-04-2021,South,B,158,4,142,-10.40%
01-05-2021,South,B,77,4,71,-7.60%
01-06-2021,South,B,87,4,83,-5.10%
01-07-2021,South,B,126,4,114,-9.80%
01-08-2021,South,B,121,4,113,-6.30%
01-09-2021,South,B,109,4,100,-7.80%
01-10-2021,South,B,70,4,66,-5.60%
01-11-2021,South,B,124,4,113,-9.20%
01-12-2021,South,B,169,4,163,-3.70%
01-01-2022,South,B,151,4,147,-2.90%
01-02-2022,South,B,84,4,78,-7.40%
01-03-2022,South,B,99,4,89,-10.20%
01-04-2022,South,B,158,4,152,-4.00%
01-05-2022,South,B,212,4,197,-7.10%
01-06-2022,South,B,230,4,218,-5.30%
01-07-2022,South,B,155,4,142,-8.10%
01-08-2022,South,B,219,4,200,-8.90%
01-09-2022,South,B,169,4,165,-2.30%
01-10-2022,South,B,180,4,169,-6.20%
01-11-2022,South,B,234,4,212,-9.60%
01-12-2022,South,B,172,4,152,-11.80%
01-01-2023,South,B,176,4,158,-10.30%
01-02-2023,South,B,189,4,180,-4.80%
01-03-2023,South,B,239,4,220,-8.10%
01-04-2023,South,B,218,4,209,-4.20%
01-05-2023,South,B,226,4,218,-3.50%
01-06-2023,South,B,134,4,130,-3.30%
01-07-2023,South,B,183,4,172,-6.00%
01-08-2023,South,B,239,4,217,-9.10%
01-09-2023,South,B,200,4,182,-9.10%
01-10-2023,South,B,217,4,211,-2.70%
01-11-2023,South,B,244,4,234,-4.10%
01-12-2023,South,B,200,4,183,-8.30%
01-01-2024,South,B,149,4,132,-11.70%
01-02-2024,South,B,216,4,206,-4.40%
01-03-2024,South,B,137,4,127,-7.50%
01-04-2024,South,B,213,4,202,-5.20%
01-05-2024,South,B,165,4,155,-6.30%
01-06-2024,South,B,99,4,93,-6.40%
01-07-2024,South,B,163,4,145,-10.80%
01-08-2024,South,B,89,4,85,-5.00%
01-09-2024,South,B,184,4,176,-4.10%
01-10-2024,South,B,134,4,126,-5.70%
01-11-2024,South,B,187,4,166,-11.30%
01-12-2024,South,B,216,4,208,-3.70%
01-01-2025,South,B,167,4,158,-5.30%
01-02-2025,South,B,253,4,240,-5.10%
01-03-2025,South,B,120,4,117,-2.50%
01-04-2021,West,B,159,4,145,-8.90%
01-05-2021,West,B,209,4,188,-10.30%
01-06-2021,West,B,108,4,105,-2.40%
01-07-2021,West,B,212,4,197,-6.90%
01-08-2021,West,B,200,4,185,-7.60%
01-09-2021,West,B,93,4,89,-4.80%
01-10-2021,West,B,207,4,182,-11.80%
01-11-2021,West,B,258,4,234,-9.40%
01-12-2021,West,B,143,4,137,-4.10%
01-01-2022,West,B,145,4,137,-5.30%
01-02-2022,West,B,128,4,122,-5.00%
01-03-2022,West,B,97,4,86,-10.90%
01-04-2022,West,B,141,4,125,-11.70%
01-05-2022,West,B,195,4,177,-9.00%
01-06-2022,West,B,175,4,166,-5.00%
01-07-2022,West,B,206,4,200,-2.90%
01-08-2022,West,B,89,4,84,-5.70%
01-09-2022,West,B,244,4,224,-8.30%
01-10-2022,West,B,130,4,123,-5.10%
01-11-2022,West,B,244,4,217,-11.10%
01-12-2022,West,B,168,4,162,-3.80%
01-01-2023,West,B,215,4,193,-10.30%
01-02-2023,West,B,231,4,215,-6.90%
01-03-2023,West,B,194,4,186,-4.30%
01-04-2023,West,B,187,4,182,-2.90%
01-05-2023,West,B,123,4,111,-9.70%
01-06-2023,West,B,100,4,90,-10.00%
01-07-2023,West,B,94,4,91,-2.70%
01-08-2023,West,B,154,4,137,-10.80%
01-09-2023,West,B,234,4,229,-2.00%
01-10-2023,West,B,225,4,205,-8.90%
01-11-2023,West,B,104,4,95,-8.40%
01-12-2023,West,B,121,4,110,-9.00%
01-01-2024,West,B,196,4,183,-6.40%
01-02-2024,West,B,134,4,124,-7.40%
01-03-2024,West,B,212,4,189,-10.70%
01-04-2024,West,B,218,4,210,-3.60%
01-05-2024,West,B,235,4,230,-2.30%
01-06-2024,West,B,95,4,90,-5.30%
01-07-2024,West,B,185,4,176,-4.70%
01-08-2024,West,B,179,4,160,-10.60%
01-09-2024,West,B,120,4,114,-4.70%
01-10-2024,West,B,234,4,215,-8.20%
01-11-2024,West,B,189,4,168,-11.10%
01-12-2024,West,B,139,4,132,-5.40%
01-01-2025,West,B,180,4,171,-4.80%
01-02-2025,West,B,151,4,141,-6.90%
01-03-2025,West,B,149,4,142,-5.00%
01-04-2021,West,B,92,4,86,-6.70%
01-05-2021,West,B,234,4,211,-10.00%
01-06-2021,West,B,170,4,160,-6.00%
01-07-2021,West,B,213,4,196,-7.80%
01-08-2021,West,B,101,4,99,-2.40%
01-09-2021,West,B,195,4,183,-6.10%
01-10-2021,West,B,216,4,199,-7.80%
01-11-2021,West,B,238,4,231,-3.10%
01-12-2021,West,B,210,4,206,-2.10%
01-01-2022,West,B,137,4,123,-10.10%
01-02-2022,West,B,219,4,212,-3.30%
01-03-2022,West,B,183,4,175,-4.60%
01-04-2022,West,B,94,4,83,-11.70%
01-05-2022,West,B,144,4,138,-4.00%
01-06-2022,West,B,108,4,103,-4.90%
01-07-2022,West,B,162,4,146,-10.10%
01-08-2022,West,B,142,4,132,-6.90%
01-09-2022,West,B,150,4,140,-6.50%
01-10-2022,West,B,110,4,107,-2.80%
01-11-2022,West,B,119,4,106,-10.80%
01-12-2022,West,B,117,4,103,-11.80%
01-01-2023,West,B,121,4,108,-10.40%
01-02-2023,West,B,109,4,106,-2.90%
01-03-2023,West,B,119,4,108,-9.10%
01-04-2023,West,B,157,4,145,-7.60%
01-05-2023,West,B,142,4,138,-2.70%
01-06-2023,West,B,94,4,90,-4.10%
01-07-2023,West,B,164,4,154,-6.00%
01-08-2023,West,B,152,4,134,-11.70%
01-09-2023,West,B,75,4,73,-2.20%
01-10-2023,West,B,62,4,60,-3.60%
01-11-2023,West,B,116,4,103,-11.00%
01-12-2023,West,B,95,4,92,-3.10%
01-01-2024,West,B,168,4,152,-9.60%
01-02-2024,West,B,90,4,83,-7.80%
01-03-2024,West,B,153,4,141,-8.10%
01-04-2024,West,B,234,4,222,-5.00%
01-05-2024,West,B,148,4,135,-8.70%
01-06-2024,West,B,213,4,199,-6.60%
01-07-2024,West,B,252,4,224,-11.00%
01-08-2024,West,B,154,4,144,-6.80%
01-09-2024,West,B,131,4,126,-3.70%
01-10-2024,West,B,215,4,191,-11.00%
01-11-2024,West,B,206,4,197,-4.50%
01-12-2024,West,B,211,4,202,-4.30%
01-01-2025,West,B,162,4,147,-9.00%
01-02-2025,West,B,184,4,178,-3.10%
01-03-2025,West,B,133,4,128,-3.40%
01-04-2025,North,B,167,5,151,-9.30%
01-05-2025,North,B,238,5,231,-3.10%
01-06-2025,North,B,200,5,183,-8.70%
01-07-2025,North,B,245,5,226,-7.80%
01-08-2025,North,B,253,5,236,-6.80%
01-09-2025,North,B,240,5,223,-7.20%
01-10-2025,North,B,182,5,171,-6.20%
01-11-2025,North,B,191,5,176,-7.90%
01-12-2025,North,B,204,5,188,-7.90%
01-01-2026,North,B,204,5,191,-6.30%
01-02-2026,North,B,185,5,171,-7.50%
01-03-2026,North,B,196,5,186,-5.30%
01-04-2025,North,B,297,5,290,-2.30%
01-05-2025,North,B,417,5,370,-11.40%
01-06-2025,North,B,362,5,351,-3.00%
01-07-2025,North,B,436,5,413,-5.20%
01-08-2025,North,B,415,5,372,-10.40%
01-09-2025,North,B,412,5,391,-5.10%
01-10-2025,North,B,302,5,287,-4.90%
01-11-2025,North,B,300,5,280,-6.70%
01-12-2025,North,B,376,5,334,-11.10%
01-01-2026,North,B,302,5,284,-5.90%
01-02-2026,North,B,265,5,253,-4.70%
01-03-2026,North,B,339,5,324,-4.50%
01-04-2025,South,B,65,5,62,-4.60%
01-05-2025,South,B,104,5,101,-3.40%
01-06-2025,South,B,94,5,87,-7.50%
01-07-2025,South,B,94,5,87,-7.40%
01-08-2025,South,B,92,5,86,-6.40%
01-09-2025,South,B,170,5,159,-6.50%
01-10-2025,South,B,93,5,84,-10.10%
01-11-2025,South,B,143,5,132,-7.40%
01-12-2025,South,B,174,5,158,-9.50%
01-01-2026,South,B,128,5,122,-4.40%
01-02-2026,South,B,84,5,80,-4.60%
01-03-2026,South,B,126,5,115,-9.10%
01-04-2025,South,B,158,5,146,-7.70%
01-05-2025,South,B,77,5,73,-5.30%
01-06-2025,South,B,87,5,77,-11.00%
01-07-2025,South,B,126,5,116,-7.80%
01-08-2025,South,B,121,5,114,-6.20%
01-09-2025,South,B,109,5,99,-8.90%
01-10-2025,South,B,70,5,64,-9.00%
01-11-2025,South,B,124,5,111,-10.60%
01-12-2025,South,B,169,5,158,-6.50%
01-01-2026,South,B,151,5,147,-2.70%
01-02-2026,South,B,84,5,82,-2.50%
01-03-2026,South,B,99,5,93,-6.40%
01-04-2025,West,B,158,5,141,-10.60%
01-05-2025,West,B,212,5,203,-4.10%
01-06-2025,West,B,230,5,209,-9.10%
01-07-2025,West,B,155,5,144,-7.20%
01-08-2025,West,B,219,5,206,-5.80%
01-09-2025,West,B,169,5,156,-7.40%
01-10-2025,West,B,180,5,166,-8.00%
01-11-2025,West,B,234,5,227,-2.90%
01-12-2025,West,B,172,5,163,-5.00%
01-01-2026,West,B,176,5,170,-3.50%
01-02-2026,West,B,189,5,170,-10.30%
01-03-2026,West,B,239,5,224,-6.30%
01-04-2025,West,B,218,5,197,-9.70%
01-05-2025,West,B,226,5,201,-11.10%
01-06-2025,West,B,134,5,120,-10.70%
01-07-2025,West,B,183,5,176,-3.80%
01-08-2025,West,B,239,5,212,-11.10%
01-09-2025,West,B,200,5,178,-11.10%
01-10-2025,West,B,217,5,205,-5.60%
01-11-2025,West,B,244,5,220,-10.00%
01-12-2025,West,B,200,5,194,-3.20%
01-01-2026,West,B,149,5,146,-2.00%
01-02-2026,West,B,216,5,191,-11.60%
01-03-2026,West,B,137,5,127,-7.10%
01-04-2025,West,C,213,5,194,-8.70%
01-05-2025,West,C,165,5,152,-7.60%
01-06-2025,West,C,99,5,93,-6.50%
01-07-2025,West,C,163,5,158,-3.00%
01-08-2025,West,C,89,5,83,-7.30%
01-09-2025,West,C,184,5,175,-4.70%
01-10-2025,West,C,134,5,119,-11.20%
01-11-2025,West,C,187,5,172,-8.20%
01-12-2025,West,C,216,5,206,-4.80%
01-01-2026,West,C,167,5,163,-2.70%
01-02-2026,West,C,253,5,241,-4.70%
01-03-2026,West,C,120,5,112,-7.00%
01-04-2025,West,C,159,5,154,-3.20%
01-05-2025,West,C,209,5,192,-8.10%
01-06-2025,West,C,108,5,100,-7.60%
01-07-2025,West,C,212,5,187,-12.00%
01-08-2025,West,C,200,5,179,-10.70%
01-09-2025,West,C,93,5,85,-8.10%
01-10-2025,West,C,207,5,187,-9.50%
01-11-2025,West,C,258,5,233,-9.90%
01-12-2025,West,C,143,5,139,-3.00%
01-01-2026,West,C,145,5,133,-8.20%
01-02-2026,West,C,128,5,117,-8.70%
01-03-2026,West,C,97,5,94,-2.60%
01-04-2025,South,C,141,5,137,-3.20%
01-05-2025,South,C,195,5,175,-10.10%
01-06-2025,South,C,175,5,156,-11.00%
01-07-2025,South,C,206,5,190,-8.00%
01-08-2025,South,C,89,5,81,-9.00%
01-09-2025,South,C,244,5,222,-9.00%
01-10-2025,South,C,130,5,117,-10.00%
01-11-2025,South,C,244,5,225,-7.90%
01-12-2025,South,C,168,5,159,-5.60%
01-01-2026,South,C,215,5,191,-11.20%
01-02-2026,South,C,231,5,211,-8.50%
01-03-2026,South,C,194,5,186,-4.00%
01-04-2025,South,C,187,5,178,-4.70%
01-05-2025,South,C,123,5,119,-3.10%
01-06-2025,South,C,100,5,93,-6.60%
01-07-2025,South,C,94,5,87,-7.90%
01-08-2025,South,C,154,5,147,-4.60%
01-09-2025,South,C,234,5,210,-10.10%
01-10-2025,South,C,225,5,204,-9.50%
01-11-2025,South,C,104,5,100,-4.00%
01-12-2025,South,C,121,5,112,-7.70%
01-01-2026,South,C,196,5,185,-5.60%
01-02-2026,South,C,134,5,119,-11.10%
01-03-2026,South,C,212,5,207,-2.20%
01-04-2025,North,C,218,5,200,-8.10%
01-05-2025,North,C,235,5,230,-2.10%
01-06-2025,North,C,95,5,86,-9.00%
01-07-2025,North,C,185,5,164,-11.20%
01-08-2025,North,C,179,5,158,-11.90%
01-09-2025,North,C,120,5,109,-9.10%
01-10-2025,North,C,234,5,211,-9.70%
01-11-2025,North,C,189,5,183,-3.00%
01-12-2025,North,C,139,5,135,-2.90%
01-01-2026,North,C,180,5,174,-3.60%
01-02-2026,North,C,151,5,146,-3.30%
01-03-2026,North,C,149,5,143,-3.80%
01-04-2025,North,C,92,5,82,-11.40%
01-05-2025,North,C,234,5,216,-7.80%
01-06-2025,North,C,170,5,162,-4.50%
01-07-2025,North,C,213,5,201,-5.40%
01-08-2025,North,C,101,5,89,-11.90%
01-09-2025,North,C,195,5,175,-10.10%
01-10-2025,North,C,216,5,199,-7.70%
01-11-2025,North,C,238,5,223,-6.10%
01-12-2025,North,C,210,5,194,-7.60%
01-01-2026,North,C,137,5,133,-2.90%
01-02-2026,North,C,219,5,194,-11.20%
01-03-2026,North,C,183,5,172,-6.00%
01-04-2025,North,A,94,5,89,-4.80%
01-05-2025,North,A,144,5,128,-11.40%
01-06-2025,North,A,108,5,104,-3.30%
01-07-2025,North,A,162,5,155,-4.20%
01-08-2025,North,A,142,5,132,-6.80%
01-09-2025,North,A,150,5,137,-8.70%
01-10-2025,North,A,110,5,104,-5.20%
01-11-2025,North,A,119,5,115,-3.40%
01-12-2025,North,A,117,5,109,-6.80%
01-01-2026,North,A,121,5,118,-2.10%
01-02-2026,North,A,109,5,104,-4.90%
01-03-2026,North,A,119,5,110,-7.40%
01-04-2025,South,A,157,5,144,-8.10%
01-05-2025,South,A,142,5,126,-11.00%
01-06-2025,South,A,94,5,88,-6.30%
01-07-2025,South,A,164,5,151,-7.60%
01-08-2025,South,A,152,5,147,-3.30%
01-09-2025,South,A,75,5,66,-11.50%
01-10-2025,South,A,62,5,56,-10.20%
01-11-2025,South,A,116,5,109,-6.40%
01-12-2025,South,A,95,5,86,-9.80%
01-01-2026,South,A,168,5,150,-10.70%
01-02-2026,South,A,90,5,85,-5.60%
01-03-2026,South,A,153,5,138,-10.10%
01-04-2025,West,A,234,5,207,-11.40%
01-05-2025,West,A,148,5,133,-9.90%
01-06-2025,West,A,213,5,208,-2.20%
01-07-2025,West,A,252,5,242,-3.80%
01-08-2025,West,A,154,5,148,-3.60%
01-09-2025,West,A,131,5,127,-3.30%
01-10-2025,West,A,215,5,207,-3.60%
01-11-2025,West,A,206,5,199,-3.60%
01-12-2025,West,A,211,5,201,-4.50%
01-01-2026,West,A,162,5,152,-6.10%
01-02-2026,West,A,184,5,175,-4.70%
01-03-2026,West,A,133,5,127,-4.90%
01-04-2021,North,A,74,5,70,-5.70%
01-05-2021,North,A,191,5,173,-9.30%
01-06-2021,North,A,134,5,120,-10.80%
01-07-2021,North,A,158,5,144,-8.80%
01-08-2021,North,A,172,5,157,-8.50%
01-09-2021,North,A,81,5,79,-2.00%
01-10-2021,North,A,188,5,171,-9.20%
01-11-2021,North,A,94,5,88,-6.70%
01-12-2021,North,A,145,5,141,-2.80%
01-01-2022,North,A,50,5,48,-4.60%
01-02-2022,North,A,174,5,170,-2.10%
01-03-2022,North,A,148,5,137,-7.60%
01-04-2022,North,A,60,5,56,-6.20%
01-05-2022,North,A,181,5,161,-11.30%
01-06-2022,North,A,95,5,84,-11.50%
01-07-2022,North,A,189,5,180,-4.90%
01-08-2022,North,A,114,5,106,-6.80%
01-09-2022,North,A,194,5,184,-4.90%
01-10-2022,North,A,64,5,58,-9.00%
01-11-2022,North,A,120,5,106,-11.60%
01-12-2022,North,A,167,5,154,-7.70%
01-01-2023,North,A,130,5,116,-11.00%
01-02-2023,North,A,87,5,83,-5.00%
01-03-2023,North,A,74,5,69,-7.30%
01-04-2023,North,A,112,5,108,-3.80%
01-05-2023,North,A,87,5,78,-10.00%
01-06-2023,North,A,95,5,84,-11.30%
01-07-2023,North,A,180,5,175,-2.80%
01-08-2023,North,A,171,5,160,-6.60%
01-09-2023,North,A,179,5,170,-5.20%
01-10-2023,North,A,102,5,92,-9.50%
01-11-2023,North,A,131,5,127,-2.80%
01-12-2023,North,A,119,5,111,-6.50%
01-01-2024,North,A,145,5,128,-11.40%
01-02-2024,North,A,156,5,139,-11.10%
01-03-2024,North,A,194,5,171,-11.90%
01-04-2024,North,A,79,5,72,-9.00%
01-05-2024,North,A,168,5,150,-10.80%
01-06-2024,North,A,156,5,146,-6.70%
01-07-2024,North,A,171,5,161,-5.90%
01-08-2024,North,A,187,5,168,-10.30%
01-09-2024,North,A,185,5,172,-6.90%
01-10-2024,North,A,134,5,127,-5.30%
01-11-2024,North,A,195,5,182,-6.70%
01-12-2024,North,A,73,5,65,-10.70%
01-01-2025,North,A,171,5,151,-11.50%
01-02-2025,North,A,74,5,70,-6.10%
01-03-2025,North,A,96,5,87,-9.50%
01-04-2021,South,A,153,5,147,-3.90%
01-05-2021,South,A,164,5,148,-9.70%
01-06-2021,South,A,136,5,132,-3.00%
01-07-2021,South,A,97,5,94,-3.50%
01-08-2021,South,A,79,5,71,-9.60%
01-09-2021,South,A,92,5,82,-10.70%
01-10-2021,South,A,106,5,99,-6.50%
01-11-2021,South,A,122,5,115,-6.00%
01-12-2021,South,A,148,5,134,-9.50%
01-01-2022,South,A,172,5,158,-8.30%
01-02-2022,South,A,159,5,153,-3.50%
01-03-2022,South,A,89,5,81,-9.20%
01-04-2022,South,A,140,5,135,-3.60%
01-05-2022,South,A,136,5,120,-11.70%
01-06-2022,South,A,169,5,152,-10.00%
01-07-2022,South,A,144,5,141,-2.10%
01-08-2022,South,A,150,5,133,-11.20%
01-09-2022,South,A,139,5,127,-8.50%
01-10-2022,South,A,188,5,176,-6.60%
01-11-2022,South,A,113,5,109,-3.50%
01-12-2022,South,A,200,5,179,-10.70%
01-01-2023,South,A,124,5,118,-4.90%
01-02-2023,South,A,97,5,94,-3.00%
01-03-2023,South,A,143,5,130,-9.30%
01-04-2023,South,A,169,5,158,-6.30%
01-05-2023,South,A,166,5,152,-8.70%
01-06-2023,South,A,121,5,116,-4.40%
01-07-2023,South,A,131,5,124,-5.00%
01-08-2023,South,A,200,5,187,-6.70%
01-09-2023,South,A,197,5,191,-3.00%
01-10-2023,South,A,76,5,70,-8.30%
01-11-2023,South,A,196,5,191,-2.30%
01-12-2023,South,A,153,5,146,-4.50%
01-01-2024,South,A,117,5,107,-8.90%
01-02-2024,South,A,138,5,131,-5.30%
01-03-2024,South,A,196,5,187,-4.50%
01-04-2024,South,A,101,5,95,-6.30%
01-05-2024,South,A,148,5,136,-8.40%
01-06-2024,South,A,109,5,104,-4.50%
01-07-2024,South,A,111,5,106,-4.20%
01-08-2024,South,A,145,5,130,-10.10%
01-09-2024,South,A,175,5,155,-11.40%
01-10-2024,South,A,169,5,152,-9.90%
01-11-2024,South,A,100,5,92,-7.70%
01-12-2024,South,A,93,5,90,-3.40%
01-01-2025,South,A,178,5,166,-6.80%
01-02-2025,South,A,190,5,169,-11.00%
01-03-2025,South,A,185,5,173,-6.50%
01-04-2021,West,A,211,5,188,-11.00%
01-05-2021,West,A,158,5,155,-2.10%
01-06-2021,West,A,200,5,194,-2.90%
01-07-2021,West,A,235,5,209,-11.20%
01-08-2021,West,A,163,5,145,-10.90%
01-09-2021,West,A,198,5,178,-10.30%
01-10-2021,West,A,163,5,147,-9.60%
01-11-2021,West,A,230,5,225,-2.20%
01-12-2021,West,A,186,5,165,-11.20%
01-01-2022,West,A,257,5,240,-6.80%
01-02-2022,West,A,267,5,260,-2.50%
01-03-2022,West,A,151,5,140,-7.60%
01-04-2022,West,A,272,5,261,-4.10%
01-05-2022,West,A,251,5,226,-9.90%
01-06-2022,West,A,173,5,155,-10.30%
01-07-2022,West,A,242,5,235,-2.90%
01-08-2022,West,A,262,5,246,-6.10%
01-09-2022,West,A,199,5,177,-11.20%
01-10-2022,West,A,193,5,180,-6.70%
01-11-2022,West,A,263,5,242,-8.00%
01-12-2022,West,A,197,5,188,-4.60%
01-01-2023,West,A,295,5,272,-7.90%
01-02-2023,West,A,207,5,188,-9.30%
01-03-2023,West,A,293,5,265,-9.60%
01-04-2023,West,A,170,5,165,-2.80%
01-05-2023,West,A,170,5,152,-10.60%
01-06-2023,West,A,178,5,164,-7.80%
01-07-2023,West,A,276,5,270,-2.10%
01-08-2023,West,A,197,5,175,-11.00%
01-09-2023,West,A,213,5,192,-10.00%
01-10-2023,West,A,297,5,285,-3.90%
01-11-2023,West,A,297,5,262,-11.80%
01-12-2023,West,A,221,5,213,-3.80%
01-01-2024,West,A,293,5,267,-8.80%
01-02-2024,West,A,221,5,213,-3.40%
01-03-2024,West,A,178,5,164,-7.90%
01-04-2024,West,A,243,5,224,-7.90%
01-05-2024,West,A,251,5,233,-7.00%
01-06-2024,West,A,272,5,251,-7.70%
01-07-2024,West,A,158,5,151,-4.60%
01-08-2024,West,A,181,5,161,-10.80%
01-09-2024,West,A,175,5,169,-3.70%
01-10-2024,West,A,223,5,216,-3.10%
01-11-2024,West,A,289,5,274,-5.10%
01-12-2024,West,A,248,5,240,-3.40%
01-01-2025,West,A,171,5,167,-2.30%
01-02-2025,West,A,171,5,155,-9.40%
01-03-2025,West,A,265,5,244,-7.80%
01-04-2021,North,C,102,5,93,-9.00%
01-05-2021,North,C,273,5,258,-5.50%
01-06-2021,North,C,140,5,126,-9.80%
01-07-2021,North,C,248,5,240,-3.20%
01-08-2021,North,C,237,5,214,-9.80%
01-09-2021,North,C,252,5,241,-4.50%
01-10-2021,North,C,188,5,179,-4.60%
01-11-2021,North,C,182,5,174,-4.30%
01-12-2021,North,C,131,5,124,-5.10%
01-01-2022,North,C,119,5,108,-9.10%
01-02-2022,North,C,132,5,120,-9.00%
01-03-2022,North,C,291,5,269,-7.60%
01-04-2022,North,C,216,5,194,-10.10%
01-05-2022,North,C,284,5,261,-8.00%
01-06-2022,North,C,110,5,100,-9.00%
01-07-2022,North,C,127,5,120,-5.70%
01-08-2022,North,C,158,5,146,-7.60%
01-09-2022,North,C,121,5,115,-5.10%
01-10-2022,North,C,114,5,101,-11.70%
01-11-2022,North,C,240,5,228,-5.10%
01-12-2022,North,C,201,5,182,-9.60%
01-01-2023,North,C,270,5,246,-8.80%
01-02-2023,North,C,266,5,255,-4.30%
01-03-2023,North,C,178,5,170,-4.30%
01-04-2023,North,C,193,5,182,-5.50%
01-05-2023,North,C,211,5,196,-7.00%
01-06-2023,North,C,164,5,156,-4.90%
01-07-2023,North,C,272,5,263,-3.20%
01-08-2023,North,C,242,5,236,-2.40%
01-09-2023,North,C,155,5,143,-7.70%
01-10-2023,North,C,294,5,259,-11.80%
01-11-2023,North,C,195,5,186,-4.60%
01-12-2023,North,C,298,5,265,-11.00%
01-01-2024,North,C,185,5,166,-10.50%
01-02-2024,North,C,132,5,124,-6.10%
01-03-2024,North,C,105,5,97,-7.80%
01-04-2024,North,C,174,5,166,-4.30%
01-05-2024,North,C,291,5,284,-2.50%
01-06-2024,North,C,123,5,118,-4.20%
01-07-2024,North,C,109,5,104,-4.60%
01-08-2024,North,C,255,5,241,-5.60%
01-09-2024,North,C,193,5,185,-4.10%
01-10-2024,North,C,287,5,269,-6.10%
01-11-2024,North,C,222,5,209,-6.00%
01-12-2024,North,C,290,5,270,-6.80%
01-01-2025,North,C,212,5,196,-7.60%
01-02-2025,North,C,102,5,95,-6.90%
01-03-2025,North,C,223,5,197,-11.80%
01-04-2021,North,C,212,5,203,-4.40%
01-05-2021,North,C,223,5,204,-8.30%
01-06-2021,North,C,144,5,132,-8.40%
01-07-2021,North,C,107,5,99,-7.00%
01-08-2021,North,C,144,5,129,-10.20%
01-09-2021,North,C,173,5,156,-10.10%
01-10-2021,North,C,166,5,153,-7.70%
01-11-2021,North,C,140,5,124,-11.20%
01-12-2021,North,C,133,5,124,-6.90%
01-01-2022,North,C,267,5,261,-2.20%
01-02-2022,North,C,150,5,144,-4.10%
01-03-2022,North,C,126,5,115,-8.40%
01-04-2022,North,C,293,5,287,-2.10%
01-05-2022,North,C,275,5,249,-9.50%
01-06-2022,North,C,137,5,128,-6.70%
01-07-2022,North,C,283,5,273,-3.40%
01-08-2022,North,C,290,5,278,-4.30%
01-09-2022,North,C,292,5,280,-4.30%
01-10-2022,North,C,116,5,112,-3.60%
01-11-2022,North,C,150,5,140,-6.60%
01-12-2022,North,C,155,5,146,-5.80%
01-01-2023,North,C,122,5,108,-11.40%
01-02-2023,North,C,232,5,212,-8.50%
01-03-2023,North,C,165,5,150,-9.00%
01-04-2023,North,C,295,5,260,-11.90%
01-05-2023,North,C,215,5,204,-5.10%
01-06-2023,North,C,140,5,127,-9.50%
01-07-2023,North,C,139,5,125,-10.20%
01-08-2023,North,C,145,5,141,-2.40%
01-09-2023,North,C,101,5,91,-10.30%
01-10-2023,North,C,285,5,265,-7.00%
01-11-2023,North,C,230,5,211,-8.30%
01-12-2023,North,C,118,5,105,-11.40%
01-01-2024,North,C,103,5,99,-3.80%
01-02-2024,North,C,205,5,193,-5.60%
01-03-2024,North,C,166,5,152,-8.50%
01-04-2024,North,C,243,5,224,-7.80%
01-05-2024,North,C,295,5,265,-10.10%
01-06-2024,North,C,238,5,216,-9.10%
01-07-2024,North,C,214,5,203,-5.40%
01-08-2024,North,C,259,5,247,-4.80%
01-09-2024,North,C,214,5,195,-8.70%
01-10-2024,North,C,121,5,107,-11.30%
01-11-2024,North,C,140,5,127,-9.00%
01-12-2024,North,C,103,5,95,-7.70%
01-01-2025,North,C,104,5,97,-6.50%
01-02-2025,North,C,185,5,174,-5.80%
01-03-2025,North,C,252,5,223,-11.50%
01-04-2021,South,C,137,5,134,-2.30%
01-05-2021,South,C,233,5,227,-2.60%
01-06-2021,South,C,170,5,150,-12.00%
01-07-2021,South,C,140,5,126,-10.10%
01-08-2021,South,C,146,5,133,-8.60%
01-09-2021,South,C,242,5,237,-2.10%
01-10-2021,South,C,214,5,198,-7.30%
01-11-2021,South,C,154,5,151,-2.10%
01-12-2021,South,C,170,5,162,-4.80%
01-01-2022,South,C,125,5,122,-2.70%
01-02-2022,South,C,176,5,157,-10.50%
01-03-2022,South,C,136,5,121,-10.90%
01-04-2022,South,C,282,5,262,-7.20%
01-05-2022,South,C,292,5,283,-3.20%
01-06-2022,South,C,180,5,168,-6.60%
01-07-2022,South,C,214,5,203,-5.10%
01-08-2022,South,C,268,5,246,-8.30%
01-09-2022,South,C,217,5,194,-10.80%
01-10-2022,South,C,214,5,196,-8.50%
01-11-2022,South,C,228,5,217,-4.70%
01-12-2022,South,C,180,5,162,-10.20%
01-01-2023,South,C,201,5,177,-11.70%
01-02-2023,South,C,132,5,121,-8.40%
01-03-2023,South,C,290,5,260,-10.50%
01-04-2023,South,C,210,5,205,-2.20%
01-05-2023,South,C,143,5,139,-2.90%
01-06-2023,South,C,299,5,284,-5.00%
01-07-2023,South,C,226,5,209,-7.50%
01-08-2023,South,C,130,5,127,-2.60%
01-09-2023,South,C,106,5,96,-9.30%
01-10-2023,South,C,177,5,167,-5.90%
01-11-2023,South,C,225,5,207,-7.90%
01-12-2023,South,C,288,5,268,-6.90%
01-01-2024,South,C,181,5,177,-2.10%
01-02-2024,South,C,160,5,152,-5.00%
01-03-2024,South,C,203,5,194,-4.60%
01-04-2024,South,C,261,5,245,-6.30%
01-05-2024,South,C,210,5,190,-9.70%
01-06-2024,South,C,266,5,256,-3.80%
01-07-2024,South,C,136,5,130,-4.10%
01-08-2024,South,C,283,5,269,-4.90%
01-09-2024,South,C,128,5,114,-11.30%
01-10-2024,South,C,143,5,137,-3.90%
01-11-2024,South,C,136,5,131,-3.90%
01-12-2024,South,C,234,5,223,-4.70%
01-01-2025,South,C,197,5,182,-7.80%
01-02-2025,South,C,198,5,181,-8.80%
01-03-2025,South,C,117,5,106,-9.30%
01-04-2021,South,C,159,5,141,-11.60%
01-05-2021,South,C,270,5,250,-7.20%
01-06-2021,South,C,290,5,278,-4.20%
01-07-2021,South,C,257,5,236,-8.00%
01-08-2021,South,C,249,5,241,-3.20%
01-09-2021,South,C,254,5,229,-9.70%
01-10-2021,South,C,227,5,207,-8.60%
01-11-2021,South,C,124,5,120,-3.00%
01-12-2021,South,C,237,5,209,-11.90%
01-01-2022,South,C,124,5,117,-6.00%
01-02-2022,South,C,257,5,233,-9.20%
01-03-2022,South,C,209,5,197,-5.70%
01-04-2022,South,C,170,5,166,-2.40%
01-05-2022,South,C,203,5,180,-11.50%
01-06-2022,South,C,246,5,227,-7.90%
01-07-2022,South,C,203,5,191,-5.70%
01-08-2022,South,C,129,5,116,-9.70%
01-09-2022,South,C,148,5,137,-7.30%
01-10-2022,South,C,101,5,99,-2.00%
01-11-2022,South,C,265,5,235,-11.30%
01-12-2022,South,C,154,5,142,-8.10%
01-01-2023,South,C,207,5,202,-2.30%
01-02-2023,South,C,120,5,110,-8.40%
01-03-2023,South,C,158,5,140,-11.20%
01-04-2023,South,C,164,5,158,-3.40%
01-05-2023,South,C,147,5,133,-9.30%
01-06-2023,South,C,261,5,249,-4.80%
01-07-2023,South,C,146,5,134,-8.00%
01-08-2023,South,C,275,5,244,-11.30%
01-09-2023,South,C,217,5,210,-3.00%
01-10-2023,South,C,278,5,261,-6.00%
01-11-2023,South,C,178,5,160,-10.40%
01-12-2023,South,C,173,5,161,-6.70%
01-01-2024,South,C,243,5,229,-5.70%
01-02-2024,South,C,169,5,150,-11.00%
01-03-2024,South,C,252,5,245,-2.90%
01-04-2024,South,C,231,5,211,-8.70%
01-05-2024,South,C,101,5,94,-6.60%
01-06-2024,South,C,172,5,165,-4.20%
01-07-2024,South,C,272,5,251,-7.70%
01-08-2024,South,C,131,5,120,-8.40%
01-09-2024,South,C,266,5,246,-7.40%
01-10-2024,South,C,139,5,133,-4.50%
01-11-2024,South,C,289,5,271,-6.40%
01-12-2024,South,C,165,5,159,-3.90%
01-01-2025,South,C,203,5,194,-4.40%
01-02-2025,South,C,204,5,188,-7.80%
01-03-2025,South,C,222,5,210,-5.40%
01-04-2021,West,C,106,5,100,-6.00%
01-05-2021,West,C,191,5,184,-3.50%
01-06-2021,West,C,262,5,248,-5.20%
01-07-2021,West,C,227,5,205,-9.90%
01-08-2021,West,C,177,5,173,-2.10%
01-09-2021,West,C,117,5,108,-7.60%
01-10-2021,West,C,273,5,252,-7.70%
01-11-2021,West,C,289,5,274,-5.20%
01-12-2021,West,C,262,5,234,-10.80%
01-01-2022,West,C,289,5,260,-10.00%
01-02-2022,West,C,226,5,218,-3.30%
01-03-2022,West,C,163,5,147,-10.10%
01-04-2022,West,C,150,5,146,-2.50%
01-05-2022,West,C,289,5,269,-6.90%
01-06-2022,West,C,100,5,92,-8.20%
01-07-2022,West,C,292,5,283,-3.20%
01-08-2022,West,C,103,5,94,-8.50%
01-09-2022,West,C,236,5,218,-7.80%
01-10-2022,West,C,299,5,275,-7.90%
01-11-2022,West,C,106,5,100,-6.00%
01-12-2022,West,C,261,5,239,-8.50%
01-01-2023,West,C,261,5,231,-11.50%
01-02-2023,West,C,293,5,281,-4.00%
01-03-2023,West,C,153,5,136,-10.90%
01-04-2023,West,C,210,5,195,-6.90%
01-05-2023,West,C,114,5,107,-5.90%
01-06-2023,West,C,243,5,225,-7.20%
01-07-2023,West,C,174,5,155,-10.70%
01-08-2023,West,C,215,5,206,-4.20%
01-09-2023,West,C,195,5,176,-10.00%
01-10-2023,West,C,261,5,255,-2.30%
01-11-2023,West,C,122,5,112,-8.50%
01-12-2023,West,C,171,5,157,-8.20%
01-01-2024,West,C,219,5,200,-8.70%
01-02-2024,West,C,107,5,104,-3.20%
01-03-2024,West,C,268,5,253,-5.70%
01-04-2024,West,C,167,5,153,-8.60%
01-05-2024,West,C,167,5,150,-10.40%
01-06-2024,West,C,197,5,181,-8.20%
01-07-2024,West,C,170,5,165,-3.20%
01-08-2024,West,C,214,5,191,-10.80%
01-09-2024,West,C,278,5,265,-4.80%
01-10-2024,West,C,233,5,220,-5.40%
01-11-2024,West,C,138,5,132,-4.40%
01-12-2024,West,C,100,5,93,-7.40%
01-01-2025,West,C,166,5,151,-9.10%
01-02-2025,West,C,161,5,144,-10.70%
01-03-2025,West,C,143,5,127,-11.10%
01-04-2021,West,C,161,5,148,-8.30%
01-05-2021,West,C,232,5,208,-10.30%
01-06-2021,West,C,199,5,181,-9.20%
01-07-2021,West,C,103,5,96,-6.70%
01-08-2021,West,C,299,5,273,-8.80%
01-09-2021,West,C,298,5,274,-8.20%
01-10-2021,West,C,110,5,99,-10.10%
01-11-2021,West,C,115,5,106,-7.60%
01-12-2021,West,C,125,5,111,-11.40%
01-01-2022,West,C,114,5,107,-6.40%
01-02-2022,West,C,217,5,207,-4.40%
01-03-2022,West,C,124,5,113,-9.00%
01-04-2022,West,C,267,5,258,-3.40%
01-05-2022,West,C,298,5,271,-9.20%
01-06-2022,West,C,131,5,125,-4.80%
01-07-2022,West,C,256,5,231,-9.70%
01-08-2022,West,C,185,5,168,-9.10%
01-09-2022,West,C,300,5,276,-7.90%
01-10-2022,West,C,294,5,287,-2.40%
01-11-2022,West,C,222,5,199,-10.50%
01-12-2022,West,C,120,5,111,-7.80%
01-01-2023,West,C,235,5,209,-11.00%
01-02-2023,West,C,210,5,194,-7.40%
01-03-2023,West,C,206,5,185,-10.00%
01-04-2023,West,C,180,5,173,-3.70%
01-05-2023,West,C,110,5,105,-4.90%
01-06-2023,West,C,190,5,168,-11.70%
01-07-2023,West,C,274,5,249,-9.00%
01-08-2023,West,C,100,5,93,-6.50%
01-09-2023,West,C,114,5,107,-5.90%
01-10-2023,West,C,137,5,134,-2.00%
01-11-2023,West,C,218,5,203,-6.80%
01-12-2023,West,C,199,5,180,-9.50%
01-01-2024,West,C,243,5,227,-6.50%
01-02-2024,West,C,197,5,185,-6.00%
01-03-2024,West,C,282,5,273,-3.10%
01-04-2024,West,C,248,5,233,-6.20%
01-05-2024,West,C,163,5,153,-6.30%
01-06-2024,West,C,169,5,161,-4.70%
01-07-2024,West,C,161,5,152,-5.70%
01-08-2024,West,C,262,5,247,-5.80%
01-09-2024,West,C,206,5,188,-8.50%
01-10-2024,West,C,180,5,168,-6.90%
01-11-2024,West,C,269,5,262,-2.70%
01-12-2024,West,C,132,5,121,-8.50%
01-01-2025,West,C,190,5,182,-4.50%
01-02-2025,West,C,279,5,267,-4.30%
01-03-2025,West,C,197,5,176,-10.60%
01-04-2021,North,B,86,5,82,-5.20%
01-05-2021,North,B,329,5,319,-2.90%
01-06-2021,North,B,204,5,196,-3.70%
01-07-2021,North,B,248,5,220,-11.20%
01-08-2021,North,B,267,5,237,-11.40%
01-09-2021,North,B,146,5,134,-8.00%
01-10-2021,North,B,284,5,268,-5.70%
01-11-2021,North,B,164,5,153,-6.90%
01-12-2021,North,B,228,5,222,-2.50%
01-01-2022,North,B,76,5,69,-8.70%
01-02-2022,North,B,284,5,253,-10.80%
01-03-2022,North,B,229,5,207,-9.40%
01-04-2022,North,B,108,5,95,-11.60%
01-05-2022,North,B,295,5,286,-3.00%
01-06-2022,North,B,163,5,159,-2.50%
01-07-2022,North,B,325,5,297,-8.70%
01-08-2022,North,B,198,5,192,-3.10%
01-09-2022,North,B,349,5,314,-10.00%
01-10-2022,North,B,112,5,103,-8.40%
01-11-2022,North,B,205,5,184,-10.40%
01-12-2022,North,B,292,5,267,-8.70%
01-01-2023,North,B,234,5,210,-10.10%
01-02-2023,North,B,142,5,126,-11.10%
01-03-2023,North,B,124,5,120,-3.50%
01-04-2023,North,B,172,5,168,-2.40%
01-05-2023,North,B,138,5,129,-6.70%
01-06-2023,North,B,162,5,153,-5.40%
01-07-2023,North,B,319,5,306,-4.00%
01-08-2023,North,B,260,5,229,-11.80%
01-09-2023,North,B,274,5,247,-9.70%
01-10-2023,North,B,176,5,170,-3.60%
01-11-2023,North,B,198,5,190,-4.10%
01-12-2023,North,B,199,5,185,-7.10%
01-01-2024,North,B,236,5,228,-3.30%
01-02-2024,North,B,270,5,256,-5.10%
01-03-2024,North,B,297,5,279,-6.20%
01-04-2024,North,B,119,5,113,-4.80%
01-05-2024,North,B,299,5,278,-7.10%
01-06-2024,North,B,267,5,239,-10.60%
01-07-2024,North,B,296,5,265,-10.40%
01-08-2024,North,B,320,5,283,-11.60%
01-09-2024,North,B,333,5,304,-8.70%
01-10-2024,North,B,241,5,216,-10.40%
01-11-2024,North,B,330,5,321,-2.60%
01-12-2024,North,B,128,5,114,-10.80%
01-01-2025,North,B,296,5,267,-9.70%
01-02-2025,North,B,132,5,128,-2.70%
01-03-2025,North,B,162,5,149,-7.90%
01-04-2021,North,B,138,5,133,-3.80%
01-05-2021,North,B,533,5,515,-3.40%
01-06-2021,North,B,316,5,305,-3.60%
01-07-2021,North,B,444,5,428,-3.60%
01-08-2021,North,B,425,5,398,-6.30%
01-09-2021,North,B,235,5,227,-3.40%
01-10-2021,North,B,474,5,452,-4.60%
01-11-2021,North,B,279,5,273,-2.10%
01-12-2021,North,B,367,5,327,-10.80%
01-01-2022,North,B,125,5,110,-12.00%
01-02-2022,North,B,480,5,428,-10.80%
01-03-2022,North,B,385,5,369,-4.00%
01-04-2022,North,B,189,5,169,-10.40%
01-05-2022,North,B,475,5,448,-5.70%
01-06-2022,North,B,245,5,219,-10.40%
01-07-2022,North,B,569,5,534,-6.20%
01-08-2022,North,B,333,5,318,-4.40%
01-09-2022,North,B,544,5,481,-11.60%
01-10-2022,North,B,174,5,163,-6.50%
01-11-2022,North,B,344,5,325,-5.60%
01-12-2022,North,B,450,5,434,-3.60%
01-01-2023,North,B,365,5,338,-7.30%
01-02-2023,North,B,256,5,237,-7.40%
01-03-2023,North,B,219,5,199,-9.00%
01-04-2023,North,B,310,5,287,-7.50%
01-05-2023,North,B,224,5,199,-11.20%
01-06-2023,North,B,290,5,275,-5.20%
01-07-2023,North,B,568,5,551,-2.90%
01-08-2023,North,B,429,5,420,-2.00%
01-09-2023,North,B,480,5,433,-9.70%
01-10-2023,North,B,271,5,264,-2.50%
01-11-2023,North,B,305,5,271,-11.30%
01-12-2023,North,B,314,5,299,-4.80%
01-01-2024,North,B,420,5,408,-2.90%
01-02-2024,North,B,459,5,445,-3.00%
01-03-2024,North,B,463,5,424,-8.40%
01-04-2024,North,B,188,5,184,-2.00%
01-05-2024,North,B,466,5,413,-11.40%
01-06-2024,North,B,417,5,379,-9.10%
01-07-2024,North,B,468,5,425,-9.20%
01-08-2024,North,B,493,5,441,-10.60%
01-09-2024,North,B,569,5,521,-8.50%
01-10-2024,North,B,395,5,375,-5.20%
01-11-2024,North,B,502,5,469,-6.50%
01-12-2024,North,B,210,5,192,-8.70%
01-01-2025,North,B,471,5,459,-2.60%
01-02-2025,North,B,215,5,193,-10.20%
01-03-2025,North,B,290,5,261,-10.10%
01-04-2021,South,B,145,5,133,-8.30%
01-05-2021,South,B,177,5,166,-6.30%
01-06-2021,South,B,106,5,95,-10.30%
01-07-2021,South,B,114,5,103,-9.30%
01-08-2021,South,B,139,5,128,-8.00%
01-09-2021,South,B,149,5,139,-6.80%
01-10-2021,South,B,159,5,146,-7.90%
01-11-2021,South,B,163,5,144,-11.70%
01-12-2021,South,B,139,5,123,-11.50%
01-01-2022,South,B,99,5,90,-9.60%
01-02-2022,South,B,158,5,155,-2.20%
01-03-2022,South,B,87,5,83,-4.90%
01-04-2022,South,B,124,5,119,-4.10%
01-05-2022,South,B,182,5,169,-7.00%
01-06-2022,South,B,191,5,184,-3.80%
01-07-2022,South,B,186,5,182,-2.20%
01-08-2022,South,B,118,5,113,-4.10%
01-09-2022,South,B,195,5,180,-7.80%
01-10-2022,South,B,81,5,78,-3.20%
01-11-2022,South,B,108,5,99,-8.40%
01-12-2022,South,B,188,5,172,-8.80%
01-01-2023,South,B,157,5,148,-5.90%
01-02-2023,South,B,138,5,123,-10.60%
01-03-2023,South,B,195,5,174,-10.90%
01-04-2023,South,B,91,5,80,-11.90%
01-05-2023,South,B,156,5,148,-5.10%
01-06-2023,South,B,89,5,85,-4.20%
01-07-2023,South,B,172,5,159,-7.60%
01-08-2023,South,B,106,5,103,-2.50%
01-09-2023,South,B,147,5,134,-8.80%
01-10-2023,South,B,75,5,72,-4.50%
01-11-2023,South,B,152,5,135,-10.90%
01-12-2023,South,B,87,5,79,-9.10%
01-01-2024,South,B,179,5,169,-5.40%
01-02-2024,South,B,108,5,105,-3.20%
01-03-2024,South,B,133,5,121,-8.90%
01-04-2024,South,B,150,5,138,-8.10%
01-05-2024,South,B,122,5,114,-6.60%
01-06-2024,South,B,115,5,109,-4.80%
01-07-2024,South,B,186,5,178,-4.40%
01-08-2024,South,B,158,5,143,-9.40%
01-09-2024,South,B,151,5,143,-5.00%
01-10-2024,South,B,88,5,81,-8.30%
01-11-2024,South,B,169,5,161,-4.60%
01-12-2024,South,B,174,5,165,-5.40%
01-01-2025,South,B,197,5,175,-11.00%
01-02-2025,South,B,97,5,94,-3.40%
01-03-2025,South,B,114,5,109,-4.00%
01-04-2021,South,B,129,5,114,-11.60%
01-05-2021,South,B,125,5,116,-6.90%
01-06-2021,South,B,127,5,120,-5.80%
01-07-2021,South,B,80,5,77,-3.90%
01-08-2021,South,B,197,5,180,-8.80%
01-09-2021,South,B,144,5,140,-2.90%
01-10-2021,South,B,122,5,119,-2.30%
01-11-2021,South,B,83,5,76,-8.30%
01-12-2021,South,B,142,5,131,-7.50%
01-01-2022,South,B,92,5,82,-11.00%
01-02-2022,South,B,91,5,89,-2.50%
01-03-2022,South,B,112,5,108,-3.50%
01-04-2022,South,B,122,5,115,-5.90%
01-05-2022,South,B,125,5,116,-6.80%
01-06-2022,South,B,189,5,180,-4.80%
01-07-2022,South,B,141,5,128,-9.40%
01-08-2022,South,B,82,5,78,-5.00%
01-09-2022,South,B,149,5,136,-8.50%
01-10-2022,South,B,94,5,84,-10.20%
01-11-2022,South,B,166,5,156,-6.20%
01-12-2022,South,B,120,5,111,-7.30%
01-01-2023,South,B,97,5,87,-10.20%
01-02-2023,South,B,141,5,133,-5.80%
01-03-2023,South,B,103,5,94,-8.80%
01-04-2023,South,B,174,5,154,-11.70%
01-05-2023,South,B,167,5,150,-10.00%
01-06-2023,South,B,78,5,76,-2.30%
01-07-2023,South,B,83,5,73,-11.90%
01-08-2023,South,B,111,5,99,-10.90%
01-09-2023,South,B,101,5,89,-11.50%
01-10-2023,South,B,104,5,100,-3.80%
01-11-2023,South,B,93,5,82,-11.70%
01-12-2023,South,B,142,5,132,-7.20%
01-01-2024,South,B,141,5,136,-3.60%
01-02-2024,South,B,147,5,144,-2.40%
01-03-2024,South,B,102,5,96,-6.20%
01-04-2024,South,B,167,5,156,-6.80%
01-05-2024,South,B,110,5,101,-8.50%
01-06-2024,South,B,192,5,174,-9.40%
01-07-2024,South,B,109,5,101,-7.10%
01-08-2024,South,B,165,5,153,-7.30%
01-09-2024,South,B,153,5,137,-10.70%
01-10-2024,South,B,180,5,175,-2.70%
01-11-2024,South,B,175,5,160,-8.70%
01-12-2024,South,B,174,5,167,-4.30%
01-01-2025,South,B,178,5,163,-8.50%
01-02-2025,South,B,172,5,154,-10.70%
01-03-2025,South,B,155,5,146,-6.10%
01-04-2021,West,B,258,5,242,-6.10%
01-05-2021,West,B,273,5,246,-9.90%
01-06-2021,West,B,155,5,144,-7.30%
01-07-2021,West,B,245,5,227,-7.20%
01-08-2021,West,B,288,5,258,-10.60%
01-09-2021,West,B,158,5,148,-6.20%
01-10-2021,West,B,272,5,261,-4.10%
01-11-2021,West,B,294,5,277,-5.80%
01-12-2021,West,B,228,5,214,-6.30%
01-01-2022,West,B,251,5,237,-5.60%
01-02-2022,West,B,180,5,161,-10.40%
01-03-2022,West,B,220,5,211,-3.90%
01-04-2022,West,B,165,5,150,-9.30%
01-05-2022,West,B,155,5,145,-6.20%
01-06-2022,West,B,217,5,191,-11.80%
01-07-2022,West,B,150,5,146,-3.00%
01-08-2022,West,B,232,5,226,-2.70%
01-09-2022,West,B,214,5,209,-2.10%
01-10-2022,West,B,170,5,157,-7.50%
01-11-2022,West,B,182,5,173,-5.10%
01-12-2022,West,B,182,5,174,-4.40%
01-01-2023,West,B,277,5,246,-11.40%
01-02-2023,West,B,212,5,188,-11.40%
01-03-2023,West,B,249,5,228,-8.50%
01-04-2023,West,B,154,5,147,-4.30%
01-05-2023,West,B,296,5,273,-7.80%
01-06-2023,West,B,202,5,182,-10.10%
01-07-2023,West,B,193,5,173,-10.10%
01-08-2023,West,B,230,5,209,-9.00%
01-09-2023,West,B,159,5,153,-3.60%
01-10-2023,West,B,183,5,179,-2.20%
01-11-2023,West,B,176,5,171,-2.80%
01-12-2023,West,B,167,5,162,-3.10%
01-01-2024,West,B,244,5,228,-6.50%
01-02-2024,West,B,244,5,226,-7.60%
01-03-2024,West,B,281,5,256,-9.00%
01-04-2024,West,B,207,5,202,-2.20%
01-05-2024,West,B,210,5,190,-9.50%
01-06-2024,West,B,274,5,265,-3.40%
01-07-2024,West,B,289,5,261,-9.60%
01-08-2024,West,B,229,5,218,-5.00%
01-09-2024,West,B,200,5,186,-7.20%
01-10-2024,West,B,160,5,154,-3.50%
01-11-2024,West,B,236,5,223,-5.50%
01-12-2024,West,B,280,5,265,-5.50%
01-01-2025,West,B,218,5,192,-11.80%
01-02-2025,West,B,282,5,259,-8.00%
01-03-2025,West,B,296,5,280,-5.50%
01-04-2021,West,B,270,5,261,-3.40%
01-05-2021,West,B,215,5,189,-12.00%
01-06-2021,West,B,285,5,265,-7.00%
01-07-2021,West,B,225,5,205,-8.80%
01-08-2021,West,B,280,5,267,-4.80%
01-09-2021,West,B,235,5,228,-2.80%
01-10-2021,West,B,248,5,222,-10.50%
01-11-2021,West,B,220,5,210,-4.40%
01-12-2021,West,B,151,5,147,-2.50%
01-01-2022,West,B,235,5,211,-10.10%
01-02-2022,West,B,255,5,244,-4.50%
01-03-2022,West,B,169,5,154,-8.70%
01-04-2022,West,B,252,5,243,-3.40%
01-05-2022,West,B,285,5,270,-5.30%
01-06-2022,West,B,299,5,289,-3.40%
01-07-2022,West,B,250,5,236,-5.80%
01-08-2022,West,B,295,5,264,-10.60%
01-09-2022,West,B,210,5,186,-11.30%
01-10-2022,West,B,271,5,261,-3.80%
01-11-2022,West,B,222,5,196,-11.80%
01-12-2022,West,B,235,5,211,-10.10%
01-01-2023,West,B,247,5,224,-9.20%
01-02-2023,West,B,288,5,255,-11.50%
01-03-2023,West,B,220,5,207,-5.80%
01-04-2023,West,B,286,5,270,-5.60%
01-05-2023,West,B,259,5,236,-8.90%
01-06-2023,West,B,155,5,137,-11.90%
01-07-2023,West,B,228,5,212,-7.20%
01-08-2023,West,B,218,5,206,-5.60%
01-09-2023,West,B,298,5,290,-2.70%
01-10-2023,West,B,170,5,152,-10.70%
01-11-2023,West,B,260,5,230,-11.60%
01-12-2023,West,B,157,5,152,-3.10%
01-01-2024,West,B,195,5,179,-8.30%
01-02-2024,West,B,213,5,205,-3.70%
01-03-2024,West,B,183,5,162,-11.40%
01-04-2024,West,B,155,5,148,-4.60%
01-05-2024,West,B,233,5,217,-6.80%
01-06-2024,West,B,233,5,211,-9.60%
01-07-2024,West,B,193,5,183,-5.00%
01-08-2024,West,B,176,5,165,-6.10%
01-09-2024,West,B,268,5,249,-7.00%
01-10-2024,West,B,298,5,290,-2.70%
01-11-2024,West,B,232,5,208,-10.60%
01-12-2024,West,B,156,5,153,-2.20%
01-01-2025,West,B,280,5,259,-7.60%
01-02-2025,West,B,258,5,250,-3.00%
01-03-2025,West,B,212,5,197,-7.10%
01-04-2025,North,B,167,-2,179,7.10%
01-05-2025,North,B,238,-2,245,3.00%
01-06-2025,North,B,200,-2,222,11.00%
01-07-2025,North,B,245,-2,251,2.40%
01-08-2025,North,B,253,-2,264,4.30%
01-09-2025,North,B,240,-2,256,6.80%
01-10-2025,North,B,182,-2,195,7.00%
01-11-2025,North,B,191,-2,197,3.20%
01-12-2025,North,B,204,-2,223,9.20%
01-01-2026,North,B,204,-2,227,11.40%
01-02-2026,North,B,185,-2,206,11.30%
01-03-2026,North,B,196,-2,204,4.00%
01-04-2025,North,B,297,-2,325,9.30%
01-05-2025,North,B,417,-2,433,3.90%
01-06-2025,North,B,362,-2,376,3.90%
01-07-2025,North,B,436,-2,479,9.90%
01-08-2025,North,B,415,-2,440,6.10%
01-09-2025,North,B,412,-2,459,11.30%
01-10-2025,North,B,302,-2,319,5.80%
01-11-2025,North,B,300,-2,327,8.90%
01-12-2025,North,B,376,-2,403,7.20%
01-01-2026,North,B,302,-2,324,7.40%
01-02-2026,North,B,265,-2,297,12.00%
01-03-2026,North,B,339,-2,360,6.20%
01-04-2025,South,B,65,-2,67,3.50%
01-05-2025,South,B,104,-2,111,7.10%
01-06-2025,South,B,94,-2,105,11.60%
01-07-2025,South,B,94,-2,96,2.30%
01-08-2025,South,B,92,-2,98,7.00%
01-09-2025,South,B,170,-2,190,11.70%
01-10-2025,South,B,93,-2,103,10.30%
01-11-2025,South,B,143,-2,146,2.40%
01-12-2025,South,B,174,-2,195,11.80%
01-01-2026,South,B,128,-2,138,7.60%
01-02-2026,South,B,84,-2,88,4.50%
01-03-2026,South,B,126,-2,132,4.70%
01-04-2025,South,B,158,-2,165,4.30%
01-05-2025,South,B,77,-2,84,9.00%
01-06-2025,South,B,87,-2,93,6.70%
01-07-2025,South,B,126,-2,135,7.40%
01-08-2025,South,B,121,-2,126,3.80%
01-09-2025,South,B,109,-2,113,3.80%
01-10-2025,South,B,70,-2,72,2.20%
01-11-2025,South,B,124,-2,136,10.10%
01-12-2025,South,B,169,-2,185,9.50%
01-01-2026,South,B,151,-2,161,6.60%
01-02-2026,South,B,84,-2,90,6.80%
01-03-2026,South,B,99,-2,103,3.70%
01-04-2025,West,B,158,-2,175,10.70%
01-05-2025,West,B,212,-2,237,11.80%
01-06-2025,West,B,230,-2,245,6.70%
01-07-2025,West,B,155,-2,162,4.80%
01-08-2025,West,B,219,-2,241,10.00%
01-09-2025,West,B,169,-2,187,10.60%
01-10-2025,West,B,180,-2,200,10.90%
01-11-2025,West,B,234,-2,241,2.80%
01-12-2025,West,B,172,-2,186,8.30%
01-01-2026,West,B,176,-2,188,7.00%
01-02-2026,West,B,189,-2,198,4.90%
01-03-2026,West,B,239,-2,266,11.10%
01-04-2025,West,B,218,-2,224,3.00%
01-05-2025,West,B,226,-2,249,10.10%
01-06-2025,West,B,134,-2,147,9.60%
01-07-2025,West,B,183,-2,192,4.90%
01-08-2025,West,B,239,-2,267,11.90%
01-09-2025,West,B,200,-2,211,5.30%
01-10-2025,West,B,217,-2,224,3.40%
01-11-2025,West,B,244,-2,254,4.00%
01-12-2025,West,B,200,-2,208,4.20%
01-01-2026,West,B,149,-2,156,4.50%
01-02-2026,West,B,216,-2,228,5.40%
01-03-2026,West,B,137,-2,144,5.40%
01-04-2025,West,C,213,-2,221,4.00%
01-05-2025,West,C,165,-2,169,2.70%
01-06-2025,West,C,99,-2,110,11.30%
01-07-2025,West,C,163,-2,170,4.40%
01-08-2025,West,C,89,-2,96,7.60%
01-09-2025,West,C,184,-2,192,4.30%
01-10-2025,West,C,134,-2,137,2.20%
01-11-2025,West,C,187,-2,203,8.70%
01-12-2025,West,C,216,-2,222,2.70%
01-01-2026,West,C,167,-2,173,3.80%
01-02-2026,West,C,253,-2,268,5.80%
01-03-2026,West,C,120,-2,129,7.60%
01-04-2025,West,C,159,-2,171,7.60%
01-05-2025,West,C,209,-2,227,8.70%
01-06-2025,West,C,108,-2,119,10.00%
01-07-2025,West,C,212,-2,222,4.50%
01-08-2025,West,C,200,-2,221,10.70%
01-09-2025,West,C,93,-2,101,8.50%
01-10-2025,West,C,207,-2,213,3.10%
01-11-2025,West,C,258,-2,272,5.30%
01-12-2025,West,C,143,-2,153,6.70%
01-01-2026,West,C,145,-2,158,8.80%
01-02-2026,West,C,128,-2,132,3.50%
01-03-2026,West,C,97,-2,106,9.40%
01-04-2025,South,C,141,-2,156,10.30%
01-05-2025,South,C,195,-2,205,5.00%
01-06-2025,South,C,175,-2,194,11.10%
01-07-2025,South,C,206,-2,230,11.80%
01-08-2025,South,C,89,-2,98,9.60%
01-09-2025,South,C,244,-2,256,5.00%
01-10-2025,South,C,130,-2,133,2.60%
01-11-2025,South,C,244,-2,250,2.70%
01-12-2025,South,C,168,-2,176,4.80%
01-01-2026,South,C,215,-2,223,3.60%
01-02-2026,South,C,231,-2,238,3.00%
01-03-2026,South,C,194,-2,205,5.70%
01-04-2025,South,C,187,-2,206,10.10%
01-05-2025,South,C,123,-2,133,7.90%
01-06-2025,South,C,100,-2,106,6.10%
01-07-2025,South,C,94,-2,97,3.00%
01-08-2025,South,C,154,-2,167,8.20%
01-09-2025,South,C,234,-2,241,3.10%
01-10-2025,South,C,225,-2,234,4.10%
01-11-2025,South,C,104,-2,111,6.30%
01-12-2025,South,C,121,-2,131,8.60%
01-01-2026,South,C,196,-2,204,3.90%
01-02-2026,South,C,134,-2,149,11.20%
01-03-2026,South,C,212,-2,217,2.20%
01-04-2025,North,C,218,-2,223,2.10%
01-05-2025,North,C,235,-2,248,5.70%
01-06-2025,North,C,95,-2,102,7.20%
01-07-2025,North,C,185,-2,199,7.40%
01-08-2025,North,C,179,-2,200,11.70%
01-09-2025,North,C,120,-2,130,8.20%
01-10-2025,North,C,234,-2,249,6.20%
01-11-2025,North,C,189,-2,209,10.40%
01-12-2025,North,C,139,-2,153,10.00%
01-01-2026,North,C,180,-2,199,10.30%
01-02-2026,North,C,151,-2,154,2.10%
01-03-2026,North,C,149,-2,159,6.70%
01-04-2025,North,C,92,-2,101,9.90%
01-05-2025,North,C,234,-2,247,5.80%
01-06-2025,North,C,170,-2,177,4.00%
01-07-2025,North,C,213,-2,228,6.80%
01-08-2025,North,C,101,-2,112,11.10%
01-09-2025,North,C,195,-2,207,6.30%
01-10-2025,North,C,216,-2,234,8.10%
01-11-2025,North,C,238,-2,257,8.10%
01-12-2025,North,C,210,-2,219,4.30%
01-01-2026,North,C,137,-2,141,2.60%
01-02-2026,North,C,219,-2,226,3.40%
01-03-2026,North,C,183,-2,187,2.10%
01-04-2025,North,A,94,-2,104,10.80%
01-05-2025,North,A,144,-2,152,5.90%
01-06-2025,North,A,108,-2,110,2.10%
01-07-2025,North,A,162,-2,170,4.80%
01-08-2025,North,A,142,-2,152,7.10%
01-09-2025,North,A,150,-2,163,8.90%
01-10-2025,North,A,110,-2,116,5.50%
01-11-2025,North,A,119,-2,126,5.70%
01-12-2025,North,A,117,-2,121,3.20%
01-01-2026,North,A,121,-2,124,2.30%
01-02-2026,North,A,109,-2,117,7.40%
01-03-2026,North,A,119,-2,132,10.90%
01-04-2025,South,A,157,-2,167,6.10%
01-05-2025,South,A,142,-2,155,8.90%
01-06-2025,South,A,94,-2,104,10.30%
01-07-2025,South,A,164,-2,169,3.20%
01-08-2025,South,A,152,-2,164,7.70%
01-09-2025,South,A,75,-2,82,9.10%
01-10-2025,South,A,62,-2,64,3.30%
01-11-2025,South,A,116,-2,124,6.80%
01-12-2025,South,A,95,-2,98,2.90%
01-01-2026,South,A,168,-2,177,5.10%
01-02-2026,South,A,90,-2,94,4.90%
01-03-2026,South,A,153,-2,157,2.90%
01-04-2025,West,A,234,-2,253,8.10%
01-05-2025,West,A,148,-2,165,11.20%
01-06-2025,West,A,213,-2,238,11.60%
01-07-2025,West,A,252,-2,271,7.50%
01-08-2025,West,A,154,-2,162,5.30%
01-09-2025,West,A,131,-2,146,11.30%
01-10-2025,West,A,215,-2,234,9.00%
01-11-2025,West,A,206,-2,227,10.30%
01-12-2025,West,A,211,-2,218,3.10%
01-01-2026,West,A,162,-2,176,8.70%
01-02-2026,West,A,184,-2,206,11.90%
01-03-2026,West,A,133,-2,136,2.30%
01-04-2021,North,A,167,-2,172,3.20%
01-05-2021,North,A,238,-2,253,6.40%
01-06-2021,North,A,200,-2,214,6.90%
01-07-2021,North,A,245,-2,265,8.10%
01-08-2021,North,A,253,-2,273,7.90%
01-09-2021,North,A,240,-2,255,6.20%
01-10-2021,North,A,182,-2,186,2.40%
01-11-2021,North,A,191,-2,207,8.50%
01-12-2021,North,A,204,-2,208,2.00%
01-01-2022,North,A,204,-2,208,2.10%
01-02-2022,North,A,185,-2,196,6.10%
01-03-2022,North,A,196,-2,210,7.40%
01-04-2022,North,A,297,-2,310,4.30%
01-05-2022,North,A,417,-2,425,2.00%
01-06-2022,North,A,362,-2,388,7.10%
01-07-2022,North,A,436,-2,478,9.70%
01-08-2022,North,A,415,-2,423,2.00%
01-09-2022,North,A,412,-2,431,4.60%
01-10-2022,North,A,302,-2,320,5.80%
01-11-2022,North,A,300,-2,318,6.00%
01-12-2022,North,A,376,-2,397,5.70%
01-01-2023,North,A,302,-2,336,11.40%
01-02-2023,North,A,265,-2,292,10.20%
01-03-2023,North,A,339,-2,352,3.80%
01-04-2023,North,A,65,-2,71,8.90%
01-05-2023,North,A,104,-2,110,5.40%
01-06-2023,North,A,94,-2,101,7.40%
01-07-2023,North,A,94,-2,101,7.40%
01-08-2023,North,A,92,-2,95,3.60%
01-09-2023,North,A,170,-2,184,8.30%
01-10-2023,North,A,93,-2,95,2.30%
01-11-2023,North,A,143,-2,152,6.60%
01-12-2023,North,A,174,-2,178,2.10%
01-01-2024,North,A,128,-2,134,4.90%
01-02-2024,North,A,84,-2,89,6.50%
01-03-2024,North,A,126,-2,134,6.70%
01-04-2024,North,A,158,-2,161,2.20%
01-05-2024,North,A,77,-2,83,8.40%
01-06-2024,North,A,87,-2,96,10.70%
01-07-2024,North,A,126,-2,129,2.60%
01-08-2024,North,A,121,-2,132,9.40%
01-09-2024,North,A,109,-2,117,7.60%
01-10-2024,North,A,70,-2,76,8.70%
01-11-2024,North,A,124,-2,134,7.80%
01-12-2024,North,A,169,-2,175,3.60%
01-01-2025,North,A,151,-2,166,9.80%
01-02-2025,North,A,84,-2,88,5.30%
01-03-2025,North,A,99,-2,107,8.10%
01-04-2021,South,A,158,-2,169,6.70%
01-05-2021,South,A,212,-2,235,10.90%
01-06-2021,South,A,230,-2,235,2.20%
01-07-2021,South,A,155,-2,165,6.40%
01-08-2021,South,A,219,-2,224,2.40%
01-09-2021,South,A,169,-2,176,4.00%
01-10-2021,South,A,180,-2,191,5.90%
01-11-2021,South,A,234,-2,249,6.40%
01-12-2021,South,A,172,-2,184,7.20%
01-01-2022,South,A,176,-2,183,3.90%
01-02-2022,South,A,189,-2,194,2.60%
01-03-2022,South,A,239,-2,254,6.20%
01-04-2022,South,A,218,-2,243,11.50%
01-05-2022,South,A,226,-2,238,5.10%
01-06-2022,South,A,134,-2,145,8.60%
01-07-2022,South,A,183,-2,190,3.80%
01-08-2022,South,A,239,-2,249,4.10%
01-09-2022,South,A,200,-2,205,2.70%
01-10-2022,South,A,217,-2,224,3.30%
01-11-2022,South,A,244,-2,260,6.40%
01-12-2022,South,A,200,-2,218,9.00%
01-01-2023,South,A,149,-2,167,12.00%
01-02-2023,South,A,216,-2,233,8.00%
01-03-2023,South,A,137,-2,152,11.00%
01-04-2023,South,A,213,-2,231,8.50%
01-05-2023,South,A,165,-2,180,8.90%
01-06-2023,South,A,99,-2,101,2.40%
01-07-2023,South,A,163,-2,182,11.40%
01-08-2023,South,A,89,-2,94,5.60%
01-09-2023,South,A,184,-2,191,3.80%
01-10-2023,South,A,134,-2,148,10.40%
01-11-2023,South,A,187,-2,194,3.50%
01-12-2023,South,A,216,-2,227,5.30%
01-01-2024,South,A,167,-2,184,10.40%
01-02-2024,South,A,253,-2,261,3.10%
01-03-2024,South,A,120,-2,134,11.50%
01-04-2024,South,A,159,-2,174,9.60%
01-05-2024,South,A,209,-2,226,8.30%
01-06-2024,South,A,108,-2,119,10.20%
01-07-2024,South,A,212,-2,234,10.60%
01-08-2024,South,A,200,-2,215,7.60%
01-09-2024,South,A,93,-2,98,5.70%
01-10-2024,South,A,207,-2,214,3.20%
01-11-2024,South,A,258,-2,282,9.30%
01-12-2024,South,A,143,-2,148,3.50%
01-01-2025,South,A,145,-2,157,8.40%
01-02-2025,South,A,128,-2,140,9.20%
01-03-2025,South,A,97,-2,100,3.30%
01-04-2021,West,A,141,-2,147,4.00%
01-05-2021,West,A,195,-2,206,5.60%
01-06-2021,West,A,175,-2,180,3.10%
01-07-2021,West,A,206,-2,219,6.20%
01-08-2021,West,A,89,-2,97,9.00%
01-09-2021,West,A,244,-2,250,2.30%
01-10-2021,West,A,130,-2,134,3.00%
01-11-2021,West,A,244,-2,252,3.40%
01-12-2021,West,A,168,-2,179,6.40%
01-01-2022,West,A,215,-2,220,2.40%
01-02-2022,West,A,231,-2,246,6.40%
01-03-2022,West,A,194,-2,210,8.00%
01-04-2022,West,A,187,-2,199,6.60%
01-05-2022,West,A,123,-2,129,5.30%
01-06-2022,West,A,100,-2,108,7.60%
01-07-2022,West,A,94,-2,102,8.90%
01-08-2022,West,A,154,-2,161,4.40%
01-09-2022,West,A,234,-2,253,7.90%
01-10-2022,West,A,225,-2,239,6.30%
01-11-2022,West,A,104,-2,107,3.10%
01-12-2022,West,A,121,-2,133,9.60%
01-01-2023,West,A,196,-2,208,6.30%
01-02-2023,West,A,134,-2,146,8.90%
01-03-2023,West,A,212,-2,233,10.00%
01-04-2023,West,A,218,-2,224,2.90%
01-05-2023,West,A,235,-2,245,4.10%
01-06-2023,West,A,95,-2,105,10.50%
01-07-2023,West,A,185,-2,199,7.50%
01-08-2023,West,A,179,-2,198,10.40%
01-09-2023,West,A,120,-2,128,6.50%
01-10-2023,West,A,234,-2,259,10.90%
01-11-2023,West,A,189,-2,202,6.80%
01-12-2023,West,A,139,-2,152,9.10%
01-01-2024,West,A,180,-2,201,11.40%
01-02-2024,West,A,151,-2,157,3.80%
01-03-2024,West,A,149,-2,157,5.10%
01-04-2024,West,A,92,-2,97,5.40%
01-05-2024,West,A,234,-2,258,10.20%
01-06-2024,West,A,170,-2,180,5.70%
01-07-2024,West,A,213,-2,235,10.30%
01-08-2024,West,A,101,-2,106,5.20%
01-09-2024,West,A,195,-2,213,9.40%
01-10-2024,West,A,216,-2,234,8.30%
01-11-2024,West,A,238,-2,253,6.30%
01-12-2024,West,A,210,-2,231,9.80%
01-01-2025,West,A,137,-2,141,2.80%
01-02-2025,West,A,219,-2,227,3.50%
01-03-2025,West,A,183,-2,191,4.20%
01-04-2021,North,C,94,-2,104,10.50%
01-05-2021,North,C,144,-2,155,7.50%
01-06-2021,North,C,108,-2,112,3.80%
01-07-2021,North,C,162,-2,177,9.50%
01-08-2021,North,C,142,-2,157,10.60%
01-09-2021,North,C,150,-2,163,8.40%
01-10-2021,North,C,110,-2,118,6.90%
01-11-2021,North,C,119,-2,131,9.90%
01-12-2021,North,C,117,-2,124,6.10%
01-01-2022,North,C,121,-2,132,9.20%
01-02-2022,North,C,109,-2,120,10.60%
01-03-2022,North,C,119,-2,124,4.40%
01-04-2022,North,C,157,-2,166,5.50%
01-05-2022,North,C,142,-2,145,2.30%
01-06-2022,North,C,94,-2,105,11.60%
01-07-2022,North,C,164,-2,174,6.30%
01-08-2022,North,C,152,-2,163,6.90%
01-09-2022,North,C,75,-2,82,9.70%
01-10-2022,North,C,62,-2,68,10.40%
01-11-2022,North,C,116,-2,119,2.80%
01-12-2022,North,C,95,-2,98,3.10%
01-01-2023,North,C,168,-2,184,9.60%
01-02-2023,North,C,90,-2,97,8.30%
01-03-2023,North,C,153,-2,159,4.10%
01-04-2023,North,C,234,-2,240,2.40%
01-05-2023,North,C,148,-2,158,6.50%
01-06-2023,North,C,213,-2,219,2.90%
01-07-2023,North,C,252,-2,260,3.00%
01-08-2023,North,C,154,-2,160,4.20%
01-09-2023,North,C,131,-2,146,11.10%
01-10-2023,North,C,215,-2,238,10.60%
01-11-2023,North,C,206,-2,224,8.70%
01-12-2023,North,C,211,-2,216,2.50%
01-01-2024,North,C,162,-2,177,9.40%
01-02-2024,North,C,184,-2,194,5.60%
01-03-2024,North,C,133,-2,146,9.80%
01-04-2024,North,C,167,-2,172,3.00%
01-05-2024,North,C,238,-2,263,10.60%
01-06-2024,North,C,200,-2,206,2.80%
01-07-2024,North,C,245,-2,252,2.70%
01-08-2024,North,C,253,-2,268,5.90%
01-09-2024,North,C,240,-2,248,3.30%
01-10-2024,North,C,182,-2,191,5.10%
01-11-2024,North,C,191,-2,213,11.30%
01-12-2024,North,C,204,-2,220,8.10%
01-01-2025,North,C,204,-2,225,10.20%
01-02-2025,North,C,185,-2,196,5.80%
01-03-2025,North,C,196,-2,211,7.50%
01-04-2021,North,C,297,-2,304,2.40%
01-05-2021,North,C,417,-2,460,10.30%
01-06-2021,North,C,362,-2,402,11.20%
01-07-2021,North,C,436,-2,480,10.10%
01-08-2021,North,C,415,-2,430,3.70%
01-09-2021,North,C,412,-2,426,3.40%
01-10-2021,North,C,302,-2,323,7.00%
01-11-2021,North,C,300,-2,328,9.20%
01-12-2021,North,C,376,-2,420,11.60%
01-01-2022,North,C,302,-2,310,2.60%
01-02-2022,North,C,265,-2,279,5.30%
01-03-2022,North,C,339,-2,348,2.70%
01-04-2022,North,C,65,-2,70,7.90%
01-05-2022,North,C,104,-2,115,10.60%
01-06-2022,North,C,94,-2,98,4.10%
01-07-2022,North,C,94,-2,96,2.50%
01-08-2022,North,C,92,-2,98,6.20%
01-09-2022,North,C,170,-2,186,9.20%
01-10-2022,North,C,93,-2,99,6.30%
01-11-2022,North,C,143,-2,155,8.30%
01-12-2022,North,C,174,-2,190,9.30%
01-01-2023,North,C,128,-2,134,4.50%
01-02-2023,North,C,84,-2,87,3.50%
01-03-2023,North,C,126,-2,129,2.00%
01-04-2023,North,C,158,-2,176,11.20%
01-05-2023,North,C,77,-2,84,9.10%
01-06-2023,North,C,87,-2,89,2.20%
01-07-2023,North,C,126,-2,130,3.00%
01-08-2023,North,C,121,-2,132,9.10%
01-09-2023,North,C,109,-2,112,2.60%
01-10-2023,North,C,70,-2,73,3.70%
01-11-2023,North,C,124,-2,137,10.20%
01-12-2023,North,C,169,-2,185,9.70%
01-01-2024,North,C,151,-2,158,4.70%
01-02-2024,North,C,84,-2,90,7.60%
01-03-2024,North,C,99,-2,101,2.30%
01-04-2024,North,C,158,-2,163,3.20%
01-05-2024,North,C,212,-2,226,6.40%
01-06-2024,North,C,230,-2,245,6.70%
01-07-2024,North,C,155,-2,172,10.90%
01-08-2024,North,C,219,-2,240,9.80%
01-09-2024,North,C,169,-2,185,9.30%
01-10-2024,North,C,180,-2,199,10.70%
01-11-2024,North,C,234,-2,254,8.60%
01-12-2024,North,C,172,-2,185,7.60%
01-01-2025,North,C,176,-2,192,9.40%
01-02-2025,North,C,189,-2,208,10.10%
01-03-2025,North,C,239,-2,247,3.20%
01-04-2021,South,C,218,-2,243,11.50%
01-05-2021,South,C,226,-2,246,9.10%
01-06-2021,South,C,134,-2,147,9.40%
01-07-2021,South,C,183,-2,192,5.00%
01-08-2021,South,C,239,-2,256,7.00%
01-09-2021,South,C,200,-2,220,10.20%
01-10-2021,South,C,217,-2,236,8.60%
01-11-2021,South,C,244,-2,252,3.10%
01-12-2021,South,C,200,-2,211,5.60%
01-01-2022,South,C,149,-2,165,10.80%
01-02-2022,South,C,216,-2,231,6.80%
01-03-2022,South,C,137,-2,149,9.10%
01-04-2022,South,C,213,-2,230,7.80%
01-05-2022,South,C,165,-2,173,5.00%
01-06-2022,South,C,99,-2,104,5.50%
01-07-2022,South,C,163,-2,171,5.00%
01-08-2022,South,C,89,-2,96,8.00%
01-09-2022,South,C,184,-2,194,5.20%
01-10-2022,South,C,134,-2,143,6.80%
01-11-2022,South,C,187,-2,206,10.40%
01-12-2022,South,C,216,-2,225,4.20%
01-01-2023,South,C,167,-2,174,4.40%
01-02-2023,South,C,253,-2,271,7.10%
01-03-2023,South,C,120,-2,125,4.20%
01-04-2023,South,C,159,-2,170,6.70%
01-05-2023,South,C,209,-2,234,11.90%
01-06-2023,South,C,108,-2,114,5.60%
01-07-2023,South,C,212,-2,234,10.50%
01-08-2023,South,C,200,-2,207,3.30%
01-09-2023,South,C,93,-2,103,10.50%
01-10-2023,South,C,207,-2,213,2.70%
01-11-2023,South,C,258,-2,265,2.70%
01-12-2023,South,C,143,-2,154,7.70%
01-01-2024,South,C,145,-2,150,3.40%
01-02-2024,South,C,128,-2,141,10.10%
01-03-2024,South,C,97,-2,108,11.60%
01-04-2024,South,C,141,-2,149,5.60%
01-05-2024,South,C,195,-2,204,4.40%
01-06-2024,South,C,175,-2,190,8.50%
01-07-2024,South,C,206,-2,215,4.40%
01-08-2024,South,C,89,-2,99,11.20%
01-09-2024,South,C,244,-2,269,10.30%
01-10-2024,South,C,130,-2,140,8.00%
01-11-2024,South,C,244,-2,260,6.70%
01-12-2024,South,C,168,-2,184,9.40%
01-01-2025,South,C,215,-2,231,7.40%
01-02-2025,South,C,231,-2,237,2.50%
01-03-2025,South,C,194,-2,203,4.40%
01-04-2021,South,C,187,-2,203,8.30%
01-05-2021,South,C,123,-2,130,5.50%
01-06-2021,South,C,100,-2,107,6.60%
01-07-2021,South,C,94,-2,99,5.30%
01-08-2021,South,C,154,-2,162,5.10%
01-09-2021,South,C,234,-2,252,7.80%
01-10-2021,South,C,225,-2,243,7.90%
01-11-2021,South,C,104,-2,116,11.30%
01-12-2021,South,C,121,-2,130,7.60%
01-01-2022,South,C,196,-2,214,9.40%
01-02-2022,South,C,134,-2,141,5.50%
01-03-2022,South,C,212,-2,229,7.80%
01-04-2022,South,C,218,-2,232,6.60%
01-05-2022,South,C,235,-2,257,9.40%
01-06-2022,South,C,95,-2,104,9.80%
01-07-2022,South,C,185,-2,194,5.10%
01-08-2022,South,C,179,-2,196,9.30%
01-09-2022,South,C,120,-2,126,5.20%
01-10-2022,South,C,234,-2,251,7.30%
01-11-2022,South,C,189,-2,199,5.20%
01-12-2022,South,C,139,-2,153,10.20%
01-01-2023,South,C,180,-2,189,5.00%
01-02-2023,South,C,151,-2,155,2.50%
01-03-2023,South,C,149,-2,158,6.00%
01-04-2023,South,C,92,-2,98,6.70%
01-05-2023,South,C,234,-2,248,6.20%
01-06-2023,South,C,170,-2,177,4.10%
01-07-2023,South,C,213,-2,238,11.80%
01-08-2023,South,C,101,-2,112,10.80%
01-09-2023,South,C,195,-2,201,3.10%
01-10-2023,South,C,216,-2,230,6.60%
01-11-2023,South,C,238,-2,253,6.20%
01-12-2023,South,C,210,-2,231,9.90%
01-01-2024,South,C,137,-2,140,2.10%
01-02-2024,South,C,219,-2,244,11.20%
01-03-2024,South,C,183,-2,195,6.30%
01-04-2024,South,C,94,-2,100,6.10%
01-05-2024,South,C,144,-2,152,5.80%
01-06-2024,South,C,108,-2,115,6.80%
01-07-2024,South,C,162,-2,169,4.40%
01-08-2024,South,C,142,-2,152,7.30%
01-09-2024,South,C,150,-2,160,6.60%
01-10-2024,South,C,110,-2,115,4.20%
01-11-2024,South,C,119,-2,124,4.40%
01-12-2024,South,C,117,-2,129,10.00%
01-01-2025,South,C,121,-2,130,7.20%
01-02-2025,South,C,109,-2,117,7.30%
01-03-2025,South,C,119,-2,127,6.80%
01-04-2021,West,C,157,-2,174,10.90%
01-05-2021,West,C,142,-2,156,9.60%
01-06-2021,West,C,94,-2,97,2.90%
01-07-2021,West,C,164,-2,182,11.00%
01-08-2021,West,C,152,-2,162,6.70%
01-09-2021,West,C,75,-2,80,7.10%
01-10-2021,West,C,62,-2,64,3.70%
01-11-2021,West,C,116,-2,125,7.80%
01-12-2021,West,C,95,-2,99,4.40%
01-01-2022,West,C,168,-2,174,3.30%
01-02-2022,West,C,90,-2,100,10.70%
01-03-2022,West,C,153,-2,163,6.70%
01-04-2022,West,C,234,-2,257,9.80%
01-05-2022,West,C,148,-2,165,11.40%
01-06-2022,West,C,213,-2,223,4.50%
01-07-2022,West,C,252,-2,277,9.80%
01-08-2022,West,C,154,-2,168,9.40%
01-09-2022,West,C,131,-2,147,12.00%
01-10-2022,West,C,215,-2,231,7.60%
01-11-2022,West,C,206,-2,221,7.40%
01-12-2022,West,C,211,-2,219,3.60%
01-01-2023,West,C,162,-2,170,4.80%
01-02-2023,West,C,184,-2,204,10.80%
01-03-2023,West,C,133,-2,142,6.60%
01-04-2023,West,C,167,-2,178,6.80%
01-05-2023,West,C,238,-2,263,10.70%
01-06-2023,West,C,200,-2,215,7.70%
01-07-2023,West,C,245,-2,273,11.40%
01-08-2023,West,C,253,-2,280,10.60%
01-09-2023,West,C,240,-2,249,3.90%
01-10-2023,West,C,182,-2,197,8.10%
01-11-2023,West,C,191,-2,203,6.10%
01-12-2023,West,C,204,-2,228,11.60%
01-01-2024,West,C,204,-2,217,6.30%
01-02-2024,West,C,185,-2,199,7.70%
01-03-2024,West,C,196,-2,218,11.10%
01-04-2024,West,C,297,-2,317,6.80%
01-05-2024,West,C,417,-2,464,11.40%
01-06-2024,West,C,362,-2,390,7.70%
01-07-2024,West,C,436,-2,451,3.50%
01-08-2024,West,C,415,-2,456,9.90%
01-09-2024,West,C,412,-2,425,3.20%
01-10-2024,West,C,302,-2,322,6.70%
01-11-2024,West,C,300,-2,319,6.40%
01-12-2024,West,C,376,-2,412,9.60%
01-01-2025,West,C,302,-2,324,7.20%
01-02-2025,West,C,265,-2,278,4.80%
01-03-2025,West,C,339,-2,356,4.90%
01-04-2021,West,C,65,-2,70,7.40%
01-05-2021,West,C,104,-2,109,5.20%
01-06-2021,West,C,94,-2,103,10.10%
01-07-2021,West,C,94,-2,99,5.00%
01-08-2021,West,C,92,-2,101,10.20%
01-09-2021,West,C,170,-2,177,4.20%
01-10-2021,West,C,93,-2,101,9.00%
01-11-2021,West,C,143,-2,150,4.60%
01-12-2021,West,C,174,-2,193,11.00%
01-01-2022,West,C,128,-2,132,3.10%
01-02-2022,West,C,84,-2,88,4.80%
01-03-2022,West,C,126,-2,135,7.00%
01-04-2022,West,C,158,-2,166,5.30%
01-05-2022,West,C,77,-2,82,6.10%
01-06-2022,West,C,87,-2,94,8.30%
01-07-2022,West,C,126,-2,138,9.40%
01-08-2022,West,C,121,-2,130,7.20%
01-09-2022,West,C,109,-2,118,8.50%
01-10-2022,West,C,70,-2,73,4.80%
01-11-2022,West,C,124,-2,133,6.90%
01-12-2022,West,C,169,-2,174,3.00%
01-01-2023,West,C,151,-2,168,11.50%
01-02-2023,West,C,84,-2,91,7.90%
01-03-2023,West,C,99,-2,104,5.20%
01-04-2023,West,C,158,-2,163,3.20%
01-05-2023,West,C,212,-2,219,3.40%
01-06-2023,West,C,230,-2,254,10.60%
01-07-2023,West,C,155,-2,164,5.50%
01-08-2023,West,C,219,-2,228,4.00%
01-09-2023,West,C,169,-2,177,4.90%
01-10-2023,West,C,180,-2,193,7.50%
01-11-2023,West,C,234,-2,247,5.60%
01-12-2023,West,C,172,-2,192,11.60%
01-01-2024,West,C,176,-2,183,4.00%
01-02-2024,West,C,189,-2,202,6.90%
01-03-2024,West,C,239,-2,264,10.40%
01-04-2024,West,C,218,-2,227,4.00%
01-05-2024,West,C,226,-2,248,9.80%
01-06-2024,West,C,134,-2,138,3.30%
01-07-2024,West,C,183,-2,188,2.90%
01-08-2024,West,C,239,-2,262,9.40%
01-09-2024,West,C,200,-2,220,10.10%
01-10-2024,West,C,217,-2,237,9.00%
01-11-2024,West,C,244,-2,264,8.20%
01-12-2024,West,C,200,-2,208,3.80%
01-01-2025,West,C,149,-2,167,11.90%
01-02-2025,West,C,216,-2,221,2.30%
01-03-2025,West,C,137,-2,149,8.40%
01-04-2021,North,B,213,-2,221,3.70%
01-05-2021,North,B,165,-2,170,2.80%
01-06-2021,North,B,99,-2,104,5.30%
01-07-2021,North,B,163,-2,170,4.40%
01-08-2021,North,B,89,-2,99,11.00%
01-09-2021,North,B,184,-2,198,7.80%
01-10-2021,North,B,134,-2,141,4.90%
01-11-2021,North,B,187,-2,208,11.00%
01-12-2021,North,B,216,-2,229,5.90%
01-01-2022,North,B,167,-2,185,10.60%
01-02-2022,North,B,253,-2,264,4.40%
01-03-2022,North,B,120,-2,133,10.60%
01-04-2022,North,B,159,-2,169,6.50%
01-05-2022,North,B,209,-2,214,2.50%
01-06-2022,North,B,108,-2,113,5.10%
01-07-2022,North,B,212,-2,224,5.80%
01-08-2022,North,B,200,-2,213,6.60%
01-09-2022,North,B,93,-2,99,6.00%
01-10-2022,North,B,207,-2,211,2.10%
01-11-2022,North,B,258,-2,280,8.70%
01-12-2022,North,B,143,-2,149,4.30%
01-01-2023,North,B,145,-2,149,2.60%
01-02-2023,North,B,128,-2,133,4.20%
01-03-2023,North,B,97,-2,103,6.10%
01-04-2023,North,B,141,-2,148,4.60%
01-05-2023,North,B,195,-2,211,8.50%
01-06-2023,North,B,175,-2,184,5.10%
01-07-2023,North,B,206,-2,229,11.10%
01-08-2023,North,B,89,-2,94,5.50%
01-09-2023,North,B,244,-2,253,3.80%
01-10-2023,North,B,130,-2,133,2.60%
01-11-2023,North,B,244,-2,254,4.10%
01-12-2023,North,B,168,-2,188,11.90%
01-01-2024,North,B,215,-2,226,5.00%
01-02-2024,North,B,231,-2,245,5.90%
01-03-2024,North,B,194,-2,210,8.50%
01-04-2024,North,B,187,-2,209,11.60%
01-05-2024,North,B,123,-2,131,6.20%
01-06-2024,North,B,100,-2,107,7.40%
01-07-2024,North,B,94,-2,100,6.70%
01-08-2024,North,B,154,-2,172,11.90%
01-09-2024,North,B,234,-2,259,10.50%
01-10-2024,North,B,225,-2,237,5.30%
01-11-2024,North,B,104,-2,110,5.70%
01-12-2024,North,B,121,-2,125,3.50%
01-01-2025,North,B,196,-2,216,10.00%
01-02-2025,North,B,134,-2,149,11.10%
01-03-2025,North,B,212,-2,222,4.90%
01-04-2021,North,B,218,-2,242,11.00%
01-05-2021,North,B,235,-2,255,8.60%
01-06-2021,North,B,95,-2,103,8.90%
01-07-2021,North,B,185,-2,196,5.70%
01-08-2021,North,B,179,-2,194,8.30%
01-09-2021,North,B,120,-2,133,11.20%
01-10-2021,North,B,234,-2,248,6.20%
01-11-2021,North,B,189,-2,206,9.20%
01-12-2021,North,B,139,-2,144,3.50%
01-01-2022,North,B,180,-2,194,7.90%
01-02-2022,North,B,151,-2,165,9.20%
01-03-2022,North,B,149,-2,163,9.60%
01-04-2022,North,B,92,-2,99,7.20%
01-05-2022,North,B,234,-2,250,7.00%
01-06-2022,North,B,170,-2,179,5.50%
01-07-2022,North,B,213,-2,221,3.60%
01-08-2022,North,B,101,-2,110,9.20%
01-09-2022,North,B,195,-2,216,10.50%
01-10-2022,North,B,216,-2,221,2.40%
01-11-2022,North,B,238,-2,256,7.50%
01-12-2022,North,B,210,-2,220,4.80%
01-01-2023,North,B,137,-2,150,9.40%
01-02-2023,North,B,219,-2,240,9.40%
01-03-2023,North,B,183,-2,193,5.50%
01-04-2023,North,B,94,-2,103,9.60%
01-05-2023,North,B,144,-2,158,10.00%
01-06-2023,North,B,108,-2,111,2.70%
01-07-2023,North,B,162,-2,169,4.60%
01-08-2023,North,B,142,-2,148,4.60%
01-09-2023,North,B,150,-2,161,7.30%
01-10-2023,North,B,110,-2,117,6.60%
01-11-2023,North,B,119,-2,126,5.90%
01-12-2023,North,B,117,-2,120,2.40%
01-01-2024,North,B,121,-2,134,10.90%
01-02-2024,North,B,109,-2,115,5.40%
01-03-2024,North,B,119,-2,127,6.50%
01-04-2024,North,B,157,-2,168,7.20%
01-05-2024,North,B,142,-2,158,11.00%
01-06-2024,North,B,94,-2,99,5.40%
01-07-2024,North,B,164,-2,171,4.50%
01-08-2024,North,B,152,-2,164,7.70%
01-09-2024,North,B,75,-2,80,7.20%
01-10-2024,North,B,62,-2,63,2.20%
01-11-2024,North,B,116,-2,127,9.90%
01-12-2024,North,B,95,-2,101,6.50%
01-01-2025,North,B,168,-2,184,9.70%
01-02-2025,North,B,90,-2,98,9.20%
01-03-2025,North,B,153,-2,166,8.70%
01-04-2021,South,B,234,-2,255,9.00%
01-05-2021,South,B,148,-2,157,5.80%
01-06-2021,South,B,213,-2,220,3.40%
01-07-2021,South,B,252,-2,272,8.00%
01-08-2021,South,B,154,-2,160,3.60%
01-09-2021,South,B,131,-2,144,9.80%
01-10-2021,South,B,215,-2,230,6.90%
01-11-2021,South,B,206,-2,218,5.80%
01-12-2021,South,B,211,-2,236,11.90%
01-01-2022,South,B,162,-2,180,11.30%
01-02-2022,South,B,184,-2,189,2.80%
01-03-2022,South,B,133,-2,146,9.40%
01-04-2022,South,B,167,-2,185,10.60%
01-05-2022,South,B,238,-2,256,7.80%
01-06-2022,South,B,200,-2,213,6.70%
01-07-2022,South,B,245,-2,263,7.20%
01-08-2022,South,B,253,-2,265,4.60%
01-09-2022,South,B,240,-2,268,11.80%
01-10-2022,South,B,182,-2,203,11.40%
01-11-2022,South,B,191,-2,196,2.70%
01-12-2022,South,B,204,-2,226,11.00%
01-01-2023,South,B,204,-2,214,4.90%
01-02-2023,South,B,185,-2,192,3.90%
01-03-2023,South,B,196,-2,211,7.50%
01-04-2023,South,B,297,-2,318,7.00%
01-05-2023,South,B,417,-2,453,8.50%
01-06-2023,South,B,362,-2,383,5.80%
01-07-2023,South,B,436,-2,462,6.00%
01-08-2023,South,B,415,-2,454,9.50%
01-09-2023,South,B,412,-2,449,9.00%
01-10-2023,South,B,302,-2,321,6.30%
01-11-2023,South,B,300,-2,314,4.80%
01-12-2023,South,B,376,-2,402,7.00%
01-01-2024,South,B,302,-2,323,6.90%
01-02-2024,South,B,265,-2,296,11.70%
01-03-2024,South,B,339,-2,364,7.50%
01-04-2024,South,B,65,-2,67,3.30%
01-05-2024,South,B,104,-2,109,4.60%
01-06-2024,South,B,94,-2,97,2.80%
01-07-2024,South,B,94,-2,101,7.70%
01-08-2024,South,B,92,-2,99,7.70%
01-09-2024,South,B,170,-2,178,4.90%
01-10-2024,South,B,93,-2,97,4.50%
01-11-2024,South,B,143,-2,159,11.50%
01-12-2024,South,B,174,-2,192,10.30%
01-01-2025,South,B,128,-2,133,3.70%
01-02-2025,South,B,84,-2,88,4.80%
01-03-2025,South,B,126,-2,138,9.20%
01-04-2021,South,B,158,-2,165,4.70%
01-05-2021,South,B,77,-2,85,10.20%
01-06-2021,South,B,87,-2,91,4.50%
01-07-2021,South,B,126,-2,140,11.30%
01-08-2021,South,B,121,-2,128,5.40%
01-09-2021,South,B,109,-2,120,10.10%
01-10-2021,South,B,70,-2,75,6.50%
01-11-2021,South,B,124,-2,134,8.00%
01-12-2021,South,B,169,-2,185,9.80%
01-01-2022,South,B,151,-2,154,2.30%
01-02-2022,South,B,84,-2,88,5.10%
01-03-2022,South,B,99,-2,102,3.00%
01-04-2022,South,B,158,-2,164,4.10%
01-05-2022,South,B,212,-2,229,8.10%
01-06-2022,South,B,230,-2,241,4.80%
01-07-2022,South,B,155,-2,169,8.90%
01-08-2022,South,B,219,-2,242,10.60%
01-09-2022,South,B,169,-2,186,10.30%
01-10-2022,South,B,180,-2,189,4.80%
01-11-2022,South,B,234,-2,260,11.10%
01-12-2022,South,B,172,-2,179,3.90%
01-01-2023,South,B,176,-2,181,3.00%
01-02-2023,South,B,189,-2,210,11.00%
01-03-2023,South,B,239,-2,247,3.50%
01-04-2023,South,B,218,-2,224,2.80%
01-05-2023,South,B,226,-2,251,10.90%
01-06-2023,South,B,134,-2,147,9.40%
01-07-2023,South,B,183,-2,199,8.70%
01-08-2023,South,B,239,-2,263,10.10%
01-09-2023,South,B,200,-2,210,5.00%
01-10-2023,South,B,217,-2,227,4.40%
01-11-2023,South,B,244,-2,256,5.00%
01-12-2023,South,B,200,-2,218,8.90%
01-01-2024,South,B,149,-2,158,5.90%
01-02-2024,South,B,216,-2,221,2.50%
01-03-2024,South,B,137,-2,144,5.50%
01-04-2024,South,B,213,-2,219,2.90%
01-05-2024,South,B,165,-2,185,11.80%
01-06-2024,South,B,99,-2,109,10.50%
01-07-2024,South,B,163,-2,178,9.40%
01-08-2024,South,B,89,-2,95,7.30%
01-09-2024,South,B,184,-2,204,10.80%
01-10-2024,South,B,134,-2,144,7.10%
01-11-2024,South,B,187,-2,205,9.70%
01-12-2024,South,B,216,-2,233,7.80%
01-01-2025,South,B,167,-2,181,8.30%
01-02-2025,South,B,253,-2,280,10.70%
01-03-2025,South,B,120,-2,132,10.20%
01-04-2021,West,B,159,-2,177,11.20%
01-05-2021,West,B,209,-2,216,3.30%
01-06-2021,West,B,108,-2,116,7.80%
01-07-2021,West,B,212,-2,236,11.30%
01-08-2021,West,B,200,-2,222,11.10%
01-09-2021,West,B,93,-2,97,4.40%
01-10-2021,West,B,207,-2,228,10.30%
01-11-2021,West,B,258,-2,270,4.60%
01-12-2021,West,B,143,-2,148,3.30%
01-01-2022,West,B,145,-2,161,11.10%
01-02-2022,West,B,128,-2,135,5.70%
01-03-2022,West,B,97,-2,101,4.00%
01-04-2022,West,B,141,-2,144,2.10%
01-05-2022,West,B,195,-2,206,5.50%
01-06-2022,West,B,175,-2,189,8.20%
01-07-2022,West,B,206,-2,224,8.80%
01-08-2022,West,B,89,-2,91,2.10%
01-09-2022,West,B,244,-2,268,9.70%
01-10-2022,West,B,130,-2,133,2.00%
01-11-2022,West,B,244,-2,250,2.60%
01-12-2022,West,B,168,-2,175,3.90%
01-01-2023,West,B,215,-2,229,6.40%
01-02-2023,West,B,231,-2,246,6.60%
01-03-2023,West,B,194,-2,215,10.80%
01-04-2023,West,B,187,-2,198,6.10%
01-05-2023,West,B,123,-2,131,6.80%
01-06-2023,West,B,100,-2,110,10.00%
01-07-2023,West,B,94,-2,98,3.80%
01-08-2023,West,B,154,-2,160,3.60%
01-09-2023,West,B,234,-2,253,7.90%
01-10-2023,West,B,225,-2,236,4.90%
01-11-2023,West,B,104,-2,110,5.50%
01-12-2023,West,B,121,-2,135,12.00%
01-01-2024,West,B,196,-2,219,11.60%
01-02-2024,West,B,134,-2,138,3.00%
01-03-2024,West,B,212,-2,226,6.80%
01-04-2024,West,B,218,-2,226,3.60%
01-05-2024,West,B,235,-2,248,5.70%
01-06-2024,West,B,95,-2,98,3.50%
01-07-2024,West,B,185,-2,205,10.90%
01-08-2024,West,B,179,-2,196,9.50%
01-09-2024,West,B,120,-2,133,11.20%
01-10-2024,West,B,234,-2,252,7.60%
01-11-2024,West,B,189,-2,206,9.00%
01-12-2024,West,B,139,-2,144,3.90%
01-01-2025,West,B,180,-2,185,2.90%
01-02-2025,West,B,151,-2,154,2.10%
01-03-2025,West,B,149,-2,159,6.50%
01-04-2021,West,B,92,-2,99,7.10%
01-05-2021,West,B,234,-2,251,7.10%
01-06-2021,West,B,170,-2,180,6.20%
01-07-2021,West,B,213,-2,219,3.00%
01-08-2021,West,B,101,-2,110,9.10%
01-09-2021,West,B,195,-2,218,11.70%
01-10-2021,West,B,216,-2,221,2.20%
01-11-2021,West,B,238,-2,262,9.90%
01-12-2021,West,B,210,-2,216,3.00%
01-01-2022,West,B,137,-2,140,2.10%
01-02-2022,West,B,219,-2,235,7.10%
01-03-2022,West,B,183,-2,190,3.60%
01-04-2022,West,B,94,-2,98,4.40%
01-05-2022,West,B,144,-2,148,2.60%
01-06-2022,West,B,108,-2,116,7.80%
01-07-2022,West,B,162,-2,169,4.10%
01-08-2022,West,B,142,-2,157,10.60%
01-09-2022,West,B,150,-2,165,10.00%
01-10-2022,West,B,110,-2,116,5.20%
01-11-2022,West,B,119,-2,125,5.40%
01-12-2022,West,B,117,-2,129,10.20%
01-01-2023,West,B,121,-2,125,3.00%
01-02-2023,West,B,109,-2,114,5.00%
01-03-2023,West,B,119,-2,130,9.50%
01-04-2023,West,B,157,-2,169,7.90%
01-05-2023,West,B,142,-2,151,6.20%
01-06-2023,West,B,94,-2,99,5.50%
01-07-2023,West,B,164,-2,171,4.50%
01-08-2023,West,B,152,-2,164,7.60%
01-09-2023,West,B,75,-2,79,4.70%
01-10-2023,West,B,62,-2,64,3.90%
01-11-2023,West,B,116,-2,128,10.20%
01-12-2023,West,B,95,-2,98,3.60%
01-01-2024,West,B,168,-2,183,8.70%
01-02-2024,West,B,90,-2,96,6.60%
01-03-2024,West,B,153,-2,163,6.30%
01-04-2024,West,B,234,-2,258,10.30%
01-05-2024,West,B,148,-2,158,6.40%
01-06-2024,West,B,213,-2,221,4.00%
01-07-2024,West,B,252,-2,264,4.60%
01-08-2024,West,B,154,-2,169,10.00%
01-09-2024,West,B,131,-2,142,8.60%
01-10-2024,West,B,215,-2,237,10.40%
01-11-2024,West,B,206,-2,216,4.90%
01-12-2024,West,B,211,-2,227,7.60%
01-01-2025,West,B,162,-2,180,11.00%
01-02-2025,West,B,184,-2,204,11.10%
01-03-2025,West,B,133,-2,140,5.30%
01-04-2025,North,B,167,-3,179,6.90%
01-05-2025,North,B,238,-3,258,8.40%
01-06-2025,North,B,200,-3,215,7.60%
01-07-2025,North,B,245,-3,255,4.20%
01-08-2025,North,B,253,-3,264,4.40%
01-09-2025,North,B,240,-3,260,8.40%
01-10-2025,North,B,182,-3,196,7.50%
01-11-2025,North,B,191,-3,203,6.40%
01-12-2025,North,B,204,-3,213,4.30%
01-01-2026,North,B,204,-3,220,7.70%
01-02-2026,North,B,185,-3,197,6.30%
01-03-2026,North,B,196,-3,208,6.20%
01-04-2025,North,B,297,-3,328,10.30%
01-05-2025,North,B,417,-3,456,9.40%
01-06-2025,North,B,362,-3,377,4.20%
01-07-2025,North,B,436,-3,459,5.30%
01-08-2025,North,B,415,-3,427,2.90%
01-09-2025,North,B,412,-3,427,3.70%
01-10-2025,North,B,302,-3,309,2.40%
01-11-2025,North,B,300,-3,310,3.30%
01-12-2025,North,B,376,-3,410,9.00%
01-01-2026,North,B,302,-3,334,10.50%
01-02-2026,North,B,265,-3,271,2.40%
01-03-2026,North,B,339,-3,370,9.00%
01-04-2025,South,B,65,-3,70,8.20%
01-05-2025,South,B,104,-3,107,2.90%
01-06-2025,South,B,94,-3,100,6.10%
01-07-2025,South,B,94,-3,99,5.70%
01-08-2025,South,B,92,-3,97,5.30%
01-09-2025,South,B,170,-3,189,11.10%
01-10-2025,South,B,93,-3,96,3.50%
01-11-2025,South,B,143,-3,155,8.50%
01-12-2025,South,B,174,-3,188,8.20%
01-01-2026,South,B,128,-3,134,4.80%
01-02-2026,South,B,84,-3,86,2.00%
01-03-2026,South,B,126,-3,130,2.90%
01-04-2025,South,B,158,-3,175,11.10%
01-05-2025,South,B,77,-3,85,9.80%
01-06-2025,South,B,87,-3,93,6.70%
01-07-2025,South,B,126,-3,136,8.00%
01-08-2025,South,B,121,-3,134,11.10%
01-09-2025,South,B,109,-3,121,11.40%
01-10-2025,South,B,70,-3,75,7.60%
01-11-2025,South,B,124,-3,134,8.10%
01-12-2025,South,B,169,-3,174,3.20%
01-01-2026,South,B,151,-3,166,10.10%
01-02-2026,South,B,84,-3,86,2.00%
01-03-2026,South,B,99,-3,101,2.30%
01-04-2025,West,B,158,-3,173,9.70%
01-05-2025,West,B,212,-3,216,2.10%
01-06-2025,West,B,230,-3,242,5.20%
01-07-2025,West,B,155,-3,161,3.80%
01-08-2025,West,B,219,-3,244,11.30%
01-09-2025,West,B,169,-3,173,2.10%
01-10-2025,West,B,180,-3,184,2.20%
01-11-2025,West,B,234,-3,261,11.30%
01-12-2025,West,B,172,-3,176,2.50%
01-01-2026,West,B,176,-3,189,7.40%
01-02-2026,West,B,189,-3,204,8.10%
01-03-2026,West,B,239,-3,256,7.00%
01-04-2025,West,B,218,-3,242,11.10%
01-05-2025,West,B,226,-3,242,7.20%
01-06-2025,West,B,134,-3,144,7.80%
01-07-2025,West,B,183,-3,190,3.80%
01-08-2025,West,B,239,-3,256,7.10%
01-09-2025,West,B,200,-3,218,9.10%
01-10-2025,West,B,217,-3,236,8.80%
01-11-2025,West,B,244,-3,260,6.40%
01-12-2025,West,B,200,-3,217,8.30%
01-01-2026,West,B,149,-3,162,8.80%
01-02-2026,West,B,216,-3,221,2.40%
01-03-2026,West,B,137,-3,153,11.60%
01-04-2025,West,C,213,-3,233,9.40%
01-05-2025,West,C,165,-3,171,3.80%
01-06-2025,West,C,99,-3,104,4.90%
01-07-2025,West,C,163,-3,170,4.40%
01-08-2025,West,C,89,-3,92,3.90%
01-09-2025,West,C,184,-3,189,2.80%
01-10-2025,West,C,134,-3,138,2.80%
01-11-2025,West,C,187,-3,191,2.30%
01-12-2025,West,C,216,-3,230,6.40%
01-01-2026,West,C,167,-3,173,3.30%
01-02-2026,West,C,253,-3,272,7.60%
01-03-2026,West,C,120,-3,130,8.00%
01-04-2025,West,C,159,-3,176,10.50%
01-05-2025,West,C,209,-3,222,6.40%
01-06-2025,West,C,108,-3,114,5.30%
01-07-2025,West,C,212,-3,232,9.50%
01-08-2025,West,C,200,-3,220,9.80%
01-09-2025,West,C,93,-3,95,2.50%
01-10-2025,West,C,207,-3,224,8.20%
01-11-2025,West,C,258,-3,265,2.80%
01-12-2025,West,C,143,-3,157,9.70%
01-01-2026,West,C,145,-3,157,8.50%
01-02-2026,West,C,128,-3,143,12.00%
01-03-2026,West,C,97,-3,106,9.20%
01-04-2025,South,C,141,-3,144,2.20%
01-05-2025,South,C,195,-3,201,3.20%
01-06-2025,South,C,175,-3,190,8.70%
01-07-2025,South,C,206,-3,214,3.80%
01-08-2025,South,C,89,-3,97,9.30%
01-09-2025,South,C,244,-3,265,8.70%
01-10-2025,South,C,130,-3,134,3.30%
01-11-2025,South,C,244,-3,260,6.70%
01-12-2025,South,C,168,-3,183,9.00%
01-01-2026,South,C,215,-3,234,8.60%
01-02-2026,South,C,231,-3,247,6.90%
01-03-2026,South,C,194,-3,211,8.70%
01-04-2025,South,C,187,-3,201,7.60%
01-05-2025,South,C,123,-3,130,5.70%
01-06-2025,South,C,100,-3,107,6.60%
01-07-2025,South,C,94,-3,96,2.20%
01-08-2025,South,C,154,-3,172,11.50%
01-09-2025,South,C,234,-3,240,2.70%
01-10-2025,South,C,225,-3,235,4.30%
01-11-2025,South,C,104,-3,113,8.60%
01-12-2025,South,C,121,-3,124,2.80%
01-01-2026,South,C,196,-3,218,11.40%
01-02-2026,South,C,134,-3,140,4.60%
01-03-2026,South,C,212,-3,221,4.20%
01-04-2025,North,C,218,-3,226,3.60%
01-05-2025,North,C,235,-3,257,9.50%
01-06-2025,North,C,95,-3,103,8.50%
01-07-2025,North,C,185,-3,190,2.80%
01-08-2025,North,C,179,-3,194,8.10%
01-09-2025,North,C,120,-3,133,10.80%
01-10-2025,North,C,234,-3,252,7.80%
01-11-2025,North,C,189,-3,200,5.80%
01-12-2025,North,C,139,-3,145,4.40%
01-01-2026,North,C,180,-3,195,8.10%
01-02-2026,North,C,151,-3,159,5.00%
01-03-2026,North,C,149,-3,162,8.50%
01-04-2025,North,C,92,-3,97,5.20%
01-05-2025,North,C,234,-3,261,11.50%
01-06-2025,North,C,170,-3,186,9.20%
01-07-2025,North,C,213,-3,231,8.40%
01-08-2025,North,C,101,-3,109,8.20%
01-09-2025,North,C,195,-3,206,5.50%
01-10-2025,North,C,216,-3,235,8.90%
01-11-2025,North,C,238,-3,252,5.90%
01-12-2025,North,C,210,-3,220,4.70%
01-01-2026,North,C,137,-3,144,5.10%
01-02-2026,North,C,219,-3,242,10.60%
01-03-2026,North,C,183,-3,190,3.70%
01-04-2025,North,A,94,-3,99,5.80%
01-05-2025,North,A,144,-3,149,3.60%
01-06-2025,North,A,108,-3,118,9.60%
01-07-2025,North,A,162,-3,166,2.30%
01-08-2025,North,A,142,-3,156,10.10%
01-09-2025,North,A,150,-3,167,11.30%
01-10-2025,North,A,110,-3,119,8.40%
01-11-2025,North,A,119,-3,127,6.60%
01-12-2025,North,A,117,-3,127,8.50%
01-01-2026,North,A,121,-3,125,3.00%
01-02-2026,North,A,109,-3,116,6.50%
01-03-2026,North,A,119,-3,122,2.30%
01-04-2025,South,A,157,-3,162,3.00%
01-05-2025,South,A,142,-3,152,7.30%
01-06-2025,South,A,94,-3,102,8.70%
01-07-2025,South,A,164,-3,175,6.80%
01-08-2025,South,A,152,-3,167,9.70%
01-09-2025,South,A,75,-3,82,9.60%
01-10-2025,South,A,62,-3,67,8.70%
01-11-2025,South,A,116,-3,119,2.70%
01-12-2025,South,A,95,-3,103,8.20%
01-01-2026,South,A,168,-3,175,4.30%
01-02-2026,South,A,90,-3,96,6.90%
01-03-2026,South,A,153,-3,157,2.30%
01-04-2025,West,A,234,-3,254,8.60%
01-05-2025,West,A,148,-3,166,12.00%
01-06-2025,West,A,213,-3,232,8.70%
01-07-2025,West,A,252,-3,257,2.20%
01-08-2025,West,A,154,-3,159,3.40%
01-09-2025,West,A,131,-3,140,6.60%
01-10-2025,West,A,215,-3,223,3.50%
01-11-2025,West,A,206,-3,230,11.70%
01-12-2025,West,A,211,-3,227,7.80%
01-01-2026,West,A,162,-3,167,2.80%
01-02-2026,West,A,184,-3,202,9.70%
01-03-2026,West,A,133,-3,143,7.50%
01-04-2021,North,A,74,-3,78,5.70%
01-05-2021,North,A,191,-3,210,9.80%
01-06-2021,North,A,134,-3,138,3.10%
01-07-2021,North,A,158,-3,173,9.60%
01-08-2021,North,A,172,-3,185,7.40%
01-09-2021,North,A,81,-3,87,7.80%
01-10-2021,North,A,188,-3,209,11.00%
01-11-2021,North,A,94,-3,105,12.00%
01-12-2021,North,A,145,-3,149,2.80%
01-01-2022,North,A,50,-3,53,6.60%
01-02-2022,North,A,174,-3,191,9.50%
01-03-2022,North,A,148,-3,159,7.60%
01-04-2022,North,A,60,-3,64,6.50%
01-05-2022,North,A,181,-3,194,7.30%
01-06-2022,North,A,95,-3,105,10.40%
01-07-2022,North,A,189,-3,194,2.70%
01-08-2022,North,A,114,-3,122,7.20%
01-09-2022,North,A,194,-3,199,2.70%
01-10-2022,North,A,64,-3,69,7.60%
01-11-2022,North,A,120,-3,130,8.70%
01-12-2022,North,A,167,-3,183,9.50%
01-01-2023,North,A,130,-3,134,3.40%
01-02-2023,North,A,87,-3,94,7.60%
01-03-2023,North,A,74,-3,82,10.40%
01-04-2023,North,A,112,-3,122,8.70%
01-05-2023,North,A,87,-3,90,3.70%
01-06-2023,North,A,95,-3,101,5.90%
01-07-2023,North,A,180,-3,195,8.40%
01-08-2023,North,A,171,-3,188,10.20%
01-09-2023,North,A,179,-3,186,4.10%
01-10-2023,North,A,102,-3,111,9.10%
01-11-2023,North,A,131,-3,136,3.50%
01-12-2023,North,A,119,-3,129,8.60%
01-01-2024,North,A,145,-3,156,7.60%
01-02-2024,North,A,156,-3,167,6.90%
01-03-2024,North,A,194,-3,208,7.40%
01-04-2024,North,A,79,-3,88,11.40%
01-05-2024,North,A,168,-3,176,4.70%
01-06-2024,North,A,156,-3,169,8.60%
01-07-2024,North,A,171,-3,179,4.70%
01-08-2024,North,A,187,-3,209,12.00%
01-09-2024,North,A,185,-3,205,10.60%
01-10-2024,North,A,134,-3,139,4.10%
01-11-2024,North,A,195,-3,206,5.50%
01-12-2024,North,A,73,-3,77,5.10%
01-01-2025,North,A,171,-3,183,7.10%
01-02-2025,North,A,74,-3,77,4.70%
01-03-2025,North,A,96,-3,105,8.90%
01-04-2021,South,A,153,-3,158,3.60%
01-05-2021,South,A,164,-3,180,9.60%
01-06-2021,South,A,136,-3,150,10.40%
01-07-2021,South,A,97,-3,103,5.80%
01-08-2021,South,A,79,-3,88,11.50%
01-09-2021,South,A,92,-3,99,7.40%
01-10-2021,South,A,106,-3,109,2.90%
01-11-2021,South,A,122,-3,129,6.00%
01-12-2021,South,A,148,-3,163,10.40%
01-01-2022,South,A,172,-3,182,5.50%
01-02-2022,South,A,159,-3,176,10.50%
01-03-2022,South,A,89,-3,93,3.90%
01-04-2022,South,A,140,-3,149,6.50%
01-05-2022,South,A,136,-3,147,8.10%
01-06-2022,South,A,169,-3,178,5.20%
01-07-2022,South,A,144,-3,155,7.40%
01-08-2022,South,A,150,-3,168,11.70%
01-09-2022,South,A,139,-3,145,4.10%
01-10-2022,South,A,188,-3,205,9.20%
01-11-2022,South,A,113,-3,116,2.40%
01-12-2022,South,A,200,-3,217,8.60%
01-01-2023,South,A,124,-3,131,5.60%
01-02-2023,South,A,97,-3,103,6.30%
01-03-2023,South,A,143,-3,147,2.50%
01-04-2023,South,A,169,-3,185,9.20%
01-05-2023,South,A,166,-3,176,6.00%
01-06-2023,South,A,121,-3,127,5.00%
01-07-2023,South,A,131,-3,142,8.10%
01-08-2023,South,A,200,-3,216,7.90%
01-09-2023,South,A,197,-3,215,8.90%
01-10-2023,South,A,76,-3,83,9.30%
01-11-2023,South,A,196,-3,206,5.30%
01-12-2023,South,A,153,-3,160,4.60%
01-01-2024,South,A,117,-3,123,5.10%
01-02-2024,South,A,138,-3,150,8.60%
01-03-2024,South,A,196,-3,219,11.90%
01-04-2024,South,A,101,-3,110,8.90%
01-05-2024,South,A,148,-3,164,11.10%
01-06-2024,South,A,109,-3,117,7.20%
01-07-2024,South,A,111,-3,122,9.50%
01-08-2024,South,A,145,-3,154,5.90%
01-09-2024,South,A,175,-3,187,6.90%
01-10-2024,South,A,169,-3,179,5.90%
01-11-2024,South,A,100,-3,106,5.60%
01-12-2024,South,A,93,-3,95,2.40%
01-01-2025,South,A,178,-3,194,9.10%
01-02-2025,South,A,190,-3,196,3.30%
01-03-2025,South,A,185,-3,201,8.90%
01-04-2021,West,A,211,-3,225,6.50%
01-05-2021,West,A,158,-3,169,6.90%
01-06-2021,West,A,200,-3,209,4.40%
01-07-2021,West,A,235,-3,245,4.20%
01-08-2021,West,A,163,-3,178,9.10%
01-09-2021,West,A,198,-3,215,8.50%
01-10-2021,West,A,163,-3,176,7.70%
01-11-2021,West,A,230,-3,254,10.30%
01-12-2021,West,A,186,-3,206,10.70%
01-01-2022,West,A,257,-3,282,9.70%
01-02-2022,West,A,267,-3,275,3.00%
01-03-2022,West,A,151,-3,158,4.60%
01-04-2022,West,A,272,-3,295,8.60%
01-05-2022,West,A,251,-3,262,4.30%
01-06-2022,West,A,173,-3,189,9.20%
01-07-2022,West,A,242,-3,255,5.50%
01-08-2022,West,A,262,-3,274,4.70%
01-09-2022,West,A,199,-3,216,8.60%
01-10-2022,West,A,193,-3,200,3.40%
01-11-2022,West,A,263,-3,286,8.80%
01-12-2022,West,A,197,-3,209,6.10%
01-01-2023,West,A,295,-3,329,11.40%
01-02-2023,West,A,207,-3,223,7.80%
01-03-2023,West,A,293,-3,327,11.80%
01-04-2023,West,A,170,-3,189,11.10%
01-05-2023,West,A,170,-3,178,5.00%
01-06-2023,West,A,178,-3,196,9.90%
01-07-2023,West,A,276,-3,294,6.40%
01-08-2023,West,A,197,-3,214,8.80%
01-09-2023,West,A,213,-3,236,10.60%
01-10-2023,West,A,297,-3,309,4.00%
01-11-2023,West,A,297,-3,308,3.70%
01-12-2023,West,A,221,-3,244,10.30%
01-01-2024,West,A,293,-3,308,5.00%
01-02-2024,West,A,221,-3,239,8.00%
01-03-2024,West,A,178,-3,184,3.30%
01-04-2024,West,A,243,-3,252,3.90%
01-05-2024,West,A,251,-3,274,9.10%
01-06-2024,West,A,272,-3,287,5.70%
01-07-2024,West,A,158,-3,176,11.30%
01-08-2024,West,A,181,-3,196,8.20%
01-09-2024,West,A,175,-3,195,11.70%
01-10-2024,West,A,223,-3,237,6.10%
01-11-2024,West,A,289,-3,298,3.20%
01-12-2024,West,A,248,-3,270,8.80%
01-01-2025,West,A,171,-3,180,5.10%
01-02-2025,West,A,171,-3,188,9.90%
01-03-2025,West,A,265,-3,296,11.70%
01-04-2021,North,C,102,-3,107,4.90%
01-05-2021,North,C,273,-3,302,10.80%
01-06-2021,North,C,140,-3,146,4.60%
01-07-2021,North,C,248,-3,263,6.20%
01-08-2021,North,C,237,-3,257,8.30%
01-09-2021,North,C,252,-3,269,6.90%
01-10-2021,North,C,188,-3,204,8.40%
01-11-2021,North,C,182,-3,200,9.80%
01-12-2021,North,C,131,-3,141,7.50%
01-01-2022,North,C,119,-3,131,10.30%
01-02-2022,North,C,132,-3,143,8.10%
01-03-2022,North,C,291,-3,310,6.50%
01-04-2022,North,C,216,-3,222,2.60%
01-05-2022,North,C,284,-3,293,3.30%
01-06-2022,North,C,110,-3,120,9.10%
01-07-2022,North,C,127,-3,139,9.30%
01-08-2022,North,C,158,-3,175,10.90%
01-09-2022,North,C,121,-3,134,10.60%
01-10-2022,North,C,114,-3,120,5.00%
01-11-2022,North,C,240,-3,246,2.60%
01-12-2022,North,C,201,-3,218,8.60%
01-01-2023,North,C,270,-3,295,9.10%
01-02-2023,North,C,266,-3,284,6.80%
01-03-2023,North,C,178,-3,185,4.00%
01-04-2023,North,C,193,-3,199,3.00%
01-05-2023,North,C,211,-3,227,7.60%
01-06-2023,North,C,164,-3,169,3.00%
01-07-2023,North,C,272,-3,279,2.70%
01-08-2023,North,C,242,-3,269,11.00%
01-09-2023,North,C,155,-3,165,6.30%
01-10-2023,North,C,294,-3,328,11.60%
01-11-2023,North,C,195,-3,207,6.10%
01-12-2023,North,C,298,-3,310,3.90%
01-01-2024,North,C,185,-3,200,7.90%
01-02-2024,North,C,132,-3,137,3.90%
01-03-2024,North,C,105,-3,115,9.20%
01-04-2024,North,C,174,-3,184,5.60%
01-05-2024,North,C,291,-3,300,3.10%
01-06-2024,North,C,123,-3,129,5.00%
01-07-2024,North,C,109,-3,113,3.90%
01-08-2024,North,C,255,-3,276,8.10%
01-09-2024,North,C,193,-3,210,8.70%
01-10-2024,North,C,287,-3,296,3.20%
01-11-2024,North,C,222,-3,238,7.10%
01-12-2024,North,C,290,-3,313,8.00%
01-01-2025,North,C,212,-3,220,4.00%
01-02-2025,North,C,102,-3,106,4.40%
01-03-2025,North,C,223,-3,245,9.90%
01-04-2021,North,C,212,-3,219,3.10%
01-05-2021,North,C,223,-3,239,7.00%
01-06-2021,North,C,144,-3,159,10.60%
01-07-2021,North,C,107,-3,119,11.50%
01-08-2021,North,C,144,-3,153,6.00%
01-09-2021,North,C,173,-3,191,10.10%
01-10-2021,North,C,166,-3,183,10.00%
01-11-2021,North,C,140,-3,155,10.40%
01-12-2021,North,C,133,-3,137,3.30%
01-01-2022,North,C,267,-3,275,2.90%
01-02-2022,North,C,150,-3,162,8.10%
01-03-2022,North,C,126,-3,135,7.30%
01-04-2022,North,C,293,-3,302,3.10%
01-05-2022,North,C,275,-3,288,4.80%
01-06-2022,North,C,137,-3,142,3.40%
01-07-2022,North,C,283,-3,302,6.60%
01-08-2022,North,C,290,-3,324,11.60%
01-09-2022,North,C,292,-3,320,9.60%
01-10-2022,North,C,116,-3,119,2.60%
01-11-2022,North,C,150,-3,163,8.60%
01-12-2022,North,C,155,-3,162,4.70%
01-01-2023,North,C,122,-3,135,10.40%
01-02-2023,North,C,232,-3,257,10.90%
01-03-2023,North,C,165,-3,176,6.40%
01-04-2023,North,C,295,-3,327,11.00%
01-05-2023,North,C,215,-3,220,2.30%
01-06-2023,North,C,140,-3,144,2.60%
01-07-2023,North,C,139,-3,156,12.00%
01-08-2023,North,C,145,-3,158,8.70%
01-09-2023,North,C,101,-3,111,9.90%
01-10-2023,North,C,285,-3,306,7.30%
01-11-2023,North,C,230,-3,243,5.70%
01-12-2023,North,C,118,-3,131,10.60%
01-01-2024,North,C,103,-3,107,4.30%
01-02-2024,North,C,205,-3,210,2.40%
01-03-2024,North,C,166,-3,182,9.80%
01-04-2024,North,C,243,-3,268,10.20%
01-05-2024,North,C,295,-3,324,9.70%
01-06-2024,North,C,238,-3,261,9.70%
01-07-2024,North,C,214,-3,226,5.60%
01-08-2024,North,C,259,-3,288,11.20%
01-09-2024,North,C,214,-3,226,5.50%
01-10-2024,North,C,121,-3,125,3.40%
01-11-2024,North,C,140,-3,153,9.20%
01-12-2024,North,C,103,-3,106,2.70%
01-01-2025,North,C,104,-3,111,6.60%
01-02-2025,North,C,185,-3,192,3.90%
01-03-2025,North,C,252,-3,270,7.10%
01-04-2021,South,C,137,-3,146,6.40%
01-05-2021,South,C,233,-3,257,10.20%
01-06-2021,South,C,170,-3,185,8.60%
01-07-2021,South,C,140,-3,152,8.30%
01-08-2021,South,C,146,-3,152,4.40%
01-09-2021,South,C,242,-3,250,3.30%
01-10-2021,South,C,214,-3,227,6.10%
01-11-2021,South,C,154,-3,169,9.70%
01-12-2021,South,C,170,-3,178,4.70%
01-01-2022,South,C,125,-3,136,9.20%
01-02-2022,South,C,176,-3,194,10.00%
01-03-2022,South,C,136,-3,152,11.40%
01-04-2022,South,C,282,-3,295,4.70%
01-05-2022,South,C,292,-3,304,3.90%
01-06-2022,South,C,180,-3,188,4.30%
01-07-2022,South,C,214,-3,237,10.80%
01-08-2022,South,C,268,-3,278,3.90%
01-09-2022,South,C,217,-3,223,2.80%
01-10-2022,South,C,214,-3,225,5.20%
01-11-2022,South,C,228,-3,243,6.40%
01-12-2022,South,C,180,-3,192,6.40%
01-01-2023,South,C,201,-3,212,5.50%
01-02-2023,South,C,132,-3,136,3.30%
01-03-2023,South,C,290,-3,322,10.90%
01-04-2023,South,C,210,-3,233,11.00%
01-05-2023,South,C,143,-3,155,8.10%
01-06-2023,South,C,299,-3,327,9.50%
01-07-2023,South,C,226,-3,232,2.60%
01-08-2023,South,C,130,-3,137,5.70%
01-09-2023,South,C,106,-3,113,6.90%
01-10-2023,South,C,177,-3,194,9.80%
01-11-2023,South,C,225,-3,239,6.20%
01-12-2023,South,C,288,-3,320,11.00%
01-01-2024,South,C,181,-3,199,10.00%
01-02-2024,South,C,160,-3,165,3.10%
01-03-2024,South,C,203,-3,215,5.90%
01-04-2024,South,C,261,-3,278,6.60%
01-05-2024,South,C,210,-3,222,5.60%
01-06-2024,South,C,266,-3,291,9.50%
01-07-2024,South,C,136,-3,146,7.00%
01-08-2024,South,C,283,-3,296,4.70%
01-09-2024,South,C,128,-3,132,3.20%
01-10-2024,South,C,143,-3,146,2.10%
01-11-2024,South,C,136,-3,151,11.10%
01-12-2024,South,C,234,-3,249,6.40%
01-01-2025,South,C,197,-3,202,2.70%
01-02-2025,South,C,198,-3,210,6.20%
01-03-2025,South,C,117,-3,128,9.50%
01-04-2021,South,C,159,-3,165,4.00%
01-05-2021,South,C,270,-3,285,5.70%
01-06-2021,South,C,290,-3,306,5.50%
01-07-2021,South,C,257,-3,273,6.10%
01-08-2021,South,C,249,-3,267,7.30%
01-09-2021,South,C,254,-3,276,8.80%
01-10-2021,South,C,227,-3,240,5.60%
01-11-2021,South,C,124,-3,129,4.40%
01-12-2021,South,C,237,-3,263,11.00%
01-01-2022,South,C,124,-3,132,6.20%
01-02-2022,South,C,257,-3,284,10.40%
01-03-2022,South,C,209,-3,220,5.50%
01-04-2022,South,C,170,-3,176,3.70%
01-05-2022,South,C,203,-3,225,10.80%
01-06-2022,South,C,246,-3,272,10.60%
01-07-2022,South,C,203,-3,222,9.30%
01-08-2022,South,C,129,-3,143,11.00%
01-09-2022,South,C,148,-3,153,3.70%
01-10-2022,South,C,101,-3,110,8.60%
01-11-2022,South,C,265,-3,274,3.40%
01-12-2022,South,C,154,-3,168,8.90%
01-01-2023,South,C,207,-3,214,3.30%
01-02-2023,South,C,120,-3,129,7.40%
01-03-2023,South,C,158,-3,163,3.00%
01-04-2023,South,C,164,-3,183,11.80%
01-05-2023,South,C,147,-3,152,3.40%
01-06-2023,South,C,261,-3,289,10.90%
01-07-2023,South,C,146,-3,152,4.40%
01-08-2023,South,C,275,-3,292,6.00%
01-09-2023,South,C,217,-3,229,5.50%
01-10-2023,South,C,278,-3,311,12.00%
01-11-2023,South,C,178,-3,196,10.00%
01-12-2023,South,C,173,-3,193,11.80%
01-01-2024,South,C,243,-3,261,7.60%
01-02-2024,South,C,169,-3,189,11.70%
01-03-2024,South,C,252,-3,276,9.40%
01-04-2024,South,C,231,-3,244,5.40%
01-05-2024,South,C,101,-3,111,9.80%
01-06-2024,South,C,172,-3,192,11.40%
01-07-2024,South,C,272,-3,292,7.30%
01-08-2024,South,C,131,-3,141,7.40%
01-09-2024,South,C,266,-3,287,7.90%
01-10-2024,South,C,139,-3,147,6.00%
01-11-2024,South,C,289,-3,310,7.20%
01-12-2024,South,C,165,-3,183,10.80%
01-01-2025,South,C,203,-3,209,2.90%
01-02-2025,South,C,204,-3,208,2.20%
01-03-2025,South,C,222,-3,237,6.90%
01-04-2021,West,C,106,-3,118,11.20%
01-05-2021,West,C,191,-3,206,8.10%
01-06-2021,West,C,262,-3,291,11.20%
01-07-2021,West,C,227,-3,250,10.10%
01-08-2021,West,C,177,-3,189,6.80%
01-09-2021,West,C,117,-3,120,2.20%
01-10-2021,West,C,273,-3,285,4.30%
01-11-2021,West,C,289,-3,320,10.60%
01-12-2021,West,C,262,-3,276,5.50%
01-01-2022,West,C,289,-3,312,8.10%
01-02-2022,West,C,226,-3,247,9.50%
01-03-2022,West,C,163,-3,182,11.90%
01-04-2022,West,C,150,-3,166,10.80%
01-05-2022,West,C,289,-3,308,6.70%
01-06-2022,West,C,100,-3,109,8.70%
01-07-2022,West,C,292,-3,319,9.30%
01-08-2022,West,C,103,-3,115,11.80%
01-09-2022,West,C,236,-3,261,10.50%
01-10-2022,West,C,299,-3,326,9.00%
01-11-2022,West,C,106,-3,116,9.50%
01-12-2022,West,C,261,-3,285,9.30%
01-01-2023,West,C,261,-3,281,7.80%
01-02-2023,West,C,293,-3,305,3.90%
01-03-2023,West,C,153,-3,157,2.50%
01-04-2023,West,C,210,-3,217,3.10%
01-05-2023,West,C,114,-3,124,9.10%
01-06-2023,West,C,243,-3,265,8.90%
01-07-2023,West,C,174,-3,186,7.00%
01-08-2023,West,C,215,-3,221,2.90%
01-09-2023,West,C,195,-3,212,9.00%
01-10-2023,West,C,261,-3,290,11.00%
01-11-2023,West,C,122,-3,132,7.90%
01-12-2023,West,C,171,-3,179,4.50%
01-01-2024,West,C,219,-3,227,3.90%
01-02-2024,West,C,107,-3,116,8.40%
01-03-2024,West,C,268,-3,276,3.10%
01-04-2024,West,C,167,-3,175,4.90%
01-05-2024,West,C,167,-3,186,11.60%
01-06-2024,West,C,197,-3,209,6.10%
01-07-2024,West,C,170,-3,180,6.20%
01-08-2024,West,C,214,-3,223,4.40%
01-09-2024,West,C,278,-3,288,3.70%
01-10-2024,West,C,233,-3,242,3.90%
01-11-2024,West,C,138,-3,147,6.70%
01-12-2024,West,C,100,-3,109,9.50%
01-01-2025,West,C,166,-3,175,5.20%
01-02-2025,West,C,161,-3,165,2.40%
01-03-2025,West,C,143,-3,148,3.50%
01-04-2021,West,C,161,-3,167,3.50%
01-05-2021,West,C,232,-3,249,7.50%
01-06-2021,West,C,199,-3,216,8.60%
01-07-2021,West,C,103,-3,113,9.90%
01-08-2021,West,C,299,-3,315,5.30%
01-09-2021,West,C,298,-3,316,6.10%
01-10-2021,West,C,110,-3,120,9.00%
01-11-2021,West,C,115,-3,119,3.40%
01-12-2021,West,C,125,-3,136,9.00%
01-01-2022,West,C,114,-3,122,7.20%
01-02-2022,West,C,217,-3,241,11.20%
01-03-2022,West,C,124,-3,138,11.60%
01-04-2022,West,C,267,-3,283,6.10%
01-05-2022,West,C,298,-3,313,5.10%
01-06-2022,West,C,131,-3,142,8.50%
01-07-2022,West,C,256,-3,277,8.00%
01-08-2022,West,C,185,-3,193,4.30%
01-09-2022,West,C,300,-3,310,3.40%
01-10-2022,West,C,294,-3,305,3.70%
01-11-2022,West,C,222,-3,235,6.00%
01-12-2022,West,C,120,-3,126,5.10%
01-01-2023,West,C,235,-3,258,9.80%
01-02-2023,West,C,210,-3,232,10.60%
01-03-2023,West,C,206,-3,230,11.60%
01-04-2023,West,C,180,-3,198,10.10%
01-05-2023,West,C,110,-3,117,6.30%
01-06-2023,West,C,190,-3,200,5.10%
01-07-2023,West,C,274,-3,294,7.30%
01-08-2023,West,C,100,-3,107,7.10%
01-09-2023,West,C,114,-3,125,9.80%
01-10-2023,West,C,137,-3,148,7.80%
01-11-2023,West,C,218,-3,233,7.00%
01-12-2023,West,C,199,-3,211,6.00%
01-01-2024,West,C,243,-3,248,2.20%
01-02-2024,West,C,197,-3,214,8.60%
01-03-2024,West,C,282,-3,303,7.40%
01-04-2024,West,C,248,-3,270,8.90%
01-05-2024,West,C,163,-3,174,6.70%
01-06-2024,West,C,169,-3,173,2.30%
01-07-2024,West,C,161,-3,177,9.90%
01-08-2024,West,C,262,-3,275,4.90%
01-09-2024,West,C,206,-3,217,5.20%
01-10-2024,West,C,180,-3,185,2.70%
01-11-2024,West,C,269,-3,291,8.10%
01-12-2024,West,C,132,-3,140,6.10%
01-01-2025,West,C,190,-3,208,9.60%
01-02-2025,West,C,279,-3,295,5.60%
01-03-2025,West,C,197,-3,204,3.70%
01-04-2021,North,B,86,-3,88,2.10%
01-05-2021,North,B,329,-3,356,8.10%
01-06-2021,North,B,204,-3,228,11.60%
01-07-2021,North,B,248,-3,271,9.20%
01-08-2021,North,B,267,-3,291,9.00%
01-09-2021,North,B,146,-3,159,9.10%
01-10-2021,North,B,284,-3,315,10.80%
01-11-2021,North,B,164,-3,171,4.10%
01-12-2021,North,B,228,-3,238,4.50%
01-01-2022,North,B,76,-3,81,7.00%
01-02-2022,North,B,284,-3,308,8.30%
01-03-2022,North,B,229,-3,249,8.90%
01-04-2022,North,B,108,-3,114,5.10%
01-05-2022,North,B,295,-3,318,7.90%
01-06-2022,North,B,163,-3,170,4.30%
01-07-2022,North,B,325,-3,359,10.50%
01-08-2022,North,B,198,-3,206,4.10%
01-09-2022,North,B,349,-3,358,2.60%
01-10-2022,North,B,112,-3,124,10.60%
01-11-2022,North,B,205,-3,224,9.30%
01-12-2022,North,B,292,-3,317,8.50%
01-01-2023,North,B,234,-3,253,8.20%
01-02-2023,North,B,142,-3,156,9.60%
01-03-2023,North,B,124,-3,132,6.50%
01-04-2023,North,B,172,-3,176,2.30%
01-05-2023,North,B,138,-3,146,5.70%
01-06-2023,North,B,162,-3,168,3.80%
01-07-2023,North,B,319,-3,336,5.30%
01-08-2023,North,B,260,-3,265,2.00%
01-09-2023,North,B,274,-3,281,2.40%
01-10-2023,North,B,176,-3,184,4.70%
01-11-2023,North,B,198,-3,216,9.10%
01-12-2023,North,B,199,-3,212,6.80%
01-01-2024,North,B,236,-3,244,3.60%
01-02-2024,North,B,270,-3,290,7.40%
01-03-2024,North,B,297,-3,323,8.70%
01-04-2024,North,B,119,-3,128,7.90%
01-05-2024,North,B,299,-3,315,5.50%
01-06-2024,North,B,267,-3,274,2.50%
01-07-2024,North,B,296,-3,322,8.80%
01-08-2024,North,B,320,-3,355,10.90%
01-09-2024,North,B,333,-3,351,5.50%
01-10-2024,North,B,241,-3,269,11.70%
01-11-2024,North,B,330,-3,353,7.10%
01-12-2024,North,B,128,-3,142,11.00%
01-01-2025,North,B,296,-3,330,11.50%
01-02-2025,North,B,132,-3,138,4.80%
01-03-2025,North,B,162,-3,175,7.80%
01-04-2021,North,B,138,-3,145,4.70%
01-05-2021,North,B,533,-3,562,5.40%
01-06-2021,North,B,316,-3,343,8.60%
01-07-2021,North,B,444,-3,470,5.90%
01-08-2021,North,B,425,-3,452,6.30%
01-09-2021,North,B,235,-3,255,8.60%
01-10-2021,North,B,474,-3,530,11.90%
01-11-2021,North,B,279,-3,305,9.30%
01-12-2021,North,B,367,-3,382,4.00%
01-01-2022,North,B,125,-3,138,10.50%
01-02-2022,North,B,480,-3,515,7.40%
01-03-2022,North,B,385,-3,398,3.30%
01-04-2022,North,B,189,-3,198,4.60%
01-05-2022,North,B,475,-3,494,4.00%
01-06-2022,North,B,245,-3,271,10.60%
01-07-2022,North,B,569,-3,625,9.90%
01-08-2022,North,B,333,-3,344,3.30%
01-09-2022,North,B,544,-3,575,5.80%
01-10-2022,North,B,174,-3,183,5.40%
01-11-2022,North,B,344,-3,383,11.30%
01-12-2022,North,B,450,-3,476,5.70%
01-01-2023,North,B,365,-3,405,10.90%
01-02-2023,North,B,256,-3,265,3.60%
01-03-2023,North,B,219,-3,239,9.20%
01-04-2023,North,B,310,-3,339,9.40%
01-05-2023,North,B,224,-3,243,8.30%
01-06-2023,North,B,290,-3,313,8.00%
01-07-2023,North,B,568,-3,617,8.60%
01-08-2023,North,B,429,-3,442,3.10%
01-09-2023,North,B,480,-3,501,4.40%
01-10-2023,North,B,271,-3,279,3.10%
01-11-2023,North,B,305,-3,319,4.70%
01-12-2023,North,B,314,-3,325,3.60%
01-01-2024,North,B,420,-3,454,8.20%
01-02-2024,North,B,459,-3,471,2.70%
01-03-2024,North,B,463,-3,488,5.50%
01-04-2024,North,B,188,-3,206,9.80%
01-05-2024,North,B,466,-3,480,3.10%
01-06-2024,North,B,417,-3,463,11.10%
01-07-2024,North,B,468,-3,492,5.20%
01-08-2024,North,B,493,-3,526,6.70%
01-09-2024,North,B,569,-3,586,2.90%
01-10-2024,North,B,395,-3,410,3.90%
01-11-2024,North,B,502,-3,545,8.60%
01-12-2024,North,B,210,-3,235,11.70%
01-01-2025,North,B,471,-3,481,2.10%
01-02-2025,North,B,215,-3,222,3.20%
01-03-2025,North,B,290,-3,314,8.30%
01-04-2021,South,B,145,-3,151,3.90%
01-05-2021,South,B,177,-3,195,10.30%
01-06-2021,South,B,106,-3,108,2.20%
01-07-2021,South,B,114,-3,122,6.70%
01-08-2021,South,B,139,-3,150,7.80%
01-09-2021,South,B,149,-3,165,11.10%
01-10-2021,South,B,159,-3,163,2.20%
01-11-2021,South,B,163,-3,166,2.10%
01-12-2021,South,B,139,-3,147,5.40%
01-01-2022,South,B,99,-3,109,9.80%
01-02-2022,South,B,158,-3,170,7.50%
01-03-2022,South,B,87,-3,96,9.80%
01-04-2022,South,B,124,-3,134,8.20%
01-05-2022,South,B,182,-3,203,11.50%
01-06-2022,South,B,191,-3,203,6.40%
01-07-2022,South,B,186,-3,208,11.90%
01-08-2022,South,B,118,-3,123,4.20%
01-09-2022,South,B,195,-3,216,11.00%
01-10-2022,South,B,81,-3,88,8.20%
01-11-2022,South,B,108,-3,119,10.50%
01-12-2022,South,B,188,-3,193,2.70%
01-01-2023,South,B,157,-3,165,4.90%
01-02-2023,South,B,138,-3,151,9.50%
01-03-2023,South,B,195,-3,213,9.00%
01-04-2023,South,B,91,-3,96,5.40%
01-05-2023,South,B,156,-3,165,5.80%
01-06-2023,South,B,89,-3,95,6.20%
01-07-2023,South,B,172,-3,177,3.00%
01-08-2023,South,B,106,-3,112,5.70%
01-09-2023,South,B,147,-3,160,8.90%
01-10-2023,South,B,75,-3,78,4.20%
01-11-2023,South,B,152,-3,158,3.90%
01-12-2023,South,B,87,-3,93,6.80%
01-01-2024,South,B,179,-3,198,10.80%
01-02-2024,South,B,108,-3,118,9.20%
01-03-2024,South,B,133,-3,139,4.50%
01-04-2024,South,B,150,-3,153,2.30%
01-05-2024,South,B,122,-3,134,9.80%
01-06-2024,South,B,115,-3,127,10.50%
01-07-2024,South,B,186,-3,193,4.00%
01-08-2024,South,B,158,-3,166,5.20%
01-09-2024,South,B,151,-3,169,11.80%
01-10-2024,South,B,88,-3,91,3.10%
01-11-2024,South,B,169,-3,188,11.20%
01-12-2024,South,B,174,-3,184,5.70%
01-01-2025,South,B,197,-3,218,10.50%
01-02-2025,South,B,97,-3,104,7.50%
01-03-2025,South,B,114,-3,118,3.80%
01-04-2021,South,B,129,-3,135,4.30%
01-05-2021,South,B,125,-3,137,9.70%
01-06-2021,South,B,127,-3,138,9.00%
01-07-2021,South,B,80,-3,87,9.10%
01-08-2021,South,B,197,-3,216,9.50%
01-09-2021,South,B,144,-3,148,2.70%
01-10-2021,South,B,122,-3,126,3.50%
01-11-2021,South,B,83,-3,87,5.40%
01-12-2021,South,B,142,-3,157,10.50%
01-01-2022,South,B,92,-3,100,8.70%
01-02-2022,South,B,91,-3,100,9.80%
01-03-2022,South,B,112,-3,121,8.00%
01-04-2022,South,B,122,-3,135,10.40%
01-05-2022,South,B,125,-3,129,3.00%
01-06-2022,South,B,189,-3,197,4.00%
01-07-2022,South,B,141,-3,156,10.70%
01-08-2022,South,B,82,-3,89,8.30%
01-09-2022,South,B,149,-3,163,9.10%
01-10-2022,South,B,94,-3,98,4.40%
01-11-2022,South,B,166,-3,174,4.70%
01-12-2022,South,B,120,-3,132,10.20%
01-01-2023,South,B,97,-3,102,5.40%
01-02-2023,South,B,141,-3,151,6.90%
01-03-2023,South,B,103,-3,115,11.50%
01-04-2023,South,B,174,-3,191,9.70%
01-05-2023,South,B,167,-3,172,3.00%
01-06-2023,South,B,78,-3,81,3.80%
01-07-2023,South,B,83,-3,92,11.30%
01-08-2023,South,B,111,-3,119,7.40%
01-09-2023,South,B,101,-3,112,10.70%
01-10-2023,South,B,104,-3,110,6.20%
01-11-2023,South,B,93,-3,104,11.50%
01-12-2023,South,B,142,-3,151,6.00%
01-01-2024,South,B,141,-3,153,8.80%
01-02-2024,South,B,147,-3,163,11.10%
01-03-2024,South,B,102,-3,107,4.80%
01-04-2024,South,B,167,-3,181,8.20%
01-05-2024,South,B,110,-3,118,7.60%
01-06-2024,South,B,192,-3,206,7.50%
01-07-2024,South,B,109,-3,115,5.00%
01-08-2024,South,B,165,-3,173,4.80%
01-09-2024,South,B,153,-3,167,9.00%
01-10-2024,South,B,180,-3,187,3.80%
01-11-2024,South,B,175,-3,187,6.70%
01-12-2024,South,B,174,-3,191,9.50%
01-01-2025,South,B,178,-3,182,2.40%
01-02-2025,South,B,172,-3,183,6.30%
01-03-2025,South,B,155,-3,161,4.10%
01-04-2021,West,B,258,-3,282,9.40%
01-05-2021,West,B,273,-3,305,11.60%
01-06-2021,West,B,155,-3,171,10.20%
01-07-2021,West,B,245,-3,255,4.10%
01-08-2021,West,B,288,-3,306,6.30%
01-09-2021,West,B,158,-3,167,5.90%
01-10-2021,West,B,272,-3,293,7.60%
01-11-2021,West,B,294,-3,328,11.50%
01-12-2021,West,B,228,-3,248,8.90%
01-01-2022,West,B,251,-3,269,7.30%
01-02-2022,West,B,180,-3,186,3.10%
01-03-2022,West,B,220,-3,243,10.40%
01-04-2022,West,B,165,-3,183,11.00%
01-05-2022,West,B,155,-3,164,5.80%
01-06-2022,West,B,217,-3,239,10.20%
01-07-2022,West,B,150,-3,156,4.10%
01-08-2022,West,B,232,-3,252,8.50%
01-09-2022,West,B,214,-3,234,9.10%
01-10-2022,West,B,170,-3,186,9.30%
01-11-2022,West,B,182,-3,201,10.70%
01-12-2022,West,B,182,-3,186,2.30%
01-01-2023,West,B,277,-3,295,6.70%
01-02-2023,West,B,212,-3,236,11.10%
01-03-2023,West,B,249,-3,276,10.70%
01-04-2023,West,B,154,-3,162,5.40%
01-05-2023,West,B,296,-3,307,3.60%
01-06-2023,West,B,202,-3,209,3.60%
01-07-2023,West,B,193,-3,207,7.20%
01-08-2023,West,B,230,-3,253,10.00%
01-09-2023,West,B,159,-3,177,11.00%
01-10-2023,West,B,183,-3,190,3.90%
01-11-2023,West,B,176,-3,183,4.00%
01-12-2023,West,B,167,-3,175,4.80%
01-01-2024,West,B,244,-3,251,2.80%
01-02-2024,West,B,244,-3,250,2.40%
01-03-2024,West,B,281,-3,289,2.90%
01-04-2024,West,B,207,-3,221,6.80%
01-05-2024,West,B,210,-3,229,9.20%
01-06-2024,West,B,274,-3,292,6.50%
01-07-2024,West,B,289,-3,310,7.20%
01-08-2024,West,B,229,-3,251,9.40%
01-09-2024,West,B,200,-3,207,3.50%
01-10-2024,West,B,160,-3,174,8.50%
01-11-2024,West,B,236,-3,251,6.20%
01-12-2024,West,B,280,-3,293,4.50%
01-01-2025,West,B,218,-3,232,6.50%
01-02-2025,West,B,282,-3,309,9.50%
01-03-2025,West,B,296,-3,330,11.60%
01-04-2021,West,B,270,-3,302,11.80%
01-05-2021,West,B,215,-3,219,2.10%
01-06-2021,West,B,285,-3,317,11.20%
01-07-2021,West,B,225,-3,236,4.90%
01-08-2021,West,B,280,-3,298,6.60%
01-09-2021,West,B,235,-3,251,6.90%
01-10-2021,West,B,248,-3,272,9.60%
01-11-2021,West,B,220,-3,225,2.20%
01-12-2021,West,B,151,-3,166,10.00%
01-01-2022,West,B,235,-3,250,6.50%
01-02-2022,West,B,255,-3,263,3.10%
01-03-2022,West,B,169,-3,179,5.80%
01-04-2022,West,B,252,-3,261,3.50%
01-05-2022,West,B,285,-3,304,6.70%
01-06-2022,West,B,299,-3,327,9.30%
01-07-2022,West,B,250,-3,280,12.00%
01-08-2022,West,B,295,-3,310,5.10%
01-09-2022,West,B,210,-3,223,6.10%
01-10-2022,West,B,271,-3,288,6.40%
01-11-2022,West,B,222,-3,232,4.50%
01-12-2022,West,B,235,-3,243,3.30%
01-01-2023,West,B,247,-3,269,9.00%
01-02-2023,West,B,288,-3,309,7.40%
01-03-2023,West,B,220,-3,225,2.40%
01-04-2023,West,B,286,-3,312,9.20%
01-05-2023,West,B,259,-3,267,2.90%
01-06-2023,West,B,155,-3,167,8.00%
01-07-2023,West,B,228,-3,254,11.50%
01-08-2023,West,B,218,-3,241,10.60%
01-09-2023,West,B,298,-3,325,9.10%
01-10-2023,West,B,170,-3,183,7.40%
01-11-2023,West,B,260,-3,277,6.40%
01-12-2023,West,B,157,-3,169,7.70%
01-01-2024,West,B,195,-3,201,2.90%
01-02-2024,West,B,213,-3,224,5.30%
01-03-2024,West,B,183,-3,197,7.60%
01-04-2024,West,B,155,-3,171,10.30%
01-05-2024,West,B,233,-3,253,8.80%
01-06-2024,West,B,233,-3,254,8.90%
01-07-2024,West,B,193,-3,214,10.70%
01-08-2024,West,B,176,-3,192,9.10%
01-09-2024,West,B,268,-3,293,9.20%
01-10-2024,West,B,298,-3,324,8.90%
01-11-2024,West,B,232,-3,244,5.10%
01-12-2024,West,B,156,-3,164,5.30%
01-01-2025,West,B,280,-3,286,2.10%
01-02-2025,West,B,258,-3,264,2.20%
01-03-2025,West,B,212,-3,217,2.20%
01-04-2025,North,B,167,-4,172,3.30%
01-05-2025,North,B,238,-4,249,4.80%
01-06-2025,North,B,200,-4,204,2.00%
01-07-2025,North,B,245,-4,254,3.90%
01-08-2025,North,B,253,-4,266,5.30%
01-09-2025,North,B,240,-4,265,10.30%
01-10-2025,North,B,182,-4,190,4.60%
01-11-2025,North,B,191,-4,202,5.90%
01-12-2025,North,B,204,-4,208,2.00%
01-01-2026,North,B,204,-4,226,10.90%
01-02-2026,North,B,185,-4,206,11.10%
01-03-2026,North,B,196,-4,210,6.90%
01-04-2025,North,B,297,-4,306,3.00%
01-05-2025,North,B,417,-4,427,2.50%
01-06-2025,North,B,362,-4,376,3.80%
01-07-2025,North,B,436,-4,463,6.30%
01-08-2025,North,B,415,-4,463,11.50%
01-09-2025,North,B,412,-4,432,5.00%
01-10-2025,North,B,302,-4,322,6.70%
01-11-2025,North,B,300,-4,334,11.50%
01-12-2025,North,B,376,-4,388,3.10%
01-01-2026,North,B,302,-4,326,7.80%
01-02-2026,North,B,265,-4,273,2.90%
01-03-2026,North,B,339,-4,365,7.60%
01-04-2025,South,B,65,-4,68,4.40%
01-05-2025,South,B,104,-4,113,8.70%
01-06-2025,South,B,94,-4,100,6.60%
01-07-2025,South,B,94,-4,102,8.30%
01-08-2025,South,B,92,-4,97,5.70%
01-09-2025,South,B,170,-4,187,10.30%
01-10-2025,South,B,93,-4,98,5.00%
01-11-2025,South,B,143,-4,154,7.70%
01-12-2025,South,B,174,-4,179,2.80%
01-01-2026,South,B,128,-4,132,3.00%
01-02-2026,South,B,84,-4,86,2.60%
01-03-2026,South,B,126,-4,140,11.40%
01-04-2025,South,B,158,-4,164,3.80%
01-05-2025,South,B,77,-4,80,3.70%
01-06-2025,South,B,87,-4,93,7.40%
01-07-2025,South,B,126,-4,137,8.60%
01-08-2025,South,B,121,-4,130,7.20%
01-09-2025,South,B,109,-4,118,8.00%
01-10-2025,South,B,70,-4,72,2.70%
01-11-2025,South,B,124,-4,134,8.30%
01-12-2025,South,B,169,-4,173,2.40%
01-01-2026,South,B,151,-4,157,4.00%
01-02-2026,South,B,84,-4,92,9.50%
01-03-2026,South,B,99,-4,103,3.90%
01-04-2025,West,B,158,-4,163,2.90%
01-05-2025,West,B,212,-4,217,2.50%
01-06-2025,West,B,230,-4,236,2.50%
01-07-2025,West,B,155,-4,173,11.50%
01-08-2025,West,B,219,-4,224,2.30%
01-09-2025,West,B,169,-4,174,2.70%
01-10-2025,West,B,180,-4,199,10.60%
01-11-2025,West,B,234,-4,249,6.50%
01-12-2025,West,B,172,-4,182,5.90%
01-01-2026,West,B,176,-4,187,6.00%
01-02-2026,West,B,189,-4,200,5.70%
01-03-2026,West,B,239,-4,252,5.60%
01-04-2025,West,B,218,-4,228,4.70%
01-05-2025,West,B,226,-4,236,4.20%
01-06-2025,West,B,134,-4,147,9.80%
01-07-2025,West,B,183,-4,195,6.30%
01-08-2025,West,B,239,-4,257,7.50%
01-09-2025,West,B,200,-4,221,10.40%
01-10-2025,West,B,217,-4,226,4.10%
01-11-2025,West,B,244,-4,263,7.90%
01-12-2025,West,B,200,-4,204,2.20%
01-01-2026,West,B,149,-4,161,8.00%
01-02-2026,West,B,216,-4,235,8.80%
01-03-2026,West,B,137,-4,145,6.10%
01-04-2025,West,C,213,-4,229,7.60%
01-05-2025,West,C,165,-4,174,5.70%
01-06-2025,West,C,99,-4,106,7.50%
01-07-2025,West,C,163,-4,170,4.10%
01-08-2025,West,C,89,-4,97,9.10%
01-09-2025,West,C,184,-4,188,2.10%
01-10-2025,West,C,134,-4,146,9.00%
01-11-2025,West,C,187,-4,204,9.20%
01-12-2025,West,C,216,-4,240,10.90%
01-01-2026,West,C,167,-4,175,4.60%
01-02-2026,West,C,253,-4,278,9.70%
01-03-2026,West,C,120,-4,126,5.20%
01-04-2025,West,C,159,-4,176,11.00%
01-05-2025,West,C,209,-4,231,10.70%
01-06-2025,West,C,108,-4,114,5.40%
01-07-2025,West,C,212,-4,226,6.60%
01-08-2025,West,C,200,-4,216,8.10%
01-09-2025,West,C,93,-4,102,9.90%
01-10-2025,West,C,207,-4,222,7.20%
01-11-2025,West,C,258,-4,278,7.60%
01-12-2025,West,C,143,-4,156,9.00%
01-01-2026,West,C,145,-4,156,7.70%
01-02-2026,West,C,128,-4,135,5.30%
01-03-2026,West,C,97,-4,107,10.10%
01-04-2025,South,C,141,-4,148,5.00%
01-05-2025,South,C,195,-4,201,3.20%
01-06-2025,South,C,175,-4,179,2.30%
01-07-2025,South,C,206,-4,218,5.90%
01-08-2025,South,C,89,-4,96,7.60%
01-09-2025,South,C,244,-4,259,6.20%
01-10-2025,South,C,130,-4,143,9.60%
01-11-2025,South,C,244,-4,257,5.20%
01-12-2025,South,C,168,-4,182,8.10%
01-01-2026,South,C,215,-4,237,10.50%
01-02-2026,South,C,231,-4,257,11.10%
01-03-2026,South,C,194,-4,207,6.60%
01-04-2025,South,C,187,-4,191,2.10%
01-05-2025,South,C,123,-4,129,5.00%
01-06-2025,South,C,100,-4,110,10.30%
01-07-2025,South,C,94,-4,96,2.40%
01-08-2025,South,C,154,-4,161,4.60%
01-09-2025,South,C,234,-4,244,4.30%
01-10-2025,South,C,225,-4,251,11.50%
01-11-2025,South,C,104,-4,109,4.40%
01-12-2025,South,C,121,-4,125,3.20%
01-01-2026,South,C,196,-4,210,7.00%
01-02-2026,South,C,134,-4,148,10.40%
01-03-2026,South,C,212,-4,235,10.80%
01-04-2025,North,C,218,-4,244,11.90%
01-05-2025,North,C,235,-4,257,9.40%
01-06-2025,North,C,95,-4,106,11.20%
01-07-2025,North,C,185,-4,200,7.80%
01-08-2025,North,C,179,-4,188,5.20%
01-09-2025,North,C,120,-4,123,2.80%
01-10-2025,North,C,234,-4,260,10.90%
01-11-2025,North,C,189,-4,211,11.80%
01-12-2025,North,C,139,-4,154,10.50%
01-01-2026,North,C,180,-4,198,10.00%
01-02-2026,North,C,151,-4,159,5.00%
01-03-2026,North,C,149,-4,162,8.70%
01-04-2025,North,C,92,-4,94,2.60%
01-05-2025,North,C,234,-4,241,2.80%
01-06-2025,North,C,170,-4,175,2.90%
01-07-2025,North,C,213,-4,230,8.20%
01-08-2025,North,C,101,-4,108,7.00%
01-09-2025,North,C,195,-4,203,3.90%
01-10-2025,North,C,216,-4,238,10.20%
01-11-2025,North,C,238,-4,246,3.40%
01-12-2025,North,C,210,-4,219,4.40%
01-01-2026,North,C,137,-4,145,6.20%
01-02-2026,North,C,219,-4,224,2.40%
01-03-2026,North,C,183,-4,189,3.40%
01-04-2025,North,A,94,-4,105,11.40%
01-05-2025,North,A,144,-4,155,7.50%
01-06-2025,North,A,108,-4,112,4.00%
01-07-2025,North,A,162,-4,179,10.20%
01-08-2025,North,A,142,-4,155,9.00%
01-09-2025,North,A,150,-4,161,7.20%
01-10-2025,North,A,110,-4,113,3.10%
01-11-2025,North,A,119,-4,127,6.80%
01-12-2025,North,A,117,-4,121,3.30%
01-01-2026,North,A,121,-4,129,6.30%
01-02-2026,North,A,109,-4,120,9.90%
01-03-2026,North,A,119,-4,121,2.10%
01-04-2025,South,A,157,-4,162,3.40%
01-05-2025,South,A,142,-4,146,2.70%
01-06-2025,South,A,94,-4,102,8.20%
01-07-2025,South,A,164,-4,172,5.00%
01-08-2025,South,A,152,-4,170,11.80%
01-09-2025,South,A,75,-4,78,3.70%
01-10-2025,South,A,62,-4,66,5.70%
01-11-2025,South,A,116,-4,121,4.30%
01-12-2025,South,A,95,-4,98,2.80%
01-01-2026,South,A,168,-4,187,11.40%
01-02-2026,South,A,90,-4,98,9.20%
01-03-2026,South,A,153,-4,157,2.60%
01-04-2025,West,A,234,-4,253,8.00%
01-05-2025,West,A,148,-4,155,4.80%
01-06-2025,West,A,213,-4,221,3.80%
01-07-2025,West,A,252,-4,278,10.40%
01-08-2025,West,A,154,-4,167,8.80%
01-09-2025,West,A,131,-4,140,6.90%
01-10-2025,West,A,215,-4,228,6.10%
01-11-2025,West,A,206,-4,228,10.60%
01-12-2025,West,A,211,-4,224,6.30%
01-01-2026,West,A,162,-4,167,3.30%
01-02-2026,West,A,184,-4,198,7.70%
01-03-2026,West,A,133,-4,142,6.90%
01-04-2021,North,A,167,-4,185,10.50%
01-05-2021,North,A,238,-4,264,11.00%
01-06-2021,North,A,200,-4,209,4.50%
01-07-2021,North,A,245,-4,267,9.00%
01-08-2021,North,A,253,-4,270,6.60%
01-09-2021,North,A,240,-4,257,7.00%
01-10-2021,North,A,182,-4,188,3.20%
01-11-2021,North,A,191,-4,202,5.70%
01-12-2021,North,A,204,-4,217,6.40%
01-01-2022,North,A,204,-4,227,11.10%
01-02-2022,North,A,185,-4,190,2.80%
01-03-2022,North,A,196,-4,208,6.40%
01-04-2022,North,A,297,-4,309,4.00%
01-05-2022,North,A,417,-4,435,4.30%
01-06-2022,North,A,362,-4,398,9.90%
01-07-2022,North,A,436,-4,451,3.50%
01-08-2022,North,A,415,-4,452,8.90%
01-09-2022,North,A,412,-4,435,5.60%
01-10-2022,North,A,302,-4,334,10.60%
01-11-2022,North,A,300,-4,329,9.80%
01-12-2022,North,A,376,-4,407,8.30%
01-01-2023,North,A,302,-4,320,5.90%
01-02-2023,North,A,265,-4,271,2.20%
01-03-2023,North,A,339,-4,365,7.80%
01-04-2023,North,A,65,-4,69,5.60%
01-05-2023,North,A,104,-4,109,4.70%
01-06-2023,North,A,94,-4,101,7.10%
01-07-2023,North,A,94,-4,97,2.80%
01-08-2023,North,A,92,-4,95,2.90%
01-09-2023,North,A,170,-4,190,11.90%
01-10-2023,North,A,93,-4,100,7.60%
01-11-2023,North,A,143,-4,158,10.40%
01-12-2023,North,A,174,-4,190,9.00%
01-01-2024,North,A,128,-4,140,9.20%
01-02-2024,North,A,84,-4,90,7.60%
01-03-2024,North,A,126,-4,129,2.00%
01-04-2024,North,A,158,-4,173,9.60%
01-05-2024,North,A,77,-4,84,9.50%
01-06-2024,North,A,87,-4,96,10.40%
01-07-2024,North,A,126,-4,139,10.60%
01-08-2024,North,A,121,-4,129,6.80%
01-09-2024,North,A,109,-4,118,8.00%
01-10-2024,North,A,70,-4,76,9.00%
01-11-2024,North,A,124,-4,133,7.30%
01-12-2024,North,A,169,-4,189,12.00%
01-01-2025,North,A,151,-4,155,2.90%
01-02-2025,North,A,84,-4,90,7.50%
01-03-2025,North,A,99,-4,108,9.00%
01-04-2021,South,A,158,-4,163,3.00%
01-05-2021,South,A,212,-4,218,2.90%
01-06-2021,South,A,230,-4,249,8.30%
01-07-2021,South,A,155,-4,159,2.90%
01-08-2021,South,A,219,-4,238,8.80%
01-09-2021,South,A,169,-4,183,8.50%
01-10-2021,South,A,180,-4,200,11.10%
01-11-2021,South,A,234,-4,257,10.00%
01-12-2021,South,A,172,-4,192,11.50%
01-01-2022,South,A,176,-4,188,6.80%
01-02-2022,South,A,189,-4,204,8.00%
01-03-2022,South,A,239,-4,260,9.00%
01-04-2022,South,A,218,-4,225,3.30%
01-05-2022,South,A,226,-4,239,5.60%
01-06-2022,South,A,134,-4,140,4.80%
01-07-2022,South,A,183,-4,189,3.10%
01-08-2022,South,A,239,-4,253,5.70%
01-09-2022,South,A,200,-4,205,2.70%
01-10-2022,South,A,217,-4,241,10.90%
01-11-2022,South,A,244,-4,265,8.50%
01-12-2022,South,A,200,-4,214,7.10%
01-01-2023,South,A,149,-4,160,7.70%
01-02-2023,South,A,216,-4,242,11.90%
01-03-2023,South,A,137,-4,146,6.80%
01-04-2023,South,A,213,-4,218,2.30%
01-05-2023,South,A,165,-4,184,11.40%
01-06-2023,South,A,99,-4,109,9.90%
01-07-2023,South,A,163,-4,174,6.50%
01-08-2023,South,A,89,-4,95,6.30%
01-09-2023,South,A,184,-4,191,3.60%
01-10-2023,South,A,134,-4,142,6.10%
01-11-2023,South,A,187,-4,195,4.20%
01-12-2023,South,A,216,-4,229,6.00%
01-01-2024,South,A,167,-4,176,5.40%
01-02-2024,South,A,253,-4,266,5.10%
01-03-2024,South,A,120,-4,122,2.10%
01-04-2024,South,A,159,-4,164,3.10%
01-05-2024,South,A,209,-4,221,5.70%
01-06-2024,South,A,108,-4,114,5.90%
01-07-2024,South,A,212,-4,220,3.60%
01-08-2024,South,A,200,-4,206,2.80%
01-09-2024,South,A,93,-4,95,2.10%
01-10-2024,South,A,207,-4,221,6.90%
01-11-2024,South,A,258,-4,286,11.00%
01-12-2024,South,A,143,-4,154,7.70%
01-01-2025,South,A,145,-4,154,6.10%
01-02-2025,South,A,128,-4,142,11.10%
01-03-2025,South,A,97,-4,105,7.80%
01-04-2021,West,A,141,-4,155,10.10%
01-05-2021,West,A,195,-4,211,8.30%
01-06-2021,West,A,175,-4,182,3.90%
01-07-2021,West,A,206,-4,219,6.30%
01-08-2021,West,A,89,-4,99,11.60%
01-09-2021,West,A,244,-4,268,9.60%
01-10-2021,West,A,130,-4,137,5.30%
01-11-2021,West,A,244,-4,266,8.80%
01-12-2021,West,A,168,-4,181,7.90%
01-01-2022,West,A,215,-4,220,2.30%
01-02-2022,West,A,231,-4,257,11.50%
01-03-2022,West,A,194,-4,215,11.00%
01-04-2022,West,A,187,-4,205,9.70%
01-05-2022,West,A,123,-4,132,7.10%
01-06-2022,West,A,100,-4,105,5.10%
01-07-2022,West,A,94,-4,102,8.10%
01-08-2022,West,A,154,-4,171,10.80%
01-09-2022,West,A,234,-4,256,9.60%
01-10-2022,West,A,225,-4,241,7.00%
01-11-2022,West,A,104,-4,108,4.10%
01-12-2022,West,A,121,-4,129,7.00%
01-01-2023,West,A,196,-4,209,6.50%
01-02-2023,West,A,134,-4,149,11.30%
01-03-2023,West,A,212,-4,217,2.10%
01-04-2023,West,A,218,-4,232,6.60%
01-05-2023,West,A,235,-4,255,8.30%
01-06-2023,West,A,95,-4,101,5.80%
01-07-2023,West,A,185,-4,198,7.00%
01-08-2023,West,A,179,-4,189,5.70%
01-09-2023,West,A,120,-4,128,6.70%
01-10-2023,West,A,234,-4,248,6.10%
01-11-2023,West,A,189,-4,196,3.70%
01-12-2023,West,A,139,-4,154,11.00%
01-01-2024,West,A,180,-4,200,10.80%
01-02-2024,West,A,151,-4,168,11.50%
01-03-2024,West,A,149,-4,155,4.30%
01-04-2024,West,A,92,-4,94,2.40%
01-05-2024,West,A,234,-4,241,3.10%
01-06-2024,West,A,170,-4,183,7.90%
01-07-2024,West,A,213,-4,222,4.40%
01-08-2024,West,A,101,-4,108,6.70%
01-09-2024,West,A,195,-4,208,6.50%
01-10-2024,West,A,216,-4,227,5.20%
01-11-2024,West,A,238,-4,245,3.10%
01-12-2024,West,A,210,-4,233,10.90%
01-01-2025,West,A,137,-4,145,5.90%
01-02-2025,West,A,219,-4,241,10.00%
01-03-2025,West,A,183,-4,204,11.60%
01-04-2021,North,C,94,-4,100,5.90%
01-05-2021,North,C,144,-4,155,7.70%
01-06-2021,North,C,108,-4,111,3.00%
01-07-2021,North,C,162,-4,179,10.20%
01-08-2021,North,C,142,-4,157,10.80%
01-09-2021,North,C,150,-4,165,10.00%
01-10-2021,North,C,110,-4,117,6.70%
01-11-2021,North,C,119,-4,123,3.20%
01-12-2021,North,C,117,-4,120,2.80%
01-01-2022,North,C,121,-4,128,5.90%
01-02-2022,North,C,109,-4,118,8.70%
01-03-2022,North,C,119,-4,123,3.70%
01-04-2022,North,C,157,-4,170,8.00%
01-05-2022,North,C,142,-4,158,11.20%
01-06-2022,North,C,94,-4,99,5.80%
01-07-2022,North,C,164,-4,179,9.30%
01-08-2022,North,C,152,-4,155,2.00%
01-09-2022,North,C,75,-4,83,10.50%
01-10-2022,North,C,62,-4,64,3.50%
01-11-2022,North,C,116,-4,119,2.80%
01-12-2022,North,C,95,-4,104,9.60%
01-01-2023,North,C,168,-4,181,7.50%
01-02-2023,North,C,90,-4,95,5.40%
01-03-2023,North,C,153,-4,157,2.80%
01-04-2023,North,C,234,-4,257,9.90%
01-05-2023,North,C,148,-4,156,5.40%
01-06-2023,North,C,213,-4,228,7.10%
01-07-2023,North,C,252,-4,279,10.80%
01-08-2023,North,C,154,-4,162,5.10%
01-09-2023,North,C,131,-4,139,5.90%
01-10-2023,North,C,215,-4,233,8.30%
01-11-2023,North,C,206,-4,223,8.40%
01-12-2023,North,C,211,-4,231,9.60%
01-01-2024,North,C,162,-4,173,6.90%
01-02-2024,North,C,184,-4,202,9.50%
01-03-2024,North,C,133,-4,146,9.50%
01-04-2024,North,C,167,-4,173,3.40%
01-05-2024,North,C,238,-4,244,2.70%
01-06-2024,North,C,200,-4,219,9.50%
01-07-2024,North,C,245,-4,272,11.10%
01-08-2024,North,C,253,-4,274,8.50%
01-09-2024,North,C,240,-4,257,7.10%
01-10-2024,North,C,182,-4,196,7.70%
01-11-2024,North,C,191,-4,209,9.70%
01-12-2024,North,C,204,-4,208,2.20%
01-01-2025,North,C,204,-4,220,8.00%
01-02-2025,North,C,185,-4,197,6.50%
01-03-2025,North,C,196,-4,207,5.60%
01-04-2021,North,C,297,-4,332,11.70%
01-05-2021,North,C,417,-4,442,5.90%
01-06-2021,North,C,362,-4,399,10.20%
01-07-2021,North,C,436,-4,472,8.30%
01-08-2021,North,C,415,-4,434,4.70%
01-09-2021,North,C,412,-4,454,10.30%
01-10-2021,North,C,302,-4,308,2.00%
01-11-2021,North,C,300,-4,319,6.50%
01-12-2021,North,C,376,-4,392,4.30%
01-01-2022,North,C,302,-4,312,3.20%
01-02-2022,North,C,265,-4,272,2.80%
01-03-2022,North,C,339,-4,373,10.10%
01-04-2022,North,C,65,-4,69,6.00%
01-05-2022,North,C,104,-4,114,10.00%
01-06-2022,North,C,94,-4,97,3.60%
01-07-2022,North,C,94,-4,103,9.60%
01-08-2022,North,C,92,-4,102,10.40%
01-09-2022,North,C,170,-4,184,8.30%
01-10-2022,North,C,93,-4,100,7.90%
01-11-2022,North,C,143,-4,155,8.10%
01-12-2022,North,C,174,-4,190,9.20%
01-01-2023,North,C,128,-4,137,6.90%
01-02-2023,North,C,84,-4,93,10.80%
01-03-2023,North,C,126,-4,131,3.90%
01-04-2023,North,C,158,-4,162,2.20%
01-05-2023,North,C,77,-4,79,2.40%
01-06-2023,North,C,87,-4,89,2.80%
01-07-2023,North,C,126,-4,136,7.70%
01-08-2023,North,C,121,-4,130,7.60%
01-09-2023,North,C,109,-4,120,10.00%
01-10-2023,North,C,70,-4,78,11.70%
01-11-2023,North,C,124,-4,131,5.50%
01-12-2023,North,C,169,-4,180,6.80%
01-01-2024,North,C,151,-4,165,9.60%
01-02-2024,North,C,84,-4,87,3.70%
01-03-2024,North,C,99,-4,103,3.80%
01-04-2024,North,C,158,-4,164,3.60%
01-05-2024,North,C,212,-4,222,4.70%
01-06-2024,North,C,230,-4,249,8.10%
01-07-2024,North,C,155,-4,172,11.10%
01-08-2024,North,C,219,-4,228,4.30%
01-09-2024,North,C,169,-4,185,9.40%
01-10-2024,North,C,180,-4,196,9.20%
01-11-2024,North,C,234,-4,261,11.70%
01-12-2024,North,C,172,-4,191,11.20%
01-01-2025,North,C,176,-4,189,7.20%
01-02-2025,North,C,189,-4,203,7.50%
01-03-2025,North,C,239,-4,244,2.20%
01-04-2021,South,C,218,-4,232,6.50%
01-05-2021,South,C,226,-4,243,7.40%
01-06-2021,South,C,134,-4,148,10.40%
01-07-2021,South,C,183,-4,193,5.40%
01-08-2021,South,C,239,-4,258,7.90%
01-09-2021,South,C,200,-4,204,2.10%
01-10-2021,South,C,217,-4,228,5.10%
01-11-2021,South,C,244,-4,267,9.30%
01-12-2021,South,C,200,-4,207,3.70%
01-01-2022,South,C,149,-4,162,8.60%
01-02-2022,South,C,216,-4,227,5.10%
01-03-2022,South,C,137,-4,153,12.00%
01-04-2022,South,C,213,-4,225,5.40%
01-05-2022,South,C,165,-4,177,7.30%
01-06-2022,South,C,99,-4,104,4.60%
01-07-2022,South,C,163,-4,180,10.20%
01-08-2022,South,C,89,-4,94,5.40%
01-09-2022,South,C,184,-4,196,6.70%
01-10-2022,South,C,134,-4,140,4.20%
01-11-2022,South,C,187,-4,200,7.20%
01-12-2022,South,C,216,-4,237,9.60%
01-01-2023,South,C,167,-4,177,5.90%
01-02-2023,South,C,253,-4,276,9.20%
01-03-2023,South,C,120,-4,133,10.70%
01-04-2023,South,C,159,-4,176,10.40%
01-05-2023,South,C,209,-4,225,7.90%
01-06-2023,South,C,108,-4,111,2.60%
01-07-2023,South,C,212,-4,233,10.10%
01-08-2023,South,C,200,-4,209,4.50%
01-09-2023,South,C,93,-4,100,7.10%
01-10-2023,South,C,207,-4,224,8.00%
01-11-2023,South,C,258,-4,278,7.70%
01-12-2023,South,C,143,-4,157,9.80%
01-01-2024,South,C,145,-4,150,3.40%
01-02-2024,South,C,128,-4,141,10.30%
01-03-2024,South,C,97,-4,101,4.40%
01-04-2024,South,C,141,-4,156,10.80%
01-05-2024,South,C,195,-4,217,11.30%
01-06-2024,South,C,175,-4,189,7.90%
01-07-2024,South,C,206,-4,221,7.10%
01-08-2024,South,C,89,-4,94,5.70%
01-09-2024,South,C,244,-4,254,4.00%
01-10-2024,South,C,130,-4,142,9.00%
01-11-2024,South,C,244,-4,264,8.30%
01-12-2024,South,C,168,-4,176,4.90%
01-01-2025,South,C,215,-4,234,8.90%
01-02-2025,South,C,231,-4,236,2.10%
01-03-2025,South,C,194,-4,202,4.00%
01-04-2021,South,C,187,-4,204,9.00%
01-05-2021,South,C,123,-4,136,10.70%
01-06-2021,South,C,100,-4,104,4.10%
01-07-2021,South,C,94,-4,97,2.90%
01-08-2021,South,C,154,-4,165,6.80%
01-09-2021,South,C,234,-4,254,8.50%
01-10-2021,South,C,225,-4,239,6.10%
01-11-2021,South,C,104,-4,113,8.20%
01-12-2021,South,C,121,-4,125,3.40%
01-01-2022,South,C,196,-4,215,9.90%
01-02-2022,South,C,134,-4,142,6.30%
01-03-2022,South,C,212,-4,217,2.40%
01-04-2022,South,C,218,-4,227,4.20%
01-05-2022,South,C,235,-4,262,11.40%
01-06-2022,South,C,95,-4,99,4.50%
01-07-2022,South,C,185,-4,205,11.10%
01-08-2022,South,C,179,-4,183,2.40%
01-09-2022,South,C,120,-4,123,2.70%
01-10-2022,South,C,234,-4,246,5.20%
01-11-2022,South,C,189,-4,193,2.30%
01-12-2022,South,C,139,-4,149,7.10%
01-01-2023,South,C,180,-4,186,3.10%
01-02-2023,South,C,151,-4,160,6.10%
01-03-2023,South,C,149,-4,159,6.50%
01-04-2023,South,C,92,-4,99,7.40%
01-05-2023,South,C,234,-4,253,8.30%
01-06-2023,South,C,170,-4,176,3.50%
01-07-2023,South,C,213,-4,223,4.50%
01-08-2023,South,C,101,-4,110,9.20%
01-09-2023,South,C,195,-4,205,5.10%
01-10-2023,South,C,216,-4,222,2.90%
01-11-2023,South,C,238,-4,253,6.40%
01-12-2023,South,C,210,-4,226,7.80%
01-01-2024,South,C,137,-4,140,2.10%
01-02-2024,South,C,219,-4,225,2.80%
01-03-2024,South,C,183,-4,192,5.00%
01-04-2024,South,C,94,-4,104,11.00%
01-05-2024,South,C,144,-4,156,8.60%
01-06-2024,South,C,108,-4,120,11.10%
01-07-2024,South,C,162,-4,171,5.60%
01-08-2024,South,C,142,-4,146,3.00%
01-09-2024,South,C,150,-4,156,4.10%
01-10-2024,South,C,110,-4,121,10.10%
01-11-2024,South,C,119,-4,127,7.00%
01-12-2024,South,C,117,-4,123,5.40%
01-01-2025,South,C,121,-4,131,8.60%
01-02-2025,South,C,109,-4,115,5.50%
01-03-2025,South,C,119,-4,122,2.50%
01-04-2021,West,C,157,-4,174,10.60%
01-05-2021,West,C,142,-4,151,6.70%
01-06-2021,West,C,94,-4,103,10.10%
01-07-2021,West,C,164,-4,180,9.50%
01-08-2021,West,C,152,-4,162,6.60%
01-09-2021,West,C,75,-4,83,11.30%
01-10-2021,West,C,62,-4,69,11.60%
01-11-2021,West,C,116,-4,122,5.30%
01-12-2021,West,C,95,-4,101,5.80%
01-01-2022,West,C,168,-4,178,5.80%
01-02-2022,West,C,90,-4,100,11.40%
01-03-2022,West,C,153,-4,166,8.70%
01-04-2022,West,C,234,-4,259,10.70%
01-05-2022,West,C,148,-4,154,3.90%
01-06-2022,West,C,213,-4,232,8.80%
01-07-2022,West,C,252,-4,264,4.60%
01-08-2022,West,C,154,-4,163,5.80%
01-09-2022,West,C,131,-4,135,3.10%
01-10-2022,West,C,215,-4,239,11.10%
01-11-2022,West,C,206,-4,210,2.20%
01-12-2022,West,C,211,-4,218,3.30%
01-01-2023,West,C,162,-4,173,6.50%
01-02-2023,West,C,184,-4,193,5.10%
01-03-2023,West,C,133,-4,137,2.60%
01-04-2023,West,C,167,-4,186,11.10%
01-05-2023,West,C,238,-4,266,11.90%
01-06-2023,West,C,200,-4,221,10.60%
01-07-2023,West,C,245,-4,253,3.40%
01-08-2023,West,C,253,-4,282,11.60%
01-09-2023,West,C,240,-4,246,2.30%
01-10-2023,West,C,182,-4,198,8.70%
01-11-2023,West,C,191,-4,209,9.50%
01-12-2023,West,C,204,-4,217,6.40%
01-01-2024,West,C,204,-4,210,2.80%
01-02-2024,West,C,185,-4,190,2.80%
01-03-2024,West,C,196,-4,219,11.90%
01-04-2024,West,C,297,-4,311,4.80%
01-05-2024,West,C,417,-4,432,3.50%
01-06-2024,West,C,362,-4,379,4.80%
01-07-2024,West,C,436,-4,481,10.40%
01-08-2024,West,C,415,-4,464,11.90%
01-09-2024,West,C,412,-4,447,8.40%
01-10-2024,West,C,302,-4,331,9.70%
01-11-2024,West,C,300,-4,321,7.10%
01-12-2024,West,C,376,-4,384,2.10%
01-01-2025,West,C,302,-4,325,7.60%
01-02-2025,West,C,265,-4,296,11.80%
01-03-2025,West,C,339,-4,356,5.20%
01-04-2021,West,C,65,-4,71,9.60%
01-05-2021,West,C,104,-4,114,10.10%
01-06-2021,West,C,94,-4,102,8.60%
01-07-2021,West,C,94,-4,103,9.90%
01-08-2021,West,C,92,-4,98,6.90%
01-09-2021,West,C,170,-4,189,11.30%
01-10-2021,West,C,93,-4,95,2.10%
01-11-2021,West,C,143,-4,157,9.70%
01-12-2021,West,C,174,-4,183,5.30%
01-01-2022,West,C,128,-4,131,2.40%
01-02-2022,West,C,84,-4,90,6.80%
01-03-2022,West,C,126,-4,139,10.30%
01-04-2022,West,C,158,-4,176,11.10%
01-05-2022,West,C,77,-4,81,5.30%
01-06-2022,West,C,87,-4,97,11.10%
01-07-2022,West,C,126,-4,132,4.50%
01-08-2022,West,C,121,-4,132,9.20%
01-09-2022,West,C,109,-4,118,8.10%
01-10-2022,West,C,70,-4,77,9.80%
01-11-2022,West,C,124,-4,129,4.20%
01-12-2022,West,C,169,-4,181,7.00%
01-01-2023,West,C,151,-4,162,7.40%
01-02-2023,West,C,84,-4,91,8.80%
01-03-2023,West,C,99,-4,104,5.00%
01-04-2023,West,C,158,-4,170,7.40%
01-05-2023,West,C,212,-4,225,6.20%
01-06-2023,West,C,230,-4,241,4.70%
01-07-2023,West,C,155,-4,169,8.90%
01-08-2023,West,C,219,-4,227,3.90%
01-09-2023,West,C,169,-4,188,11.20%
01-10-2023,West,C,180,-4,189,4.90%
01-11-2023,West,C,234,-4,260,11.00%
01-12-2023,West,C,172,-4,182,6.10%
01-01-2024,West,C,176,-4,181,3.00%
01-02-2024,West,C,189,-4,209,10.40%
01-03-2024,West,C,239,-4,249,4.20%
01-04-2024,West,C,218,-4,238,9.00%
01-05-2024,West,C,226,-4,247,9.20%
01-06-2024,West,C,134,-4,144,7.30%
01-07-2024,West,C,183,-4,205,11.90%
01-08-2024,West,C,239,-4,246,2.80%
01-09-2024,West,C,200,-4,205,2.30%
01-10-2024,West,C,217,-4,238,9.50%
01-11-2024,West,C,244,-4,267,9.50%
01-12-2024,West,C,200,-4,216,8.20%
01-01-2025,West,C,149,-4,163,9.10%
01-02-2025,West,C,216,-4,226,4.70%
01-03-2025,West,C,137,-4,146,6.60%
01-04-2021,North,B,213,-4,226,6.10%
01-05-2021,North,B,165,-4,177,7.60%
01-06-2021,North,B,99,-4,110,11.10%
01-07-2021,North,B,163,-4,168,3.30%
01-08-2021,North,B,89,-4,94,6.00%
01-09-2021,North,B,184,-4,196,6.60%
01-10-2021,North,B,134,-4,138,3.00%
01-11-2021,North,B,187,-4,205,9.70%
01-12-2021,North,B,216,-4,223,3.50%
01-01-2022,North,B,167,-4,171,2.70%
01-02-2022,North,B,253,-4,262,3.40%
01-03-2022,North,B,120,-4,126,4.70%
01-04-2022,North,B,159,-4,174,9.50%
01-05-2022,North,B,209,-4,223,6.80%
01-06-2022,North,B,108,-4,118,9.40%
01-07-2022,North,B,212,-4,230,8.70%
01-08-2022,North,B,200,-4,212,6.20%
01-09-2022,North,B,93,-4,104,11.40%
01-10-2022,North,B,207,-4,223,7.60%
01-11-2022,North,B,258,-4,281,9.00%
01-12-2022,North,B,143,-4,146,2.20%
01-01-2023,North,B,145,-4,157,8.20%
01-02-2023,North,B,128,-4,132,3.00%
01-03-2023,North,B,97,-4,101,3.70%
01-04-2023,North,B,141,-4,145,2.90%
01-05-2023,North,B,195,-4,201,3.20%
01-06-2023,North,B,175,-4,192,9.50%
01-07-2023,North,B,206,-4,219,6.10%
01-08-2023,North,B,89,-4,92,3.10%
01-09-2023,North,B,244,-4,270,10.70%
01-10-2023,North,B,130,-4,145,11.80%
01-11-2023,North,B,244,-4,256,4.80%
01-12-2023,North,B,168,-4,179,6.30%
01-01-2024,North,B,215,-4,226,5.10%
01-02-2024,North,B,231,-4,251,8.80%
01-03-2024,North,B,194,-4,208,7.10%
01-04-2024,North,B,187,-4,204,9.30%
01-05-2024,North,B,123,-4,137,11.50%
01-06-2024,North,B,100,-4,103,3.40%
01-07-2024,North,B,94,-4,105,11.30%
01-08-2024,North,B,154,-4,165,7.10%
01-09-2024,North,B,234,-4,249,6.40%
01-10-2024,North,B,225,-4,230,2.00%
01-11-2024,North,B,104,-4,108,3.50%
01-12-2024,North,B,121,-4,132,9.10%
01-01-2025,North,B,196,-4,213,8.80%
01-02-2025,North,B,134,-4,143,7.00%
01-03-2025,North,B,212,-4,234,10.30%
01-04-2021,North,B,218,-4,230,5.30%
01-05-2021,North,B,235,-4,246,4.80%
01-06-2021,North,B,95,-4,101,6.30%
01-07-2021,North,B,185,-4,201,8.50%
01-08-2021,North,B,179,-4,193,8.00%
01-09-2021,North,B,120,-4,129,7.90%
01-10-2021,North,B,234,-4,256,9.40%
01-11-2021,North,B,189,-4,197,4.10%
01-12-2021,North,B,139,-4,144,3.70%
01-01-2022,North,B,180,-4,187,4.20%
01-02-2022,North,B,151,-4,156,3.00%
01-03-2022,North,B,149,-4,162,8.60%
01-04-2022,North,B,92,-4,101,10.10%
01-05-2022,North,B,234,-4,241,3.00%
01-06-2022,North,B,170,-4,186,9.60%
01-07-2022,North,B,213,-4,229,7.70%
01-08-2022,North,B,101,-4,111,9.60%
01-09-2022,North,B,195,-4,213,9.40%
01-10-2022,North,B,216,-4,222,2.80%
01-11-2022,North,B,238,-4,266,11.70%
01-12-2022,North,B,210,-4,232,10.60%
01-01-2023,North,B,137,-4,141,3.10%
01-02-2023,North,B,219,-4,232,5.90%
01-03-2023,North,B,183,-4,187,2.40%
01-04-2023,North,B,94,-4,99,5.10%
01-05-2023,North,B,144,-4,153,6.40%
01-06-2023,North,B,108,-4,115,6.30%
01-07-2023,North,B,162,-4,166,2.60%
01-08-2023,North,B,142,-4,159,11.70%
01-09-2023,North,B,150,-4,160,6.80%
01-10-2023,North,B,110,-4,114,3.30%
01-11-2023,North,B,119,-4,131,10.10%
01-12-2023,North,B,117,-4,127,8.90%
01-01-2024,North,B,121,-4,125,3.00%
01-02-2024,North,B,109,-4,114,4.20%
01-03-2024,North,B,119,-4,131,9.80%
01-04-2024,North,B,157,-4,164,4.60%
01-05-2024,North,B,142,-4,151,6.00%
01-06-2024,North,B,94,-4,99,4.80%
01-07-2024,North,B,164,-4,179,9.40%
01-08-2024,North,B,152,-4,158,3.80%
01-09-2024,North,B,75,-4,83,10.90%
01-10-2024,North,B,62,-4,68,9.50%
01-11-2024,North,B,116,-4,119,2.50%
01-12-2024,North,B,95,-4,106,11.70%
01-01-2025,North,B,168,-4,180,7.30%
01-02-2025,North,B,90,-4,92,2.50%
01-03-2025,North,B,153,-4,162,5.80%
01-04-2021,South,B,234,-4,254,8.50%
01-05-2021,South,B,148,-4,154,4.00%
01-06-2021,South,B,213,-4,221,3.80%
01-07-2021,South,B,252,-4,274,8.60%
01-08-2021,South,B,154,-4,158,2.90%
01-09-2021,South,B,131,-4,141,7.40%
01-10-2021,South,B,215,-4,221,2.70%
01-11-2021,South,B,206,-4,229,10.90%
01-12-2021,South,B,211,-4,220,4.30%
01-01-2022,South,B,162,-4,175,8.20%
01-02-2022,South,B,184,-4,205,11.50%
01-03-2022,South,B,133,-4,145,8.90%
01-04-2022,South,B,167,-4,182,8.90%
01-05-2022,South,B,238,-4,255,7.00%
01-06-2022,South,B,200,-4,206,2.80%
01-07-2022,South,B,245,-4,258,5.30%
01-08-2022,South,B,253,-4,262,3.40%
01-09-2022,South,B,240,-4,256,6.50%
01-10-2022,South,B,182,-4,191,4.90%
01-11-2022,South,B,191,-4,198,3.80%
01-12-2022,South,B,204,-4,225,10.10%
01-01-2023,South,B,204,-4,219,7.10%
01-02-2023,South,B,185,-4,200,8.20%
01-03-2023,South,B,196,-4,204,4.20%
01-04-2023,South,B,297,-4,328,10.50%
01-05-2023,South,B,417,-4,432,3.70%
01-06-2023,South,B,362,-4,380,4.90%
01-07-2023,South,B,436,-4,483,10.80%
01-08-2023,South,B,415,-4,460,10.80%
01-09-2023,South,B,412,-4,426,3.40%
01-10-2023,South,B,302,-4,311,2.90%
01-11-2023,South,B,300,-4,326,8.50%
01-12-2023,South,B,376,-4,387,2.90%
01-01-2024,South,B,302,-4,318,5.30%
01-02-2024,South,B,265,-4,278,4.80%
01-03-2024,South,B,339,-4,359,5.80%
01-04-2024,South,B,65,-4,70,7.80%
01-05-2024,South,B,104,-4,107,2.40%
01-06-2024,South,B,94,-4,103,9.50%
01-07-2024,South,B,94,-4,98,4.20%
01-08-2024,South,B,92,-4,96,3.80%
01-09-2024,South,B,170,-4,184,8.20%
01-10-2024,South,B,93,-4,99,6.00%
01-11-2024,South,B,143,-4,154,7.40%
01-12-2024,South,B,174,-4,187,7.40%
01-01-2025,South,B,128,-4,135,5.60%
01-02-2025,South,B,84,-4,88,4.40%
01-03-2025,South,B,126,-4,130,2.90%
01-04-2021,South,B,158,-4,173,9.40%
01-05-2021,South,B,77,-4,86,11.70%
01-06-2021,South,B,87,-4,96,10.70%
01-07-2021,South,B,126,-4,138,9.50%
01-08-2021,South,B,121,-4,130,7.10%
01-09-2021,South,B,109,-4,115,5.50%
01-10-2021,South,B,70,-4,72,3.50%
01-11-2021,South,B,124,-4,130,4.60%
01-12-2021,South,B,169,-4,178,5.50%
01-01-2022,South,B,151,-4,160,5.70%
01-02-2022,South,B,84,-4,92,9.00%
01-03-2022,South,B,99,-4,103,4.20%
01-04-2022,South,B,158,-4,165,4.30%
01-05-2022,South,B,212,-4,220,3.90%
01-06-2022,South,B,230,-4,245,6.70%
01-07-2022,South,B,155,-4,167,8.00%
01-08-2022,South,B,219,-4,234,6.60%
01-09-2022,South,B,169,-4,187,10.90%
01-10-2022,South,B,180,-4,184,2.50%
01-11-2022,South,B,234,-4,259,10.60%
01-12-2022,South,B,172,-4,178,3.80%
01-01-2023,South,B,176,-4,187,6.50%
01-02-2023,South,B,189,-4,197,4.40%
01-03-2023,South,B,239,-4,248,3.80%
01-04-2023,South,B,218,-4,228,4.70%
01-05-2023,South,B,226,-4,246,8.90%
01-06-2023,South,B,134,-4,139,4.00%
01-07-2023,South,B,183,-4,188,2.80%
01-08-2023,South,B,239,-4,244,2.30%
01-09-2023,South,B,200,-4,219,9.30%
01-10-2023,South,B,217,-4,231,6.40%
01-11-2023,South,B,244,-4,263,7.60%
01-12-2023,South,B,200,-4,219,9.50%
01-01-2024,South,B,149,-4,154,3.20%
01-02-2024,South,B,216,-4,230,6.30%
01-03-2024,South,B,137,-4,145,5.80%
01-04-2024,South,B,213,-4,222,4.10%
01-05-2024,South,B,165,-4,180,9.10%
01-06-2024,South,B,99,-4,108,9.40%
01-07-2024,South,B,163,-4,181,11.20%
01-08-2024,South,B,89,-4,96,7.30%
01-09-2024,South,B,184,-4,203,10.30%
01-10-2024,South,B,134,-4,145,8.10%
01-11-2024,South,B,187,-4,206,10.40%
01-12-2024,South,B,216,-4,223,3.20%
01-01-2025,South,B,167,-4,178,6.40%
01-02-2025,South,B,253,-4,261,3.10%
01-03-2025,South,B,120,-4,126,5.40%
01-04-2021,West,B,159,-4,165,3.80%
01-05-2021,West,B,209,-4,233,11.70%
01-06-2021,West,B,108,-4,114,5.40%
01-07-2021,West,B,212,-4,229,7.80%
01-08-2021,West,B,200,-4,216,7.80%
01-09-2021,West,B,93,-4,95,2.20%
01-10-2021,West,B,207,-4,214,3.50%
01-11-2021,West,B,258,-4,284,10.10%
01-12-2021,West,B,143,-4,154,7.40%
01-01-2022,West,B,145,-4,149,2.50%
01-02-2022,West,B,128,-4,140,9.70%
01-03-2022,West,B,97,-4,108,10.90%
01-04-2022,West,B,141,-4,149,5.60%
01-05-2022,West,B,195,-4,204,4.90%
01-06-2022,West,B,175,-4,181,3.30%
01-07-2022,West,B,206,-4,230,11.50%
01-08-2022,West,B,89,-4,94,5.40%
01-09-2022,West,B,244,-4,272,11.50%
01-10-2022,West,B,130,-4,136,4.60%
01-11-2022,West,B,244,-4,266,9.00%
01-12-2022,West,B,168,-4,172,2.50%
01-01-2023,West,B,215,-4,233,8.60%
01-02-2023,West,B,231,-4,257,11.00%
01-03-2023,West,B,194,-4,200,3.00%
01-04-2023,West,B,187,-4,206,10.40%
01-05-2023,West,B,123,-4,133,7.80%
01-06-2023,West,B,100,-4,108,7.70%
01-07-2023,West,B,94,-4,103,9.70%
01-08-2023,West,B,154,-4,161,4.60%
01-09-2023,West,B,234,-4,252,7.80%
01-10-2023,West,B,225,-4,244,8.30%
01-11-2023,West,B,104,-4,109,4.90%
01-12-2023,West,B,121,-4,128,6.00%
01-01-2024,West,B,196,-4,218,11.00%
01-02-2024,West,B,134,-4,139,3.60%
01-03-2024,West,B,212,-4,224,5.50%
01-04-2024,West,B,218,-4,243,11.30%
01-05-2024,West,B,235,-4,252,7.30%
01-06-2024,West,B,95,-4,101,6.10%
01-07-2024,West,B,185,-4,199,7.40%
01-08-2024,West,B,179,-4,191,6.80%
01-09-2024,West,B,120,-4,125,3.90%
01-10-2024,West,B,234,-4,246,5.00%
01-11-2024,West,B,189,-4,209,10.60%
01-12-2024,West,B,139,-4,143,3.20%
01-01-2025,West,B,180,-4,186,3.50%
01-02-2025,West,B,151,-4,155,2.80%
01-03-2025,West,B,149,-4,165,10.90%
01-04-2021,West,B,92,-4,98,6.60%
01-05-2021,West,B,234,-4,256,9.40%
01-06-2021,West,B,170,-4,174,2.20%
01-07-2021,West,B,213,-4,236,11.00%
01-08-2021,West,B,101,-4,109,8.30%
01-09-2021,West,B,195,-4,207,6.40%
01-10-2021,West,B,216,-4,230,6.60%
01-11-2021,West,B,238,-4,256,7.50%
01-12-2021,West,B,210,-4,227,8.10%
01-01-2022,West,B,137,-4,148,7.90%
01-02-2022,West,B,219,-4,237,8.00%
01-03-2022,West,B,183,-4,187,2.10%
01-04-2022,West,B,94,-4,97,2.70%
01-05-2022,West,B,144,-4,153,6.20%
01-06-2022,West,B,108,-4,112,3.30%
01-07-2022,West,B,162,-4,178,10.00%
01-08-2022,West,B,142,-4,155,9.30%
01-09-2022,West,B,150,-4,156,4.00%
01-10-2022,West,B,110,-4,121,10.30%
01-11-2022,West,B,119,-4,123,3.40%
01-12-2022,West,B,117,-4,126,7.30%
01-01-2023,West,B,121,-4,135,11.40%
01-02-2023,West,B,109,-4,118,8.40%
01-03-2023,West,B,119,-4,127,6.40%
01-04-2023,West,B,157,-4,171,8.80%
01-05-2023,West,B,142,-4,150,5.80%
01-06-2023,West,B,94,-4,98,3.90%
01-07-2023,West,B,164,-4,172,4.80%
01-08-2023,West,B,152,-4,156,2.80%
01-09-2023,West,B,75,-4,79,5.50%
01-10-2023,West,B,62,-4,64,4.00%
01-11-2023,West,B,116,-4,128,10.50%
01-12-2023,West,B,95,-4,102,7.30%
01-01-2024,West,B,168,-4,174,3.40%
01-02-2024,West,B,90,-4,100,11.50%
01-03-2024,West,B,153,-4,158,3.00%
01-04-2024,West,B,234,-4,255,8.90%
01-05-2024,West,B,148,-4,165,11.70%
01-06-2024,West,B,213,-4,231,8.60%
01-07-2024,West,B,252,-4,258,2.30%
01-08-2024,West,B,154,-4,165,7.10%
01-09-2024,West,B,131,-4,138,5.30%
01-10-2024,West,B,215,-4,229,6.40%
01-11-2024,West,B,206,-4,222,7.70%
01-12-2024,West,B,211,-4,230,9.20%
01-01-2025,West,B,162,-4,178,9.80%
01-02-2025,West,B,184,-4,192,4.30%
01-03-2025,West,B,133,-4,148,11.30%
01-04-2025,North,B,167,-5,178,6.80%
01-05-2025,North,B,238,-5,259,8.90%
01-06-2025,North,B,200,-5,223,11.50%
01-07-2025,North,B,245,-5,262,7.10%
01-08-2025,North,B,253,-5,271,7.00%
01-09-2025,North,B,240,-5,261,8.50%
01-10-2025,North,B,182,-5,192,5.20%
01-11-2025,North,B,191,-5,204,6.60%
01-12-2025,North,B,204,-5,211,3.30%
01-01-2026,North,B,204,-5,216,5.90%
01-02-2026,North,B,185,-5,201,8.40%
01-03-2026,North,B,196,-5,217,10.90%
01-04-2025,North,B,297,-5,322,8.60%
01-05-2025,North,B,417,-5,429,3.00%
01-06-2025,North,B,362,-5,385,6.40%
01-07-2025,North,B,436,-5,475,9.00%
01-08-2025,North,B,415,-5,460,10.80%
01-09-2025,North,B,412,-5,426,3.40%
01-10-2025,North,B,302,-5,312,3.30%
01-11-2025,North,B,300,-5,328,9.40%
01-12-2025,North,B,376,-5,406,8.10%
01-01-2026,North,B,302,-5,331,9.70%
01-02-2026,North,B,265,-5,286,8.10%
01-03-2026,North,B,339,-5,357,5.30%
01-04-2025,South,B,65,-5,69,6.10%
01-05-2025,South,B,104,-5,107,2.80%
01-06-2025,South,B,94,-5,97,3.10%
01-07-2025,South,B,94,-5,102,8.80%
01-08-2025,South,B,92,-5,96,4.50%
01-09-2025,South,B,170,-5,180,5.70%
01-10-2025,South,B,93,-5,98,5.80%
01-11-2025,South,B,143,-5,149,4.10%
01-12-2025,South,B,174,-5,193,11.10%
01-01-2026,South,B,128,-5,138,8.00%
01-02-2026,South,B,84,-5,86,2.60%
01-03-2026,South,B,126,-5,134,6.00%
01-04-2025,South,B,158,-5,174,10.40%
01-05-2025,South,B,77,-5,85,10.10%
01-06-2025,South,B,87,-5,91,4.90%
01-07-2025,South,B,126,-5,131,4.30%
01-08-2025,South,B,121,-5,124,2.20%
01-09-2025,South,B,109,-5,117,7.10%
01-10-2025,South,B,70,-5,73,4.00%
01-11-2025,South,B,124,-5,136,9.50%
01-12-2025,South,B,169,-5,189,11.90%
01-01-2026,South,B,151,-5,155,2.60%
01-02-2026,South,B,84,-5,86,2.50%
01-03-2026,South,B,99,-5,108,9.00%
01-04-2025,West,B,158,-5,167,5.90%
01-05-2025,West,B,212,-5,227,7.10%
01-06-2025,West,B,230,-5,248,7.90%
01-07-2025,West,B,155,-5,160,3.00%
01-08-2025,West,B,219,-5,233,6.20%
01-09-2025,West,B,169,-5,174,3.10%
01-10-2025,West,B,180,-5,199,10.40%
01-11-2025,West,B,234,-5,260,11.20%
01-12-2025,West,B,172,-5,192,11.50%
01-01-2026,West,B,176,-5,183,3.90%
01-02-2026,West,B,189,-5,204,7.70%
01-03-2026,West,B,239,-5,254,6.10%
01-04-2025,West,B,218,-5,237,8.70%
01-05-2025,West,B,226,-5,244,7.80%
01-06-2025,West,B,134,-5,141,5.20%
01-07-2025,West,B,183,-5,187,2.20%
01-08-2025,West,B,239,-5,244,2.10%
01-09-2025,West,B,200,-5,209,4.70%
01-10-2025,West,B,217,-5,235,8.40%
01-11-2025,West,B,244,-5,254,4.30%
01-12-2025,West,B,200,-5,209,4.50%
01-01-2026,West,B,149,-5,161,8.20%
01-02-2026,West,B,216,-5,229,6.10%
01-03-2026,West,B,137,-5,152,10.70%
01-04-2025,West,C,213,-5,225,5.80%
01-05-2025,West,C,165,-5,175,6.00%
01-06-2025,West,C,99,-5,106,7.30%
01-07-2025,West,C,163,-5,174,6.90%
01-08-2025,West,C,89,-5,98,10.30%
01-09-2025,West,C,184,-5,188,2.20%
01-10-2025,West,C,134,-5,141,5.50%
01-11-2025,West,C,187,-5,200,6.70%
01-12-2025,West,C,216,-5,237,9.50%
01-01-2026,West,C,167,-5,172,3.20%
01-02-2026,West,C,253,-5,264,4.40%
01-03-2026,West,C,120,-5,126,4.70%
01-04-2025,West,C,159,-5,165,3.70%
01-05-2025,West,C,209,-5,224,7.10%
01-06-2025,West,C,108,-5,114,5.70%
01-07-2025,West,C,212,-5,218,3.00%
01-08-2025,West,C,200,-5,216,7.80%
01-09-2025,West,C,93,-5,98,5.10%
01-10-2025,West,C,207,-5,224,8.40%
01-11-2025,West,C,258,-5,271,5.00%
01-12-2025,West,C,143,-5,153,7.00%
01-01-2026,West,C,145,-5,161,11.10%
01-02-2026,West,C,128,-5,136,6.20%
01-03-2026,West,C,97,-5,104,7.00%
01-04-2025,South,C,141,-5,155,10.00%
01-05-2025,South,C,195,-5,204,4.90%
01-06-2025,South,C,175,-5,194,10.80%
01-07-2025,South,C,206,-5,212,2.70%
01-08-2025,South,C,89,-5,98,10.50%
01-09-2025,South,C,244,-5,269,10.10%
01-10-2025,South,C,130,-5,133,2.50%
01-11-2025,South,C,244,-5,257,5.50%
01-12-2025,South,C,168,-5,179,6.30%
01-01-2026,South,C,215,-5,221,2.60%
01-02-2026,South,C,231,-5,252,9.00%
01-03-2026,South,C,194,-5,211,8.90%
01-04-2025,South,C,187,-5,209,11.80%
01-05-2025,South,C,123,-5,135,9.70%
01-06-2025,South,C,100,-5,109,8.70%
01-07-2025,South,C,94,-5,96,2.20%
01-08-2025,South,C,154,-5,164,6.30%
01-09-2025,South,C,234,-5,240,2.60%
01-10-2025,South,C,225,-5,231,2.70%
01-11-2025,South,C,104,-5,115,10.30%
01-12-2025,South,C,121,-5,127,5.20%
01-01-2026,South,C,196,-5,208,6.10%
01-02-2026,South,C,134,-5,144,7.40%
01-03-2026,South,C,212,-5,228,7.30%
01-04-2025,North,C,218,-5,234,7.10%
01-05-2025,North,C,235,-5,248,5.40%
01-06-2025,North,C,95,-5,99,3.80%
01-07-2025,North,C,185,-5,191,3.10%
01-08-2025,North,C,179,-5,186,3.70%
01-09-2025,North,C,120,-5,133,10.50%
01-10-2025,North,C,234,-5,239,2.30%
01-11-2025,North,C,189,-5,193,2.20%
01-12-2025,North,C,139,-5,148,6.70%
01-01-2026,North,C,180,-5,188,4.60%
01-02-2026,North,C,151,-5,166,10.30%
01-03-2026,North,C,149,-5,163,9.20%
01-04-2025,North,C,92,-5,95,3.00%
01-05-2025,North,C,234,-5,247,5.60%
01-06-2025,North,C,170,-5,185,9.10%
01-07-2025,North,C,213,-5,238,11.70%
01-08-2025,North,C,101,-5,104,2.80%
01-09-2025,North,C,195,-5,212,8.90%
01-10-2025,North,C,216,-5,221,2.40%
01-11-2025,North,C,238,-5,250,4.80%
01-12-2025,North,C,210,-5,219,4.50%
01-01-2026,North,C,137,-5,148,8.20%
01-02-2026,North,C,219,-5,233,6.40%
01-03-2026,North,C,183,-5,199,8.80%
01-04-2025,North,A,94,-5,98,4.50%
01-05-2025,North,A,144,-5,152,5.70%
01-06-2025,North,A,108,-5,110,2.20%
01-07-2025,North,A,162,-5,181,11.80%
01-08-2025,North,A,142,-5,159,11.80%
01-09-2025,North,A,150,-5,163,8.40%
01-10-2025,North,A,110,-5,119,8.40%
01-11-2025,North,A,119,-5,124,4.30%
01-12-2025,North,A,117,-5,122,4.20%
01-01-2026,North,A,121,-5,131,8.30%
01-02-2026,North,A,109,-5,116,6.50%
01-03-2026,North,A,119,-5,130,9.30%
01-04-2025,South,A,157,-5,161,2.30%
01-05-2025,South,A,142,-5,156,9.70%
01-06-2025,South,A,94,-5,100,6.00%
01-07-2025,South,A,164,-5,170,3.50%
01-08-2025,South,A,152,-5,160,5.50%
01-09-2025,South,A,75,-5,83,11.30%
01-10-2025,South,A,62,-5,69,10.70%
01-11-2025,South,A,116,-5,123,6.30%
01-12-2025,South,A,95,-5,105,10.90%
01-01-2026,South,A,168,-5,183,9.10%
01-02-2026,South,A,90,-5,96,6.90%
01-03-2026,South,A,153,-5,164,6.90%
01-04-2025,West,A,234,-5,248,5.90%
01-05-2025,West,A,148,-5,151,2.40%
01-06-2025,West,A,213,-5,233,9.50%
01-07-2025,West,A,252,-5,260,3.00%
01-08-2025,West,A,154,-5,165,7.40%
01-09-2025,West,A,131,-5,144,9.80%
01-10-2025,West,A,215,-5,240,11.50%
01-11-2025,West,A,206,-5,220,6.80%
01-12-2025,West,A,211,-5,226,7.10%
01-01-2026,West,A,162,-5,175,8.10%
01-02-2026,West,A,184,-5,198,7.60%
01-03-2026,West,A,133,-5,136,2.10%
01-04-2021,North,A,74,-5,78,5.30%
01-05-2021,North,A,191,-5,209,9.20%
01-06-2021,North,A,134,-5,141,4.90%
01-07-2021,North,A,158,-5,164,3.90%
01-08-2021,North,A,172,-5,182,5.60%
01-09-2021,North,A,81,-5,86,6.00%
01-10-2021,North,A,188,-5,196,4.00%
01-11-2021,North,A,94,-5,102,8.00%
01-12-2021,North,A,145,-5,158,8.90%
01-01-2022,North,A,50,-5,56,11.00%
01-02-2022,North,A,174,-5,189,8.60%
01-03-2022,North,A,148,-5,158,6.50%
01-04-2022,North,A,60,-5,67,11.80%
01-05-2022,North,A,181,-5,189,4.20%
01-06-2022,North,A,95,-5,101,6.20%
01-07-2022,North,A,189,-5,201,6.40%
01-08-2022,North,A,114,-5,120,5.10%
01-09-2022,North,A,194,-5,213,10.00%
01-10-2022,North,A,64,-5,69,8.00%
01-11-2022,North,A,120,-5,127,5.60%
01-12-2022,North,A,167,-5,184,10.20%
01-01-2023,North,A,130,-5,139,7.30%
01-02-2023,North,A,87,-5,92,5.40%
01-03-2023,North,A,74,-5,81,9.60%
01-04-2023,North,A,112,-5,120,6.80%
01-05-2023,North,A,87,-5,93,7.40%
01-06-2023,North,A,95,-5,98,3.30%
01-07-2023,North,A,180,-5,201,11.90%
01-08-2023,North,A,171,-5,180,5.40%
01-09-2023,North,A,179,-5,191,6.70%
01-10-2023,North,A,102,-5,109,6.50%
01-11-2023,North,A,131,-5,144,9.90%
01-12-2023,North,A,119,-5,126,5.90%
01-01-2024,North,A,145,-5,150,3.40%
01-02-2024,North,A,156,-5,170,9.10%
01-03-2024,North,A,194,-5,213,9.90%
01-04-2024,North,A,79,-5,82,3.20%
01-05-2024,North,A,168,-5,172,2.10%
01-06-2024,North,A,156,-5,164,4.90%
01-07-2024,North,A,171,-5,189,10.60%
01-08-2024,North,A,187,-5,201,7.70%
01-09-2024,North,A,185,-5,198,6.90%
01-10-2024,North,A,134,-5,143,6.50%
01-11-2024,North,A,195,-5,208,6.60%
01-12-2024,North,A,73,-5,79,7.70%
01-01-2025,North,A,171,-5,185,8.20%
01-02-2025,North,A,74,-5,77,3.80%
01-03-2025,North,A,96,-5,103,7.60%
01-04-2021,South,A,153,-5,164,7.00%
01-05-2021,South,A,164,-5,174,5.90%
01-06-2021,South,A,136,-5,143,4.90%
01-07-2021,South,A,97,-5,105,8.70%
01-08-2021,South,A,79,-5,85,7.20%
01-09-2021,South,A,92,-5,99,7.40%
01-10-2021,South,A,106,-5,110,3.60%
01-11-2021,South,A,122,-5,128,5.20%
01-12-2021,South,A,148,-5,155,5.00%
01-01-2022,South,A,172,-5,187,8.70%
01-02-2022,South,A,159,-5,165,3.70%
01-03-2022,South,A,89,-5,96,7.90%
01-04-2022,South,A,140,-5,146,4.40%
01-05-2022,South,A,136,-5,147,8.30%
01-06-2022,South,A,169,-5,175,3.40%
01-07-2022,South,A,144,-5,156,8.20%
01-08-2022,South,A,150,-5,156,3.80%
01-09-2022,South,A,139,-5,146,5.10%
01-10-2022,South,A,188,-5,202,7.20%
01-11-2022,South,A,113,-5,126,11.30%
01-12-2022,South,A,200,-5,223,11.30%
01-01-2023,South,A,124,-5,136,9.30%
01-02-2023,South,A,97,-5,105,8.70%
01-03-2023,South,A,143,-5,159,11.10%
01-04-2023,South,A,169,-5,177,4.50%
01-05-2023,South,A,166,-5,179,8.10%
01-06-2023,South,A,121,-5,131,7.90%
01-07-2023,South,A,131,-5,139,5.80%
01-08-2023,South,A,200,-5,221,10.40%
01-09-2023,South,A,197,-5,201,2.30%
01-10-2023,South,A,76,-5,79,3.80%
01-11-2023,South,A,196,-5,213,8.50%
01-12-2023,South,A,153,-5,165,7.90%
01-01-2024,South,A,117,-5,127,8.50%
01-02-2024,South,A,138,-5,153,10.70%
01-03-2024,South,A,196,-5,205,4.80%
01-04-2024,South,A,101,-5,110,9.20%
01-05-2024,South,A,148,-5,164,10.50%
01-06-2024,South,A,109,-5,116,6.50%
01-07-2024,South,A,111,-5,116,5.00%
01-08-2024,South,A,145,-5,159,9.60%
01-09-2024,South,A,175,-5,188,7.20%
01-10-2024,South,A,169,-5,179,6.00%
01-11-2024,South,A,100,-5,105,5.10%
01-12-2024,South,A,93,-5,96,3.10%
01-01-2025,South,A,178,-5,193,8.30%
01-02-2025,South,A,190,-5,200,5.20%
01-03-2025,South,A,185,-5,192,3.70%
01-04-2021,West,A,211,-5,221,4.80%
01-05-2021,West,A,158,-5,171,8.00%
01-06-2021,West,A,200,-5,221,10.70%
01-07-2021,West,A,235,-5,255,8.50%
01-08-2021,West,A,163,-5,169,3.70%
01-09-2021,West,A,198,-5,204,2.90%
01-10-2021,West,A,163,-5,170,4.10%
01-11-2021,West,A,230,-5,245,6.40%
01-12-2021,West,A,186,-5,204,9.50%
01-01-2022,West,A,257,-5,276,7.40%
01-02-2022,West,A,267,-5,298,11.70%
01-03-2022,West,A,151,-5,159,5.30%
01-04-2022,West,A,272,-5,280,3.00%
01-05-2022,West,A,251,-5,273,8.60%
01-06-2022,West,A,173,-5,189,9.00%
01-07-2022,West,A,242,-5,247,2.30%
01-08-2022,West,A,262,-5,270,3.20%
01-09-2022,West,A,199,-5,207,3.90%
01-10-2022,West,A,193,-5,216,11.70%
01-11-2022,West,A,263,-5,285,8.30%
01-12-2022,West,A,197,-5,218,10.80%
01-01-2023,West,A,295,-5,327,10.90%
01-02-2023,West,A,207,-5,211,2.10%
01-03-2023,West,A,293,-5,309,5.60%
01-04-2023,West,A,170,-5,178,5.00%
01-05-2023,West,A,170,-5,186,9.20%
01-06-2023,West,A,178,-5,190,6.50%
01-07-2023,West,A,276,-5,285,3.20%
01-08-2023,West,A,197,-5,211,7.00%
01-09-2023,West,A,213,-5,219,2.70%
01-10-2023,West,A,297,-5,309,4.00%
01-11-2023,West,A,297,-5,316,6.30%
01-12-2023,West,A,221,-5,246,11.30%
01-01-2024,West,A,293,-5,304,3.70%
01-02-2024,West,A,221,-5,242,9.60%
01-03-2024,West,A,178,-5,194,9.10%
01-04-2024,West,A,243,-5,266,9.30%
01-05-2024,West,A,251,-5,275,9.80%
01-06-2024,West,A,272,-5,302,11.20%
01-07-2024,West,A,158,-5,170,7.70%
01-08-2024,West,A,181,-5,202,11.40%
01-09-2024,West,A,175,-5,187,7.00%
01-10-2024,West,A,223,-5,237,6.20%
01-11-2024,West,A,289,-5,324,12.00%
01-12-2024,West,A,248,-5,253,2.20%
01-01-2025,West,A,171,-5,175,2.40%
01-02-2025,West,A,171,-5,182,6.40%
01-03-2025,West,A,265,-5,289,8.90%
01-04-2021,North,C,102,-5,114,11.50%
01-05-2021,North,C,273,-5,303,10.80%
01-06-2021,North,C,140,-5,155,10.80%
01-07-2021,North,C,248,-5,276,11.30%
01-08-2021,North,C,237,-5,263,11.10%
01-09-2021,North,C,252,-5,261,3.50%
01-10-2021,North,C,188,-5,209,11.20%
01-11-2021,North,C,182,-5,187,2.60%
01-12-2021,North,C,131,-5,144,10.10%
01-01-2022,North,C,119,-5,122,2.30%
01-02-2022,North,C,132,-5,138,4.30%
01-03-2022,North,C,291,-5,304,4.50%
01-04-2022,North,C,216,-5,234,8.40%
01-05-2022,North,C,284,-5,301,5.80%
01-06-2022,North,C,110,-5,114,3.40%
01-07-2022,North,C,127,-5,139,9.80%
01-08-2022,North,C,158,-5,165,4.20%
01-09-2022,North,C,121,-5,125,3.10%
01-10-2022,North,C,114,-5,124,9.00%
01-11-2022,North,C,240,-5,250,4.00%
01-12-2022,North,C,201,-5,217,8.10%
01-01-2023,North,C,270,-5,290,7.40%
01-02-2023,North,C,266,-5,292,9.80%
01-03-2023,North,C,178,-5,198,11.30%
01-04-2023,North,C,193,-5,199,3.30%
01-05-2023,North,C,211,-5,222,5.30%
01-06-2023,North,C,164,-5,177,7.70%
01-07-2023,North,C,272,-5,285,4.80%
01-08-2023,North,C,242,-5,247,2.20%
01-09-2023,North,C,155,-5,172,10.70%
01-10-2023,North,C,294,-5,321,9.10%
01-11-2023,North,C,195,-5,217,11.40%
01-12-2023,North,C,298,-5,330,10.60%
01-01-2024,North,C,185,-5,194,4.90%
01-02-2024,North,C,132,-5,138,4.70%
01-03-2024,North,C,105,-5,108,2.70%
01-04-2024,North,C,174,-5,188,8.20%
01-05-2024,North,C,291,-5,304,4.30%
01-06-2024,North,C,123,-5,127,2.90%
01-07-2024,North,C,109,-5,117,7.60%
01-08-2024,North,C,255,-5,276,8.30%
01-09-2024,North,C,193,-5,208,7.80%
01-10-2024,North,C,287,-5,321,11.70%
01-11-2024,North,C,222,-5,238,7.20%
01-12-2024,North,C,290,-5,303,4.50%
01-01-2025,North,C,212,-5,234,10.20%
01-02-2025,North,C,102,-5,114,11.50%
01-03-2025,North,C,223,-5,247,10.80%
01-04-2021,North,C,212,-5,231,9.10%
01-05-2021,North,C,223,-5,239,7.20%
01-06-2021,North,C,144,-5,156,8.20%
01-07-2021,North,C,107,-5,111,3.30%
01-08-2021,North,C,144,-5,151,4.80%
01-09-2021,North,C,173,-5,185,7.00%
01-10-2021,North,C,166,-5,177,6.40%
01-11-2021,North,C,140,-5,146,4.60%
01-12-2021,North,C,133,-5,144,8.30%
01-01-2022,North,C,267,-5,298,11.70%
01-02-2022,North,C,150,-5,168,11.80%
01-03-2022,North,C,126,-5,130,3.00%
01-04-2022,North,C,293,-5,300,2.50%
01-05-2022,North,C,275,-5,307,11.60%
01-06-2022,North,C,137,-5,153,11.60%
01-07-2022,North,C,283,-5,302,6.60%
01-08-2022,North,C,290,-5,315,8.60%
01-09-2022,North,C,292,-5,310,6.30%
01-10-2022,North,C,116,-5,122,5.30%
01-11-2022,North,C,150,-5,165,10.20%
01-12-2022,North,C,155,-5,172,11.10%
01-01-2023,North,C,122,-5,134,9.40%
01-02-2023,North,C,232,-5,238,2.50%
01-03-2023,North,C,165,-5,177,7.40%
01-04-2023,North,C,295,-5,303,2.80%
01-05-2023,North,C,215,-5,220,2.20%
01-06-2023,North,C,140,-5,144,2.60%
01-07-2023,North,C,139,-5,154,10.80%
01-08-2023,North,C,145,-5,155,6.80%
01-09-2023,North,C,101,-5,111,9.70%
01-10-2023,North,C,285,-5,303,6.30%
01-11-2023,North,C,230,-5,241,5.00%
01-12-2023,North,C,118,-5,128,8.40%
01-01-2024,North,C,103,-5,113,9.80%
01-02-2024,North,C,205,-5,218,6.60%
01-03-2024,North,C,166,-5,181,8.80%
01-04-2024,North,C,243,-5,267,9.80%
01-05-2024,North,C,295,-5,326,10.50%
01-06-2024,North,C,238,-5,254,6.70%
01-07-2024,North,C,214,-5,239,11.90%
01-08-2024,North,C,259,-5,274,5.80%
01-09-2024,North,C,214,-5,225,5.00%
01-10-2024,North,C,121,-5,132,8.90%
01-11-2024,North,C,140,-5,154,10.30%
01-12-2024,North,C,103,-5,115,11.50%
01-01-2025,North,C,104,-5,114,10.00%
01-02-2025,North,C,185,-5,200,8.20%
01-03-2025,North,C,252,-5,262,3.80%
01-04-2021,South,C,137,-5,153,11.80%
01-05-2021,South,C,233,-5,259,11.00%
01-06-2021,South,C,170,-5,187,10.20%
01-07-2021,South,C,140,-5,146,4.40%
01-08-2021,South,C,146,-5,150,3.00%
01-09-2021,South,C,242,-5,247,2.10%
01-10-2021,South,C,214,-5,237,10.80%
01-11-2021,South,C,154,-5,161,4.40%
01-12-2021,South,C,170,-5,176,3.30%
01-01-2022,South,C,125,-5,134,7.50%
01-02-2022,South,C,176,-5,194,10.10%
01-03-2022,South,C,136,-5,151,11.10%
01-04-2022,South,C,282,-5,302,7.10%
01-05-2022,South,C,292,-5,303,3.70%
01-06-2022,South,C,180,-5,198,10.20%
01-07-2022,South,C,214,-5,229,6.90%
01-08-2022,South,C,268,-5,276,3.00%
01-09-2022,South,C,217,-5,237,9.30%
01-10-2022,South,C,214,-5,221,3.00%
01-11-2022,South,C,228,-5,253,11.10%
01-12-2022,South,C,180,-5,186,3.40%
01-01-2023,South,C,201,-5,223,11.10%
01-02-2023,South,C,132,-5,137,3.40%
01-03-2023,South,C,290,-5,305,5.20%
01-04-2023,South,C,210,-5,233,11.00%
01-05-2023,South,C,143,-5,160,11.60%
01-06-2023,South,C,299,-5,309,3.30%
01-07-2023,South,C,226,-5,249,10.20%
01-08-2023,South,C,130,-5,136,4.70%
01-09-2023,South,C,106,-5,111,4.50%
01-10-2023,South,C,177,-5,192,8.40%
01-11-2023,South,C,225,-5,235,4.40%
01-12-2023,South,C,288,-5,302,5.00%
01-01-2024,South,C,181,-5,190,4.70%
01-02-2024,South,C,160,-5,169,5.90%
01-03-2024,South,C,203,-5,207,2.10%
01-04-2024,South,C,261,-5,270,3.40%
01-05-2024,South,C,210,-5,230,9.60%
01-06-2024,South,C,266,-5,295,10.90%
01-07-2024,South,C,136,-5,150,10.50%
01-08-2024,South,C,283,-5,289,2.30%
01-09-2024,South,C,128,-5,134,4.50%
01-10-2024,South,C,143,-5,156,8.90%
01-11-2024,South,C,136,-5,150,10.50%
01-12-2024,South,C,234,-5,250,6.80%
01-01-2025,South,C,197,-5,207,5.00%
01-02-2025,South,C,198,-5,214,8.30%
01-03-2025,South,C,117,-5,128,9.00%
01-04-2021,South,C,159,-5,172,8.00%
01-05-2021,South,C,270,-5,296,9.70%
01-06-2021,South,C,290,-5,311,7.40%
01-07-2021,South,C,257,-5,276,7.60%
01-08-2021,South,C,249,-5,266,6.90%
01-09-2021,South,C,254,-5,283,11.30%
01-10-2021,South,C,227,-5,252,10.90%
01-11-2021,South,C,124,-5,130,5.00%
01-12-2021,South,C,237,-5,251,5.90%
01-01-2022,South,C,124,-5,132,6.30%
01-02-2022,South,C,257,-5,271,5.50%
01-03-2022,South,C,209,-5,222,6.40%
01-04-2022,South,C,170,-5,188,10.70%
01-05-2022,South,C,203,-5,213,4.80%
01-06-2022,South,C,246,-5,254,3.50%
01-07-2022,South,C,203,-5,219,7.70%
01-08-2022,South,C,129,-5,143,11.20%
01-09-2022,South,C,148,-5,164,10.60%
01-10-2022,South,C,101,-5,109,7.70%
01-11-2022,South,C,265,-5,279,5.40%
01-12-2022,South,C,154,-5,161,4.60%
01-01-2023,South,C,207,-5,213,3.10%
01-02-2023,South,C,120,-5,126,5.20%
01-03-2023,South,C,158,-5,174,10.30%
01-04-2023,South,C,164,-5,174,6.30%
01-05-2023,South,C,147,-5,160,8.90%
01-06-2023,South,C,261,-5,278,6.60%
01-07-2023,South,C,146,-5,151,3.20%
01-08-2023,South,C,275,-5,281,2.00%
01-09-2023,South,C,217,-5,235,8.30%
01-10-2023,South,C,278,-5,303,9.10%
01-11-2023,South,C,178,-5,199,12.00%
01-12-2023,South,C,173,-5,188,8.50%
01-01-2024,South,C,243,-5,269,10.50%
01-02-2024,South,C,169,-5,173,2.30%
01-03-2024,South,C,252,-5,262,3.90%
01-04-2024,South,C,231,-5,248,7.30%
01-05-2024,South,C,101,-5,111,10.00%
01-06-2024,South,C,172,-5,182,6.00%
01-07-2024,South,C,272,-5,292,7.40%
01-08-2024,South,C,131,-5,145,10.50%
01-09-2024,South,C,266,-5,291,9.50%
01-10-2024,South,C,139,-5,156,12.00%
01-11-2024,South,C,289,-5,316,9.30%
01-12-2024,South,C,165,-5,174,5.50%
01-01-2025,South,C,203,-5,215,6.10%
01-02-2025,South,C,204,-5,222,9.00%
01-03-2025,South,C,222,-5,246,10.80%
01-04-2021,West,C,106,-5,111,4.90%
01-05-2021,West,C,191,-5,212,11.00%
01-06-2021,West,C,262,-5,282,7.50%
01-07-2021,West,C,227,-5,252,10.90%
01-08-2021,West,C,177,-5,195,10.30%
01-09-2021,West,C,117,-5,121,3.20%
01-10-2021,West,C,273,-5,283,3.70%
01-11-2021,West,C,289,-5,308,6.40%
01-12-2021,West,C,262,-5,285,8.70%
01-01-2022,West,C,289,-5,312,8.10%
01-02-2022,West,C,226,-5,236,4.40%
01-03-2022,West,C,163,-5,172,5.70%
01-04-2022,West,C,150,-5,167,11.70%
01-05-2022,West,C,289,-5,307,6.30%
01-06-2022,West,C,100,-5,108,8.10%
01-07-2022,West,C,292,-5,313,7.20%
01-08-2022,West,C,103,-5,110,7.20%
01-09-2022,West,C,236,-5,260,10.20%
01-10-2022,West,C,299,-5,334,11.70%
01-11-2022,West,C,106,-5,111,4.60%
01-12-2022,West,C,261,-5,279,6.80%
01-01-2023,West,C,261,-5,272,4.20%
01-02-2023,West,C,293,-5,299,2.10%
01-03-2023,West,C,153,-5,171,11.50%
01-04-2023,West,C,210,-5,227,8.20%
01-05-2023,West,C,114,-5,121,6.00%
01-06-2023,West,C,243,-5,266,9.70%
01-07-2023,West,C,174,-5,191,9.60%
01-08-2023,West,C,215,-5,229,6.70%
01-09-2023,West,C,195,-5,200,2.60%
01-10-2023,West,C,261,-5,292,12.00%
01-11-2023,West,C,122,-5,125,2.50%
01-12-2023,West,C,171,-5,188,10.20%
01-01-2024,West,C,219,-5,228,3.90%
01-02-2024,West,C,107,-5,115,7.70%
01-03-2024,West,C,268,-5,275,2.80%
01-04-2024,West,C,167,-5,187,11.90%
01-05-2024,West,C,167,-5,176,5.20%
01-06-2024,West,C,197,-5,212,7.80%
01-07-2024,West,C,170,-5,178,4.50%
01-08-2024,West,C,214,-5,227,6.20%
01-09-2024,West,C,278,-5,293,5.50%
01-10-2024,West,C,233,-5,260,11.60%
01-11-2024,West,C,138,-5,148,7.20%
01-12-2024,West,C,100,-5,105,4.50%
01-01-2025,West,C,166,-5,172,3.40%
01-02-2025,West,C,161,-5,172,7.00%
01-03-2025,West,C,143,-5,146,2.40%
01-04-2021,West,C,161,-5,178,10.80%
01-05-2021,West,C,232,-5,256,10.20%
01-06-2021,West,C,199,-5,221,11.00%
01-07-2021,West,C,103,-5,108,4.80%
01-08-2021,West,C,299,-5,326,9.10%
01-09-2021,West,C,298,-5,325,9.10%
01-10-2021,West,C,110,-5,119,8.50%
01-11-2021,West,C,115,-5,118,3.00%
01-12-2021,West,C,125,-5,139,11.10%
01-01-2022,West,C,114,-5,126,10.30%
01-02-2022,West,C,217,-5,232,6.70%
01-03-2022,West,C,124,-5,138,11.10%
01-04-2022,West,C,267,-5,298,11.80%
01-05-2022,West,C,298,-5,307,2.90%
01-06-2022,West,C,131,-5,145,10.70%
01-07-2022,West,C,256,-5,275,7.50%
01-08-2022,West,C,185,-5,206,11.20%
01-09-2022,West,C,300,-5,315,5.10%
01-10-2022,West,C,294,-5,309,5.00%
01-11-2022,West,C,222,-5,239,7.50%
01-12-2022,West,C,120,-5,134,11.50%
01-01-2023,West,C,235,-5,261,10.90%
01-02-2023,West,C,210,-5,235,11.70%
01-03-2023,West,C,206,-5,230,11.50%
01-04-2023,West,C,180,-5,193,7.30%
01-05-2023,West,C,110,-5,112,2.00%
01-06-2023,West,C,190,-5,200,5.40%
01-07-2023,West,C,274,-5,303,10.60%
01-08-2023,West,C,100,-5,102,2.20%
01-09-2023,West,C,114,-5,126,10.90%
01-10-2023,West,C,137,-5,144,4.80%
01-11-2023,West,C,218,-5,227,4.10%
01-12-2023,West,C,199,-5,203,2.00%
01-01-2024,West,C,243,-5,262,8.00%
01-02-2024,West,C,197,-5,214,8.80%
01-03-2024,West,C,282,-5,293,4.00%
01-04-2024,West,C,248,-5,270,9.00%
01-05-2024,West,C,163,-5,170,4.00%
01-06-2024,West,C,169,-5,184,9.10%
01-07-2024,West,C,161,-5,175,8.90%
01-08-2024,West,C,262,-5,280,6.90%
01-09-2024,West,C,206,-5,214,3.70%
01-10-2024,West,C,180,-5,197,9.50%
01-11-2024,West,C,269,-5,277,3.00%
01-12-2024,West,C,132,-5,138,4.80%
01-01-2025,West,C,190,-5,197,3.80%
01-02-2025,West,C,279,-5,308,10.30%
01-03-2025,West,C,197,-5,204,3.70%
01-04-2021,North,B,86,-5,94,9.00%
01-05-2021,North,B,329,-5,342,3.80%
01-06-2021,North,B,204,-5,213,4.50%
01-07-2021,North,B,248,-5,261,5.20%
01-08-2021,North,B,267,-5,297,11.30%
01-09-2021,North,B,146,-5,158,8.50%
01-10-2021,North,B,284,-5,294,3.50%
01-11-2021,North,B,164,-5,176,7.60%
01-12-2021,North,B,228,-5,244,7.10%
01-01-2022,North,B,76,-5,81,6.30%
01-02-2022,North,B,284,-5,316,11.40%
01-03-2022,North,B,229,-5,238,3.90%
01-04-2022,North,B,108,-5,110,2.10%
01-05-2022,North,B,295,-5,310,5.00%
01-06-2022,North,B,163,-5,168,3.10%
01-07-2022,North,B,325,-5,332,2.30%
01-08-2022,North,B,198,-5,208,5.20%
01-09-2022,North,B,349,-5,362,3.60%
01-10-2022,North,B,112,-5,124,10.50%
01-11-2022,North,B,205,-5,212,3.20%
01-12-2022,North,B,292,-5,320,9.50%
01-01-2023,North,B,234,-5,258,10.30%
01-02-2023,North,B,142,-5,150,6.00%
01-03-2023,North,B,124,-5,138,11.70%
01-04-2023,North,B,172,-5,184,6.80%
01-05-2023,North,B,138,-5,149,8.30%
01-06-2023,North,B,162,-5,180,10.80%
01-07-2023,North,B,319,-5,334,4.70%
01-08-2023,North,B,260,-5,278,6.80%
01-09-2023,North,B,274,-5,289,5.40%
01-10-2023,North,B,176,-5,197,11.90%
01-11-2023,North,B,198,-5,216,9.30%
01-12-2023,North,B,199,-5,206,3.50%
01-01-2024,North,B,236,-5,260,10.10%
01-02-2024,North,B,270,-5,284,5.00%
01-03-2024,North,B,297,-5,310,4.30%
01-04-2024,North,B,119,-5,133,11.70%
01-05-2024,North,B,299,-5,307,2.80%
01-06-2024,North,B,267,-5,295,10.60%
01-07-2024,North,B,296,-5,310,4.70%
01-08-2024,North,B,320,-5,340,6.30%
01-09-2024,North,B,333,-5,368,10.60%
01-10-2024,North,B,241,-5,261,8.50%
01-11-2024,North,B,330,-5,369,11.90%
01-12-2024,North,B,128,-5,139,9.00%
01-01-2025,North,B,296,-5,316,6.70%
01-02-2025,North,B,132,-5,141,7.10%
01-03-2025,North,B,162,-5,172,6.00%
01-04-2021,North,B,138,-5,148,7.30%
01-05-2021,North,B,533,-5,576,8.10%
01-06-2021,North,B,316,-5,333,5.30%
01-07-2021,North,B,444,-5,497,12.00%
01-08-2021,North,B,425,-5,439,3.20%
01-09-2021,North,B,235,-5,254,8.30%
01-10-2021,North,B,474,-5,486,2.60%
01-11-2021,North,B,279,-5,310,11.10%
01-12-2021,North,B,367,-5,403,9.80%
01-01-2022,North,B,125,-5,129,3.20%
01-02-2022,North,B,480,-5,526,9.70%
01-03-2022,North,B,385,-5,427,10.90%
01-04-2022,North,B,189,-5,194,2.40%
01-05-2022,North,B,475,-5,508,7.00%
01-06-2022,North,B,245,-5,271,10.50%
01-07-2022,North,B,569,-5,608,6.90%
01-08-2022,North,B,333,-5,350,5.30%
01-09-2022,North,B,544,-5,586,7.80%
01-10-2022,North,B,174,-5,185,6.40%
01-11-2022,North,B,344,-5,383,11.40%
01-12-2022,North,B,450,-5,461,2.40%
01-01-2023,North,B,365,-5,399,9.40%
01-02-2023,North,B,256,-5,282,10.10%
01-03-2023,North,B,219,-5,225,2.80%
01-04-2023,North,B,310,-5,331,6.60%
01-05-2023,North,B,224,-5,250,11.40%
01-06-2023,North,B,290,-5,297,2.50%
01-07-2023,North,B,568,-5,634,11.70%
01-08-2023,North,B,429,-5,438,2.20%
01-09-2023,North,B,480,-5,492,2.50%
01-10-2023,North,B,271,-5,278,2.70%
01-11-2023,North,B,305,-5,323,5.90%
01-12-2023,North,B,314,-5,334,6.30%
01-01-2024,North,B,420,-5,438,4.40%
01-02-2024,North,B,459,-5,491,6.90%
01-03-2024,North,B,463,-5,506,9.20%
01-04-2024,North,B,188,-5,202,7.60%
01-05-2024,North,B,466,-5,499,7.20%
01-06-2024,North,B,417,-5,426,2.30%
01-07-2024,North,B,468,-5,484,3.40%
01-08-2024,North,B,493,-5,544,10.40%
01-09-2024,North,B,569,-5,592,4.10%
01-10-2024,North,B,395,-5,409,3.50%
01-11-2024,North,B,502,-5,543,8.20%
01-12-2024,North,B,210,-5,214,2.00%
01-01-2025,North,B,471,-5,504,7.00%
01-02-2025,North,B,215,-5,220,2.20%
01-03-2025,North,B,290,-5,305,5.20%
01-04-2021,South,B,145,-5,151,4.40%
01-05-2021,South,B,177,-5,197,11.40%
01-06-2021,South,B,106,-5,113,7.00%
01-07-2021,South,B,114,-5,123,7.70%
01-08-2021,South,B,139,-5,149,6.90%
01-09-2021,South,B,149,-5,158,6.10%
01-10-2021,South,B,159,-5,166,4.60%
01-11-2021,South,B,163,-5,168,3.30%
01-12-2021,South,B,139,-5,147,5.60%
01-01-2022,South,B,99,-5,110,11.40%
01-02-2022,South,B,158,-5,174,10.40%
01-03-2022,South,B,87,-5,89,2.10%
01-04-2022,South,B,124,-5,127,2.10%
01-05-2022,South,B,182,-5,201,10.20%
01-06-2022,South,B,191,-5,210,9.80%
01-07-2022,South,B,186,-5,202,8.70%
01-08-2022,South,B,118,-5,126,6.80%
01-09-2022,South,B,195,-5,213,9.00%
01-10-2022,South,B,81,-5,90,11.20%
01-11-2022,South,B,108,-5,117,8.20%
01-12-2022,South,B,188,-5,201,6.70%
01-01-2023,South,B,157,-5,167,6.40%
01-02-2023,South,B,138,-5,153,10.60%
01-03-2023,South,B,195,-5,217,11.40%
01-04-2023,South,B,91,-5,98,7.60%
01-05-2023,South,B,156,-5,172,10.00%
01-06-2023,South,B,89,-5,95,6.50%
01-07-2023,South,B,172,-5,180,4.50%
01-08-2023,South,B,106,-5,113,6.50%
01-09-2023,South,B,147,-5,164,11.30%
01-10-2023,South,B,75,-5,77,2.50%
01-11-2023,South,B,152,-5,165,8.60%
01-12-2023,South,B,87,-5,95,9.70%
01-01-2024,South,B,179,-5,185,3.50%
01-02-2024,South,B,108,-5,116,7.90%
01-03-2024,South,B,133,-5,148,11.40%
01-04-2024,South,B,150,-5,153,2.00%
01-05-2024,South,B,122,-5,134,9.50%
01-06-2024,South,B,115,-5,125,8.80%
01-07-2024,South,B,186,-5,207,11.50%
01-08-2024,South,B,158,-5,176,11.50%
01-09-2024,South,B,151,-5,166,10.00%
01-10-2024,South,B,88,-5,96,9.10%
01-11-2024,South,B,169,-5,175,3.70%
01-12-2024,South,B,174,-5,190,9.00%
01-01-2025,South,B,197,-5,217,10.30%
01-02-2025,South,B,97,-5,108,11.10%
01-03-2025,South,B,114,-5,121,6.30%
01-04-2021,South,B,129,-5,136,5.70%
01-05-2021,South,B,125,-5,139,11.30%
01-06-2021,South,B,127,-5,138,8.70%
01-07-2021,South,B,80,-5,84,4.40%
01-08-2021,South,B,197,-5,203,3.30%
01-09-2021,South,B,144,-5,155,7.60%
01-10-2021,South,B,122,-5,135,10.80%
01-11-2021,South,B,83,-5,90,9.00%
01-12-2021,South,B,142,-5,156,9.90%
01-01-2022,South,B,92,-5,97,5.50%
01-02-2022,South,B,91,-5,97,6.40%
01-03-2022,South,B,112,-5,116,3.30%
01-04-2022,South,B,122,-5,131,7.30%
01-05-2022,South,B,125,-5,136,8.80%
01-06-2022,South,B,189,-5,208,10.00%
01-07-2022,South,B,141,-5,153,8.20%
01-08-2022,South,B,82,-5,85,4.20%
01-09-2022,South,B,149,-5,156,4.80%
01-10-2022,South,B,94,-5,101,7.90%
01-11-2022,South,B,166,-5,172,3.30%
01-12-2022,South,B,120,-5,124,3.50%
01-01-2023,South,B,97,-5,100,2.90%
01-02-2023,South,B,141,-5,154,9.40%
01-03-2023,South,B,103,-5,106,3.00%
01-04-2023,South,B,174,-5,191,9.70%
01-05-2023,South,B,167,-5,181,8.20%
01-06-2023,South,B,78,-5,85,9.40%
01-07-2023,South,B,83,-5,88,5.60%
01-08-2023,South,B,111,-5,124,11.90%
01-09-2023,South,B,101,-5,109,8.20%
01-10-2023,South,B,104,-5,110,5.90%
01-11-2023,South,B,93,-5,102,9.60%
01-12-2023,South,B,142,-5,154,8.20%
01-01-2024,South,B,141,-5,150,6.70%
01-02-2024,South,B,147,-5,151,2.50%
01-03-2024,South,B,102,-5,108,5.40%
01-04-2024,South,B,167,-5,173,3.80%
01-05-2024,South,B,110,-5,113,2.40%
01-06-2024,South,B,192,-5,212,10.40%
01-07-2024,South,B,109,-5,122,11.60%
01-08-2024,South,B,165,-5,182,10.30%
01-09-2024,South,B,153,-5,167,9.40%
01-10-2024,South,B,180,-5,194,8.00%
01-11-2024,South,B,175,-5,193,10.50%
01-12-2024,South,B,174,-5,181,4.10%
01-01-2025,South,B,178,-5,197,10.70%
01-02-2025,South,B,172,-5,190,10.60%
01-03-2025,South,B,155,-5,163,5.00%
01-04-2021,West,B,258,-5,279,8.10%
01-05-2021,West,B,273,-5,290,6.30%
01-06-2021,West,B,155,-5,162,4.60%
01-07-2021,West,B,245,-5,263,7.20%
01-08-2021,West,B,288,-5,312,8.20%
01-09-2021,West,B,158,-5,172,8.80%
01-10-2021,West,B,272,-5,289,6.30%
01-11-2021,West,B,294,-5,314,6.90%
01-12-2021,West,B,228,-5,245,7.50%
01-01-2022,West,B,251,-5,269,7.30%
01-02-2022,West,B,180,-5,195,8.20%
01-03-2022,West,B,220,-5,231,5.00%
01-04-2022,West,B,165,-5,180,8.90%
01-05-2022,West,B,155,-5,163,5.20%
01-06-2022,West,B,217,-5,227,4.50%
01-07-2022,West,B,150,-5,155,3.30%
01-08-2022,West,B,232,-5,238,2.60%
01-09-2022,West,B,214,-5,219,2.20%
01-10-2022,West,B,170,-5,178,4.60%
01-11-2022,West,B,182,-5,201,10.60%
01-12-2022,West,B,182,-5,194,6.90%
01-01-2023,West,B,277,-5,286,3.20%
01-02-2023,West,B,212,-5,236,11.40%
01-03-2023,West,B,249,-5,271,9.00%
01-04-2023,West,B,154,-5,164,6.70%
01-05-2023,West,B,296,-5,319,7.80%
01-06-2023,West,B,202,-5,221,9.50%
01-07-2023,West,B,193,-5,205,6.30%
01-08-2023,West,B,230,-5,235,2.10%
01-09-2023,West,B,159,-5,173,8.80%
01-10-2023,West,B,183,-5,199,8.90%
01-11-2023,West,B,176,-5,182,3.60%
01-12-2023,West,B,167,-5,186,11.50%
01-01-2024,West,B,244,-5,252,3.30%
01-02-2024,West,B,244,-5,252,3.20%
01-03-2024,West,B,281,-5,308,9.60%
01-04-2024,West,B,207,-5,231,11.60%
01-05-2024,West,B,210,-5,215,2.20%
01-06-2024,West,B,274,-5,285,4.10%
01-07-2024,West,B,289,-5,317,9.50%
01-08-2024,West,B,229,-5,249,8.70%
01-09-2024,West,B,200,-5,216,8.00%
01-10-2024,West,B,160,-5,171,6.60%
01-11-2024,West,B,236,-5,253,7.00%
01-12-2024,West,B,280,-5,294,5.00%
01-01-2025,West,B,218,-5,242,11.20%
01-02-2025,West,B,282,-5,314,11.40%
01-03-2025,West,B,296,-5,323,9.00%
01-04-2021,West,B,270,-5,297,10.00%
01-05-2021,West,B,215,-5,231,7.60%
01-06-2021,West,B,285,-5,310,8.60%
01-07-2021,West,B,225,-5,239,6.40%
01-08-2021,West,B,280,-5,294,5.10%
01-09-2021,West,B,235,-5,253,7.60%
01-10-2021,West,B,248,-5,269,8.30%
01-11-2021,West,B,220,-5,235,6.60%
01-12-2021,West,B,151,-5,160,6.30%
01-01-2022,West,B,235,-5,247,5.10%
01-02-2022,West,B,255,-5,269,5.70%
01-03-2022,West,B,169,-5,178,5.30%
01-04-2022,West,B,252,-5,281,11.60%
01-05-2022,West,B,285,-5,310,8.80%
01-06-2022,West,B,299,-5,323,7.90%
01-07-2022,West,B,250,-5,268,7.30%
01-08-2022,West,B,295,-5,314,6.50%
01-09-2022,West,B,210,-5,233,10.80%
01-10-2022,West,B,271,-5,296,9.20%
01-11-2022,West,B,222,-5,237,6.60%
01-12-2022,West,B,235,-5,254,8.20%
01-01-2023,West,B,247,-5,262,5.90%
01-02-2023,West,B,288,-5,316,9.90%
01-03-2023,West,B,220,-5,242,10.20%
01-04-2023,West,B,286,-5,303,5.90%
01-05-2023,West,B,259,-5,276,6.50%
01-06-2023,West,B,155,-5,160,3.20%
01-07-2023,West,B,228,-5,239,4.90%
01-08-2023,West,B,218,-5,235,7.80%
01-09-2023,West,B,298,-5,313,5.10%
01-10-2023,West,B,170,-5,178,4.50%
01-11-2023,West,B,260,-5,281,8.20%
01-12-2023,West,B,157,-5,170,8.40%
01-01-2024,West,B,195,-5,205,5.30%
01-02-2024,West,B,213,-5,230,7.90%
01-03-2024,West,B,183,-5,191,4.40%
01-04-2024,West,B,155,-5,170,10.00%
01-05-2024,West,B,233,-5,242,3.90%
01-06-2024,West,B,233,-5,261,11.90%
01-07-2024,West,B,193,-5,209,8.10%
01-08-2024,West,B,176,-5,189,7.60%
01-09-2024,West,B,268,-5,277,3.50%
01-10-2024,West,B,298,-5,325,9.20%
01-11-2024,West,B,232,-5,259,11.70%
01-12-2024,West,B,156,-5,172,10.40%
01-01-2025,West,B,280,-5,299,6.80%
01-02-2025,West,B,258,-5,275,6.70%
01-03-2025,West,B,212,-5,227,7.20%
