Month,Region,SKU,Quantity,Price,Fitted,Revenue,Percentage Change,Projected Revenue,Projected Demand,
01-Apr-25,West,C,,36,213,7668,2,7821,208,
01-May-25,West,C,,35,165,5775,2,5891,161,
01-Jun-25,West,C,,45,99,4455,2,4544,97,
01-Jul-25,West,C,,35,163,5705,2,5819,159,
01-Aug-25,West,C,,31,89,2759,2,2814,87,
01-Sep-25,West,C,,56,184,10304,2,10510,180,
01-Oct-25,West,C,,28,134,3752,2,3827,131,
01-Nov-25,West,C,,50,187,9350,2,9537,183,
01-Dec-25,West,C,,36,216,7776,2,7932,211,
01-Jan-26,West,C,,37,167,6179,2,6303,163,
01-Feb-26,West,C,,40,253,10120,2,10322,247,
01-Mar-26,West,C,,29,120,3480,2,3550,117,
01-Apr-25,West,C,,45,159,7155,2,7298,155,
01-May-25,West,C,,41,209,8569,2,8740,204,
01-Jun-25,West,C,,35,108,3780,2,3856,105,
01-Jul-25,West,C,,31,212,6572,2,6703,207,
01-Aug-25,West,C,,31,200,6200,2,6324,195,
01-Sep-25,West,C,,29,93,2697,2,2751,91,
01-Oct-25,West,C,,30,207,6210,2,6334,202,
01-Nov-25,West,C,,42,258,10836,2,11053,252,
01-Dec-25,West,C,,41,143,5863,2,5980,140,
01-Jan-26,West,C,,55,145,7975,2,8135,142,
01-Feb-26,West,C,,46,128,5888,2,6006,125,
01-Mar-26,West,C,,54,97,5238,2,5343,95,
01-Apr-25,West,C,,36,213,7668,3,7898,205,
01-May-25,West,C,,35,165,5775,3,5948,159,
01-Jun-25,West,C,,45,99,4455,3,4589,95,
01-Jul-25,West,C,,35,163,5705,3,5876,157,
01-Aug-25,West,C,,31,89,2759,3,2842,86,
01-Sep-25,West,C,,56,184,10304,3,10613,177,
01-Oct-25,West,C,,28,134,3752,3,3865,129,
01-Nov-25,West,C,,50,187,9350,3,9631,180,
01-Dec-25,West,C,,36,216,7776,3,8009,208,
01-Jan-26,West,C,,37,167,6179,3,6364,161,
01-Feb-26,West,C,,40,253,10120,3,10424,244,
01-Mar-26,West,C,,29,120,3480,3,3584,116,
01-Apr-25,West,C,,45,159,7155,3,7370,153,
01-May-25,West,C,,41,209,8569,3,8826,201,
01-Jun-25,West,C,,35,108,3780,3,3893,104,
01-Jul-25,West,C,,31,212,6572,3,6769,204,
01-Aug-25,West,C,,31,200,6200,3,6386,193,
01-Sep-25,West,C,,29,93,2697,3,2778,90,
01-Oct-25,West,C,,30,207,6210,3,6396,200,
01-Nov-25,West,C,,42,258,10836,3,11161,249,
01-Dec-25,West,C,,41,143,5863,3,6039,138,
01-Jan-26,West,C,,55,145,7975,3,8214,140,
01-Feb-26,West,C,,46,128,5888,3,6065,123,
01-Mar-26,West,C,,54,97,5238,3,5395,94,
01-Apr-25,West,C,,36,213,7668,4,7975,203,
01-May-25,West,C,,35,165,5775,4,6006,157,
01-Jun-25,West,C,,45,99,4455,4,4633,94,
01-Jul-25,West,C,,35,163,5705,4,5933,155,
01-Aug-25,West,C,,31,89,2759,4,2869,85,
01-Sep-25,West,C,,56,184,10304,4,10716,175,
01-Oct-25,West,C,,28,134,3752,4,3902,128,
01-Nov-25,West,C,,50,187,9350,4,9724,178,
01-Dec-25,West,C,,36,216,7776,4,8087,206,
01-Jan-26,West,C,,37,167,6179,4,6426,159,
01-Feb-26,West,C,,40,253,10120,4,10525,241,
01-Mar-26,West,C,,29,120,3480,4,3619,114,
01-Apr-25,West,C,,45,159,7155,4,7441,151,
01-May-25,West,C,,41,209,8569,4,8912,199,
01-Jun-25,West,C,,35,108,3780,4,3931,103,
01-Jul-25,West,C,,31,212,6572,4,6835,202,
01-Aug-25,West,C,,31,200,6200,4,6448,190,
01-Sep-25,West,C,,29,93,2697,4,2805,89,
01-Oct-25,West,C,,30,207,6210,4,6458,197,
01-Nov-25,West,C,,42,258,10836,4,11269,246,
01-Dec-25,West,C,,41,143,5863,4,6098,136,
01-Jan-26,West,C,,55,145,7975,4,8294,138,
01-Feb-26,West,C,,46,128,5888,4,6124,122,
01-Mar-26,West,C,,54,97,5238,4,5448,92,
01-Apr-25,West,C,,36,213,7668,5,8051,200,
01-May-25,West,C,,35,165,5775,5,6064,155,
01-Jun-25,West,C,,45,99,4455,5,4678,93,
01-Jul-25,West,C,,35,163,5705,5,5990,153,
01-Aug-25,West,C,,31,89,2759,5,2897,84,
01-Sep-25,West,C,,56,184,10304,5,10819,173,
01-Oct-25,West,C,,28,134,3752,5,3940,126,
01-Nov-25,West,C,,50,187,9350,5,9818,176,
01-Dec-25,West,C,,36,216,7776,5,8165,203,
01-Jan-26,West,C,,37,167,6179,5,6488,157,
01-Feb-26,West,C,,40,253,10120,5,10626,238,
01-Mar-26,West,C,,29,120,3480,5,3654,113,
01-Apr-25,West,C,,45,159,7155,5,7513,149,
01-May-25,West,C,,41,209,8569,5,8997,196,
01-Jun-25,West,C,,35,108,3780,5,3969,102,
01-Jul-25,West,C,,31,212,6572,5,6901,199,
01-Aug-25,West,C,,31,200,6200,5,6510,188,
01-Sep-25,West,C,,29,93,2697,5,2832,87,
01-Oct-25,West,C,,30,207,6210,5,6521,195,
01-Nov-25,West,C,,42,258,10836,5,11378,243,
01-Dec-25,West,C,,41,143,5863,5,6156,134,
01-Jan-26,West,C,,55,145,7975,5,8374,136,
01-Feb-26,West,C,,46,128,5888,5,6182,120,
01-Mar-26,West,C,,54,97,5238,5,5500,91,
01-Apr-25,West,C,,36,213,7668,-2,7515,218,
01-May-25,West,C,,35,165,5775,-2,5660,169,
01-Jun-25,West,C,,45,99,4455,-2,4366,101,
01-Jul-25,West,C,,35,163,5705,-2,5591,167,
01-Aug-25,West,C,,31,89,2759,-2,2704,91,
01-Sep-25,West,C,,56,184,10304,-2,10098,188,
01-Oct-25,West,C,,28,134,3752,-2,3677,137,
01-Nov-25,West,C,,50,187,9350,-2,9163,191,
01-Dec-25,West,C,,36,216,7776,-2,7620,221,
01-Jan-26,West,C,,37,167,6179,-2,6055,171,
01-Feb-26,West,C,,40,253,10120,-2,9918,259,
01-Mar-26,West,C,,29,120,3480,-2,3410,123,
01-Apr-25,West,C,,45,159,7155,-2,7012,163,
01-May-25,West,C,,41,209,8569,-2,8398,214,
01-Jun-25,West,C,,35,108,3780,-2,3704,111,
01-Jul-25,West,C,,31,212,6572,-2,6441,217,
01-Aug-25,West,C,,31,200,6200,-2,6076,205,
01-Sep-25,West,C,,29,93,2697,-2,2643,95,
01-Oct-25,West,C,,30,207,6210,-2,6086,212,
01-Nov-25,West,C,,42,258,10836,-2,10619,264,
01-Dec-25,West,C,,41,143,5863,-2,5746,146,
01-Jan-26,West,C,,55,145,7975,-2,7816,148,
01-Feb-26,West,C,,46,128,5888,-2,5770,131,
01-Mar-26,West,C,,54,97,5238,-2,5133,99,
01-Apr-25,West,C,,36,213,7668,-3,7438,221,
01-May-25,West,C,,35,165,5775,-3,5602,171,
01-Jun-25,West,C,,45,99,4455,-3,4321,103,
01-Jul-25,West,C,,35,163,5705,-3,5534,169,
01-Aug-25,West,C,,31,89,2759,-3,2676,92,
01-Sep-25,West,C,,56,184,10304,-3,9995,191,
01-Oct-25,West,C,,28,134,3752,-3,3639,139,
01-Nov-25,West,C,,50,187,9350,-3,9070,194,
01-Dec-25,West,C,,36,216,7776,-3,7543,224,
01-Jan-26,West,C,,37,167,6179,-3,5994,173,
01-Feb-26,West,C,,40,253,10120,-3,9816,263,
01-Mar-26,West,C,,29,120,3480,-3,3376,125,
01-Apr-25,West,C,,45,159,7155,-3,6940,165,
01-May-25,West,C,,41,209,8569,-3,8312,217,
01-Jun-25,West,C,,35,108,3780,-3,3667,112,
01-Jul-25,West,C,,31,212,6572,-3,6375,220,
01-Aug-25,West,C,,31,200,6200,-3,6014,208,
01-Sep-25,West,C,,29,93,2697,-3,2616,97,
01-Oct-25,West,C,,30,207,6210,-3,6024,215,
01-Nov-25,West,C,,42,258,10836,-3,10511,268,
01-Dec-25,West,C,,41,143,5863,-3,5687,148,
01-Jan-26,West,C,,55,145,7975,-3,7736,151,
01-Feb-26,West,C,,46,128,5888,-3,5711,133,
01-Mar-26,West,C,,54,97,5238,-3,5081,101,
01-Apr-25,West,C,,36,213,7668,-4,7361,223,
01-May-25,West,C,,35,165,5775,-4,5544,173,
01-Jun-25,West,C,,45,99,4455,-4,4277,104,
01-Jul-25,West,C,,35,163,5705,-4,5477,171,
01-Aug-25,West,C,,31,89,2759,-4,2649,93,
01-Sep-25,West,C,,56,184,10304,-4,9892,193,
01-Oct-25,West,C,,28,134,3752,-4,3602,140,
01-Nov-25,West,C,,50,187,9350,-4,8976,196,
01-Dec-25,West,C,,36,216,7776,-4,7465,226,
01-Jan-26,West,C,,37,167,6179,-4,5932,175,
01-Feb-26,West,C,,40,253,10120,-4,9715,265,
01-Mar-26,West,C,,29,120,3480,-4,3341,126,
01-Apr-25,West,C,,45,159,7155,-4,6869,167,
01-May-25,West,C,,41,209,8569,-4,8226,219,
01-Jun-25,West,C,,35,108,3780,-4,3629,113,
01-Jul-25,West,C,,31,212,6572,-4,6309,222,
01-Aug-25,West,C,,31,200,6200,-4,5952,210,
01-Sep-25,West,C,,29,93,2697,-4,2589,97,
01-Oct-25,West,C,,30,207,6210,-4,5962,217,
01-Nov-25,West,C,,42,258,10836,-4,10403,270,
01-Dec-25,West,C,,41,143,5863,-4,5628,150,
01-Jan-26,West,C,,55,145,7975,-4,7656,152,
01-Feb-26,West,C,,46,128,5888,-4,5652,134,
01-Mar-26,West,C,,54,97,5238,-4,5028,102,
01-Apr-25,West,C,,36,213,7668,-5,7285,226,
01-May-25,West,C,,35,165,5775,-5,5486,175,
01-Jun-25,West,C,,45,99,4455,-5,4232,105,
01-Jul-25,West,C,,35,163,5705,-5,5420,173,
01-Aug-25,West,C,,31,89,2759,-5,2621,94,
01-Sep-25,West,C,,56,184,10304,-5,9789,195,
01-Oct-25,West,C,,28,134,3752,-5,3564,142,
01-Nov-25,West,C,,50,187,9350,-5,8883,198,
01-Dec-25,West,C,,36,216,7776,-5,7387,229,
01-Jan-26,West,C,,37,167,6179,-5,5870,177,
01-Feb-26,West,C,,40,253,10120,-5,9614,268,
01-Mar-26,West,C,,29,120,3480,-5,3306,127,
01-Apr-25,West,C,,45,159,7155,-5,6797,169,
01-May-25,West,C,,41,209,8569,-5,8141,222,
01-Jun-25,West,C,,35,108,3780,-5,3591,114,
01-Jul-25,West,C,,31,212,6572,-5,6243,225,
01-Aug-25,West,C,,31,200,6200,-5,5890,212,
01-Sep-25,West,C,,29,93,2697,-5,2562,99,
01-Oct-25,West,C,,30,207,6210,-5,5900,219,
01-Nov-25,West,C,,42,258,10836,-5,10294,273,
01-Dec-25,West,C,,41,143,5863,-5,5570,152,
01-Jan-26,West,C,,55,145,7975,-5,7576,154,
01-Feb-26,West,C,,46,128,5888,-5,5594,136,
01-Mar-26,West,C,,54,97,5238,-5,4976,103,
01-Apr-25,South,C,,71,141,10011,2,10211,138,
01-May-25,South,C,,87,195,16965,2,17304,190,
01-Jun-25,South,C,,80,175,14000,2,14280,171,
01-Jul-25,South,C,,92,206,18952,2,19331,201,
01-Aug-25,South,C,,83,89,7387,2,7535,87,
01-Sep-25,South,C,,80,244,19520,2,19910,238,
01-Oct-25,South,C,,89,130,11570,2,11801,127,
01-Nov-25,South,C,,70,244,17080,2,17422,238,
01-Dec-25,South,C,,68,168,11424,2,11652,164,
01-Jan-26,South,C,,72,215,15480,2,15790,210,
01-Feb-26,South,C,,53,231,12243,2,12488,225,
01-Mar-26,South,C,,50,194,9700,2,9894,189,
01-Apr-25,South,C,,65,187,12155,2,12398,183,
01-May-25,South,C,,95,123,11685,2,11919,120,
01-Jun-25,South,C,,88,100,8800,2,8976,98,
01-Jul-25,South,C,,96,94,9024,2,9204,92,
01-Aug-25,South,C,,74,154,11396,2,11624,150,
01-Sep-25,South,C,,99,234,23166,2,23629,228,
01-Oct-25,South,C,,76,225,17100,2,17442,220,
01-Nov-25,South,C,,59,104,6136,2,6259,102,
01-Dec-25,South,C,,63,121,7623,2,7775,118,
01-Jan-26,South,C,,75,196,14700,2,14994,191,
01-Feb-26,South,C,,65,134,8710,2,8884,131,
01-Mar-26,South,C,,89,212,18868,2,19245,207,
01-Apr-25,South,C,,71,141,10011,3,10311,136,
01-May-25,South,C,,87,195,16965,3,17474,188,
01-Jun-25,South,C,,80,175,14000,3,14420,169,
01-Jul-25,South,C,,92,206,18952,3,19521,199,
01-Aug-25,South,C,,83,89,7387,3,7609,86,
01-Sep-25,South,C,,80,244,19520,3,20106,235,
01-Oct-25,South,C,,89,130,11570,3,11917,125,
01-Nov-25,South,C,,70,244,17080,3,17592,235,
01-Dec-25,South,C,,68,168,11424,3,11767,162,
01-Jan-26,South,C,,72,215,15480,3,15944,207,
01-Feb-26,South,C,,53,231,12243,3,12610,223,
01-Mar-26,South,C,,50,194,9700,3,9991,187,
01-Apr-25,South,C,,65,187,12155,3,12520,180,
01-May-25,South,C,,95,123,11685,3,12036,119,
01-Jun-25,South,C,,88,100,8800,3,9064,96,
01-Jul-25,South,C,,96,94,9024,3,9295,91,
01-Aug-25,South,C,,74,154,11396,3,11738,148,
01-Sep-25,South,C,,99,234,23166,3,23861,226,
01-Oct-25,South,C,,76,225,17100,3,17613,217,
01-Nov-25,South,C,,59,104,6136,3,6320,100,
01-Dec-25,South,C,,63,121,7623,3,7852,117,
01-Jan-26,South,C,,75,196,14700,3,15141,189,
01-Feb-26,South,C,,65,134,8710,3,8971,129,
01-Mar-26,South,C,,89,212,18868,3,19434,204,
01-Apr-25,South,C,,71,141,10011,4,10411,134,
01-May-25,South,C,,87,195,16965,4,17644,186,
01-Jun-25,South,C,,80,175,14000,4,14560,167,
01-Jul-25,South,C,,92,206,18952,4,19710,196,
01-Aug-25,South,C,,83,89,7387,4,7682,85,
01-Sep-25,South,C,,80,244,19520,4,20301,232,
01-Oct-25,South,C,,89,130,11570,4,12033,124,
01-Nov-25,South,C,,70,244,17080,4,17763,232,
01-Dec-25,South,C,,68,168,11424,4,11881,160,
01-Jan-26,South,C,,72,215,15480,4,16099,205,
01-Feb-26,South,C,,53,231,12243,4,12733,220,
01-Mar-26,South,C,,50,194,9700,4,10088,185,
01-Apr-25,South,C,,65,187,12155,4,12641,178,
01-May-25,South,C,,95,123,11685,4,12152,117,
01-Jun-25,South,C,,88,100,8800,4,9152,95,
01-Jul-25,South,C,,96,94,9024,4,9385,89,
01-Aug-25,South,C,,74,154,11396,4,11852,147,
01-Sep-25,South,C,,99,234,23166,4,24093,223,
01-Oct-25,South,C,,76,225,17100,4,17784,214,
01-Nov-25,South,C,,59,104,6136,4,6381,99,
01-Dec-25,South,C,,63,121,7623,4,7928,115,
01-Jan-26,South,C,,75,196,14700,4,15288,187,
01-Feb-26,South,C,,65,134,8710,4,9058,128,
01-Mar-26,South,C,,89,212,18868,4,19623,202,
01-Apr-25,South,C,,71,141,10011,5,10512,133,
01-May-25,South,C,,87,195,16965,5,17813,183,
01-Jun-25,South,C,,80,175,14000,5,14700,165,
01-Jul-25,South,C,,92,206,18952,5,19900,194,
01-Aug-25,South,C,,83,89,7387,5,7756,84,
01-Sep-25,South,C,,80,244,19520,5,20496,229,
01-Oct-25,South,C,,89,130,11570,5,12149,122,
01-Nov-25,South,C,,70,244,17080,5,17934,229,
01-Dec-25,South,C,,68,168,11424,5,11995,158,
01-Jan-26,South,C,,72,215,15480,5,16254,202,
01-Feb-26,South,C,,53,231,12243,5,12855,217,
01-Mar-26,South,C,,50,194,9700,5,10185,182,
01-Apr-25,South,C,,65,187,12155,5,12763,176,
01-May-25,South,C,,95,123,11685,5,12269,116,
01-Jun-25,South,C,,88,100,8800,5,9240,94,
01-Jul-25,South,C,,96,94,9024,5,9475,88,
01-Aug-25,South,C,,74,154,11396,5,11966,145,
01-Sep-25,South,C,,99,234,23166,5,24324,220,
01-Oct-25,South,C,,76,225,17100,5,17955,212,
01-Nov-25,South,C,,59,104,6136,5,6443,98,
01-Dec-25,South,C,,63,121,7623,5,8004,114,
01-Jan-26,South,C,,75,196,14700,5,15435,184,
01-Feb-26,South,C,,65,134,8710,5,9146,126,
01-Mar-26,South,C,,89,212,18868,5,19811,199,
01-Apr-25,South,C,,71,141,10011,-2,9811,144,
01-May-25,South,C,,87,195,16965,-2,16626,200,
01-Jun-25,South,C,,80,175,14000,-2,13720,179,
01-Jul-25,South,C,,92,206,18952,-2,18573,211,
01-Aug-25,South,C,,83,89,7387,-2,7239,91,
01-Sep-25,South,C,,80,244,19520,-2,19130,250,
01-Oct-25,South,C,,89,130,11570,-2,11339,133,
01-Nov-25,South,C,,70,244,17080,-2,16738,250,
01-Dec-25,South,C,,68,168,11424,-2,11196,172,
01-Jan-26,South,C,,72,215,15480,-2,15170,220,
01-Feb-26,South,C,,53,231,12243,-2,11998,237,
01-Mar-26,South,C,,50,194,9700,-2,9506,199,
01-Apr-25,South,C,,65,187,12155,-2,11912,191,
01-May-25,South,C,,95,123,11685,-2,11451,126,
01-Jun-25,South,C,,88,100,8800,-2,8624,102,
01-Jul-25,South,C,,96,94,9024,-2,8844,96,
01-Aug-25,South,C,,74,154,11396,-2,11168,158,
01-Sep-25,South,C,,99,234,23166,-2,22703,240,
01-Oct-25,South,C,,76,225,17100,-2,16758,230,
01-Nov-25,South,C,,59,104,6136,-2,6013,106,
01-Dec-25,South,C,,63,121,7623,-2,7471,124,
01-Jan-26,South,C,,75,196,14700,-2,14406,201,
01-Feb-26,South,C,,65,134,8710,-2,8536,137,
01-Mar-26,South,C,,89,212,18868,-2,18491,217,
01-Apr-25,South,C,,71,141,10011,-3,9711,146,
01-May-25,South,C,,87,195,16965,-3,16456,202,
01-Jun-25,South,C,,80,175,14000,-3,13580,182,
01-Jul-25,South,C,,92,206,18952,-3,18383,214,
01-Aug-25,South,C,,83,89,7387,-3,7165,92,
01-Sep-25,South,C,,80,244,19520,-3,18934,253,
01-Oct-25,South,C,,89,130,11570,-3,11223,135,
01-Nov-25,South,C,,70,244,17080,-3,16568,253,
01-Dec-25,South,C,,68,168,11424,-3,11081,174,
01-Jan-26,South,C,,72,215,15480,-3,15016,223,
01-Feb-26,South,C,,53,231,12243,-3,11876,240,
01-Mar-26,South,C,,50,194,9700,-3,9409,201,
01-Apr-25,South,C,,65,187,12155,-3,11790,194,
01-May-25,South,C,,95,123,11685,-3,11334,128,
01-Jun-25,South,C,,88,100,8800,-3,8536,104,
01-Jul-25,South,C,,96,94,9024,-3,8753,98,
01-Aug-25,South,C,,74,154,11396,-3,11054,160,
01-Sep-25,South,C,,99,234,23166,-3,22471,243,
01-Oct-25,South,C,,76,225,17100,-3,16587,234,
01-Nov-25,South,C,,59,104,6136,-3,5952,108,
01-Dec-25,South,C,,63,121,7623,-3,7394,126,
01-Jan-26,South,C,,75,196,14700,-3,14259,203,
01-Feb-26,South,C,,65,134,8710,-3,8449,139,
01-Mar-26,South,C,,89,212,18868,-3,18302,220,
01-Apr-25,South,C,,71,141,10011,-4,9611,148,
01-May-25,South,C,,87,195,16965,-4,16286,204,
01-Jun-25,South,C,,80,175,14000,-4,13440,183,
01-Jul-25,South,C,,92,206,18952,-4,18194,216,
01-Aug-25,South,C,,83,89,7387,-4,7092,93,
01-Sep-25,South,C,,80,244,19520,-4,18739,256,
01-Oct-25,South,C,,89,130,11570,-4,11107,136,
01-Nov-25,South,C,,70,244,17080,-4,16397,256,
01-Dec-25,South,C,,68,168,11424,-4,10967,176,
01-Jan-26,South,C,,72,215,15480,-4,14861,225,
01-Feb-26,South,C,,53,231,12243,-4,11753,242,
01-Mar-26,South,C,,50,194,9700,-4,9312,203,
01-Apr-25,South,C,,65,187,12155,-4,11669,196,
01-May-25,South,C,,95,123,11685,-4,11218,129,
01-Jun-25,South,C,,88,100,8800,-4,8448,105,
01-Jul-25,South,C,,96,94,9024,-4,8663,99,
01-Aug-25,South,C,,74,154,11396,-4,10940,161,
01-Sep-25,South,C,,99,234,23166,-4,22239,245,
01-Oct-25,South,C,,76,225,17100,-4,16416,236,
01-Nov-25,South,C,,59,104,6136,-4,5891,109,
01-Dec-25,South,C,,63,121,7623,-4,7318,127,
01-Jan-26,South,C,,75,196,14700,-4,14112,205,
01-Feb-26,South,C,,65,134,8710,-4,8362,140,
01-Mar-26,South,C,,89,212,18868,-4,18113,222,
01-Apr-25,South,C,,71,141,10011,-5,9510,149,
01-May-25,South,C,,87,195,16965,-5,16117,207,
01-Jun-25,South,C,,80,175,14000,-5,13300,186,
01-Jul-25,South,C,,92,206,18952,-5,18004,218,
01-Aug-25,South,C,,83,89,7387,-5,7018,94,
01-Sep-25,South,C,,80,244,19520,-5,18544,259,
01-Oct-25,South,C,,89,130,11570,-5,10992,138,
01-Nov-25,South,C,,70,244,17080,-5,16226,259,
01-Dec-25,South,C,,68,168,11424,-5,10853,178,
01-Jan-26,South,C,,72,215,15480,-5,14706,228,
01-Feb-26,South,C,,53,231,12243,-5,11631,245,
01-Mar-26,South,C,,50,194,9700,-5,9215,206,
01-Apr-25,South,C,,65,187,12155,-5,11547,198,
01-May-25,South,C,,95,123,11685,-5,11101,130,
01-Jun-25,South,C,,88,100,8800,-5,8360,106,
01-Jul-25,South,C,,96,94,9024,-5,8573,100,
01-Aug-25,South,C,,74,154,11396,-5,10826,163,
01-Sep-25,South,C,,99,234,23166,-5,22008,248,
01-Oct-25,South,C,,76,225,17100,-5,16245,239,
01-Nov-25,South,C,,59,104,6136,-5,5829,110,
01-Dec-25,South,C,,63,121,7623,-5,7242,128,
01-Jan-26,South,C,,75,196,14700,-5,13965,208,
01-Feb-26,South,C,,65,134,8710,-5,8275,142,
01-Mar-26,South,C,,89,212,18868,-5,17925,225,
01-Apr-25,North,C,,84,218,18312,2,18678,213,
01-May-25,North,C,,55,235,12925,2,13184,229,
01-Jun-25,North,C,,65,95,6175,2,6299,93,
01-Jul-25,North,C,,77,185,14245,2,14530,181,
01-Aug-25,North,C,,67,179,11993,2,12233,175,
01-Sep-25,North,C,,75,120,9000,2,9180,117,
01-Oct-25,North,C,,97,234,22698,2,23152,228,
01-Nov-25,North,C,,58,189,10962,2,11181,184,
01-Dec-25,North,C,,51,139,7089,2,7231,136,
01-Jan-26,North,C,,73,180,13140,2,13403,176,
01-Feb-26,North,C,,62,151,9362,2,9549,147,
01-Mar-26,North,C,,86,149,12814,2,13070,145,
01-Apr-25,North,C,,98,92,9016,2,9196,90,
01-May-25,North,C,,87,234,20358,2,20765,228,
01-Jun-25,North,C,,76,170,12920,2,13178,166,
01-Jul-25,North,C,,96,213,20448,2,20857,208,
01-Aug-25,North,C,,77,101,7777,2,7933,99,
01-Sep-25,North,C,,79,195,15405,2,15713,190,
01-Oct-25,North,C,,93,216,20088,2,20490,211,
01-Nov-25,North,C,,66,238,15708,2,16022,232,
01-Dec-25,North,C,,54,210,11340,2,11567,205,
01-Jan-26,North,C,,77,137,10549,2,10760,134,
01-Feb-26,North,C,,90,219,19710,2,20104,214,
01-Mar-26,North,C,,65,183,11895,2,12133,179,
01-Apr-25,North,C,,84,218,18312,3,18861,210,
01-May-25,North,C,,55,235,12925,3,13313,227,
01-Jun-25,North,C,,65,95,6175,3,6360,92,
01-Jul-25,North,C,,77,185,14245,3,14672,178,
01-Aug-25,North,C,,67,179,11993,3,12353,173,
01-Sep-25,North,C,,75,120,9000,3,9270,116,
01-Oct-25,North,C,,97,234,22698,3,23379,226,
01-Nov-25,North,C,,58,189,10962,3,11291,182,
01-Dec-25,North,C,,51,139,7089,3,7302,134,
01-Jan-26,North,C,,73,180,13140,3,13534,174,
01-Feb-26,North,C,,62,151,9362,3,9643,146,
01-Mar-26,North,C,,86,149,12814,3,13198,144,
01-Apr-25,North,C,,98,92,9016,3,9286,89,
01-May-25,North,C,,87,234,20358,3,20969,226,
01-Jun-25,North,C,,76,170,12920,3,13308,164,
01-Jul-25,North,C,,96,213,20448,3,21061,205,
01-Aug-25,North,C,,77,101,7777,3,8010,97,
01-Sep-25,North,C,,79,195,15405,3,15867,188,
01-Oct-25,North,C,,93,216,20088,3,20691,208,
01-Nov-25,North,C,,66,238,15708,3,16179,229,
01-Dec-25,North,C,,54,210,11340,3,11680,202,
01-Jan-26,North,C,,77,137,10549,3,10865,132,
01-Feb-26,North,C,,90,219,19710,3,20301,211,
01-Mar-26,North,C,,65,183,11895,3,12252,176,
01-Apr-25,North,C,,84,218,18312,4,19044,208,
01-May-25,North,C,,55,235,12925,4,13442,224,
01-Jun-25,North,C,,65,95,6175,4,6422,90,
01-Jul-25,North,C,,77,185,14245,4,14815,176,
01-Aug-25,North,C,,67,179,11993,4,12473,170,
01-Sep-25,North,C,,75,120,9000,4,9360,114,
01-Oct-25,North,C,,97,234,22698,4,23606,223,
01-Nov-25,North,C,,58,189,10962,4,11400,180,
01-Dec-25,North,C,,51,139,7089,4,7373,132,
01-Jan-26,North,C,,73,180,13140,4,13666,171,
01-Feb-26,North,C,,62,151,9362,4,9736,144,
01-Mar-26,North,C,,86,149,12814,4,13327,142,
01-Apr-25,North,C,,98,92,9016,4,9377,88,
01-May-25,North,C,,87,234,20358,4,21172,223,
01-Jun-25,North,C,,76,170,12920,4,13437,162,
01-Jul-25,North,C,,96,213,20448,4,21266,203,
01-Aug-25,North,C,,77,101,7777,4,8088,96,
01-Sep-25,North,C,,79,195,15405,4,16021,186,
01-Oct-25,North,C,,93,216,20088,4,20892,206,
01-Nov-25,North,C,,66,238,15708,4,16336,227,
01-Dec-25,North,C,,54,210,11340,4,11794,200,
01-Jan-26,North,C,,77,137,10549,4,10971,130,
01-Feb-26,North,C,,90,219,19710,4,20498,208,
01-Mar-26,North,C,,65,183,11895,4,12371,174,
01-Apr-25,North,C,,84,218,18312,5,19228,205,
01-May-25,North,C,,55,235,12925,5,13571,221,
01-Jun-25,North,C,,65,95,6175,5,6484,89,
01-Jul-25,North,C,,77,185,14245,5,14957,174,
01-Aug-25,North,C,,67,179,11993,5,12593,168,
01-Sep-25,North,C,,75,120,9000,5,9450,113,
01-Oct-25,North,C,,97,234,22698,5,23833,220,
01-Nov-25,North,C,,58,189,10962,5,11510,178,
01-Dec-25,North,C,,51,139,7089,5,7443,131,
01-Jan-26,North,C,,73,180,13140,5,13797,169,
01-Feb-26,North,C,,62,151,9362,5,9830,142,
01-Mar-26,North,C,,86,149,12814,5,13455,140,
01-Apr-25,North,C,,98,92,9016,5,9467,86,
01-May-25,North,C,,87,234,20358,5,21376,220,
01-Jun-25,North,C,,76,170,12920,5,13566,160,
01-Jul-25,North,C,,96,213,20448,5,21470,200,
01-Aug-25,North,C,,77,101,7777,5,8166,95,
01-Sep-25,North,C,,79,195,15405,5,16175,183,
01-Oct-25,North,C,,93,216,20088,5,21092,203,
01-Nov-25,North,C,,66,238,15708,5,16493,224,
01-Dec-25,North,C,,54,210,11340,5,11907,197,
01-Jan-26,North,C,,77,137,10549,5,11076,129,
01-Feb-26,North,C,,90,219,19710,5,20696,206,
01-Mar-26,North,C,,65,183,11895,5,12490,172,
01-Apr-25,North,C,,84,218,18312,-2,17946,223,
01-May-25,North,C,,55,235,12925,-2,12667,241,
01-Jun-25,North,C,,65,95,6175,-2,6052,97,
01-Jul-25,North,C,,77,185,14245,-2,13960,189,
01-Aug-25,North,C,,67,179,11993,-2,11753,183,
01-Sep-25,North,C,,75,120,9000,-2,8820,123,
01-Oct-25,North,C,,97,234,22698,-2,22244,240,
01-Nov-25,North,C,,58,189,10962,-2,10743,194,
01-Dec-25,North,C,,51,139,7089,-2,6947,142,
01-Jan-26,North,C,,73,180,13140,-2,12877,184,
01-Feb-26,North,C,,62,151,9362,-2,9175,155,
01-Mar-26,North,C,,86,149,12814,-2,12558,153,
01-Apr-25,North,C,,98,92,9016,-2,8836,94,
01-May-25,North,C,,87,234,20358,-2,19951,240,
01-Jun-25,North,C,,76,170,12920,-2,12662,174,
01-Jul-25,North,C,,96,213,20448,-2,20039,218,
01-Aug-25,North,C,,77,101,7777,-2,7621,103,
01-Sep-25,North,C,,79,195,15405,-2,15097,200,
01-Oct-25,North,C,,93,216,20088,-2,19686,221,
01-Nov-25,North,C,,66,238,15708,-2,15394,244,
01-Dec-25,North,C,,54,210,11340,-2,11113,215,
01-Jan-26,North,C,,77,137,10549,-2,10338,140,
01-Feb-26,North,C,,90,219,19710,-2,19316,224,
01-Mar-26,North,C,,65,183,11895,-2,11657,187,
01-Apr-25,North,C,,84,218,18312,-3,17763,226,
01-May-25,North,C,,55,235,12925,-3,12537,244,
01-Jun-25,North,C,,65,95,6175,-3,5990,99,
01-Jul-25,North,C,,77,185,14245,-3,13818,192,
01-Aug-25,North,C,,67,179,11993,-3,11633,186,
01-Sep-25,North,C,,75,120,9000,-3,8730,125,
01-Oct-25,North,C,,97,234,22698,-3,22017,243,
01-Nov-25,North,C,,58,189,10962,-3,10633,196,
01-Dec-25,North,C,,51,139,7089,-3,6876,144,
01-Jan-26,North,C,,73,180,13140,-3,12746,187,
01-Feb-26,North,C,,62,151,9362,-3,9081,157,
01-Mar-26,North,C,,86,149,12814,-3,12430,155,
01-Apr-25,North,C,,98,92,9016,-3,8746,95,
01-May-25,North,C,,87,234,20358,-3,19747,243,
01-Jun-25,North,C,,76,170,12920,-3,12532,176,
01-Jul-25,North,C,,96,213,20448,-3,19835,221,
01-Aug-25,North,C,,77,101,7777,-3,7544,105,
01-Sep-25,North,C,,79,195,15405,-3,14943,202,
01-Oct-25,North,C,,93,216,20088,-3,19485,224,
01-Nov-25,North,C,,66,238,15708,-3,15237,247,
01-Dec-25,North,C,,54,210,11340,-3,11000,218,
01-Jan-26,North,C,,77,137,10549,-3,10233,142,
01-Feb-26,North,C,,90,219,19710,-3,19119,227,
01-Mar-26,North,C,,65,183,11895,-3,11538,190,
01-Apr-25,North,C,,84,218,18312,-4,17580,228,
01-May-25,North,C,,55,235,12925,-4,12408,246,
01-Jun-25,North,C,,65,95,6175,-4,5928,100,
01-Jul-25,North,C,,77,185,14245,-4,13675,194,
01-Aug-25,North,C,,67,179,11993,-4,11513,188,
01-Sep-25,North,C,,75,120,9000,-4,8640,126,
01-Oct-25,North,C,,97,234,22698,-4,21790,245,
01-Nov-25,North,C,,58,189,10962,-4,10524,198,
01-Dec-25,North,C,,51,139,7089,-4,6805,146,
01-Jan-26,North,C,,73,180,13140,-4,12614,189,
01-Feb-26,North,C,,62,151,9362,-4,8988,158,
01-Mar-26,North,C,,86,149,12814,-4,12301,156,
01-Apr-25,North,C,,98,92,9016,-4,8655,96,
01-May-25,North,C,,87,234,20358,-4,19544,245,
01-Jun-25,North,C,,76,170,12920,-4,12403,178,
01-Jul-25,North,C,,96,213,20448,-4,19630,223,
01-Aug-25,North,C,,77,101,7777,-4,7466,106,
01-Sep-25,North,C,,79,195,15405,-4,14789,204,
01-Oct-25,North,C,,93,216,20088,-4,19284,226,
01-Nov-25,North,C,,66,238,15708,-4,15080,249,
01-Dec-25,North,C,,54,210,11340,-4,10886,220,
01-Jan-26,North,C,,77,137,10549,-4,10127,144,
01-Feb-26,North,C,,90,219,19710,-4,18922,230,
01-Mar-26,North,C,,65,183,11895,-4,11419,192,
01-Apr-25,North,C,,84,218,18312,-5,17396,231,
01-May-25,North,C,,55,235,12925,-5,12279,249,
01-Jun-25,North,C,,65,95,6175,-5,5866,101,
01-Jul-25,North,C,,77,185,14245,-5,13533,196,
01-Aug-25,North,C,,67,179,11993,-5,11393,190,
01-Sep-25,North,C,,75,120,9000,-5,8550,127,
01-Oct-25,North,C,,97,234,22698,-5,21563,248,
01-Nov-25,North,C,,58,189,10962,-5,10414,200,
01-Dec-25,North,C,,51,139,7089,-5,6735,147,
01-Jan-26,North,C,,73,180,13140,-5,12483,191,
01-Feb-26,North,C,,62,151,9362,-5,8894,160,
01-Mar-26,North,C,,86,149,12814,-5,12173,158,
01-Apr-25,North,C,,98,92,9016,-5,8565,98,
01-May-25,North,C,,87,234,20358,-5,19340,248,
01-Jun-25,North,C,,76,170,12920,-5,12274,180,
01-Jul-25,North,C,,96,213,20448,-5,19426,226,
01-Aug-25,North,C,,77,101,7777,-5,7388,107,
01-Sep-25,North,C,,79,195,15405,-5,14635,207,
01-Oct-25,North,C,,93,216,20088,-5,19084,229,
01-Nov-25,North,C,,66,238,15708,-5,14923,252,
01-Dec-25,North,C,,54,210,11340,-5,10773,223,
01-Jan-26,North,C,,77,137,10549,-5,10022,145,
01-Feb-26,North,C,,90,219,19710,-5,18725,232,
01-Mar-26,North,C,,65,183,11895,-5,11300,194,
01-Apr-25,North,B,,42,167,7014,2,7154,163,
01-May-25,North,B,,30,238,7140,2,7283,232,
01-Jun-25,North,B,,36,200,7200,2,7344,195,
01-Jul-25,North,B,,29,245,7105,2,7247,239,
01-Aug-25,North,B,,32,253,8096,2,8258,247,
01-Sep-25,North,B,,34,240,8160,2,8323,234,
01-Oct-25,North,B,,21,182,3822,2,3898,178,
01-Nov-25,North,B,,14,191,2674,2,2727,186,
01-Dec-25,North,B,,37,204,7548,2,7699,199,
01-Jan-26,North,B,,21,204,4284,2,4370,199,
01-Feb-26,North,B,,44,185,8140,2,8303,181,
01-Mar-26,North,B,,31,196,6076,2,6198,191,
01-Apr-25,North,B,,47,297,13959,2,14238,290,
01-May-25,North,B,,35,417,14595,2,14887,407,
01-Jun-25,North,B,,41,362,14842,2,15139,353,
01-Jul-25,North,B,,33,436,14388,2,14676,426,
01-Aug-25,North,B,,36,415,14940,2,15239,405,
01-Sep-25,North,B,,38,412,15656,2,15969,402,
01-Oct-25,North,B,,24,302,7248,2,7393,295,
01-Nov-25,North,B,,16,300,4800,2,4896,293,
01-Dec-25,North,B,,41,376,15416,2,15724,367,
01-Jan-26,North,B,,23,302,6946,2,7085,295,
01-Feb-26,North,B,,51,265,13515,2,13785,259,
01-Mar-26,North,B,,34,339,11526,2,11757,331,
01-May-25,North,B,,30,238,7140,3,7354,229,
01-Jun-25,North,B,,36,200,7200,3,7416,193,
01-Jul-25,North,B,,29,245,7105,3,7318,236,
01-Aug-25,North,B,,32,253,8096,3,8339,244,
01-Sep-25,North,B,,34,240,8160,3,8405,231,
01-Oct-25,North,B,,21,182,3822,3,3937,175,
01-Nov-25,North,B,,14,191,2674,3,2754,184,
01-Dec-25,North,B,,37,204,7548,3,7774,197,
01-Jan-26,North,B,,21,204,4284,3,4413,197,
01-Feb-26,North,B,,44,185,8140,3,8384,178,
01-Mar-26,North,B,,31,196,6076,3,6258,189,
01-Apr-25,North,B,,47,297,13959,3,14378,286,
01-May-25,North,B,,35,417,14595,3,15033,402,
01-Jun-25,North,B,,41,362,14842,3,15287,349,
01-Jul-25,North,B,,33,436,14388,3,14820,420,
01-Aug-25,North,B,,36,415,14940,3,15388,400,
01-Sep-25,North,B,,38,412,15656,3,16126,397,
01-Oct-25,North,B,,24,302,7248,3,7465,291,
01-Nov-25,North,B,,16,300,4800,3,4944,289,
01-Dec-25,North,B,,41,376,15416,3,15878,362,
01-Jan-26,North,B,,23,302,6946,3,7154,291,
01-Feb-26,North,B,,51,265,13515,3,13920,255,
01-Mar-26,North,B,,34,339,11526,3,11872,327,
01-May-25,North,B,,30,238,7140,4,7426,227,
01-Jun-25,North,B,,36,200,7200,4,7488,190,
01-Jul-25,North,B,,29,245,7105,4,7389,233,
01-Aug-25,North,B,,32,253,8096,4,8420,241,
01-Sep-25,North,B,,34,240,8160,4,8486,228,
01-Oct-25,North,B,,21,182,3822,4,3975,173,
01-Nov-25,North,B,,14,191,2674,4,2781,182,
01-Dec-25,North,B,,37,204,7548,4,7850,194,
01-Jan-26,North,B,,21,204,4284,4,4455,194,
01-Feb-26,North,B,,44,185,8140,4,8466,176,
01-Mar-26,North,B,,31,196,6076,4,6319,187,
01-Apr-25,North,B,,47,297,13959,4,14517,283,
01-May-25,North,B,,35,417,14595,4,15179,397,
01-Jun-25,North,B,,41,362,14842,4,15436,345,
01-Jul-25,North,B,,33,436,14388,4,14964,415,
01-Aug-25,North,B,,36,415,14940,4,15538,395,
01-Sep-25,North,B,,38,412,15656,4,16282,392,
01-Oct-25,North,B,,24,302,7248,4,7538,288,
01-Nov-25,North,B,,16,300,4800,4,4992,286,
01-Dec-25,North,B,,41,376,15416,4,16033,358,
01-Jan-26,North,B,,23,302,6946,4,7224,288,
01-Feb-26,North,B,,51,265,13515,4,14056,252,
01-Mar-26,North,B,,34,339,11526,4,11987,323,
01-May-25,North,B,,30,238,7140,5,7497,224,
01-Jun-25,North,B,,36,200,7200,5,7560,188,
01-Jul-25,North,B,,29,245,7105,5,7460,230,
01-Aug-25,North,B,,32,253,8096,5,8501,238,
01-Sep-25,North,B,,34,240,8160,5,8568,226,
01-Oct-25,North,B,,21,182,3822,5,4013,171,
01-Nov-25,North,B,,14,191,2674,5,2808,180,
01-Dec-25,North,B,,37,204,7548,5,7925,192,
01-Jan-26,North,B,,21,204,4284,5,4498,192,
01-Feb-26,North,B,,44,185,8140,5,8547,174,
01-Mar-26,North,B,,31,196,6076,5,6380,184,
01-Apr-25,North,B,,47,297,13959,5,14657,279,
01-May-25,North,B,,35,417,14595,5,15325,392,
01-Jun-25,North,B,,41,362,14842,5,15584,340,
01-Jul-25,North,B,,33,436,14388,5,15107,410,
01-Aug-25,North,B,,36,415,14940,5,15687,390,
01-Sep-25,North,B,,38,412,15656,5,16439,387,
01-Oct-25,North,B,,24,302,7248,5,7610,284,
01-Nov-25,North,B,,16,300,4800,5,5040,282,
01-Dec-25,North,B,,41,376,15416,5,16187,353,
01-Jan-26,North,B,,23,302,6946,5,7293,284,
01-Feb-26,North,B,,51,265,13515,5,14191,249,
01-Mar-26,North,B,,34,339,11526,5,12102,319,
01-May-25,North,B,,30,238,7140,-2,6997,244,
01-Jun-25,North,B,,36,200,7200,-2,7056,205,
01-Jul-25,North,B,,29,245,7105,-2,6963,251,
01-Aug-25,North,B,,32,253,8096,-2,7934,259,
01-Sep-25,North,B,,34,240,8160,-2,7997,246,
01-Oct-25,North,B,,21,182,3822,-2,3746,186,
01-Nov-25,North,B,,14,191,2674,-2,2621,196,
01-Dec-25,North,B,,37,204,7548,-2,7397,209,
01-Jan-26,North,B,,21,204,4284,-2,4198,209,
01-Feb-26,North,B,,44,185,8140,-2,7977,189,
01-Mar-26,North,B,,31,196,6076,-2,5954,201,
01-Apr-25,North,B,,47,297,13959,-2,13680,304,
01-May-25,North,B,,35,417,14595,-2,14303,427,
01-Jun-25,North,B,,41,362,14842,-2,14545,371,
01-Jul-25,North,B,,33,436,14388,-2,14100,446,
01-Aug-25,North,B,,36,415,14940,-2,14641,425,
01-Sep-25,North,B,,38,412,15656,-2,15343,422,
01-Oct-25,North,B,,24,302,7248,-2,7103,309,
01-Nov-25,North,B,,16,300,4800,-2,4704,307,
01-Dec-25,North,B,,41,376,15416,-2,15108,385,
01-Jan-26,North,B,,23,302,6946,-2,6807,309,
01-Feb-26,North,B,,51,265,13515,-2,13245,271,
01-Mar-26,North,B,,34,339,11526,-2,11295,347,
01-Apr-25,North,B,,42,167,7014,-3,6804,173,
01-May-25,North,B,,30,238,7140,-3,6926,247,
01-Jun-25,North,B,,36,200,7200,-3,6984,208,
01-Jul-25,North,B,,29,245,7105,-3,6892,254,
01-Aug-25,North,B,,32,253,8096,-3,7853,263,
01-Sep-25,North,B,,34,240,8160,-3,7915,249,
01-Oct-25,North,B,,21,182,3822,-3,3707,189,
01-Nov-25,North,B,,14,191,2674,-3,2594,198,
01-Dec-25,North,B,,37,204,7548,-3,7322,212,
01-Jan-26,North,B,,21,204,4284,-3,4155,212,
01-Feb-26,North,B,,44,185,8140,-3,7896,192,
01-Mar-26,North,B,,31,196,6076,-3,5894,203,
01-Apr-25,North,B,,47,297,13959,-3,13540,308,
01-May-25,North,B,,35,417,14595,-3,14157,433,
01-Jun-25,North,B,,41,362,14842,-3,14397,376,
01-Jul-25,North,B,,33,436,14388,-3,13956,453,
01-Aug-25,North,B,,36,415,14940,-3,14492,431,
01-Sep-25,North,B,,38,412,15656,-3,15186,428,
01-Oct-25,North,B,,24,302,7248,-3,7031,313,
01-Nov-25,North,B,,16,300,4800,-3,4656,311,
01-Dec-25,North,B,,41,376,15416,-3,14954,390,
01-Jan-26,North,B,,23,302,6946,-3,6738,313,
01-Feb-26,North,B,,51,265,13515,-3,13110,275,
01-Mar-26,North,B,,34,339,11526,-3,11180,352,
01-May-25,North,B,,30,238,7140,-4,6854,249,
01-Jun-25,North,B,,36,200,7200,-4,6912,210,
01-Jul-25,North,B,,29,245,7105,-4,6821,257,
01-Aug-25,North,B,,32,253,8096,-4,7772,265,
01-Sep-25,North,B,,34,240,8160,-4,7834,252,
01-Oct-25,North,B,,21,182,3822,-4,3669,191,
01-Nov-25,North,B,,14,191,2674,-4,2567,200,
01-Dec-25,North,B,,37,204,7548,-4,7246,214,
01-Jan-26,North,B,,21,204,4284,-4,4113,214,
01-Feb-26,North,B,,44,185,8140,-4,7814,194,
01-Mar-26,North,B,,31,196,6076,-4,5833,205,
01-Apr-25,North,B,,47,297,13959,-4,13401,311,
01-May-25,North,B,,35,417,14595,-4,14011,437,
01-Jun-25,North,B,,41,362,14842,-4,14248,379,
01-Jul-25,North,B,,33,436,14388,-4,13812,457,
01-Aug-25,North,B,,36,415,14940,-4,14342,435,
01-Sep-25,North,B,,38,412,15656,-4,15030,432,
01-Oct-25,North,B,,24,302,7248,-4,6958,316,
01-Nov-25,North,B,,16,300,4800,-4,4608,314,
01-Dec-25,North,B,,41,376,15416,-4,14799,394,
01-Jan-26,North,B,,23,302,6946,-4,6668,316,
01-Feb-26,North,B,,51,265,13515,-4,12974,278,
01-Mar-26,North,B,,34,339,11526,-4,11065,355,
01-May-25,North,B,,30,238,7140,-5,6783,252,
01-Jun-25,North,B,,36,200,7200,-5,6840,212,
01-Jul-25,North,B,,29,245,7105,-5,6750,260,
01-Aug-25,North,B,,32,253,8096,-5,7691,268,
01-Sep-25,North,B,,34,240,8160,-5,7752,254,
01-Oct-25,North,B,,21,182,3822,-5,3631,193,
01-Nov-25,North,B,,14,191,2674,-5,2540,202,
01-Dec-25,North,B,,37,204,7548,-5,7171,216,
01-Jan-26,North,B,,21,204,4284,-5,4070,216,
01-Feb-26,North,B,,44,185,8140,-5,7733,196,
01-Mar-26,North,B,,31,196,6076,-5,5772,208,
01-Apr-25,North,B,,47,297,13959,-5,13261,315,
01-May-25,North,B,,35,417,14595,-5,13865,442,
01-Jun-25,North,B,,41,362,14842,-5,14100,384,
01-Jul-25,North,B,,33,436,14388,-5,13669,462,
01-Aug-25,North,B,,36,415,14940,-5,14193,440,
01-Sep-25,North,B,,38,412,15656,-5,14873,437,
01-Oct-25,North,B,,24,302,7248,-5,6886,320,
01-Nov-25,North,B,,16,300,4800,-5,4560,318,
01-Dec-25,North,B,,41,376,15416,-5,14645,399,
01-Jan-26,North,B,,23,302,6946,-5,6599,320,
01-Feb-26,North,B,,51,265,13515,-5,12839,281,
01-Mar-26,North,B,,34,339,11526,-5,10950,359,
01-Apr-25,West,B,,40,158,6320,2,6446,154,
01-May-25,West,B,,38,212,8056,2,8217,207,
01-Jun-25,West,B,,48,230,11040,2,11261,224,
01-Jul-25,West,B,,51,155,7905,2,8063,151,
01-Aug-25,West,B,,37,219,8103,2,8265,214,
01-Sep-25,West,B,,46,169,7774,2,7929,165,
01-Oct-25,West,B,,55,180,9900,2,10098,176,
01-Nov-25,West,B,,31,234,7254,2,7399,228,
01-Dec-25,West,B,,33,172,5676,2,5790,168,
01-Jan-26,West,B,,46,176,8096,2,8258,172,
01-Feb-26,West,B,,54,189,10206,2,10410,184,
01-Mar-26,West,B,,56,239,13384,2,13652,233,
01-Apr-25,West,B,,31,218,6758,2,6893,213,
01-May-25,West,B,,38,226,8588,2,8760,221,
01-Jun-25,West,B,,36,134,4824,2,4920,131,
01-Jul-25,West,B,,50,183,9150,2,9333,179,
01-Aug-25,West,B,,49,239,11711,2,11945,233,
01-Sep-25,West,B,,54,200,10800,2,11016,195,
01-Oct-25,West,B,,31,217,6727,2,6862,212,
01-Nov-25,West,B,,49,244,11956,2,12195,238,
01-Dec-25,West,B,,35,200,7000,2,7140,195,
01-Jan-26,West,B,,43,149,6407,2,6535,145,
01-Feb-26,West,B,,50,216,10800,2,11016,211,
01-Mar-26,West,B,,34,137,4658,2,4751,134,
01-Apr-25,West,B,,40,158,6320,3,6510,152,
01-May-25,West,B,,38,212,8056,3,8298,204,
01-Jun-25,West,B,,48,230,11040,3,11371,222,
01-Jul-25,West,B,,51,155,7905,3,8142,149,
01-Aug-25,West,B,,37,219,8103,3,8346,211,
01-Sep-25,West,B,,46,169,7774,3,8007,163,
01-Oct-25,West,B,,55,180,9900,3,10197,174,
01-Nov-25,West,B,,31,234,7254,3,7472,226,
01-Dec-25,West,B,,33,172,5676,3,5846,166,
01-Jan-26,West,B,,46,176,8096,3,8339,170,
01-Feb-26,West,B,,54,189,10206,3,10512,182,
01-Mar-26,West,B,,56,239,13384,3,13786,230,
01-Apr-25,West,B,,31,218,6758,3,6961,210,
01-May-25,West,B,,38,226,8588,3,8846,218,
01-Jun-25,West,B,,36,134,4824,3,4969,129,
01-Jul-25,West,B,,50,183,9150,3,9425,176,
01-Aug-25,West,B,,49,239,11711,3,12062,230,
01-Sep-25,West,B,,54,200,10800,3,11124,193,
01-Oct-25,West,B,,31,217,6727,3,6929,209,
01-Nov-25,West,B,,49,244,11956,3,12315,235,
01-Dec-25,West,B,,35,200,7000,3,7210,193,
01-Jan-26,West,B,,43,149,6407,3,6599,144,
01-Feb-26,West,B,,50,216,10800,3,11124,208,
01-Mar-26,West,B,,34,137,4658,3,4798,132,
01-Apr-25,West,B,,40,158,6320,4,6573,150,
01-May-25,West,B,,38,212,8056,4,8378,202,
01-Jun-25,West,B,,48,230,11040,4,11482,219,
01-Jul-25,West,B,,51,155,7905,4,8221,148,
01-Aug-25,West,B,,37,219,8103,4,8427,208,
01-Sep-25,West,B,,46,169,7774,4,8085,161,
01-Oct-25,West,B,,55,180,9900,4,10296,171,
01-Nov-25,West,B,,31,234,7254,4,7544,223,
01-Dec-25,West,B,,33,172,5676,4,5903,164,
01-Jan-26,West,B,,46,176,8096,4,8420,168,
01-Feb-26,West,B,,54,189,10206,4,10614,180,
01-Mar-26,West,B,,56,239,13384,4,13919,228,
01-Apr-25,West,B,,31,218,6758,4,7028,208,
01-May-25,West,B,,38,226,8588,4,8932,215,
01-Jun-25,West,B,,36,134,4824,4,5017,128,
01-Jul-25,West,B,,50,183,9150,4,9516,174,
01-Aug-25,West,B,,49,239,11711,4,12179,228,
01-Sep-25,West,B,,54,200,10800,4,11232,190,
01-Oct-25,West,B,,31,217,6727,4,6996,207,
01-Nov-25,West,B,,49,244,11956,4,12434,232,
01-Dec-25,West,B,,35,200,7000,4,7280,190,
01-Jan-26,West,B,,43,149,6407,4,6663,142,
01-Feb-26,West,B,,50,216,10800,4,11232,206,
01-Mar-26,West,B,,34,137,4658,4,4844,130,
01-Apr-25,West,B,,40,158,6320,5,6636,149,
01-May-25,West,B,,38,212,8056,5,8459,199,
01-Jun-25,West,B,,48,230,11040,5,11592,216,
01-Jul-25,West,B,,51,155,7905,5,8300,146,
01-Aug-25,West,B,,37,219,8103,5,8508,206,
01-Sep-25,West,B,,46,169,7774,5,8163,159,
01-Oct-25,West,B,,55,180,9900,5,10395,169,
01-Nov-25,West,B,,31,234,7254,5,7617,220,
01-Dec-25,West,B,,33,172,5676,5,5960,162,
01-Jan-26,West,B,,46,176,8096,5,8501,165,
01-Feb-26,West,B,,54,189,10206,5,10716,178,
01-Mar-26,West,B,,56,239,13384,5,14053,225,
01-Apr-25,West,B,,31,218,6758,5,7096,205,
01-May-25,West,B,,38,226,8588,5,9017,212,
01-Jun-25,West,B,,36,134,4824,5,5065,126,
01-Jul-25,West,B,,50,183,9150,5,9608,172,
01-Aug-25,West,B,,49,239,11711,5,12297,225,
01-Sep-25,West,B,,54,200,10800,5,11340,188,
01-Oct-25,West,B,,31,217,6727,5,7063,204,
01-Nov-25,West,B,,49,244,11956,5,12554,229,
01-Dec-25,West,B,,35,200,7000,5,7350,188,
01-Jan-26,West,B,,43,149,6407,5,6727,140,
01-Feb-26,West,B,,50,216,10800,5,11340,203,
01-Mar-26,West,B,,34,137,4658,5,4891,129,
01-Apr-25,West,B,,40,158,6320,-2,6194,162,
01-May-25,West,B,,38,212,8056,-2,7895,217,
01-Jun-25,West,B,,48,230,11040,-2,10819,236,
01-Jul-25,West,B,,51,155,7905,-2,7747,159,
01-Aug-25,West,B,,37,219,8103,-2,7941,224,
01-Sep-25,West,B,,46,169,7774,-2,7619,173,
01-Oct-25,West,B,,55,180,9900,-2,9702,184,
01-Nov-25,West,B,,31,234,7254,-2,7109,240,
01-Dec-25,West,B,,33,172,5676,-2,5562,176,
01-Jan-26,West,B,,46,176,8096,-2,7934,180,
01-Feb-26,West,B,,54,189,10206,-2,10002,194,
01-Mar-26,West,B,,56,239,13384,-2,13116,245,
01-Apr-25,West,B,,31,218,6758,-2,6623,223,
01-May-25,West,B,,38,226,8588,-2,8416,231,
01-Jun-25,West,B,,36,134,4824,-2,4728,137,
01-Jul-25,West,B,,50,183,9150,-2,8967,187,
01-Aug-25,West,B,,49,239,11711,-2,11477,245,
01-Sep-25,West,B,,54,200,10800,-2,10584,205,
01-Oct-25,West,B,,31,217,6727,-2,6592,222,
01-Nov-25,West,B,,49,244,11956,-2,11717,250,
01-Dec-25,West,B,,35,200,7000,-2,6860,205,
01-Jan-26,West,B,,43,149,6407,-2,6279,153,
01-Feb-26,West,B,,50,216,10800,-2,10584,221,
01-Mar-26,West,B,,34,137,4658,-2,4565,140,
01-Apr-25,West,B,,40,158,6320,-3,6130,164,
01-May-25,West,B,,38,212,8056,-3,7814,220,
01-Jun-25,West,B,,48,230,11040,-3,10709,239,
01-Jul-25,West,B,,51,155,7905,-3,7668,161,
01-Aug-25,West,B,,37,219,8103,-3,7860,227,
01-Sep-25,West,B,,46,169,7774,-3,7541,175,
01-Oct-25,West,B,,55,180,9900,-3,9603,187,
01-Nov-25,West,B,,31,234,7254,-3,7036,243,
01-Dec-25,West,B,,33,172,5676,-3,5506,179,
01-Jan-26,West,B,,46,176,8096,-3,7853,183,
01-Feb-26,West,B,,54,189,10206,-3,9900,196,
01-Mar-26,West,B,,56,239,13384,-3,12982,248,
01-Apr-25,West,B,,31,218,6758,-3,6555,226,
01-May-25,West,B,,38,226,8588,-3,8330,235,
01-Jun-25,West,B,,36,134,4824,-3,4679,139,
01-Jul-25,West,B,,50,183,9150,-3,8876,190,
01-Aug-25,West,B,,49,239,11711,-3,11360,248,
01-Sep-25,West,B,,54,200,10800,-3,10476,208,
01-Oct-25,West,B,,31,217,6727,-3,6525,225,
01-Nov-25,West,B,,49,244,11956,-3,11597,253,
01-Dec-25,West,B,,35,200,7000,-3,6790,208,
01-Jan-26,West,B,,43,149,6407,-3,6215,155,
01-Feb-26,West,B,,50,216,10800,-3,10476,224,
01-Mar-26,West,B,,34,137,4658,-3,4518,142,
01-Apr-25,West,B,,40,158,6320,-4,6067,166,
01-May-25,West,B,,38,212,8056,-4,7734,222,
01-Jun-25,West,B,,48,230,11040,-4,10598,241,
01-Jul-25,West,B,,51,155,7905,-4,7589,162,
01-Aug-25,West,B,,37,219,8103,-4,7779,230,
01-Sep-25,West,B,,46,169,7774,-4,7463,177,
01-Oct-25,West,B,,55,180,9900,-4,9504,189,
01-Nov-25,West,B,,31,234,7254,-4,6964,245,
01-Dec-25,West,B,,33,172,5676,-4,5449,180,
01-Jan-26,West,B,,46,176,8096,-4,7772,184,
01-Feb-26,West,B,,54,189,10206,-4,9798,198,
01-Mar-26,West,B,,56,239,13384,-4,12849,250,
01-Apr-25,West,B,,31,218,6758,-4,6488,228,
01-May-25,West,B,,38,226,8588,-4,8244,237,
01-Jun-25,West,B,,36,134,4824,-4,4631,140,
01-Jul-25,West,B,,50,183,9150,-4,8784,192,
01-Aug-25,West,B,,49,239,11711,-4,11243,250,
01-Sep-25,West,B,,54,200,10800,-4,10368,210,
01-Oct-25,West,B,,31,217,6727,-4,6458,227,
01-Nov-25,West,B,,49,244,11956,-4,11478,256,
01-Dec-25,West,B,,35,200,7000,-4,6720,210,
01-Jan-26,West,B,,43,149,6407,-4,6151,156,
01-Feb-26,West,B,,50,216,10800,-4,10368,226,
01-Mar-26,West,B,,34,137,4658,-4,4472,144,
01-Apr-25,West,B,,40,158,6320,-5,6004,167,
01-May-25,West,B,,38,212,8056,-5,7653,225,
01-Jun-25,West,B,,48,230,11040,-5,10488,244,
01-Jul-25,West,B,,51,155,7905,-5,7510,164,
01-Aug-25,West,B,,37,219,8103,-5,7698,232,
01-Sep-25,West,B,,46,169,7774,-5,7385,179,
01-Oct-25,West,B,,55,180,9900,-5,9405,191,
01-Nov-25,West,B,,31,234,7254,-5,6891,248,
01-Dec-25,West,B,,33,172,5676,-5,5392,182,
01-Jan-26,West,B,,46,176,8096,-5,7691,187,
01-Feb-26,West,B,,54,189,10206,-5,9696,200,
01-Mar-26,West,B,,56,239,13384,-5,12715,253,
01-Apr-25,West,B,,31,218,6758,-5,6420,231,
01-May-25,West,B,,38,226,8588,-5,8159,240,
01-Jun-25,West,B,,36,134,4824,-5,4583,142,
01-Jul-25,West,B,,50,183,9150,-5,8693,194,
01-Aug-25,West,B,,49,239,11711,-5,11125,253,
01-Sep-25,West,B,,54,200,10800,-5,10260,212,
01-Oct-25,West,B,,31,217,6727,-5,6391,230,
01-Nov-25,West,B,,49,244,11956,-5,11358,259,
01-Dec-25,West,B,,35,200,7000,-5,6650,212,
01-Jan-26,West,B,,43,149,6407,-5,6087,158,
01-Feb-26,West,B,,50,216,10800,-5,10260,229,
01-Mar-26,West,B,,34,137,4658,-5,4425,145,
01-Apr-25,South,B,,42,65,2730,2,2785,63,
01-May-25,South,B,,30,104,3120,2,3182,102,
01-Jun-25,South,B,,36,94,3384,2,3452,92,
01-Jul-25,South,B,,29,94,2726,2,2781,92,
01-Aug-25,South,B,,32,92,2944,2,3003,90,
01-Sep-25,South,B,,34,170,5780,2,5896,166,
01-Oct-25,South,B,,21,93,1953,2,1992,91,
01-Nov-25,South,B,,14,143,2002,2,2042,140,
01-Dec-25,South,B,,37,174,6438,2,6567,170,
01-Jan-26,South,B,,21,128,2688,2,2742,125,
01-Feb-26,South,B,,44,84,3696,2,3770,82,
01-Mar-26,South,B,,31,126,3906,2,3984,123,
01-Apr-25,South,B,,47,158,7426,2,7575,154,
01-May-25,South,B,,35,77,2695,2,2749,75,
01-Jun-25,South,B,,41,87,3567,2,3638,85,
01-Jul-25,South,B,,33,126,4158,2,4241,123,
01-Aug-25,South,B,,36,121,4356,2,4443,118,
01-Sep-25,South,B,,38,109,4142,2,4225,106,
01-Oct-25,South,B,,24,70,1680,2,1714,68,
01-Nov-25,South,B,,16,124,1984,2,2024,121,
01-Dec-25,South,B,,41,169,6929,2,7068,165,
01-Jan-26,South,B,,23,151,3473,2,3542,147,
01-Feb-26,South,B,,51,84,4284,2,4370,82,
01-Mar-26,South,B,,34,99,3366,2,3433,97,
01-Apr-25,South,B,,42,65,2730,3,2812,63,
01-May-25,South,B,,30,104,3120,3,3214,100,
01-Jun-25,South,B,,36,94,3384,3,3486,91,
01-Jul-25,South,B,,29,94,2726,3,2808,91,
01-Aug-25,South,B,,32,92,2944,3,3032,89,
01-Sep-25,South,B,,34,170,5780,3,5953,164,
01-Oct-25,South,B,,21,93,1953,3,2012,90,
01-Nov-25,South,B,,14,143,2002,3,2062,138,
01-Dec-25,South,B,,37,174,6438,3,6631,168,
01-Jan-26,South,B,,21,128,2688,3,2769,123,
01-Feb-26,South,B,,44,84,3696,3,3807,81,
01-Mar-26,South,B,,31,126,3906,3,4023,121,
01-Apr-25,South,B,,47,158,7426,3,7649,152,
01-May-25,South,B,,35,77,2695,3,2776,74,
01-Jun-25,South,B,,41,87,3567,3,3674,84,
01-Jul-25,South,B,,33,126,4158,3,4283,121,
01-Aug-25,South,B,,36,121,4356,3,4487,117,
01-Sep-25,South,B,,38,109,4142,3,4266,105,
01-Oct-25,South,B,,24,70,1680,3,1730,67,
01-Nov-25,South,B,,16,124,1984,3,2044,120,
01-Dec-25,South,B,,41,169,6929,3,7137,163,
01-Jan-26,South,B,,23,151,3473,3,3577,146,
01-Feb-26,South,B,,51,84,4284,3,4413,81,
01-Mar-26,South,B,,34,99,3366,3,3467,95,
01-Apr-25,South,B,,42,65,2730,4,2839,62,
01-May-25,South,B,,30,104,3120,4,3245,99,
01-Jun-25,South,B,,36,94,3384,4,3519,89,
01-Jul-25,South,B,,29,94,2726,4,2835,89,
01-Aug-25,South,B,,32,92,2944,4,3062,88,
01-Sep-25,South,B,,34,170,5780,4,6011,162,
01-Oct-25,South,B,,21,93,1953,4,2031,89,
01-Nov-25,South,B,,14,143,2002,4,2082,136,
01-Dec-25,South,B,,37,174,6438,4,6696,166,
01-Jan-26,South,B,,21,128,2688,4,2796,122,
01-Feb-26,South,B,,44,84,3696,4,3844,80,
01-Mar-26,South,B,,31,126,3906,4,4062,120,
01-Apr-25,South,B,,47,158,7426,4,7723,150,
01-May-25,South,B,,35,77,2695,4,2803,73,
01-Jun-25,South,B,,41,87,3567,4,3710,83,
01-Jul-25,South,B,,33,126,4158,4,4324,120,
01-Aug-25,South,B,,36,121,4356,4,4530,115,
01-Sep-25,South,B,,38,109,4142,4,4308,104,
01-Oct-25,South,B,,24,70,1680,4,1747,67,
01-Nov-25,South,B,,16,124,1984,4,2063,118,
01-Dec-25,South,B,,41,169,6929,4,7206,161,
01-Jan-26,South,B,,23,151,3473,4,3612,144,
01-Feb-26,South,B,,51,84,4284,4,4455,80,
01-Mar-26,South,B,,34,99,3366,4,3501,94,
01-Apr-25,South,B,,42,65,2730,5,2867,61,
01-May-25,South,B,,30,104,3120,5,3276,98,
01-Jun-25,South,B,,36,94,3384,5,3553,88,
01-Jul-25,South,B,,29,94,2726,5,2862,88,
01-Aug-25,South,B,,32,92,2944,5,3091,86,
01-Sep-25,South,B,,34,170,5780,5,6069,160,
01-Oct-25,South,B,,21,93,1953,5,2051,87,
01-Nov-25,South,B,,14,143,2002,5,2102,134,
01-Dec-25,South,B,,37,174,6438,5,6760,164,
01-Jan-26,South,B,,21,128,2688,5,2822,120,
01-Feb-26,South,B,,44,84,3696,5,3881,79,
01-Mar-26,South,B,,31,126,3906,5,4101,118,
01-Apr-25,South,B,,47,158,7426,5,7797,149,
01-May-25,South,B,,35,77,2695,5,2830,72,
01-Jun-25,South,B,,41,87,3567,5,3745,82,
01-Jul-25,South,B,,33,126,4158,5,4366,118,
01-Aug-25,South,B,,36,121,4356,5,4574,114,
01-Sep-25,South,B,,38,109,4142,5,4349,102,
01-Oct-25,South,B,,24,70,1680,5,1764,66,
01-Nov-25,South,B,,16,124,1984,5,2083,117,
01-Dec-25,South,B,,41,169,6929,5,7275,159,
01-Jan-26,South,B,,23,151,3473,5,3647,142,
01-Feb-26,South,B,,51,84,4284,5,4498,79,
01-Mar-26,South,B,,34,99,3366,5,3534,93,
01-Apr-25,South,B,,42,65,2730,-2,2675,67,
01-May-25,South,B,,30,104,3120,-2,3058,106,
01-Jun-25,South,B,,36,94,3384,-2,3316,96,
01-Jul-25,South,B,,29,94,2726,-2,2671,96,
01-Aug-25,South,B,,32,92,2944,-2,2885,94,
01-Sep-25,South,B,,34,170,5780,-2,5664,174,
01-Oct-25,South,B,,21,93,1953,-2,1914,95,
01-Nov-25,South,B,,14,143,2002,-2,1962,146,
01-Dec-25,South,B,,37,174,6438,-2,6309,178,
01-Jan-26,South,B,,21,128,2688,-2,2634,131,
01-Feb-26,South,B,,44,84,3696,-2,3622,86,
01-Mar-26,South,B,,31,126,3906,-2,3828,129,
01-Apr-25,South,B,,47,158,7426,-2,7277,162,
01-May-25,South,B,,35,77,2695,-2,2641,79,
01-Jun-25,South,B,,41,87,3567,-2,3496,89,
01-Jul-25,South,B,,33,126,4158,-2,4075,129,
01-Aug-25,South,B,,36,121,4356,-2,4269,124,
01-Sep-25,South,B,,38,109,4142,-2,4059,112,
01-Oct-25,South,B,,24,70,1680,-2,1646,72,
01-Nov-25,South,B,,16,124,1984,-2,1944,127,
01-Dec-25,South,B,,41,169,6929,-2,6790,173,
01-Jan-26,South,B,,23,151,3473,-2,3404,155,
01-Feb-26,South,B,,51,84,4284,-2,4198,86,
01-Mar-26,South,B,,34,99,3366,-2,3299,101,
01-Apr-25,South,B,,42,65,2730,-3,2648,67,
01-May-25,South,B,,30,104,3120,-3,3026,108,
01-Jun-25,South,B,,36,94,3384,-3,3282,98,
01-Jul-25,South,B,,29,94,2726,-3,2644,98,
01-Aug-25,South,B,,32,92,2944,-3,2856,95,
01-Sep-25,South,B,,34,170,5780,-3,5607,176,
01-Oct-25,South,B,,21,93,1953,-3,1894,97,
01-Nov-25,South,B,,14,143,2002,-3,1942,148,
01-Dec-25,South,B,,37,174,6438,-3,6245,181,
01-Jan-26,South,B,,21,128,2688,-3,2607,133,
01-Feb-26,South,B,,44,84,3696,-3,3585,87,
01-Mar-26,South,B,,31,126,3906,-3,3789,131,
01-Apr-25,South,B,,47,158,7426,-3,7203,164,
01-May-25,South,B,,35,77,2695,-3,2614,80,
01-Jun-25,South,B,,41,87,3567,-3,3460,90,
01-Jul-25,South,B,,33,126,4158,-3,4033,131,
01-Aug-25,South,B,,36,121,4356,-3,4225,126,
01-Sep-25,South,B,,38,109,4142,-3,4018,113,
01-Oct-25,South,B,,24,70,1680,-3,1630,73,
01-Nov-25,South,B,,16,124,1984,-3,1924,129,
01-Dec-25,South,B,,41,169,6929,-3,6721,175,
01-Jan-26,South,B,,23,151,3473,-3,3369,157,
01-Feb-26,South,B,,51,84,4284,-3,4155,87,
01-Mar-26,South,B,,34,99,3366,-3,3265,103,
01-Apr-25,South,B,,42,65,2730,-4,2621,68,
01-May-25,South,B,,30,104,3120,-4,2995,109,
01-Jun-25,South,B,,36,94,3384,-4,3249,99,
01-Jul-25,South,B,,29,94,2726,-4,2617,99,
01-Aug-25,South,B,,32,92,2944,-4,2826,96,
01-Sep-25,South,B,,34,170,5780,-4,5549,178,
01-Oct-25,South,B,,21,93,1953,-4,1875,97,
01-Nov-25,South,B,,14,143,2002,-4,1922,150,
01-Dec-25,South,B,,37,174,6438,-4,6180,182,
01-Jan-26,South,B,,21,128,2688,-4,2580,134,
01-Feb-26,South,B,,44,84,3696,-4,3548,88,
01-Mar-26,South,B,,31,126,3906,-4,3750,132,
01-Apr-25,South,B,,47,158,7426,-4,7129,166,
01-May-25,South,B,,35,77,2695,-4,2587,81,
01-Jun-25,South,B,,41,87,3567,-4,3424,91,
01-Jul-25,South,B,,33,126,4158,-4,3992,132,
01-Aug-25,South,B,,36,121,4356,-4,4182,127,
01-Sep-25,South,B,,38,109,4142,-4,3976,114,
01-Oct-25,South,B,,24,70,1680,-4,1613,73,
01-Nov-25,South,B,,16,124,1984,-4,1905,130,
01-Dec-25,South,B,,41,169,6929,-4,6652,177,
01-Jan-26,South,B,,23,151,3473,-4,3334,158,
01-Feb-26,South,B,,51,84,4284,-4,4113,88,
01-Mar-26,South,B,,34,99,3366,-4,3231,104,
01-Apr-25,South,B,,42,65,2730,-5,2594,69,
01-May-25,South,B,,30,104,3120,-5,2964,110,
01-Jun-25,South,B,,36,94,3384,-5,3215,100,
01-Jul-25,South,B,,29,94,2726,-5,2590,100,
01-Aug-25,South,B,,32,92,2944,-5,2797,98,
01-Sep-25,South,B,,34,170,5780,-5,5491,180,
01-Oct-25,South,B,,21,93,1953,-5,1855,99,
01-Nov-25,South,B,,14,143,2002,-5,1902,152,
01-Dec-25,South,B,,37,174,6438,-5,6116,184,
01-Jan-26,South,B,,21,128,2688,-5,2554,136,
01-Feb-26,South,B,,44,84,3696,-5,3511,89,
01-Mar-26,South,B,,31,126,3906,-5,3711,134,
01-Apr-25,South,B,,47,158,7426,-5,7055,167,
01-May-25,South,B,,35,77,2695,-5,2560,82,
01-Jun-25,South,B,,41,87,3567,-5,3389,92,
01-Jul-25,South,B,,33,126,4158,-5,3950,134,
01-Aug-25,South,B,,36,121,4356,-5,4138,128,
01-Sep-25,South,B,,38,109,4142,-5,3935,116,
01-Oct-25,South,B,,24,70,1680,-5,1596,74,
01-Nov-25,South,B,,16,124,1984,-5,1885,131,
01-Dec-25,South,B,,41,169,6929,-5,6583,179,
01-Jan-26,South,B,,23,151,3473,-5,3299,160,
01-Feb-26,South,B,,51,84,4284,-5,4070,89,
01-Mar-26,South,B,,34,99,3366,-5,3198,105,
01-Apr-25,North,A,,37,94,3478,2,3548,92,
01-May-25,North,A,,27,144,3888,2,3966,141,
01-Jun-25,North,A,,32,108,3456,2,3525,105,
01-Jul-25,North,A,,26,162,4212,2,4296,158,
01-Aug-25,North,A,,28,142,3976,2,4056,139,
01-Sep-25,North,A,,31,150,4650,2,4743,146,
01-Oct-25,North,A,,18,110,1980,2,2020,107,
01-Nov-25,North,A,,12,119,1428,2,1457,116,
01-Dec-25,North,A,,34,117,3978,2,4058,114,
01-Jan-26,North,A,,19,121,2299,2,2345,118,
01-Feb-26,North,A,,40,109,4360,2,4447,106,
01-Mar-26,North,A,,28,119,3332,2,3399,116,
01-Apr-25,South,A,,37,157,5809,2,5925,153,
01-May-25,South,A,,27,142,3834,2,3911,139,
01-Jun-25,South,A,,32,94,3008,2,3068,92,
01-Jul-25,South,A,,26,164,4264,2,4349,160,
01-Aug-25,South,A,,28,152,4256,2,4341,148,
01-Sep-25,South,A,,31,75,2325,2,2372,73,
01-Oct-25,South,A,,18,62,1116,2,1138,61,
01-Nov-25,South,A,,12,116,1392,2,1420,113,
01-Dec-25,South,A,,34,95,3230,2,3295,93,
01-Jan-26,South,A,,19,168,3192,2,3256,164,
01-Feb-26,South,A,,40,90,3600,2,3672,88,
01-Mar-26,South,A,,28,153,4284,2,4370,149,
01-Apr-25,West,A,,50,234,11700,2,11934,228,
01-May-25,West,A,,51,148,7548,2,7699,144,
01-Jun-25,West,A,,49,213,10437,2,10646,208,
01-Jul-25,West,A,,33,252,8316,2,8482,246,
01-Aug-25,West,A,,35,154,5390,2,5498,150,
01-Sep-25,West,A,,45,131,5895,2,6013,128,
01-Oct-25,West,A,,42,215,9030,2,9211,210,
01-Nov-25,West,A,,31,206,6386,2,6514,201,
01-Dec-25,West,A,,38,211,8018,2,8178,206,
01-Jan-26,West,A,,29,162,4698,2,4792,158,
01-Feb-26,West,A,,36,184,6624,2,6756,180,
01-Mar-26,West,A,,42,133,5586,2,5698,130,
01-Apr-25,North,A,,37,94,3478,3,3582,91,
01-May-25,North,A,,27,144,3888,3,4005,139,
01-Jun-25,North,A,,32,108,3456,3,3560,104,
01-Jul-25,North,A,,26,162,4212,3,4338,156,
01-Aug-25,North,A,,28,142,3976,3,4095,137,
01-Sep-25,North,A,,31,150,4650,3,4790,145,
01-Oct-25,North,A,,18,110,1980,3,2039,106,
01-Nov-25,North,A,,12,119,1428,3,1471,115,
01-Dec-25,North,A,,34,117,3978,3,4097,113,
01-Jan-26,North,A,,19,121,2299,3,2368,117,
01-Feb-26,North,A,,40,109,4360,3,4491,105,
01-Mar-26,North,A,,28,119,3332,3,3432,115,
01-Apr-25,South,A,,37,157,5809,3,5983,151,
01-May-25,South,A,,27,142,3834,3,3949,137,
01-Jun-25,South,A,,32,94,3008,3,3098,91,
01-Jul-25,South,A,,26,164,4264,3,4392,158,
01-Aug-25,South,A,,28,152,4256,3,4384,147,
01-Sep-25,South,A,,31,75,2325,3,2395,72,
01-Oct-25,South,A,,18,62,1116,3,1149,60,
01-Nov-25,South,A,,12,116,1392,3,1434,112,
01-Dec-25,South,A,,34,95,3230,3,3327,92,
01-Jan-26,South,A,,19,168,3192,3,3288,162,
01-Feb-26,South,A,,40,90,3600,3,3708,87,
01-Mar-26,South,A,,28,153,4284,3,4413,147,
01-Apr-25,West,A,,50,234,11700,3,12051,226,
01-May-25,West,A,,51,148,7548,3,7774,143,
01-Jun-25,West,A,,49,213,10437,3,10750,205,
01-Jul-25,West,A,,33,252,8316,3,8565,243,
01-Aug-25,West,A,,35,154,5390,3,5552,148,
01-Sep-25,West,A,,45,131,5895,3,6072,126,
01-Oct-25,West,A,,42,215,9030,3,9301,207,
01-Nov-25,West,A,,31,206,6386,3,6578,199,
01-Dec-25,West,A,,38,211,8018,3,8259,203,
01-Jan-26,West,A,,29,162,4698,3,4839,156,
01-Feb-26,West,A,,36,184,6624,3,6823,177,
01-Mar-26,West,A,,42,133,5586,3,5754,128,
01-Apr-25,North,A,,37,94,3478,4,3617,89,
01-May-25,North,A,,27,144,3888,4,4044,137,
01-Jun-25,North,A,,32,108,3456,4,3594,103,
01-Jul-25,North,A,,26,162,4212,4,4380,154,
01-Aug-25,North,A,,28,142,3976,4,4135,135,
01-Sep-25,North,A,,31,150,4650,4,4836,143,
01-Oct-25,North,A,,18,110,1980,4,2059,105,
01-Nov-25,North,A,,12,119,1428,4,1485,113,
01-Dec-25,North,A,,34,117,3978,4,4137,111,
01-Jan-26,North,A,,19,121,2299,4,2391,115,
01-Feb-26,North,A,,40,109,4360,4,4534,104,
01-Mar-26,North,A,,28,119,3332,4,3465,113,
01-Apr-25,South,A,,37,157,5809,4,6041,149,
01-May-25,South,A,,27,142,3834,4,3987,135,
01-Jun-25,South,A,,32,94,3008,4,3128,89,
01-Jul-25,South,A,,26,164,4264,4,4435,156,
01-Aug-25,South,A,,28,152,4256,4,4426,145,
01-Sep-25,South,A,,31,75,2325,4,2418,71,
01-Oct-25,South,A,,18,62,1116,4,1161,59,
01-Nov-25,South,A,,12,116,1392,4,1448,110,
01-Dec-25,South,A,,34,95,3230,4,3359,90,
01-Jan-26,South,A,,19,168,3192,4,3320,160,
01-Feb-26,South,A,,40,90,3600,4,3744,86,
01-Mar-26,South,A,,28,153,4284,4,4455,146,
01-Apr-25,West,A,,50,234,11700,4,12168,223,
01-May-25,West,A,,51,148,7548,4,7850,141,
01-Jun-25,West,A,,49,213,10437,4,10854,203,
01-Jul-25,West,A,,33,252,8316,4,8649,240,
01-Aug-25,West,A,,35,154,5390,4,5606,147,
01-Sep-25,West,A,,45,131,5895,4,6131,125,
01-Oct-25,West,A,,42,215,9030,4,9391,205,
01-Nov-25,West,A,,31,206,6386,4,6641,196,
01-Dec-25,West,A,,38,211,8018,4,8339,201,
01-Jan-26,West,A,,29,162,4698,4,4886,154,
01-Feb-26,West,A,,36,184,6624,4,6889,175,
01-Mar-26,West,A,,42,133,5586,4,5809,127,
01-Apr-25,North,A,,37,94,3478,5,3652,88,
01-May-25,North,A,,27,144,3888,5,4082,135,
01-Jun-25,North,A,,32,108,3456,5,3629,102,
01-Jul-25,North,A,,26,162,4212,5,4423,152,
01-Aug-25,North,A,,28,142,3976,5,4175,133,
01-Sep-25,North,A,,31,150,4650,5,4883,141,
01-Oct-25,North,A,,18,110,1980,5,2079,103,
01-Nov-25,North,A,,12,119,1428,5,1499,112,
01-Dec-25,North,A,,34,117,3978,5,4177,110,
01-Jan-26,North,A,,19,121,2299,5,2414,114,
01-Feb-26,North,A,,40,109,4360,5,4578,102,
01-Mar-26,North,A,,28,119,3332,5,3499,112,
01-Apr-25,South,A,,37,157,5809,5,6099,148,
01-May-25,South,A,,27,142,3834,5,4026,133,
01-Jun-25,South,A,,32,94,3008,5,3158,88,
01-Jul-25,South,A,,26,164,4264,5,4477,154,
01-Aug-25,South,A,,28,152,4256,5,4469,143,
01-Sep-25,South,A,,31,75,2325,5,2441,71,
01-Oct-25,South,A,,18,62,1116,5,1172,58,
01-Nov-25,South,A,,12,116,1392,5,1462,109,
01-Dec-25,South,A,,34,95,3230,5,3392,89,
01-Jan-26,South,A,,19,168,3192,5,3352,158,
01-Feb-26,South,A,,40,90,3600,5,3780,85,
01-Mar-26,South,A,,28,153,4284,5,4498,144,
01-Apr-25,West,A,,50,234,11700,5,12285,220,
01-May-25,West,A,,51,148,7548,5,7925,139,
01-Jun-25,West,A,,49,213,10437,5,10959,200,
01-Jul-25,West,A,,33,252,8316,5,8732,237,
01-Aug-25,West,A,,35,154,5390,5,5660,145,
01-Sep-25,West,A,,45,131,5895,5,6190,123,
01-Oct-25,West,A,,42,215,9030,5,9482,202,
01-Nov-25,West,A,,31,206,6386,5,6705,194,
01-Dec-25,West,A,,38,211,8018,5,8419,198,
01-Jan-26,West,A,,29,162,4698,5,4933,152,
01-Feb-26,West,A,,36,184,6624,5,6955,173,
01-Mar-26,West,A,,42,133,5586,5,5865,125,
01-Apr-25,North,A,,37,94,3478,-2,3408,96,
01-May-25,North,A,,27,144,3888,-2,3810,147,
01-Jun-25,North,A,,32,108,3456,-2,3387,111,
01-Jul-25,North,A,,26,162,4212,-2,4128,166,
01-Aug-25,North,A,,28,142,3976,-2,3896,145,
01-Sep-25,North,A,,31,150,4650,-2,4557,154,
01-Oct-25,North,A,,18,110,1980,-2,1940,113,
01-Nov-25,North,A,,12,119,1428,-2,1399,122,
01-Dec-25,North,A,,34,117,3978,-2,3898,120,
01-Jan-26,North,A,,19,121,2299,-2,2253,124,
01-Feb-26,North,A,,40,109,4360,-2,4273,112,
01-Mar-26,North,A,,28,119,3332,-2,3265,122,
01-Apr-25,South,A,,37,157,5809,-2,5693,161,
01-May-25,South,A,,27,142,3834,-2,3757,145,
01-Jun-25,South,A,,32,94,3008,-2,2948,96,
01-Jul-25,South,A,,26,164,4264,-2,4179,168,
01-Aug-25,South,A,,28,152,4256,-2,4171,156,
01-Sep-25,South,A,,31,75,2325,-2,2279,77,
01-Oct-25,South,A,,18,62,1116,-2,1094,63,
01-Nov-25,South,A,,12,116,1392,-2,1364,119,
01-Dec-25,South,A,,34,95,3230,-2,3165,97,
01-Jan-26,South,A,,19,168,3192,-2,3128,172,
01-Feb-26,South,A,,40,90,3600,-2,3528,92,
01-Mar-26,South,A,,28,153,4284,-2,4198,157,
01-Apr-25,West,A,,50,234,11700,-2,11466,240,
01-May-25,West,A,,51,148,7548,-2,7397,152,
01-Jun-25,West,A,,49,213,10437,-2,10228,218,
01-Jul-25,West,A,,33,252,8316,-2,8150,258,
01-Aug-25,West,A,,35,154,5390,-2,5282,158,
01-Sep-25,West,A,,45,131,5895,-2,5777,134,
01-Oct-25,West,A,,42,215,9030,-2,8849,220,
01-Nov-25,West,A,,31,206,6386,-2,6258,211,
01-Dec-25,West,A,,38,211,8018,-2,7858,216,
01-Jan-26,West,A,,29,162,4698,-2,4604,166,
01-Feb-26,West,A,,36,184,6624,-2,6492,188,
01-Mar-26,West,A,,42,133,5586,-2,5474,136,
01-Apr-25,North,A,,37,94,3478,-3,3374,98,
01-May-25,North,A,,27,144,3888,-3,3771,149,
01-Jun-25,North,A,,32,108,3456,-3,3352,112,
01-Jul-25,North,A,,26,162,4212,-3,4086,168,
01-Aug-25,North,A,,28,142,3976,-3,3857,147,
01-Sep-25,North,A,,31,150,4650,-3,4511,156,
01-Oct-25,North,A,,18,110,1980,-3,1921,114,
01-Nov-25,North,A,,12,119,1428,-3,1385,124,
01-Dec-25,North,A,,34,117,3978,-3,3859,121,
01-Jan-26,North,A,,19,121,2299,-3,2230,126,
01-Feb-26,North,A,,40,109,4360,-3,4229,113,
01-Mar-26,North,A,,28,119,3332,-3,3232,124,
01-Apr-25,South,A,,37,157,5809,-3,5635,163,
01-May-25,South,A,,27,142,3834,-3,3719,147,
01-Jun-25,South,A,,32,94,3008,-3,2918,98,
01-Jul-25,South,A,,26,164,4264,-3,4136,170,
01-Aug-25,South,A,,28,152,4256,-3,4128,158,
01-Sep-25,South,A,,31,75,2325,-3,2255,78,
01-Oct-25,South,A,,18,62,1116,-3,1083,64,
01-Nov-25,South,A,,12,116,1392,-3,1350,120,
01-Dec-25,South,A,,34,95,3230,-3,3133,99,
01-Jan-26,South,A,,19,168,3192,-3,3096,174,
01-Feb-26,South,A,,40,90,3600,-3,3492,93,
01-Mar-26,South,A,,28,153,4284,-3,4155,159,
01-Apr-25,West,A,,50,234,11700,-3,11349,243,
01-May-25,West,A,,51,148,7548,-3,7322,154,
01-Jun-25,West,A,,49,213,10437,-3,10124,221,
01-Jul-25,West,A,,33,252,8316,-3,8067,262,
01-Aug-25,West,A,,35,154,5390,-3,5228,160,
01-Sep-25,West,A,,45,131,5895,-3,5718,136,
01-Oct-25,West,A,,42,215,9030,-3,8759,223,
01-Nov-25,West,A,,31,206,6386,-3,6194,214,
01-Dec-25,West,A,,38,211,8018,-3,7777,219,
01-Jan-26,West,A,,29,162,4698,-3,4557,168,
01-Feb-26,West,A,,36,184,6624,-3,6425,191,
01-Mar-26,West,A,,42,133,5586,-3,5418,138,
01-Apr-25,North,A,,37,94,3478,-4,3339,99,
01-May-25,North,A,,27,144,3888,-4,3732,151,
01-Jun-25,North,A,,32,108,3456,-4,3318,113,
01-Jul-25,North,A,,26,162,4212,-4,4044,170,
01-Aug-25,North,A,,28,142,3976,-4,3817,149,
01-Sep-25,North,A,,31,150,4650,-4,4464,157,
01-Oct-25,North,A,,18,110,1980,-4,1901,115,
01-Nov-25,North,A,,12,119,1428,-4,1371,125,
01-Dec-25,North,A,,34,117,3978,-4,3819,123,
01-Jan-26,North,A,,19,121,2299,-4,2207,127,
01-Feb-26,North,A,,40,109,4360,-4,4186,114,
01-Mar-26,North,A,,28,119,3332,-4,3199,125,
01-Apr-25,South,A,,37,157,5809,-4,5577,165,
01-May-25,South,A,,27,142,3834,-4,3681,149,
01-Jun-25,South,A,,32,94,3008,-4,2888,99,
01-Jul-25,South,A,,26,164,4264,-4,4093,172,
01-Aug-25,South,A,,28,152,4256,-4,4086,159,
01-Sep-25,South,A,,31,75,2325,-4,2232,79,
01-Oct-25,South,A,,18,62,1116,-4,1071,65,
01-Nov-25,South,A,,12,116,1392,-4,1336,122,
01-Dec-25,South,A,,34,95,3230,-4,3101,100,
01-Jan-26,South,A,,19,168,3192,-4,3064,176,
01-Feb-26,South,A,,40,90,3600,-4,3456,94,
01-Mar-26,South,A,,28,153,4284,-4,4113,160,
01-Apr-25,West,A,,50,234,11700,-4,11232,245,
01-May-25,West,A,,51,148,7548,-4,7246,155,
01-Jun-25,West,A,,49,213,10437,-4,10020,223,
01-Jul-25,West,A,,33,252,8316,-4,7983,264,
01-Aug-25,West,A,,35,154,5390,-4,5174,161,
01-Sep-25,West,A,,45,131,5895,-4,5659,137,
01-Oct-25,West,A,,42,215,9030,-4,8669,225,
01-Nov-25,West,A,,31,206,6386,-4,6131,216,
01-Dec-25,West,A,,38,211,8018,-4,7697,221,
01-Jan-26,West,A,,29,162,4698,-4,4510,170,
01-Feb-26,West,A,,36,184,6624,-4,6359,193,
01-Mar-26,West,A,,42,133,5586,-4,5363,139,
01-Apr-25,North,A,,37,94,3478,-5,3304,100,
01-May-25,North,A,,27,144,3888,-5,3694,153,
01-Jun-25,North,A,,32,108,3456,-5,3283,114,
01-Jul-25,North,A,,26,162,4212,-5,4001,172,
01-Aug-25,North,A,,28,142,3976,-5,3777,151,
01-Sep-25,North,A,,31,150,4650,-5,4418,159,
01-Oct-25,North,A,,18,110,1980,-5,1881,117,
01-Nov-25,North,A,,12,119,1428,-5,1357,126,
01-Dec-25,North,A,,34,117,3978,-5,3779,124,
01-Jan-26,North,A,,19,121,2299,-5,2184,128,
01-Feb-26,North,A,,40,109,4360,-5,4142,116,
01-Mar-26,North,A,,28,119,3332,-5,3165,126,
01-Apr-25,South,A,,37,157,5809,-5,5519,166,
01-May-25,South,A,,27,142,3834,-5,3642,151,
01-Jun-25,South,A,,32,94,3008,-5,2858,100,
01-Jul-25,South,A,,26,164,4264,-5,4051,174,
01-Aug-25,South,A,,28,152,4256,-5,4043,161,
01-Sep-25,South,A,,31,75,2325,-5,2209,80,
01-Oct-25,South,A,,18,62,1116,-5,1060,66,
01-Nov-25,South,A,,12,116,1392,-5,1322,123,
01-Dec-25,South,A,,34,95,3230,-5,3069,101,
01-Jan-26,South,A,,19,168,3192,-5,3032,178,
01-Feb-26,South,A,,40,90,3600,-5,3420,95,
01-Mar-26,South,A,,28,153,4284,-5,4070,162,
01-Apr-25,West,A,,50,234,11700,-5,11115,248,
01-May-25,West,A,,51,148,7548,-5,7171,157,
01-Jun-25,West,A,,49,213,10437,-5,9915,226,
01-Jul-25,West,A,,33,252,8316,-5,7900,267,
01-Aug-25,West,A,,35,154,5390,-5,5121,163,
01-Sep-25,West,A,,45,131,5895,-5,5600,139,
01-Oct-25,West,A,,42,215,9030,-5,8579,228,
01-Nov-25,West,A,,31,206,6386,-5,6067,218,
01-Dec-25,West,A,,38,211,8018,-5,7617,224,
01-Jan-26,West,A,,29,162,4698,-5,4463,172,
01-Feb-26,West,A,,36,184,6624,-5,6293,195,
01-Mar-26,West,A,,42,133,5586,-5,5307,141,
01-Apr-21,West,A,211,46,190,9706,2,9900,206,
01-May-21,West,A,158,35,130,5530,2,5641,154,
01-Jun-21,West,A,200,31,166,6200,2,6324,195,
01-Jul-21,West,A,235,46,209,10810,2,11026,229,
01-Aug-21,West,A,163,32,135,5216,2,5320,159,
01-Sep-21,West,A,198,41,168,8118,2,8280,193,
01-Oct-21,West,A,163,31,147,5053,2,5154,159,
01-Nov-21,West,A,230,48,196,11040,2,11261,224,
01-Dec-21,West,A,186,51,158,9486,2,9676,182,
01-Jan-22,West,A,257,29,213,7453,2,7602,251,
01-Feb-22,West,A,267,46,222,12282,2,12528,261,
01-Mar-22,West,A,151,28,122,4228,2,4313,147,
01-Apr-22,West,A,272,51,245,13872,2,14149,265,
01-May-22,West,A,251,31,216,7781,2,7937,245,
01-Jun-22,West,A,173,58,154,10034,2,10235,169,
01-Jul-22,West,A,242,44,208,10648,2,10861,236,
01-Aug-22,West,A,262,43,212,11266,2,11491,256,
01-Sep-22,West,A,199,42,179,8358,2,8525,194,
01-Oct-22,West,A,193,47,162,9071,2,9252,188,
01-Nov-22,West,A,263,42,229,11046,2,11267,257,
01-Dec-22,West,A,197,38,164,7486,2,7636,192,
01-Jan-23,West,A,295,54,245,15930,2,16249,288,
01-Feb-23,West,A,207,40,176,8280,2,8446,202,
01-Mar-23,West,A,293,43,243,12599,2,12851,286,
01-Apr-23,West,A,170,51,153,8670,2,8843,166,
01-May-23,West,A,170,29,153,4930,2,5029,166,
01-Jun-23,West,A,178,31,160,5518,2,5628,174,
01-Jul-23,West,A,276,40,243,11040,2,11261,269,
01-Aug-23,West,A,197,57,160,11229,2,11454,192,
01-Sep-23,West,A,213,28,185,5964,2,6083,208,
01-Oct-23,West,A,297,41,258,12177,2,12421,290,
01-Nov-23,West,A,297,34,261,10098,2,10300,290,
01-Dec-23,West,A,221,51,179,11271,2,11496,216,
01-Jan-24,West,A,293,57,243,16701,2,17035,286,
01-Feb-24,West,A,221,42,179,9282,2,9468,216,
01-Mar-24,West,A,178,46,148,8188,2,8352,174,
01-Apr-24,West,A,243,39,219,9477,2,9667,237,
01-May-24,West,A,251,32,218,8032,2,8193,245,
01-Jun-24,West,A,272,42,223,11424,2,11652,265,
01-Jul-24,West,A,158,45,134,7110,2,7252,154,
01-Aug-24,West,A,181,40,147,7240,2,7385,177,
01-Sep-24,West,A,175,42,149,7350,2,7497,171,
01-Oct-24,West,A,223,55,198,12265,2,12510,218,
01-Nov-24,West,A,289,39,234,11271,2,11496,282,
01-Dec-24,West,A,248,38,213,9424,2,9612,242,
01-Jan-25,West,A,171,56,140,9576,2,9768,167,
01-Feb-25,West,A,171,33,144,5643,2,5756,167,
01-Mar-25,West,A,265,51,217,13515,2,13785,259,
01-Apr-21,West,A,211,46,190,9706,3,9997,203,
01-May-21,West,A,158,35,130,5530,3,5696,152,
01-Jun-21,West,A,200,31,166,6200,3,6386,193,
01-Jul-21,West,A,235,46,209,10810,3,11134,227,
01-Aug-21,West,A,163,32,135,5216,3,5372,157,
01-Sep-21,West,A,198,41,168,8118,3,8362,191,
01-Oct-21,West,A,163,31,147,5053,3,5205,157,
01-Nov-21,West,A,230,48,196,11040,3,11371,222,
01-Dec-21,West,A,186,51,158,9486,3,9771,179,
01-Jan-22,West,A,257,29,213,7453,3,7677,248,
01-Feb-22,West,A,267,46,222,12282,3,12650,257,
01-Mar-22,West,A,151,28,122,4228,3,4355,146,
01-Apr-22,West,A,272,51,245,13872,3,14288,262,
01-May-22,West,A,251,31,216,7781,3,8014,242,
01-Jun-22,West,A,173,58,154,10034,3,10335,167,
01-Jul-22,West,A,242,44,208,10648,3,10967,233,
01-Aug-22,West,A,262,43,212,11266,3,11604,253,
01-Sep-22,West,A,199,42,179,8358,3,8609,192,
01-Oct-22,West,A,193,47,162,9071,3,9343,186,
01-Nov-22,West,A,263,42,229,11046,3,11377,254,
01-Dec-22,West,A,197,38,164,7486,3,7711,190,
01-Jan-23,West,A,295,54,245,15930,3,16408,284,
01-Feb-23,West,A,207,40,176,8280,3,8528,200,
01-Mar-23,West,A,293,43,243,12599,3,12977,282,
01-Apr-23,West,A,170,51,153,8670,3,8930,164,
01-May-23,West,A,170,29,153,4930,3,5078,164,
01-Jun-23,West,A,178,31,160,5518,3,5684,172,
01-Jul-23,West,A,276,40,243,11040,3,11371,266,
01-Aug-23,West,A,197,57,160,11229,3,11566,190,
01-Sep-23,West,A,213,28,185,5964,3,6143,205,
01-Oct-23,West,A,297,41,258,12177,3,12542,286,
01-Nov-23,West,A,297,34,261,10098,3,10401,286,
01-Dec-23,West,A,221,51,179,11271,3,11609,213,
01-Jan-24,West,A,293,57,243,16701,3,17202,282,
01-Feb-24,West,A,221,42,179,9282,3,9560,213,
01-Mar-24,West,A,178,46,148,8188,3,8434,172,
01-Apr-24,West,A,243,39,219,9477,3,9761,234,
01-May-24,West,A,251,32,218,8032,3,8273,242,
01-Jun-24,West,A,272,42,223,11424,3,11767,262,
01-Jul-24,West,A,158,45,134,7110,3,7323,152,
01-Aug-24,West,A,181,40,147,7240,3,7457,174,
01-Sep-24,West,A,175,42,149,7350,3,7571,169,
01-Oct-24,West,A,223,55,198,12265,3,12633,215,
01-Nov-24,West,A,289,39,234,11271,3,11609,279,
01-Dec-24,West,A,248,38,213,9424,3,9707,239,
01-Jan-25,West,A,171,56,140,9576,3,9863,165,
01-Feb-25,West,A,171,33,144,5643,3,5812,165,
01-Mar-25,West,A,265,51,217,13515,3,13920,255,
01-Apr-21,West,A,211,46,190,9706,4,10094,201,
01-May-21,West,A,158,35,130,5530,4,5751,150,
01-Jun-21,West,A,200,31,166,6200,4,6448,190,
01-Jul-21,West,A,235,46,209,10810,4,11242,224,
01-Aug-21,West,A,163,32,135,5216,4,5425,155,
01-Sep-21,West,A,198,41,168,8118,4,8443,188,
01-Oct-21,West,A,163,31,147,5053,4,5255,155,
01-Nov-21,West,A,230,48,196,11040,4,11482,219,
01-Dec-21,West,A,186,51,158,9486,4,9865,177,
01-Jan-22,West,A,257,29,213,7453,4,7751,245,
01-Feb-22,West,A,267,46,222,12282,4,12773,254,
01-Mar-22,West,A,151,28,122,4228,4,4397,144,
01-Apr-22,West,A,272,51,245,13872,4,14427,259,
01-May-22,West,A,251,31,216,7781,4,8092,239,
01-Jun-22,West,A,173,58,154,10034,4,10435,165,
01-Jul-22,West,A,242,44,208,10648,4,11074,230,
01-Aug-22,West,A,262,43,212,11266,4,11717,249,
01-Sep-22,West,A,199,42,179,8358,4,8692,189,
01-Oct-22,West,A,193,47,162,9071,4,9434,184,
01-Nov-22,West,A,263,42,229,11046,4,11488,250,
01-Dec-22,West,A,197,38,164,7486,4,7785,188,
01-Jan-23,West,A,295,54,245,15930,4,16567,281,
01-Feb-23,West,A,207,40,176,8280,4,8611,197,
01-Mar-23,West,A,293,43,243,12599,4,13103,279,
01-Apr-23,West,A,170,51,153,8670,4,9017,162,
01-May-23,West,A,170,29,153,4930,4,5127,162,
01-Jun-23,West,A,178,31,160,5518,4,5739,169,
01-Jul-23,West,A,276,40,243,11040,4,11482,263,
01-Aug-23,West,A,197,57,160,11229,4,11678,188,
01-Sep-23,West,A,213,28,185,5964,4,6203,203,
01-Oct-23,West,A,297,41,258,12177,4,12664,283,
01-Nov-23,West,A,297,34,261,10098,4,10502,283,
01-Dec-23,West,A,221,51,179,11271,4,11722,210,
01-Jan-24,West,A,293,57,243,16701,4,17369,279,
01-Feb-24,West,A,221,42,179,9282,4,9653,210,
01-Mar-24,West,A,178,46,148,8188,4,8516,169,
01-Apr-24,West,A,243,39,219,9477,4,9856,231,
01-May-24,West,A,251,32,218,8032,4,8353,239,
01-Jun-24,West,A,272,42,223,11424,4,11881,259,
01-Jul-24,West,A,158,45,134,7110,4,7394,150,
01-Aug-24,West,A,181,40,147,7240,4,7530,172,
01-Sep-24,West,A,175,42,149,7350,4,7644,167,
01-Oct-24,West,A,223,55,198,12265,4,12756,212,
01-Nov-24,West,A,289,39,234,11271,4,11722,275,
01-Dec-24,West,A,248,38,213,9424,4,9801,236,
01-Jan-25,West,A,171,56,140,9576,4,9959,163,
01-Feb-25,West,A,171,33,144,5643,4,5869,163,
01-Mar-25,West,A,265,51,217,13515,4,14056,252,
01-Apr-21,West,A,211,46,190,9706,5,10191,198,
01-May-21,West,A,158,35,130,5530,5,5807,149,
01-Jun-21,West,A,200,31,166,6200,5,6510,188,
01-Jul-21,West,A,235,46,209,10810,5,11351,221,
01-Aug-21,West,A,163,32,135,5216,5,5477,153,
01-Sep-21,West,A,198,41,168,8118,5,8524,186,
01-Oct-21,West,A,163,31,147,5053,5,5306,153,
01-Nov-21,West,A,230,48,196,11040,5,11592,216,
01-Dec-21,West,A,186,51,158,9486,5,9960,175,
01-Jan-22,West,A,257,29,213,7453,5,7826,242,
01-Feb-22,West,A,267,46,222,12282,5,12896,251,
01-Mar-22,West,A,151,28,122,4228,5,4439,142,
01-Apr-22,West,A,272,51,245,13872,5,14566,256,
01-May-22,West,A,251,31,216,7781,5,8170,236,
01-Jun-22,West,A,173,58,154,10034,5,10536,163,
01-Jul-22,West,A,242,44,208,10648,5,11180,227,
01-Aug-22,West,A,262,43,212,11266,5,11829,246,
01-Sep-22,West,A,199,42,179,8358,5,8776,187,
01-Oct-22,West,A,193,47,162,9071,5,9525,181,
01-Nov-22,West,A,263,42,229,11046,5,11598,247,
01-Dec-22,West,A,197,38,164,7486,5,7860,185,
01-Jan-23,West,A,295,54,245,15930,5,16727,277,
01-Feb-23,West,A,207,40,176,8280,5,8694,195,
01-Mar-23,West,A,293,43,243,12599,5,13229,275,
01-Apr-23,West,A,170,51,153,8670,5,9104,160,
01-May-23,West,A,170,29,153,4930,5,5177,160,
01-Jun-23,West,A,178,31,160,5518,5,5794,167,
01-Jul-23,West,A,276,40,243,11040,5,11592,259,
01-Aug-23,West,A,197,57,160,11229,5,11790,185,
01-Sep-23,West,A,213,28,185,5964,5,6262,200,
01-Oct-23,West,A,297,41,258,12177,5,12786,279,
01-Nov-23,West,A,297,34,261,10098,5,10603,279,
01-Dec-23,West,A,221,51,179,11271,5,11835,208,
01-Jan-24,West,A,293,57,243,16701,5,17536,275,
01-Feb-24,West,A,221,42,179,9282,5,9746,208,
01-Mar-24,West,A,178,46,148,8188,5,8597,167,
01-Apr-24,West,A,243,39,219,9477,5,9951,228,
01-May-24,West,A,251,32,218,8032,5,8434,236,
01-Jun-24,West,A,272,42,223,11424,5,11995,256,
01-Jul-24,West,A,158,45,134,7110,5,7466,149,
01-Aug-24,West,A,181,40,147,7240,5,7602,170,
01-Sep-24,West,A,175,42,149,7350,5,7718,165,
01-Oct-24,West,A,223,55,198,12265,5,12878,210,
01-Nov-24,West,A,289,39,234,11271,5,11835,272,
01-Dec-24,West,A,248,38,213,9424,5,9895,233,
01-Jan-25,West,A,171,56,140,9576,5,10055,161,
01-Feb-25,West,A,171,33,144,5643,5,5925,161,
01-Mar-25,West,A,265,51,217,13515,5,14191,249,
01-Apr-21,West,A,211,46,190,9706,-2,9512,216,
01-May-21,West,A,158,35,130,5530,-2,5419,162,
01-Jun-21,West,A,200,31,166,6200,-2,6076,205,
01-Jul-21,West,A,235,46,209,10810,-2,10594,241,
01-Aug-21,West,A,163,32,135,5216,-2,5112,167,
01-Sep-21,West,A,198,41,168,8118,-2,7956,203,
01-Oct-21,West,A,163,31,147,5053,-2,4952,167,
01-Nov-21,West,A,230,48,196,11040,-2,10819,236,
01-Dec-21,West,A,186,51,158,9486,-2,9296,190,
01-Jan-22,West,A,257,29,213,7453,-2,7304,263,
01-Feb-22,West,A,267,46,222,12282,-2,12036,273,
01-Mar-22,West,A,151,28,122,4228,-2,4143,155,
01-Apr-22,West,A,272,51,245,13872,-2,13595,279,
01-May-22,West,A,251,31,216,7781,-2,7625,257,
01-Jun-22,West,A,173,58,154,10034,-2,9833,177,
01-Jul-22,West,A,242,44,208,10648,-2,10435,248,
01-Aug-22,West,A,262,43,212,11266,-2,11041,268,
01-Sep-22,West,A,199,42,179,8358,-2,8191,204,
01-Oct-22,West,A,193,47,162,9071,-2,8890,198,
01-Nov-22,West,A,263,42,229,11046,-2,10825,269,
01-Dec-22,West,A,197,38,164,7486,-2,7336,202,
01-Jan-23,West,A,295,54,245,15930,-2,15611,302,
01-Feb-23,West,A,207,40,176,8280,-2,8114,212,
01-Mar-23,West,A,293,43,243,12599,-2,12347,300,
01-Apr-23,West,A,170,51,153,8670,-2,8497,174,
01-May-23,West,A,170,29,153,4930,-2,4831,174,
01-Jun-23,West,A,178,31,160,5518,-2,5408,182,
01-Jul-23,West,A,276,40,243,11040,-2,10819,283,
01-Aug-23,West,A,197,57,160,11229,-2,11004,202,
01-Sep-23,West,A,213,28,185,5964,-2,5845,218,
01-Oct-23,West,A,297,41,258,12177,-2,11933,304,
01-Nov-23,West,A,297,34,261,10098,-2,9896,304,
01-Dec-23,West,A,221,51,179,11271,-2,11046,226,
01-Jan-24,West,A,293,57,243,16701,-2,16367,300,
01-Feb-24,West,A,221,42,179,9282,-2,9096,226,
01-Mar-24,West,A,178,46,148,8188,-2,8024,182,
01-Apr-24,West,A,243,39,219,9477,-2,9287,249,
01-May-24,West,A,251,32,218,8032,-2,7871,257,
01-Jun-24,West,A,272,42,223,11424,-2,11196,279,
01-Jul-24,West,A,158,45,134,7110,-2,6968,162,
01-Aug-24,West,A,181,40,147,7240,-2,7095,185,
01-Sep-24,West,A,175,42,149,7350,-2,7203,179,
01-Oct-24,West,A,223,55,198,12265,-2,12020,228,
01-Nov-24,West,A,289,39,234,11271,-2,11046,296,
01-Dec-24,West,A,248,38,213,9424,-2,9236,254,
01-Jan-25,West,A,171,56,140,9576,-2,9384,175,
01-Feb-25,West,A,171,33,144,5643,-2,5530,175,
01-Mar-25,West,A,265,51,217,13515,-2,13245,271,
01-Apr-21,West,A,211,46,190,9706,-3,9415,219,
01-May-21,West,A,158,35,130,5530,-3,5364,164,
01-Jun-21,West,A,200,31,166,6200,-3,6014,208,
01-Jul-21,West,A,235,46,209,10810,-3,10486,244,
01-Aug-21,West,A,163,32,135,5216,-3,5060,169,
01-Sep-21,West,A,198,41,168,8118,-3,7874,206,
01-Oct-21,West,A,163,31,147,5053,-3,4901,169,
01-Nov-21,West,A,230,48,196,11040,-3,10709,239,
01-Dec-21,West,A,186,51,158,9486,-3,9201,193,
01-Jan-22,West,A,257,29,213,7453,-3,7229,267,
01-Feb-22,West,A,267,46,222,12282,-3,11914,277,
01-Mar-22,West,A,151,28,122,4228,-3,4101,157,
01-Apr-22,West,A,272,51,245,13872,-3,13456,282,
01-May-22,West,A,251,31,216,7781,-3,7548,261,
01-Jun-22,West,A,173,58,154,10034,-3,9733,180,
01-Jul-22,West,A,242,44,208,10648,-3,10329,251,
01-Aug-22,West,A,262,43,212,11266,-3,10928,272,
01-Sep-22,West,A,199,42,179,8358,-3,8107,207,
01-Oct-22,West,A,193,47,162,9071,-3,8799,200,
01-Nov-22,West,A,263,42,229,11046,-3,10715,273,
01-Dec-22,West,A,197,38,164,7486,-3,7261,204,
01-Jan-23,West,A,295,54,245,15930,-3,15452,306,
01-Feb-23,West,A,207,40,176,8280,-3,8032,215,
01-Mar-23,West,A,293,43,243,12599,-3,12221,304,
01-Apr-23,West,A,170,51,153,8670,-3,8410,176,
01-May-23,West,A,170,29,153,4930,-3,4782,176,
01-Jun-23,West,A,178,31,160,5518,-3,5352,185,
01-Jul-23,West,A,276,40,243,11040,-3,10709,286,
01-Aug-23,West,A,197,57,160,11229,-3,10892,204,
01-Sep-23,West,A,213,28,185,5964,-3,5785,221,
01-Oct-23,West,A,297,41,258,12177,-3,11812,308,
01-Nov-23,West,A,297,34,261,10098,-3,9795,308,
01-Dec-23,West,A,221,51,179,11271,-3,10933,229,
01-Jan-24,West,A,293,57,243,16701,-3,16200,304,
01-Feb-24,West,A,221,42,179,9282,-3,9004,229,
01-Mar-24,West,A,178,46,148,8188,-3,7942,185,
01-Apr-24,West,A,243,39,219,9477,-3,9193,252,
01-May-24,West,A,251,32,218,8032,-3,7791,261,
01-Jun-24,West,A,272,42,223,11424,-3,11081,282,
01-Jul-24,West,A,158,45,134,7110,-3,6897,164,
01-Aug-24,West,A,181,40,147,7240,-3,7023,188,
01-Sep-24,West,A,175,42,149,7350,-3,7130,182,
01-Oct-24,West,A,223,55,198,12265,-3,11897,231,
01-Nov-24,West,A,289,39,234,11271,-3,10933,300,
01-Dec-24,West,A,248,38,213,9424,-3,9141,257,
01-Jan-25,West,A,171,56,140,9576,-3,9289,177,
01-Feb-25,West,A,171,33,144,5643,-3,5474,177,
01-Mar-25,West,A,265,51,217,13515,-3,13110,275,
01-Apr-21,West,A,211,46,190,9706,-4,9318,221,
01-May-21,West,A,158,35,130,5530,-4,5309,166,
01-Jun-21,West,A,200,31,166,6200,-4,5952,210,
01-Jul-21,West,A,235,46,209,10810,-4,10378,246,
01-Aug-21,West,A,163,32,135,5216,-4,5007,171,
01-Sep-21,West,A,198,41,168,8118,-4,7793,208,
01-Oct-21,West,A,163,31,147,5053,-4,4851,171,
01-Nov-21,West,A,230,48,196,11040,-4,10598,241,
01-Dec-21,West,A,186,51,158,9486,-4,9107,195,
01-Jan-22,West,A,257,29,213,7453,-4,7155,269,
01-Feb-22,West,A,267,46,222,12282,-4,11791,280,
01-Mar-22,West,A,151,28,122,4228,-4,4059,158,
01-Apr-22,West,A,272,51,245,13872,-4,13317,285,
01-May-22,West,A,251,31,216,7781,-4,7470,263,
01-Jun-22,West,A,173,58,154,10034,-4,9633,181,
01-Jul-22,West,A,242,44,208,10648,-4,10222,254,
01-Aug-22,West,A,262,43,212,11266,-4,10815,275,
01-Sep-22,West,A,199,42,179,8358,-4,8024,209,
01-Oct-22,West,A,193,47,162,9071,-4,8708,202,
01-Nov-22,West,A,263,42,229,11046,-4,10604,276,
01-Dec-22,West,A,197,38,164,7486,-4,7187,206,
01-Jan-23,West,A,295,54,245,15930,-4,15293,309,
01-Feb-23,West,A,207,40,176,8280,-4,7949,217,
01-Mar-23,West,A,293,43,243,12599,-4,12095,307,
01-Apr-23,West,A,170,51,153,8670,-4,8323,178,
01-May-23,West,A,170,29,153,4930,-4,4733,178,
01-Jun-23,West,A,178,31,160,5518,-4,5297,187,
01-Jul-23,West,A,276,40,243,11040,-4,10598,289,
01-Aug-23,West,A,197,57,160,11229,-4,10780,206,
01-Sep-23,West,A,213,28,185,5964,-4,5725,223,
01-Oct-23,West,A,297,41,258,12177,-4,11690,311,
01-Nov-23,West,A,297,34,261,10098,-4,9694,311,
01-Dec-23,West,A,221,51,179,11271,-4,10820,232,
01-Jan-24,West,A,293,57,243,16701,-4,16033,307,
01-Feb-24,West,A,221,42,179,9282,-4,8911,232,
01-Mar-24,West,A,178,46,148,8188,-4,7860,187,
01-Apr-24,West,A,243,39,219,9477,-4,9098,255,
01-May-24,West,A,251,32,218,8032,-4,7711,263,
01-Jun-24,West,A,272,42,223,11424,-4,10967,285,
01-Jul-24,West,A,158,45,134,7110,-4,6826,166,
01-Aug-24,West,A,181,40,147,7240,-4,6950,190,
01-Sep-24,West,A,175,42,149,7350,-4,7056,183,
01-Oct-24,West,A,223,55,198,12265,-4,11774,234,
01-Nov-24,West,A,289,39,234,11271,-4,10820,303,
01-Dec-24,West,A,248,38,213,9424,-4,9047,260,
01-Jan-25,West,A,171,56,140,9576,-4,9193,179,
01-Feb-25,West,A,171,33,144,5643,-4,5417,179,
01-Mar-25,West,A,265,51,217,13515,-4,12974,278,
01-Apr-21,West,A,211,46,190,9706,-5,9221,224,
01-May-21,West,A,158,35,130,5530,-5,5254,167,
01-Jun-21,West,A,200,31,166,6200,-5,5890,212,
01-Jul-21,West,A,235,46,209,10810,-5,10270,249,
01-Aug-21,West,A,163,32,135,5216,-5,4955,173,
01-Sep-21,West,A,198,41,168,8118,-5,7712,210,
01-Oct-21,West,A,163,31,147,5053,-5,4800,173,
01-Nov-21,West,A,230,48,196,11040,-5,10488,244,
01-Dec-21,West,A,186,51,158,9486,-5,9012,197,
01-Jan-22,West,A,257,29,213,7453,-5,7080,272,
01-Feb-22,West,A,267,46,222,12282,-5,11668,283,
01-Mar-22,West,A,151,28,122,4228,-5,4017,160,
01-Apr-22,West,A,272,51,245,13872,-5,13178,288,
01-May-22,West,A,251,31,216,7781,-5,7392,266,
01-Jun-22,West,A,173,58,154,10034,-5,9532,183,
01-Jul-22,West,A,242,44,208,10648,-5,10116,257,
01-Aug-22,West,A,262,43,212,11266,-5,10703,278,
01-Sep-22,West,A,199,42,179,8358,-5,7940,211,
01-Oct-22,West,A,193,47,162,9071,-5,8617,205,
01-Nov-22,West,A,263,42,229,11046,-5,10494,279,
01-Dec-22,West,A,197,38,164,7486,-5,7112,209,
01-Jan-23,West,A,295,54,245,15930,-5,15134,313,
01-Feb-23,West,A,207,40,176,8280,-5,7866,219,
01-Mar-23,West,A,293,43,243,12599,-5,11969,311,
01-Apr-23,West,A,170,51,153,8670,-5,8237,180,
01-May-23,West,A,170,29,153,4930,-5,4684,180,
01-Jun-23,West,A,178,31,160,5518,-5,5242,189,
01-Jul-23,West,A,276,40,243,11040,-5,10488,293,
01-Aug-23,West,A,197,57,160,11229,-5,10668,209,
01-Sep-23,West,A,213,28,185,5964,-5,5666,226,
01-Oct-23,West,A,297,41,258,12177,-5,11568,315,
01-Nov-23,West,A,297,34,261,10098,-5,9593,315,
01-Dec-23,West,A,221,51,179,11271,-5,10707,234,
01-Jan-24,West,A,293,57,243,16701,-5,15866,311,
01-Feb-24,West,A,221,42,179,9282,-5,8818,234,
01-Mar-24,West,A,178,46,148,8188,-5,7779,189,
01-Apr-24,West,A,243,39,219,9477,-5,9003,258,
01-May-24,West,A,251,32,218,8032,-5,7630,266,
01-Jun-24,West,A,272,42,223,11424,-5,10853,288,
01-Jul-24,West,A,158,45,134,7110,-5,6755,167,
01-Aug-24,West,A,181,40,147,7240,-5,6878,192,
01-Sep-24,West,A,175,42,149,7350,-5,6983,186,
01-Oct-24,West,A,223,55,198,12265,-5,11652,236,
01-Nov-24,West,A,289,39,234,11271,-5,10707,306,
01-Dec-24,West,A,248,38,213,9424,-5,8953,263,
01-Jan-25,West,A,171,56,140,9576,-5,9097,181,
01-Feb-25,West,A,171,33,144,5643,-5,5361,181,
01-Mar-25,West,A,265,51,217,13515,-5,12839,281,
01-Apr-21,South,A,153,48,124,7344,2,7491,149,
01-May-21,South,A,164,48,146,7872,2,8029,160,
01-Jun-21,South,A,136,50,112,6800,2,6936,133,
01-Jul-21,South,A,97,29,79,2813,2,2869,95,
01-Aug-21,South,A,79,47,64,3713,2,3787,77,
01-Sep-21,South,A,92,37,80,3404,2,3472,90,
01-Oct-21,South,A,106,25,93,2650,2,2703,103,
01-Nov-21,South,A,122,14,100,1708,2,1742,119,
01-Dec-21,South,A,148,33,132,4884,2,4982,144,
01-Jan-22,South,A,172,35,143,6020,2,6140,168,
01-Feb-22,South,A,159,42,134,6678,2,6812,155,
01-Mar-22,South,A,89,48,72,4272,2,4357,87,
01-Apr-22,South,A,140,36,116,5040,2,5141,137,
01-May-22,South,A,136,16,116,2176,2,2220,133,
01-Jun-22,South,A,169,27,150,4563,2,4654,165,
01-Jul-22,South,A,144,22,127,3168,2,3231,141,
01-Aug-22,South,A,150,38,122,5700,2,5814,146,
01-Sep-22,South,A,139,20,120,2780,2,2836,136,
01-Oct-22,South,A,188,19,164,3572,2,3643,183,
01-Nov-22,South,A,113,32,92,3616,2,3688,110,
01-Dec-22,South,A,200,46,174,9200,2,9384,195,
01-Jan-23,South,A,124,12,102,1488,2,1518,121,
01-Feb-23,South,A,97,49,87,4753,2,4848,95,
01-Mar-23,South,A,143,35,116,5005,2,5105,140,
01-Apr-23,South,A,169,42,142,7098,2,7240,165,
01-May-23,South,A,166,38,141,6308,2,6434,162,
01-Jun-23,South,A,121,40,103,4840,2,4937,118,
01-Jul-23,South,A,131,27,118,3537,2,3608,128,
01-Aug-23,South,A,200,20,176,4000,2,4080,195,
01-Sep-23,South,A,197,40,171,7880,2,8038,192,
01-Oct-23,South,A,76,35,65,2660,2,2713,74,
01-Nov-23,South,A,196,11,159,2156,2,2199,191,
01-Dec-23,South,A,153,48,132,7344,2,7491,149,
01-Jan-24,South,A,117,42,102,4914,2,5012,114,
01-Feb-24,South,A,138,43,124,5934,2,6053,135,
01-Mar-24,South,A,196,28,165,5488,2,5598,191,
01-Apr-24,South,A,101,45,82,4545,2,4636,99,
01-May-24,South,A,148,31,126,4588,2,4680,144,
01-Jun-24,South,A,109,36,94,3924,2,4002,106,
01-Jul-24,South,A,111,49,99,5439,2,5548,108,
01-Aug-24,South,A,145,29,117,4205,2,4289,142,
01-Sep-24,South,A,175,49,151,8575,2,8747,171,
01-Oct-24,South,A,169,15,149,2535,2,2586,165,
01-Nov-24,South,A,100,16,81,1600,2,1632,98,
01-Dec-24,South,A,93,34,77,3162,2,3225,91,
01-Jan-25,South,A,178,10,153,1780,2,1816,174,
01-Feb-25,South,A,190,48,162,9120,2,9302,185,
01-Mar-25,South,A,185,24,159,4440,2,4529,181,
01-Apr-21,South,A,153,48,124,7344,3,7564,147,
01-May-21,South,A,164,48,146,7872,3,8108,158,
01-Jun-21,South,A,136,50,112,6800,3,7004,131,
01-Jul-21,South,A,97,29,79,2813,3,2897,94,
01-Aug-21,South,A,79,47,64,3713,3,3824,76,
01-Sep-21,South,A,92,37,80,3404,3,3506,89,
01-Oct-21,South,A,106,25,93,2650,3,2730,102,
01-Nov-21,South,A,122,14,100,1708,3,1759,118,
01-Dec-21,South,A,148,33,132,4884,3,5031,143,
01-Jan-22,South,A,172,35,143,6020,3,6201,166,
01-Feb-22,South,A,159,42,134,6678,3,6878,153,
01-Mar-22,South,A,89,48,72,4272,3,4400,86,
01-Apr-22,South,A,140,36,116,5040,3,5191,135,
01-May-22,South,A,136,16,116,2176,3,2241,131,
01-Jun-22,South,A,169,27,150,4563,3,4700,163,
01-Jul-22,South,A,144,22,127,3168,3,3263,139,
01-Aug-22,South,A,150,38,122,5700,3,5871,145,
01-Sep-22,South,A,139,20,120,2780,3,2863,134,
01-Oct-22,South,A,188,19,164,3572,3,3679,181,
01-Nov-22,South,A,113,32,92,3616,3,3724,109,
01-Dec-22,South,A,200,46,174,9200,3,9476,193,
01-Jan-23,South,A,124,12,102,1488,3,1533,120,
01-Feb-23,South,A,97,49,87,4753,3,4896,94,
01-Mar-23,South,A,143,35,116,5005,3,5155,138,
01-Apr-23,South,A,169,42,142,7098,3,7311,163,
01-May-23,South,A,166,38,141,6308,3,6497,160,
01-Jun-23,South,A,121,40,103,4840,3,4985,117,
01-Jul-23,South,A,131,27,118,3537,3,3643,126,
01-Aug-23,South,A,200,20,176,4000,3,4120,193,
01-Sep-23,South,A,197,40,171,7880,3,8116,190,
01-Oct-23,South,A,76,35,65,2660,3,2740,73,
01-Nov-23,South,A,196,11,159,2156,3,2221,189,
01-Dec-23,South,A,153,48,132,7344,3,7564,147,
01-Jan-24,South,A,117,42,102,4914,3,5061,113,
01-Feb-24,South,A,138,43,124,5934,3,6112,133,
01-Mar-24,South,A,196,28,165,5488,3,5653,189,
01-Apr-24,South,A,101,45,82,4545,3,4681,97,
01-May-24,South,A,148,31,126,4588,3,4726,143,
01-Jun-24,South,A,109,36,94,3924,3,4042,105,
01-Jul-24,South,A,111,49,99,5439,3,5602,107,
01-Aug-24,South,A,145,29,117,4205,3,4331,140,
01-Sep-24,South,A,175,49,151,8575,3,8832,169,
01-Oct-24,South,A,169,15,149,2535,3,2611,163,
01-Nov-24,South,A,100,16,81,1600,3,1648,96,
01-Dec-24,South,A,93,34,77,3162,3,3257,90,
01-Jan-25,South,A,178,10,153,1780,3,1833,172,
01-Feb-25,South,A,190,48,162,9120,3,9394,183,
01-Mar-25,South,A,185,24,159,4440,3,4573,178,
01-Apr-21,South,A,153,48,124,7344,4,7638,146,
01-May-21,South,A,164,48,146,7872,4,8187,156,
01-Jun-21,South,A,136,50,112,6800,4,7072,129,
01-Jul-21,South,A,97,29,79,2813,4,2926,92,
01-Aug-21,South,A,79,47,64,3713,4,3862,75,
01-Sep-21,South,A,92,37,80,3404,4,3540,88,
01-Oct-21,South,A,106,25,93,2650,4,2756,101,
01-Nov-21,South,A,122,14,100,1708,4,1776,116,
01-Dec-21,South,A,148,33,132,4884,4,5079,141,
01-Jan-22,South,A,172,35,143,6020,4,6261,164,
01-Feb-22,South,A,159,42,134,6678,4,6945,151,
01-Mar-22,South,A,89,48,72,4272,4,4443,85,
01-Apr-22,South,A,140,36,116,5040,4,5242,133,
01-May-22,South,A,136,16,116,2176,4,2263,129,
01-Jun-22,South,A,169,27,150,4563,4,4746,161,
01-Jul-22,South,A,144,22,127,3168,4,3295,137,
01-Aug-22,South,A,150,38,122,5700,4,5928,143,
01-Sep-22,South,A,139,20,120,2780,4,2891,132,
01-Oct-22,South,A,188,19,164,3572,4,3715,179,
01-Nov-22,South,A,113,32,92,3616,4,3761,108,
01-Dec-22,South,A,200,46,174,9200,4,9568,190,
01-Jan-23,South,A,124,12,102,1488,4,1548,118,
01-Feb-23,South,A,97,49,87,4753,4,4943,92,
01-Mar-23,South,A,143,35,116,5005,4,5205,136,
01-Apr-23,South,A,169,42,142,7098,4,7382,161,
01-May-23,South,A,166,38,141,6308,4,6560,158,
01-Jun-23,South,A,121,40,103,4840,4,5034,115,
01-Jul-23,South,A,131,27,118,3537,4,3678,125,
01-Aug-23,South,A,200,20,176,4000,4,4160,190,
01-Sep-23,South,A,197,40,171,7880,4,8195,188,
01-Oct-23,South,A,76,35,65,2660,4,2766,72,
01-Nov-23,South,A,196,11,159,2156,4,2242,187,
01-Dec-23,South,A,153,48,132,7344,4,7638,146,
01-Jan-24,South,A,117,42,102,4914,4,5111,111,
01-Feb-24,South,A,138,43,124,5934,4,6171,131,
01-Mar-24,South,A,196,28,165,5488,4,5708,187,
01-Apr-24,South,A,101,45,82,4545,4,4727,96,
01-May-24,South,A,148,31,126,4588,4,4772,141,
01-Jun-24,South,A,109,36,94,3924,4,4081,104,
01-Jul-24,South,A,111,49,99,5439,4,5657,106,
01-Aug-24,South,A,145,29,117,4205,4,4373,138,
01-Sep-24,South,A,175,49,151,8575,4,8918,167,
01-Oct-24,South,A,169,15,149,2535,4,2636,161,
01-Nov-24,South,A,100,16,81,1600,4,1664,95,
01-Dec-24,South,A,93,34,77,3162,4,3288,89,
01-Jan-25,South,A,178,10,153,1780,4,1851,169,
01-Feb-25,South,A,190,48,162,9120,4,9485,181,
01-Mar-25,South,A,185,24,159,4440,4,4618,176,
01-Apr-21,South,A,153,48,124,7344,5,7711,144,
01-May-21,South,A,164,48,146,7872,5,8266,154,
01-Jun-21,South,A,136,50,112,6800,5,7140,128,
01-Jul-21,South,A,97,29,79,2813,5,2954,91,
01-Aug-21,South,A,79,47,64,3713,5,3899,74,
01-Sep-21,South,A,92,37,80,3404,5,3574,86,
01-Oct-21,South,A,106,25,93,2650,5,2783,100,
01-Nov-21,South,A,122,14,100,1708,5,1793,115,
01-Dec-21,South,A,148,33,132,4884,5,5128,139,
01-Jan-22,South,A,172,35,143,6020,5,6321,162,
01-Feb-22,South,A,159,42,134,6678,5,7012,149,
01-Mar-22,South,A,89,48,72,4272,5,4486,84,
01-Apr-22,South,A,140,36,116,5040,5,5292,132,
01-May-22,South,A,136,16,116,2176,5,2285,128,
01-Jun-22,South,A,169,27,150,4563,5,4791,159,
01-Jul-22,South,A,144,22,127,3168,5,3326,135,
01-Aug-22,South,A,150,38,122,5700,5,5985,141,
01-Sep-22,South,A,139,20,120,2780,5,2919,131,
01-Oct-22,South,A,188,19,164,3572,5,3751,177,
01-Nov-22,South,A,113,32,92,3616,5,3797,106,
01-Dec-22,South,A,200,46,174,9200,5,9660,188,
01-Jan-23,South,A,124,12,102,1488,5,1562,117,
01-Feb-23,South,A,97,49,87,4753,5,4991,91,
01-Mar-23,South,A,143,35,116,5005,5,5255,134,
01-Apr-23,South,A,169,42,142,7098,5,7453,159,
01-May-23,South,A,166,38,141,6308,5,6623,156,
01-Jun-23,South,A,121,40,103,4840,5,5082,114,
01-Jul-23,South,A,131,27,118,3537,5,3714,123,
01-Aug-23,South,A,200,20,176,4000,5,4200,188,
01-Sep-23,South,A,197,40,171,7880,5,8274,185,
01-Oct-23,South,A,76,35,65,2660,5,2793,71,
01-Nov-23,South,A,196,11,159,2156,5,2264,184,
01-Dec-23,South,A,153,48,132,7344,5,7711,144,
01-Jan-24,South,A,117,42,102,4914,5,5160,110,
01-Feb-24,South,A,138,43,124,5934,5,6231,130,
01-Mar-24,South,A,196,28,165,5488,5,5762,184,
01-Apr-24,South,A,101,45,82,4545,5,4772,95,
01-May-24,South,A,148,31,126,4588,5,4817,139,
01-Jun-24,South,A,109,36,94,3924,5,4120,102,
01-Jul-24,South,A,111,49,99,5439,5,5711,104,
01-Aug-24,South,A,145,29,117,4205,5,4415,136,
01-Sep-24,South,A,175,49,151,8575,5,9004,165,
01-Oct-24,South,A,169,15,149,2535,5,2662,159,
01-Nov-24,South,A,100,16,81,1600,5,1680,94,
01-Dec-24,South,A,93,34,77,3162,5,3320,87,
01-Jan-25,South,A,178,10,153,1780,5,1869,167,
01-Feb-25,South,A,190,48,162,9120,5,9576,179,
01-Mar-25,South,A,185,24,159,4440,5,4662,174,
01-Apr-21,South,A,153,48,124,7344,-2,7197,157,
01-May-21,South,A,164,48,146,7872,-2,7715,168,
01-Jun-21,South,A,136,50,112,6800,-2,6664,139,
01-Jul-21,South,A,97,29,79,2813,-2,2757,99,
01-Aug-21,South,A,79,47,64,3713,-2,3639,81,
01-Sep-21,South,A,92,37,80,3404,-2,3336,94,
01-Oct-21,South,A,106,25,93,2650,-2,2597,109,
01-Nov-21,South,A,122,14,100,1708,-2,1674,125,
01-Dec-21,South,A,148,33,132,4884,-2,4786,152,
01-Jan-22,South,A,172,35,143,6020,-2,5900,176,
01-Feb-22,South,A,159,42,134,6678,-2,6544,163,
01-Mar-22,South,A,89,48,72,4272,-2,4187,91,
01-Apr-22,South,A,140,36,116,5040,-2,4939,143,
01-May-22,South,A,136,16,116,2176,-2,2132,139,
01-Jun-22,South,A,169,27,150,4563,-2,4472,173,
01-Jul-22,South,A,144,22,127,3168,-2,3105,147,
01-Aug-22,South,A,150,38,122,5700,-2,5586,154,
01-Sep-22,South,A,139,20,120,2780,-2,2724,142,
01-Oct-22,South,A,188,19,164,3572,-2,3501,193,
01-Nov-22,South,A,113,32,92,3616,-2,3544,116,
01-Dec-22,South,A,200,46,174,9200,-2,9016,205,
01-Jan-23,South,A,124,12,102,1488,-2,1458,127,
01-Feb-23,South,A,97,49,87,4753,-2,4658,99,
01-Mar-23,South,A,143,35,116,5005,-2,4905,146,
01-Apr-23,South,A,169,42,142,7098,-2,6956,173,
01-May-23,South,A,166,38,141,6308,-2,6182,170,
01-Jun-23,South,A,121,40,103,4840,-2,4743,124,
01-Jul-23,South,A,131,27,118,3537,-2,3466,134,
01-Aug-23,South,A,200,20,176,4000,-2,3920,205,
01-Sep-23,South,A,197,40,171,7880,-2,7722,202,
01-Oct-23,South,A,76,35,65,2660,-2,2607,78,
01-Nov-23,South,A,196,11,159,2156,-2,2113,201,
01-Dec-23,South,A,153,48,132,7344,-2,7197,157,
01-Jan-24,South,A,117,42,102,4914,-2,4816,120,
01-Feb-24,South,A,138,43,124,5934,-2,5815,141,
01-Mar-24,South,A,196,28,165,5488,-2,5378,201,
01-Apr-24,South,A,101,45,82,4545,-2,4454,103,
01-May-24,South,A,148,31,126,4588,-2,4496,152,
01-Jun-24,South,A,109,36,94,3924,-2,3846,112,
01-Jul-24,South,A,111,49,99,5439,-2,5330,114,
01-Aug-24,South,A,145,29,117,4205,-2,4121,148,
01-Sep-24,South,A,175,49,151,8575,-2,8404,179,
01-Oct-24,South,A,169,15,149,2535,-2,2484,173,
01-Nov-24,South,A,100,16,81,1600,-2,1568,102,
01-Dec-24,South,A,93,34,77,3162,-2,3099,95,
01-Jan-25,South,A,178,10,153,1780,-2,1744,182,
01-Feb-25,South,A,190,48,162,9120,-2,8938,195,
01-Mar-25,South,A,185,24,159,4440,-2,4351,189,
01-Apr-21,South,A,153,48,124,7344,-3,7124,159,
01-May-21,South,A,164,48,146,7872,-3,7636,170,
01-Jun-21,South,A,136,50,112,6800,-3,6596,141,
01-Jul-21,South,A,97,29,79,2813,-3,2729,101,
01-Aug-21,South,A,79,47,64,3713,-3,3602,82,
01-Sep-21,South,A,92,37,80,3404,-3,3302,95,
01-Oct-21,South,A,106,25,93,2650,-3,2571,110,
01-Nov-21,South,A,122,14,100,1708,-3,1657,127,
01-Dec-21,South,A,148,33,132,4884,-3,4737,154,
01-Jan-22,South,A,172,35,143,6020,-3,5839,179,
01-Feb-22,South,A,159,42,134,6678,-3,6478,165,
01-Mar-22,South,A,89,48,72,4272,-3,4144,92,
01-Apr-22,South,A,140,36,116,5040,-3,4889,145,
01-May-22,South,A,136,16,116,2176,-3,2111,141,
01-Jun-22,South,A,169,27,150,4563,-3,4426,175,
01-Jul-22,South,A,144,22,127,3168,-3,3073,149,
01-Aug-22,South,A,150,38,122,5700,-3,5529,156,
01-Sep-22,South,A,139,20,120,2780,-3,2697,144,
01-Oct-22,South,A,188,19,164,3572,-3,3465,195,
01-Nov-22,South,A,113,32,92,3616,-3,3508,117,
01-Dec-22,South,A,200,46,174,9200,-3,8924,208,
01-Jan-23,South,A,124,12,102,1488,-3,1443,129,
01-Feb-23,South,A,97,49,87,4753,-3,4610,101,
01-Mar-23,South,A,143,35,116,5005,-3,4855,148,
01-Apr-23,South,A,169,42,142,7098,-3,6885,175,
01-May-23,South,A,166,38,141,6308,-3,6119,172,
01-Jun-23,South,A,121,40,103,4840,-3,4695,126,
01-Jul-23,South,A,131,27,118,3537,-3,3431,136,
01-Aug-23,South,A,200,20,176,4000,-3,3880,208,
01-Sep-23,South,A,197,40,171,7880,-3,7644,204,
01-Oct-23,South,A,76,35,65,2660,-3,2580,79,
01-Nov-23,South,A,196,11,159,2156,-3,2091,203,
01-Dec-23,South,A,153,48,132,7344,-3,7124,159,
01-Jan-24,South,A,117,42,102,4914,-3,4767,121,
01-Feb-24,South,A,138,43,124,5934,-3,5756,143,
01-Mar-24,South,A,196,28,165,5488,-3,5323,203,
01-Apr-24,South,A,101,45,82,4545,-3,4409,105,
01-May-24,South,A,148,31,126,4588,-3,4450,154,
01-Jun-24,South,A,109,36,94,3924,-3,3806,113,
01-Jul-24,South,A,111,49,99,5439,-3,5276,115,
01-Aug-24,South,A,145,29,117,4205,-3,4079,151,
01-Sep-24,South,A,175,49,151,8575,-3,8318,182,
01-Oct-24,South,A,169,15,149,2535,-3,2459,175,
01-Nov-24,South,A,100,16,81,1600,-3,1552,104,
01-Dec-24,South,A,93,34,77,3162,-3,3067,97,
01-Jan-25,South,A,178,10,153,1780,-3,1727,185,
01-Feb-25,South,A,190,48,162,9120,-3,8846,197,
01-Mar-25,South,A,185,24,159,4440,-3,4307,192,
01-Apr-21,South,A,153,48,124,7344,-4,7050,160,
01-May-21,South,A,164,48,146,7872,-4,7557,172,
01-Jun-21,South,A,136,50,112,6800,-4,6528,143,
01-Jul-21,South,A,97,29,79,2813,-4,2700,102,
01-Aug-21,South,A,79,47,64,3713,-4,3564,83,
01-Sep-21,South,A,92,37,80,3404,-4,3268,96,
01-Oct-21,South,A,106,25,93,2650,-4,2544,111,
01-Nov-21,South,A,122,14,100,1708,-4,1640,128,
01-Dec-21,South,A,148,33,132,4884,-4,4689,155,
01-Jan-22,South,A,172,35,143,6020,-4,5779,180,
01-Feb-22,South,A,159,42,134,6678,-4,6411,167,
01-Mar-22,South,A,89,48,72,4272,-4,4101,93,
01-Apr-22,South,A,140,36,116,5040,-4,4838,147,
01-May-22,South,A,136,16,116,2176,-4,2089,143,
01-Jun-22,South,A,169,27,150,4563,-4,4380,177,
01-Jul-22,South,A,144,22,127,3168,-4,3041,151,
01-Aug-22,South,A,150,38,122,5700,-4,5472,157,
01-Sep-22,South,A,139,20,120,2780,-4,2669,146,
01-Oct-22,South,A,188,19,164,3572,-4,3429,197,
01-Nov-22,South,A,113,32,92,3616,-4,3471,118,
01-Dec-22,South,A,200,46,174,9200,-4,8832,210,
01-Jan-23,South,A,124,12,102,1488,-4,1428,130,
01-Feb-23,South,A,97,49,87,4753,-4,4563,102,
01-Mar-23,South,A,143,35,116,5005,-4,4805,150,
01-Apr-23,South,A,169,42,142,7098,-4,6814,177,
01-May-23,South,A,166,38,141,6308,-4,6056,174,
01-Jun-23,South,A,121,40,103,4840,-4,4646,127,
01-Jul-23,South,A,131,27,118,3537,-4,3396,137,
01-Aug-23,South,A,200,20,176,4000,-4,3840,210,
01-Sep-23,South,A,197,40,171,7880,-4,7565,206,
01-Oct-23,South,A,76,35,65,2660,-4,2554,80,
01-Nov-23,South,A,196,11,159,2156,-4,2070,205,
01-Dec-23,South,A,153,48,132,7344,-4,7050,160,
01-Jan-24,South,A,117,42,102,4914,-4,4717,123,
01-Feb-24,South,A,138,43,124,5934,-4,5697,145,
01-Mar-24,South,A,196,28,165,5488,-4,5268,205,
01-Apr-24,South,A,101,45,82,4545,-4,4363,106,
01-May-24,South,A,148,31,126,4588,-4,4404,155,
01-Jun-24,South,A,109,36,94,3924,-4,3767,114,
01-Jul-24,South,A,111,49,99,5439,-4,5221,116,
01-Aug-24,South,A,145,29,117,4205,-4,4037,152,
01-Sep-24,South,A,175,49,151,8575,-4,8232,183,
01-Oct-24,South,A,169,15,149,2535,-4,2434,177,
01-Nov-24,South,A,100,16,81,1600,-4,1536,105,
01-Dec-24,South,A,93,34,77,3162,-4,3036,97,
01-Jan-25,South,A,178,10,153,1780,-4,1709,187,
01-Feb-25,South,A,190,48,162,9120,-4,8755,199,
01-Mar-25,South,A,185,24,159,4440,-4,4262,194,
01-Apr-21,South,A,153,48,124,7344,-5,6977,162,
01-May-21,South,A,164,48,146,7872,-5,7478,174,
01-Jun-21,South,A,136,50,112,6800,-5,6460,144,
01-Jul-21,South,A,97,29,79,2813,-5,2672,103,
01-Aug-21,South,A,79,47,64,3713,-5,3527,84,
01-Sep-21,South,A,92,37,80,3404,-5,3234,98,
01-Oct-21,South,A,106,25,93,2650,-5,2518,112,
01-Nov-21,South,A,122,14,100,1708,-5,1623,129,
01-Dec-21,South,A,148,33,132,4884,-5,4640,157,
01-Jan-22,South,A,172,35,143,6020,-5,5719,182,
01-Feb-22,South,A,159,42,134,6678,-5,6344,169,
01-Mar-22,South,A,89,48,72,4272,-5,4058,94,
01-Apr-22,South,A,140,36,116,5040,-5,4788,148,
01-May-22,South,A,136,16,116,2176,-5,2067,144,
01-Jun-22,South,A,169,27,150,4563,-5,4335,179,
01-Jul-22,South,A,144,22,127,3168,-5,3010,153,
01-Aug-22,South,A,150,38,122,5700,-5,5415,159,
01-Sep-22,South,A,139,20,120,2780,-5,2641,147,
01-Oct-22,South,A,188,19,164,3572,-5,3393,199,
01-Nov-22,South,A,113,32,92,3616,-5,3435,120,
01-Dec-22,South,A,200,46,174,9200,-5,8740,212,
01-Jan-23,South,A,124,12,102,1488,-5,1414,131,
01-Feb-23,South,A,97,49,87,4753,-5,4515,103,
01-Mar-23,South,A,143,35,116,5005,-5,4755,152,
01-Apr-23,South,A,169,42,142,7098,-5,6743,179,
01-May-23,South,A,166,38,141,6308,-5,5993,176,
01-Jun-23,South,A,121,40,103,4840,-5,4598,128,
01-Jul-23,South,A,131,27,118,3537,-5,3360,139,
01-Aug-23,South,A,200,20,176,4000,-5,3800,212,
01-Sep-23,South,A,197,40,171,7880,-5,7486,209,
01-Oct-23,South,A,76,35,65,2660,-5,2527,81,
01-Nov-23,South,A,196,11,159,2156,-5,2048,208,
01-Dec-23,South,A,153,48,132,7344,-5,6977,162,
01-Jan-24,South,A,117,42,102,4914,-5,4668,124,
01-Feb-24,South,A,138,43,124,5934,-5,5637,146,
01-Mar-24,South,A,196,28,165,5488,-5,5214,208,
01-Apr-24,South,A,101,45,82,4545,-5,4318,107,
01-May-24,South,A,148,31,126,4588,-5,4359,157,
01-Jun-24,South,A,109,36,94,3924,-5,3728,116,
01-Jul-24,South,A,111,49,99,5439,-5,5167,118,
01-Aug-24,South,A,145,29,117,4205,-5,3995,154,
01-Sep-24,South,A,175,49,151,8575,-5,8146,186,
01-Oct-24,South,A,169,15,149,2535,-5,2408,179,
01-Nov-24,South,A,100,16,81,1600,-5,1520,106,
01-Dec-24,South,A,93,34,77,3162,-5,3004,99,
01-Jan-25,South,A,178,10,153,1780,-5,1691,189,
01-Feb-25,South,A,190,48,162,9120,-5,8664,201,
01-Mar-25,South,A,185,24,159,4440,-5,4218,196,
01-Apr-21,North,A,74,48,64,3552,2,3623,72,
01-May-21,North,A,191,48,168,9168,2,9351,186,
01-Jun-21,North,A,134,50,110,6700,2,6834,131,
01-Jul-21,North,A,158,29,130,4582,2,4674,154,
01-Aug-21,North,A,172,47,144,8084,2,8246,168,
01-Sep-21,North,A,81,37,68,2997,2,3057,79,
01-Oct-21,North,A,188,25,169,4700,2,4794,183,
01-Nov-21,North,A,94,14,82,1316,2,1342,92,
01-Dec-21,North,A,145,33,122,4785,2,4881,142,
01-Jan-22,North,A,50,35,42,1750,2,1785,49,
01-Feb-22,North,A,174,42,141,7308,2,7454,170,
01-Mar-22,North,A,148,48,132,7104,2,7246,144,
01-Apr-22,North,A,60,36,54,2160,2,2203,59,
01-May-22,North,A,181,16,150,2896,2,2954,177,
01-Jun-22,North,A,95,27,86,2565,2,2616,93,
01-Jul-22,North,A,189,22,161,4158,2,4241,184,
01-Aug-22,North,A,114,38,96,4332,2,4419,111,
01-Sep-22,North,A,194,20,157,3880,2,3958,189,
01-Oct-22,North,A,64,19,52,1216,2,1240,62,
01-Nov-22,North,A,120,32,103,3840,2,3917,117,
01-Dec-22,North,A,167,46,140,7682,2,7836,163,
01-Jan-23,North,A,130,12,108,1560,2,1591,127,
01-Feb-23,North,A,87,49,77,4263,2,4348,85,
01-Mar-23,North,A,74,35,67,2590,2,2642,72,
01-Apr-23,North,A,112,42,93,4704,2,4798,109,
01-May-23,North,A,87,38,77,3306,2,3372,85,
01-Jun-23,North,A,95,40,86,3800,2,3876,93,
01-Jul-23,North,A,180,27,158,4860,2,4957,176,
01-Aug-23,North,A,171,20,140,3420,2,3488,167,
01-Sep-23,North,A,179,40,159,7160,2,7303,175,
01-Oct-23,North,A,102,35,87,3570,2,3641,100,
01-Nov-23,North,A,131,11,110,1441,2,1470,128,
01-Dec-23,North,A,119,48,106,5712,2,5826,116,
01-Jan-24,North,A,145,42,122,6090,2,6212,142,
01-Feb-24,North,A,156,43,126,6708,2,6842,152,
01-Mar-24,North,A,194,28,169,5432,2,5541,189,
01-Apr-24,North,A,79,45,68,3555,2,3626,77,
01-May-24,North,A,168,31,141,5208,2,5312,164,
01-Jun-24,North,A,156,36,129,5616,2,5728,152,
01-Jul-24,North,A,171,49,139,8379,2,8547,167,
01-Aug-24,North,A,187,29,153,5423,2,5531,183,
01-Sep-24,North,A,185,49,163,9065,2,9246,181,
01-Oct-24,North,A,134,15,109,2010,2,2050,131,
01-Nov-24,North,A,195,16,166,3120,2,3182,190,
01-Dec-24,North,A,73,34,59,2482,2,2532,71,
01-Jan-25,North,A,171,10,152,1710,2,1744,167,
01-Feb-25,North,A,74,48,61,3552,2,3623,72,
01-Mar-25,North,A,96,24,78,2304,2,2350,94,
01-Apr-21,North,A,74,48,64,3552,3,3659,71,
01-May-21,North,A,191,48,168,9168,3,9443,184,
01-Jun-21,North,A,134,50,110,6700,3,6901,129,
01-Jul-21,North,A,158,29,130,4582,3,4719,152,
01-Aug-21,North,A,172,47,144,8084,3,8327,166,
01-Sep-21,North,A,81,37,68,2997,3,3087,78,
01-Oct-21,North,A,188,25,169,4700,3,4841,181,
01-Nov-21,North,A,94,14,82,1316,3,1355,91,
01-Dec-21,North,A,145,33,122,4785,3,4929,140,
01-Jan-22,North,A,50,35,42,1750,3,1803,48,
01-Feb-22,North,A,174,42,141,7308,3,7527,168,
01-Mar-22,North,A,148,48,132,7104,3,7317,143,
01-Apr-22,North,A,60,36,54,2160,3,2225,58,
01-May-22,North,A,181,16,150,2896,3,2983,174,
01-Jun-22,North,A,95,27,86,2565,3,2642,92,
01-Jul-22,North,A,189,22,161,4158,3,4283,182,
01-Aug-22,North,A,114,38,96,4332,3,4462,110,
01-Sep-22,North,A,194,20,157,3880,3,3996,187,
01-Oct-22,North,A,64,19,52,1216,3,1252,62,
01-Nov-22,North,A,120,32,103,3840,3,3955,116,
01-Dec-22,North,A,167,46,140,7682,3,7912,161,
01-Jan-23,North,A,130,12,108,1560,3,1607,125,
01-Feb-23,North,A,87,49,77,4263,3,4391,84,
01-Mar-23,North,A,74,35,67,2590,3,2668,71,
01-Apr-23,North,A,112,42,93,4704,3,4845,108,
01-May-23,North,A,87,38,77,3306,3,3405,84,
01-Jun-23,North,A,95,40,86,3800,3,3914,92,
01-Jul-23,North,A,180,27,158,4860,3,5006,174,
01-Aug-23,North,A,171,20,140,3420,3,3523,165,
01-Sep-23,North,A,179,40,159,7160,3,7375,173,
01-Oct-23,North,A,102,35,87,3570,3,3677,98,
01-Nov-23,North,A,131,11,110,1441,3,1484,126,
01-Dec-23,North,A,119,48,106,5712,3,5883,115,
01-Jan-24,North,A,145,42,122,6090,3,6273,140,
01-Feb-24,North,A,156,43,126,6708,3,6909,150,
01-Mar-24,North,A,194,28,169,5432,3,5595,187,
01-Apr-24,North,A,79,45,68,3555,3,3662,76,
01-May-24,North,A,168,31,141,5208,3,5364,162,
01-Jun-24,North,A,156,36,129,5616,3,5784,150,
01-Jul-24,North,A,171,49,139,8379,3,8630,165,
01-Aug-24,North,A,187,29,153,5423,3,5586,180,
01-Sep-24,North,A,185,49,163,9065,3,9337,178,
01-Oct-24,North,A,134,15,109,2010,3,2070,129,
01-Nov-24,North,A,195,16,166,3120,3,3214,188,
01-Dec-24,North,A,73,34,59,2482,3,2556,70,
01-Jan-25,North,A,171,10,152,1710,3,1761,165,
01-Feb-25,North,A,74,48,61,3552,3,3659,71,
01-Mar-25,North,A,96,24,78,2304,3,2373,93,
01-Apr-21,North,A,74,48,64,3552,4,3694,70,
01-May-21,North,A,191,48,168,9168,4,9535,182,
01-Jun-21,North,A,134,50,110,6700,4,6968,128,
01-Jul-21,North,A,158,29,130,4582,4,4765,150,
01-Aug-21,North,A,172,47,144,8084,4,8407,164,
01-Sep-21,North,A,81,37,68,2997,4,3117,77,
01-Oct-21,North,A,188,25,169,4700,4,4888,179,
01-Nov-21,North,A,94,14,82,1316,4,1369,89,
01-Dec-21,North,A,145,33,122,4785,4,4976,138,
01-Jan-22,North,A,50,35,42,1750,4,1820,48,
01-Feb-22,North,A,174,42,141,7308,4,7600,166,
01-Mar-22,North,A,148,48,132,7104,4,7388,141,
01-Apr-22,North,A,60,36,54,2160,4,2246,57,
01-May-22,North,A,181,16,150,2896,4,3012,172,
01-Jun-22,North,A,95,27,86,2565,4,2668,90,
01-Jul-22,North,A,189,22,161,4158,4,4324,180,
01-Aug-22,North,A,114,38,96,4332,4,4505,109,
01-Sep-22,North,A,194,20,157,3880,4,4035,185,
01-Oct-22,North,A,64,19,52,1216,4,1265,61,
01-Nov-22,North,A,120,32,103,3840,4,3994,114,
01-Dec-22,North,A,167,46,140,7682,4,7989,159,
01-Jan-23,North,A,130,12,108,1560,4,1622,124,
01-Feb-23,North,A,87,49,77,4263,4,4434,83,
01-Mar-23,North,A,74,35,67,2590,4,2694,70,
01-Apr-23,North,A,112,42,93,4704,4,4892,107,
01-May-23,North,A,87,38,77,3306,4,3438,83,
01-Jun-23,North,A,95,40,86,3800,4,3952,90,
01-Jul-23,North,A,180,27,158,4860,4,5054,171,
01-Aug-23,North,A,171,20,140,3420,4,3557,163,
01-Sep-23,North,A,179,40,159,7160,4,7446,170,
01-Oct-23,North,A,102,35,87,3570,4,3713,97,
01-Nov-23,North,A,131,11,110,1441,4,1499,125,
01-Dec-23,North,A,119,48,106,5712,4,5940,113,
01-Jan-24,North,A,145,42,122,6090,4,6334,138,
01-Feb-24,North,A,156,43,126,6708,4,6976,149,
01-Mar-24,North,A,194,28,169,5432,4,5649,185,
01-Apr-24,North,A,79,45,68,3555,4,3697,75,
01-May-24,North,A,168,31,141,5208,4,5416,160,
01-Jun-24,North,A,156,36,129,5616,4,5841,149,
01-Jul-24,North,A,171,49,139,8379,4,8714,163,
01-Aug-24,North,A,187,29,153,5423,4,5640,178,
01-Sep-24,North,A,185,49,163,9065,4,9428,176,
01-Oct-24,North,A,134,15,109,2010,4,2090,128,
01-Nov-24,North,A,195,16,166,3120,4,3245,186,
01-Dec-24,North,A,73,34,59,2482,4,2581,69,
01-Jan-25,North,A,171,10,152,1710,4,1778,163,
01-Feb-25,North,A,74,48,61,3552,4,3694,70,
01-Mar-25,North,A,96,24,78,2304,4,2396,91,
01-Apr-21,North,A,74,48,64,3552,5,3730,70,
01-May-21,North,A,191,48,168,9168,5,9626,180,
01-Jun-21,North,A,134,50,110,6700,5,7035,126,
01-Jul-21,North,A,158,29,130,4582,5,4811,149,
01-Aug-21,North,A,172,47,144,8084,5,8488,162,
01-Sep-21,North,A,81,37,68,2997,5,3147,76,
01-Oct-21,North,A,188,25,169,4700,5,4935,177,
01-Nov-21,North,A,94,14,82,1316,5,1382,88,
01-Dec-21,North,A,145,33,122,4785,5,5024,136,
01-Jan-22,North,A,50,35,42,1750,5,1838,47,
01-Feb-22,North,A,174,42,141,7308,5,7673,164,
01-Mar-22,North,A,148,48,132,7104,5,7459,139,
01-Apr-22,North,A,60,36,54,2160,5,2268,56,
01-May-22,North,A,181,16,150,2896,5,3041,170,
01-Jun-22,North,A,95,27,86,2565,5,2693,89,
01-Jul-22,North,A,189,22,161,4158,5,4366,178,
01-Aug-22,North,A,114,38,96,4332,5,4549,107,
01-Sep-22,North,A,194,20,157,3880,5,4074,182,
01-Oct-22,North,A,64,19,52,1216,5,1277,60,
01-Nov-22,North,A,120,32,103,3840,5,4032,113,
01-Dec-22,North,A,167,46,140,7682,5,8066,157,
01-Jan-23,North,A,130,12,108,1560,5,1638,122,
01-Feb-23,North,A,87,49,77,4263,5,4476,82,
01-Mar-23,North,A,74,35,67,2590,5,2720,70,
01-Apr-23,North,A,112,42,93,4704,5,4939,105,
01-May-23,North,A,87,38,77,3306,5,3471,82,
01-Jun-23,North,A,95,40,86,3800,5,3990,89,
01-Jul-23,North,A,180,27,158,4860,5,5103,169,
01-Aug-23,North,A,171,20,140,3420,5,3591,161,
01-Sep-23,North,A,179,40,159,7160,5,7518,168,
01-Oct-23,North,A,102,35,87,3570,5,3749,96,
01-Nov-23,North,A,131,11,110,1441,5,1513,123,
01-Dec-23,North,A,119,48,106,5712,5,5998,112,
01-Jan-24,North,A,145,42,122,6090,5,6395,136,
01-Feb-24,North,A,156,43,126,6708,5,7043,147,
01-Mar-24,North,A,194,28,169,5432,5,5704,182,
01-Apr-24,North,A,79,45,68,3555,5,3733,74,
01-May-24,North,A,168,31,141,5208,5,5468,158,
01-Jun-24,North,A,156,36,129,5616,5,5897,147,
01-Jul-24,North,A,171,49,139,8379,5,8798,161,
01-Aug-24,North,A,187,29,153,5423,5,5694,176,
01-Sep-24,North,A,185,49,163,9065,5,9518,174,
01-Oct-24,North,A,134,15,109,2010,5,2111,126,
01-Nov-24,North,A,195,16,166,3120,5,3276,183,
01-Dec-24,North,A,73,34,59,2482,5,2606,69,
01-Jan-25,North,A,171,10,152,1710,5,1796,161,
01-Feb-25,North,A,74,48,61,3552,5,3730,70,
01-Mar-25,North,A,96,24,78,2304,5,2419,90,
01-Apr-21,North,A,74,48,64,3552,-2,3481,76,
01-May-21,North,A,191,48,168,9168,-2,8985,196,
01-Jun-21,North,A,134,50,110,6700,-2,6566,137,
01-Jul-21,North,A,158,29,130,4582,-2,4490,162,
01-Aug-21,North,A,172,47,144,8084,-2,7922,176,
01-Sep-21,North,A,81,37,68,2997,-2,2937,83,
01-Oct-21,North,A,188,25,169,4700,-2,4606,193,
01-Nov-21,North,A,94,14,82,1316,-2,1290,96,
01-Dec-21,North,A,145,33,122,4785,-2,4689,148,
01-Jan-22,North,A,50,35,42,1750,-2,1715,51,
01-Feb-22,North,A,174,42,141,7308,-2,7162,178,
01-Mar-22,North,A,148,48,132,7104,-2,6962,152,
01-Apr-22,North,A,60,36,54,2160,-2,2117,61,
01-May-22,North,A,181,16,150,2896,-2,2838,185,
01-Jun-22,North,A,95,27,86,2565,-2,2514,97,
01-Jul-22,North,A,189,22,161,4158,-2,4075,194,
01-Aug-22,North,A,114,38,96,4332,-2,4245,117,
01-Sep-22,North,A,194,20,157,3880,-2,3802,199,
01-Oct-22,North,A,64,19,52,1216,-2,1192,66,
01-Nov-22,North,A,120,32,103,3840,-2,3763,123,
01-Dec-22,North,A,167,46,140,7682,-2,7528,171,
01-Jan-23,North,A,130,12,108,1560,-2,1529,133,
01-Feb-23,North,A,87,49,77,4263,-2,4178,89,
01-Mar-23,North,A,74,35,67,2590,-2,2538,76,
01-Apr-23,North,A,112,42,93,4704,-2,4610,115,
01-May-23,North,A,87,38,77,3306,-2,3240,89,
01-Jun-23,North,A,95,40,86,3800,-2,3724,97,
01-Jul-23,North,A,180,27,158,4860,-2,4763,184,
01-Aug-23,North,A,171,20,140,3420,-2,3352,175,
01-Sep-23,North,A,179,40,159,7160,-2,7017,183,
01-Oct-23,North,A,102,35,87,3570,-2,3499,104,
01-Nov-23,North,A,131,11,110,1441,-2,1412,134,
01-Dec-23,North,A,119,48,106,5712,-2,5598,122,
01-Jan-24,North,A,145,42,122,6090,-2,5968,148,
01-Feb-24,North,A,156,43,126,6708,-2,6574,160,
01-Mar-24,North,A,194,28,169,5432,-2,5323,199,
01-Apr-24,North,A,79,45,68,3555,-2,3484,81,
01-May-24,North,A,168,31,141,5208,-2,5104,172,
01-Jun-24,North,A,156,36,129,5616,-2,5504,160,
01-Jul-24,North,A,171,49,139,8379,-2,8211,175,
01-Aug-24,North,A,187,29,153,5423,-2,5315,191,
01-Sep-24,North,A,185,49,163,9065,-2,8884,189,
01-Oct-24,North,A,134,15,109,2010,-2,1970,137,
01-Nov-24,North,A,195,16,166,3120,-2,3058,200,
01-Dec-24,North,A,73,34,59,2482,-2,2432,75,
01-Jan-25,North,A,171,10,152,1710,-2,1676,175,
01-Feb-25,North,A,74,48,61,3552,-2,3481,76,
01-Mar-25,North,A,96,24,78,2304,-2,2258,98,
01-Apr-21,North,A,74,48,64,3552,-3,3445,77,
01-May-21,North,A,191,48,168,9168,-3,8893,198,
01-Jun-21,North,A,134,50,110,6700,-3,6499,139,
01-Jul-21,North,A,158,29,130,4582,-3,4445,164,
01-Aug-21,North,A,172,47,144,8084,-3,7841,179,
01-Sep-21,North,A,81,37,68,2997,-3,2907,84,
01-Oct-21,North,A,188,25,169,4700,-3,4559,195,
01-Nov-21,North,A,94,14,82,1316,-3,1277,98,
01-Dec-21,North,A,145,33,122,4785,-3,4641,151,
01-Jan-22,North,A,50,35,42,1750,-3,1698,52,
01-Feb-22,North,A,174,42,141,7308,-3,7089,181,
01-Mar-22,North,A,148,48,132,7104,-3,6891,154,
01-Apr-22,North,A,60,36,54,2160,-3,2095,62,
01-May-22,North,A,181,16,150,2896,-3,2809,188,
01-Jun-22,North,A,95,27,86,2565,-3,2488,99,
01-Jul-22,North,A,189,22,161,4158,-3,4033,196,
01-Aug-22,North,A,114,38,96,4332,-3,4202,118,
01-Sep-22,North,A,194,20,157,3880,-3,3764,201,
01-Oct-22,North,A,64,19,52,1216,-3,1180,66,
01-Nov-22,North,A,120,32,103,3840,-3,3725,125,
01-Dec-22,North,A,167,46,140,7682,-3,7452,173,
01-Jan-23,North,A,130,12,108,1560,-3,1513,135,
01-Feb-23,North,A,87,49,77,4263,-3,4135,90,
01-Mar-23,North,A,74,35,67,2590,-3,2512,77,
01-Apr-23,North,A,112,42,93,4704,-3,4563,116,
01-May-23,North,A,87,38,77,3306,-3,3207,90,
01-Jun-23,North,A,95,40,86,3800,-3,3686,99,
01-Jul-23,North,A,180,27,158,4860,-3,4714,187,
01-Aug-23,North,A,171,20,140,3420,-3,3317,177,
01-Sep-23,North,A,179,40,159,7160,-3,6945,186,
01-Oct-23,North,A,102,35,87,3570,-3,3463,106,
01-Nov-23,North,A,131,11,110,1441,-3,1398,136,
01-Dec-23,North,A,119,48,106,5712,-3,5541,124,
01-Jan-24,North,A,145,42,122,6090,-3,5907,151,
01-Feb-24,North,A,156,43,126,6708,-3,6507,162,
01-Mar-24,North,A,194,28,169,5432,-3,5269,201,
01-Apr-24,North,A,79,45,68,3555,-3,3448,82,
01-May-24,North,A,168,31,141,5208,-3,5052,174,
01-Jun-24,North,A,156,36,129,5616,-3,5448,162,
01-Jul-24,North,A,171,49,139,8379,-3,8128,177,
01-Aug-24,North,A,187,29,153,5423,-3,5260,194,
01-Sep-24,North,A,185,49,163,9065,-3,8793,192,
01-Oct-24,North,A,134,15,109,2010,-3,1950,139,
01-Nov-24,North,A,195,16,166,3120,-3,3026,202,
01-Dec-24,North,A,73,34,59,2482,-3,2408,76,
01-Jan-25,North,A,171,10,152,1710,-3,1659,177,
01-Feb-25,North,A,74,48,61,3552,-3,3445,77,
01-Mar-25,North,A,96,24,78,2304,-3,2235,100,
01-Apr-21,North,A,74,48,64,3552,-4,3410,78,
01-May-21,North,A,191,48,168,9168,-4,8801,200,
01-Jun-21,North,A,134,50,110,6700,-4,6432,140,
01-Jul-21,North,A,158,29,130,4582,-4,4399,166,
01-Aug-21,North,A,172,47,144,8084,-4,7761,180,
01-Sep-21,North,A,81,37,68,2997,-4,2877,85,
01-Oct-21,North,A,188,25,169,4700,-4,4512,197,
01-Nov-21,North,A,94,14,82,1316,-4,1263,99,
01-Dec-21,North,A,145,33,122,4785,-4,4594,152,
01-Jan-22,North,A,50,35,42,1750,-4,1680,52,
01-Feb-22,North,A,174,42,141,7308,-4,7016,182,
01-Mar-22,North,A,148,48,132,7104,-4,6820,155,
01-Apr-22,North,A,60,36,54,2160,-4,2074,63,
01-May-22,North,A,181,16,150,2896,-4,2780,190,
01-Jun-22,North,A,95,27,86,2565,-4,2462,100,
01-Jul-22,North,A,189,22,161,4158,-4,3992,198,
01-Aug-22,North,A,114,38,96,4332,-4,4159,119,
01-Sep-22,North,A,194,20,157,3880,-4,3725,203,
01-Oct-22,North,A,64,19,52,1216,-4,1167,67,
01-Nov-22,North,A,120,32,103,3840,-4,3686,126,
01-Dec-22,North,A,167,46,140,7682,-4,7375,175,
01-Jan-23,North,A,130,12,108,1560,-4,1498,136,
01-Feb-23,North,A,87,49,77,4263,-4,4092,91,
01-Mar-23,North,A,74,35,67,2590,-4,2486,78,
01-Apr-23,North,A,112,42,93,4704,-4,4516,117,
01-May-23,North,A,87,38,77,3306,-4,3174,91,
01-Jun-23,North,A,95,40,86,3800,-4,3648,100,
01-Jul-23,North,A,180,27,158,4860,-4,4666,189,
01-Aug-23,North,A,171,20,140,3420,-4,3283,179,
01-Sep-23,North,A,179,40,159,7160,-4,6874,188,
01-Oct-23,North,A,102,35,87,3570,-4,3427,107,
01-Nov-23,North,A,131,11,110,1441,-4,1383,137,
01-Dec-23,North,A,119,48,106,5712,-4,5484,125,
01-Jan-24,North,A,145,42,122,6090,-4,5846,152,
01-Feb-24,North,A,156,43,126,6708,-4,6440,163,
01-Mar-24,North,A,194,28,169,5432,-4,5215,203,
01-Apr-24,North,A,79,45,68,3555,-4,3413,83,
01-May-24,North,A,168,31,141,5208,-4,5000,176,
01-Jun-24,North,A,156,36,129,5616,-4,5391,163,
01-Jul-24,North,A,171,49,139,8379,-4,8044,179,
01-Aug-24,North,A,187,29,153,5423,-4,5206,196,
01-Sep-24,North,A,185,49,163,9065,-4,8702,194,
01-Oct-24,North,A,134,15,109,2010,-4,1930,140,
01-Nov-24,North,A,195,16,166,3120,-4,2995,204,
01-Dec-24,North,A,73,34,59,2482,-4,2383,77,
01-Jan-25,North,A,171,10,152,1710,-4,1642,179,
01-Feb-25,North,A,74,48,61,3552,-4,3410,78,
01-Mar-25,North,A,96,24,78,2304,-4,2212,101,
01-Apr-21,North,A,74,48,64,3552,-5,3374,78,
01-May-21,North,A,191,48,168,9168,-5,8710,202,
01-Jun-21,North,A,134,50,110,6700,-5,6365,142,
01-Jul-21,North,A,158,29,130,4582,-5,4353,167,
01-Aug-21,North,A,172,47,144,8084,-5,7680,182,
01-Sep-21,North,A,81,37,68,2997,-5,2847,86,
01-Oct-21,North,A,188,25,169,4700,-5,4465,199,
01-Nov-21,North,A,94,14,82,1316,-5,1250,100,
01-Dec-21,North,A,145,33,122,4785,-5,4546,154,
01-Jan-22,North,A,50,35,42,1750,-5,1663,53,
01-Feb-22,North,A,174,42,141,7308,-5,6943,184,
01-Mar-22,North,A,148,48,132,7104,-5,6749,157,
01-Apr-22,North,A,60,36,54,2160,-5,2052,64,
01-May-22,North,A,181,16,150,2896,-5,2751,192,
01-Jun-22,North,A,95,27,86,2565,-5,2437,101,
01-Jul-22,North,A,189,22,161,4158,-5,3950,200,
01-Aug-22,North,A,114,38,96,4332,-5,4115,121,
01-Sep-22,North,A,194,20,157,3880,-5,3686,206,
01-Oct-22,North,A,64,19,52,1216,-5,1155,68,
01-Nov-22,North,A,120,32,103,3840,-5,3648,127,
01-Dec-22,North,A,167,46,140,7682,-5,7298,177,
01-Jan-23,North,A,130,12,108,1560,-5,1482,138,
01-Feb-23,North,A,87,49,77,4263,-5,4050,92,
01-Mar-23,North,A,74,35,67,2590,-5,2461,78,
01-Apr-23,North,A,112,42,93,4704,-5,4469,119,
01-May-23,North,A,87,38,77,3306,-5,3141,92,
01-Jun-23,North,A,95,40,86,3800,-5,3610,101,
01-Jul-23,North,A,180,27,158,4860,-5,4617,191,
01-Aug-23,North,A,171,20,140,3420,-5,3249,181,
01-Sep-23,North,A,179,40,159,7160,-5,6802,190,
01-Oct-23,North,A,102,35,87,3570,-5,3392,108,
01-Nov-23,North,A,131,11,110,1441,-5,1369,139,
01-Dec-23,North,A,119,48,106,5712,-5,5426,126,
01-Jan-24,North,A,145,42,122,6090,-5,5786,154,
01-Feb-24,North,A,156,43,126,6708,-5,6373,165,
01-Mar-24,North,A,194,28,169,5432,-5,5160,206,
01-Apr-24,North,A,79,45,68,3555,-5,3377,84,
01-May-24,North,A,168,31,141,5208,-5,4948,178,
01-Jun-24,North,A,156,36,129,5616,-5,5335,165,
01-Jul-24,North,A,171,49,139,8379,-5,7960,181,
01-Aug-24,North,A,187,29,153,5423,-5,5152,198,
01-Sep-24,North,A,185,49,163,9065,-5,8612,196,
01-Oct-24,North,A,134,15,109,2010,-5,1910,142,
01-Nov-24,North,A,195,16,166,3120,-5,2964,207,
01-Dec-24,North,A,73,34,59,2482,-5,2358,77,
01-Jan-25,North,A,171,10,152,1710,-5,1625,181,
01-Feb-25,North,A,74,48,61,3552,-5,3374,78,
01-Mar-25,North,A,96,24,78,2304,-5,2189,102,
01-Apr-21,West,B,258,49,227,12642,2,12895,252,
01-May-21,West,B,273,28,221,7644,2,7797,266,
01-Jun-21,West,B,155,56,136,8680,2,8854,151,
01-Jul-21,West,B,245,47,218,11515,2,11745,239,
01-Aug-21,West,B,288,35,233,10080,2,10282,281,
01-Sep-21,West,B,158,51,133,8058,2,8219,154,
01-Oct-21,West,B,272,31,226,8432,2,8601,265,
01-Nov-21,West,B,294,38,265,11172,2,11395,287,
01-Dec-21,West,B,228,38,194,8664,2,8837,223,
01-Jan-22,West,B,251,49,213,12299,2,12545,245,
01-Feb-22,West,B,180,30,148,5400,2,5508,176,
01-Mar-22,West,B,220,36,178,7920,2,8078,215,
01-Apr-22,West,B,165,51,144,8415,2,8583,161,
01-May-22,West,B,155,48,136,7440,2,7589,151,
01-Jun-22,West,B,217,42,180,9114,2,9296,212,
01-Jul-22,West,B,150,33,126,4950,2,5049,146,
01-Aug-22,West,B,232,54,206,12528,2,12779,226,
01-Sep-22,West,B,214,41,178,8774,2,8949,209,
01-Oct-22,West,B,170,46,148,7820,2,7976,166,
01-Nov-22,West,B,182,47,153,8554,2,8725,178,
01-Dec-22,West,B,182,51,153,9282,2,9468,178,
01-Jan-23,West,B,277,48,241,13296,2,13562,270,
01-Feb-23,West,B,212,42,191,8904,2,9082,207,
01-Mar-23,West,B,249,50,222,12450,2,12699,243,
01-Apr-23,West,B,154,35,128,5390,2,5498,150,
01-Jun-23,West,B,202,46,170,9292,2,9478,197,
01-Sep-23,West,B,159,52,135,8268,2,8433,155,
01-Oct-23,West,B,183,45,148,8235,2,8400,179,
01-Nov-23,West,B,176,31,157,5456,2,5565,172,
01-Dec-23,West,B,167,46,139,7682,2,7836,163,
01-Feb-24,West,B,244,54,198,13176,2,13440,238,
01-Mar-24,West,B,281,32,247,8992,2,9172,274,
01-Apr-24,West,B,207,31,186,6417,2,6545,202,
01-May-24,West,B,210,31,179,6510,2,6640,205,
01-Jun-24,West,B,274,52,222,14248,2,14533,267,
01-Jul-24,West,B,289,52,254,15028,2,15329,282,
01-Aug-24,West,B,229,44,192,10076,2,10278,224,
01-Sep-24,West,B,200,50,178,10000,2,10200,195,
01-Oct-24,West,B,160,25,139,4000,2,4080,156,
01-Nov-24,West,B,236,36,198,8496,2,8666,230,
01-Dec-24,West,B,280,35,232,9800,2,9996,273,
01-Jan-25,West,B,218,32,194,6976,2,7116,213,
01-Feb-25,West,B,282,52,237,14664,2,14957,275,
01-Mar-25,West,B,296,29,263,8584,2,8756,289,
01-Apr-21,West,B,270,26,232,7020,2,7160,264,
01-May-21,West,B,215,44,183,9460,2,9649,210,
01-Jun-21,West,B,285,48,234,13680,2,13954,278,
01-Jul-21,West,B,225,48,191,10800,2,11016,220,
01-Aug-21,West,B,280,35,249,9800,2,9996,273,
01-Sep-21,West,B,235,44,200,10340,2,10547,229,
01-Oct-21,West,B,248,35,211,8680,2,8854,242,
01-Nov-21,West,B,220,48,191,10560,2,10771,215,
01-Dec-21,West,B,151,30,133,4530,2,4621,147,
01-Jan-22,West,B,235,54,212,12690,2,12944,229,
01-Mar-22,West,B,169,35,150,5915,2,6033,165,
01-Apr-22,West,B,252,43,212,10836,2,11053,246,
01-May-22,West,B,285,33,248,9405,2,9593,278,
01-Jun-22,West,B,299,31,248,9269,2,9454,292,
01-Jul-22,West,B,250,29,208,7250,2,7395,244,
01-Aug-22,West,B,295,45,248,13275,2,13541,288,
01-Sep-22,West,B,210,54,189,11340,2,11567,205,
01-Oct-22,West,B,271,34,225,9214,2,9398,264,
01-Nov-22,West,B,222,36,189,7992,2,8152,217,
01-Dec-22,West,B,235,27,193,6345,2,6472,229,
01-Jan-23,West,B,247,42,200,10374,2,10581,241,
01-Feb-23,West,B,288,41,233,11808,2,12044,281,
01-Mar-23,West,B,220,26,185,5720,2,5834,215,
01-Apr-23,West,B,286,44,246,12584,2,12836,279,
01-May-23,West,B,259,35,223,9065,2,9246,253,
01-Jun-23,West,B,155,30,136,4650,2,4743,151,
01-Jul-23,West,B,228,58,187,13224,2,13488,223,
01-Aug-23,West,B,218,29,196,6322,2,6448,213,
01-Sep-23,West,B,298,30,262,8940,2,9119,291,
01-Oct-23,West,B,170,55,150,9350,2,9537,166,
01-Nov-23,West,B,260,40,226,10400,2,10608,254,
01-Jan-24,West,B,195,42,162,8190,2,8354,190,
01-Feb-24,West,B,213,38,175,8094,2,8256,208,
01-Apr-24,West,B,155,56,129,8680,2,8854,151,
01-Jun-24,West,B,233,37,191,8621,2,8793,227,
01-Jul-24,West,B,193,32,170,6176,2,6300,188,
01-Aug-24,West,B,176,48,143,8448,2,8617,172,
01-Sep-24,West,B,268,32,233,8576,2,8748,262,
01-Oct-24,West,B,298,49,256,14602,2,14894,291,
01-Nov-24,West,B,232,57,209,13224,2,13488,226,
01-Dec-24,West,B,156,27,136,4212,2,4296,152,
01-Jan-25,West,B,280,36,227,10080,2,10282,273,
01-Feb-25,West,B,258,40,214,10320,2,10526,252,
01-Mar-25,West,B,212,51,182,10812,2,11028,207,
01-Apr-21,West,B,258,49,227,12642,3,13021,249,
01-May-21,West,B,273,28,221,7644,3,7873,263,
01-Jun-21,West,B,155,56,136,8680,3,8940,149,
01-Jul-21,West,B,245,47,218,11515,3,11860,236,
01-Aug-21,West,B,288,35,233,10080,3,10382,278,
01-Sep-21,West,B,158,51,133,8058,3,8300,152,
01-Oct-21,West,B,272,31,226,8432,3,8685,262,
01-Nov-21,West,B,294,38,265,11172,3,11507,283,
01-Dec-21,West,B,228,38,194,8664,3,8924,220,
01-Jan-22,West,B,251,49,213,12299,3,12668,242,
01-Feb-22,West,B,180,30,148,5400,3,5562,174,
01-Mar-22,West,B,220,36,178,7920,3,8158,212,
01-Apr-22,West,B,165,51,144,8415,3,8667,159,
01-May-22,West,B,155,48,136,7440,3,7663,149,
01-Jun-22,West,B,217,42,180,9114,3,9387,209,
01-Jul-22,West,B,150,33,126,4950,3,5099,145,
01-Aug-22,West,B,232,54,206,12528,3,12904,224,
01-Sep-22,West,B,214,41,178,8774,3,9037,206,
01-Oct-22,West,B,170,46,148,7820,3,8055,164,
01-Nov-22,West,B,182,47,153,8554,3,8811,175,
01-Dec-22,West,B,182,51,153,9282,3,9560,175,
01-Jan-23,West,B,277,48,241,13296,3,13695,267,
01-Feb-23,West,B,212,42,191,8904,3,9171,204,
01-Mar-23,West,B,249,50,222,12450,3,12824,240,
01-Apr-23,West,B,154,35,128,5390,3,5552,148,
01-Jun-23,West,B,202,46,170,9292,3,9571,195,
01-Sep-23,West,B,159,52,135,8268,3,8516,153,
01-Oct-23,West,B,183,45,148,8235,3,8482,176,
01-Nov-23,West,B,176,31,157,5456,3,5620,170,
01-Dec-23,West,B,167,46,139,7682,3,7912,161,
01-Feb-24,West,B,244,54,198,13176,3,13571,235,
01-Mar-24,West,B,281,32,247,8992,3,9262,271,
01-Apr-24,West,B,207,31,186,6417,3,6610,200,
01-May-24,West,B,210,31,179,6510,3,6705,202,
01-Jun-24,West,B,274,52,222,14248,3,14675,264,
01-Jul-24,West,B,289,52,254,15028,3,15479,279,
01-Aug-24,West,B,229,44,192,10076,3,10378,221,
01-Sep-24,West,B,200,50,178,10000,3,10300,193,
01-Oct-24,West,B,160,25,139,4000,3,4120,154,
01-Nov-24,West,B,236,36,198,8496,3,8751,228,
01-Dec-24,West,B,280,35,232,9800,3,10094,270,
01-Jan-25,West,B,218,32,194,6976,3,7185,210,
01-Feb-25,West,B,282,52,237,14664,3,15104,272,
01-Mar-25,West,B,296,29,263,8584,3,8842,285,
01-Apr-21,West,B,270,26,232,7020,3,7231,260,
01-May-21,West,B,215,44,183,9460,3,9744,207,
01-Jun-21,West,B,285,48,234,13680,3,14090,275,
01-Jul-21,West,B,225,48,191,10800,3,11124,217,
01-Aug-21,West,B,280,35,249,9800,3,10094,270,
01-Sep-21,West,B,235,44,200,10340,3,10650,227,
01-Oct-21,West,B,248,35,211,8680,3,8940,239,
01-Nov-21,West,B,220,48,191,10560,3,10877,212,
01-Dec-21,West,B,151,30,133,4530,3,4666,146,
01-Jan-22,West,B,235,54,212,12690,3,13071,227,
01-Mar-22,West,B,169,35,150,5915,3,6092,163,
01-Apr-22,West,B,252,43,212,10836,3,11161,243,
01-May-22,West,B,285,33,248,9405,3,9687,275,
01-Jun-22,West,B,299,31,248,9269,3,9547,288,
01-Jul-22,West,B,250,29,208,7250,3,7468,241,
01-Aug-22,West,B,295,45,248,13275,3,13673,284,
01-Sep-22,West,B,210,54,189,11340,3,11680,202,
01-Oct-22,West,B,271,34,225,9214,3,9490,261,
01-Nov-22,West,B,222,36,189,7992,3,8232,214,
01-Dec-22,West,B,235,27,193,6345,3,6535,227,
01-Jan-23,West,B,247,42,200,10374,3,10685,238,
01-Feb-23,West,B,288,41,233,11808,3,12162,278,
01-Mar-23,West,B,220,26,185,5720,3,5892,212,
01-Apr-23,West,B,286,44,246,12584,3,12962,276,
01-May-23,West,B,259,35,223,9065,3,9337,250,
01-Jun-23,West,B,155,30,136,4650,3,4790,149,
01-Jul-23,West,B,228,58,187,13224,3,13621,220,
01-Aug-23,West,B,218,29,196,6322,3,6512,210,
01-Sep-23,West,B,298,30,262,8940,3,9208,287,
01-Oct-23,West,B,170,55,150,9350,3,9631,164,
01-Nov-23,West,B,260,40,226,10400,3,10712,251,
01-Jan-24,West,B,195,42,162,8190,3,8436,188,
01-Feb-24,West,B,213,38,175,8094,3,8337,205,
01-Apr-24,West,B,155,56,129,8680,3,8940,149,
01-Jun-24,West,B,233,37,191,8621,3,8880,225,
01-Jul-24,West,B,193,32,170,6176,3,6361,186,
01-Aug-24,West,B,176,48,143,8448,3,8701,170,
01-Sep-24,West,B,268,32,233,8576,3,8833,258,
01-Oct-24,West,B,298,49,256,14602,3,15040,287,
01-Nov-24,West,B,232,57,209,13224,3,13621,224,
01-Dec-24,West,B,156,27,136,4212,3,4338,150,
01-Jan-25,West,B,280,36,227,10080,3,10382,270,
01-Feb-25,West,B,258,40,214,10320,3,10630,249,
01-Mar-25,West,B,212,51,182,10812,3,11136,204,
01-Apr-21,West,B,258,49,227,12642,4,13148,246,
01-May-21,West,B,273,28,221,7644,4,7950,260,
01-Jun-21,West,B,155,56,136,8680,4,9027,148,
01-Jul-21,West,B,245,47,218,11515,4,11976,233,
01-Aug-21,West,B,288,35,233,10080,4,10483,274,
01-Sep-21,West,B,158,51,133,8058,4,8380,150,
01-Oct-21,West,B,272,31,226,8432,4,8769,259,
01-Nov-21,West,B,294,38,265,11172,4,11619,280,
01-Dec-21,West,B,228,38,194,8664,4,9011,217,
01-Jan-22,West,B,251,49,213,12299,4,12791,239,
01-Feb-22,West,B,180,30,148,5400,4,5616,171,
01-Mar-22,West,B,220,36,178,7920,4,8237,209,
01-Apr-22,West,B,165,51,144,8415,4,8752,157,
01-May-22,West,B,155,48,136,7440,4,7738,148,
01-Jun-22,West,B,217,42,180,9114,4,9479,207,
01-Jul-22,West,B,150,33,126,4950,4,5148,143,
01-Aug-22,West,B,232,54,206,12528,4,13029,221,
01-Sep-22,West,B,214,41,178,8774,4,9125,204,
01-Oct-22,West,B,170,46,148,7820,4,8133,162,
01-Nov-22,West,B,182,47,153,8554,4,8896,173,
01-Dec-22,West,B,182,51,153,9282,4,9653,173,
01-Jan-23,West,B,277,48,241,13296,4,13828,264,
01-Feb-23,West,B,212,42,191,8904,4,9260,202,
01-Mar-23,West,B,249,50,222,12450,4,12948,237,
01-Apr-23,West,B,154,35,128,5390,4,5606,147,
01-Jun-23,West,B,202,46,170,9292,4,9664,192,
01-Sep-23,West,B,159,52,135,8268,4,8599,151,
01-Oct-23,West,B,183,45,148,8235,4,8564,174,
01-Nov-23,West,B,176,31,157,5456,4,5674,168,
01-Dec-23,West,B,167,46,139,7682,4,7989,159,
01-Feb-24,West,B,244,54,198,13176,4,13703,232,
01-Mar-24,West,B,281,32,247,8992,4,9352,268,
01-Apr-24,West,B,207,31,186,6417,4,6674,197,
01-May-24,West,B,210,31,179,6510,4,6770,200,
01-Jun-24,West,B,274,52,222,14248,4,14818,261,
01-Jul-24,West,B,289,52,254,15028,4,15629,275,
01-Aug-24,West,B,229,44,192,10076,4,10479,218,
01-Sep-24,West,B,200,50,178,10000,4,10400,190,
01-Oct-24,West,B,160,25,139,4000,4,4160,152,
01-Nov-24,West,B,236,36,198,8496,4,8836,225,
01-Dec-24,West,B,280,35,232,9800,4,10192,267,
01-Jan-25,West,B,218,32,194,6976,4,7255,208,
01-Feb-25,West,B,282,52,237,14664,4,15251,268,
01-Mar-25,West,B,296,29,263,8584,4,8927,282,
01-Apr-21,West,B,270,26,232,7020,4,7301,257,
01-May-21,West,B,215,44,183,9460,4,9838,205,
01-Jun-21,West,B,285,48,234,13680,4,14227,271,
01-Jul-21,West,B,225,48,191,10800,4,11232,214,
01-Aug-21,West,B,280,35,249,9800,4,10192,267,
01-Sep-21,West,B,235,44,200,10340,4,10754,224,
01-Oct-21,West,B,248,35,211,8680,4,9027,236,
01-Nov-21,West,B,220,48,191,10560,4,10982,209,
01-Dec-21,West,B,151,30,133,4530,4,4711,144,
01-Jan-22,West,B,235,54,212,12690,4,13198,224,
01-Mar-22,West,B,169,35,150,5915,4,6152,161,
01-Apr-22,West,B,252,43,212,10836,4,11269,240,
01-May-22,West,B,285,33,248,9405,4,9781,271,
01-Jun-22,West,B,299,31,248,9269,4,9640,285,
01-Jul-22,West,B,250,29,208,7250,4,7540,238,
01-Aug-22,West,B,295,45,248,13275,4,13806,281,
01-Sep-22,West,B,210,54,189,11340,4,11794,200,
01-Oct-22,West,B,271,34,225,9214,4,9583,258,
01-Nov-22,West,B,222,36,189,7992,4,8312,211,
01-Dec-22,West,B,235,27,193,6345,4,6599,224,
01-Jan-23,West,B,247,42,200,10374,4,10789,235,
01-Feb-23,West,B,288,41,233,11808,4,12280,274,
01-Mar-23,West,B,220,26,185,5720,4,5949,209,
01-Apr-23,West,B,286,44,246,12584,4,13087,272,
01-May-23,West,B,259,35,223,9065,4,9428,247,
01-Jun-23,West,B,155,30,136,4650,4,4836,148,
01-Jul-23,West,B,228,58,187,13224,4,13753,217,
01-Aug-23,West,B,218,29,196,6322,4,6575,208,
01-Sep-23,West,B,298,30,262,8940,4,9298,284,
01-Oct-23,West,B,170,55,150,9350,4,9724,162,
01-Nov-23,West,B,260,40,226,10400,4,10816,248,
01-Jan-24,West,B,195,42,162,8190,4,8518,186,
01-Feb-24,West,B,213,38,175,8094,4,8418,203,
01-Apr-24,West,B,155,56,129,8680,4,9027,148,
01-Jun-24,West,B,233,37,191,8621,4,8966,222,
01-Jul-24,West,B,193,32,170,6176,4,6423,184,
01-Aug-24,West,B,176,48,143,8448,4,8786,168,
01-Sep-24,West,B,268,32,233,8576,4,8919,255,
01-Oct-24,West,B,298,49,256,14602,4,15186,284,
01-Nov-24,West,B,232,57,209,13224,4,13753,221,
01-Dec-24,West,B,156,27,136,4212,4,4380,149,
01-Jan-25,West,B,280,36,227,10080,4,10483,267,
01-Feb-25,West,B,258,40,214,10320,4,10733,246,
01-Mar-25,West,B,212,51,182,10812,4,11244,202,
01-Apr-21,West,B,258,49,227,12642,5,13274,243,
01-May-21,West,B,273,28,221,7644,5,8026,257,
01-Jun-21,West,B,155,56,136,8680,5,9114,146,
01-Jul-21,West,B,245,47,218,11515,5,12091,230,
01-Aug-21,West,B,288,35,233,10080,5,10584,271,
01-Sep-21,West,B,158,51,133,8058,5,8461,149,
01-Oct-21,West,B,272,31,226,8432,5,8854,256,
01-Nov-21,West,B,294,38,265,11172,5,11731,276,
01-Dec-21,West,B,228,38,194,8664,5,9097,214,
01-Jan-22,West,B,251,49,213,12299,5,12914,236,
01-Feb-22,West,B,180,30,148,5400,5,5670,169,
01-Mar-22,West,B,220,36,178,7920,5,8316,207,
01-Apr-22,West,B,165,51,144,8415,5,8836,155,
01-May-22,West,B,155,48,136,7440,5,7812,146,
01-Jun-22,West,B,217,42,180,9114,5,9570,204,
01-Jul-22,West,B,150,33,126,4950,5,5198,141,
01-Aug-22,West,B,232,54,206,12528,5,13154,218,
01-Sep-22,West,B,214,41,178,8774,5,9213,201,
01-Oct-22,West,B,170,46,148,7820,5,8211,160,
01-Nov-22,West,B,182,47,153,8554,5,8982,171,
01-Dec-22,West,B,182,51,153,9282,5,9746,171,
01-Jan-23,West,B,277,48,241,13296,5,13961,260,
01-Feb-23,West,B,212,42,191,8904,5,9349,199,
01-Mar-23,West,B,249,50,222,12450,5,13073,234,
01-Apr-23,West,B,154,35,128,5390,5,5660,145,
01-Jun-23,West,B,202,46,170,9292,5,9757,190,
01-Sep-23,West,B,159,52,135,8268,5,8681,149,
01-Oct-23,West,B,183,45,148,8235,5,8647,172,
01-Nov-23,West,B,176,31,157,5456,5,5729,165,
01-Dec-23,West,B,167,46,139,7682,5,8066,157,
01-Feb-24,West,B,244,54,198,13176,5,13835,229,
01-Mar-24,West,B,281,32,247,8992,5,9442,264,
01-Apr-24,West,B,207,31,186,6417,5,6738,195,
01-May-24,West,B,210,31,179,6510,5,6836,197,
01-Jun-24,West,B,274,52,222,14248,5,14960,258,
01-Jul-24,West,B,289,52,254,15028,5,15779,272,
01-Aug-24,West,B,229,44,192,10076,5,10580,215,
01-Sep-24,West,B,200,50,178,10000,5,10500,188,
01-Oct-24,West,B,160,25,139,4000,5,4200,150,
01-Nov-24,West,B,236,36,198,8496,5,8921,222,
01-Dec-24,West,B,280,35,232,9800,5,10290,263,
01-Jan-25,West,B,218,32,194,6976,5,7325,205,
01-Feb-25,West,B,282,52,237,14664,5,15397,265,
01-Mar-25,West,B,296,29,263,8584,5,9013,278,
01-Apr-21,West,B,270,26,232,7020,5,7371,254,
01-May-21,West,B,215,44,183,9460,5,9933,202,
01-Jun-21,West,B,285,48,234,13680,5,14364,268,
01-Jul-21,West,B,225,48,191,10800,5,11340,212,
01-Aug-21,West,B,280,35,249,9800,5,10290,263,
01-Sep-21,West,B,235,44,200,10340,5,10857,221,
01-Oct-21,West,B,248,35,211,8680,5,9114,233,
01-Nov-21,West,B,220,48,191,10560,5,11088,207,
01-Dec-21,West,B,151,30,133,4530,5,4757,142,
01-Jan-22,West,B,235,54,212,12690,5,13325,221,
01-Mar-22,West,B,169,35,150,5915,5,6211,159,
01-Apr-22,West,B,252,43,212,10836,5,11378,237,
01-May-22,West,B,285,33,248,9405,5,9875,268,
01-Jun-22,West,B,299,31,248,9269,5,9732,281,
01-Jul-22,West,B,250,29,208,7250,5,7613,235,
01-Aug-22,West,B,295,45,248,13275,5,13939,277,
01-Sep-22,West,B,210,54,189,11340,5,11907,197,
01-Oct-22,West,B,271,34,225,9214,5,9675,255,
01-Nov-22,West,B,222,36,189,7992,5,8392,209,
01-Dec-22,West,B,235,27,193,6345,5,6662,221,
01-Jan-23,West,B,247,42,200,10374,5,10893,232,
01-Feb-23,West,B,288,41,233,11808,5,12398,271,
01-Mar-23,West,B,220,26,185,5720,5,6006,207,
01-Apr-23,West,B,286,44,246,12584,5,13213,269,
01-May-23,West,B,259,35,223,9065,5,9518,243,
01-Jun-23,West,B,155,30,136,4650,5,4883,146,
01-Jul-23,West,B,228,58,187,13224,5,13885,214,
01-Aug-23,West,B,218,29,196,6322,5,6638,205,
01-Sep-23,West,B,298,30,262,8940,5,9387,280,
01-Oct-23,West,B,170,55,150,9350,5,9818,160,
01-Nov-23,West,B,260,40,226,10400,5,10920,244,
01-Jan-24,West,B,195,42,162,8190,5,8600,183,
01-Feb-24,West,B,213,38,175,8094,5,8499,200,
01-Apr-24,West,B,155,56,129,8680,5,9114,146,
01-Jun-24,West,B,233,37,191,8621,5,9052,219,
01-Jul-24,West,B,193,32,170,6176,5,6485,181,
01-Aug-24,West,B,176,48,143,8448,5,8870,165,
01-Sep-24,West,B,268,32,233,8576,5,9005,252,
01-Oct-24,West,B,298,49,256,14602,5,15332,280,
01-Nov-24,West,B,232,57,209,13224,5,13885,218,
01-Dec-24,West,B,156,27,136,4212,5,4423,147,
01-Jan-25,West,B,280,36,227,10080,5,10584,263,
01-Feb-25,West,B,258,40,214,10320,5,10836,243,
01-Mar-25,West,B,212,51,182,10812,5,11353,199,
01-Apr-21,West,B,258,49,227,12642,-2,12389,264,
01-May-21,West,B,273,28,221,7644,-2,7491,280,
01-Jun-21,West,B,155,56,136,8680,-2,8506,159,
01-Jul-21,West,B,245,47,218,11515,-2,11285,251,
01-Aug-21,West,B,288,35,233,10080,-2,9878,295,
01-Sep-21,West,B,158,51,133,8058,-2,7897,162,
01-Oct-21,West,B,272,31,226,8432,-2,8263,279,
01-Nov-21,West,B,294,38,265,11172,-2,10949,301,
01-Dec-21,West,B,228,38,194,8664,-2,8491,233,
01-Jan-22,West,B,251,49,213,12299,-2,12053,257,
01-Feb-22,West,B,180,30,148,5400,-2,5292,184,
01-Mar-22,West,B,220,36,178,7920,-2,7762,225,
01-Apr-22,West,B,165,51,144,8415,-2,8247,169,
01-May-22,West,B,155,48,136,7440,-2,7291,159,
01-Jun-22,West,B,217,42,180,9114,-2,8932,222,
01-Jul-22,West,B,150,33,126,4950,-2,4851,154,
01-Aug-22,West,B,232,54,206,12528,-2,12277,238,
01-Sep-22,West,B,214,41,178,8774,-2,8599,219,
01-Oct-22,West,B,170,46,148,7820,-2,7664,174,
01-Nov-22,West,B,182,47,153,8554,-2,8383,186,
01-Dec-22,West,B,182,51,153,9282,-2,9096,186,
01-Jan-23,West,B,277,48,241,13296,-2,13030,284,
01-Feb-23,West,B,212,42,191,8904,-2,8726,217,
01-Mar-23,West,B,249,50,222,12450,-2,12201,255,
01-Apr-23,West,B,154,35,128,5390,-2,5282,158,
01-Jun-23,West,B,202,46,170,9292,-2,9106,207,
01-Sep-23,West,B,159,52,135,8268,-2,8103,163,
01-Oct-23,West,B,183,45,148,8235,-2,8070,187,
01-Nov-23,West,B,176,31,157,5456,-2,5347,180,
01-Dec-23,West,B,167,46,139,7682,-2,7528,171,
01-Feb-24,West,B,244,54,198,13176,-2,12912,250,
01-Mar-24,West,B,281,32,247,8992,-2,8812,288,
01-Apr-24,West,B,207,31,186,6417,-2,6289,212,
01-May-24,West,B,210,31,179,6510,-2,6380,215,
01-Jun-24,West,B,274,52,222,14248,-2,13963,281,
01-Jul-24,West,B,289,52,254,15028,-2,14727,296,
01-Aug-24,West,B,229,44,192,10076,-2,9874,234,
01-Sep-24,West,B,200,50,178,10000,-2,9800,205,
01-Oct-24,West,B,160,25,139,4000,-2,3920,164,
01-Nov-24,West,B,236,36,198,8496,-2,8326,242,
01-Dec-24,West,B,280,35,232,9800,-2,9604,287,
01-Jan-25,West,B,218,32,194,6976,-2,6836,223,
01-Feb-25,West,B,282,52,237,14664,-2,14371,289,
01-Mar-25,West,B,296,29,263,8584,-2,8412,303,
01-Apr-21,West,B,270,26,232,7020,-2,6880,276,
01-May-21,West,B,215,44,183,9460,-2,9271,220,
01-Jun-21,West,B,285,48,234,13680,-2,13406,292,
01-Jul-21,West,B,225,48,191,10800,-2,10584,230,
01-Aug-21,West,B,280,35,249,9800,-2,9604,287,
01-Sep-21,West,B,235,44,200,10340,-2,10133,241,
01-Oct-21,West,B,248,35,211,8680,-2,8506,254,
01-Nov-21,West,B,220,48,191,10560,-2,10349,225,
01-Dec-21,West,B,151,30,133,4530,-2,4439,155,
01-Jan-22,West,B,235,54,212,12690,-2,12436,241,
01-Mar-22,West,B,169,35,150,5915,-2,5797,173,
01-Apr-22,West,B,252,43,212,10836,-2,10619,258,
01-May-22,West,B,285,33,248,9405,-2,9217,292,
01-Jun-22,West,B,299,31,248,9269,-2,9084,306,
01-Jul-22,West,B,250,29,208,7250,-2,7105,256,
01-Aug-22,West,B,295,45,248,13275,-2,13010,302,
01-Sep-22,West,B,210,54,189,11340,-2,11113,215,
01-Oct-22,West,B,271,34,225,9214,-2,9030,278,
01-Nov-22,West,B,222,36,189,7992,-2,7832,227,
01-Dec-22,West,B,235,27,193,6345,-2,6218,241,
01-Jan-23,West,B,247,42,200,10374,-2,10167,253,
01-Feb-23,West,B,288,41,233,11808,-2,11572,295,
01-Mar-23,West,B,220,26,185,5720,-2,5606,225,
01-Apr-23,West,B,286,44,246,12584,-2,12332,293,
01-May-23,West,B,259,35,223,9065,-2,8884,265,
01-Jun-23,West,B,155,30,136,4650,-2,4557,159,
01-Jul-23,West,B,228,58,187,13224,-2,12960,233,
01-Aug-23,West,B,218,29,196,6322,-2,6196,223,
01-Sep-23,West,B,298,30,262,8940,-2,8761,305,
01-Oct-23,West,B,170,55,150,9350,-2,9163,174,
01-Nov-23,West,B,260,40,226,10400,-2,10192,266,
01-Jan-24,West,B,195,42,162,8190,-2,8026,200,
01-Feb-24,West,B,213,38,175,8094,-2,7932,218,
01-Apr-24,West,B,155,56,129,8680,-2,8506,159,
01-Jun-24,West,B,233,37,191,8621,-2,8449,239,
01-Jul-24,West,B,193,32,170,6176,-2,6052,198,
01-Aug-24,West,B,176,48,143,8448,-2,8279,180,
01-Sep-24,West,B,268,32,233,8576,-2,8404,274,
01-Oct-24,West,B,298,49,256,14602,-2,14310,305,
01-Nov-24,West,B,232,57,209,13224,-2,12960,238,
01-Dec-24,West,B,156,27,136,4212,-2,4128,160,
01-Jan-25,West,B,280,36,227,10080,-2,9878,287,
01-Feb-25,West,B,258,40,214,10320,-2,10114,264,
01-Mar-25,West,B,212,51,182,10812,-2,10596,217,
01-Apr-21,West,B,258,49,227,12642,-3,12263,268,
01-May-21,West,B,273,28,221,7644,-3,7415,283,
01-Jun-21,West,B,155,56,136,8680,-3,8420,161,
01-Jul-21,West,B,245,47,218,11515,-3,11170,254,
01-Aug-21,West,B,288,35,233,10080,-3,9778,299,
01-Sep-21,West,B,158,51,133,8058,-3,7816,164,
01-Oct-21,West,B,272,31,226,8432,-3,8179,282,
01-Nov-21,West,B,294,38,265,11172,-3,10837,305,
01-Dec-21,West,B,228,38,194,8664,-3,8404,237,
01-Jan-22,West,B,251,49,213,12299,-3,11930,261,
01-Feb-22,West,B,180,30,148,5400,-3,5238,187,
01-Mar-22,West,B,220,36,178,7920,-3,7682,228,
01-Apr-22,West,B,165,51,144,8415,-3,8163,171,
01-May-22,West,B,155,48,136,7440,-3,7217,161,
01-Jun-22,West,B,217,42,180,9114,-3,8841,225,
01-Jul-22,West,B,150,33,126,4950,-3,4802,156,
01-Aug-22,West,B,232,54,206,12528,-3,12152,241,
01-Sep-22,West,B,214,41,178,8774,-3,8511,222,
01-Oct-22,West,B,170,46,148,7820,-3,7585,176,
01-Nov-22,West,B,182,47,153,8554,-3,8297,189,
01-Dec-22,West,B,182,51,153,9282,-3,9004,189,
01-Jan-23,West,B,277,48,241,13296,-3,12897,288,
01-Feb-23,West,B,212,42,191,8904,-3,8637,220,
01-Mar-23,West,B,249,50,222,12450,-3,12077,258,
01-Apr-23,West,B,154,35,128,5390,-3,5228,160,
01-Jun-23,West,B,202,46,170,9292,-3,9013,210,
01-Sep-23,West,B,159,52,135,8268,-3,8020,165,
01-Oct-23,West,B,183,45,148,8235,-3,7988,190,
01-Nov-23,West,B,176,31,157,5456,-3,5292,183,
01-Dec-23,West,B,167,46,139,7682,-3,7452,173,
01-Feb-24,West,B,244,54,198,13176,-3,12781,253,
01-Mar-24,West,B,281,32,247,8992,-3,8722,292,
01-Apr-24,West,B,207,31,186,6417,-3,6224,215,
01-May-24,West,B,210,31,179,6510,-3,6315,218,
01-Jun-24,West,B,274,52,222,14248,-3,13821,284,
01-Jul-24,West,B,289,52,254,15028,-3,14577,300,
01-Aug-24,West,B,229,44,192,10076,-3,9774,238,
01-Sep-24,West,B,200,50,178,10000,-3,9700,208,
01-Oct-24,West,B,160,25,139,4000,-3,3880,166,
01-Nov-24,West,B,236,36,198,8496,-3,8241,245,
01-Dec-24,West,B,280,35,232,9800,-3,9506,291,
01-Jan-25,West,B,218,32,194,6976,-3,6767,226,
01-Feb-25,West,B,282,52,237,14664,-3,14224,293,
01-Mar-25,West,B,296,29,263,8584,-3,8326,307,
01-Apr-21,West,B,270,26,232,7020,-3,6809,280,
01-May-21,West,B,215,44,183,9460,-3,9176,223,
01-Jun-21,West,B,285,48,234,13680,-3,13270,296,
01-Jul-21,West,B,225,48,191,10800,-3,10476,234,
01-Aug-21,West,B,280,35,249,9800,-3,9506,291,
01-Sep-21,West,B,235,44,200,10340,-3,10030,244,
01-Oct-21,West,B,248,35,211,8680,-3,8420,257,
01-Nov-21,West,B,220,48,191,10560,-3,10243,228,
01-Dec-21,West,B,151,30,133,4530,-3,4394,157,
01-Jan-22,West,B,235,54,212,12690,-3,12309,244,
01-Mar-22,West,B,169,35,150,5915,-3,5738,175,
01-Apr-22,West,B,252,43,212,10836,-3,10511,262,
01-May-22,West,B,285,33,248,9405,-3,9123,296,
01-Jun-22,West,B,299,31,248,9269,-3,8991,310,
01-Jul-22,West,B,250,29,208,7250,-3,7033,260,
01-Aug-22,West,B,295,45,248,13275,-3,12877,306,
01-Sep-22,West,B,210,54,189,11340,-3,11000,218,
01-Oct-22,West,B,271,34,225,9214,-3,8938,281,
01-Nov-22,West,B,222,36,189,7992,-3,7752,230,
01-Dec-22,West,B,235,27,193,6345,-3,6155,244,
01-Jan-23,West,B,247,42,200,10374,-3,10063,256,
01-Feb-23,West,B,288,41,233,11808,-3,11454,299,
01-Mar-23,West,B,220,26,185,5720,-3,5548,228,
01-Apr-23,West,B,286,44,246,12584,-3,12206,297,
01-May-23,West,B,259,35,223,9065,-3,8793,269,
01-Jun-23,West,B,155,30,136,4650,-3,4511,161,
01-Jul-23,West,B,228,58,187,13224,-3,12827,237,
01-Aug-23,West,B,218,29,196,6322,-3,6132,226,
01-Sep-23,West,B,298,30,262,8940,-3,8672,309,
01-Oct-23,West,B,170,55,150,9350,-3,9070,176,
01-Nov-23,West,B,260,40,226,10400,-3,10088,270,
01-Jan-24,West,B,195,42,162,8190,-3,7944,202,
01-Feb-24,West,B,213,38,175,8094,-3,7851,221,
01-Apr-24,West,B,155,56,129,8680,-3,8420,161,
01-Jun-24,West,B,233,37,191,8621,-3,8362,242,
01-Jul-24,West,B,193,32,170,6176,-3,5991,200,
01-Aug-24,West,B,176,48,143,8448,-3,8195,183,
01-Sep-24,West,B,268,32,233,8576,-3,8319,278,
01-Oct-24,West,B,298,49,256,14602,-3,14164,309,
01-Nov-24,West,B,232,57,209,13224,-3,12827,241,
01-Dec-24,West,B,156,27,136,4212,-3,4086,162,
01-Jan-25,West,B,280,36,227,10080,-3,9778,291,
01-Feb-25,West,B,258,40,214,10320,-3,10010,268,
01-Mar-25,West,B,212,51,182,10812,-3,10488,220,
01-Apr-21,West,B,258,49,227,12642,-4,12136,270,
01-May-21,West,B,273,28,221,7644,-4,7338,286,
01-Jun-21,West,B,155,56,136,8680,-4,8333,162,
01-Jul-21,West,B,245,47,218,11515,-4,11054,257,
01-Aug-21,West,B,288,35,233,10080,-4,9677,302,
01-Sep-21,West,B,158,51,133,8058,-4,7736,166,
01-Oct-21,West,B,272,31,226,8432,-4,8095,285,
01-Nov-21,West,B,294,38,265,11172,-4,10725,308,
01-Dec-21,West,B,228,38,194,8664,-4,8317,239,
01-Jan-22,West,B,251,49,213,12299,-4,11807,263,
01-Feb-22,West,B,180,30,148,5400,-4,5184,189,
01-Mar-22,West,B,220,36,178,7920,-4,7603,231,
01-Apr-22,West,B,165,51,144,8415,-4,8078,173,
01-May-22,West,B,155,48,136,7440,-4,7142,162,
01-Jun-22,West,B,217,42,180,9114,-4,8749,227,
01-Jul-22,West,B,150,33,126,4950,-4,4752,157,
01-Aug-22,West,B,232,54,206,12528,-4,12027,243,
01-Sep-22,West,B,214,41,178,8774,-4,8423,224,
01-Oct-22,West,B,170,46,148,7820,-4,7507,178,
01-Nov-22,West,B,182,47,153,8554,-4,8212,191,
01-Dec-22,West,B,182,51,153,9282,-4,8911,191,
01-Jan-23,West,B,277,48,241,13296,-4,12764,290,
01-Feb-23,West,B,212,42,191,8904,-4,8548,222,
01-Mar-23,West,B,249,50,222,12450,-4,11952,261,
01-Apr-23,West,B,154,35,128,5390,-4,5174,161,
01-Jun-23,West,B,202,46,170,9292,-4,8920,212,
01-Sep-23,West,B,159,52,135,8268,-4,7937,167,
01-Oct-23,West,B,183,45,148,8235,-4,7906,192,
01-Nov-23,West,B,176,31,157,5456,-4,5238,184,
01-Dec-23,West,B,167,46,139,7682,-4,7375,175,
01-Feb-24,West,B,244,54,198,13176,-4,12649,256,
01-Mar-24,West,B,281,32,247,8992,-4,8632,294,
01-Apr-24,West,B,207,31,186,6417,-4,6160,217,
01-May-24,West,B,210,31,179,6510,-4,6250,220,
01-Jun-24,West,B,274,52,222,14248,-4,13678,287,
01-Jul-24,West,B,289,52,254,15028,-4,14427,303,
01-Aug-24,West,B,229,44,192,10076,-4,9673,240,
01-Sep-24,West,B,200,50,178,10000,-4,9600,210,
01-Oct-24,West,B,160,25,139,4000,-4,3840,168,
01-Nov-24,West,B,236,36,198,8496,-4,8156,247,
01-Dec-24,West,B,280,35,232,9800,-4,9408,293,
01-Jan-25,West,B,218,32,194,6976,-4,6697,228,
01-Feb-25,West,B,282,52,237,14664,-4,14077,296,
01-Mar-25,West,B,296,29,263,8584,-4,8241,310,
01-Apr-21,West,B,270,26,232,7020,-4,6739,283,
01-May-21,West,B,215,44,183,9460,-4,9082,225,
01-Jun-21,West,B,285,48,234,13680,-4,13133,299,
01-Jul-21,West,B,225,48,191,10800,-4,10368,236,
01-Aug-21,West,B,280,35,249,9800,-4,9408,293,
01-Sep-21,West,B,235,44,200,10340,-4,9926,246,
01-Oct-21,West,B,248,35,211,8680,-4,8333,260,
01-Nov-21,West,B,220,48,191,10560,-4,10138,231,
01-Dec-21,West,B,151,30,133,4530,-4,4349,158,
01-Jan-22,West,B,235,54,212,12690,-4,12182,246,
01-Mar-22,West,B,169,35,150,5915,-4,5678,177,
01-Apr-22,West,B,252,43,212,10836,-4,10403,264,
01-May-22,West,B,285,33,248,9405,-4,9029,299,
01-Jun-22,West,B,299,31,248,9269,-4,8898,313,
01-Jul-22,West,B,250,29,208,7250,-4,6960,262,
01-Aug-22,West,B,295,45,248,13275,-4,12744,309,
01-Sep-22,West,B,210,54,189,11340,-4,10886,220,
01-Oct-22,West,B,271,34,225,9214,-4,8845,284,
01-Nov-22,West,B,222,36,189,7992,-4,7672,233,
01-Dec-22,West,B,235,27,193,6345,-4,6091,246,
01-Jan-23,West,B,247,42,200,10374,-4,9959,259,
01-Feb-23,West,B,288,41,233,11808,-4,11336,302,
01-Mar-23,West,B,220,26,185,5720,-4,5491,231,
01-Apr-23,West,B,286,44,246,12584,-4,12081,300,
01-May-23,West,B,259,35,223,9065,-4,8702,271,
01-Jun-23,West,B,155,30,136,4650,-4,4464,162,
01-Jul-23,West,B,228,58,187,13224,-4,12695,239,
01-Aug-23,West,B,218,29,196,6322,-4,6069,228,
01-Sep-23,West,B,298,30,262,8940,-4,8582,312,
01-Oct-23,West,B,170,55,150,9350,-4,8976,178,
01-Nov-23,West,B,260,40,226,10400,-4,9984,272,
01-Jan-24,West,B,195,42,162,8190,-4,7862,204,
01-Feb-24,West,B,213,38,175,8094,-4,7770,223,
01-Apr-24,West,B,155,56,129,8680,-4,8333,162,
01-Jun-24,West,B,233,37,191,8621,-4,8276,244,
01-Jul-24,West,B,193,32,170,6176,-4,5929,202,
01-Aug-24,West,B,176,48,143,8448,-4,8110,184,
01-Sep-24,West,B,268,32,233,8576,-4,8233,281,
01-Oct-24,West,B,298,49,256,14602,-4,14018,312,
01-Nov-24,West,B,232,57,209,13224,-4,12695,243,
01-Dec-24,West,B,156,27,136,4212,-4,4044,163,
01-Jan-25,West,B,280,36,227,10080,-4,9677,293,
01-Feb-25,West,B,258,40,214,10320,-4,9907,270,
01-Mar-25,West,B,212,51,182,10812,-4,10380,222,
01-Apr-21,West,B,258,49,227,12642,-5,12010,273,
01-May-21,West,B,273,28,221,7644,-5,7262,289,
01-Jun-21,West,B,155,56,136,8680,-5,8246,164,
01-Jul-21,West,B,245,47,218,11515,-5,10939,260,
01-Aug-21,West,B,288,35,233,10080,-5,9576,305,
01-Sep-21,West,B,158,51,133,8058,-5,7655,167,
01-Oct-21,West,B,272,31,226,8432,-5,8010,288,
01-Nov-21,West,B,294,38,265,11172,-5,10613,312,
01-Dec-21,West,B,228,38,194,8664,-5,8231,242,
01-Jan-22,West,B,251,49,213,12299,-5,11684,266,
01-Feb-22,West,B,180,30,148,5400,-5,5130,191,
01-Mar-22,West,B,220,36,178,7920,-5,7524,233,
01-Apr-22,West,B,165,51,144,8415,-5,7994,175,
01-May-22,West,B,155,48,136,7440,-5,7068,164,
01-Jun-22,West,B,217,42,180,9114,-5,8658,230,
01-Jul-22,West,B,150,33,126,4950,-5,4703,159,
01-Aug-22,West,B,232,54,206,12528,-5,11902,246,
01-Sep-22,West,B,214,41,178,8774,-5,8335,227,
01-Oct-22,West,B,170,46,148,7820,-5,7429,180,
01-Nov-22,West,B,182,47,153,8554,-5,8126,193,
01-Dec-22,West,B,182,51,153,9282,-5,8818,193,
01-Jan-23,West,B,277,48,241,13296,-5,12631,294,
01-Feb-23,West,B,212,42,191,8904,-5,8459,225,
01-Mar-23,West,B,249,50,222,12450,-5,11828,264,
01-Apr-23,West,B,154,35,128,5390,-5,5121,163,
01-Jun-23,West,B,202,46,170,9292,-5,8827,214,
01-Sep-23,West,B,159,52,135,8268,-5,7855,169,
01-Oct-23,West,B,183,45,148,8235,-5,7823,194,
01-Nov-23,West,B,176,31,157,5456,-5,5183,187,
01-Dec-23,West,B,167,46,139,7682,-5,7298,177,
01-Feb-24,West,B,244,54,198,13176,-5,12517,259,
01-Mar-24,West,B,281,32,247,8992,-5,8542,298,
01-Apr-24,West,B,207,31,186,6417,-5,6096,219,
01-May-24,West,B,210,31,179,6510,-5,6185,223,
01-Jun-24,West,B,274,52,222,14248,-5,13536,290,
01-Jul-24,West,B,289,52,254,15028,-5,14277,306,
01-Aug-24,West,B,229,44,192,10076,-5,9572,243,
01-Sep-24,West,B,200,50,178,10000,-5,9500,212,
01-Oct-24,West,B,160,25,139,4000,-5,3800,170,
01-Nov-24,West,B,236,36,198,8496,-5,8071,250,
01-Dec-24,West,B,280,35,232,9800,-5,9310,297,
01-Jan-25,West,B,218,32,194,6976,-5,6627,231,
01-Feb-25,West,B,282,52,237,14664,-5,13931,299,
01-Mar-25,West,B,296,29,263,8584,-5,8155,314,
01-Apr-21,West,B,270,26,232,7020,-5,6669,286,
01-May-21,West,B,215,44,183,9460,-5,8987,228,
01-Jun-21,West,B,285,48,234,13680,-5,12996,302,
01-Jul-21,West,B,225,48,191,10800,-5,10260,239,
01-Aug-21,West,B,280,35,249,9800,-5,9310,297,
01-Sep-21,West,B,235,44,200,10340,-5,9823,249,
01-Oct-21,West,B,248,35,211,8680,-5,8246,263,
01-Nov-21,West,B,220,48,191,10560,-5,10032,233,
01-Dec-21,West,B,151,30,133,4530,-5,4304,160,
01-Jan-22,West,B,235,54,212,12690,-5,12056,249,
01-Mar-22,West,B,169,35,150,5915,-5,5619,179,
01-Apr-22,West,B,252,43,212,10836,-5,10294,267,
01-May-22,West,B,285,33,248,9405,-5,8935,302,
01-Jun-22,West,B,299,31,248,9269,-5,8806,317,
01-Jul-22,West,B,250,29,208,7250,-5,6888,265,
01-Aug-22,West,B,295,45,248,13275,-5,12611,313,
01-Sep-22,West,B,210,54,189,11340,-5,10773,223,
01-Oct-22,West,B,271,34,225,9214,-5,8753,287,
01-Nov-22,West,B,222,36,189,7992,-5,7592,235,
01-Dec-22,West,B,235,27,193,6345,-5,6028,249,
01-Jan-23,West,B,247,42,200,10374,-5,9855,262,
01-Feb-23,West,B,288,41,233,11808,-5,11218,305,
01-Mar-23,West,B,220,26,185,5720,-5,5434,233,
01-Apr-23,West,B,286,44,246,12584,-5,11955,303,
01-May-23,West,B,259,35,223,9065,-5,8612,275,
01-Jun-23,West,B,155,30,136,4650,-5,4418,164,
01-Jul-23,West,B,228,58,187,13224,-5,12563,242,
01-Aug-23,West,B,218,29,196,6322,-5,6006,231,
01-Sep-23,West,B,298,30,262,8940,-5,8493,316,
01-Oct-23,West,B,170,55,150,9350,-5,8883,180,
01-Nov-23,West,B,260,40,226,10400,-5,9880,276,
01-Jan-24,West,B,195,42,162,8190,-5,7781,207,
01-Feb-24,West,B,213,38,175,8094,-5,7689,226,
01-Apr-24,West,B,155,56,129,8680,-5,8246,164,
01-Jun-24,West,B,233,37,191,8621,-5,8190,247,
01-Jul-24,West,B,193,32,170,6176,-5,5867,205,
01-Aug-24,West,B,176,48,143,8448,-5,8026,187,
01-Sep-24,West,B,268,32,233,8576,-5,8147,284,
01-Oct-24,West,B,298,49,256,14602,-5,13872,316,
01-Nov-24,West,B,232,57,209,13224,-5,12563,246,
01-Dec-24,West,B,156,27,136,4212,-5,4001,165,
01-Jan-25,West,B,280,36,227,10080,-5,9576,297,
01-Feb-25,West,B,258,40,214,10320,-5,9804,273,
01-Mar-25,West,B,212,51,182,10812,-5,10271,225,
01-May-23,West,B,296,39,263,11544,2,11775,289,
01-Jul-23,West,B,193,39,164,7527,2,7678,188,
01-Aug-23,West,B,230,39,207,8970,2,9149,224,
01-Jan-24,West,B,244,39,207,9516,2,9706,238,
01-Feb-22,West,B,255,39,217,9945,2,10144,249,
01-Dec-23,West,B,157,39,133,6123,2,6245,153,
01-Mar-24,West,B,183,39,152,7137,2,7280,179,
01-May-24,West,B,233,39,191,9087,2,9269,227,
01-May-23,West,B,296,39,263,11544,3,11890,285,
01-Jul-23,West,B,193,39,164,7527,3,7753,186,
01-Aug-23,West,B,230,39,207,8970,3,9239,222,
01-Jan-24,West,B,244,39,207,9516,3,9801,235,
01-Feb-22,West,B,255,39,217,9945,3,10243,246,
01-Dec-23,West,B,157,39,133,6123,3,6307,151,
01-Mar-24,West,B,183,39,152,7137,3,7351,176,
01-May-24,West,B,233,39,191,9087,3,9360,225,
01-May-23,West,B,296,39,263,11544,4,12006,282,
01-Jul-23,West,B,193,39,164,7527,4,7828,184,
01-Aug-23,West,B,230,39,207,8970,4,9329,219,
01-Jan-24,West,B,244,39,207,9516,4,9897,232,
01-Feb-22,West,B,255,39,217,9945,4,10343,243,
01-Dec-23,West,B,157,39,133,6123,4,6368,149,
01-Mar-24,West,B,183,39,152,7137,4,7422,174,
01-May-24,West,B,233,39,191,9087,4,9450,222,
01-May-23,West,B,296,39,263,11544,5,12121,278,
01-Jul-23,West,B,193,39,164,7527,5,7903,181,
01-Aug-23,West,B,230,39,207,8970,5,9419,216,
01-Jan-24,West,B,244,39,207,9516,5,9992,229,
01-Feb-22,West,B,255,39,217,9945,5,10442,240,
01-Dec-23,West,B,157,39,133,6123,5,6429,148,
01-Mar-24,West,B,183,39,152,7137,5,7494,172,
01-May-24,West,B,233,39,191,9087,5,9541,219,
01-May-23,West,B,296,39,263,11544,-2,11313,303,
01-Jul-23,West,B,193,39,164,7527,-2,7376,198,
01-Aug-23,West,B,230,39,207,8970,-2,8791,236,
01-Jan-24,West,B,244,39,207,9516,-2,9326,250,
01-Feb-22,West,B,255,39,217,9945,-2,9746,261,
01-Dec-23,West,B,157,39,133,6123,-2,6001,161,
01-Mar-24,West,B,183,39,152,7137,-2,6994,187,
01-May-24,West,B,233,39,191,9087,-2,8905,239,
01-May-23,West,B,296,39,263,11544,-3,11198,307,
01-Jul-23,West,B,193,39,164,7527,-3,7301,200,
01-Aug-23,West,B,230,39,207,8970,-3,8701,239,
01-Jan-24,West,B,244,39,207,9516,-3,9231,253,
01-Feb-22,West,B,255,39,217,9945,-3,9647,265,
01-Dec-23,West,B,157,39,133,6123,-3,5939,163,
01-Mar-24,West,B,183,39,152,7137,-3,6923,190,
01-May-24,West,B,233,39,191,9087,-3,8814,242,
01-May-23,West,B,296,39,263,11544,-4,11082,310,
01-Jul-23,West,B,193,39,164,7527,-4,7226,202,
01-Aug-23,West,B,230,39,207,8970,-4,8611,241,
01-Jan-24,West,B,244,39,207,9516,-4,9135,256,
01-Feb-22,West,B,255,39,217,9945,-4,9547,267,
01-Dec-23,West,B,157,39,133,6123,-4,5878,165,
01-Mar-24,West,B,183,39,152,7137,-4,6852,192,
01-May-24,West,B,233,39,191,9087,-4,8724,244,
01-May-23,West,B,296,39,263,11544,-5,10967,314,
01-Jul-23,West,B,193,39,164,7527,-5,7151,205,
01-Aug-23,West,B,230,39,207,8970,-5,8522,244,
01-Jan-24,West,B,244,39,207,9516,-5,9040,259,
01-Feb-22,West,B,255,39,217,9945,-5,9448,270,
01-Dec-23,West,B,157,39,133,6123,-5,5817,166,
01-Mar-24,West,B,183,39,152,7137,-5,6780,194,
01-May-24,West,B,233,39,191,9087,-5,8633,247,
01-Apr-21,South,B,145,53,120,7685,2,7839,142,
01-May-21,South,B,177,54,158,9558,2,9749,173,
01-Jun-21,South,B,106,55,91,5830,2,5947,103,
01-Jul-21,South,B,114,33,92,3762,2,3837,111,
01-Aug-21,South,B,139,54,118,7506,2,7656,136,
01-Sep-21,South,B,149,42,121,6258,2,6383,145,
01-Oct-21,South,B,159,29,130,4611,2,4703,155,
01-Nov-21,South,B,163,16,132,2608,2,2660,159,
01-Dec-21,South,B,139,36,118,5004,2,5104,136,
01-Jan-22,South,B,99,39,87,3861,2,3938,97,
01-Feb-22,South,B,158,48,137,7584,2,7736,154,
01-Mar-22,South,B,87,55,71,4785,2,4881,85,
01-Apr-22,South,B,124,40,112,4960,2,5059,121,
01-May-22,South,B,182,18,164,3276,2,3342,178,
01-Jun-22,South,B,191,30,172,5730,2,5845,186,
01-Jul-22,South,B,186,25,160,4650,2,4743,182,
01-Aug-22,South,B,118,42,101,4956,2,5055,115,
01-Sep-22,South,B,195,22,176,4290,2,4376,190,
01-Oct-22,South,B,81,21,73,1701,2,1735,79,
01-Nov-22,South,B,108,35,89,3780,2,3856,105,
01-Dec-22,South,B,188,53,164,9964,2,10163,183,
01-Jan-23,South,B,157,13,135,2041,2,2082,153,
01-Feb-23,South,B,138,54,112,7452,2,7601,135,
01-Mar-23,South,B,195,39,174,7605,2,7757,190,
01-Apr-23,South,B,91,47,74,4277,2,4363,89,
01-May-23,South,B,156,43,129,6708,2,6842,152,
01-Jun-23,South,B,89,44,80,3916,2,3994,87,
01-Jul-23,South,B,172,31,144,5332,2,5439,168,
01-Aug-23,South,B,106,23,94,2438,2,2487,103,
01-Sep-23,South,B,147,45,131,6615,2,6747,143,
01-Oct-23,South,B,75,40,62,3000,2,3060,73,
01-Nov-23,South,B,152,13,135,1976,2,2016,148,
01-Dec-23,South,B,87,55,71,4785,2,4881,85,
01-Jan-24,South,B,179,48,156,8592,2,8764,175,
01-Feb-24,South,B,108,48,87,5184,2,5288,105,
01-Mar-24,South,B,133,31,114,4123,2,4205,130,
01-Apr-24,South,B,150,51,126,7650,2,7803,146,
01-May-24,South,B,122,34,102,4148,2,4231,119,
01-Jun-24,South,B,115,41,100,4715,2,4809,112,
01-Jul-24,South,B,186,55,156,10230,2,10435,182,
01-Aug-24,South,B,158,32,141,5056,2,5157,154,
01-Sep-24,South,B,151,55,127,8305,2,8471,147,
01-Oct-24,South,B,88,17,75,1496,2,1526,86,
01-Nov-24,South,B,169,18,149,3042,2,3103,165,
01-Dec-24,South,B,174,38,153,6612,2,6744,170,
01-Jan-25,South,B,197,11,177,2167,2,2210,192,
01-Feb-25,South,B,97,55,83,5335,2,5442,95,
01-Mar-25,South,B,114,26,92,2964,2,3023,111,
01-Apr-21,South,B,129,61,116,7869,2,8026,126,
01-May-21,South,B,125,61,101,7625,2,7778,122,
01-Jun-21,South,B,127,62,103,7874,2,8031,124,
01-Jul-21,South,B,80,38,70,3040,2,3101,78,
01-Aug-21,South,B,197,60,167,11820,2,12056,192,
01-Sep-21,South,B,144,48,124,6912,2,7050,141,
01-Oct-21,South,B,122,33,102,4026,2,4107,119,
01-Nov-21,South,B,83,18,68,1494,2,1524,81,
01-Dec-21,South,B,142,40,121,5680,2,5794,139,
01-Jan-22,South,B,92,43,83,3956,2,4035,90,
01-Feb-22,South,B,91,53,81,4823,2,4919,89,
01-Mar-22,South,B,112,63,101,7056,2,7197,109,
01-Apr-22,South,B,122,45,104,5490,2,5600,119,
01-May-22,South,B,125,20,110,2500,2,2550,122,
01-Jun-22,South,B,189,34,159,6426,2,6555,184,
01-Jul-22,South,B,141,28,125,3948,2,4027,138,
01-Aug-22,South,B,82,48,66,3936,2,4015,80,
01-Sep-22,South,B,149,25,131,3725,2,3800,145,
01-Oct-22,South,B,94,23,80,2162,2,2205,92,
01-Nov-22,South,B,166,39,143,6474,2,6603,162,
01-Dec-22,South,B,120,60,106,7200,2,7344,117,
01-Jan-23,South,B,97,15,81,1455,2,1484,95,
01-Feb-23,South,B,141,62,123,8742,2,8917,138,
01-Mar-23,South,B,103,44,84,4532,2,4623,101,
01-Apr-23,South,B,174,54,150,9396,2,9584,170,
01-May-23,South,B,167,48,144,8016,2,8176,163,
01-Jun-23,South,B,78,50,68,3900,2,3978,76,
01-Jul-23,South,B,83,35,72,2905,2,2963,81,
01-Aug-23,South,B,111,26,95,2886,2,2944,108,
01-Sep-23,South,B,101,51,82,5151,2,5254,99,
01-Oct-23,South,B,104,46,87,4784,2,4880,102,
01-Nov-23,South,B,93,14,82,1302,2,1328,91,
01-Dec-23,South,B,142,62,119,8804,2,8980,139,
01-Jan-24,South,B,141,53,116,7473,2,7622,138,
01-Feb-24,South,B,147,53,132,7791,2,7947,143,
01-Mar-24,South,B,102,34,90,3468,2,3537,100,
01-Apr-24,South,B,167,59,140,9853,2,10050,163,
01-May-24,South,B,110,38,96,4180,2,4264,107,
01-Jun-24,South,B,192,46,165,8832,2,9009,187,
01-Jul-24,South,B,109,63,89,6867,2,7004,106,
01-Aug-24,South,B,165,36,140,5940,2,6059,161,
01-Sep-24,South,B,153,61,138,9333,2,9520,149,
01-Oct-24,South,B,180,19,160,3420,2,3488,176,
01-Nov-24,South,B,175,20,154,3500,2,3570,171,
01-Dec-24,South,B,174,43,157,7482,2,7632,170,
01-Jan-25,South,B,178,12,158,2136,2,2179,174,
01-Feb-25,South,B,172,61,155,10492,2,10702,168,
01-Mar-25,South,B,155,29,140,4495,2,4585,151,
01-Apr-21,South,B,145,53,120,7685,3,7916,140,
01-May-21,South,B,177,54,158,9558,3,9845,171,
01-Jun-21,South,B,106,55,91,5830,3,6005,102,
01-Jul-21,South,B,114,33,92,3762,3,3875,110,
01-Aug-21,South,B,139,54,118,7506,3,7731,134,
01-Sep-21,South,B,149,42,121,6258,3,6446,144,
01-Oct-21,South,B,159,29,130,4611,3,4749,153,
01-Nov-21,South,B,163,16,132,2608,3,2686,157,
01-Dec-21,South,B,139,36,118,5004,3,5154,134,
01-Jan-22,South,B,99,39,87,3861,3,3977,95,
01-Feb-22,South,B,158,48,137,7584,3,7812,152,
01-Mar-22,South,B,87,55,71,4785,3,4929,84,
01-Apr-22,South,B,124,40,112,4960,3,5109,120,
01-May-22,South,B,182,18,164,3276,3,3374,175,
01-Jun-22,South,B,191,30,172,5730,3,5902,184,
01-Jul-22,South,B,186,25,160,4650,3,4790,179,
01-Aug-22,South,B,118,42,101,4956,3,5105,114,
01-Sep-22,South,B,195,22,176,4290,3,4419,188,
01-Oct-22,South,B,81,21,73,1701,3,1752,78,
01-Nov-22,South,B,108,35,89,3780,3,3893,104,
01-Dec-22,South,B,188,53,164,9964,3,10263,181,
01-Jan-23,South,B,157,13,135,2041,3,2102,151,
01-Feb-23,South,B,138,54,112,7452,3,7676,133,
01-Mar-23,South,B,195,39,174,7605,3,7833,188,
01-Apr-23,South,B,91,47,74,4277,3,4405,88,
01-May-23,South,B,156,43,129,6708,3,6909,150,
01-Jun-23,South,B,89,44,80,3916,3,4033,86,
01-Jul-23,South,B,172,31,144,5332,3,5492,166,
01-Aug-23,South,B,106,23,94,2438,3,2511,102,
01-Sep-23,South,B,147,45,131,6615,3,6813,142,
01-Oct-23,South,B,75,40,62,3000,3,3090,72,
01-Nov-23,South,B,152,13,135,1976,3,2035,147,
01-Dec-23,South,B,87,55,71,4785,3,4929,84,
01-Jan-24,South,B,179,48,156,8592,3,8850,173,
01-Feb-24,South,B,108,48,87,5184,3,5340,104,
01-Mar-24,South,B,133,31,114,4123,3,4247,128,
01-Apr-24,South,B,150,51,126,7650,3,7880,145,
01-May-24,South,B,122,34,102,4148,3,4272,118,
01-Jun-24,South,B,115,41,100,4715,3,4856,111,
01-Jul-24,South,B,186,55,156,10230,3,10537,179,
01-Aug-24,South,B,158,32,141,5056,3,5208,152,
01-Sep-24,South,B,151,55,127,8305,3,8554,146,
01-Oct-24,South,B,88,17,75,1496,3,1541,85,
01-Nov-24,South,B,169,18,149,3042,3,3133,163,
01-Dec-24,South,B,174,38,153,6612,3,6810,168,
01-Jan-25,South,B,197,11,177,2167,3,2232,190,
01-Feb-25,South,B,97,55,83,5335,3,5495,94,
01-Mar-25,South,B,114,26,92,2964,3,3053,110,
01-Apr-21,South,B,129,61,116,7869,3,8105,124,
01-May-21,South,B,125,61,101,7625,3,7854,121,
01-Jun-21,South,B,127,62,103,7874,3,8110,122,
01-Jul-21,South,B,80,38,70,3040,3,3131,77,
01-Aug-21,South,B,197,60,167,11820,3,12175,190,
01-Sep-21,South,B,144,48,124,6912,3,7119,139,
01-Oct-21,South,B,122,33,102,4026,3,4147,118,
01-Nov-21,South,B,83,18,68,1494,3,1539,80,
01-Dec-21,South,B,142,40,121,5680,3,5850,137,
01-Jan-22,South,B,92,43,83,3956,3,4075,89,
01-Feb-22,South,B,91,53,81,4823,3,4968,88,
01-Mar-22,South,B,112,63,101,7056,3,7268,108,
01-Apr-22,South,B,122,45,104,5490,3,5655,118,
01-May-22,South,B,125,20,110,2500,3,2575,121,
01-Jun-22,South,B,189,34,159,6426,3,6619,182,
01-Jul-22,South,B,141,28,125,3948,3,4066,136,
01-Aug-22,South,B,82,48,66,3936,3,4054,79,
01-Sep-22,South,B,149,25,131,3725,3,3837,144,
01-Oct-22,South,B,94,23,80,2162,3,2227,91,
01-Nov-22,South,B,166,39,143,6474,3,6668,160,
01-Dec-22,South,B,120,60,106,7200,3,7416,116,
01-Jan-23,South,B,97,15,81,1455,3,1499,94,
01-Feb-23,South,B,141,62,123,8742,3,9004,136,
01-Mar-23,South,B,103,44,84,4532,3,4668,99,
01-Apr-23,South,B,174,54,150,9396,3,9678,168,
01-May-23,South,B,167,48,144,8016,3,8256,161,
01-Jun-23,South,B,78,50,68,3900,3,4017,75,
01-Jul-23,South,B,83,35,72,2905,3,2992,80,
01-Aug-23,South,B,111,26,95,2886,3,2973,107,
01-Sep-23,South,B,101,51,82,5151,3,5306,97,
01-Oct-23,South,B,104,46,87,4784,3,4928,100,
01-Nov-23,South,B,93,14,82,1302,3,1341,90,
01-Dec-23,South,B,142,62,119,8804,3,9068,137,
01-Jan-24,South,B,141,53,116,7473,3,7697,136,
01-Feb-24,South,B,147,53,132,7791,3,8025,142,
01-Mar-24,South,B,102,34,90,3468,3,3572,98,
01-Apr-24,South,B,167,59,140,9853,3,10149,161,
01-May-24,South,B,110,38,96,4180,3,4305,106,
01-Jun-24,South,B,192,46,165,8832,3,9097,185,
01-Jul-24,South,B,109,63,89,6867,3,7073,105,
01-Aug-24,South,B,165,36,140,5940,3,6118,159,
01-Sep-24,South,B,153,61,138,9333,3,9613,147,
01-Oct-24,South,B,180,19,160,3420,3,3523,174,
01-Nov-24,South,B,175,20,154,3500,3,3605,169,
01-Dec-24,South,B,174,43,157,7482,3,7706,168,
01-Jan-25,South,B,178,12,158,2136,3,2200,172,
01-Feb-25,South,B,172,61,155,10492,3,10807,166,
01-Mar-25,South,B,155,29,140,4495,3,4630,149,
01-Apr-21,South,B,145,53,120,7685,4,7992,138,
01-May-21,South,B,177,54,158,9558,4,9940,169,
01-Jun-21,South,B,106,55,91,5830,4,6063,101,
01-Jul-21,South,B,114,33,92,3762,4,3912,109,
01-Aug-21,South,B,139,54,118,7506,4,7806,132,
01-Sep-21,South,B,149,42,121,6258,4,6508,142,
01-Oct-21,South,B,159,29,130,4611,4,4795,151,
01-Nov-21,South,B,163,16,132,2608,4,2712,155,
01-Dec-21,South,B,139,36,118,5004,4,5204,132,
01-Jan-22,South,B,99,39,87,3861,4,4015,94,
01-Feb-22,South,B,158,48,137,7584,4,7887,150,
01-Mar-22,South,B,87,55,71,4785,4,4976,83,
01-Apr-22,South,B,124,40,112,4960,4,5158,118,
01-May-22,South,B,182,18,164,3276,4,3407,173,
01-Jun-22,South,B,191,30,172,5730,4,5959,182,
01-Jul-22,South,B,186,25,160,4650,4,4836,177,
01-Aug-22,South,B,118,42,101,4956,4,5154,112,
01-Sep-22,South,B,195,22,176,4290,4,4462,186,
01-Oct-22,South,B,81,21,73,1701,4,1769,77,
01-Nov-22,South,B,108,35,89,3780,4,3931,103,
01-Dec-22,South,B,188,53,164,9964,4,10363,179,
01-Jan-23,South,B,157,13,135,2041,4,2123,149,
01-Feb-23,South,B,138,54,112,7452,4,7750,131,
01-Mar-23,South,B,195,39,174,7605,4,7909,186,
01-Apr-23,South,B,91,47,74,4277,4,4448,87,
01-May-23,South,B,156,43,129,6708,4,6976,149,
01-Jun-23,South,B,89,44,80,3916,4,4073,85,
01-Jul-23,South,B,172,31,144,5332,4,5545,164,
01-Aug-23,South,B,106,23,94,2438,4,2536,101,
01-Sep-23,South,B,147,45,131,6615,4,6880,140,
01-Oct-23,South,B,75,40,62,3000,4,3120,71,
01-Nov-23,South,B,152,13,135,1976,4,2055,145,
01-Dec-23,South,B,87,55,71,4785,4,4976,83,
01-Jan-24,South,B,179,48,156,8592,4,8936,170,
01-Feb-24,South,B,108,48,87,5184,4,5391,103,
01-Mar-24,South,B,133,31,114,4123,4,4288,127,
01-Apr-24,South,B,150,51,126,7650,4,7956,143,
01-May-24,South,B,122,34,102,4148,4,4314,116,
01-Jun-24,South,B,115,41,100,4715,4,4904,109,
01-Jul-24,South,B,186,55,156,10230,4,10639,177,
01-Aug-24,South,B,158,32,141,5056,4,5258,150,
01-Sep-24,South,B,151,55,127,8305,4,8637,144,
01-Oct-24,South,B,88,17,75,1496,4,1556,84,
01-Nov-24,South,B,169,18,149,3042,4,3164,161,
01-Dec-24,South,B,174,38,153,6612,4,6876,166,
01-Jan-25,South,B,197,11,177,2167,4,2254,188,
01-Feb-25,South,B,97,55,83,5335,4,5548,92,
01-Mar-25,South,B,114,26,92,2964,4,3083,109,
01-Apr-21,South,B,129,61,116,7869,4,8184,123,
01-May-21,South,B,125,61,101,7625,4,7930,119,
01-Jun-21,South,B,127,62,103,7874,4,8189,121,
01-Jul-21,South,B,80,38,70,3040,4,3162,76,
01-Aug-21,South,B,197,60,167,11820,4,12293,188,
01-Sep-21,South,B,144,48,124,6912,4,7188,137,
01-Oct-21,South,B,122,33,102,4026,4,4187,116,
01-Nov-21,South,B,83,18,68,1494,4,1554,79,
01-Dec-21,South,B,142,40,121,5680,4,5907,135,
01-Jan-22,South,B,92,43,83,3956,4,4114,88,
01-Feb-22,South,B,91,53,81,4823,4,5016,87,
01-Mar-22,South,B,112,63,101,7056,4,7338,107,
01-Apr-22,South,B,122,45,104,5490,4,5710,116,
01-May-22,South,B,125,20,110,2500,4,2600,119,
01-Jun-22,South,B,189,34,159,6426,4,6683,180,
01-Jul-22,South,B,141,28,125,3948,4,4106,134,
01-Aug-22,South,B,82,48,66,3936,4,4093,78,
01-Sep-22,South,B,149,25,131,3725,4,3874,142,
01-Oct-22,South,B,94,23,80,2162,4,2248,89,
01-Nov-22,South,B,166,39,143,6474,4,6733,158,
01-Dec-22,South,B,120,60,106,7200,4,7488,114,
01-Jan-23,South,B,97,15,81,1455,4,1513,92,
01-Feb-23,South,B,141,62,123,8742,4,9092,134,
01-Mar-23,South,B,103,44,84,4532,4,4713,98,
01-Apr-23,South,B,174,54,150,9396,4,9772,166,
01-May-23,South,B,167,48,144,8016,4,8337,159,
01-Jun-23,South,B,78,50,68,3900,4,4056,74,
01-Jul-23,South,B,83,35,72,2905,4,3021,79,
01-Aug-23,South,B,111,26,95,2886,4,3001,106,
01-Sep-23,South,B,101,51,82,5151,4,5357,96,
01-Oct-23,South,B,104,46,87,4784,4,4975,99,
01-Nov-23,South,B,93,14,82,1302,4,1354,89,
01-Dec-23,South,B,142,62,119,8804,4,9156,135,
01-Jan-24,South,B,141,53,116,7473,4,7772,134,
01-Feb-24,South,B,147,53,132,7791,4,8103,140,
01-Mar-24,South,B,102,34,90,3468,4,3607,97,
01-Apr-24,South,B,167,59,140,9853,4,10247,159,
01-May-24,South,B,110,38,96,4180,4,4347,105,
01-Jun-24,South,B,192,46,165,8832,4,9185,183,
01-Jul-24,South,B,109,63,89,6867,4,7142,104,
01-Aug-24,South,B,165,36,140,5940,4,6178,157,
01-Sep-24,South,B,153,61,138,9333,4,9706,146,
01-Oct-24,South,B,180,19,160,3420,4,3557,171,
01-Nov-24,South,B,175,20,154,3500,4,3640,167,
01-Dec-24,South,B,174,43,157,7482,4,7781,166,
01-Jan-25,South,B,178,12,158,2136,4,2221,169,
01-Feb-25,South,B,172,61,155,10492,4,10912,164,
01-Mar-25,South,B,155,29,140,4495,4,4675,148,
01-Apr-21,South,B,145,53,120,7685,5,8069,136,
01-May-21,South,B,177,54,158,9558,5,10036,166,
01-Jun-21,South,B,106,55,91,5830,5,6122,100,
01-Jul-21,South,B,114,33,92,3762,5,3950,107,
01-Aug-21,South,B,139,54,118,7506,5,7881,131,
01-Sep-21,South,B,149,42,121,6258,5,6571,140,
01-Oct-21,South,B,159,29,130,4611,5,4842,149,
01-Nov-21,South,B,163,16,132,2608,5,2738,153,
01-Dec-21,South,B,139,36,118,5004,5,5254,131,
01-Jan-22,South,B,99,39,87,3861,5,4054,93,
01-Feb-22,South,B,158,48,137,7584,5,7963,149,
01-Mar-22,South,B,87,55,71,4785,5,5024,82,
01-Apr-22,South,B,124,40,112,4960,5,5208,117,
01-May-22,South,B,182,18,164,3276,5,3440,171,
01-Jun-22,South,B,191,30,172,5730,5,6017,180,
01-Jul-22,South,B,186,25,160,4650,5,4883,175,
01-Aug-22,South,B,118,42,101,4956,5,5204,111,
01-Sep-22,South,B,195,22,176,4290,5,4505,183,
01-Oct-22,South,B,81,21,73,1701,5,1786,76,
01-Nov-22,South,B,108,35,89,3780,5,3969,102,
01-Dec-22,South,B,188,53,164,9964,5,10462,177,
01-Jan-23,South,B,157,13,135,2041,5,2143,148,
01-Feb-23,South,B,138,54,112,7452,5,7825,130,
01-Mar-23,South,B,195,39,174,7605,5,7985,183,
01-Apr-23,South,B,91,47,74,4277,5,4491,86,
01-May-23,South,B,156,43,129,6708,5,7043,147,
01-Jun-23,South,B,89,44,80,3916,5,4112,84,
01-Jul-23,South,B,172,31,144,5332,5,5599,162,
01-Aug-23,South,B,106,23,94,2438,5,2560,100,
01-Sep-23,South,B,147,45,131,6615,5,6946,138,
01-Oct-23,South,B,75,40,62,3000,5,3150,71,
01-Nov-23,South,B,152,13,135,1976,5,2075,143,
01-Dec-23,South,B,87,55,71,4785,5,5024,82,
01-Jan-24,South,B,179,48,156,8592,5,9022,168,
01-Feb-24,South,B,108,48,87,5184,5,5443,102,
01-Mar-24,South,B,133,31,114,4123,5,4329,125,
01-Apr-24,South,B,150,51,126,7650,5,8033,141,
01-May-24,South,B,122,34,102,4148,5,4355,115,
01-Jun-24,South,B,115,41,100,4715,5,4951,108,
01-Jul-24,South,B,186,55,156,10230,5,10742,175,
01-Aug-24,South,B,158,32,141,5056,5,5309,149,
01-Sep-24,South,B,151,55,127,8305,5,8720,142,
01-Oct-24,South,B,88,17,75,1496,5,1571,83,
01-Nov-24,South,B,169,18,149,3042,5,3194,159,
01-Dec-24,South,B,174,38,153,6612,5,6943,164,
01-Jan-25,South,B,197,11,177,2167,5,2275,185,
01-Feb-25,South,B,97,55,83,5335,5,5602,91,
01-Mar-25,South,B,114,26,92,2964,5,3112,107,
01-Apr-21,South,B,129,61,116,7869,5,8262,121,
01-May-21,South,B,125,61,101,7625,5,8006,118,
01-Jun-21,South,B,127,62,103,7874,5,8268,119,
01-Jul-21,South,B,80,38,70,3040,5,3192,75,
01-Aug-21,South,B,197,60,167,11820,5,12411,185,
01-Sep-21,South,B,144,48,124,6912,5,7258,135,
01-Oct-21,South,B,122,33,102,4026,5,4227,115,
01-Nov-21,South,B,83,18,68,1494,5,1569,78,
01-Dec-21,South,B,142,40,121,5680,5,5964,133,
01-Jan-22,South,B,92,43,83,3956,5,4154,86,
01-Feb-22,South,B,91,53,81,4823,5,5064,86,
01-Mar-22,South,B,112,63,101,7056,5,7409,105,
01-Apr-22,South,B,122,45,104,5490,5,5765,115,
01-May-22,South,B,125,20,110,2500,5,2625,118,
01-Jun-22,South,B,189,34,159,6426,5,6747,178,
01-Jul-22,South,B,141,28,125,3948,5,4145,133,
01-Aug-22,South,B,82,48,66,3936,5,4133,77,
01-Sep-22,South,B,149,25,131,3725,5,3911,140,
01-Oct-22,South,B,94,23,80,2162,5,2270,88,
01-Nov-22,South,B,166,39,143,6474,5,6798,156,
01-Dec-22,South,B,120,60,106,7200,5,7560,113,
01-Jan-23,South,B,97,15,81,1455,5,1528,91,
01-Feb-23,South,B,141,62,123,8742,5,9179,133,
01-Mar-23,South,B,103,44,84,4532,5,4759,97,
01-Apr-23,South,B,174,54,150,9396,5,9866,164,
01-May-23,South,B,167,48,144,8016,5,8417,157,
01-Jun-23,South,B,78,50,68,3900,5,4095,73,
01-Jul-23,South,B,83,35,72,2905,5,3050,78,
01-Aug-23,South,B,111,26,95,2886,5,3030,104,
01-Sep-23,South,B,101,51,82,5151,5,5409,95,
01-Oct-23,South,B,104,46,87,4784,5,5023,98,
01-Nov-23,South,B,93,14,82,1302,5,1367,87,
01-Dec-23,South,B,142,62,119,8804,5,9244,133,
01-Jan-24,South,B,141,53,116,7473,5,7847,133,
01-Feb-24,South,B,147,53,132,7791,5,8181,138,
01-Mar-24,South,B,102,34,90,3468,5,3641,96,
01-Apr-24,South,B,167,59,140,9853,5,10346,157,
01-May-24,South,B,110,38,96,4180,5,4389,103,
01-Jun-24,South,B,192,46,165,8832,5,9274,180,
01-Jul-24,South,B,109,63,89,6867,5,7210,102,
01-Aug-24,South,B,165,36,140,5940,5,6237,155,
01-Sep-24,South,B,153,61,138,9333,5,9800,144,
01-Oct-24,South,B,180,19,160,3420,5,3591,169,
01-Nov-24,South,B,175,20,154,3500,5,3675,165,
01-Dec-24,South,B,174,43,157,7482,5,7856,164,
01-Jan-25,South,B,178,12,158,2136,5,2243,167,
01-Feb-25,South,B,172,61,155,10492,5,11017,162,
01-Mar-25,South,B,155,29,140,4495,5,4720,146,
01-Apr-21,South,B,145,53,120,7685,-2,7531,148,
01-May-21,South,B,177,54,158,9558,-2,9367,181,
01-Jun-21,South,B,106,55,91,5830,-2,5713,109,
01-Jul-21,South,B,114,33,92,3762,-2,3687,117,
01-Aug-21,South,B,139,54,118,7506,-2,7356,142,
01-Sep-21,South,B,149,42,121,6258,-2,6133,153,
01-Oct-21,South,B,159,29,130,4611,-2,4519,163,
01-Nov-21,South,B,163,16,132,2608,-2,2556,167,
01-Dec-21,South,B,139,36,118,5004,-2,4904,142,
01-Jan-22,South,B,99,39,87,3861,-2,3784,101,
01-Feb-22,South,B,158,48,137,7584,-2,7432,162,
01-Mar-22,South,B,87,55,71,4785,-2,4689,89,
01-Apr-22,South,B,124,40,112,4960,-2,4861,127,
01-May-22,South,B,182,18,164,3276,-2,3210,186,
01-Jun-22,South,B,191,30,172,5730,-2,5615,196,
01-Jul-22,South,B,186,25,160,4650,-2,4557,190,
01-Aug-22,South,B,118,42,101,4956,-2,4857,121,
01-Sep-22,South,B,195,22,176,4290,-2,4204,200,
01-Oct-22,South,B,81,21,73,1701,-2,1667,83,
01-Nov-22,South,B,108,35,89,3780,-2,3704,111,
01-Dec-22,South,B,188,53,164,9964,-2,9765,193,
01-Jan-23,South,B,157,13,135,2041,-2,2000,161,
01-Feb-23,South,B,138,54,112,7452,-2,7303,141,
01-Mar-23,South,B,195,39,174,7605,-2,7453,200,
01-Apr-23,South,B,91,47,74,4277,-2,4191,93,
01-May-23,South,B,156,43,129,6708,-2,6574,160,
01-Jun-23,South,B,89,44,80,3916,-2,3838,91,
01-Jul-23,South,B,172,31,144,5332,-2,5225,176,
01-Aug-23,South,B,106,23,94,2438,-2,2389,109,
01-Sep-23,South,B,147,45,131,6615,-2,6483,151,
01-Oct-23,South,B,75,40,62,3000,-2,2940,77,
01-Nov-23,South,B,152,13,135,1976,-2,1936,156,
01-Dec-23,South,B,87,55,71,4785,-2,4689,89,
01-Jan-24,South,B,179,48,156,8592,-2,8420,183,
01-Feb-24,South,B,108,48,87,5184,-2,5080,111,
01-Mar-24,South,B,133,31,114,4123,-2,4041,136,
01-Apr-24,South,B,150,51,126,7650,-2,7497,154,
01-May-24,South,B,122,34,102,4148,-2,4065,125,
01-Jun-24,South,B,115,41,100,4715,-2,4621,118,
01-Jul-24,South,B,186,55,156,10230,-2,10025,190,
01-Aug-24,South,B,158,32,141,5056,-2,4955,162,
01-Sep-24,South,B,151,55,127,8305,-2,8139,155,
01-Oct-24,South,B,88,17,75,1496,-2,1466,90,
01-Nov-24,South,B,169,18,149,3042,-2,2981,173,
01-Dec-24,South,B,174,38,153,6612,-2,6480,178,
01-Jan-25,South,B,197,11,177,2167,-2,2124,202,
01-Feb-25,South,B,97,55,83,5335,-2,5228,99,
01-Mar-25,South,B,114,26,92,2964,-2,2905,117,
01-Apr-21,South,B,129,61,116,7869,-2,7712,132,
01-May-21,South,B,125,61,101,7625,-2,7473,128,
01-Jun-21,South,B,127,62,103,7874,-2,7717,130,
01-Jul-21,South,B,80,38,70,3040,-2,2979,82,
01-Aug-21,South,B,197,60,167,11820,-2,11584,202,
01-Sep-21,South,B,144,48,124,6912,-2,6774,147,
01-Oct-21,South,B,122,33,102,4026,-2,3945,125,
01-Nov-21,South,B,83,18,68,1494,-2,1464,85,
01-Dec-21,South,B,142,40,121,5680,-2,5566,145,
01-Jan-22,South,B,92,43,83,3956,-2,3877,94,
01-Feb-22,South,B,91,53,81,4823,-2,4727,93,
01-Mar-22,South,B,112,63,101,7056,-2,6915,115,
01-Apr-22,South,B,122,45,104,5490,-2,5380,125,
01-May-22,South,B,125,20,110,2500,-2,2450,128,
01-Jun-22,South,B,189,34,159,6426,-2,6297,194,
01-Jul-22,South,B,141,28,125,3948,-2,3869,144,
01-Aug-22,South,B,82,48,66,3936,-2,3857,84,
01-Sep-22,South,B,149,25,131,3725,-2,3651,153,
01-Oct-22,South,B,94,23,80,2162,-2,2119,96,
01-Nov-22,South,B,166,39,143,6474,-2,6345,170,
01-Dec-22,South,B,120,60,106,7200,-2,7056,123,
01-Jan-23,South,B,97,15,81,1455,-2,1426,99,
01-Feb-23,South,B,141,62,123,8742,-2,8567,144,
01-Mar-23,South,B,103,44,84,4532,-2,4441,105,
01-Apr-23,South,B,174,54,150,9396,-2,9208,178,
01-May-23,South,B,167,48,144,8016,-2,7856,171,
01-Jun-23,South,B,78,50,68,3900,-2,3822,80,
01-Jul-23,South,B,83,35,72,2905,-2,2847,85,
01-Aug-23,South,B,111,26,95,2886,-2,2828,114,
01-Sep-23,South,B,101,51,82,5151,-2,5048,103,
01-Oct-23,South,B,104,46,87,4784,-2,4688,106,
01-Nov-23,South,B,93,14,82,1302,-2,1276,95,
01-Dec-23,South,B,142,62,119,8804,-2,8628,145,
01-Jan-24,South,B,141,53,116,7473,-2,7324,144,
01-Feb-24,South,B,147,53,132,7791,-2,7635,151,
01-Mar-24,South,B,102,34,90,3468,-2,3399,104,
01-Apr-24,South,B,167,59,140,9853,-2,9656,171,
01-May-24,South,B,110,38,96,4180,-2,4096,113,
01-Jun-24,South,B,192,46,165,8832,-2,8655,197,
01-Jul-24,South,B,109,63,89,6867,-2,6730,112,
01-Aug-24,South,B,165,36,140,5940,-2,5821,169,
01-Sep-24,South,B,153,61,138,9333,-2,9146,157,
01-Oct-24,South,B,180,19,160,3420,-2,3352,184,
01-Nov-24,South,B,175,20,154,3500,-2,3430,179,
01-Dec-24,South,B,174,43,157,7482,-2,7332,178,
01-Jan-25,South,B,178,12,158,2136,-2,2093,182,
01-Feb-25,South,B,172,61,155,10492,-2,10282,176,
01-Mar-25,South,B,155,29,140,4495,-2,4405,159,
01-Apr-21,South,B,145,53,120,7685,-3,7454,151,
01-May-21,South,B,177,54,158,9558,-3,9271,184,
01-Jun-21,South,B,106,55,91,5830,-3,5655,110,
01-Jul-21,South,B,114,33,92,3762,-3,3649,118,
01-Aug-21,South,B,139,54,118,7506,-3,7281,144,
01-Sep-21,South,B,149,42,121,6258,-3,6070,155,
01-Oct-21,South,B,159,29,130,4611,-3,4473,165,
01-Nov-21,South,B,163,16,132,2608,-3,2530,169,
01-Dec-21,South,B,139,36,118,5004,-3,4854,144,
01-Jan-22,South,B,99,39,87,3861,-3,3745,103,
01-Feb-22,South,B,158,48,137,7584,-3,7356,164,
01-Mar-22,South,B,87,55,71,4785,-3,4641,90,
01-Apr-22,South,B,124,40,112,4960,-3,4811,129,
01-May-22,South,B,182,18,164,3276,-3,3178,189,
01-Jun-22,South,B,191,30,172,5730,-3,5558,198,
01-Jul-22,South,B,186,25,160,4650,-3,4511,193,
01-Aug-22,South,B,118,42,101,4956,-3,4807,122,
01-Sep-22,South,B,195,22,176,4290,-3,4161,202,
01-Oct-22,South,B,81,21,73,1701,-3,1650,84,
01-Nov-22,South,B,108,35,89,3780,-3,3667,112,
01-Dec-22,South,B,188,53,164,9964,-3,9665,195,
01-Jan-23,South,B,157,13,135,2041,-3,1980,163,
01-Feb-23,South,B,138,54,112,7452,-3,7228,143,
01-Mar-23,South,B,195,39,174,7605,-3,7377,202,
01-Apr-23,South,B,91,47,74,4277,-3,4149,94,
01-May-23,South,B,156,43,129,6708,-3,6507,162,
01-Jun-23,South,B,89,44,80,3916,-3,3799,92,
01-Jul-23,South,B,172,31,144,5332,-3,5172,179,
01-Aug-23,South,B,106,23,94,2438,-3,2365,110,
01-Sep-23,South,B,147,45,131,6615,-3,6417,153,
01-Oct-23,South,B,75,40,62,3000,-3,2910,78,
01-Nov-23,South,B,152,13,135,1976,-3,1917,158,
01-Dec-23,South,B,87,55,71,4785,-3,4641,90,
01-Jan-24,South,B,179,48,156,8592,-3,8334,186,
01-Feb-24,South,B,108,48,87,5184,-3,5028,112,
01-Mar-24,South,B,133,31,114,4123,-3,3999,138,
01-Apr-24,South,B,150,51,126,7650,-3,7421,156,
01-May-24,South,B,122,34,102,4148,-3,4024,127,
01-Jun-24,South,B,115,41,100,4715,-3,4574,119,
01-Jul-24,South,B,186,55,156,10230,-3,9923,193,
01-Aug-24,South,B,158,32,141,5056,-3,4904,164,
01-Sep-24,South,B,151,55,127,8305,-3,8056,157,
01-Oct-24,South,B,88,17,75,1496,-3,1451,91,
01-Nov-24,South,B,169,18,149,3042,-3,2951,175,
01-Dec-24,South,B,174,38,153,6612,-3,6414,181,
01-Jan-25,South,B,197,11,177,2167,-3,2102,204,
01-Feb-25,South,B,97,55,83,5335,-3,5175,101,
01-Mar-25,South,B,114,26,92,2964,-3,2875,118,
01-Apr-21,South,B,129,61,116,7869,-3,7633,134,
01-May-21,South,B,125,61,101,7625,-3,7396,130,
01-Jun-21,South,B,127,62,103,7874,-3,7638,132,
01-Jul-21,South,B,80,38,70,3040,-3,2949,83,
01-Aug-21,South,B,197,60,167,11820,-3,11465,204,
01-Sep-21,South,B,144,48,124,6912,-3,6705,149,
01-Oct-21,South,B,122,33,102,4026,-3,3905,127,
01-Nov-21,South,B,83,18,68,1494,-3,1449,86,
01-Dec-21,South,B,142,40,121,5680,-3,5510,147,
01-Jan-22,South,B,92,43,83,3956,-3,3837,95,
01-Feb-22,South,B,91,53,81,4823,-3,4678,94,
01-Mar-22,South,B,112,63,101,7056,-3,6844,116,
01-Apr-22,South,B,122,45,104,5490,-3,5325,127,
01-May-22,South,B,125,20,110,2500,-3,2425,130,
01-Jun-22,South,B,189,34,159,6426,-3,6233,196,
01-Jul-22,South,B,141,28,125,3948,-3,3830,146,
01-Aug-22,South,B,82,48,66,3936,-3,3818,85,
01-Sep-22,South,B,149,25,131,3725,-3,3613,155,
01-Oct-22,South,B,94,23,80,2162,-3,2097,98,
01-Nov-22,South,B,166,39,143,6474,-3,6280,172,
01-Dec-22,South,B,120,60,106,7200,-3,6984,125,
01-Jan-23,South,B,97,15,81,1455,-3,1411,101,
01-Feb-23,South,B,141,62,123,8742,-3,8480,146,
01-Mar-23,South,B,103,44,84,4532,-3,4396,107,
01-Apr-23,South,B,174,54,150,9396,-3,9114,181,
01-May-23,South,B,167,48,144,8016,-3,7776,173,
01-Jun-23,South,B,78,50,68,3900,-3,3783,81,
01-Jul-23,South,B,83,35,72,2905,-3,2818,86,
01-Aug-23,South,B,111,26,95,2886,-3,2799,115,
01-Sep-23,South,B,101,51,82,5151,-3,4996,105,
01-Oct-23,South,B,104,46,87,4784,-3,4640,108,
01-Nov-23,South,B,93,14,82,1302,-3,1263,97,
01-Dec-23,South,B,142,62,119,8804,-3,8540,147,
01-Jan-24,South,B,141,53,116,7473,-3,7249,146,
01-Feb-24,South,B,147,53,132,7791,-3,7557,153,
01-Mar-24,South,B,102,34,90,3468,-3,3364,106,
01-Apr-24,South,B,167,59,140,9853,-3,9557,173,
01-May-24,South,B,110,38,96,4180,-3,4055,114,
01-Jun-24,South,B,192,46,165,8832,-3,8567,199,
01-Jul-24,South,B,109,63,89,6867,-3,6661,113,
01-Aug-24,South,B,165,36,140,5940,-3,5762,171,
01-Sep-24,South,B,153,61,138,9333,-3,9053,159,
01-Oct-24,South,B,180,19,160,3420,-3,3317,187,
01-Nov-24,South,B,175,20,154,3500,-3,3395,182,
01-Dec-24,South,B,174,43,157,7482,-3,7258,181,
01-Jan-25,South,B,178,12,158,2136,-3,2072,185,
01-Feb-25,South,B,172,61,155,10492,-3,10177,179,
01-Mar-25,South,B,155,29,140,4495,-3,4360,161,
01-Apr-21,South,B,145,53,120,7685,-4,7378,152,
01-May-21,South,B,177,54,158,9558,-4,9176,185,
01-Jun-21,South,B,106,55,91,5830,-4,5597,111,
01-Jul-21,South,B,114,33,92,3762,-4,3612,119,
01-Aug-21,South,B,139,54,118,7506,-4,7206,146,
01-Sep-21,South,B,149,42,121,6258,-4,6008,156,
01-Oct-21,South,B,159,29,130,4611,-4,4427,167,
01-Nov-21,South,B,163,16,132,2608,-4,2504,171,
01-Dec-21,South,B,139,36,118,5004,-4,4804,146,
01-Jan-22,South,B,99,39,87,3861,-4,3707,104,
01-Feb-22,South,B,158,48,137,7584,-4,7281,166,
01-Mar-22,South,B,87,55,71,4785,-4,4594,91,
01-Apr-22,South,B,124,40,112,4960,-4,4762,130,
01-May-22,South,B,182,18,164,3276,-4,3145,191,
01-Jun-22,South,B,191,30,172,5730,-4,5501,200,
01-Jul-22,South,B,186,25,160,4650,-4,4464,195,
01-Aug-22,South,B,118,42,101,4956,-4,4758,124,
01-Sep-22,South,B,195,22,176,4290,-4,4118,204,
01-Oct-22,South,B,81,21,73,1701,-4,1633,85,
01-Nov-22,South,B,108,35,89,3780,-4,3629,113,
01-Dec-22,South,B,188,53,164,9964,-4,9565,197,
01-Jan-23,South,B,157,13,135,2041,-4,1959,165,
01-Feb-23,South,B,138,54,112,7452,-4,7154,145,
01-Mar-23,South,B,195,39,174,7605,-4,7301,204,
01-Apr-23,South,B,91,47,74,4277,-4,4106,95,
01-May-23,South,B,156,43,129,6708,-4,6440,163,
01-Jun-23,South,B,89,44,80,3916,-4,3759,93,
01-Jul-23,South,B,172,31,144,5332,-4,5119,180,
01-Aug-23,South,B,106,23,94,2438,-4,2340,111,
01-Sep-23,South,B,147,45,131,6615,-4,6350,154,
01-Oct-23,South,B,75,40,62,3000,-4,2880,79,
01-Nov-23,South,B,152,13,135,1976,-4,1897,159,
01-Dec-23,South,B,87,55,71,4785,-4,4594,91,
01-Jan-24,South,B,179,48,156,8592,-4,8248,188,
01-Feb-24,South,B,108,48,87,5184,-4,4977,113,
01-Mar-24,South,B,133,31,114,4123,-4,3958,139,
01-Apr-24,South,B,150,51,126,7650,-4,7344,157,
01-May-24,South,B,122,34,102,4148,-4,3982,128,
01-Jun-24,South,B,115,41,100,4715,-4,4526,121,
01-Jul-24,South,B,186,55,156,10230,-4,9821,195,
01-Aug-24,South,B,158,32,141,5056,-4,4854,166,
01-Sep-24,South,B,151,55,127,8305,-4,7973,158,
01-Oct-24,South,B,88,17,75,1496,-4,1436,92,
01-Nov-24,South,B,169,18,149,3042,-4,2920,177,
01-Dec-24,South,B,174,38,153,6612,-4,6348,182,
01-Jan-25,South,B,197,11,177,2167,-4,2080,206,
01-Feb-25,South,B,97,55,83,5335,-4,5122,102,
01-Mar-25,South,B,114,26,92,2964,-4,2845,119,
01-Apr-21,South,B,129,61,116,7869,-4,7554,135,
01-May-21,South,B,125,61,101,7625,-4,7320,131,
01-Jun-21,South,B,127,62,103,7874,-4,7559,133,
01-Jul-21,South,B,80,38,70,3040,-4,2918,84,
01-Aug-21,South,B,197,60,167,11820,-4,11347,206,
01-Sep-21,South,B,144,48,124,6912,-4,6636,151,
01-Oct-21,South,B,122,33,102,4026,-4,3865,128,
01-Nov-21,South,B,83,18,68,1494,-4,1434,87,
01-Dec-21,South,B,142,40,121,5680,-4,5453,149,
01-Jan-22,South,B,92,43,83,3956,-4,3798,96,
01-Feb-22,South,B,91,53,81,4823,-4,4630,95,
01-Mar-22,South,B,112,63,101,7056,-4,6774,117,
01-Apr-22,South,B,122,45,104,5490,-4,5270,128,
01-May-22,South,B,125,20,110,2500,-4,2400,131,
01-Jun-22,South,B,189,34,159,6426,-4,6169,198,
01-Jul-22,South,B,141,28,125,3948,-4,3790,148,
01-Aug-22,South,B,82,48,66,3936,-4,3779,86,
01-Sep-22,South,B,149,25,131,3725,-4,3576,156,
01-Oct-22,South,B,94,23,80,2162,-4,2076,99,
01-Nov-22,South,B,166,39,143,6474,-4,6215,174,
01-Dec-22,South,B,120,60,106,7200,-4,6912,126,
01-Jan-23,South,B,97,15,81,1455,-4,1397,102,
01-Feb-23,South,B,141,62,123,8742,-4,8392,148,
01-Mar-23,South,B,103,44,84,4532,-4,4351,108,
01-Apr-23,South,B,174,54,150,9396,-4,9020,182,
01-May-23,South,B,167,48,144,8016,-4,7695,175,
01-Jun-23,South,B,78,50,68,3900,-4,3744,82,
01-Jul-23,South,B,83,35,72,2905,-4,2789,87,
01-Aug-23,South,B,111,26,95,2886,-4,2771,116,
01-Sep-23,South,B,101,51,82,5151,-4,4945,106,
01-Oct-23,South,B,104,46,87,4784,-4,4593,109,
01-Nov-23,South,B,93,14,82,1302,-4,1250,97,
01-Dec-23,South,B,142,62,119,8804,-4,8452,149,
01-Jan-24,South,B,141,53,116,7473,-4,7174,148,
01-Feb-24,South,B,147,53,132,7791,-4,7479,154,
01-Mar-24,South,B,102,34,90,3468,-4,3329,107,
01-Apr-24,South,B,167,59,140,9853,-4,9459,175,
01-May-24,South,B,110,38,96,4180,-4,4013,115,
01-Jun-24,South,B,192,46,165,8832,-4,8479,201,
01-Jul-24,South,B,109,63,89,6867,-4,6592,114,
01-Aug-24,South,B,165,36,140,5940,-4,5702,173,
01-Sep-24,South,B,153,61,138,9333,-4,8960,160,
01-Oct-24,South,B,180,19,160,3420,-4,3283,189,
01-Nov-24,South,B,175,20,154,3500,-4,3360,183,
01-Dec-24,South,B,174,43,157,7482,-4,7183,182,
01-Jan-25,South,B,178,12,158,2136,-4,2051,187,
01-Feb-25,South,B,172,61,155,10492,-4,10072,180,
01-Mar-25,South,B,155,29,140,4495,-4,4315,162,
01-Apr-21,South,B,145,53,120,7685,-5,7301,154,
01-May-21,South,B,177,54,158,9558,-5,9080,188,
01-Jun-21,South,B,106,55,91,5830,-5,5539,112,
01-Jul-21,South,B,114,33,92,3762,-5,3574,121,
01-Aug-21,South,B,139,54,118,7506,-5,7131,147,
01-Sep-21,South,B,149,42,121,6258,-5,5945,158,
01-Oct-21,South,B,159,29,130,4611,-5,4380,169,
01-Nov-21,South,B,163,16,132,2608,-5,2478,173,
01-Dec-21,South,B,139,36,118,5004,-5,4754,147,
01-Jan-22,South,B,99,39,87,3861,-5,3668,105,
01-Feb-22,South,B,158,48,137,7584,-5,7205,167,
01-Mar-22,South,B,87,55,71,4785,-5,4546,92,
01-Apr-22,South,B,124,40,112,4960,-5,4712,131,
01-May-22,South,B,182,18,164,3276,-5,3112,193,
01-Jun-22,South,B,191,30,172,5730,-5,5444,202,
01-Jul-22,South,B,186,25,160,4650,-5,4418,197,
01-Aug-22,South,B,118,42,101,4956,-5,4708,125,
01-Sep-22,South,B,195,22,176,4290,-5,4076,207,
01-Oct-22,South,B,81,21,73,1701,-5,1616,86,
01-Nov-22,South,B,108,35,89,3780,-5,3591,114,
01-Dec-22,South,B,188,53,164,9964,-5,9466,199,
01-Jan-23,South,B,157,13,135,2041,-5,1939,166,
01-Feb-23,South,B,138,54,112,7452,-5,7079,146,
01-Mar-23,South,B,195,39,174,7605,-5,7225,207,
01-Apr-23,South,B,91,47,74,4277,-5,4063,96,
01-May-23,South,B,156,43,129,6708,-5,6373,165,
01-Jun-23,South,B,89,44,80,3916,-5,3720,94,
01-Jul-23,South,B,172,31,144,5332,-5,5065,182,
01-Aug-23,South,B,106,23,94,2438,-5,2316,112,
01-Sep-23,South,B,147,45,131,6615,-5,6284,156,
01-Oct-23,South,B,75,40,62,3000,-5,2850,80,
01-Nov-23,South,B,152,13,135,1976,-5,1877,161,
01-Dec-23,South,B,87,55,71,4785,-5,4546,92,
01-Jan-24,South,B,179,48,156,8592,-5,8162,190,
01-Feb-24,South,B,108,48,87,5184,-5,4925,114,
01-Mar-24,South,B,133,31,114,4123,-5,3917,141,
01-Apr-24,South,B,150,51,126,7650,-5,7268,159,
01-May-24,South,B,122,34,102,4148,-5,3941,129,
01-Jun-24,South,B,115,41,100,4715,-5,4479,122,
01-Jul-24,South,B,186,55,156,10230,-5,9719,197,
01-Aug-24,South,B,158,32,141,5056,-5,4803,167,
01-Sep-24,South,B,151,55,127,8305,-5,7890,160,
01-Oct-24,South,B,88,17,75,1496,-5,1421,93,
01-Nov-24,South,B,169,18,149,3042,-5,2890,179,
01-Dec-24,South,B,174,38,153,6612,-5,6281,184,
01-Jan-25,South,B,197,11,177,2167,-5,2059,209,
01-Feb-25,South,B,97,55,83,5335,-5,5068,103,
01-Mar-25,South,B,114,26,92,2964,-5,2816,121,
01-Apr-21,South,B,129,61,116,7869,-5,7476,137,
01-May-21,South,B,125,61,101,7625,-5,7244,133,
01-Jun-21,South,B,127,62,103,7874,-5,7480,135,
01-Jul-21,South,B,80,38,70,3040,-5,2888,85,
01-Aug-21,South,B,197,60,167,11820,-5,11229,209,
01-Sep-21,South,B,144,48,124,6912,-5,6566,153,
01-Oct-21,South,B,122,33,102,4026,-5,3825,129,
01-Nov-21,South,B,83,18,68,1494,-5,1419,88,
01-Dec-21,South,B,142,40,121,5680,-5,5396,151,
01-Jan-22,South,B,92,43,83,3956,-5,3758,98,
01-Feb-22,South,B,91,53,81,4823,-5,4582,96,
01-Mar-22,South,B,112,63,101,7056,-5,6703,119,
01-Apr-22,South,B,122,45,104,5490,-5,5216,129,
01-May-22,South,B,125,20,110,2500,-5,2375,133,
01-Jun-22,South,B,189,34,159,6426,-5,6105,200,
01-Jul-22,South,B,141,28,125,3948,-5,3751,149,
01-Aug-22,South,B,82,48,66,3936,-5,3739,87,
01-Sep-22,South,B,149,25,131,3725,-5,3539,158,
01-Oct-22,South,B,94,23,80,2162,-5,2054,100,
01-Nov-22,South,B,166,39,143,6474,-5,6150,176,
01-Dec-22,South,B,120,60,106,7200,-5,6840,127,
01-Jan-23,South,B,97,15,81,1455,-5,1382,103,
01-Feb-23,South,B,141,62,123,8742,-5,8305,149,
01-Mar-23,South,B,103,44,84,4532,-5,4305,109,
01-Apr-23,South,B,174,54,150,9396,-5,8926,184,
01-May-23,South,B,167,48,144,8016,-5,7615,177,
01-Jun-23,South,B,78,50,68,3900,-5,3705,83,
01-Jul-23,South,B,83,35,72,2905,-5,2760,88,
01-Aug-23,South,B,111,26,95,2886,-5,2742,118,
01-Sep-23,South,B,101,51,82,5151,-5,4893,107,
01-Oct-23,South,B,104,46,87,4784,-5,4545,110,
01-Nov-23,South,B,93,14,82,1302,-5,1237,99,
01-Dec-23,South,B,142,62,119,8804,-5,8364,151,
01-Jan-24,South,B,141,53,116,7473,-5,7099,149,
01-Feb-24,South,B,147,53,132,7791,-5,7401,156,
01-Mar-24,South,B,102,34,90,3468,-5,3295,108,
01-Apr-24,South,B,167,59,140,9853,-5,9360,177,
01-May-24,South,B,110,38,96,4180,-5,3971,117,
01-Jun-24,South,B,192,46,165,8832,-5,8390,204,
01-Jul-24,South,B,109,63,89,6867,-5,6524,116,
01-Aug-24,South,B,165,36,140,5940,-5,5643,175,
01-Sep-24,South,B,153,61,138,9333,-5,8866,162,
01-Oct-24,South,B,180,19,160,3420,-5,3249,191,
01-Nov-24,South,B,175,20,154,3500,-5,3325,186,
01-Dec-24,South,B,174,43,157,7482,-5,7108,184,
01-Jan-25,South,B,178,12,158,2136,-5,2029,189,
01-Feb-25,South,B,172,61,155,10492,-5,9967,182,
01-Mar-25,South,B,155,29,140,4495,-5,4270,164,
01-Apr-21,North,B,86,53,76,4558,2,4649,84,
01-May-21,North,B,329,54,273,17766,2,18121,321,
01-Jun-21,North,B,204,55,184,11220,2,11444,199,
01-Jul-21,North,B,248,33,201,8184,2,8348,242,
01-Aug-21,North,B,267,54,219,14418,2,14706,261,
01-Sep-21,North,B,146,42,118,6132,2,6255,142,
01-Oct-21,North,B,284,29,256,8236,2,8401,277,
01-Nov-21,North,B,164,16,148,2624,2,2676,160,
01-Dec-21,North,B,228,36,185,8208,2,8372,223,
01-Jan-22,North,B,76,39,68,2964,2,3023,74,
01-Feb-22,North,B,284,48,230,13632,2,13905,277,
01-Mar-22,North,B,229,55,192,12595,2,12847,224,
01-Apr-22,North,B,108,40,95,4320,2,4406,105,
01-May-22,North,B,295,18,245,5310,2,5416,288,
01-Jun-22,North,B,163,30,135,4890,2,4988,159,
01-Jul-22,North,B,325,25,283,8125,2,8288,317,
01-Aug-22,North,B,198,42,178,8316,2,8482,193,
01-Sep-22,North,B,349,22,307,7678,2,7832,341,
01-Oct-22,North,B,112,21,92,2352,2,2399,109,
01-Nov-22,North,B,205,35,170,7175,2,7319,200,
01-Dec-22,North,B,292,53,242,15476,2,15786,285,
01-Jan-23,North,B,234,13,192,3042,2,3103,228,
01-Feb-23,North,B,142,54,115,7668,2,7821,139,
01-Mar-23,North,B,124,39,102,4836,2,4933,121,
01-Apr-23,North,B,172,47,139,8084,2,8246,168,
01-May-23,North,B,138,43,112,5934,2,6053,135,
01-Jun-23,North,B,162,44,144,7128,2,7271,158,
01-Jul-23,North,B,319,31,287,9889,2,10087,311,
01-Aug-23,North,B,260,23,218,5980,2,6100,254,
01-Sep-23,North,B,274,45,227,12330,2,12577,267,
01-Oct-23,North,B,176,40,143,7040,2,7181,172,
01-Nov-23,North,B,198,13,170,2574,2,2625,193,
01-Dec-23,North,B,199,55,163,10945,2,11164,194,
01-Jan-24,North,B,236,48,210,11328,2,11555,230,
01-Feb-24,North,B,270,48,227,12960,2,13219,264,
01-Mar-24,North,B,297,31,255,9207,2,9391,290,
01-Apr-24,North,B,119,51,98,6069,2,6190,116,
01-May-24,North,B,299,34,251,10166,2,10369,292,
01-Jun-24,North,B,267,41,238,10947,2,11166,261,
01-Jul-24,North,B,296,55,252,16280,2,16606,289,
01-Aug-24,North,B,320,32,259,10240,2,10445,312,
01-Sep-24,North,B,333,55,293,18315,2,18681,325,
01-Oct-24,North,B,241,17,210,4097,2,4179,235,
01-Nov-24,North,B,330,18,277,5940,2,6059,322,
01-Dec-24,North,B,128,38,115,4864,2,4961,125,
01-Jan-25,North,B,296,11,249,3256,2,3321,289,
01-Feb-25,North,B,132,55,116,7260,2,7405,129,
01-Mar-25,North,B,162,26,138,4212,2,4296,158,
01-Apr-21,North,B,138,61,120,8418,2,8586,135,
01-May-21,North,B,533,61,480,32513,2,33163,520,
01-Jun-21,North,B,316,62,284,19592,2,19984,308,
01-Jul-21,North,B,444,38,373,16872,2,17209,433,
01-Aug-21,North,B,425,60,349,25500,2,26010,415,
01-Sep-21,North,B,235,48,204,11280,2,11506,229,
01-Oct-21,North,B,474,33,412,15642,2,15955,463,
01-Nov-21,North,B,279,18,229,5022,2,5122,272,
01-Dec-21,North,B,367,40,316,14680,2,14974,358,
01-Jan-22,North,B,125,43,103,5375,2,5483,122,
01-Feb-22,North,B,480,53,413,25440,2,25949,468,
01-Mar-22,North,B,385,63,347,24255,2,24740,376,
01-Apr-22,North,B,189,45,166,8505,2,8675,184,
01-May-22,North,B,475,20,394,9500,2,9690,464,
01-Jun-22,North,B,245,34,201,8330,2,8497,239,
01-Jul-22,North,B,569,28,484,15932,2,16251,555,
01-Aug-22,North,B,333,48,280,15984,2,16304,325,
01-Sep-22,North,B,544,25,457,13600,2,13872,531,
01-Oct-22,North,B,174,23,141,4002,2,4082,170,
01-Nov-22,North,B,344,39,299,13416,2,13684,336,
01-Dec-22,North,B,450,60,401,27000,2,27540,439,
01-Jan-23,North,B,365,15,310,5475,2,5585,356,
01-Feb-23,North,B,256,62,210,15872,2,16189,250,
01-Mar-23,North,B,219,44,180,9636,2,9829,214,
01-Apr-23,North,B,310,54,254,16740,2,17075,303,
01-May-23,North,B,224,48,202,10752,2,10967,219,
01-Jun-23,North,B,290,50,252,14500,2,14790,283,
01-Jul-23,North,B,568,35,483,19880,2,20278,554,
01-Aug-23,North,B,429,26,386,11154,2,11377,419,
01-Sep-23,North,B,480,51,413,24480,2,24970,468,
01-Oct-23,North,B,271,46,244,12466,2,12715,264,
01-Nov-23,North,B,305,14,262,4270,2,4355,298,
01-Dec-23,North,B,314,62,279,19468,2,19857,306,
01-Jan-24,North,B,420,53,370,22260,2,22705,410,
01-Feb-24,North,B,459,53,409,24327,2,24814,448,
01-Mar-24,North,B,463,34,384,15742,2,16057,452,
01-Apr-24,North,B,188,59,160,11092,2,11314,183,
01-May-24,North,B,466,38,396,17708,2,18062,455,
01-Jun-24,North,B,417,46,359,19182,2,19566,407,
01-Jul-24,North,B,468,63,407,29484,2,30074,457,
01-Aug-24,North,B,493,36,439,17748,2,18103,481,
01-Sep-24,North,B,569,61,472,34709,2,35403,555,
01-Oct-24,North,B,395,19,320,7505,2,7655,386,
01-Nov-24,North,B,502,20,432,10040,2,10241,490,
01-Dec-24,North,B,210,43,189,9030,2,9211,205,
01-Jan-25,North,B,471,12,414,5652,2,5765,460,
01-Feb-25,North,B,215,61,189,13115,2,13377,210,
01-Mar-25,North,B,290,29,241,8410,2,8578,283,
01-Apr-21,North,B,86,53,76,4558,3,4695,83,
01-May-21,North,B,329,54,273,17766,3,18299,317,
01-Jun-21,North,B,204,55,184,11220,3,11557,197,
01-Jul-21,North,B,248,33,201,8184,3,8430,239,
01-Aug-21,North,B,267,54,219,14418,3,14851,257,
01-Sep-21,North,B,146,42,118,6132,3,6316,141,
01-Oct-21,North,B,284,29,256,8236,3,8483,274,
01-Nov-21,North,B,164,16,148,2624,3,2703,158,
01-Dec-21,North,B,228,36,185,8208,3,8454,220,
01-Jan-22,North,B,76,39,68,2964,3,3053,73,
01-Feb-22,North,B,284,48,230,13632,3,14041,274,
01-Mar-22,North,B,229,55,192,12595,3,12973,221,
01-Apr-22,North,B,108,40,95,4320,3,4450,104,
01-May-22,North,B,295,18,245,5310,3,5469,284,
01-Jun-22,North,B,163,30,135,4890,3,5037,157,
01-Jul-22,North,B,325,25,283,8125,3,8369,313,
01-Aug-22,North,B,198,42,178,8316,3,8565,191,
01-Sep-22,North,B,349,22,307,7678,3,7908,336,
01-Oct-22,North,B,112,21,92,2352,3,2423,108,
01-Nov-22,North,B,205,35,170,7175,3,7390,198,
01-Dec-22,North,B,292,53,242,15476,3,15940,281,
01-Jan-23,North,B,234,13,192,3042,3,3133,226,
01-Feb-23,North,B,142,54,115,7668,3,7898,137,
01-Mar-23,North,B,124,39,102,4836,3,4981,120,
01-Apr-23,North,B,172,47,139,8084,3,8327,166,
01-May-23,North,B,138,43,112,5934,3,6112,133,
01-Jun-23,North,B,162,44,144,7128,3,7342,156,
01-Jul-23,North,B,319,31,287,9889,3,10186,308,
01-Aug-23,North,B,260,23,218,5980,3,6159,251,
01-Sep-23,North,B,274,45,227,12330,3,12700,264,
01-Oct-23,North,B,176,40,143,7040,3,7251,170,
01-Nov-23,North,B,198,13,170,2574,3,2651,191,
01-Dec-23,North,B,199,55,163,10945,3,11273,192,
01-Jan-24,North,B,236,48,210,11328,3,11668,228,
01-Feb-24,North,B,270,48,227,12960,3,13349,260,
01-Mar-24,North,B,297,31,255,9207,3,9483,286,
01-Apr-24,North,B,119,51,98,6069,3,6251,115,
01-May-24,North,B,299,34,251,10166,3,10471,288,
01-Jun-24,North,B,267,41,238,10947,3,11275,257,
01-Jul-24,North,B,296,55,252,16280,3,16768,285,
01-Aug-24,North,B,320,32,259,10240,3,10547,308,
01-Sep-24,North,B,333,55,293,18315,3,18864,321,
01-Oct-24,North,B,241,17,210,4097,3,4220,232,
01-Nov-24,North,B,330,18,277,5940,3,6118,318,
01-Dec-24,North,B,128,38,115,4864,3,5010,123,
01-Jan-25,North,B,296,11,249,3256,3,3354,285,
01-Feb-25,North,B,132,55,116,7260,3,7478,127,
01-Mar-25,North,B,162,26,138,4212,3,4338,156,
01-Apr-21,North,B,138,61,120,8418,3,8671,133,
01-May-21,North,B,533,61,480,32513,3,33488,514,
01-Jun-21,North,B,316,62,284,19592,3,20180,305,
01-Jul-21,North,B,444,38,373,16872,3,17378,428,
01-Aug-21,North,B,425,60,349,25500,3,26265,410,
01-Sep-21,North,B,235,48,204,11280,3,11618,227,
01-Oct-21,North,B,474,33,412,15642,3,16111,457,
01-Nov-21,North,B,279,18,229,5022,3,5173,269,
01-Dec-21,North,B,367,40,316,14680,3,15120,354,
01-Jan-22,North,B,125,43,103,5375,3,5536,121,
01-Feb-22,North,B,480,53,413,25440,3,26203,463,
01-Mar-22,North,B,385,63,347,24255,3,24983,371,
01-Apr-22,North,B,189,45,166,8505,3,8760,182,
01-May-22,North,B,475,20,394,9500,3,9785,458,
01-Jun-22,North,B,245,34,201,8330,3,8580,236,
01-Jul-22,North,B,569,28,484,15932,3,16410,549,
01-Aug-22,North,B,333,48,280,15984,3,16464,321,
01-Sep-22,North,B,544,25,457,13600,3,14008,524,
01-Oct-22,North,B,174,23,141,4002,3,4122,168,
01-Nov-22,North,B,344,39,299,13416,3,13818,332,
01-Dec-22,North,B,450,60,401,27000,3,27810,434,
01-Jan-23,North,B,365,15,310,5475,3,5639,352,
01-Feb-23,North,B,256,62,210,15872,3,16348,247,
01-Mar-23,North,B,219,44,180,9636,3,9925,211,
01-Apr-23,North,B,310,54,254,16740,3,17242,299,
01-May-23,North,B,224,48,202,10752,3,11075,216,
01-Jun-23,North,B,290,50,252,14500,3,14935,280,
01-Jul-23,North,B,568,35,483,19880,3,20476,548,
01-Aug-23,North,B,429,26,386,11154,3,11489,414,
01-Sep-23,North,B,480,51,413,24480,3,25214,463,
01-Oct-23,North,B,271,46,244,12466,3,12840,261,
01-Nov-23,North,B,305,14,262,4270,3,4398,294,
01-Dec-23,North,B,314,62,279,19468,3,20052,303,
01-Jan-24,North,B,420,53,370,22260,3,22928,405,
01-Feb-24,North,B,459,53,409,24327,3,25057,442,
01-Mar-24,North,B,463,34,384,15742,3,16214,446,
01-Apr-24,North,B,188,59,160,11092,3,11425,181,
01-May-24,North,B,466,38,396,17708,3,18239,449,
01-Jun-24,North,B,417,46,359,19182,3,19757,402,
01-Jul-24,North,B,468,63,407,29484,3,30369,451,
01-Aug-24,North,B,493,36,439,17748,3,18280,475,
01-Sep-24,North,B,569,61,472,34709,3,35750,549,
01-Oct-24,North,B,395,19,320,7505,3,7730,381,
01-Nov-24,North,B,502,20,432,10040,3,10341,484,
01-Dec-24,North,B,210,43,189,9030,3,9301,202,
01-Jan-25,North,B,471,12,414,5652,3,5822,454,
01-Feb-25,North,B,215,61,189,13115,3,13508,207,
01-Mar-25,North,B,290,29,241,8410,3,8662,280,
01-Apr-21,North,B,86,53,76,4558,4,4740,82,
01-May-21,North,B,329,54,273,17766,4,18477,313,
01-Jun-21,North,B,204,55,184,11220,4,11669,194,
01-Jul-21,North,B,248,33,201,8184,4,8511,236,
01-Aug-21,North,B,267,54,219,14418,4,14995,254,
01-Sep-21,North,B,146,42,118,6132,4,6377,139,
01-Oct-21,North,B,284,29,256,8236,4,8565,270,
01-Nov-21,North,B,164,16,148,2624,4,2729,156,
01-Dec-21,North,B,228,36,185,8208,4,8536,217,
01-Jan-22,North,B,76,39,68,2964,4,3083,72,
01-Feb-22,North,B,284,48,230,13632,4,14177,270,
01-Mar-22,North,B,229,55,192,12595,4,13099,218,
01-Apr-22,North,B,108,40,95,4320,4,4493,103,
01-May-22,North,B,295,18,245,5310,4,5522,281,
01-Jun-22,North,B,163,30,135,4890,4,5086,155,
01-Jul-22,North,B,325,25,283,8125,4,8450,309,
01-Aug-22,North,B,198,42,178,8316,4,8649,188,
01-Sep-22,North,B,349,22,307,7678,4,7985,332,
01-Oct-22,North,B,112,21,92,2352,4,2446,107,
01-Nov-22,North,B,205,35,170,7175,4,7462,195,
01-Dec-22,North,B,292,53,242,15476,4,16095,278,
01-Jan-23,North,B,234,13,192,3042,4,3164,223,
01-Feb-23,North,B,142,54,115,7668,4,7975,135,
01-Mar-23,North,B,124,39,102,4836,4,5029,118,
01-Apr-23,North,B,172,47,139,8084,4,8407,164,
01-May-23,North,B,138,43,112,5934,4,6171,131,
01-Jun-23,North,B,162,44,144,7128,4,7413,154,
01-Jul-23,North,B,319,31,287,9889,4,10285,304,
01-Aug-23,North,B,260,23,218,5980,4,6219,248,
01-Sep-23,North,B,274,45,227,12330,4,12823,261,
01-Oct-23,North,B,176,40,143,7040,4,7322,168,
01-Nov-23,North,B,198,13,170,2574,4,2677,188,
01-Dec-23,North,B,199,55,163,10945,4,11383,189,
01-Jan-24,North,B,236,48,210,11328,4,11781,225,
01-Feb-24,North,B,270,48,227,12960,4,13478,257,
01-Mar-24,North,B,297,31,255,9207,4,9575,283,
01-Apr-24,North,B,119,51,98,6069,4,6312,113,
01-May-24,North,B,299,34,251,10166,4,10573,285,
01-Jun-24,North,B,267,41,238,10947,4,11385,254,
01-Jul-24,North,B,296,55,252,16280,4,16931,282,
01-Aug-24,North,B,320,32,259,10240,4,10650,305,
01-Sep-24,North,B,333,55,293,18315,4,19048,317,
01-Oct-24,North,B,241,17,210,4097,4,4261,229,
01-Nov-24,North,B,330,18,277,5940,4,6178,314,
01-Dec-24,North,B,128,38,115,4864,4,5059,122,
01-Jan-25,North,B,296,11,249,3256,4,3386,282,
01-Feb-25,North,B,132,55,116,7260,4,7550,126,
01-Mar-25,North,B,162,26,138,4212,4,4380,154,
01-Apr-21,North,B,138,61,120,8418,4,8755,131,
01-May-21,North,B,533,61,480,32513,4,33814,507,
01-Jun-21,North,B,316,62,284,19592,4,20376,301,
01-Jul-21,North,B,444,38,373,16872,4,17547,423,
01-Aug-21,North,B,425,60,349,25500,4,26520,405,
01-Sep-21,North,B,235,48,204,11280,4,11731,224,
01-Oct-21,North,B,474,33,412,15642,4,16268,451,
01-Nov-21,North,B,279,18,229,5022,4,5223,266,
01-Dec-21,North,B,367,40,316,14680,4,15267,349,
01-Jan-22,North,B,125,43,103,5375,4,5590,119,
01-Feb-22,North,B,480,53,413,25440,4,26458,457,
01-Mar-22,North,B,385,63,347,24255,4,25225,367,
01-Apr-22,North,B,189,45,166,8505,4,8845,180,
01-May-22,North,B,475,20,394,9500,4,9880,452,
01-Jun-22,North,B,245,34,201,8330,4,8663,233,
01-Jul-22,North,B,569,28,484,15932,4,16569,542,
01-Aug-22,North,B,333,48,280,15984,4,16623,317,
01-Sep-22,North,B,544,25,457,13600,4,14144,518,
01-Oct-22,North,B,174,23,141,4002,4,4162,166,
01-Nov-22,North,B,344,39,299,13416,4,13953,327,
01-Dec-22,North,B,450,60,401,27000,4,28080,428,
01-Jan-23,North,B,365,15,310,5475,4,5694,347,
01-Feb-23,North,B,256,62,210,15872,4,16507,244,
01-Mar-23,North,B,219,44,180,9636,4,10021,208,
01-Apr-23,North,B,310,54,254,16740,4,17410,295,
01-May-23,North,B,224,48,202,10752,4,11182,213,
01-Jun-23,North,B,290,50,252,14500,4,15080,276,
01-Jul-23,North,B,568,35,483,19880,4,20675,541,
01-Aug-23,North,B,429,26,386,11154,4,11600,408,
01-Sep-23,North,B,480,51,413,24480,4,25459,457,
01-Oct-23,North,B,271,46,244,12466,4,12965,258,
01-Nov-23,North,B,305,14,262,4270,4,4441,290,
01-Dec-23,North,B,314,62,279,19468,4,20247,299,
01-Jan-24,North,B,420,53,370,22260,4,23150,400,
01-Feb-24,North,B,459,53,409,24327,4,25300,437,
01-Mar-24,North,B,463,34,384,15742,4,16372,441,
01-Apr-24,North,B,188,59,160,11092,4,11536,179,
01-May-24,North,B,466,38,396,17708,4,18416,444,
01-Jun-24,North,B,417,46,359,19182,4,19949,397,
01-Jul-24,North,B,468,63,407,29484,4,30663,446,
01-Aug-24,North,B,493,36,439,17748,4,18458,469,
01-Sep-24,North,B,569,61,472,34709,4,36097,542,
01-Oct-24,North,B,395,19,320,7505,4,7805,376,
01-Nov-24,North,B,502,20,432,10040,4,10442,478,
01-Dec-24,North,B,210,43,189,9030,4,9391,200,
01-Jan-25,North,B,471,12,414,5652,4,5878,448,
01-Feb-25,North,B,215,61,189,13115,4,13640,205,
01-Mar-25,North,B,290,29,241,8410,4,8746,276,
01-Apr-21,North,B,86,53,76,4558,5,4786,81,
01-May-21,North,B,329,54,273,17766,5,18654,309,
01-Jun-21,North,B,204,55,184,11220,5,11781,192,
01-Jul-21,North,B,248,33,201,8184,5,8593,233,
01-Aug-21,North,B,267,54,219,14418,5,15139,251,
01-Sep-21,North,B,146,42,118,6132,5,6439,137,
01-Oct-21,North,B,284,29,256,8236,5,8648,267,
01-Nov-21,North,B,164,16,148,2624,5,2755,154,
01-Dec-21,North,B,228,36,185,8208,5,8618,214,
01-Jan-22,North,B,76,39,68,2964,5,3112,71,
01-Feb-22,North,B,284,48,230,13632,5,14314,267,
01-Mar-22,North,B,229,55,192,12595,5,13225,215,
01-Apr-22,North,B,108,40,95,4320,5,4536,102,
01-May-22,North,B,295,18,245,5310,5,5576,277,
01-Jun-22,North,B,163,30,135,4890,5,5135,153,
01-Jul-22,North,B,325,25,283,8125,5,8531,306,
01-Aug-22,North,B,198,42,178,8316,5,8732,186,
01-Sep-22,North,B,349,22,307,7678,5,8062,328,
01-Oct-22,North,B,112,21,92,2352,5,2470,105,
01-Nov-22,North,B,205,35,170,7175,5,7534,193,
01-Dec-22,North,B,292,53,242,15476,5,16250,274,
01-Jan-23,North,B,234,13,192,3042,5,3194,220,
01-Feb-23,North,B,142,54,115,7668,5,8051,133,
01-Mar-23,North,B,124,39,102,4836,5,5078,117,
01-Apr-23,North,B,172,47,139,8084,5,8488,162,
01-May-23,North,B,138,43,112,5934,5,6231,130,
01-Jun-23,North,B,162,44,144,7128,5,7484,152,
01-Jul-23,North,B,319,31,287,9889,5,10383,300,
01-Aug-23,North,B,260,23,218,5980,5,6279,244,
01-Sep-23,North,B,274,45,227,12330,5,12947,258,
01-Oct-23,North,B,176,40,143,7040,5,7392,165,
01-Nov-23,North,B,198,13,170,2574,5,2703,186,
01-Dec-23,North,B,199,55,163,10945,5,11492,187,
01-Jan-24,North,B,236,48,210,11328,5,11894,222,
01-Feb-24,North,B,270,48,227,12960,5,13608,254,
01-Mar-24,North,B,297,31,255,9207,5,9667,279,
01-Apr-24,North,B,119,51,98,6069,5,6372,112,
01-May-24,North,B,299,34,251,10166,5,10674,281,
01-Jun-24,North,B,267,41,238,10947,5,11494,251,
01-Jul-24,North,B,296,55,252,16280,5,17094,278,
01-Aug-24,North,B,320,32,259,10240,5,10752,301,
01-Sep-24,North,B,333,55,293,18315,5,19231,313,
01-Oct-24,North,B,241,17,210,4097,5,4302,227,
01-Nov-24,North,B,330,18,277,5940,5,6237,310,
01-Dec-24,North,B,128,38,115,4864,5,5107,120,
01-Jan-25,North,B,296,11,249,3256,5,3419,278,
01-Feb-25,North,B,132,55,116,7260,5,7623,124,
01-Mar-25,North,B,162,26,138,4212,5,4423,152,
01-Apr-21,North,B,138,61,120,8418,5,8839,130,
01-May-21,North,B,533,61,480,32513,5,34139,501,
01-Jun-21,North,B,316,62,284,19592,5,20572,297,
01-Jul-21,North,B,444,38,373,16872,5,17716,417,
01-Aug-21,North,B,425,60,349,25500,5,26775,400,
01-Sep-21,North,B,235,48,204,11280,5,11844,221,
01-Oct-21,North,B,474,33,412,15642,5,16424,446,
01-Nov-21,North,B,279,18,229,5022,5,5273,262,
01-Dec-21,North,B,367,40,316,14680,5,15414,345,
01-Jan-22,North,B,125,43,103,5375,5,5644,118,
01-Feb-22,North,B,480,53,413,25440,5,26712,451,
01-Mar-22,North,B,385,63,347,24255,5,25468,362,
01-Apr-22,North,B,189,45,166,8505,5,8930,178,
01-May-22,North,B,475,20,394,9500,5,9975,447,
01-Jun-22,North,B,245,34,201,8330,5,8747,230,
01-Jul-22,North,B,569,28,484,15932,5,16729,535,
01-Aug-22,North,B,333,48,280,15984,5,16783,313,
01-Sep-22,North,B,544,25,457,13600,5,14280,511,
01-Oct-22,North,B,174,23,141,4002,5,4202,164,
01-Nov-22,North,B,344,39,299,13416,5,14087,323,
01-Dec-22,North,B,450,60,401,27000,5,28350,423,
01-Jan-23,North,B,365,15,310,5475,5,5749,343,
01-Feb-23,North,B,256,62,210,15872,5,16666,241,
01-Mar-23,North,B,219,44,180,9636,5,10118,206,
01-Apr-23,North,B,310,54,254,16740,5,17577,291,
01-May-23,North,B,224,48,202,10752,5,11290,211,
01-Jun-23,North,B,290,50,252,14500,5,15225,273,
01-Jul-23,North,B,568,35,483,19880,5,20874,534,
01-Aug-23,North,B,429,26,386,11154,5,11712,403,
01-Sep-23,North,B,480,51,413,24480,5,25704,451,
01-Oct-23,North,B,271,46,244,12466,5,13089,255,
01-Nov-23,North,B,305,14,262,4270,5,4484,287,
01-Dec-23,North,B,314,62,279,19468,5,20441,295,
01-Jan-24,North,B,420,53,370,22260,5,23373,395,
01-Feb-24,North,B,459,53,409,24327,5,25543,431,
01-Mar-24,North,B,463,34,384,15742,5,16529,435,
01-Apr-24,North,B,188,59,160,11092,5,11647,177,
01-May-24,North,B,466,38,396,17708,5,18593,438,
01-Jun-24,North,B,417,46,359,19182,5,20141,392,
01-Jul-24,North,B,468,63,407,29484,5,30958,440,
01-Aug-24,North,B,493,36,439,17748,5,18635,463,
01-Sep-24,North,B,569,61,472,34709,5,36444,535,
01-Oct-24,North,B,395,19,320,7505,5,7880,371,
01-Nov-24,North,B,502,20,432,10040,5,10542,472,
01-Dec-24,North,B,210,43,189,9030,5,9482,197,
01-Jan-25,North,B,471,12,414,5652,5,5935,443,
01-Feb-25,North,B,215,61,189,13115,5,13771,202,
01-Mar-25,North,B,290,29,241,8410,5,8831,273,
01-Apr-21,North,B,86,53,76,4558,-2,4467,88,
01-May-21,North,B,329,54,273,17766,-2,17411,337,
01-Jun-21,North,B,204,55,184,11220,-2,10996,209,
01-Jul-21,North,B,248,33,201,8184,-2,8020,254,
01-Aug-21,North,B,267,54,219,14418,-2,14130,273,
01-Sep-21,North,B,146,42,118,6132,-2,6009,150,
01-Oct-21,North,B,284,29,256,8236,-2,8071,291,
01-Nov-21,North,B,164,16,148,2624,-2,2572,168,
01-Dec-21,North,B,228,36,185,8208,-2,8044,233,
01-Jan-22,North,B,76,39,68,2964,-2,2905,78,
01-Feb-22,North,B,284,48,230,13632,-2,13359,291,
01-Mar-22,North,B,229,55,192,12595,-2,12343,234,
01-Apr-22,North,B,108,40,95,4320,-2,4234,111,
01-May-22,North,B,295,18,245,5310,-2,5204,302,
01-Jun-22,North,B,163,30,135,4890,-2,4792,167,
01-Jul-22,North,B,325,25,283,8125,-2,7963,333,
01-Aug-22,North,B,198,42,178,8316,-2,8150,203,
01-Sep-22,North,B,349,22,307,7678,-2,7524,357,
01-Oct-22,North,B,112,21,92,2352,-2,2305,115,
01-Nov-22,North,B,205,35,170,7175,-2,7032,210,
01-Dec-22,North,B,292,53,242,15476,-2,15166,299,
01-Jan-23,North,B,234,13,192,3042,-2,2981,240,
01-Feb-23,North,B,142,54,115,7668,-2,7515,145,
01-Mar-23,North,B,124,39,102,4836,-2,4739,127,
01-Apr-23,North,B,172,47,139,8084,-2,7922,176,
01-May-23,North,B,138,43,112,5934,-2,5815,141,
01-Jun-23,North,B,162,44,144,7128,-2,6985,166,
01-Jul-23,North,B,319,31,287,9889,-2,9691,327,
01-Aug-23,North,B,260,23,218,5980,-2,5860,266,
01-Sep-23,North,B,274,45,227,12330,-2,12083,281,
01-Oct-23,North,B,176,40,143,7040,-2,6899,180,
01-Nov-23,North,B,198,13,170,2574,-2,2523,203,
01-Dec-23,North,B,199,55,163,10945,-2,10726,204,
01-Jan-24,North,B,236,48,210,11328,-2,11101,242,
01-Feb-24,North,B,270,48,227,12960,-2,12701,276,
01-Mar-24,North,B,297,31,255,9207,-2,9023,304,
01-Apr-24,North,B,119,51,98,6069,-2,5948,122,
01-May-24,North,B,299,34,251,10166,-2,9963,306,
01-Jun-24,North,B,267,41,238,10947,-2,10728,273,
01-Jul-24,North,B,296,55,252,16280,-2,15954,303,
01-Aug-24,North,B,320,32,259,10240,-2,10035,328,
01-Sep-24,North,B,333,55,293,18315,-2,17949,341,
01-Oct-24,North,B,241,17,210,4097,-2,4015,247,
01-Nov-24,North,B,330,18,277,5940,-2,5821,338,
01-Dec-24,North,B,128,38,115,4864,-2,4767,131,
01-Jan-25,North,B,296,11,249,3256,-2,3191,303,
01-Feb-25,North,B,132,55,116,7260,-2,7115,135,
01-Mar-25,North,B,162,26,138,4212,-2,4128,166,
01-Apr-21,North,B,138,61,120,8418,-2,8250,141,
01-May-21,North,B,533,61,480,32513,-2,31863,546,
01-Jun-21,North,B,316,62,284,19592,-2,19200,324,
01-Jul-21,North,B,444,38,373,16872,-2,16535,455,
01-Aug-21,North,B,425,60,349,25500,-2,24990,435,
01-Sep-21,North,B,235,48,204,11280,-2,11054,241,
01-Oct-21,North,B,474,33,412,15642,-2,15329,485,
01-Nov-21,North,B,279,18,229,5022,-2,4922,286,
01-Dec-21,North,B,367,40,316,14680,-2,14386,376,
01-Jan-22,North,B,125,43,103,5375,-2,5268,128,
01-Feb-22,North,B,480,53,413,25440,-2,24931,492,
01-Mar-22,North,B,385,63,347,24255,-2,23770,394,
01-Apr-22,North,B,189,45,166,8505,-2,8335,194,
01-May-22,North,B,475,20,394,9500,-2,9310,486,
01-Jun-22,North,B,245,34,201,8330,-2,8163,251,
01-Jul-22,North,B,569,28,484,15932,-2,15613,583,
01-Aug-22,North,B,333,48,280,15984,-2,15664,341,
01-Sep-22,North,B,544,25,457,13600,-2,13328,557,
01-Oct-22,North,B,174,23,141,4002,-2,3922,178,
01-Nov-22,North,B,344,39,299,13416,-2,13148,352,
01-Dec-22,North,B,450,60,401,27000,-2,26460,461,
01-Jan-23,North,B,365,15,310,5475,-2,5366,374,
01-Feb-23,North,B,256,62,210,15872,-2,15555,262,
01-Mar-23,North,B,219,44,180,9636,-2,9443,224,
01-Apr-23,North,B,310,54,254,16740,-2,16405,317,
01-May-23,North,B,224,48,202,10752,-2,10537,229,
01-Jun-23,North,B,290,50,252,14500,-2,14210,297,
01-Jul-23,North,B,568,35,483,19880,-2,19482,582,
01-Aug-23,North,B,429,26,386,11154,-2,10931,439,
01-Sep-23,North,B,480,51,413,24480,-2,23990,492,
01-Oct-23,North,B,271,46,244,12466,-2,12217,278,
01-Nov-23,North,B,305,14,262,4270,-2,4185,312,
01-Dec-23,North,B,314,62,279,19468,-2,19079,322,
01-Jan-24,North,B,420,53,370,22260,-2,21815,430,
01-Feb-24,North,B,459,53,409,24327,-2,23840,470,
01-Mar-24,North,B,463,34,384,15742,-2,15427,474,
01-Apr-24,North,B,188,59,160,11092,-2,10870,193,
01-May-24,North,B,466,38,396,17708,-2,17354,477,
01-Jun-24,North,B,417,46,359,19182,-2,18798,427,
01-Jul-24,North,B,468,63,407,29484,-2,28894,479,
01-Aug-24,North,B,493,36,439,17748,-2,17393,505,
01-Sep-24,North,B,569,61,472,34709,-2,34015,583,
01-Oct-24,North,B,395,19,320,7505,-2,7355,404,
01-Nov-24,North,B,502,20,432,10040,-2,9839,514,
01-Dec-24,North,B,210,43,189,9030,-2,8849,215,
01-Jan-25,North,B,471,12,414,5652,-2,5539,482,
01-Feb-25,North,B,215,61,189,13115,-2,12853,220,
01-Mar-25,North,B,290,29,241,8410,-2,8242,297,
01-Apr-21,North,B,86,53,76,4558,-3,4421,89,
01-May-21,North,B,329,54,273,17766,-3,17233,342,
01-Jun-21,North,B,204,55,184,11220,-3,10883,212,
01-Jul-21,North,B,248,33,201,8184,-3,7938,257,
01-Aug-21,North,B,267,54,219,14418,-3,13985,277,
01-Sep-21,North,B,146,42,118,6132,-3,5948,152,
01-Oct-21,North,B,284,29,256,8236,-3,7989,295,
01-Nov-21,North,B,164,16,148,2624,-3,2545,170,
01-Dec-21,North,B,228,36,185,8208,-3,7962,237,
01-Jan-22,North,B,76,39,68,2964,-3,2875,79,
01-Feb-22,North,B,284,48,230,13632,-3,13223,295,
01-Mar-22,North,B,229,55,192,12595,-3,12217,238,
01-Apr-22,North,B,108,40,95,4320,-3,4190,112,
01-May-22,North,B,295,18,245,5310,-3,5151,306,
01-Jun-22,North,B,163,30,135,4890,-3,4743,169,
01-Jul-22,North,B,325,25,283,8125,-3,7881,337,
01-Aug-22,North,B,198,42,178,8316,-3,8067,206,
01-Sep-22,North,B,349,22,307,7678,-3,7448,362,
01-Oct-22,North,B,112,21,92,2352,-3,2281,116,
01-Nov-22,North,B,205,35,170,7175,-3,6960,213,
01-Dec-22,North,B,292,53,242,15476,-3,15012,303,
01-Jan-23,North,B,234,13,192,3042,-3,2951,243,
01-Feb-23,North,B,142,54,115,7668,-3,7438,147,
01-Mar-23,North,B,124,39,102,4836,-3,4691,129,
01-Apr-23,North,B,172,47,139,8084,-3,7841,179,
01-May-23,North,B,138,43,112,5934,-3,5756,143,
01-Jun-23,North,B,162,44,144,7128,-3,6914,168,
01-Jul-23,North,B,319,31,287,9889,-3,9592,331,
01-Aug-23,North,B,260,23,218,5980,-3,5801,270,
01-Sep-23,North,B,274,45,227,12330,-3,11960,284,
01-Oct-23,North,B,176,40,143,7040,-3,6829,183,
01-Nov-23,North,B,198,13,170,2574,-3,2497,206,
01-Dec-23,North,B,199,55,163,10945,-3,10617,207,
01-Jan-24,North,B,236,48,210,11328,-3,10988,245,
01-Feb-24,North,B,270,48,227,12960,-3,12571,280,
01-Mar-24,North,B,297,31,255,9207,-3,8931,308,
01-Apr-24,North,B,119,51,98,6069,-3,5887,124,
01-May-24,North,B,299,34,251,10166,-3,9861,310,
01-Jun-24,North,B,267,41,238,10947,-3,10619,277,
01-Jul-24,North,B,296,55,252,16280,-3,15792,307,
01-Aug-24,North,B,320,32,259,10240,-3,9933,332,
01-Sep-24,North,B,333,55,293,18315,-3,17766,346,
01-Oct-24,North,B,241,17,210,4097,-3,3974,250,
01-Nov-24,North,B,330,18,277,5940,-3,5762,343,
01-Dec-24,North,B,128,38,115,4864,-3,4718,133,
01-Jan-25,North,B,296,11,249,3256,-3,3158,307,
01-Feb-25,North,B,132,55,116,7260,-3,7042,137,
01-Mar-25,North,B,162,26,138,4212,-3,4086,168,
01-Apr-21,North,B,138,61,120,8418,-3,8165,143,
01-May-21,North,B,533,61,480,32513,-3,31538,553,
01-Jun-21,North,B,316,62,284,19592,-3,19004,328,
01-Jul-21,North,B,444,38,373,16872,-3,16366,461,
01-Aug-21,North,B,425,60,349,25500,-3,24735,441,
01-Sep-21,North,B,235,48,204,11280,-3,10942,244,
01-Oct-21,North,B,474,33,412,15642,-3,15173,492,
01-Nov-21,North,B,279,18,229,5022,-3,4871,290,
01-Dec-21,North,B,367,40,316,14680,-3,14240,381,
01-Jan-22,North,B,125,43,103,5375,-3,5214,130,
01-Feb-22,North,B,480,53,413,25440,-3,24677,498,
01-Mar-22,North,B,385,63,347,24255,-3,23527,400,
01-Apr-22,North,B,189,45,166,8505,-3,8250,196,
01-May-22,North,B,475,20,394,9500,-3,9215,493,
01-Jun-22,North,B,245,34,201,8330,-3,8080,254,
01-Jul-22,North,B,569,28,484,15932,-3,15454,591,
01-Aug-22,North,B,333,48,280,15984,-3,15504,346,
01-Sep-22,North,B,544,25,457,13600,-3,13192,565,
01-Oct-22,North,B,174,23,141,4002,-3,3882,181,
01-Nov-22,North,B,344,39,299,13416,-3,13014,357,
01-Dec-22,North,B,450,60,401,27000,-3,26190,467,
01-Jan-23,North,B,365,15,310,5475,-3,5311,379,
01-Feb-23,North,B,256,62,210,15872,-3,15396,266,
01-Mar-23,North,B,219,44,180,9636,-3,9347,227,
01-Apr-23,North,B,310,54,254,16740,-3,16238,322,
01-May-23,North,B,224,48,202,10752,-3,10429,233,
01-Jun-23,North,B,290,50,252,14500,-3,14065,301,
01-Jul-23,North,B,568,35,483,19880,-3,19284,590,
01-Aug-23,North,B,429,26,386,11154,-3,10819,445,
01-Sep-23,North,B,480,51,413,24480,-3,23746,498,
01-Oct-23,North,B,271,46,244,12466,-3,12092,281,
01-Nov-23,North,B,305,14,262,4270,-3,4142,317,
01-Dec-23,North,B,314,62,279,19468,-3,18884,326,
01-Jan-24,North,B,420,53,370,22260,-3,21592,436,
01-Feb-24,North,B,459,53,409,24327,-3,23597,476,
01-Mar-24,North,B,463,34,384,15742,-3,15270,481,
01-Apr-24,North,B,188,59,160,11092,-3,10759,195,
01-May-24,North,B,466,38,396,17708,-3,17177,484,
01-Jun-24,North,B,417,46,359,19182,-3,18607,433,
01-Jul-24,North,B,468,63,407,29484,-3,28599,486,
01-Aug-24,North,B,493,36,439,17748,-3,17216,512,
01-Sep-24,North,B,569,61,472,34709,-3,33668,591,
01-Oct-24,North,B,395,19,320,7505,-3,7280,410,
01-Nov-24,North,B,502,20,432,10040,-3,9739,521,
01-Dec-24,North,B,210,43,189,9030,-3,8759,218,
01-Jan-25,North,B,471,12,414,5652,-3,5482,489,
01-Feb-25,North,B,215,61,189,13115,-3,12722,223,
01-Mar-25,North,B,290,29,241,8410,-3,8158,301,
01-Apr-21,North,B,86,53,76,4558,-4,4376,90,
01-May-21,North,B,329,54,273,17766,-4,17055,345,
01-Jun-21,North,B,204,55,184,11220,-4,10771,214,
01-Jul-21,North,B,248,33,201,8184,-4,7857,260,
01-Aug-21,North,B,267,54,219,14418,-4,13841,280,
01-Sep-21,North,B,146,42,118,6132,-4,5887,153,
01-Oct-21,North,B,284,29,256,8236,-4,7907,298,
01-Nov-21,North,B,164,16,148,2624,-4,2519,172,
01-Dec-21,North,B,228,36,185,8208,-4,7880,239,
01-Jan-22,North,B,76,39,68,2964,-4,2845,80,
01-Feb-22,North,B,284,48,230,13632,-4,13087,298,
01-Mar-22,North,B,229,55,192,12595,-4,12091,240,
01-Apr-22,North,B,108,40,95,4320,-4,4147,113,
01-May-22,North,B,295,18,245,5310,-4,5098,309,
01-Jun-22,North,B,163,30,135,4890,-4,4694,171,
01-Jul-22,North,B,325,25,283,8125,-4,7800,341,
01-Aug-22,North,B,198,42,178,8316,-4,7983,208,
01-Sep-22,North,B,349,22,307,7678,-4,7371,366,
01-Oct-22,North,B,112,21,92,2352,-4,2258,117,
01-Nov-22,North,B,205,35,170,7175,-4,6888,215,
01-Dec-22,North,B,292,53,242,15476,-4,14857,306,
01-Jan-23,North,B,234,13,192,3042,-4,2920,245,
01-Feb-23,North,B,142,54,115,7668,-4,7361,149,
01-Mar-23,North,B,124,39,102,4836,-4,4643,130,
01-Apr-23,North,B,172,47,139,8084,-4,7761,180,
01-May-23,North,B,138,43,112,5934,-4,5697,145,
01-Jun-23,North,B,162,44,144,7128,-4,6843,170,
01-Jul-23,North,B,319,31,287,9889,-4,9493,334,
01-Aug-23,North,B,260,23,218,5980,-4,5741,272,
01-Sep-23,North,B,274,45,227,12330,-4,11837,287,
01-Oct-23,North,B,176,40,143,7040,-4,6758,184,
01-Nov-23,North,B,198,13,170,2574,-4,2471,208,
01-Dec-23,North,B,199,55,163,10945,-4,10507,209,
01-Jan-24,North,B,236,48,210,11328,-4,10875,247,
01-Feb-24,North,B,270,48,227,12960,-4,12442,283,
01-Mar-24,North,B,297,31,255,9207,-4,8839,311,
01-Apr-24,North,B,119,51,98,6069,-4,5826,125,
01-May-24,North,B,299,34,251,10166,-4,9759,313,
01-Jun-24,North,B,267,41,238,10947,-4,10509,280,
01-Jul-24,North,B,296,55,252,16280,-4,15629,310,
01-Aug-24,North,B,320,32,259,10240,-4,9830,335,
01-Sep-24,North,B,333,55,293,18315,-4,17582,349,
01-Oct-24,North,B,241,17,210,4097,-4,3933,253,
01-Nov-24,North,B,330,18,277,5940,-4,5702,346,
01-Dec-24,North,B,128,38,115,4864,-4,4669,134,
01-Jan-25,North,B,296,11,249,3256,-4,3126,310,
01-Feb-25,North,B,132,55,116,7260,-4,6970,138,
01-Mar-25,North,B,162,26,138,4212,-4,4044,170,
01-Apr-21,North,B,138,61,120,8418,-4,8081,145,
01-May-21,North,B,533,61,480,32513,-4,31212,559,
01-Jun-21,North,B,316,62,284,19592,-4,18808,331,
01-Jul-21,North,B,444,38,373,16872,-4,16197,465,
01-Aug-21,North,B,425,60,349,25500,-4,24480,445,
01-Sep-21,North,B,235,48,204,11280,-4,10829,246,
01-Oct-21,North,B,474,33,412,15642,-4,15016,497,
01-Nov-21,North,B,279,18,229,5022,-4,4821,292,
01-Dec-21,North,B,367,40,316,14680,-4,14093,385,
01-Jan-22,North,B,125,43,103,5375,-4,5160,131,
01-Feb-22,North,B,480,53,413,25440,-4,24422,503,
01-Mar-22,North,B,385,63,347,24255,-4,23285,403,
01-Apr-22,North,B,189,45,166,8505,-4,8165,198,
01-May-22,North,B,475,20,394,9500,-4,9120,498,
01-Jun-22,North,B,245,34,201,8330,-4,7997,257,
01-Jul-22,North,B,569,28,484,15932,-4,15295,596,
01-Aug-22,North,B,333,48,280,15984,-4,15345,349,
01-Sep-22,North,B,544,25,457,13600,-4,13056,570,
01-Oct-22,North,B,174,23,141,4002,-4,3842,182,
01-Nov-22,North,B,344,39,299,13416,-4,12879,361,
01-Dec-22,North,B,450,60,401,27000,-4,25920,472,
01-Jan-23,North,B,365,15,310,5475,-4,5256,383,
01-Feb-23,North,B,256,62,210,15872,-4,15237,268,
01-Mar-23,North,B,219,44,180,9636,-4,9251,230,
01-Apr-23,North,B,310,54,254,16740,-4,16070,325,
01-May-23,North,B,224,48,202,10752,-4,10322,235,
01-Jun-23,North,B,290,50,252,14500,-4,13920,304,
01-Jul-23,North,B,568,35,483,19880,-4,19085,595,
01-Aug-23,North,B,429,26,386,11154,-4,10708,450,
01-Sep-23,North,B,480,51,413,24480,-4,23501,503,
01-Oct-23,North,B,271,46,244,12466,-4,11967,284,
01-Nov-23,North,B,305,14,262,4270,-4,4099,320,
01-Dec-23,North,B,314,62,279,19468,-4,18689,329,
01-Jan-24,North,B,420,53,370,22260,-4,21370,440,
01-Feb-24,North,B,459,53,409,24327,-4,23354,481,
01-Mar-24,North,B,463,34,384,15742,-4,15112,485,
01-Apr-24,North,B,188,59,160,11092,-4,10648,197,
01-May-24,North,B,466,38,396,17708,-4,17000,488,
01-Jun-24,North,B,417,46,359,19182,-4,18415,437,
01-Jul-24,North,B,468,63,407,29484,-4,28305,490,
01-Aug-24,North,B,493,36,439,17748,-4,17038,517,
01-Sep-24,North,B,569,61,472,34709,-4,33321,596,
01-Oct-24,North,B,395,19,320,7505,-4,7205,414,
01-Nov-24,North,B,502,20,432,10040,-4,9638,526,
01-Dec-24,North,B,210,43,189,9030,-4,8669,220,
01-Jan-25,North,B,471,12,414,5652,-4,5426,494,
01-Feb-25,North,B,215,61,189,13115,-4,12590,225,
01-Mar-25,North,B,290,29,241,8410,-4,8074,304,
01-Apr-21,North,B,86,53,76,4558,-5,4330,91,
01-May-21,North,B,329,54,273,17766,-5,16878,349,
01-Jun-21,North,B,204,55,184,11220,-5,10659,216,
01-Jul-21,North,B,248,33,201,8184,-5,7775,263,
01-Aug-21,North,B,267,54,219,14418,-5,13697,283,
01-Sep-21,North,B,146,42,118,6132,-5,5825,155,
01-Oct-21,North,B,284,29,256,8236,-5,7824,301,
01-Nov-21,North,B,164,16,148,2624,-5,2493,174,
01-Dec-21,North,B,228,36,185,8208,-5,7798,242,
01-Jan-22,North,B,76,39,68,2964,-5,2816,81,
01-Feb-22,North,B,284,48,230,13632,-5,12950,301,
01-Mar-22,North,B,229,55,192,12595,-5,11965,243,
01-Apr-22,North,B,108,40,95,4320,-5,4104,114,
01-May-22,North,B,295,18,245,5310,-5,5045,313,
01-Jun-22,North,B,163,30,135,4890,-5,4646,173,
01-Jul-22,North,B,325,25,283,8125,-5,7719,345,
01-Aug-22,North,B,198,42,178,8316,-5,7900,210,
01-Sep-22,North,B,349,22,307,7678,-5,7294,370,
01-Oct-22,North,B,112,21,92,2352,-5,2234,119,
01-Nov-22,North,B,205,35,170,7175,-5,6816,217,
01-Dec-22,North,B,292,53,242,15476,-5,14702,310,
01-Jan-23,North,B,234,13,192,3042,-5,2890,248,
01-Feb-23,North,B,142,54,115,7668,-5,7285,151,
01-Mar-23,North,B,124,39,102,4836,-5,4594,131,
01-Apr-23,North,B,172,47,139,8084,-5,7680,182,
01-May-23,North,B,138,43,112,5934,-5,5637,146,
01-Jun-23,North,B,162,44,144,7128,-5,6772,172,
01-Jul-23,North,B,319,31,287,9889,-5,9395,338,
01-Aug-23,North,B,260,23,218,5980,-5,5681,276,
01-Sep-23,North,B,274,45,227,12330,-5,11714,290,
01-Oct-23,North,B,176,40,143,7040,-5,6688,187,
01-Nov-23,North,B,198,13,170,2574,-5,2445,210,
01-Dec-23,North,B,199,55,163,10945,-5,10398,211,
01-Jan-24,North,B,236,48,210,11328,-5,10762,250,
01-Feb-24,North,B,270,48,227,12960,-5,12312,286,
01-Mar-24,North,B,297,31,255,9207,-5,8747,315,
01-Apr-24,North,B,119,51,98,6069,-5,5766,126,
01-May-24,North,B,299,34,251,10166,-5,9658,317,
01-Jun-24,North,B,267,41,238,10947,-5,10400,283,
01-Jul-24,North,B,296,55,252,16280,-5,15466,314,
01-Aug-24,North,B,320,32,259,10240,-5,9728,339,
01-Sep-24,North,B,333,55,293,18315,-5,17399,353,
01-Oct-24,North,B,241,17,210,4097,-5,3892,255,
01-Nov-24,North,B,330,18,277,5940,-5,5643,350,
01-Dec-24,North,B,128,38,115,4864,-5,4621,136,
01-Jan-25,North,B,296,11,249,3256,-5,3093,314,
01-Feb-25,North,B,132,55,116,7260,-5,6897,140,
01-Mar-25,North,B,162,26,138,4212,-5,4001,172,
01-Apr-21,North,B,138,61,120,8418,-5,7997,146,
01-May-21,North,B,533,61,480,32513,-5,30887,565,
01-Jun-21,North,B,316,62,284,19592,-5,18612,335,
01-Jul-21,North,B,444,38,373,16872,-5,16028,471,
01-Aug-21,North,B,425,60,349,25500,-5,24225,451,
01-Sep-21,North,B,235,48,204,11280,-5,10716,249,
01-Oct-21,North,B,474,33,412,15642,-5,14860,502,
01-Nov-21,North,B,279,18,229,5022,-5,4771,296,
01-Dec-21,North,B,367,40,316,14680,-5,13946,389,
01-Jan-22,North,B,125,43,103,5375,-5,5106,133,
01-Feb-22,North,B,480,53,413,25440,-5,24168,509,
01-Mar-22,North,B,385,63,347,24255,-5,23042,408,
01-Apr-22,North,B,189,45,166,8505,-5,8080,200,
01-May-22,North,B,475,20,394,9500,-5,9025,504,
01-Jun-22,North,B,245,34,201,8330,-5,7914,260,
01-Jul-22,North,B,569,28,484,15932,-5,15135,603,
01-Aug-22,North,B,333,48,280,15984,-5,15185,353,
01-Sep-22,North,B,544,25,457,13600,-5,12920,577,
01-Oct-22,North,B,174,23,141,4002,-5,3802,184,
01-Nov-22,North,B,344,39,299,13416,-5,12745,365,
01-Dec-22,North,B,450,60,401,27000,-5,25650,477,
01-Jan-23,North,B,365,15,310,5475,-5,5201,387,
01-Feb-23,North,B,256,62,210,15872,-5,15078,271,
01-Mar-23,North,B,219,44,180,9636,-5,9154,232,
01-Apr-23,North,B,310,54,254,16740,-5,15903,329,
01-May-23,North,B,224,48,202,10752,-5,10214,237,
01-Jun-23,North,B,290,50,252,14500,-5,13775,307,
01-Jul-23,North,B,568,35,483,19880,-5,18886,602,
01-Aug-23,North,B,429,26,386,11154,-5,10596,455,
01-Sep-23,North,B,480,51,413,24480,-5,23256,509,
01-Oct-23,North,B,271,46,244,12466,-5,11843,287,
01-Nov-23,North,B,305,14,262,4270,-5,4057,323,
01-Dec-23,North,B,314,62,279,19468,-5,18495,333,
01-Jan-24,North,B,420,53,370,22260,-5,21147,445,
01-Feb-24,North,B,459,53,409,24327,-5,23111,487,
01-Mar-24,North,B,463,34,384,15742,-5,14955,491,
01-Apr-24,North,B,188,59,160,11092,-5,10537,199,
01-May-24,North,B,466,38,396,17708,-5,16823,494,
01-Jun-24,North,B,417,46,359,19182,-5,18223,442,
01-Jul-24,North,B,468,63,407,29484,-5,28010,496,
01-Aug-24,North,B,493,36,439,17748,-5,16861,523,
01-Sep-24,North,B,569,61,472,34709,-5,32974,603,
01-Oct-24,North,B,395,19,320,7505,-5,7130,419,
01-Nov-24,North,B,502,20,432,10040,-5,9538,532,
01-Dec-24,North,B,210,43,189,9030,-5,8579,223,
01-Jan-25,North,B,471,12,414,5652,-5,5369,499,
01-Feb-25,North,B,215,61,189,13115,-5,12459,228,
01-Mar-25,North,B,290,29,241,8410,-5,7990,307,
01-Apr-21,North,C,102,64,84,6528,2,6659,100,
01-May-21,North,C,273,94,240,25662,2,26175,266,
01-Jun-21,North,C,140,78,118,10920,2,11138,137,
01-Jul-21,North,C,248,71,213,17608,2,17960,242,
01-Aug-21,North,C,237,92,201,21804,2,22240,231,
01-Sep-21,North,C,252,78,224,19656,2,20049,246,
01-Oct-21,North,C,188,84,165,15792,2,16108,183,
01-Nov-21,North,C,182,63,149,11466,2,11695,178,
01-Dec-21,North,C,131,86,117,11266,2,11491,128,
01-Jan-22,North,C,119,83,96,9877,2,10075,116,
01-Feb-22,North,C,132,52,115,6864,2,7001,129,
01-Mar-22,North,C,291,75,239,21825,2,22262,284,
01-Apr-22,North,C,216,74,175,15984,2,16304,211,
01-May-22,North,C,284,85,241,24140,2,24623,277,
01-Jun-22,North,C,110,58,95,6380,2,6508,107,
01-Jul-22,North,C,127,94,105,11938,2,12177,124,
01-Aug-22,North,C,158,52,141,8216,2,8380,154,
01-Sep-22,North,C,121,83,100,10043,2,10244,118,
01-Oct-22,North,C,114,92,96,10488,2,10698,111,
01-Nov-22,North,C,240,87,204,20880,2,21298,234,
01-Dec-22,North,C,201,54,179,10854,2,11071,196,
01-Jan-23,North,C,270,66,232,17820,2,18176,264,
01-Feb-23,North,C,266,85,239,22610,2,23062,260,
01-Mar-23,North,C,178,82,150,14596,2,14888,174,
01-Apr-23,North,C,193,66,170,12738,2,12993,188,
01-May-23,North,C,211,94,175,19834,2,20231,206,
01-Jun-23,North,C,164,62,143,10168,2,10371,160,
01-Jul-23,North,C,272,59,223,16048,2,16369,265,
01-Aug-23,North,C,242,78,206,18876,2,19254,236,
01-Sep-23,North,C,155,67,130,10385,2,10593,151,
01-Oct-23,North,C,294,73,259,21462,2,21891,287,
01-Nov-23,North,C,195,87,168,16965,2,17304,190,
01-Dec-23,North,C,298,69,262,20562,2,20973,291,
01-Jan-24,North,C,185,77,152,14245,2,14530,181,
01-Feb-24,North,C,132,98,111,12936,2,13195,129,
01-Mar-24,North,C,105,58,85,6090,2,6212,102,
01-Apr-24,North,C,174,54,141,9396,2,9584,170,
01-May-24,North,C,291,95,250,27645,2,28198,284,
01-Jun-24,North,C,123,63,100,7749,2,7904,120,
01-Jul-24,North,C,109,56,89,6104,2,6226,106,
01-Aug-24,North,C,255,69,209,17595,2,17947,249,
01-Sep-24,North,C,193,93,156,17949,2,18308,188,
01-Oct-24,North,C,287,60,247,17220,2,17564,280,
01-Nov-24,North,C,222,57,198,12654,2,12907,217,
01-Dec-24,North,C,290,75,258,21750,2,22185,283,
01-Jan-25,North,C,212,78,182,16536,2,16867,207,
01-Feb-25,North,C,102,82,91,8364,2,8531,100,
01-Mar-25,North,C,223,77,196,17171,2,17514,218,
01-Apr-21,North,C,212,67,182,14204,2,14488,207,
01-May-21,North,C,223,50,198,11150,2,11373,218,
01-Jun-21,North,C,144,100,120,14400,2,14688,141,
01-Jul-21,North,C,107,60,88,6420,2,6548,104,
01-Aug-21,North,C,144,75,122,10800,2,11016,141,
01-Sep-21,North,C,173,63,154,10899,2,11117,169,
01-Oct-21,North,C,166,91,144,15106,2,15408,162,
01-Nov-21,North,C,140,87,120,12180,2,12424,137,
01-Dec-21,North,C,133,68,116,9044,2,9225,130,
01-Jan-22,North,C,267,71,216,18957,2,19336,261,
01-Feb-22,North,C,150,99,131,14850,2,15147,146,
01-Mar-22,North,C,126,94,113,11844,2,12081,123,
01-Apr-22,North,C,293,84,243,24612,2,25104,286,
01-May-22,North,C,275,55,228,15125,2,15428,268,
01-Jun-22,North,C,137,96,121,13152,2,13415,134,
01-Jul-22,North,C,283,67,255,18961,2,19340,276,
01-Aug-22,North,C,290,80,235,23200,2,23664,283,
01-Sep-22,North,C,292,73,242,21316,2,21742,285,
01-Oct-22,North,C,116,70,100,8120,2,8282,113,
01-Nov-22,North,C,150,70,129,10500,2,10710,146,
01-Dec-22,North,C,155,74,129,11470,2,11699,151,
01-Jan-23,North,C,122,57,100,6954,2,7093,119,
01-Feb-23,North,C,232,85,188,19720,2,20114,226,
01-Mar-23,North,C,165,63,147,10395,2,10603,161,
01-Apr-23,North,C,295,83,260,24485,2,24975,288,
01-May-23,North,C,215,80,178,17200,2,17544,210,
01-Jun-23,North,C,140,77,122,10780,2,10996,137,
01-Jul-23,North,C,139,55,122,7645,2,7798,136,
01-Aug-23,North,C,145,64,117,9280,2,9466,142,
01-Sep-23,North,C,101,90,86,9090,2,9272,99,
01-Oct-23,North,C,285,100,254,28500,2,29070,278,
01-Nov-23,North,C,230,57,193,13110,2,13372,224,
01-Dec-23,North,C,118,75,105,8850,2,9027,115,
01-Jan-24,North,C,103,76,92,7828,2,7985,101,
01-Feb-24,North,C,205,76,178,15580,2,15892,200,
01-Mar-24,North,C,166,81,146,13446,2,13715,162,
01-Apr-24,North,C,243,53,214,12879,2,13137,237,
01-May-24,North,C,295,53,263,15635,2,15948,288,
01-Jun-24,North,C,238,72,214,17136,2,17479,232,
01-Jul-24,North,C,214,86,180,18404,2,18772,209,
01-Aug-24,North,C,259,99,225,25641,2,26154,253,
01-Sep-24,North,C,214,94,175,20116,2,20518,209,
01-Oct-24,North,C,121,90,109,10890,2,11108,118,
01-Nov-24,North,C,140,99,120,13860,2,14137,137,
01-Dec-24,North,C,103,63,93,6489,2,6619,101,
01-Jan-25,North,C,104,59,87,6136,2,6259,102,
01-Feb-25,North,C,185,84,154,15540,2,15851,181,
01-Mar-25,North,C,252,69,219,17388,2,17736,246,
01-Apr-21,North,C,102,64,84,6528,3,6724,98,
01-May-21,North,C,273,94,240,25662,3,26432,263,
01-Jun-21,North,C,140,78,118,10920,3,11248,135,
01-Jul-21,North,C,248,71,213,17608,3,18136,239,
01-Aug-21,North,C,237,92,201,21804,3,22458,228,
01-Sep-21,North,C,252,78,224,19656,3,20246,243,
01-Oct-21,North,C,188,84,165,15792,3,16266,181,
01-Nov-21,North,C,182,63,149,11466,3,11810,175,
01-Dec-21,North,C,131,86,117,11266,3,11604,126,
01-Jan-22,North,C,119,83,96,9877,3,10173,115,
01-Feb-22,North,C,132,52,115,6864,3,7070,127,
01-Mar-22,North,C,291,75,239,21825,3,22480,281,
01-Apr-22,North,C,216,74,175,15984,3,16464,208,
01-May-22,North,C,284,85,241,24140,3,24864,274,
01-Jun-22,North,C,110,58,95,6380,3,6571,106,
01-Jul-22,North,C,127,94,105,11938,3,12296,122,
01-Aug-22,North,C,158,52,141,8216,3,8462,152,
01-Sep-22,North,C,121,83,100,10043,3,10344,117,
01-Oct-22,North,C,114,92,96,10488,3,10803,110,
01-Nov-22,North,C,240,87,204,20880,3,21506,231,
01-Dec-22,North,C,201,54,179,10854,3,11180,194,
01-Jan-23,North,C,270,66,232,17820,3,18355,260,
01-Feb-23,North,C,266,85,239,22610,3,23288,256,
01-Mar-23,North,C,178,82,150,14596,3,15034,172,
01-Apr-23,North,C,193,66,170,12738,3,13120,186,
01-May-23,North,C,211,94,175,19834,3,20429,203,
01-Jun-23,North,C,164,62,143,10168,3,10473,158,
01-Jul-23,North,C,272,59,223,16048,3,16529,262,
01-Aug-23,North,C,242,78,206,18876,3,19442,233,
01-Sep-23,North,C,155,67,130,10385,3,10697,149,
01-Oct-23,North,C,294,73,259,21462,3,22106,283,
01-Nov-23,North,C,195,87,168,16965,3,17474,188,
01-Dec-23,North,C,298,69,262,20562,3,21179,287,
01-Jan-24,North,C,185,77,152,14245,3,14672,178,
01-Feb-24,North,C,132,98,111,12936,3,13324,127,
01-Mar-24,North,C,105,58,85,6090,3,6273,101,
01-Apr-24,North,C,174,54,141,9396,3,9678,168,
01-May-24,North,C,291,95,250,27645,3,28474,281,
01-Jun-24,North,C,123,63,100,7749,3,7981,119,
01-Jul-24,North,C,109,56,89,6104,3,6287,105,
01-Aug-24,North,C,255,69,209,17595,3,18123,246,
01-Sep-24,North,C,193,93,156,17949,3,18487,186,
01-Oct-24,North,C,287,60,247,17220,3,17737,277,
01-Nov-24,North,C,222,57,198,12654,3,13034,214,
01-Dec-24,North,C,290,75,258,21750,3,22403,280,
01-Jan-25,North,C,212,78,182,16536,3,17032,204,
01-Feb-25,North,C,102,82,91,8364,3,8615,98,
01-Mar-25,North,C,223,77,196,17171,3,17686,215,
01-Apr-21,North,C,212,67,182,14204,3,14630,204,
01-May-21,North,C,223,50,198,11150,3,11485,215,
01-Jun-21,North,C,144,100,120,14400,3,14832,139,
01-Jul-21,North,C,107,60,88,6420,3,6613,103,
01-Aug-21,North,C,144,75,122,10800,3,11124,139,
01-Sep-21,North,C,173,63,154,10899,3,11226,167,
01-Oct-21,North,C,166,91,144,15106,3,15559,160,
01-Nov-21,North,C,140,87,120,12180,3,12545,135,
01-Dec-21,North,C,133,68,116,9044,3,9315,128,
01-Jan-22,North,C,267,71,216,18957,3,19526,257,
01-Feb-22,North,C,150,99,131,14850,3,15296,145,
01-Mar-22,North,C,126,94,113,11844,3,12199,121,
01-Apr-22,North,C,293,84,243,24612,3,25350,282,
01-May-22,North,C,275,55,228,15125,3,15579,265,
01-Jun-22,North,C,137,96,121,13152,3,13547,132,
01-Jul-22,North,C,283,67,255,18961,3,19530,273,
01-Aug-22,North,C,290,80,235,23200,3,23896,280,
01-Sep-22,North,C,292,73,242,21316,3,21955,281,
01-Oct-22,North,C,116,70,100,8120,3,8364,112,
01-Nov-22,North,C,150,70,129,10500,3,10815,145,
01-Dec-22,North,C,155,74,129,11470,3,11814,149,
01-Jan-23,North,C,122,57,100,6954,3,7163,118,
01-Feb-23,North,C,232,85,188,19720,3,20312,224,
01-Mar-23,North,C,165,63,147,10395,3,10707,159,
01-Apr-23,North,C,295,83,260,24485,3,25220,284,
01-May-23,North,C,215,80,178,17200,3,17716,207,
01-Jun-23,North,C,140,77,122,10780,3,11103,135,
01-Jul-23,North,C,139,55,122,7645,3,7874,134,
01-Aug-23,North,C,145,64,117,9280,3,9558,140,
01-Sep-23,North,C,101,90,86,9090,3,9363,97,
01-Oct-23,North,C,285,100,254,28500,3,29355,275,
01-Nov-23,North,C,230,57,193,13110,3,13503,222,
01-Dec-23,North,C,118,75,105,8850,3,9116,114,
01-Jan-24,North,C,103,76,92,7828,3,8063,99,
01-Feb-24,North,C,205,76,178,15580,3,16047,198,
01-Mar-24,North,C,166,81,146,13446,3,13849,160,
01-Apr-24,North,C,243,53,214,12879,3,13265,234,
01-May-24,North,C,295,53,263,15635,3,16104,284,
01-Jun-24,North,C,238,72,214,17136,3,17650,229,
01-Jul-24,North,C,214,86,180,18404,3,18956,206,
01-Aug-24,North,C,259,99,225,25641,3,26410,250,
01-Sep-24,North,C,214,94,175,20116,3,20719,206,
01-Oct-24,North,C,121,90,109,10890,3,11217,117,
01-Nov-24,North,C,140,99,120,13860,3,14276,135,
01-Dec-24,North,C,103,63,93,6489,3,6684,99,
01-Jan-25,North,C,104,59,87,6136,3,6320,100,
01-Feb-25,North,C,185,84,154,15540,3,16006,178,
01-Mar-25,North,C,252,69,219,17388,3,17910,243,
01-Apr-21,North,C,102,64,84,6528,4,6789,97,
01-May-21,North,C,273,94,240,25662,4,26688,260,
01-Jun-21,North,C,140,78,118,10920,4,11357,133,
01-Jul-21,North,C,248,71,213,17608,4,18312,236,
01-Aug-21,North,C,237,92,201,21804,4,22676,226,
01-Sep-21,North,C,252,78,224,19656,4,20442,240,
01-Oct-21,North,C,188,84,165,15792,4,16424,179,
01-Nov-21,North,C,182,63,149,11466,4,11925,173,
01-Dec-21,North,C,131,86,117,11266,4,11717,125,
01-Jan-22,North,C,119,83,96,9877,4,10272,113,
01-Feb-22,North,C,132,52,115,6864,4,7139,126,
01-Mar-22,North,C,291,75,239,21825,4,22698,277,
01-Apr-22,North,C,216,74,175,15984,4,16623,206,
01-May-22,North,C,284,85,241,24140,4,25106,270,
01-Jun-22,North,C,110,58,95,6380,4,6635,105,
01-Jul-22,North,C,127,94,105,11938,4,12416,121,
01-Aug-22,North,C,158,52,141,8216,4,8545,150,
01-Sep-22,North,C,121,83,100,10043,4,10445,115,
01-Oct-22,North,C,114,92,96,10488,4,10908,109,
01-Nov-22,North,C,240,87,204,20880,4,21715,228,
01-Dec-22,North,C,201,54,179,10854,4,11288,191,
01-Jan-23,North,C,270,66,232,17820,4,18533,257,
01-Feb-23,North,C,266,85,239,22610,4,23514,253,
01-Mar-23,North,C,178,82,150,14596,4,15180,169,
01-Apr-23,North,C,193,66,170,12738,4,13248,184,
01-May-23,North,C,211,94,175,19834,4,20627,201,
01-Jun-23,North,C,164,62,143,10168,4,10575,156,
01-Jul-23,North,C,272,59,223,16048,4,16690,259,
01-Aug-23,North,C,242,78,206,18876,4,19631,230,
01-Sep-23,North,C,155,67,130,10385,4,10800,148,
01-Oct-23,North,C,294,73,259,21462,4,22320,280,
01-Nov-23,North,C,195,87,168,16965,4,17644,186,
01-Dec-23,North,C,298,69,262,20562,4,21384,284,
01-Jan-24,North,C,185,77,152,14245,4,14815,176,
01-Feb-24,North,C,132,98,111,12936,4,13453,126,
01-Mar-24,North,C,105,58,85,6090,4,6334,100,
01-Apr-24,North,C,174,54,141,9396,4,9772,166,
01-May-24,North,C,291,95,250,27645,4,28751,277,
01-Jun-24,North,C,123,63,100,7749,4,8059,117,
01-Jul-24,North,C,109,56,89,6104,4,6348,104,
01-Aug-24,North,C,255,69,209,17595,4,18299,243,
01-Sep-24,North,C,193,93,156,17949,4,18667,184,
01-Oct-24,North,C,287,60,247,17220,4,17909,273,
01-Nov-24,North,C,222,57,198,12654,4,13160,211,
01-Dec-24,North,C,290,75,258,21750,4,22620,276,
01-Jan-25,North,C,212,78,182,16536,4,17197,202,
01-Feb-25,North,C,102,82,91,8364,4,8699,97,
01-Mar-25,North,C,223,77,196,17171,4,17858,212,
01-Apr-21,North,C,212,67,182,14204,4,14772,202,
01-May-21,North,C,223,50,198,11150,4,11596,212,
01-Jun-21,North,C,144,100,120,14400,4,14976,137,
01-Jul-21,North,C,107,60,88,6420,4,6677,102,
01-Aug-21,North,C,144,75,122,10800,4,11232,137,
01-Sep-21,North,C,173,63,154,10899,4,11335,165,
01-Oct-21,North,C,166,91,144,15106,4,15710,158,
01-Nov-21,North,C,140,87,120,12180,4,12667,133,
01-Dec-21,North,C,133,68,116,9044,4,9406,127,
01-Jan-22,North,C,267,71,216,18957,4,19715,254,
01-Feb-22,North,C,150,99,131,14850,4,15444,143,
01-Mar-22,North,C,126,94,113,11844,4,12318,120,
01-Apr-22,North,C,293,84,243,24612,4,25596,279,
01-May-22,North,C,275,55,228,15125,4,15730,262,
01-Jun-22,North,C,137,96,121,13152,4,13678,130,
01-Jul-22,North,C,283,67,255,18961,4,19719,269,
01-Aug-22,North,C,290,80,235,23200,4,24128,276,
01-Sep-22,North,C,292,73,242,21316,4,22169,278,
01-Oct-22,North,C,116,70,100,8120,4,8445,110,
01-Nov-22,North,C,150,70,129,10500,4,10920,143,
01-Dec-22,North,C,155,74,129,11470,4,11929,148,
01-Jan-23,North,C,122,57,100,6954,4,7232,116,
01-Feb-23,North,C,232,85,188,19720,4,20509,221,
01-Mar-23,North,C,165,63,147,10395,4,10811,157,
01-Apr-23,North,C,295,83,260,24485,4,25464,281,
01-May-23,North,C,215,80,178,17200,4,17888,205,
01-Jun-23,North,C,140,77,122,10780,4,11211,133,
01-Jul-23,North,C,139,55,122,7645,4,7951,132,
01-Aug-23,North,C,145,64,117,9280,4,9651,138,
01-Sep-23,North,C,101,90,86,9090,4,9454,96,
01-Oct-23,North,C,285,100,254,28500,4,29640,271,
01-Nov-23,North,C,230,57,193,13110,4,13634,219,
01-Dec-23,North,C,118,75,105,8850,4,9204,112,
01-Jan-24,North,C,103,76,92,7828,4,8141,98,
01-Feb-24,North,C,205,76,178,15580,4,16203,195,
01-Mar-24,North,C,166,81,146,13446,4,13984,158,
01-Apr-24,North,C,243,53,214,12879,4,13394,231,
01-May-24,North,C,295,53,263,15635,4,16260,281,
01-Jun-24,North,C,238,72,214,17136,4,17821,227,
01-Jul-24,North,C,214,86,180,18404,4,19140,204,
01-Aug-24,North,C,259,99,225,25641,4,26667,247,
01-Sep-24,North,C,214,94,175,20116,4,20921,204,
01-Oct-24,North,C,121,90,109,10890,4,11326,115,
01-Nov-24,North,C,140,99,120,13860,4,14414,133,
01-Dec-24,North,C,103,63,93,6489,4,6749,98,
01-Jan-25,North,C,104,59,87,6136,4,6381,99,
01-Feb-25,North,C,185,84,154,15540,4,16162,176,
01-Mar-25,North,C,252,69,219,17388,4,18084,240,
01-Apr-21,North,C,102,64,84,6528,5,6854,96,
01-May-21,North,C,273,94,240,25662,5,26945,257,
01-Jun-21,North,C,140,78,118,10920,5,11466,132,
01-Jul-21,North,C,248,71,213,17608,5,18488,233,
01-Aug-21,North,C,237,92,201,21804,5,22894,223,
01-Sep-21,North,C,252,78,224,19656,5,20639,237,
01-Oct-21,North,C,188,84,165,15792,5,16582,177,
01-Nov-21,North,C,182,63,149,11466,5,12039,171,
01-Dec-21,North,C,131,86,117,11266,5,11829,123,
01-Jan-22,North,C,119,83,96,9877,5,10371,112,
01-Feb-22,North,C,132,52,115,6864,5,7207,124,
01-Mar-22,North,C,291,75,239,21825,5,22916,274,
01-Apr-22,North,C,216,74,175,15984,5,16783,203,
01-May-22,North,C,284,85,241,24140,5,25347,267,
01-Jun-22,North,C,110,58,95,6380,5,6699,103,
01-Jul-22,North,C,127,94,105,11938,5,12535,119,
01-Aug-22,North,C,158,52,141,8216,5,8627,149,
01-Sep-22,North,C,121,83,100,10043,5,10545,114,
01-Oct-22,North,C,114,92,96,10488,5,11012,107,
01-Nov-22,North,C,240,87,204,20880,5,21924,226,
01-Dec-22,North,C,201,54,179,10854,5,11397,189,
01-Jan-23,North,C,270,66,232,17820,5,18711,254,
01-Feb-23,North,C,266,85,239,22610,5,23741,250,
01-Mar-23,North,C,178,82,150,14596,5,15326,167,
01-Apr-23,North,C,193,66,170,12738,5,13375,181,
01-May-23,North,C,211,94,175,19834,5,20826,198,
01-Jun-23,North,C,164,62,143,10168,5,10676,154,
01-Jul-23,North,C,272,59,223,16048,5,16850,256,
01-Aug-23,North,C,242,78,206,18876,5,19820,227,
01-Sep-23,North,C,155,67,130,10385,5,10904,146,
01-Oct-23,North,C,294,73,259,21462,5,22535,276,
01-Nov-23,North,C,195,87,168,16965,5,17813,183,
01-Dec-23,North,C,298,69,262,20562,5,21590,280,
01-Jan-24,North,C,185,77,152,14245,5,14957,174,
01-Feb-24,North,C,132,98,111,12936,5,13583,124,
01-Mar-24,North,C,105,58,85,6090,5,6395,99,
01-Apr-24,North,C,174,54,141,9396,5,9866,164,
01-May-24,North,C,291,95,250,27645,5,29027,274,
01-Jun-24,North,C,123,63,100,7749,5,8136,116,
01-Jul-24,North,C,109,56,89,6104,5,6409,102,
01-Aug-24,North,C,255,69,209,17595,5,18475,240,
01-Sep-24,North,C,193,93,156,17949,5,18846,181,
01-Oct-24,North,C,287,60,247,17220,5,18081,270,
01-Nov-24,North,C,222,57,198,12654,5,13287,209,
01-Dec-24,North,C,290,75,258,21750,5,22838,273,
01-Jan-25,North,C,212,78,182,16536,5,17363,199,
01-Feb-25,North,C,102,82,91,8364,5,8782,96,
01-Mar-25,North,C,223,77,196,17171,5,18030,210,
01-Apr-21,North,C,212,67,182,14204,5,14914,199,
01-May-21,North,C,223,50,198,11150,5,11708,210,
01-Jun-21,North,C,144,100,120,14400,5,15120,135,
01-Jul-21,North,C,107,60,88,6420,5,6741,101,
01-Aug-21,North,C,144,75,122,10800,5,11340,135,
01-Sep-21,North,C,173,63,154,10899,5,11444,163,
01-Oct-21,North,C,166,91,144,15106,5,15861,156,
01-Nov-21,North,C,140,87,120,12180,5,12789,132,
01-Dec-21,North,C,133,68,116,9044,5,9496,125,
01-Jan-22,North,C,267,71,216,18957,5,19905,251,
01-Feb-22,North,C,150,99,131,14850,5,15593,141,
01-Mar-22,North,C,126,94,113,11844,5,12436,118,
01-Apr-22,North,C,293,84,243,24612,5,25843,275,
01-May-22,North,C,275,55,228,15125,5,15881,259,
01-Jun-22,North,C,137,96,121,13152,5,13810,129,
01-Jul-22,North,C,283,67,255,18961,5,19909,266,
01-Aug-22,North,C,290,80,235,23200,5,24360,273,
01-Sep-22,North,C,292,73,242,21316,5,22382,274,
01-Oct-22,North,C,116,70,100,8120,5,8526,109,
01-Nov-22,North,C,150,70,129,10500,5,11025,141,
01-Dec-22,North,C,155,74,129,11470,5,12044,146,
01-Jan-23,North,C,122,57,100,6954,5,7302,115,
01-Feb-23,North,C,232,85,188,19720,5,20706,218,
01-Mar-23,North,C,165,63,147,10395,5,10915,155,
01-Apr-23,North,C,295,83,260,24485,5,25709,277,
01-May-23,North,C,215,80,178,17200,5,18060,202,
01-Jun-23,North,C,140,77,122,10780,5,11319,132,
01-Jul-23,North,C,139,55,122,7645,5,8027,131,
01-Aug-23,North,C,145,64,117,9280,5,9744,136,
01-Sep-23,North,C,101,90,86,9090,5,9545,95,
01-Oct-23,North,C,285,100,254,28500,5,29925,268,
01-Nov-23,North,C,230,57,193,13110,5,13766,216,
01-Dec-23,North,C,118,75,105,8850,5,9293,111,
01-Jan-24,North,C,103,76,92,7828,5,8219,97,
01-Feb-24,North,C,205,76,178,15580,5,16359,193,
01-Mar-24,North,C,166,81,146,13446,5,14118,156,
01-Apr-24,North,C,243,53,214,12879,5,13523,228,
01-May-24,North,C,295,53,263,15635,5,16417,277,
01-Jun-24,North,C,238,72,214,17136,5,17993,224,
01-Jul-24,North,C,214,86,180,18404,5,19324,201,
01-Aug-24,North,C,259,99,225,25641,5,26923,243,
01-Sep-24,North,C,214,94,175,20116,5,21122,201,
01-Oct-24,North,C,121,90,109,10890,5,11435,114,
01-Nov-24,North,C,140,99,120,13860,5,14553,132,
01-Dec-24,North,C,103,63,93,6489,5,6813,97,
01-Jan-25,North,C,104,59,87,6136,5,6443,98,
01-Feb-25,North,C,185,84,154,15540,5,16317,174,
01-Mar-25,North,C,252,69,219,17388,5,18257,237,
01-Apr-21,North,C,102,64,84,6528,-2,6397,104,
01-May-21,North,C,273,94,240,25662,-2,25149,280,
01-Jun-21,North,C,140,78,118,10920,-2,10702,143,
01-Jul-21,North,C,248,71,213,17608,-2,17256,254,
01-Aug-21,North,C,237,92,201,21804,-2,21368,243,
01-Sep-21,North,C,252,78,224,19656,-2,19263,258,
01-Oct-21,North,C,188,84,165,15792,-2,15476,193,
01-Nov-21,North,C,182,63,149,11466,-2,11237,186,
01-Dec-21,North,C,131,86,117,11266,-2,11041,134,
01-Jan-22,North,C,119,83,96,9877,-2,9679,122,
01-Feb-22,North,C,132,52,115,6864,-2,6727,135,
01-Mar-22,North,C,291,75,239,21825,-2,21389,298,
01-Apr-22,North,C,216,74,175,15984,-2,15664,221,
01-May-22,North,C,284,85,241,24140,-2,23657,291,
01-Jun-22,North,C,110,58,95,6380,-2,6252,113,
01-Jul-22,North,C,127,94,105,11938,-2,11699,130,
01-Aug-22,North,C,158,52,141,8216,-2,8052,162,
01-Sep-22,North,C,121,83,100,10043,-2,9842,124,
01-Oct-22,North,C,114,92,96,10488,-2,10278,117,
01-Nov-22,North,C,240,87,204,20880,-2,20462,246,
01-Dec-22,North,C,201,54,179,10854,-2,10637,206,
01-Jan-23,North,C,270,66,232,17820,-2,17464,276,
01-Feb-23,North,C,266,85,239,22610,-2,22158,272,
01-Mar-23,North,C,178,82,150,14596,-2,14304,182,
01-Apr-23,North,C,193,66,170,12738,-2,12483,198,
01-May-23,North,C,211,94,175,19834,-2,19437,216,
01-Jun-23,North,C,164,62,143,10168,-2,9965,168,
01-Jul-23,North,C,272,59,223,16048,-2,15727,279,
01-Aug-23,North,C,242,78,206,18876,-2,18498,248,
01-Sep-23,North,C,155,67,130,10385,-2,10177,159,
01-Oct-23,North,C,294,73,259,21462,-2,21033,301,
01-Nov-23,North,C,195,87,168,16965,-2,16626,200,
01-Dec-23,North,C,298,69,262,20562,-2,20151,305,
01-Jan-24,North,C,185,77,152,14245,-2,13960,189,
01-Feb-24,North,C,132,98,111,12936,-2,12677,135,
01-Mar-24,North,C,105,58,85,6090,-2,5968,108,
01-Apr-24,North,C,174,54,141,9396,-2,9208,178,
01-May-24,North,C,291,95,250,27645,-2,27092,298,
01-Jun-24,North,C,123,63,100,7749,-2,7594,126,
01-Jul-24,North,C,109,56,89,6104,-2,5982,112,
01-Aug-24,North,C,255,69,209,17595,-2,17243,261,
01-Sep-24,North,C,193,93,156,17949,-2,17590,198,
01-Oct-24,North,C,287,60,247,17220,-2,16876,294,
01-Nov-24,North,C,222,57,198,12654,-2,12401,227,
01-Dec-24,North,C,290,75,258,21750,-2,21315,297,
01-Jan-25,North,C,212,78,182,16536,-2,16205,217,
01-Feb-25,North,C,102,82,91,8364,-2,8197,104,
01-Mar-25,North,C,223,77,196,17171,-2,16828,228,
01-Apr-21,North,C,212,67,182,14204,-2,13920,217,
01-May-21,North,C,223,50,198,11150,-2,10927,228,
01-Jun-21,North,C,144,100,120,14400,-2,14112,147,
01-Jul-21,North,C,107,60,88,6420,-2,6292,110,
01-Aug-21,North,C,144,75,122,10800,-2,10584,147,
01-Sep-21,North,C,173,63,154,10899,-2,10681,177,
01-Oct-21,North,C,166,91,144,15106,-2,14804,170,
01-Nov-21,North,C,140,87,120,12180,-2,11936,143,
01-Dec-21,North,C,133,68,116,9044,-2,8863,136,
01-Jan-22,North,C,267,71,216,18957,-2,18578,273,
01-Feb-22,North,C,150,99,131,14850,-2,14553,154,
01-Mar-22,North,C,126,94,113,11844,-2,11607,129,
01-Apr-22,North,C,293,84,243,24612,-2,24120,300,
01-May-22,North,C,275,55,228,15125,-2,14823,282,
01-Jun-22,North,C,137,96,121,13152,-2,12889,140,
01-Jul-22,North,C,283,67,255,18961,-2,18582,290,
01-Aug-22,North,C,290,80,235,23200,-2,22736,297,
01-Sep-22,North,C,292,73,242,21316,-2,20890,299,
01-Oct-22,North,C,116,70,100,8120,-2,7958,119,
01-Nov-22,North,C,150,70,129,10500,-2,10290,154,
01-Dec-22,North,C,155,74,129,11470,-2,11241,159,
01-Jan-23,North,C,122,57,100,6954,-2,6815,125,
01-Feb-23,North,C,232,85,188,19720,-2,19326,238,
01-Mar-23,North,C,165,63,147,10395,-2,10187,169,
01-Apr-23,North,C,295,83,260,24485,-2,23995,302,
01-May-23,North,C,215,80,178,17200,-2,16856,220,
01-Jun-23,North,C,140,77,122,10780,-2,10564,143,
01-Jul-23,North,C,139,55,122,7645,-2,7492,142,
01-Aug-23,North,C,145,64,117,9280,-2,9094,148,
01-Sep-23,North,C,101,90,86,9090,-2,8908,103,
01-Oct-23,North,C,285,100,254,28500,-2,27930,292,
01-Nov-23,North,C,230,57,193,13110,-2,12848,236,
01-Dec-23,North,C,118,75,105,8850,-2,8673,121,
01-Jan-24,North,C,103,76,92,7828,-2,7671,105,
01-Feb-24,North,C,205,76,178,15580,-2,15268,210,
01-Mar-24,North,C,166,81,146,13446,-2,13177,170,
01-Apr-24,North,C,243,53,214,12879,-2,12621,249,
01-May-24,North,C,295,53,263,15635,-2,15322,302,
01-Jun-24,North,C,238,72,214,17136,-2,16793,244,
01-Jul-24,North,C,214,86,180,18404,-2,18036,219,
01-Aug-24,North,C,259,99,225,25641,-2,25128,265,
01-Sep-24,North,C,214,94,175,20116,-2,19714,219,
01-Oct-24,North,C,121,90,109,10890,-2,10672,124,
01-Nov-24,North,C,140,99,120,13860,-2,13583,143,
01-Dec-24,North,C,103,63,93,6489,-2,6359,105,
01-Jan-25,North,C,104,59,87,6136,-2,6013,106,
01-Feb-25,North,C,185,84,154,15540,-2,15229,189,
01-Mar-25,North,C,252,69,219,17388,-2,17040,258,
01-Apr-21,North,C,102,64,84,6528,-3,6332,106,
01-May-21,North,C,273,94,240,25662,-3,24892,283,
01-Jun-21,North,C,140,78,118,10920,-3,10592,145,
01-Jul-21,North,C,248,71,213,17608,-3,17080,257,
01-Aug-21,North,C,237,92,201,21804,-3,21150,246,
01-Sep-21,North,C,252,78,224,19656,-3,19066,262,
01-Oct-21,North,C,188,84,165,15792,-3,15318,195,
01-Nov-21,North,C,182,63,149,11466,-3,11122,189,
01-Dec-21,North,C,131,86,117,11266,-3,10928,136,
01-Jan-22,North,C,119,83,96,9877,-3,9581,124,
01-Feb-22,North,C,132,52,115,6864,-3,6658,137,
01-Mar-22,North,C,291,75,239,21825,-3,21170,302,
01-Apr-22,North,C,216,74,175,15984,-3,15504,224,
01-May-22,North,C,284,85,241,24140,-3,23416,295,
01-Jun-22,North,C,110,58,95,6380,-3,6189,114,
01-Jul-22,North,C,127,94,105,11938,-3,11580,132,
01-Aug-22,North,C,158,52,141,8216,-3,7970,164,
01-Sep-22,North,C,121,83,100,10043,-3,9742,126,
01-Oct-22,North,C,114,92,96,10488,-3,10173,118,
01-Nov-22,North,C,240,87,204,20880,-3,20254,249,
01-Dec-22,North,C,201,54,179,10854,-3,10528,209,
01-Jan-23,North,C,270,66,232,17820,-3,17285,280,
01-Feb-23,North,C,266,85,239,22610,-3,21932,276,
01-Mar-23,North,C,178,82,150,14596,-3,14158,185,
01-Apr-23,North,C,193,66,170,12738,-3,12356,200,
01-May-23,North,C,211,94,175,19834,-3,19239,219,
01-Jun-23,North,C,164,62,143,10168,-3,9863,170,
01-Jul-23,North,C,272,59,223,16048,-3,15567,282,
01-Aug-23,North,C,242,78,206,18876,-3,18310,251,
01-Sep-23,North,C,155,67,130,10385,-3,10073,161,
01-Oct-23,North,C,294,73,259,21462,-3,20818,305,
01-Nov-23,North,C,195,87,168,16965,-3,16456,202,
01-Dec-23,North,C,298,69,262,20562,-3,19945,309,
01-Jan-24,North,C,185,77,152,14245,-3,13818,192,
01-Feb-24,North,C,132,98,111,12936,-3,12548,137,
01-Mar-24,North,C,105,58,85,6090,-3,5907,109,
01-Apr-24,North,C,174,54,141,9396,-3,9114,181,
01-May-24,North,C,291,95,250,27645,-3,26816,302,
01-Jun-24,North,C,123,63,100,7749,-3,7517,128,
01-Jul-24,North,C,109,56,89,6104,-3,5921,113,
01-Aug-24,North,C,255,69,209,17595,-3,17067,265,
01-Sep-24,North,C,193,93,156,17949,-3,17411,200,
01-Oct-24,North,C,287,60,247,17220,-3,16703,298,
01-Nov-24,North,C,222,57,198,12654,-3,12274,230,
01-Dec-24,North,C,290,75,258,21750,-3,21098,301,
01-Jan-25,North,C,212,78,182,16536,-3,16040,220,
01-Feb-25,North,C,102,82,91,8364,-3,8113,106,
01-Mar-25,North,C,223,77,196,17171,-3,16656,231,
01-Apr-21,North,C,212,67,182,14204,-3,13778,220,
01-May-21,North,C,223,50,198,11150,-3,10816,231,
01-Jun-21,North,C,144,100,120,14400,-3,13968,149,
01-Jul-21,North,C,107,60,88,6420,-3,6227,111,
01-Aug-21,North,C,144,75,122,10800,-3,10476,149,
01-Sep-21,North,C,173,63,154,10899,-3,10572,180,
01-Oct-21,North,C,166,91,144,15106,-3,14653,172,
01-Nov-21,North,C,140,87,120,12180,-3,11815,145,
01-Dec-21,North,C,133,68,116,9044,-3,8773,138,
01-Jan-22,North,C,267,71,216,18957,-3,18388,277,
01-Feb-22,North,C,150,99,131,14850,-3,14405,156,
01-Mar-22,North,C,126,94,113,11844,-3,11489,131,
01-Apr-22,North,C,293,84,243,24612,-3,23874,304,
01-May-22,North,C,275,55,228,15125,-3,14671,285,
01-Jun-22,North,C,137,96,121,13152,-3,12757,142,
01-Jul-22,North,C,283,67,255,18961,-3,18392,294,
01-Aug-22,North,C,290,80,235,23200,-3,22504,301,
01-Sep-22,North,C,292,73,242,21316,-3,20677,303,
01-Oct-22,North,C,116,70,100,8120,-3,7876,120,
01-Nov-22,North,C,150,70,129,10500,-3,10185,156,
01-Dec-22,North,C,155,74,129,11470,-3,11126,161,
01-Jan-23,North,C,122,57,100,6954,-3,6745,127,
01-Feb-23,North,C,232,85,188,19720,-3,19128,241,
01-Mar-23,North,C,165,63,147,10395,-3,10083,171,
01-Apr-23,North,C,295,83,260,24485,-3,23750,306,
01-May-23,North,C,215,80,178,17200,-3,16684,223,
01-Jun-23,North,C,140,77,122,10780,-3,10457,145,
01-Jul-23,North,C,139,55,122,7645,-3,7416,144,
01-Aug-23,North,C,145,64,117,9280,-3,9002,151,
01-Sep-23,North,C,101,90,86,9090,-3,8817,105,
01-Oct-23,North,C,285,100,254,28500,-3,27645,296,
01-Nov-23,North,C,230,57,193,13110,-3,12717,239,
01-Dec-23,North,C,118,75,105,8850,-3,8585,122,
01-Jan-24,North,C,103,76,92,7828,-3,7593,107,
01-Feb-24,North,C,205,76,178,15580,-3,15113,213,
01-Mar-24,North,C,166,81,146,13446,-3,13043,172,
01-Apr-24,North,C,243,53,214,12879,-3,12493,252,
01-May-24,North,C,295,53,263,15635,-3,15166,306,
01-Jun-24,North,C,238,72,214,17136,-3,16622,247,
01-Jul-24,North,C,214,86,180,18404,-3,17852,222,
01-Aug-24,North,C,259,99,225,25641,-3,24872,269,
01-Sep-24,North,C,214,94,175,20116,-3,19513,222,
01-Oct-24,North,C,121,90,109,10890,-3,10563,126,
01-Nov-24,North,C,140,99,120,13860,-3,13444,145,
01-Dec-24,North,C,103,63,93,6489,-3,6294,107,
01-Jan-25,North,C,104,59,87,6136,-3,5952,108,
01-Feb-25,North,C,185,84,154,15540,-3,15074,192,
01-Mar-25,North,C,252,69,219,17388,-3,16866,262,
01-Apr-21,North,C,102,64,84,6528,-4,6267,107,
01-May-21,North,C,273,94,240,25662,-4,24636,286,
01-Jun-21,North,C,140,78,118,10920,-4,10483,147,
01-Jul-21,North,C,248,71,213,17608,-4,16904,260,
01-Aug-21,North,C,237,92,201,21804,-4,20932,248,
01-Sep-21,North,C,252,78,224,19656,-4,18870,264,
01-Oct-21,North,C,188,84,165,15792,-4,15160,197,
01-Nov-21,North,C,182,63,149,11466,-4,11007,191,
01-Dec-21,North,C,131,86,117,11266,-4,10815,137,
01-Jan-22,North,C,119,83,96,9877,-4,9482,125,
01-Feb-22,North,C,132,52,115,6864,-4,6589,138,
01-Mar-22,North,C,291,75,239,21825,-4,20952,305,
01-Apr-22,North,C,216,74,175,15984,-4,15345,226,
01-May-22,North,C,284,85,241,24140,-4,23174,298,
01-Jun-22,North,C,110,58,95,6380,-4,6125,115,
01-Jul-22,North,C,127,94,105,11938,-4,11460,133,
01-Aug-22,North,C,158,52,141,8216,-4,7887,166,
01-Sep-22,North,C,121,83,100,10043,-4,9641,127,
01-Oct-22,North,C,114,92,96,10488,-4,10068,119,
01-Nov-22,North,C,240,87,204,20880,-4,20045,252,
01-Dec-22,North,C,201,54,179,10854,-4,10420,211,
01-Jan-23,North,C,270,66,232,17820,-4,17107,283,
01-Feb-23,North,C,266,85,239,22610,-4,21706,279,
01-Mar-23,North,C,178,82,150,14596,-4,14012,187,
01-Apr-23,North,C,193,66,170,12738,-4,12228,202,
01-May-23,North,C,211,94,175,19834,-4,19041,221,
01-Jun-23,North,C,164,62,143,10168,-4,9761,172,
01-Jul-23,North,C,272,59,223,16048,-4,15406,285,
01-Aug-23,North,C,242,78,206,18876,-4,18121,254,
01-Sep-23,North,C,155,67,130,10385,-4,9970,162,
01-Oct-23,North,C,294,73,259,21462,-4,20604,308,
01-Nov-23,North,C,195,87,168,16965,-4,16286,204,
01-Dec-23,North,C,298,69,262,20562,-4,19740,312,
01-Jan-24,North,C,185,77,152,14245,-4,13675,194,
01-Feb-24,North,C,132,98,111,12936,-4,12419,138,
01-Mar-24,North,C,105,58,85,6090,-4,5846,110,
01-Apr-24,North,C,174,54,141,9396,-4,9020,182,
01-May-24,North,C,291,95,250,27645,-4,26539,305,
01-Jun-24,North,C,123,63,100,7749,-4,7439,129,
01-Jul-24,North,C,109,56,89,6104,-4,5860,114,
01-Aug-24,North,C,255,69,209,17595,-4,16891,267,
01-Sep-24,North,C,193,93,156,17949,-4,17231,202,
01-Oct-24,North,C,287,60,247,17220,-4,16531,301,
01-Nov-24,North,C,222,57,198,12654,-4,12148,233,
01-Dec-24,North,C,290,75,258,21750,-4,20880,304,
01-Jan-25,North,C,212,78,182,16536,-4,15875,222,
01-Feb-25,North,C,102,82,91,8364,-4,8029,107,
01-Mar-25,North,C,223,77,196,17171,-4,16484,234,
01-Apr-21,North,C,212,67,182,14204,-4,13636,222,
01-May-21,North,C,223,50,198,11150,-4,10704,234,
01-Jun-21,North,C,144,100,120,14400,-4,13824,151,
01-Jul-21,North,C,107,60,88,6420,-4,6163,112,
01-Aug-21,North,C,144,75,122,10800,-4,10368,151,
01-Sep-21,North,C,173,63,154,10899,-4,10463,181,
01-Oct-21,North,C,166,91,144,15106,-4,14502,174,
01-Nov-21,North,C,140,87,120,12180,-4,11693,147,
01-Dec-21,North,C,133,68,116,9044,-4,8682,139,
01-Jan-22,North,C,267,71,216,18957,-4,18199,280,
01-Feb-22,North,C,150,99,131,14850,-4,14256,157,
01-Mar-22,North,C,126,94,113,11844,-4,11370,132,
01-Apr-22,North,C,293,84,243,24612,-4,23628,307,
01-May-22,North,C,275,55,228,15125,-4,14520,288,
01-Jun-22,North,C,137,96,121,13152,-4,12626,144,
01-Jul-22,North,C,283,67,255,18961,-4,18203,297,
01-Aug-22,North,C,290,80,235,23200,-4,22272,304,
01-Sep-22,North,C,292,73,242,21316,-4,20463,306,
01-Oct-22,North,C,116,70,100,8120,-4,7795,122,
01-Nov-22,North,C,150,70,129,10500,-4,10080,157,
01-Dec-22,North,C,155,74,129,11470,-4,11011,162,
01-Jan-23,North,C,122,57,100,6954,-4,6676,128,
01-Feb-23,North,C,232,85,188,19720,-4,18931,243,
01-Mar-23,North,C,165,63,147,10395,-4,9979,173,
01-Apr-23,North,C,295,83,260,24485,-4,23506,309,
01-May-23,North,C,215,80,178,17200,-4,16512,225,
01-Jun-23,North,C,140,77,122,10780,-4,10349,147,
01-Jul-23,North,C,139,55,122,7645,-4,7339,146,
01-Aug-23,North,C,145,64,117,9280,-4,8909,152,
01-Sep-23,North,C,101,90,86,9090,-4,8726,106,
01-Oct-23,North,C,285,100,254,28500,-4,27360,299,
01-Nov-23,North,C,230,57,193,13110,-4,12586,241,
01-Dec-23,North,C,118,75,105,8850,-4,8496,124,
01-Jan-24,North,C,103,76,92,7828,-4,7515,108,
01-Feb-24,North,C,205,76,178,15580,-4,14957,215,
01-Mar-24,North,C,166,81,146,13446,-4,12908,174,
01-Apr-24,North,C,243,53,214,12879,-4,12364,255,
01-May-24,North,C,295,53,263,15635,-4,15010,309,
01-Jun-24,North,C,238,72,214,17136,-4,16451,249,
01-Jul-24,North,C,214,86,180,18404,-4,17668,224,
01-Aug-24,North,C,259,99,225,25641,-4,24615,271,
01-Sep-24,North,C,214,94,175,20116,-4,19311,224,
01-Oct-24,North,C,121,90,109,10890,-4,10454,127,
01-Nov-24,North,C,140,99,120,13860,-4,13306,147,
01-Dec-24,North,C,103,63,93,6489,-4,6229,108,
01-Jan-25,North,C,104,59,87,6136,-4,5891,109,
01-Feb-25,North,C,185,84,154,15540,-4,14918,194,
01-Mar-25,North,C,252,69,219,17388,-4,16692,264,
01-Apr-21,North,C,102,64,84,6528,-5,6202,108,
01-May-21,North,C,273,94,240,25662,-5,24379,289,
01-Jun-21,North,C,140,78,118,10920,-5,10374,148,
01-Jul-21,North,C,248,71,213,17608,-5,16728,263,
01-Aug-21,North,C,237,92,201,21804,-5,20714,251,
01-Sep-21,North,C,252,78,224,19656,-5,18673,267,
01-Oct-21,North,C,188,84,165,15792,-5,15002,199,
01-Nov-21,North,C,182,63,149,11466,-5,10893,193,
01-Dec-21,North,C,131,86,117,11266,-5,10703,139,
01-Jan-22,North,C,119,83,96,9877,-5,9383,126,
01-Feb-22,North,C,132,52,115,6864,-5,6521,140,
01-Mar-22,North,C,291,75,239,21825,-5,20734,308,
01-Apr-22,North,C,216,74,175,15984,-5,15185,229,
01-May-22,North,C,284,85,241,24140,-5,22933,301,
01-Jun-22,North,C,110,58,95,6380,-5,6061,117,
01-Jul-22,North,C,127,94,105,11938,-5,11341,135,
01-Aug-22,North,C,158,52,141,8216,-5,7805,167,
01-Sep-22,North,C,121,83,100,10043,-5,9541,128,
01-Oct-22,North,C,114,92,96,10488,-5,9964,121,
01-Nov-22,North,C,240,87,204,20880,-5,19836,254,
01-Dec-22,North,C,201,54,179,10854,-5,10311,213,
01-Jan-23,North,C,270,66,232,17820,-5,16929,286,
01-Feb-23,North,C,266,85,239,22610,-5,21480,282,
01-Mar-23,North,C,178,82,150,14596,-5,13866,189,
01-Apr-23,North,C,193,66,170,12738,-5,12101,205,
01-May-23,North,C,211,94,175,19834,-5,18842,224,
01-Jun-23,North,C,164,62,143,10168,-5,9660,174,
01-Jul-23,North,C,272,59,223,16048,-5,15246,288,
01-Aug-23,North,C,242,78,206,18876,-5,17932,257,
01-Sep-23,North,C,155,67,130,10385,-5,9866,164,
01-Oct-23,North,C,294,73,259,21462,-5,20389,312,
01-Nov-23,North,C,195,87,168,16965,-5,16117,207,
01-Dec-23,North,C,298,69,262,20562,-5,19534,316,
01-Jan-24,North,C,185,77,152,14245,-5,13533,196,
01-Feb-24,North,C,132,98,111,12936,-5,12289,140,
01-Mar-24,North,C,105,58,85,6090,-5,5786,111,
01-Apr-24,North,C,174,54,141,9396,-5,8926,184,
01-May-24,North,C,291,95,250,27645,-5,26263,308,
01-Jun-24,North,C,123,63,100,7749,-5,7362,130,
01-Jul-24,North,C,109,56,89,6104,-5,5799,116,
01-Aug-24,North,C,255,69,209,17595,-5,16715,270,
01-Sep-24,North,C,193,93,156,17949,-5,17052,205,
01-Oct-24,North,C,287,60,247,17220,-5,16359,304,
01-Nov-24,North,C,222,57,198,12654,-5,12021,235,
01-Dec-24,North,C,290,75,258,21750,-5,20663,307,
01-Jan-25,North,C,212,78,182,16536,-5,15709,225,
01-Feb-25,North,C,102,82,91,8364,-5,7946,108,
01-Mar-25,North,C,223,77,196,17171,-5,16312,236,
01-Apr-21,North,C,212,67,182,14204,-5,13494,225,
01-May-21,North,C,223,50,198,11150,-5,10593,236,
01-Jun-21,North,C,144,100,120,14400,-5,13680,153,
01-Jul-21,North,C,107,60,88,6420,-5,6099,113,
01-Aug-21,North,C,144,75,122,10800,-5,10260,153,
01-Sep-21,North,C,173,63,154,10899,-5,10354,183,
01-Oct-21,North,C,166,91,144,15106,-5,14351,176,
01-Nov-21,North,C,140,87,120,12180,-5,11571,148,
01-Dec-21,North,C,133,68,116,9044,-5,8592,141,
01-Jan-22,North,C,267,71,216,18957,-5,18009,283,
01-Feb-22,North,C,150,99,131,14850,-5,14108,159,
01-Mar-22,North,C,126,94,113,11844,-5,11252,134,
01-Apr-22,North,C,293,84,243,24612,-5,23381,311,
01-May-22,North,C,275,55,228,15125,-5,14369,292,
01-Jun-22,North,C,137,96,121,13152,-5,12494,145,
01-Jul-22,North,C,283,67,255,18961,-5,18013,300,
01-Aug-22,North,C,290,80,235,23200,-5,22040,307,
01-Sep-22,North,C,292,73,242,21316,-5,20250,310,
01-Oct-22,North,C,116,70,100,8120,-5,7714,123,
01-Nov-22,North,C,150,70,129,10500,-5,9975,159,
01-Dec-22,North,C,155,74,129,11470,-5,10897,164,
01-Jan-23,North,C,122,57,100,6954,-5,6606,129,
01-Feb-23,North,C,232,85,188,19720,-5,18734,246,
01-Mar-23,North,C,165,63,147,10395,-5,9875,175,
01-Apr-23,North,C,295,83,260,24485,-5,23261,313,
01-May-23,North,C,215,80,178,17200,-5,16340,228,
01-Jun-23,North,C,140,77,122,10780,-5,10241,148,
01-Jul-23,North,C,139,55,122,7645,-5,7263,147,
01-Aug-23,North,C,145,64,117,9280,-5,8816,154,
01-Sep-23,North,C,101,90,86,9090,-5,8636,107,
01-Oct-23,North,C,285,100,254,28500,-5,27075,302,
01-Nov-23,North,C,230,57,193,13110,-5,12455,244,
01-Dec-23,North,C,118,75,105,8850,-5,8408,125,
01-Jan-24,North,C,103,76,92,7828,-5,7437,109,
01-Feb-24,North,C,205,76,178,15580,-5,14801,217,
01-Mar-24,North,C,166,81,146,13446,-5,12774,176,
01-Apr-24,North,C,243,53,214,12879,-5,12235,258,
01-May-24,North,C,295,53,263,15635,-5,14853,313,
01-Jun-24,North,C,238,72,214,17136,-5,16279,252,
01-Jul-24,North,C,214,86,180,18404,-5,17484,227,
01-Aug-24,North,C,259,99,225,25641,-5,24359,275,
01-Sep-24,North,C,214,94,175,20116,-5,19110,227,
01-Oct-24,North,C,121,90,109,10890,-5,10346,128,
01-Nov-24,North,C,140,99,120,13860,-5,13167,148,
01-Dec-24,North,C,103,63,93,6489,-5,6165,109,
01-Jan-25,North,C,104,59,87,6136,-5,5829,110,
01-Feb-25,North,C,185,84,154,15540,-5,14763,196,
01-Mar-25,North,C,252,69,219,17388,-5,16519,267,
01-Apr-21,South,C,137,95,116,13015,2,13275,134,
01-May-21,South,C,233,71,198,16543,2,16874,227,
01-Jun-21,South,C,170,89,148,15130,2,15433,166,
01-Jul-21,South,C,140,83,119,11620,2,11852,137,
01-Aug-21,South,C,146,53,126,7738,2,7893,142,
01-Sep-21,South,C,242,75,208,18150,2,18513,236,
01-Oct-21,South,C,214,94,180,20116,2,20518,209,
01-Nov-21,South,C,154,80,128,12320,2,12566,150,
01-Dec-21,South,C,170,84,145,14280,2,14566,166,
01-Jan-22,South,C,125,98,103,12250,2,12495,122,
01-Feb-22,South,C,176,72,143,12672,2,12925,172,
01-Mar-22,South,C,136,93,116,12648,2,12901,133,
01-Apr-22,South,C,282,73,243,20586,2,20998,275,
01-May-22,South,C,292,79,263,23068,2,23529,285,
01-Jun-22,South,C,180,90,151,16200,2,16524,176,
01-Jul-22,South,C,214,69,184,14766,2,15061,209,
01-Aug-22,South,C,268,89,217,23852,2,24329,262,
01-Sep-22,South,C,217,53,189,11501,2,11731,212,
01-Oct-22,South,C,214,88,182,18832,2,19209,209,
01-Nov-22,South,C,228,95,205,21660,2,22093,223,
01-Dec-22,South,C,180,68,149,12240,2,12485,176,
01-Jan-23,South,C,201,97,171,19497,2,19887,196,
01-Feb-23,South,C,132,69,112,9108,2,9290,129,
01-Mar-23,South,C,290,64,261,18560,2,18931,283,
01-Apr-23,South,C,210,50,176,10500,2,10710,205,
01-May-23,South,C,143,64,124,9152,2,9335,140,
01-Jun-23,South,C,299,74,251,22126,2,22569,292,
01-Jul-23,South,C,226,65,185,14690,2,14984,221,
01-Aug-23,South,C,130,66,117,8580,2,8752,127,
01-Sep-23,South,C,106,70,90,7420,2,7568,103,
01-Oct-23,South,C,177,88,149,15576,2,15888,173,
01-Nov-23,South,C,225,80,191,18000,2,18360,220,
01-Dec-23,South,C,288,86,248,24768,2,25263,281,
01-Jan-24,South,C,181,52,156,9412,2,9600,177,
01-Feb-24,South,C,160,95,133,15200,2,15504,156,
01-Mar-24,South,C,203,54,175,10962,2,11181,198,
01-Apr-24,South,C,261,82,211,21402,2,21830,255,
01-May-24,South,C,210,75,176,15750,2,16065,205,
01-Jun-24,South,C,266,96,223,25536,2,26047,260,
01-Jul-24,South,C,136,64,114,8704,2,8878,133,
01-Aug-24,South,C,283,75,255,21225,2,21650,276,
01-Sep-24,South,C,128,69,108,8832,2,9009,125,
01-Oct-24,South,C,143,63,117,9009,2,9189,140,
01-Nov-24,South,C,136,56,117,7616,2,7768,133,
01-Dec-24,South,C,234,88,192,20592,2,21004,228,
01-Jan-25,South,C,197,86,164,16942,2,17281,192,
01-Feb-25,South,C,198,80,176,15840,2,16157,193,
01-Mar-25,South,C,117,61,98,7137,2,7280,114,
01-Apr-21,South,C,159,56,130,8904,2,9082,155,
01-May-21,South,C,270,62,240,16740,2,17075,264,
01-Jun-21,South,C,290,84,235,24360,2,24847,283,
01-Jul-21,South,C,257,56,216,14392,2,14680,251,
01-Aug-21,South,C,249,68,222,16932,2,17271,243,
01-Sep-21,South,C,254,53,208,13462,2,13731,248,
01-Oct-21,South,C,227,54,184,12258,2,12503,222,
01-Nov-21,South,C,124,93,109,11532,2,11763,121,
01-Dec-21,South,C,237,93,201,22041,2,22482,231,
01-Jan-22,South,C,124,77,109,9548,2,9739,121,
01-Feb-22,South,C,257,55,226,14135,2,14418,251,
01-Mar-22,South,C,209,92,182,19228,2,19613,204,
01-Apr-22,South,C,170,66,141,11220,2,11444,166,
01-May-22,South,C,203,64,166,12992,2,13252,198,
01-Jun-22,South,C,246,58,199,14268,2,14553,240,
01-Jul-22,South,C,203,52,171,10556,2,10767,198,
01-Aug-22,South,C,129,76,108,9804,2,10000,126,
01-Sep-22,South,C,148,96,126,14208,2,14492,144,
01-Oct-22,South,C,101,75,84,7575,2,7727,99,
01-Nov-22,South,C,265,57,215,15105,2,15407,259,
01-Dec-22,South,C,154,95,131,14630,2,14923,150,
01-Jan-23,South,C,207,82,170,16974,2,17313,202,
01-Feb-23,South,C,120,77,102,9240,2,9425,117,
01-Mar-23,South,C,158,62,131,9796,2,9992,154,
01-Apr-23,South,C,164,58,144,9512,2,9702,160,
01-May-23,South,C,147,54,131,7938,2,8097,143,
01-Jun-23,South,C,261,74,222,19314,2,19700,255,
01-Jul-23,South,C,146,75,126,10950,2,11169,142,
01-Aug-23,South,C,275,52,245,14300,2,14586,268,
01-Sep-23,South,C,217,100,191,21700,2,22134,212,
01-Oct-23,South,C,278,88,231,24464,2,24953,271,
01-Nov-23,South,C,178,63,157,11214,2,11438,174,
01-Dec-23,South,C,173,99,145,17127,2,17470,169,
01-Jan-24,South,C,243,91,219,22113,2,22555,237,
01-Feb-24,South,C,169,69,145,11661,2,11894,165,
01-Mar-24,South,C,252,71,227,17892,2,18250,246,
01-Apr-24,South,C,231,91,192,21021,2,21441,225,
01-May-24,South,C,101,78,83,7878,2,8036,99,
01-Jun-24,South,C,172,87,153,14964,2,15263,168,
01-Jul-24,South,C,272,67,226,18224,2,18588,265,
01-Aug-24,South,C,131,83,118,10873,2,11090,128,
01-Sep-24,South,C,266,80,239,21280,2,21706,260,
01-Oct-24,South,C,139,81,122,11259,2,11484,136,
01-Nov-24,South,C,289,63,246,18207,2,18571,282,
01-Dec-24,South,C,165,72,144,11880,2,12118,161,
01-Jan-25,South,C,203,70,175,14210,2,14494,198,
01-Feb-25,South,C,204,64,184,13056,2,13317,199,
01-Mar-25,South,C,222,72,200,15984,2,16304,217,
01-Apr-21,South,C,137,95,116,13015,3,13405,132,
01-May-21,South,C,233,71,198,16543,3,17039,225,
01-Jun-21,South,C,170,89,148,15130,3,15584,164,
01-Jul-21,South,C,140,83,119,11620,3,11969,135,
01-Aug-21,South,C,146,53,126,7738,3,7970,141,
01-Sep-21,South,C,242,75,208,18150,3,18695,233,
01-Oct-21,South,C,214,94,180,20116,3,20719,206,
01-Nov-21,South,C,154,80,128,12320,3,12690,148,
01-Dec-21,South,C,170,84,145,14280,3,14708,164,
01-Jan-22,South,C,125,98,103,12250,3,12618,121,
01-Feb-22,South,C,176,72,143,12672,3,13052,170,
01-Mar-22,South,C,136,93,116,12648,3,13027,131,
01-Apr-22,South,C,282,73,243,20586,3,21204,272,
01-May-22,South,C,292,79,263,23068,3,23760,281,
01-Jun-22,South,C,180,90,151,16200,3,16686,174,
01-Jul-22,South,C,214,69,184,14766,3,15209,206,
01-Aug-22,South,C,268,89,217,23852,3,24568,258,
01-Sep-22,South,C,217,53,189,11501,3,11846,209,
01-Oct-22,South,C,214,88,182,18832,3,19397,206,
01-Nov-22,South,C,228,95,205,21660,3,22310,220,
01-Dec-22,South,C,180,68,149,12240,3,12607,174,
01-Jan-23,South,C,201,97,171,19497,3,20082,194,
01-Feb-23,South,C,132,69,112,9108,3,9381,127,
01-Mar-23,South,C,290,64,261,18560,3,19117,280,
01-Apr-23,South,C,210,50,176,10500,3,10815,202,
01-May-23,South,C,143,64,124,9152,3,9427,138,
01-Jun-23,South,C,299,74,251,22126,3,22790,288,
01-Jul-23,South,C,226,65,185,14690,3,15131,218,
01-Aug-23,South,C,130,66,117,8580,3,8837,125,
01-Sep-23,South,C,106,70,90,7420,3,7643,102,
01-Oct-23,South,C,177,88,149,15576,3,16043,171,
01-Nov-23,South,C,225,80,191,18000,3,18540,217,
01-Dec-23,South,C,288,86,248,24768,3,25511,278,
01-Jan-24,South,C,181,52,156,9412,3,9694,174,
01-Feb-24,South,C,160,95,133,15200,3,15656,154,
01-Mar-24,South,C,203,54,175,10962,3,11291,196,
01-Apr-24,South,C,261,82,211,21402,3,22044,252,
01-May-24,South,C,210,75,176,15750,3,16223,202,
01-Jun-24,South,C,266,96,223,25536,3,26302,256,
01-Jul-24,South,C,136,64,114,8704,3,8965,131,
01-Aug-24,South,C,283,75,255,21225,3,21862,273,
01-Sep-24,South,C,128,69,108,8832,3,9097,123,
01-Oct-24,South,C,143,63,117,9009,3,9279,138,
01-Nov-24,South,C,136,56,117,7616,3,7844,131,
01-Dec-24,South,C,234,88,192,20592,3,21210,226,
01-Jan-25,South,C,197,86,164,16942,3,17450,190,
01-Feb-25,South,C,198,80,176,15840,3,16315,191,
01-Mar-25,South,C,117,61,98,7137,3,7351,113,
01-Apr-21,South,C,159,56,130,8904,3,9171,153,
01-May-21,South,C,270,62,240,16740,3,17242,260,
01-Jun-21,South,C,290,84,235,24360,3,25091,280,
01-Jul-21,South,C,257,56,216,14392,3,14824,248,
01-Aug-21,South,C,249,68,222,16932,3,17440,240,
01-Sep-21,South,C,254,53,208,13462,3,13866,245,
01-Oct-21,South,C,227,54,184,12258,3,12626,219,
01-Nov-21,South,C,124,93,109,11532,3,11878,120,
01-Dec-21,South,C,237,93,201,22041,3,22702,228,
01-Jan-22,South,C,124,77,109,9548,3,9834,120,
01-Feb-22,South,C,257,55,226,14135,3,14559,248,
01-Mar-22,South,C,209,92,182,19228,3,19805,201,
01-Apr-22,South,C,170,66,141,11220,3,11557,164,
01-May-22,South,C,203,64,166,12992,3,13382,196,
01-Jun-22,South,C,246,58,199,14268,3,14696,237,
01-Jul-22,South,C,203,52,171,10556,3,10873,196,
01-Aug-22,South,C,129,76,108,9804,3,10098,124,
01-Sep-22,South,C,148,96,126,14208,3,14634,143,
01-Oct-22,South,C,101,75,84,7575,3,7802,97,
01-Nov-22,South,C,265,57,215,15105,3,15558,255,
01-Dec-22,South,C,154,95,131,14630,3,15069,148,
01-Jan-23,South,C,207,82,170,16974,3,17483,200,
01-Feb-23,South,C,120,77,102,9240,3,9517,116,
01-Mar-23,South,C,158,62,131,9796,3,10090,152,
01-Apr-23,South,C,164,58,144,9512,3,9797,158,
01-May-23,South,C,147,54,131,7938,3,8176,142,
01-Jun-23,South,C,261,74,222,19314,3,19893,252,
01-Jul-23,South,C,146,75,126,10950,3,11279,141,
01-Aug-23,South,C,275,52,245,14300,3,14729,265,
01-Sep-23,South,C,217,100,191,21700,3,22351,209,
01-Oct-23,South,C,278,88,231,24464,3,25198,268,
01-Nov-23,South,C,178,63,157,11214,3,11550,172,
01-Dec-23,South,C,173,99,145,17127,3,17641,167,
01-Jan-24,South,C,243,91,219,22113,3,22776,234,
01-Feb-24,South,C,169,69,145,11661,3,12011,163,
01-Mar-24,South,C,252,71,227,17892,3,18429,243,
01-Apr-24,South,C,231,91,192,21021,3,21652,223,
01-May-24,South,C,101,78,83,7878,3,8114,97,
01-Jun-24,South,C,172,87,153,14964,3,15413,166,
01-Jul-24,South,C,272,67,226,18224,3,18771,262,
01-Aug-24,South,C,131,83,118,10873,3,11199,126,
01-Sep-24,South,C,266,80,239,21280,3,21918,256,
01-Oct-24,South,C,139,81,122,11259,3,11597,134,
01-Nov-24,South,C,289,63,246,18207,3,18753,279,
01-Dec-24,South,C,165,72,144,11880,3,12236,159,
01-Jan-25,South,C,203,70,175,14210,3,14636,196,
01-Feb-25,South,C,204,64,184,13056,3,13448,197,
01-Mar-25,South,C,222,72,200,15984,3,16464,214,
01-Apr-21,South,C,137,95,116,13015,4,13536,130,
01-May-21,South,C,233,71,198,16543,4,17205,222,
01-Jun-21,South,C,170,89,148,15130,4,15735,162,
01-Jul-21,South,C,140,83,119,11620,4,12085,133,
01-Aug-21,South,C,146,53,126,7738,4,8048,139,
01-Sep-21,South,C,242,75,208,18150,4,18876,230,
01-Oct-21,South,C,214,94,180,20116,4,20921,204,
01-Nov-21,South,C,154,80,128,12320,4,12813,147,
01-Dec-21,South,C,170,84,145,14280,4,14851,162,
01-Jan-22,South,C,125,98,103,12250,4,12740,119,
01-Feb-22,South,C,176,72,143,12672,4,13179,168,
01-Mar-22,South,C,136,93,116,12648,4,13154,129,
01-Apr-22,South,C,282,73,243,20586,4,21409,268,
01-May-22,South,C,292,79,263,23068,4,23991,278,
01-Jun-22,South,C,180,90,151,16200,4,16848,171,
01-Jul-22,South,C,214,69,184,14766,4,15357,204,
01-Aug-22,South,C,268,89,217,23852,4,24806,255,
01-Sep-22,South,C,217,53,189,11501,4,11961,207,
01-Oct-22,South,C,214,88,182,18832,4,19585,204,
01-Nov-22,South,C,228,95,205,21660,4,22526,217,
01-Dec-22,South,C,180,68,149,12240,4,12730,171,
01-Jan-23,South,C,201,97,171,19497,4,20277,191,
01-Feb-23,South,C,132,69,112,9108,4,9472,126,
01-Mar-23,South,C,290,64,261,18560,4,19302,276,
01-Apr-23,South,C,210,50,176,10500,4,10920,200,
01-May-23,South,C,143,64,124,9152,4,9518,136,
01-Jun-23,South,C,299,74,251,22126,4,23011,285,
01-Jul-23,South,C,226,65,185,14690,4,15278,215,
01-Aug-23,South,C,130,66,117,8580,4,8923,124,
01-Sep-23,South,C,106,70,90,7420,4,7717,101,
01-Oct-23,South,C,177,88,149,15576,4,16199,169,
01-Nov-23,South,C,225,80,191,18000,4,18720,214,
01-Dec-23,South,C,288,86,248,24768,4,25759,274,
01-Jan-24,South,C,181,52,156,9412,4,9788,172,
01-Feb-24,South,C,160,95,133,15200,4,15808,152,
01-Mar-24,South,C,203,54,175,10962,4,11400,193,
01-Apr-24,South,C,261,82,211,21402,4,22258,248,
01-May-24,South,C,210,75,176,15750,4,16380,200,
01-Jun-24,South,C,266,96,223,25536,4,26557,253,
01-Jul-24,South,C,136,64,114,8704,4,9052,129,
01-Aug-24,South,C,283,75,255,21225,4,22074,269,
01-Sep-24,South,C,128,69,108,8832,4,9185,122,
01-Oct-24,South,C,143,63,117,9009,4,9369,136,
01-Nov-24,South,C,136,56,117,7616,4,7921,129,
01-Dec-24,South,C,234,88,192,20592,4,21416,223,
01-Jan-25,South,C,197,86,164,16942,4,17620,188,
01-Feb-25,South,C,198,80,176,15840,4,16474,188,
01-Mar-25,South,C,117,61,98,7137,4,7422,111,
01-Apr-21,South,C,159,56,130,8904,4,9260,151,
01-May-21,South,C,270,62,240,16740,4,17410,257,
01-Jun-21,South,C,290,84,235,24360,4,25334,276,
01-Jul-21,South,C,257,56,216,14392,4,14968,245,
01-Aug-21,South,C,249,68,222,16932,4,17609,237,
01-Sep-21,South,C,254,53,208,13462,4,14000,242,
01-Oct-21,South,C,227,54,184,12258,4,12748,216,
01-Nov-21,South,C,124,93,109,11532,4,11993,118,
01-Dec-21,South,C,237,93,201,22041,4,22923,226,
01-Jan-22,South,C,124,77,109,9548,4,9930,118,
01-Feb-22,South,C,257,55,226,14135,4,14700,245,
01-Mar-22,South,C,209,92,182,19228,4,19997,199,
01-Apr-22,South,C,170,66,141,11220,4,11669,162,
01-May-22,South,C,203,64,166,12992,4,13512,193,
01-Jun-22,South,C,246,58,199,14268,4,14839,234,
01-Jul-22,South,C,203,52,171,10556,4,10978,193,
01-Aug-22,South,C,129,76,108,9804,4,10196,123,
01-Sep-22,South,C,148,96,126,14208,4,14776,141,
01-Oct-22,South,C,101,75,84,7575,4,7878,96,
01-Nov-22,South,C,265,57,215,15105,4,15709,252,
01-Dec-22,South,C,154,95,131,14630,4,15215,147,
01-Jan-23,South,C,207,82,170,16974,4,17653,197,
01-Feb-23,South,C,120,77,102,9240,4,9610,114,
01-Mar-23,South,C,158,62,131,9796,4,10188,150,
01-Apr-23,South,C,164,58,144,9512,4,9892,156,
01-May-23,South,C,147,54,131,7938,4,8256,140,
01-Jun-23,South,C,261,74,222,19314,4,20087,248,
01-Jul-23,South,C,146,75,126,10950,4,11388,139,
01-Aug-23,South,C,275,52,245,14300,4,14872,262,
01-Sep-23,South,C,217,100,191,21700,4,22568,207,
01-Oct-23,South,C,278,88,231,24464,4,25443,265,
01-Nov-23,South,C,178,63,157,11214,4,11663,169,
01-Dec-23,South,C,173,99,145,17127,4,17812,165,
01-Jan-24,South,C,243,91,219,22113,4,22998,231,
01-Feb-24,South,C,169,69,145,11661,4,12127,161,
01-Mar-24,South,C,252,71,227,17892,4,18608,240,
01-Apr-24,South,C,231,91,192,21021,4,21862,220,
01-May-24,South,C,101,78,83,7878,4,8193,96,
01-Jun-24,South,C,172,87,153,14964,4,15563,164,
01-Jul-24,South,C,272,67,226,18224,4,18953,259,
01-Aug-24,South,C,131,83,118,10873,4,11308,125,
01-Sep-24,South,C,266,80,239,21280,4,22131,253,
01-Oct-24,South,C,139,81,122,11259,4,11709,132,
01-Nov-24,South,C,289,63,246,18207,4,18935,275,
01-Dec-24,South,C,165,72,144,11880,4,12355,157,
01-Jan-25,South,C,203,70,175,14210,4,14778,193,
01-Feb-25,South,C,204,64,184,13056,4,13578,194,
01-Mar-25,South,C,222,72,200,15984,4,16623,211,
01-Apr-21,South,C,137,95,116,13015,5,13666,129,
01-May-21,South,C,233,71,198,16543,5,17370,219,
01-Jun-21,South,C,170,89,148,15130,5,15887,160,
01-Jul-21,South,C,140,83,119,11620,5,12201,132,
01-Aug-21,South,C,146,53,126,7738,5,8125,137,
01-Sep-21,South,C,242,75,208,18150,5,19058,227,
01-Oct-21,South,C,214,94,180,20116,5,21122,201,
01-Nov-21,South,C,154,80,128,12320,5,12936,145,
01-Dec-21,South,C,170,84,145,14280,5,14994,160,
01-Jan-22,South,C,125,98,103,12250,5,12863,118,
01-Feb-22,South,C,176,72,143,12672,5,13306,165,
01-Mar-22,South,C,136,93,116,12648,5,13280,128,
01-Apr-22,South,C,282,73,243,20586,5,21615,265,
01-May-22,South,C,292,79,263,23068,5,24221,274,
01-Jun-22,South,C,180,90,151,16200,5,17010,169,
01-Jul-22,South,C,214,69,184,14766,5,15504,201,
01-Aug-22,South,C,268,89,217,23852,5,25045,252,
01-Sep-22,South,C,217,53,189,11501,5,12076,204,
01-Oct-22,South,C,214,88,182,18832,5,19774,201,
01-Nov-22,South,C,228,95,205,21660,5,22743,214,
01-Dec-22,South,C,180,68,149,12240,5,12852,169,
01-Jan-23,South,C,201,97,171,19497,5,20472,189,
01-Feb-23,South,C,132,69,112,9108,5,9563,124,
01-Mar-23,South,C,290,64,261,18560,5,19488,273,
01-Apr-23,South,C,210,50,176,10500,5,11025,197,
01-May-23,South,C,143,64,124,9152,5,9610,134,
01-Jun-23,South,C,299,74,251,22126,5,23232,281,
01-Jul-23,South,C,226,65,185,14690,5,15425,212,
01-Aug-23,South,C,130,66,117,8580,5,9009,122,
01-Sep-23,South,C,106,70,90,7420,5,7791,100,
01-Oct-23,South,C,177,88,149,15576,5,16355,166,
01-Nov-23,South,C,225,80,191,18000,5,18900,212,
01-Dec-23,South,C,288,86,248,24768,5,26006,271,
01-Jan-24,South,C,181,52,156,9412,5,9883,170,
01-Feb-24,South,C,160,95,133,15200,5,15960,150,
01-Mar-24,South,C,203,54,175,10962,5,11510,191,
01-Apr-24,South,C,261,82,211,21402,5,22472,245,
01-May-24,South,C,210,75,176,15750,5,16538,197,
01-Jun-24,South,C,266,96,223,25536,5,26813,250,
01-Jul-24,South,C,136,64,114,8704,5,9139,128,
01-Aug-24,South,C,283,75,255,21225,5,22286,266,
01-Sep-24,South,C,128,69,108,8832,5,9274,120,
01-Oct-24,South,C,143,63,117,9009,5,9459,134,
01-Nov-24,South,C,136,56,117,7616,5,7997,128,
01-Dec-24,South,C,234,88,192,20592,5,21622,220,
01-Jan-25,South,C,197,86,164,16942,5,17789,185,
01-Feb-25,South,C,198,80,176,15840,5,16632,186,
01-Mar-25,South,C,117,61,98,7137,5,7494,110,
01-Apr-21,South,C,159,56,130,8904,5,9349,149,
01-May-21,South,C,270,62,240,16740,5,17577,254,
01-Jun-21,South,C,290,84,235,24360,5,25578,273,
01-Jul-21,South,C,257,56,216,14392,5,15112,242,
01-Aug-21,South,C,249,68,222,16932,5,17779,234,
01-Sep-21,South,C,254,53,208,13462,5,14135,239,
01-Oct-21,South,C,227,54,184,12258,5,12871,213,
01-Nov-21,South,C,124,93,109,11532,5,12109,117,
01-Dec-21,South,C,237,93,201,22041,5,23143,223,
01-Jan-22,South,C,124,77,109,9548,5,10025,117,
01-Feb-22,South,C,257,55,226,14135,5,14842,242,
01-Mar-22,South,C,209,92,182,19228,5,20189,196,
01-Apr-22,South,C,170,66,141,11220,5,11781,160,
01-May-22,South,C,203,64,166,12992,5,13642,191,
01-Jun-22,South,C,246,58,199,14268,5,14981,231,
01-Jul-22,South,C,203,52,171,10556,5,11084,191,
01-Aug-22,South,C,129,76,108,9804,5,10294,121,
01-Sep-22,South,C,148,96,126,14208,5,14918,139,
01-Oct-22,South,C,101,75,84,7575,5,7954,95,
01-Nov-22,South,C,265,57,215,15105,5,15860,249,
01-Dec-22,South,C,154,95,131,14630,5,15362,145,
01-Jan-23,South,C,207,82,170,16974,5,17823,195,
01-Feb-23,South,C,120,77,102,9240,5,9702,113,
01-Mar-23,South,C,158,62,131,9796,5,10286,149,
01-Apr-23,South,C,164,58,144,9512,5,9988,154,
01-May-23,South,C,147,54,131,7938,5,8335,138,
01-Jun-23,South,C,261,74,222,19314,5,20280,245,
01-Jul-23,South,C,146,75,126,10950,5,11498,137,
01-Aug-23,South,C,275,52,245,14300,5,15015,259,
01-Sep-23,South,C,217,100,191,21700,5,22785,204,
01-Oct-23,South,C,278,88,231,24464,5,25687,261,
01-Nov-23,South,C,178,63,157,11214,5,11775,167,
01-Dec-23,South,C,173,99,145,17127,5,17983,163,
01-Jan-24,South,C,243,91,219,22113,5,23219,228,
01-Feb-24,South,C,169,69,145,11661,5,12244,159,
01-Mar-24,South,C,252,71,227,17892,5,18787,237,
01-Apr-24,South,C,231,91,192,21021,5,22072,217,
01-May-24,South,C,101,78,83,7878,5,8272,95,
01-Jun-24,South,C,172,87,153,14964,5,15712,162,
01-Jul-24,South,C,272,67,226,18224,5,19135,256,
01-Aug-24,South,C,131,83,118,10873,5,11417,123,
01-Sep-24,South,C,266,80,239,21280,5,22344,250,
01-Oct-24,South,C,139,81,122,11259,5,11822,131,
01-Nov-24,South,C,289,63,246,18207,5,19117,272,
01-Dec-24,South,C,165,72,144,11880,5,12474,155,
01-Jan-25,South,C,203,70,175,14210,5,14921,191,
01-Feb-25,South,C,204,64,184,13056,5,13709,192,
01-Mar-25,South,C,222,72,200,15984,5,16783,209,
01-Apr-21,South,C,137,95,116,13015,-2,12755,140,
01-May-21,South,C,233,71,198,16543,-2,16212,239,
01-Jun-21,South,C,170,89,148,15130,-2,14827,174,
01-Jul-21,South,C,140,83,119,11620,-2,11388,143,
01-Aug-21,South,C,146,53,126,7738,-2,7583,150,
01-Sep-21,South,C,242,75,208,18150,-2,17787,248,
01-Oct-21,South,C,214,94,180,20116,-2,19714,219,
01-Nov-21,South,C,154,80,128,12320,-2,12074,158,
01-Dec-21,South,C,170,84,145,14280,-2,13994,174,
01-Jan-22,South,C,125,98,103,12250,-2,12005,128,
01-Feb-22,South,C,176,72,143,12672,-2,12419,180,
01-Mar-22,South,C,136,93,116,12648,-2,12395,139,
01-Apr-22,South,C,282,73,243,20586,-2,20174,289,
01-May-22,South,C,292,79,263,23068,-2,22607,299,
01-Jun-22,South,C,180,90,151,16200,-2,15876,184,
01-Jul-22,South,C,214,69,184,14766,-2,14471,219,
01-Aug-22,South,C,268,89,217,23852,-2,23375,274,
01-Sep-22,South,C,217,53,189,11501,-2,11271,222,
01-Oct-22,South,C,214,88,182,18832,-2,18455,219,
01-Nov-22,South,C,228,95,205,21660,-2,21227,233,
01-Dec-22,South,C,180,68,149,12240,-2,11995,184,
01-Jan-23,South,C,201,97,171,19497,-2,19107,206,
01-Feb-23,South,C,132,69,112,9108,-2,8926,135,
01-Mar-23,South,C,290,64,261,18560,-2,18189,297,
01-Apr-23,South,C,210,50,176,10500,-2,10290,215,
01-May-23,South,C,143,64,124,9152,-2,8969,146,
01-Jun-23,South,C,299,74,251,22126,-2,21683,306,
01-Jul-23,South,C,226,65,185,14690,-2,14396,231,
01-Aug-23,South,C,130,66,117,8580,-2,8408,133,
01-Sep-23,South,C,106,70,90,7420,-2,7272,109,
01-Oct-23,South,C,177,88,149,15576,-2,15264,181,
01-Nov-23,South,C,225,80,191,18000,-2,17640,230,
01-Dec-23,South,C,288,86,248,24768,-2,24273,295,
01-Jan-24,South,C,181,52,156,9412,-2,9224,185,
01-Feb-24,South,C,160,95,133,15200,-2,14896,164,
01-Mar-24,South,C,203,54,175,10962,-2,10743,208,
01-Apr-24,South,C,261,82,211,21402,-2,20974,267,
01-May-24,South,C,210,75,176,15750,-2,15435,215,
01-Jun-24,South,C,266,96,223,25536,-2,25025,272,
01-Jul-24,South,C,136,64,114,8704,-2,8530,139,
01-Aug-24,South,C,283,75,255,21225,-2,20801,290,
01-Sep-24,South,C,128,69,108,8832,-2,8655,131,
01-Oct-24,South,C,143,63,117,9009,-2,8829,146,
01-Nov-24,South,C,136,56,117,7616,-2,7464,139,
01-Dec-24,South,C,234,88,192,20592,-2,20180,240,
01-Jan-25,South,C,197,86,164,16942,-2,16603,202,
01-Feb-25,South,C,198,80,176,15840,-2,15523,203,
01-Mar-25,South,C,117,61,98,7137,-2,6994,120,
01-Apr-21,South,C,159,56,130,8904,-2,8726,163,
01-May-21,South,C,270,62,240,16740,-2,16405,276,
01-Jun-21,South,C,290,84,235,24360,-2,23873,297,
01-Jul-21,South,C,257,56,216,14392,-2,14104,263,
01-Aug-21,South,C,249,68,222,16932,-2,16593,255,
01-Sep-21,South,C,254,53,208,13462,-2,13193,260,
01-Oct-21,South,C,227,54,184,12258,-2,12013,232,
01-Nov-21,South,C,124,93,109,11532,-2,11301,127,
01-Dec-21,South,C,237,93,201,22041,-2,21600,243,
01-Jan-22,South,C,124,77,109,9548,-2,9357,127,
01-Feb-22,South,C,257,55,226,14135,-2,13852,263,
01-Mar-22,South,C,209,92,182,19228,-2,18843,214,
01-Apr-22,South,C,170,66,141,11220,-2,10996,174,
01-May-22,South,C,203,64,166,12992,-2,12732,208,
01-Jun-22,South,C,246,58,199,14268,-2,13983,252,
01-Jul-22,South,C,203,52,171,10556,-2,10345,208,
01-Aug-22,South,C,129,76,108,9804,-2,9608,132,
01-Sep-22,South,C,148,96,126,14208,-2,13924,152,
01-Oct-22,South,C,101,75,84,7575,-2,7424,103,
01-Nov-22,South,C,265,57,215,15105,-2,14803,271,
01-Dec-22,South,C,154,95,131,14630,-2,14337,158,
01-Jan-23,South,C,207,82,170,16974,-2,16635,212,
01-Feb-23,South,C,120,77,102,9240,-2,9055,123,
01-Mar-23,South,C,158,62,131,9796,-2,9600,162,
01-Apr-23,South,C,164,58,144,9512,-2,9322,168,
01-May-23,South,C,147,54,131,7938,-2,7779,151,
01-Jun-23,South,C,261,74,222,19314,-2,18928,267,
01-Jul-23,South,C,146,75,126,10950,-2,10731,150,
01-Aug-23,South,C,275,52,245,14300,-2,14014,282,
01-Sep-23,South,C,217,100,191,21700,-2,21266,222,
01-Oct-23,South,C,278,88,231,24464,-2,23975,285,
01-Nov-23,South,C,178,63,157,11214,-2,10990,182,
01-Dec-23,South,C,173,99,145,17127,-2,16784,177,
01-Jan-24,South,C,243,91,219,22113,-2,21671,249,
01-Feb-24,South,C,169,69,145,11661,-2,11428,173,
01-Mar-24,South,C,252,71,227,17892,-2,17534,258,
01-Apr-24,South,C,231,91,192,21021,-2,20601,237,
01-May-24,South,C,101,78,83,7878,-2,7720,103,
01-Jun-24,South,C,172,87,153,14964,-2,14665,176,
01-Jul-24,South,C,272,67,226,18224,-2,17860,279,
01-Aug-24,South,C,131,83,118,10873,-2,10656,134,
01-Sep-24,South,C,266,80,239,21280,-2,20854,272,
01-Oct-24,South,C,139,81,122,11259,-2,11034,142,
01-Nov-24,South,C,289,63,246,18207,-2,17843,296,
01-Dec-24,South,C,165,72,144,11880,-2,11642,169,
01-Jan-25,South,C,203,70,175,14210,-2,13926,208,
01-Feb-25,South,C,204,64,184,13056,-2,12795,209,
01-Mar-25,South,C,222,72,200,15984,-2,15664,227,
01-Apr-21,South,C,137,95,116,13015,-3,12625,142,
01-May-21,South,C,233,71,198,16543,-3,16047,242,
01-Jun-21,South,C,170,89,148,15130,-3,14676,176,
01-Jul-21,South,C,140,83,119,11620,-3,11271,145,
01-Aug-21,South,C,146,53,126,7738,-3,7506,152,
01-Sep-21,South,C,242,75,208,18150,-3,17606,251,
01-Oct-21,South,C,214,94,180,20116,-3,19513,222,
01-Nov-21,South,C,154,80,128,12320,-3,11950,160,
01-Dec-21,South,C,170,84,145,14280,-3,13852,176,
01-Jan-22,South,C,125,98,103,12250,-3,11883,130,
01-Feb-22,South,C,176,72,143,12672,-3,12292,183,
01-Mar-22,South,C,136,93,116,12648,-3,12269,141,
01-Apr-22,South,C,282,73,243,20586,-3,19968,293,
01-May-22,South,C,292,79,263,23068,-3,22376,303,
01-Jun-22,South,C,180,90,151,16200,-3,15714,187,
01-Jul-22,South,C,214,69,184,14766,-3,14323,222,
01-Aug-22,South,C,268,89,217,23852,-3,23136,278,
01-Sep-22,South,C,217,53,189,11501,-3,11156,225,
01-Oct-22,South,C,214,88,182,18832,-3,18267,222,
01-Nov-22,South,C,228,95,205,21660,-3,21010,237,
01-Dec-22,South,C,180,68,149,12240,-3,11873,187,
01-Jan-23,South,C,201,97,171,19497,-3,18912,209,
01-Feb-23,South,C,132,69,112,9108,-3,8835,137,
01-Mar-23,South,C,290,64,261,18560,-3,18003,301,
01-Apr-23,South,C,210,50,176,10500,-3,10185,218,
01-May-23,South,C,143,64,124,9152,-3,8877,148,
01-Jun-23,South,C,299,74,251,22126,-3,21462,310,
01-Jul-23,South,C,226,65,185,14690,-3,14249,235,
01-Aug-23,South,C,130,66,117,8580,-3,8323,135,
01-Sep-23,South,C,106,70,90,7420,-3,7197,110,
01-Oct-23,South,C,177,88,149,15576,-3,15109,184,
01-Nov-23,South,C,225,80,191,18000,-3,17460,234,
01-Dec-23,South,C,288,86,248,24768,-3,24025,299,
01-Jan-24,South,C,181,52,156,9412,-3,9130,188,
01-Feb-24,South,C,160,95,133,15200,-3,14744,166,
01-Mar-24,South,C,203,54,175,10962,-3,10633,211,
01-Apr-24,South,C,261,82,211,21402,-3,20760,271,
01-May-24,South,C,210,75,176,15750,-3,15278,218,
01-Jun-24,South,C,266,96,223,25536,-3,24770,276,
01-Jul-24,South,C,136,64,114,8704,-3,8443,141,
01-Aug-24,South,C,283,75,255,21225,-3,20588,294,
01-Sep-24,South,C,128,69,108,8832,-3,8567,133,
01-Oct-24,South,C,143,63,117,9009,-3,8739,148,
01-Nov-24,South,C,136,56,117,7616,-3,7388,141,
01-Dec-24,South,C,234,88,192,20592,-3,19974,243,
01-Jan-25,South,C,197,86,164,16942,-3,16434,204,
01-Feb-25,South,C,198,80,176,15840,-3,15365,206,
01-Mar-25,South,C,117,61,98,7137,-3,6923,121,
01-Apr-21,South,C,159,56,130,8904,-3,8637,165,
01-May-21,South,C,270,62,240,16740,-3,16238,280,
01-Jun-21,South,C,290,84,235,24360,-3,23629,301,
01-Jul-21,South,C,257,56,216,14392,-3,13960,267,
01-Aug-21,South,C,249,68,222,16932,-3,16424,258,
01-Sep-21,South,C,254,53,208,13462,-3,13058,264,
01-Oct-21,South,C,227,54,184,12258,-3,11890,236,
01-Nov-21,South,C,124,93,109,11532,-3,11186,129,
01-Dec-21,South,C,237,93,201,22041,-3,21380,246,
01-Jan-22,South,C,124,77,109,9548,-3,9262,129,
01-Feb-22,South,C,257,55,226,14135,-3,13711,267,
01-Mar-22,South,C,209,92,182,19228,-3,18651,217,
01-Apr-22,South,C,170,66,141,11220,-3,10883,176,
01-May-22,South,C,203,64,166,12992,-3,12602,211,
01-Jun-22,South,C,246,58,199,14268,-3,13840,255,
01-Jul-22,South,C,203,52,171,10556,-3,10239,211,
01-Aug-22,South,C,129,76,108,9804,-3,9510,134,
01-Sep-22,South,C,148,96,126,14208,-3,13782,154,
01-Oct-22,South,C,101,75,84,7575,-3,7348,105,
01-Nov-22,South,C,265,57,215,15105,-3,14652,275,
01-Dec-22,South,C,154,95,131,14630,-3,14191,160,
01-Jan-23,South,C,207,82,170,16974,-3,16465,215,
01-Feb-23,South,C,120,77,102,9240,-3,8963,125,
01-Mar-23,South,C,158,62,131,9796,-3,9502,164,
01-Apr-23,South,C,164,58,144,9512,-3,9227,170,
01-May-23,South,C,147,54,131,7938,-3,7700,153,
01-Jun-23,South,C,261,74,222,19314,-3,18735,271,
01-Jul-23,South,C,146,75,126,10950,-3,10622,152,
01-Aug-23,South,C,275,52,245,14300,-3,13871,285,
01-Sep-23,South,C,217,100,191,21700,-3,21049,225,
01-Oct-23,South,C,278,88,231,24464,-3,23730,289,
01-Nov-23,South,C,178,63,157,11214,-3,10878,185,
01-Dec-23,South,C,173,99,145,17127,-3,16613,180,
01-Jan-24,South,C,243,91,219,22113,-3,21450,252,
01-Feb-24,South,C,169,69,145,11661,-3,11311,175,
01-Mar-24,South,C,252,71,227,17892,-3,17355,262,
01-Apr-24,South,C,231,91,192,21021,-3,20390,240,
01-May-24,South,C,101,78,83,7878,-3,7642,105,
01-Jun-24,South,C,172,87,153,14964,-3,14515,179,
01-Jul-24,South,C,272,67,226,18224,-3,17677,282,
01-Aug-24,South,C,131,83,118,10873,-3,10547,136,
01-Sep-24,South,C,266,80,239,21280,-3,20642,276,
01-Oct-24,South,C,139,81,122,11259,-3,10921,144,
01-Nov-24,South,C,289,63,246,18207,-3,17661,300,
01-Dec-24,South,C,165,72,144,11880,-3,11524,171,
01-Jan-25,South,C,203,70,175,14210,-3,13784,211,
01-Feb-25,South,C,204,64,184,13056,-3,12664,212,
01-Mar-25,South,C,222,72,200,15984,-3,15504,230,
01-Apr-21,South,C,137,95,116,13015,-4,12494,144,
01-May-21,South,C,233,71,198,16543,-4,15881,244,
01-Jun-21,South,C,170,89,148,15130,-4,14525,178,
01-Jul-21,South,C,140,83,119,11620,-4,11155,147,
01-Aug-21,South,C,146,53,126,7738,-4,7428,153,
01-Sep-21,South,C,242,75,208,18150,-4,17424,254,
01-Oct-21,South,C,214,94,180,20116,-4,19311,224,
01-Nov-21,South,C,154,80,128,12320,-4,11827,161,
01-Dec-21,South,C,170,84,145,14280,-4,13709,178,
01-Jan-22,South,C,125,98,103,12250,-4,11760,131,
01-Feb-22,South,C,176,72,143,12672,-4,12165,184,
01-Mar-22,South,C,136,93,116,12648,-4,12142,143,
01-Apr-22,South,C,282,73,243,20586,-4,19763,296,
01-May-22,South,C,292,79,263,23068,-4,22145,306,
01-Jun-22,South,C,180,90,151,16200,-4,15552,189,
01-Jul-22,South,C,214,69,184,14766,-4,14175,224,
01-Aug-22,South,C,268,89,217,23852,-4,22898,281,
01-Sep-22,South,C,217,53,189,11501,-4,11041,227,
01-Oct-22,South,C,214,88,182,18832,-4,18079,224,
01-Nov-22,South,C,228,95,205,21660,-4,20794,239,
01-Dec-22,South,C,180,68,149,12240,-4,11750,189,
01-Jan-23,South,C,201,97,171,19497,-4,18717,211,
01-Feb-23,South,C,132,69,112,9108,-4,8744,138,
01-Mar-23,South,C,290,64,261,18560,-4,17818,304,
01-Apr-23,South,C,210,50,176,10500,-4,10080,220,
01-May-23,South,C,143,64,124,9152,-4,8786,150,
01-Jun-23,South,C,299,74,251,22126,-4,21241,313,
01-Jul-23,South,C,226,65,185,14690,-4,14102,237,
01-Aug-23,South,C,130,66,117,8580,-4,8237,136,
01-Sep-23,South,C,106,70,90,7420,-4,7123,111,
01-Oct-23,South,C,177,88,149,15576,-4,14953,185,
01-Nov-23,South,C,225,80,191,18000,-4,17280,236,
01-Dec-23,South,C,288,86,248,24768,-4,23777,302,
01-Jan-24,South,C,181,52,156,9412,-4,9036,190,
01-Feb-24,South,C,160,95,133,15200,-4,14592,168,
01-Mar-24,South,C,203,54,175,10962,-4,10524,213,
01-Apr-24,South,C,261,82,211,21402,-4,20546,274,
01-May-24,South,C,210,75,176,15750,-4,15120,220,
01-Jun-24,South,C,266,96,223,25536,-4,24515,279,
01-Jul-24,South,C,136,64,114,8704,-4,8356,143,
01-Aug-24,South,C,283,75,255,21225,-4,20376,297,
01-Sep-24,South,C,128,69,108,8832,-4,8479,134,
01-Oct-24,South,C,143,63,117,9009,-4,8649,150,
01-Nov-24,South,C,136,56,117,7616,-4,7311,143,
01-Dec-24,South,C,234,88,192,20592,-4,19768,245,
01-Jan-25,South,C,197,86,164,16942,-4,16264,206,
01-Feb-25,South,C,198,80,176,15840,-4,15206,208,
01-Mar-25,South,C,117,61,98,7137,-4,6852,123,
01-Apr-21,South,C,159,56,130,8904,-4,8548,167,
01-May-21,South,C,270,62,240,16740,-4,16070,283,
01-Jun-21,South,C,290,84,235,24360,-4,23386,304,
01-Jul-21,South,C,257,56,216,14392,-4,13816,269,
01-Aug-21,South,C,249,68,222,16932,-4,16255,261,
01-Sep-21,South,C,254,53,208,13462,-4,12924,266,
01-Oct-21,South,C,227,54,184,12258,-4,11768,238,
01-Nov-21,South,C,124,93,109,11532,-4,11071,130,
01-Dec-21,South,C,237,93,201,22041,-4,21159,248,
01-Jan-22,South,C,124,77,109,9548,-4,9166,130,
01-Feb-22,South,C,257,55,226,14135,-4,13570,269,
01-Mar-22,South,C,209,92,182,19228,-4,18459,219,
01-Apr-22,South,C,170,66,141,11220,-4,10771,178,
01-May-22,South,C,203,64,166,12992,-4,12472,213,
01-Jun-22,South,C,246,58,199,14268,-4,13697,258,
01-Jul-22,South,C,203,52,171,10556,-4,10134,213,
01-Aug-22,South,C,129,76,108,9804,-4,9412,135,
01-Sep-22,South,C,148,96,126,14208,-4,13640,155,
01-Oct-22,South,C,101,75,84,7575,-4,7272,106,
01-Nov-22,South,C,265,57,215,15105,-4,14501,278,
01-Dec-22,South,C,154,95,131,14630,-4,14045,161,
01-Jan-23,South,C,207,82,170,16974,-4,16295,217,
01-Feb-23,South,C,120,77,102,9240,-4,8870,126,
01-Mar-23,South,C,158,62,131,9796,-4,9404,166,
01-Apr-23,South,C,164,58,144,9512,-4,9132,172,
01-May-23,South,C,147,54,131,7938,-4,7620,154,
01-Jun-23,South,C,261,74,222,19314,-4,18541,274,
01-Jul-23,South,C,146,75,126,10950,-4,10512,153,
01-Aug-23,South,C,275,52,245,14300,-4,13728,288,
01-Sep-23,South,C,217,100,191,21700,-4,20832,227,
01-Oct-23,South,C,278,88,231,24464,-4,23485,291,
01-Nov-23,South,C,178,63,157,11214,-4,10765,187,
01-Dec-23,South,C,173,99,145,17127,-4,16442,181,
01-Jan-24,South,C,243,91,219,22113,-4,21228,255,
01-Feb-24,South,C,169,69,145,11661,-4,11195,177,
01-Mar-24,South,C,252,71,227,17892,-4,17176,264,
01-Apr-24,South,C,231,91,192,21021,-4,20180,242,
01-May-24,South,C,101,78,83,7878,-4,7563,106,
01-Jun-24,South,C,172,87,153,14964,-4,14365,180,
01-Jul-24,South,C,272,67,226,18224,-4,17495,285,
01-Aug-24,South,C,131,83,118,10873,-4,10438,137,
01-Sep-24,South,C,266,80,239,21280,-4,20429,279,
01-Oct-24,South,C,139,81,122,11259,-4,10809,146,
01-Nov-24,South,C,289,63,246,18207,-4,17479,303,
01-Dec-24,South,C,165,72,144,11880,-4,11405,173,
01-Jan-25,South,C,203,70,175,14210,-4,13642,213,
01-Feb-25,South,C,204,64,184,13056,-4,12534,214,
01-Mar-25,South,C,222,72,200,15984,-4,15345,233,
01-Apr-21,South,C,137,95,116,13015,-5,12364,145,
01-May-21,South,C,233,71,198,16543,-5,15716,247,
01-Jun-21,South,C,170,89,148,15130,-5,14374,180,
01-Jul-21,South,C,140,83,119,11620,-5,11039,148,
01-Aug-21,South,C,146,53,126,7738,-5,7351,155,
01-Sep-21,South,C,242,75,208,18150,-5,17243,257,
01-Oct-21,South,C,214,94,180,20116,-5,19110,227,
01-Nov-21,South,C,154,80,128,12320,-5,11704,163,
01-Dec-21,South,C,170,84,145,14280,-5,13566,180,
01-Jan-22,South,C,125,98,103,12250,-5,11638,133,
01-Feb-22,South,C,176,72,143,12672,-5,12038,187,
01-Mar-22,South,C,136,93,116,12648,-5,12016,144,
01-Apr-22,South,C,282,73,243,20586,-5,19557,299,
01-May-22,South,C,292,79,263,23068,-5,21915,310,
01-Jun-22,South,C,180,90,151,16200,-5,15390,191,
01-Jul-22,South,C,214,69,184,14766,-5,14028,227,
01-Aug-22,South,C,268,89,217,23852,-5,22659,284,
01-Sep-22,South,C,217,53,189,11501,-5,10926,230,
01-Oct-22,South,C,214,88,182,18832,-5,17890,227,
01-Nov-22,South,C,228,95,205,21660,-5,20577,242,
01-Dec-22,South,C,180,68,149,12240,-5,11628,191,
01-Jan-23,South,C,201,97,171,19497,-5,18522,213,
01-Feb-23,South,C,132,69,112,9108,-5,8653,140,
01-Mar-23,South,C,290,64,261,18560,-5,17632,307,
01-Apr-23,South,C,210,50,176,10500,-5,9975,223,
01-May-23,South,C,143,64,124,9152,-5,8694,152,
01-Jun-23,South,C,299,74,251,22126,-5,21020,317,
01-Jul-23,South,C,226,65,185,14690,-5,13956,240,
01-Aug-23,South,C,130,66,117,8580,-5,8151,138,
01-Sep-23,South,C,106,70,90,7420,-5,7049,112,
01-Oct-23,South,C,177,88,149,15576,-5,14797,188,
01-Nov-23,South,C,225,80,191,18000,-5,17100,239,
01-Dec-23,South,C,288,86,248,24768,-5,23530,305,
01-Jan-24,South,C,181,52,156,9412,-5,8941,192,
01-Feb-24,South,C,160,95,133,15200,-5,14440,170,
01-Mar-24,South,C,203,54,175,10962,-5,10414,215,
01-Apr-24,South,C,261,82,211,21402,-5,20332,277,
01-May-24,South,C,210,75,176,15750,-5,14963,223,
01-Jun-24,South,C,266,96,223,25536,-5,24259,282,
01-Jul-24,South,C,136,64,114,8704,-5,8269,144,
01-Aug-24,South,C,283,75,255,21225,-5,20164,300,
01-Sep-24,South,C,128,69,108,8832,-5,8390,136,
01-Oct-24,South,C,143,63,117,9009,-5,8559,152,
01-Nov-24,South,C,136,56,117,7616,-5,7235,144,
01-Dec-24,South,C,234,88,192,20592,-5,19562,248,
01-Jan-25,South,C,197,86,164,16942,-5,16095,209,
01-Feb-25,South,C,198,80,176,15840,-5,15048,210,
01-Mar-25,South,C,117,61,98,7137,-5,6780,124,
01-Apr-21,South,C,159,56,130,8904,-5,8459,169,
01-May-21,South,C,270,62,240,16740,-5,15903,286,
01-Jun-21,South,C,290,84,235,24360,-5,23142,307,
01-Jul-21,South,C,257,56,216,14392,-5,13672,272,
01-Aug-21,South,C,249,68,222,16932,-5,16085,264,
01-Sep-21,South,C,254,53,208,13462,-5,12789,269,
01-Oct-21,South,C,227,54,184,12258,-5,11645,241,
01-Nov-21,South,C,124,93,109,11532,-5,10955,131,
01-Dec-21,South,C,237,93,201,22041,-5,20939,251,
01-Jan-22,South,C,124,77,109,9548,-5,9071,131,
01-Feb-22,South,C,257,55,226,14135,-5,13428,272,
01-Mar-22,South,C,209,92,182,19228,-5,18267,222,
01-Apr-22,South,C,170,66,141,11220,-5,10659,180,
01-May-22,South,C,203,64,166,12992,-5,12342,215,
01-Jun-22,South,C,246,58,199,14268,-5,13555,261,
01-Jul-22,South,C,203,52,171,10556,-5,10028,215,
01-Aug-22,South,C,129,76,108,9804,-5,9314,137,
01-Sep-22,South,C,148,96,126,14208,-5,13498,157,
01-Oct-22,South,C,101,75,84,7575,-5,7196,107,
01-Nov-22,South,C,265,57,215,15105,-5,14350,281,
01-Dec-22,South,C,154,95,131,14630,-5,13899,163,
01-Jan-23,South,C,207,82,170,16974,-5,16125,219,
01-Feb-23,South,C,120,77,102,9240,-5,8778,127,
01-Mar-23,South,C,158,62,131,9796,-5,9306,167,
01-Apr-23,South,C,164,58,144,9512,-5,9036,174,
01-May-23,South,C,147,54,131,7938,-5,7541,156,
01-Jun-23,South,C,261,74,222,19314,-5,18348,277,
01-Jul-23,South,C,146,75,126,10950,-5,10403,155,
01-Aug-23,South,C,275,52,245,14300,-5,13585,292,
01-Sep-23,South,C,217,100,191,21700,-5,20615,230,
01-Oct-23,South,C,278,88,231,24464,-5,23241,295,
01-Nov-23,South,C,178,63,157,11214,-5,10653,189,
01-Dec-23,South,C,173,99,145,17127,-5,16271,183,
01-Jan-24,South,C,243,91,219,22113,-5,21007,258,
01-Feb-24,South,C,169,69,145,11661,-5,11078,179,
01-Mar-24,South,C,252,71,227,17892,-5,16997,267,
01-Apr-24,South,C,231,91,192,21021,-5,19970,245,
01-May-24,South,C,101,78,83,7878,-5,7484,107,
01-Jun-24,South,C,172,87,153,14964,-5,14216,182,
01-Jul-24,South,C,272,67,226,18224,-5,17313,288,
01-Aug-24,South,C,131,83,118,10873,-5,10329,139,
01-Sep-24,South,C,266,80,239,21280,-5,20216,282,
01-Oct-24,South,C,139,81,122,11259,-5,10696,147,
01-Nov-24,South,C,289,63,246,18207,-5,17297,306,
01-Dec-24,South,C,165,72,144,11880,-5,11286,175,
01-Jan-25,South,C,203,70,175,14210,-5,13500,215,
01-Feb-25,South,C,204,64,184,13056,-5,12403,216,
01-Mar-25,South,C,222,72,200,15984,-5,15185,235,
01-Apr-21,West,C,106,41,95,4346,2,4433,103,
01-May-21,West,C,191,38,170,7258,2,7403,186,
01-Jun-21,West,C,262,30,215,7860,2,8017,256,
01-Jul-21,West,C,227,41,204,9307,2,9493,222,
01-Aug-21,West,C,177,46,158,8142,2,8305,173,
01-Sep-21,West,C,117,48,99,5616,2,5728,114,
01-Oct-21,West,C,273,32,229,8736,2,8911,266,
01-Nov-21,West,C,289,44,249,12716,2,12970,282,
01-Dec-21,West,C,262,49,236,12838,2,13095,256,
01-Jan-22,West,C,289,38,260,10982,2,11202,282,
01-Feb-22,West,C,226,53,185,11978,2,12218,221,
01-Mar-22,West,C,163,37,135,6031,2,6152,159,
01-May-22,West,C,289,44,251,12716,2,12970,282,
01-Jun-22,West,C,100,50,87,5000,2,5100,98,
01-Jul-22,West,C,292,57,257,16644,2,16977,285,
01-Aug-22,West,C,103,45,83,4635,2,4728,101,
01-Sep-22,West,C,236,37,196,8732,2,8907,230,
01-Nov-22,West,C,106,28,86,2968,2,3027,103,
01-Dec-22,West,C,261,48,214,12528,2,12779,255,
01-Jan-23,West,C,261,48,214,12528,2,12779,255,
01-Feb-23,West,C,293,44,261,12892,2,13150,286,
01-Mar-23,West,C,153,27,135,4131,2,4214,149,
01-Apr-23,West,C,210,42,176,8820,2,8996,205,
01-May-23,West,C,114,32,103,3648,2,3721,111,
01-Jun-23,West,C,243,54,219,13122,2,13384,237,
01-Jul-23,West,C,174,28,153,4872,2,4969,170,
01-Aug-23,West,C,215,28,187,6020,2,6140,210,
01-Sep-23,West,C,195,33,166,6435,2,6564,190,
01-Oct-23,West,C,261,40,219,10440,2,10649,255,
01-Nov-23,West,C,122,45,102,5490,2,5600,119,
01-Dec-23,West,C,171,47,149,8037,2,8198,167,
01-Feb-24,West,C,107,48,90,5136,2,5239,104,
01-Mar-24,West,C,268,54,217,14472,2,14761,262,
01-Apr-24,West,C,167,29,139,4843,2,4940,163,
01-May-24,West,C,167,32,145,5344,2,5451,163,
01-Jun-24,West,C,197,29,173,5713,2,5827,192,
01-Jul-24,West,C,170,41,151,6970,2,7109,166,
01-Aug-24,West,C,214,32,175,6848,2,6985,209,
01-Sep-24,West,C,278,44,231,12232,2,12477,271,
01-Nov-24,West,C,138,41,115,5658,2,5771,135,
01-Dec-24,West,C,100,39,86,3900,2,3978,98,
01-Jan-25,West,C,166,46,144,7636,2,7789,162,
01-Feb-25,West,C,161,47,135,7567,2,7718,157,
01-Mar-25,West,C,143,36,123,5148,2,5251,140,
01-Apr-21,West,C,161,48,142,7728,2,7883,157,
01-Jun-21,West,C,199,41,177,8159,2,8322,194,
01-Jul-21,West,C,103,57,88,5871,2,5988,101,
01-Aug-21,West,C,299,46,269,13754,2,14029,292,
01-Sep-21,West,C,298,42,253,12516,2,12766,291,
01-Nov-21,West,C,115,39,97,4485,2,4575,112,
01-Dec-21,West,C,125,50,110,6250,2,6375,122,
01-Jan-22,West,C,114,30,98,3420,2,3488,111,
01-Feb-22,West,C,217,46,187,9982,2,10182,212,
01-Mar-22,West,C,124,53,100,6572,2,6703,121,
01-Apr-22,West,C,267,30,219,8010,2,8170,261,
01-Jun-22,West,C,131,46,107,6026,2,6147,128,
01-Jul-22,West,C,256,49,218,12544,2,12795,250,
01-Aug-22,West,C,185,38,163,7030,2,7171,181,
01-Sep-22,West,C,300,47,249,14100,2,14382,293,
01-Oct-22,West,C,294,53,244,15582,2,15894,287,
01-Nov-22,West,C,222,50,189,11100,2,11322,217,
01-Dec-22,West,C,120,50,106,6000,2,6120,117,
01-Jan-23,West,C,235,35,200,8225,2,8390,229,
01-Feb-23,West,C,210,52,176,10920,2,11138,205,
01-Mar-23,West,C,206,32,181,6592,2,6724,201,
01-Apr-23,West,C,180,49,151,8820,2,8996,176,
01-May-23,West,C,110,42,96,4620,2,4712,107,
01-Jun-23,West,C,190,50,154,9500,2,9690,185,
01-Jul-23,West,C,274,36,227,9864,2,10061,267,
01-Aug-23,West,C,100,28,90,2800,2,2856,98,
01-Sep-23,West,C,114,44,92,5016,2,5116,111,
01-Nov-23,West,C,218,30,194,6540,2,6671,213,
01-Dec-23,West,C,199,39,173,7761,2,7916,194,
01-Jan-24,West,C,243,53,216,12879,2,13137,237,
01-Feb-24,West,C,197,39,173,7683,2,7837,192,
01-Mar-24,West,C,282,30,231,8460,2,8629,275,
01-Apr-24,West,C,248,48,208,11904,2,12142,242,
01-May-24,West,C,163,44,134,7172,2,7315,159,
01-Jun-24,West,C,169,33,140,5577,2,5689,165,
01-Jul-24,West,C,161,36,138,5796,2,5912,157,
01-Aug-24,West,C,262,41,231,10742,2,10957,256,
01-Sep-24,West,C,206,32,181,6592,2,6724,201,
01-Oct-24,West,C,180,41,153,7380,2,7528,176,
01-Nov-24,West,C,269,40,218,10760,2,10975,263,
01-Dec-24,West,C,132,47,119,6204,2,6328,129,
01-Jan-25,West,C,190,35,169,6650,2,6783,185,
01-Feb-25,West,C,279,46,243,12834,2,13091,272,
01-Mar-25,West,C,197,47,173,9259,2,9444,192,
01-Apr-21,West,C,106,41,95,4346,3,4476,102,
01-May-21,West,C,191,38,170,7258,3,7476,184,
01-Jun-21,West,C,262,30,215,7860,3,8096,253,
01-Jul-21,West,C,227,41,204,9307,3,9586,219,
01-Aug-21,West,C,177,46,158,8142,3,8386,171,
01-Sep-21,West,C,117,48,99,5616,3,5784,113,
01-Oct-21,West,C,273,32,229,8736,3,8998,263,
01-Nov-21,West,C,289,44,249,12716,3,13097,279,
01-Dec-21,West,C,262,49,236,12838,3,13223,253,
01-Jan-22,West,C,289,38,260,10982,3,11311,279,
01-Feb-22,West,C,226,53,185,11978,3,12337,218,
01-Mar-22,West,C,163,37,135,6031,3,6212,157,
01-May-22,West,C,289,44,251,12716,3,13097,279,
01-Jun-22,West,C,100,50,87,5000,3,5150,96,
01-Jul-22,West,C,292,57,257,16644,3,17143,281,
01-Aug-22,West,C,103,45,83,4635,3,4774,99,
01-Sep-22,West,C,236,37,196,8732,3,8994,228,
01-Nov-22,West,C,106,28,86,2968,3,3057,102,
01-Dec-22,West,C,261,48,214,12528,3,12904,252,
01-Jan-23,West,C,261,48,214,12528,3,12904,252,
01-Feb-23,West,C,293,44,261,12892,3,13279,282,
01-Mar-23,West,C,153,27,135,4131,3,4255,147,
01-Apr-23,West,C,210,42,176,8820,3,9085,202,
01-May-23,West,C,114,32,103,3648,3,3757,110,
01-Jun-23,West,C,243,54,219,13122,3,13516,234,
01-Jul-23,West,C,174,28,153,4872,3,5018,168,
01-Aug-23,West,C,215,28,187,6020,3,6201,207,
01-Sep-23,West,C,195,33,166,6435,3,6628,188,
01-Oct-23,West,C,261,40,219,10440,3,10753,252,
01-Nov-23,West,C,122,45,102,5490,3,5655,118,
01-Dec-23,West,C,171,47,149,8037,3,8278,165,
01-Feb-24,West,C,107,48,90,5136,3,5290,103,
01-Mar-24,West,C,268,54,217,14472,3,14906,258,
01-Apr-24,West,C,167,29,139,4843,3,4988,161,
01-May-24,West,C,167,32,145,5344,3,5504,161,
01-Jun-24,West,C,197,29,173,5713,3,5884,190,
01-Jul-24,West,C,170,41,151,6970,3,7179,164,
01-Aug-24,West,C,214,32,175,6848,3,7053,206,
01-Sep-24,West,C,278,44,231,12232,3,12599,268,
01-Nov-24,West,C,138,41,115,5658,3,5828,133,
01-Dec-24,West,C,100,39,86,3900,3,4017,96,
01-Jan-25,West,C,166,46,144,7636,3,7865,160,
01-Feb-25,West,C,161,47,135,7567,3,7794,155,
01-Mar-25,West,C,143,36,123,5148,3,5302,138,
01-Apr-21,West,C,161,48,142,7728,3,7960,155,
01-Jun-21,West,C,199,41,177,8159,3,8404,192,
01-Jul-21,West,C,103,57,88,5871,3,6047,99,
01-Aug-21,West,C,299,46,269,13754,3,14167,288,
01-Sep-21,West,C,298,42,253,12516,3,12891,287,
01-Nov-21,West,C,115,39,97,4485,3,4620,111,
01-Dec-21,West,C,125,50,110,6250,3,6438,121,
01-Jan-22,West,C,114,30,98,3420,3,3523,110,
01-Feb-22,West,C,217,46,187,9982,3,10281,209,
01-Mar-22,West,C,124,53,100,6572,3,6769,120,
01-Apr-22,West,C,267,30,219,8010,3,8250,257,
01-Jun-22,West,C,131,46,107,6026,3,6207,126,
01-Jul-22,West,C,256,49,218,12544,3,12920,247,
01-Aug-22,West,C,185,38,163,7030,3,7241,178,
01-Sep-22,West,C,300,47,249,14100,3,14523,289,
01-Oct-22,West,C,294,53,244,15582,3,16049,283,
01-Nov-22,West,C,222,50,189,11100,3,11433,214,
01-Dec-22,West,C,120,50,106,6000,3,6180,116,
01-Jan-23,West,C,235,35,200,8225,3,8472,227,
01-Feb-23,West,C,210,52,176,10920,3,11248,202,
01-Mar-23,West,C,206,32,181,6592,3,6790,199,
01-Apr-23,West,C,180,49,151,8820,3,9085,174,
01-May-23,West,C,110,42,96,4620,3,4759,106,
01-Jun-23,West,C,190,50,154,9500,3,9785,183,
01-Jul-23,West,C,274,36,227,9864,3,10160,264,
01-Aug-23,West,C,100,28,90,2800,3,2884,96,
01-Sep-23,West,C,114,44,92,5016,3,5166,110,
01-Nov-23,West,C,218,30,194,6540,3,6736,210,
01-Dec-23,West,C,199,39,173,7761,3,7994,192,
01-Jan-24,West,C,243,53,216,12879,3,13265,234,
01-Feb-24,West,C,197,39,173,7683,3,7913,190,
01-Mar-24,West,C,282,30,231,8460,3,8714,272,
01-Apr-24,West,C,248,48,208,11904,3,12261,239,
01-May-24,West,C,163,44,134,7172,3,7387,157,
01-Jun-24,West,C,169,33,140,5577,3,5744,163,
01-Jul-24,West,C,161,36,138,5796,3,5970,155,
01-Aug-24,West,C,262,41,231,10742,3,11064,253,
01-Sep-24,West,C,206,32,181,6592,3,6790,199,
01-Oct-24,West,C,180,41,153,7380,3,7601,174,
01-Nov-24,West,C,269,40,218,10760,3,11083,259,
01-Dec-24,West,C,132,47,119,6204,3,6390,127,
01-Jan-25,West,C,190,35,169,6650,3,6850,183,
01-Feb-25,West,C,279,46,243,12834,3,13219,269,
01-Mar-25,West,C,197,47,173,9259,3,9537,190,
01-Apr-21,West,C,106,41,95,4346,4,4520,101,
01-May-21,West,C,191,38,170,7258,4,7548,182,
01-Jun-21,West,C,262,30,215,7860,4,8174,249,
01-Jul-21,West,C,227,41,204,9307,4,9679,216,
01-Aug-21,West,C,177,46,158,8142,4,8468,169,
01-Sep-21,West,C,117,48,99,5616,4,5841,111,
01-Oct-21,West,C,273,32,229,8736,4,9085,260,
01-Nov-21,West,C,289,44,249,12716,4,13225,275,
01-Dec-21,West,C,262,49,236,12838,4,13352,249,
01-Jan-22,West,C,289,38,260,10982,4,11421,275,
01-Feb-22,West,C,226,53,185,11978,4,12457,215,
01-Mar-22,West,C,163,37,135,6031,4,6272,155,
01-May-22,West,C,289,44,251,12716,4,13225,275,
01-Jun-22,West,C,100,50,87,5000,4,5200,95,
01-Jul-22,West,C,292,57,257,16644,4,17310,278,
01-Aug-22,West,C,103,45,83,4635,4,4820,98,
01-Sep-22,West,C,236,37,196,8732,4,9081,225,
01-Nov-22,West,C,106,28,86,2968,4,3087,101,
01-Dec-22,West,C,261,48,214,12528,4,13029,248,
01-Jan-23,West,C,261,48,214,12528,4,13029,248,
01-Feb-23,West,C,293,44,261,12892,4,13408,279,
01-Mar-23,West,C,153,27,135,4131,4,4296,146,
01-Apr-23,West,C,210,42,176,8820,4,9173,200,
01-May-23,West,C,114,32,103,3648,4,3794,109,
01-Jun-23,West,C,243,54,219,13122,4,13647,231,
01-Jul-23,West,C,174,28,153,4872,4,5067,166,
01-Aug-23,West,C,215,28,187,6020,4,6261,205,
01-Sep-23,West,C,195,33,166,6435,4,6692,186,
01-Oct-23,West,C,261,40,219,10440,4,10858,248,
01-Nov-23,West,C,122,45,102,5490,4,5710,116,
01-Dec-23,West,C,171,47,149,8037,4,8358,163,
01-Feb-24,West,C,107,48,90,5136,4,5341,102,
01-Mar-24,West,C,268,54,217,14472,4,15051,255,
01-Apr-24,West,C,167,29,139,4843,4,5037,159,
01-May-24,West,C,167,32,145,5344,4,5558,159,
01-Jun-24,West,C,197,29,173,5713,4,5942,188,
01-Jul-24,West,C,170,41,151,6970,4,7249,162,
01-Aug-24,West,C,214,32,175,6848,4,7122,204,
01-Sep-24,West,C,278,44,231,12232,4,12721,265,
01-Nov-24,West,C,138,41,115,5658,4,5884,131,
01-Dec-24,West,C,100,39,86,3900,4,4056,95,
01-Jan-25,West,C,166,46,144,7636,4,7941,158,
01-Feb-25,West,C,161,47,135,7567,4,7870,153,
01-Mar-25,West,C,143,36,123,5148,4,5354,136,
01-Apr-21,West,C,161,48,142,7728,4,8037,153,
01-Jun-21,West,C,199,41,177,8159,4,8485,189,
01-Jul-21,West,C,103,57,88,5871,4,6106,98,
01-Aug-21,West,C,299,46,269,13754,4,14304,285,
01-Sep-21,West,C,298,42,253,12516,4,13017,284,
01-Nov-21,West,C,115,39,97,4485,4,4664,109,
01-Dec-21,West,C,125,50,110,6250,4,6500,119,
01-Jan-22,West,C,114,30,98,3420,4,3557,109,
01-Feb-22,West,C,217,46,187,9982,4,10381,207,
01-Mar-22,West,C,124,53,100,6572,4,6835,118,
01-Apr-22,West,C,267,30,219,8010,4,8330,254,
01-Jun-22,West,C,131,46,107,6026,4,6267,125,
01-Jul-22,West,C,256,49,218,12544,4,13046,244,
01-Aug-22,West,C,185,38,163,7030,4,7311,176,
01-Sep-22,West,C,300,47,249,14100,4,14664,286,
01-Oct-22,West,C,294,53,244,15582,4,16205,280,
01-Nov-22,West,C,222,50,189,11100,4,11544,211,
01-Dec-22,West,C,120,50,106,6000,4,6240,114,
01-Jan-23,West,C,235,35,200,8225,4,8554,224,
01-Feb-23,West,C,210,52,176,10920,4,11357,200,
01-Mar-23,West,C,206,32,181,6592,4,6856,196,
01-Apr-23,West,C,180,49,151,8820,4,9173,171,
01-May-23,West,C,110,42,96,4620,4,4805,105,
01-Jun-23,West,C,190,50,154,9500,4,9880,181,
01-Jul-23,West,C,274,36,227,9864,4,10259,261,
01-Aug-23,West,C,100,28,90,2800,4,2912,95,
01-Sep-23,West,C,114,44,92,5016,4,5217,109,
01-Nov-23,West,C,218,30,194,6540,4,6802,208,
01-Dec-23,West,C,199,39,173,7761,4,8071,189,
01-Jan-24,West,C,243,53,216,12879,4,13394,231,
01-Feb-24,West,C,197,39,173,7683,4,7990,188,
01-Mar-24,West,C,282,30,231,8460,4,8798,268,
01-Apr-24,West,C,248,48,208,11904,4,12380,236,
01-May-24,West,C,163,44,134,7172,4,7459,155,
01-Jun-24,West,C,169,33,140,5577,4,5800,161,
01-Jul-24,West,C,161,36,138,5796,4,6028,153,
01-Aug-24,West,C,262,41,231,10742,4,11172,249,
01-Sep-24,West,C,206,32,181,6592,4,6856,196,
01-Oct-24,West,C,180,41,153,7380,4,7675,171,
01-Nov-24,West,C,269,40,218,10760,4,11190,256,
01-Dec-24,West,C,132,47,119,6204,4,6452,126,
01-Jan-25,West,C,190,35,169,6650,4,6916,181,
01-Feb-25,West,C,279,46,243,12834,4,13347,266,
01-Mar-25,West,C,197,47,173,9259,4,9629,188,
01-Apr-21,West,C,106,41,95,4346,5,4563,100,
01-May-21,West,C,191,38,170,7258,5,7621,180,
01-Jun-21,West,C,262,30,215,7860,5,8253,246,
01-Jul-21,West,C,227,41,204,9307,5,9772,213,
01-Aug-21,West,C,177,46,158,8142,5,8549,166,
01-Sep-21,West,C,117,48,99,5616,5,5897,110,
01-Oct-21,West,C,273,32,229,8736,5,9173,257,
01-Nov-21,West,C,289,44,249,12716,5,13352,272,
01-Dec-21,West,C,262,49,236,12838,5,13480,246,
01-Jan-22,West,C,289,38,260,10982,5,11531,272,
01-Feb-22,West,C,226,53,185,11978,5,12577,212,
01-Mar-22,West,C,163,37,135,6031,5,6333,153,
01-May-22,West,C,289,44,251,12716,5,13352,272,
01-Jun-22,West,C,100,50,87,5000,5,5250,94,
01-Jul-22,West,C,292,57,257,16644,5,17476,274,
01-Aug-22,West,C,103,45,83,4635,5,4867,97,
01-Sep-22,West,C,236,37,196,8732,5,9169,222,
01-Nov-22,West,C,106,28,86,2968,5,3116,100,
01-Dec-22,West,C,261,48,214,12528,5,13154,245,
01-Jan-23,West,C,261,48,214,12528,5,13154,245,
01-Feb-23,West,C,293,44,261,12892,5,13537,275,
01-Mar-23,West,C,153,27,135,4131,5,4338,144,
01-Apr-23,West,C,210,42,176,8820,5,9261,197,
01-May-23,West,C,114,32,103,3648,5,3830,107,
01-Jun-23,West,C,243,54,219,13122,5,13778,228,
01-Jul-23,West,C,174,28,153,4872,5,5116,164,
01-Aug-23,West,C,215,28,187,6020,5,6321,202,
01-Sep-23,West,C,195,33,166,6435,5,6757,183,
01-Oct-23,West,C,261,40,219,10440,5,10962,245,
01-Nov-23,West,C,122,45,102,5490,5,5765,115,
01-Dec-23,West,C,171,47,149,8037,5,8439,161,
01-Feb-24,West,C,107,48,90,5136,5,5393,101,
01-Mar-24,West,C,268,54,217,14472,5,15196,252,
01-Apr-24,West,C,167,29,139,4843,5,5085,157,
01-May-24,West,C,167,32,145,5344,5,5611,157,
01-Jun-24,West,C,197,29,173,5713,5,5999,185,
01-Jul-24,West,C,170,41,151,6970,5,7319,160,
01-Aug-24,West,C,214,32,175,6848,5,7190,201,
01-Sep-24,West,C,278,44,231,12232,5,12844,261,
01-Nov-24,West,C,138,41,115,5658,5,5941,130,
01-Dec-24,West,C,100,39,86,3900,5,4095,94,
01-Jan-25,West,C,166,46,144,7636,5,8018,156,
01-Feb-25,West,C,161,47,135,7567,5,7945,151,
01-Mar-25,West,C,143,36,123,5148,5,5405,134,
01-Apr-21,West,C,161,48,142,7728,5,8114,151,
01-Jun-21,West,C,199,41,177,8159,5,8567,187,
01-Jul-21,West,C,103,57,88,5871,5,6165,97,
01-Aug-21,West,C,299,46,269,13754,5,14442,281,
01-Sep-21,West,C,298,42,253,12516,5,13142,280,
01-Nov-21,West,C,115,39,97,4485,5,4709,108,
01-Dec-21,West,C,125,50,110,6250,5,6563,118,
01-Jan-22,West,C,114,30,98,3420,5,3591,107,
01-Feb-22,West,C,217,46,187,9982,5,10481,204,
01-Mar-22,West,C,124,53,100,6572,5,6901,117,
01-Apr-22,West,C,267,30,219,8010,5,8411,251,
01-Jun-22,West,C,131,46,107,6026,5,6327,123,
01-Jul-22,West,C,256,49,218,12544,5,13171,241,
01-Aug-22,West,C,185,38,163,7030,5,7382,174,
01-Sep-22,West,C,300,47,249,14100,5,14805,282,
01-Oct-22,West,C,294,53,244,15582,5,16361,276,
01-Nov-22,West,C,222,50,189,11100,5,11655,209,
01-Dec-22,West,C,120,50,106,6000,5,6300,113,
01-Jan-23,West,C,235,35,200,8225,5,8636,221,
01-Feb-23,West,C,210,52,176,10920,5,11466,197,
01-Mar-23,West,C,206,32,181,6592,5,6922,194,
01-Apr-23,West,C,180,49,151,8820,5,9261,169,
01-May-23,West,C,110,42,96,4620,5,4851,103,
01-Jun-23,West,C,190,50,154,9500,5,9975,179,
01-Jul-23,West,C,274,36,227,9864,5,10357,258,
01-Aug-23,West,C,100,28,90,2800,5,2940,94,
01-Sep-23,West,C,114,44,92,5016,5,5267,107,
01-Nov-23,West,C,218,30,194,6540,5,6867,205,
01-Dec-23,West,C,199,39,173,7761,5,8149,187,
01-Jan-24,West,C,243,53,216,12879,5,13523,228,
01-Feb-24,West,C,197,39,173,7683,5,8067,185,
01-Mar-24,West,C,282,30,231,8460,5,8883,265,
01-Apr-24,West,C,248,48,208,11904,5,12499,233,
01-May-24,West,C,163,44,134,7172,5,7531,153,
01-Jun-24,West,C,169,33,140,5577,5,5856,159,
01-Jul-24,West,C,161,36,138,5796,5,6086,151,
01-Aug-24,West,C,262,41,231,10742,5,11279,246,
01-Sep-24,West,C,206,32,181,6592,5,6922,194,
01-Oct-24,West,C,180,41,153,7380,5,7749,169,
01-Nov-24,West,C,269,40,218,10760,5,11298,253,
01-Dec-24,West,C,132,47,119,6204,5,6514,124,
01-Jan-25,West,C,190,35,169,6650,5,6983,179,
01-Feb-25,West,C,279,46,243,12834,5,13476,262,
01-Mar-25,West,C,197,47,173,9259,5,9722,185,
01-Apr-21,West,C,106,41,95,4346,-2,4259,109,
01-May-21,West,C,191,38,170,7258,-2,7113,196,
01-Jun-21,West,C,262,30,215,7860,-2,7703,268,
01-Jul-21,West,C,227,41,204,9307,-2,9121,232,
01-Aug-21,West,C,177,46,158,8142,-2,7979,181,
01-Sep-21,West,C,117,48,99,5616,-2,5504,120,
01-Oct-21,West,C,273,32,229,8736,-2,8561,280,
01-Nov-21,West,C,289,44,249,12716,-2,12462,296,
01-Dec-21,West,C,262,49,236,12838,-2,12581,268,
01-Jan-22,West,C,289,38,260,10982,-2,10762,296,
01-Feb-22,West,C,226,53,185,11978,-2,11738,231,
01-Mar-22,West,C,163,37,135,6031,-2,5910,167,
01-May-22,West,C,289,44,251,12716,-2,12462,296,
01-Jun-22,West,C,100,50,87,5000,-2,4900,102,
01-Jul-22,West,C,292,57,257,16644,-2,16311,299,
01-Aug-22,West,C,103,45,83,4635,-2,4542,105,
01-Sep-22,West,C,236,37,196,8732,-2,8557,242,
01-Nov-22,West,C,106,28,86,2968,-2,2909,109,
01-Dec-22,West,C,261,48,214,12528,-2,12277,267,
01-Jan-23,West,C,261,48,214,12528,-2,12277,267,
01-Feb-23,West,C,293,44,261,12892,-2,12634,300,
01-Mar-23,West,C,153,27,135,4131,-2,4048,157,
01-Apr-23,West,C,210,42,176,8820,-2,8644,215,
01-May-23,West,C,114,32,103,3648,-2,3575,117,
01-Jun-23,West,C,243,54,219,13122,-2,12860,249,
01-Jul-23,West,C,174,28,153,4872,-2,4775,178,
01-Aug-23,West,C,215,28,187,6020,-2,5900,220,
01-Sep-23,West,C,195,33,166,6435,-2,6306,200,
01-Oct-23,West,C,261,40,219,10440,-2,10231,267,
01-Nov-23,West,C,122,45,102,5490,-2,5380,125,
01-Dec-23,West,C,171,47,149,8037,-2,7876,175,
01-Feb-24,West,C,107,48,90,5136,-2,5033,110,
01-Mar-24,West,C,268,54,217,14472,-2,14183,274,
01-Apr-24,West,C,167,29,139,4843,-2,4746,171,
01-May-24,West,C,167,32,145,5344,-2,5237,171,
01-Jun-24,West,C,197,29,173,5713,-2,5599,202,
01-Jul-24,West,C,170,41,151,6970,-2,6831,174,
01-Aug-24,West,C,214,32,175,6848,-2,6711,219,
01-Sep-24,West,C,278,44,231,12232,-2,11987,285,
01-Nov-24,West,C,138,41,115,5658,-2,5545,141,
01-Dec-24,West,C,100,39,86,3900,-2,3822,102,
01-Jan-25,West,C,166,46,144,7636,-2,7483,170,
01-Feb-25,West,C,161,47,135,7567,-2,7416,165,
01-Mar-25,West,C,143,36,123,5148,-2,5045,146,
01-Apr-21,West,C,161,48,142,7728,-2,7573,165,
01-Jun-21,West,C,199,41,177,8159,-2,7996,204,
01-Jul-21,West,C,103,57,88,5871,-2,5754,105,
01-Aug-21,West,C,299,46,269,13754,-2,13479,306,
01-Sep-21,West,C,298,42,253,12516,-2,12266,305,
01-Nov-21,West,C,115,39,97,4485,-2,4395,118,
01-Dec-21,West,C,125,50,110,6250,-2,6125,128,
01-Jan-22,West,C,114,30,98,3420,-2,3352,117,
01-Feb-22,West,C,217,46,187,9982,-2,9782,222,
01-Mar-22,West,C,124,53,100,6572,-2,6441,127,
01-Apr-22,West,C,267,30,219,8010,-2,7850,273,
01-Jun-22,West,C,131,46,107,6026,-2,5905,134,
01-Jul-22,West,C,256,49,218,12544,-2,12293,262,
01-Aug-22,West,C,185,38,163,7030,-2,6889,189,
01-Sep-22,West,C,300,47,249,14100,-2,13818,307,
01-Oct-22,West,C,294,53,244,15582,-2,15270,301,
01-Nov-22,West,C,222,50,189,11100,-2,10878,227,
01-Dec-22,West,C,120,50,106,6000,-2,5880,123,
01-Jan-23,West,C,235,35,200,8225,-2,8061,241,
01-Feb-23,West,C,210,52,176,10920,-2,10702,215,
01-Mar-23,West,C,206,32,181,6592,-2,6460,211,
01-Apr-23,West,C,180,49,151,8820,-2,8644,184,
01-May-23,West,C,110,42,96,4620,-2,4528,113,
01-Jun-23,West,C,190,50,154,9500,-2,9310,195,
01-Jul-23,West,C,274,36,227,9864,-2,9667,281,
01-Aug-23,West,C,100,28,90,2800,-2,2744,102,
01-Sep-23,West,C,114,44,92,5016,-2,4916,117,
01-Nov-23,West,C,218,30,194,6540,-2,6409,223,
01-Dec-23,West,C,199,39,173,7761,-2,7606,204,
01-Jan-24,West,C,243,53,216,12879,-2,12621,249,
01-Feb-24,West,C,197,39,173,7683,-2,7529,202,
01-Mar-24,West,C,282,30,231,8460,-2,8291,289,
01-Apr-24,West,C,248,48,208,11904,-2,11666,254,
01-May-24,West,C,163,44,134,7172,-2,7029,167,
01-Jun-24,West,C,169,33,140,5577,-2,5465,173,
01-Jul-24,West,C,161,36,138,5796,-2,5680,165,
01-Aug-24,West,C,262,41,231,10742,-2,10527,268,
01-Sep-24,West,C,206,32,181,6592,-2,6460,211,
01-Oct-24,West,C,180,41,153,7380,-2,7232,184,
01-Nov-24,West,C,269,40,218,10760,-2,10545,275,
01-Dec-24,West,C,132,47,119,6204,-2,6080,135,
01-Jan-25,West,C,190,35,169,6650,-2,6517,195,
01-Feb-25,West,C,279,46,243,12834,-2,12577,286,
01-Mar-25,West,C,197,47,173,9259,-2,9074,202,
01-Apr-21,West,C,106,41,95,4346,-3,4216,110,
01-May-21,West,C,191,38,170,7258,-3,7040,198,
01-Jun-21,West,C,262,30,215,7860,-3,7624,272,
01-Jul-21,West,C,227,41,204,9307,-3,9028,236,
01-Aug-21,West,C,177,46,158,8142,-3,7898,184,
01-Sep-21,West,C,117,48,99,5616,-3,5448,121,
01-Oct-21,West,C,273,32,229,8736,-3,8474,283,
01-Nov-21,West,C,289,44,249,12716,-3,12335,300,
01-Dec-21,West,C,262,49,236,12838,-3,12453,272,
01-Jan-22,West,C,289,38,260,10982,-3,10653,300,
01-Feb-22,West,C,226,53,185,11978,-3,11619,235,
01-Mar-22,West,C,163,37,135,6031,-3,5850,169,
01-May-22,West,C,289,44,251,12716,-3,12335,300,
01-Jun-22,West,C,100,50,87,5000,-3,4850,104,
01-Jul-22,West,C,292,57,257,16644,-3,16145,303,
01-Aug-22,West,C,103,45,83,4635,-3,4496,107,
01-Sep-22,West,C,236,37,196,8732,-3,8470,245,
01-Nov-22,West,C,106,28,86,2968,-3,2879,110,
01-Dec-22,West,C,261,48,214,12528,-3,12152,271,
01-Jan-23,West,C,261,48,214,12528,-3,12152,271,
01-Feb-23,West,C,293,44,261,12892,-3,12505,304,
01-Mar-23,West,C,153,27,135,4131,-3,4007,159,
01-Apr-23,West,C,210,42,176,8820,-3,8555,218,
01-May-23,West,C,114,32,103,3648,-3,3539,118,
01-Jun-23,West,C,243,54,219,13122,-3,12728,252,
01-Jul-23,West,C,174,28,153,4872,-3,4726,181,
01-Aug-23,West,C,215,28,187,6020,-3,5839,223,
01-Sep-23,West,C,195,33,166,6435,-3,6242,202,
01-Oct-23,West,C,261,40,219,10440,-3,10127,271,
01-Nov-23,West,C,122,45,102,5490,-3,5325,127,
01-Dec-23,West,C,171,47,149,8037,-3,7796,177,
01-Feb-24,West,C,107,48,90,5136,-3,4982,111,
01-Mar-24,West,C,268,54,217,14472,-3,14038,278,
01-Apr-24,West,C,167,29,139,4843,-3,4698,173,
01-May-24,West,C,167,32,145,5344,-3,5184,173,
01-Jun-24,West,C,197,29,173,5713,-3,5542,204,
01-Jul-24,West,C,170,41,151,6970,-3,6761,176,
01-Aug-24,West,C,214,32,175,6848,-3,6643,222,
01-Sep-24,West,C,278,44,231,12232,-3,11865,289,
01-Nov-24,West,C,138,41,115,5658,-3,5488,143,
01-Dec-24,West,C,100,39,86,3900,-3,3783,104,
01-Jan-25,West,C,166,46,144,7636,-3,7407,172,
01-Feb-25,West,C,161,47,135,7567,-3,7340,167,
01-Mar-25,West,C,143,36,123,5148,-3,4994,148,
01-Apr-21,West,C,161,48,142,7728,-3,7496,167,
01-Jun-21,West,C,199,41,177,8159,-3,7914,207,
01-Jul-21,West,C,103,57,88,5871,-3,5695,107,
01-Aug-21,West,C,299,46,269,13754,-3,13341,310,
01-Sep-21,West,C,298,42,253,12516,-3,12141,309,
01-Nov-21,West,C,115,39,97,4485,-3,4350,119,
01-Dec-21,West,C,125,50,110,6250,-3,6063,130,
01-Jan-22,West,C,114,30,98,3420,-3,3317,118,
01-Feb-22,West,C,217,46,187,9982,-3,9683,225,
01-Mar-22,West,C,124,53,100,6572,-3,6375,129,
01-Apr-22,West,C,267,30,219,8010,-3,7770,277,
01-Jun-22,West,C,131,46,107,6026,-3,5845,136,
01-Jul-22,West,C,256,49,218,12544,-3,12168,266,
01-Aug-22,West,C,185,38,163,7030,-3,6819,192,
01-Sep-22,West,C,300,47,249,14100,-3,13677,311,
01-Oct-22,West,C,294,53,244,15582,-3,15115,305,
01-Nov-22,West,C,222,50,189,11100,-3,10767,230,
01-Dec-22,West,C,120,50,106,6000,-3,5820,125,
01-Jan-23,West,C,235,35,200,8225,-3,7978,244,
01-Feb-23,West,C,210,52,176,10920,-3,10592,218,
01-Mar-23,West,C,206,32,181,6592,-3,6394,214,
01-Apr-23,West,C,180,49,151,8820,-3,8555,187,
01-May-23,West,C,110,42,96,4620,-3,4481,114,
01-Jun-23,West,C,190,50,154,9500,-3,9215,197,
01-Jul-23,West,C,274,36,227,9864,-3,9568,284,
01-Aug-23,West,C,100,28,90,2800,-3,2716,104,
01-Sep-23,West,C,114,44,92,5016,-3,4866,118,
01-Nov-23,West,C,218,30,194,6540,-3,6344,226,
01-Dec-23,West,C,199,39,173,7761,-3,7528,207,
01-Jan-24,West,C,243,53,216,12879,-3,12493,252,
01-Feb-24,West,C,197,39,173,7683,-3,7453,204,
01-Mar-24,West,C,282,30,231,8460,-3,8206,293,
01-Apr-24,West,C,248,48,208,11904,-3,11547,257,
01-May-24,West,C,163,44,134,7172,-3,6957,169,
01-Jun-24,West,C,169,33,140,5577,-3,5410,175,
01-Jul-24,West,C,161,36,138,5796,-3,5622,167,
01-Aug-24,West,C,262,41,231,10742,-3,10420,272,
01-Sep-24,West,C,206,32,181,6592,-3,6394,214,
01-Oct-24,West,C,180,41,153,7380,-3,7159,187,
01-Nov-24,West,C,269,40,218,10760,-3,10437,279,
01-Dec-24,West,C,132,47,119,6204,-3,6018,137,
01-Jan-25,West,C,190,35,169,6650,-3,6451,197,
01-Feb-25,West,C,279,46,243,12834,-3,12449,290,
01-Mar-25,West,C,197,47,173,9259,-3,8981,204,
01-Apr-21,West,C,106,41,95,4346,-4,4172,111,
01-May-21,West,C,191,38,170,7258,-4,6968,200,
01-Jun-21,West,C,262,30,215,7860,-4,7546,275,
01-Jul-21,West,C,227,41,204,9307,-4,8935,238,
01-Aug-21,West,C,177,46,158,8142,-4,7816,185,
01-Sep-21,West,C,117,48,99,5616,-4,5391,123,
01-Oct-21,West,C,273,32,229,8736,-4,8387,286,
01-Nov-21,West,C,289,44,249,12716,-4,12207,303,
01-Dec-21,West,C,262,49,236,12838,-4,12324,275,
01-Jan-22,West,C,289,38,260,10982,-4,10543,303,
01-Feb-22,West,C,226,53,185,11978,-4,11499,237,
01-Mar-22,West,C,163,37,135,6031,-4,5790,171,
01-May-22,West,C,289,44,251,12716,-4,12207,303,
01-Jun-22,West,C,100,50,87,5000,-4,4800,105,
01-Jul-22,West,C,292,57,257,16644,-4,15978,306,
01-Aug-22,West,C,103,45,83,4635,-4,4450,108,
01-Sep-22,West,C,236,37,196,8732,-4,8383,247,
01-Nov-22,West,C,106,28,86,2968,-4,2849,111,
01-Dec-22,West,C,261,48,214,12528,-4,12027,274,
01-Jan-23,West,C,261,48,214,12528,-4,12027,274,
01-Feb-23,West,C,293,44,261,12892,-4,12376,307,
01-Mar-23,West,C,153,27,135,4131,-4,3966,160,
01-Apr-23,West,C,210,42,176,8820,-4,8467,220,
01-May-23,West,C,114,32,103,3648,-4,3502,119,
01-Jun-23,West,C,243,54,219,13122,-4,12597,255,
01-Jul-23,West,C,174,28,153,4872,-4,4677,182,
01-Aug-23,West,C,215,28,187,6020,-4,5779,225,
01-Sep-23,West,C,195,33,166,6435,-4,6178,204,
01-Oct-23,West,C,261,40,219,10440,-4,10022,274,
01-Nov-23,West,C,122,45,102,5490,-4,5270,128,
01-Dec-23,West,C,171,47,149,8037,-4,7716,179,
01-Feb-24,West,C,107,48,90,5136,-4,4931,112,
01-Mar-24,West,C,268,54,217,14472,-4,13893,281,
01-Apr-24,West,C,167,29,139,4843,-4,4649,175,
01-May-24,West,C,167,32,145,5344,-4,5130,175,
01-Jun-24,West,C,197,29,173,5713,-4,5484,206,
01-Jul-24,West,C,170,41,151,6970,-4,6691,178,
01-Aug-24,West,C,214,32,175,6848,-4,6574,224,
01-Sep-24,West,C,278,44,231,12232,-4,11743,291,
01-Nov-24,West,C,138,41,115,5658,-4,5432,145,
01-Dec-24,West,C,100,39,86,3900,-4,3744,105,
01-Jan-25,West,C,166,46,144,7636,-4,7331,174,
01-Feb-25,West,C,161,47,135,7567,-4,7264,169,
01-Mar-25,West,C,143,36,123,5148,-4,4942,150,
01-Apr-21,West,C,161,48,142,7728,-4,7419,169,
01-Jun-21,West,C,199,41,177,8159,-4,7833,209,
01-Jul-21,West,C,103,57,88,5871,-4,5636,108,
01-Aug-21,West,C,299,46,269,13754,-4,13204,313,
01-Sep-21,West,C,298,42,253,12516,-4,12015,312,
01-Nov-21,West,C,115,39,97,4485,-4,4306,121,
01-Dec-21,West,C,125,50,110,6250,-4,6000,131,
01-Jan-22,West,C,114,30,98,3420,-4,3283,119,
01-Feb-22,West,C,217,46,187,9982,-4,9583,227,
01-Mar-22,West,C,124,53,100,6572,-4,6309,130,
01-Apr-22,West,C,267,30,219,8010,-4,7690,280,
01-Jun-22,West,C,131,46,107,6026,-4,5785,137,
01-Jul-22,West,C,256,49,218,12544,-4,12042,268,
01-Aug-22,West,C,185,38,163,7030,-4,6749,194,
01-Sep-22,West,C,300,47,249,14100,-4,13536,314,
01-Oct-22,West,C,294,53,244,15582,-4,14959,308,
01-Nov-22,West,C,222,50,189,11100,-4,10656,233,
01-Dec-22,West,C,120,50,106,6000,-4,5760,126,
01-Jan-23,West,C,235,35,200,8225,-4,7896,246,
01-Feb-23,West,C,210,52,176,10920,-4,10483,220,
01-Mar-23,West,C,206,32,181,6592,-4,6328,216,
01-Apr-23,West,C,180,49,151,8820,-4,8467,189,
01-May-23,West,C,110,42,96,4620,-4,4435,115,
01-Jun-23,West,C,190,50,154,9500,-4,9120,199,
01-Jul-23,West,C,274,36,227,9864,-4,9469,287,
01-Aug-23,West,C,100,28,90,2800,-4,2688,105,
01-Sep-23,West,C,114,44,92,5016,-4,4815,119,
01-Nov-23,West,C,218,30,194,6540,-4,6278,228,
01-Dec-23,West,C,199,39,173,7761,-4,7451,209,
01-Jan-24,West,C,243,53,216,12879,-4,12364,255,
01-Feb-24,West,C,197,39,173,7683,-4,7376,206,
01-Mar-24,West,C,282,30,231,8460,-4,8122,296,
01-Apr-24,West,C,248,48,208,11904,-4,11428,260,
01-May-24,West,C,163,44,134,7172,-4,6885,171,
01-Jun-24,West,C,169,33,140,5577,-4,5354,177,
01-Jul-24,West,C,161,36,138,5796,-4,5564,169,
01-Aug-24,West,C,262,41,231,10742,-4,10312,275,
01-Sep-24,West,C,206,32,181,6592,-4,6328,216,
01-Oct-24,West,C,180,41,153,7380,-4,7085,189,
01-Nov-24,West,C,269,40,218,10760,-4,10330,282,
01-Dec-24,West,C,132,47,119,6204,-4,5956,138,
01-Jan-25,West,C,190,35,169,6650,-4,6384,199,
01-Feb-25,West,C,279,46,243,12834,-4,12321,292,
01-Mar-25,West,C,197,47,173,9259,-4,8889,206,
01-Apr-21,West,C,106,41,95,4346,-5,4129,112,
01-May-21,West,C,191,38,170,7258,-5,6895,202,
01-Jun-21,West,C,262,30,215,7860,-5,7467,278,
01-Jul-21,West,C,227,41,204,9307,-5,8842,241,
01-Aug-21,West,C,177,46,158,8142,-5,7735,188,
01-Sep-21,West,C,117,48,99,5616,-5,5335,124,
01-Oct-21,West,C,273,32,229,8736,-5,8299,289,
01-Nov-21,West,C,289,44,249,12716,-5,12080,306,
01-Dec-21,West,C,262,49,236,12838,-5,12196,278,
01-Jan-22,West,C,289,38,260,10982,-5,10433,306,
01-Feb-22,West,C,226,53,185,11978,-5,11379,240,
01-Mar-22,West,C,163,37,135,6031,-5,5729,173,
01-May-22,West,C,289,44,251,12716,-5,12080,306,
01-Jun-22,West,C,100,50,87,5000,-5,4750,106,
01-Jul-22,West,C,292,57,257,16644,-5,15812,310,
01-Aug-22,West,C,103,45,83,4635,-5,4403,109,
01-Sep-22,West,C,236,37,196,8732,-5,8295,250,
01-Nov-22,West,C,106,28,86,2968,-5,2820,112,
01-Dec-22,West,C,261,48,214,12528,-5,11902,277,
01-Jan-23,West,C,261,48,214,12528,-5,11902,277,
01-Feb-23,West,C,293,44,261,12892,-5,12247,311,
01-Mar-23,West,C,153,27,135,4131,-5,3924,162,
01-Apr-23,West,C,210,42,176,8820,-5,8379,223,
01-May-23,West,C,114,32,103,3648,-5,3466,121,
01-Jun-23,West,C,243,54,219,13122,-5,12466,258,
01-Jul-23,West,C,174,28,153,4872,-5,4628,184,
01-Aug-23,West,C,215,28,187,6020,-5,5719,228,
01-Sep-23,West,C,195,33,166,6435,-5,6113,207,
01-Oct-23,West,C,261,40,219,10440,-5,9918,277,
01-Nov-23,West,C,122,45,102,5490,-5,5216,129,
01-Dec-23,West,C,171,47,149,8037,-5,7635,181,
01-Feb-24,West,C,107,48,90,5136,-5,4879,113,
01-Mar-24,West,C,268,54,217,14472,-5,13748,284,
01-Apr-24,West,C,167,29,139,4843,-5,4601,177,
01-May-24,West,C,167,32,145,5344,-5,5077,177,
01-Jun-24,West,C,197,29,173,5713,-5,5427,209,
01-Jul-24,West,C,170,41,151,6970,-5,6622,180,
01-Aug-24,West,C,214,32,175,6848,-5,6506,227,
01-Sep-24,West,C,278,44,231,12232,-5,11620,295,
01-Nov-24,West,C,138,41,115,5658,-5,5375,146,
01-Dec-24,West,C,100,39,86,3900,-5,3705,106,
01-Jan-25,West,C,166,46,144,7636,-5,7254,176,
01-Feb-25,West,C,161,47,135,7567,-5,7189,171,
01-Mar-25,West,C,143,36,123,5148,-5,4891,152,
01-Apr-21,West,C,161,48,142,7728,-5,7342,171,
01-Jun-21,West,C,199,41,177,8159,-5,7751,211,
01-Jul-21,West,C,103,57,88,5871,-5,5577,109,
01-Aug-21,West,C,299,46,269,13754,-5,13066,317,
01-Sep-21,West,C,298,42,253,12516,-5,11890,316,
01-Nov-21,West,C,115,39,97,4485,-5,4261,122,
01-Dec-21,West,C,125,50,110,6250,-5,5938,133,
01-Jan-22,West,C,114,30,98,3420,-5,3249,121,
01-Feb-22,West,C,217,46,187,9982,-5,9483,230,
01-Mar-22,West,C,124,53,100,6572,-5,6243,131,
01-Apr-22,West,C,267,30,219,8010,-5,7610,283,
01-Jun-22,West,C,131,46,107,6026,-5,5725,139,
01-Jul-22,West,C,256,49,218,12544,-5,11917,271,
01-Aug-22,West,C,185,38,163,7030,-5,6679,196,
01-Sep-22,West,C,300,47,249,14100,-5,13395,318,
01-Oct-22,West,C,294,53,244,15582,-5,14803,312,
01-Nov-22,West,C,222,50,189,11100,-5,10545,235,
01-Dec-22,West,C,120,50,106,6000,-5,5700,127,
01-Jan-23,West,C,235,35,200,8225,-5,7814,249,
01-Feb-23,West,C,210,52,176,10920,-5,10374,223,
01-Mar-23,West,C,206,32,181,6592,-5,6262,218,
01-Apr-23,West,C,180,49,151,8820,-5,8379,191,
01-May-23,West,C,110,42,96,4620,-5,4389,117,
01-Jun-23,West,C,190,50,154,9500,-5,9025,201,
01-Jul-23,West,C,274,36,227,9864,-5,9371,290,
01-Aug-23,West,C,100,28,90,2800,-5,2660,106,
01-Sep-23,West,C,114,44,92,5016,-5,4765,121,
01-Nov-23,West,C,218,30,194,6540,-5,6213,231,
01-Dec-23,West,C,199,39,173,7761,-5,7373,211,
01-Jan-24,West,C,243,53,216,12879,-5,12235,258,
01-Feb-24,West,C,197,39,173,7683,-5,7299,209,
01-Mar-24,West,C,282,30,231,8460,-5,8037,299,
01-Apr-24,West,C,248,48,208,11904,-5,11309,263,
01-May-24,West,C,163,44,134,7172,-5,6813,173,
01-Jun-24,West,C,169,33,140,5577,-5,5298,179,
01-Jul-24,West,C,161,36,138,5796,-5,5506,171,
01-Aug-24,West,C,262,41,231,10742,-5,10205,278,
01-Sep-24,West,C,206,32,181,6592,-5,6262,218,
01-Oct-24,West,C,180,41,153,7380,-5,7011,191,
01-Nov-24,West,C,269,40,218,10760,-5,10222,285,
01-Dec-24,West,C,132,47,119,6204,-5,5894,140,
01-Jan-25,West,C,190,35,169,6650,-5,6318,201,
01-Feb-25,West,C,279,46,243,12834,-5,12192,296,
01-Mar-25,West,C,197,47,173,9259,-5,8796,209,
01-Apr-22,West,C,150,34,135,5100,2,5202,146,
01-Oct-22,West,C,299,34,260,10166,2,10369,292,
01-Jan-24,West,C,219,34,182,7446,2,7595,214,
01-Oct-24,West,C,233,34,193,7922,2,8080,227,
01-May-21,West,C,232,34,206,7888,2,8046,226,
01-Oct-21,West,C,110,34,90,3740,2,3815,107,
01-May-22,West,C,298,34,247,10132,2,10335,291,
01-Oct-23,West,C,137,34,111,4658,2,4751,134,
01-Apr-22,West,C,150,34,135,5100,3,5253,145,
01-Oct-22,West,C,299,34,260,10166,3,10471,288,
01-Jan-24,West,C,219,34,182,7446,3,7669,211,
01-Oct-24,West,C,233,34,193,7922,3,8160,225,
01-May-21,West,C,232,34,206,7888,3,8125,224,
01-Oct-21,West,C,110,34,90,3740,3,3852,106,
01-May-22,West,C,298,34,247,10132,3,10436,287,
01-Oct-23,West,C,137,34,111,4658,3,4798,132,
01-Apr-22,West,C,150,34,135,5100,4,5304,143,
01-Oct-22,West,C,299,34,260,10166,4,10573,285,
01-Jan-24,West,C,219,34,182,7446,4,7744,208,
01-Oct-24,West,C,233,34,193,7922,4,8239,222,
01-May-21,West,C,232,34,206,7888,4,8204,221,
01-Oct-21,West,C,110,34,90,3740,4,3890,105,
01-May-22,West,C,298,34,247,10132,4,10537,284,
01-Oct-23,West,C,137,34,111,4658,4,4844,130,
01-Apr-22,West,C,150,34,135,5100,5,5355,141,
01-Oct-22,West,C,299,34,260,10166,5,10674,281,
01-Jan-24,West,C,219,34,182,7446,5,7818,206,
01-Oct-24,West,C,233,34,193,7922,5,8318,219,
01-May-21,West,C,232,34,206,7888,5,8282,218,
01-Oct-21,West,C,110,34,90,3740,5,3927,103,
01-May-22,West,C,298,34,247,10132,5,10639,280,
01-Oct-23,West,C,137,34,111,4658,5,4891,129,
01-Apr-22,West,C,150,34,135,5100,-2,4998,154,
01-Oct-22,West,C,299,34,260,10166,-2,9963,306,
01-Jan-24,West,C,219,34,182,7446,-2,7297,224,
01-Oct-24,West,C,233,34,193,7922,-2,7764,239,
01-May-21,West,C,232,34,206,7888,-2,7730,238,
01-Oct-21,West,C,110,34,90,3740,-2,3665,113,
01-May-22,West,C,298,34,247,10132,-2,9929,305,
01-Oct-23,West,C,137,34,111,4658,-2,4565,140,
01-Apr-22,West,C,150,34,135,5100,-3,4947,156,
01-Oct-22,West,C,299,34,260,10166,-3,9861,310,
01-Jan-24,West,C,219,34,182,7446,-3,7223,227,
01-Oct-24,West,C,233,34,193,7922,-3,7684,242,
01-May-21,West,C,232,34,206,7888,-3,7651,241,
01-Oct-21,West,C,110,34,90,3740,-3,3628,114,
01-May-22,West,C,298,34,247,10132,-3,9828,309,
01-Oct-23,West,C,137,34,111,4658,-3,4518,142,
01-Apr-22,West,C,150,34,135,5100,-4,4896,157,
01-Oct-22,West,C,299,34,260,10166,-4,9759,313,
01-Jan-24,West,C,219,34,182,7446,-4,7148,230,
01-Oct-24,West,C,233,34,193,7922,-4,7605,244,
01-May-21,West,C,232,34,206,7888,-4,7572,243,
01-Oct-21,West,C,110,34,90,3740,-4,3590,115,
01-May-22,West,C,298,34,247,10132,-4,9727,312,
01-Oct-23,West,C,137,34,111,4658,-4,4472,144,
01-Apr-22,West,C,150,34,135,5100,-5,4845,159,
01-Oct-22,West,C,299,34,260,10166,-5,9658,317,
01-Jan-24,West,C,219,34,182,7446,-5,7074,232,
01-Oct-24,West,C,233,34,193,7922,-5,7526,247,
01-May-21,West,C,232,34,206,7888,-5,7494,246,
01-Oct-21,West,C,110,34,90,3740,-5,3553,117,
01-May-22,West,C,298,34,247,10132,-5,9625,316,
01-Oct-23,West,C,137,34,111,4658,-5,4425,145,
01-Apr-25,North,B,,42,167,7014,3,7224,161,
01-Apr-25,North,B,,42,167,7014,4,7295,159,
01-Apr-25,North,B,,42,167,7014,5,7365,157,
01-Apr-25,North,B,,42,167,7014,-2,6874,171,
01-Apr-25,North,B,,42,167,7014,-4,6733,175,
01-Apr-25,North,B,,42,167,7014,-5,6663,177,
