Customer,Product,Month,Year,Date,Sales,Financial Year
Customer 1,Product 1,April,2021,2021-01-04,,2022-2023
Customer 1,Product 1,May,2021,2021-01-05,122683.0,2022-2023
Customer 1,Product 1,June,2021,2021-01-06,,2022-2023
Customer 1,Product 1,July,2021,2021-01-07,123234.0,2022-2023
Customer 1,Product 1,August,2021,2021-01-08,,2022-2023
Customer 1,Product 1,September,2021,2021-01-09,,2022-2023
Customer 1,Product 1,October,2021,2021-01-10,,2022-2023
Customer 1,Product 1,November,2021,2021-01-11,,2022-2023
Customer 1,Product 1,December,2021,2021-01-12,,2022-2023
Customer 1,Product 1,January,2022,2022-01-01,,2022-2023
Customer 1,Product 1,February,2022,2022-01-02,,2022-2023
Customer 1,Product 1,March,2022,2022-01-03,126997.0,2022-2023
Customer 1,Product 1,April,2022,2022-01-04,2297588.0,2023-2024
Customer 1,Product 1,May,2022,2022-01-05,2297701.0,2023-2024
Customer 1,Product 1,June,2022,2022-01-06,2299521.0,2023-2024
Customer 1,Product 1,July,2022,2022-01-07,2302928.0,2023-2024
Customer 1,Product 1,August,2022,2022-01-08,,2023-2024
Customer 1,Product 1,September,2022,2022-01-09,2314851.0,2023-2024
Customer 1,Product 1,October,2022,2022-01-10,2320266.0,2023-2024
Customer 1,Product 1,November,2022,2022-01-11,,2023-2024
Customer 1,Product 1,December,2022,2022-01-12,,2023-2024
Customer 1,Product 1,January,2023,2023-01-01,2321861.0,2023-2024
Customer 1,Product 1,February,2023,2023-01-02,,2023-2024
Customer 1,Product 1,March,2023,2023-01-03,2325012.0,2023-2024
Customer 1,Product 1,April,2023,2023-01-04,4243789.0,2024-2025
Customer 1,Product 1,May,2023,2023-01-05,4251025.0,2024-2025
Customer 1,Product 1,June,2023,2023-01-06,,2024-2025
Customer 1,Product 1,July,2023,2023-01-07,4254041.0,2024-2025
Customer 1,Product 1,August,2023,2023-01-08,4258696.0,2024-2025
Customer 1,Product 1,September,2023,2023-01-09,4260931.0,2024-2025
Customer 1,Product 1,October,2023,2023-01-10,4268987.0,2024-2025
Customer 1,Product 1,November,2023,2023-01-11,4270162.0,2024-2025
Customer 1,Product 1,December,2023,2023-01-12,,2024-2025
Customer 1,Product 1,January,2024,2024-01-01,4272646.0,2024-2025
Customer 1,Product 1,February,2024,2024-01-02,4276421.0,2024-2025
Customer 1,Product 1,March,2024,2024-01-03,4277103.0,2024-2025
Customer 1,Product 10,April,2021,2021-01-04,4278144.0,2022-2023
Customer 1,Product 10,May,2021,2021-01-05,4287262.0,2022-2023
Customer 1,Product 10,June,2021,2021-01-06,,2022-2023
Customer 1,Product 10,July,2021,2021-01-07,4292362.0,2022-2023
Customer 1,Product 10,August,2021,2021-01-08,,2022-2023
Customer 1,Product 10,September,2021,2021-01-09,4304549.0,2022-2023
Customer 1,Product 10,October,2021,2021-01-10,4305691.0,2022-2023
Customer 1,Product 10,November,2021,2021-01-11,4314838.0,2022-2023
Customer 1,Product 10,December,2021,2021-01-12,4317401.0,2022-2023
Customer 1,Product 10,January,2022,2022-01-01,4319573.0,2022-2023
Customer 1,Product 10,February,2022,2022-01-02,4320555.0,2022-2023
Customer 1,Product 10,March,2022,2022-01-03,4322198.0,2022-2023
Customer 1,Product 10,April,2022,2022-01-04,1739011.0,2023-2024
Customer 1,Product 10,May,2022,2022-01-05,,2023-2024
Customer 1,Product 10,June,2022,2022-01-06,1741169.0,2023-2024
Customer 1,Product 10,July,2022,2022-01-07,,2023-2024
Customer 1,Product 10,August,2022,2022-01-08,,2023-2024
Customer 1,Product 10,September,2022,2022-01-09,1743013.0,2023-2024
Customer 1,Product 10,October,2022,2022-01-10,1745456.0,2023-2024
Customer 1,Product 10,November,2022,2022-01-11,1745533.0,2023-2024
Customer 1,Product 10,December,2022,2022-01-12,1746737.0,2023-2024
Customer 1,Product 10,January,2023,2023-01-01,1749938.0,2023-2024
Customer 1,Product 10,February,2023,2023-01-02,,2023-2024
Customer 1,Product 10,March,2023,2023-01-03,,2023-2024
Customer 1,Product 10,April,2023,2023-01-04,767587.0,2024-2025
Customer 1,Product 10,May,2023,2023-01-05,,2024-2025
Customer 1,Product 10,June,2023,2023-01-06,772611.0,2024-2025
Customer 1,Product 10,July,2023,2023-01-07,,2024-2025
Customer 1,Product 10,August,2023,2023-01-08,,2024-2025
Customer 1,Product 10,September,2023,2023-01-09,,2024-2025
Customer 1,Product 10,October,2023,2023-01-10,778017.0,2024-2025
Customer 1,Product 10,November,2023,2023-01-11,,2024-2025
Customer 1,Product 10,December,2023,2023-01-12,,2024-2025
Customer 1,Product 10,January,2024,2024-01-01,,2024-2025
Customer 1,Product 10,February,2024,2024-01-02,779167.0,2024-2025
Customer 1,Product 10,March,2024,2024-01-03,782201.0,2024-2025
Customer 1,Product 2,April,2021,2021-01-04,3232796.0,2022-2023
Customer 1,Product 2,May,2021,2021-01-05,3237528.0,2022-2023
Customer 1,Product 2,June,2021,2021-01-06,3237862.0,2022-2023
Customer 1,Product 2,July,2021,2021-01-07,,2022-2023
Customer 1,Product 2,August,2021,2021-01-08,3243466.0,2022-2023
Customer 1,Product 2,September,2021,2021-01-09,3246776.0,2022-2023
Customer 1,Product 2,October,2021,2021-01-10,,2022-2023
Customer 1,Product 2,November,2021,2021-01-11,,2022-2023
Customer 1,Product 2,December,2021,2021-01-12,3262698.0,2022-2023
Customer 1,Product 2,January,2022,2022-01-01,3269926.0,2022-2023
Customer 1,Product 2,February,2022,2022-01-02,3270521.0,2022-2023
Customer 1,Product 2,March,2022,2022-01-03,3275179.0,2022-2023
Customer 1,Product 2,April,2022,2022-01-04,1752801.0,2023-2024
Customer 1,Product 2,May,2022,2022-01-05,,2023-2024
Customer 1,Product 2,June,2022,2022-01-06,,2023-2024
Customer 1,Product 2,July,2022,2022-01-07,,2023-2024
Customer 1,Product 2,August,2022,2022-01-08,1753312.0,2023-2024
Customer 1,Product 2,September,2022,2022-01-09,,2023-2024
Customer 1,Product 2,October,2022,2022-01-10,1766037.0,2023-2024
Customer 1,Product 2,November,2022,2022-01-11,1766081.0,2023-2024
Customer 1,Product 2,December,2022,2022-01-12,1767148.0,2023-2024
Customer 1,Product 2,January,2023,2023-01-01,1773136.0,2023-2024
Customer 1,Product 2,February,2023,2023-01-02,,2023-2024
Customer 1,Product 2,March,2023,2023-01-03,1777978.0,2023-2024
Customer 1,Product 2,April,2023,2023-01-04,783332.0,2024-2025
Customer 1,Product 2,May,2023,2023-01-05,786677.0,2024-2025
Customer 1,Product 2,June,2023,2023-01-06,,2024-2025
Customer 1,Product 2,July,2023,2023-01-07,,2024-2025
Customer 1,Product 2,August,2023,2023-01-08,,2024-2025
Customer 1,Product 2,September,2023,2023-01-09,792225.0,2024-2025
Customer 1,Product 2,October,2023,2023-01-10,,2024-2025
Customer 1,Product 2,November,2023,2023-01-11,,2024-2025
Customer 1,Product 2,December,2023,2023-01-12,798631.0,2024-2025
Customer 1,Product 2,January,2024,2024-01-01,,2024-2025
Customer 1,Product 2,February,2024,2024-01-02,,2024-2025
Customer 1,Product 2,March,2024,2024-01-03,800079.0,2024-2025
Customer 1,Product 3,April,2021,2021-01-04,6531366.0,2022-2023
Customer 1,Product 3,May,2021,2021-01-05,6531415.0,2022-2023
Customer 1,Product 3,June,2021,2021-01-06,6534643.0,2022-2023
Customer 1,Product 3,July,2021,2021-01-07,6535083.0,2022-2023
Customer 1,Product 3,August,2021,2021-01-08,6535799.0,2022-2023
Customer 1,Product 3,September,2021,2021-01-09,6547903.0,2022-2023
Customer 1,Product 3,October,2021,2021-01-10,6549622.0,2022-2023
Customer 1,Product 3,November,2021,2021-01-11,6550212.0,2022-2023
Customer 1,Product 3,December,2021,2021-01-12,6557426.0,2022-2023
Customer 1,Product 3,January,2022,2022-01-01,6562994.0,2022-2023
Customer 1,Product 3,February,2022,2022-01-02,6564989.0,2022-2023
Customer 1,Product 3,March,2022,2022-01-03,6567088.0,2022-2023
Customer 1,Product 3,April,2022,2022-01-04,4330889.0,2023-2024
Customer 1,Product 3,May,2022,2022-01-05,4335776.0,2023-2024
Customer 1,Product 3,June,2022,2022-01-06,4336221.0,2023-2024
Customer 1,Product 3,July,2022,2022-01-07,4337278.0,2023-2024
Customer 1,Product 3,August,2022,2022-01-08,,2023-2024
Customer 1,Product 3,September,2022,2022-01-09,4339023.0,2023-2024
Customer 1,Product 3,October,2022,2022-01-10,4342537.0,2023-2024
Customer 1,Product 3,November,2022,2022-01-11,4344782.0,2023-2024
Customer 1,Product 3,December,2022,2022-01-12,,2023-2024
Customer 1,Product 3,January,2023,2023-01-01,4349355.0,2023-2024
Customer 1,Product 3,February,2023,2023-01-02,4350221.0,2023-2024
Customer 1,Product 3,March,2023,2023-01-03,4350643.0,2023-2024
Customer 1,Product 3,April,2023,2023-01-04,1778043.0,2024-2025
Customer 1,Product 3,May,2023,2023-01-05,,2024-2025
Customer 1,Product 3,June,2023,2023-01-06,,2024-2025
Customer 1,Product 3,July,2023,2023-01-07,1781690.0,2024-2025
Customer 1,Product 3,August,2023,2023-01-08,1782069.0,2024-2025
Customer 1,Product 3,September,2023,2023-01-09,1784974.0,2024-2025
Customer 1,Product 3,October,2023,2023-01-10,1791213.0,2024-2025
Customer 1,Product 3,November,2023,2023-01-11,,2024-2025
Customer 1,Product 3,December,2023,2023-01-12,1797778.0,2024-2025
Customer 1,Product 3,January,2024,2024-01-01,1798266.0,2024-2025
Customer 1,Product 3,February,2024,2024-01-02,,2024-2025
Customer 1,Product 3,March,2024,2024-01-03,,2024-2025
Customer 1,Product 4,April,2021,2021-01-04,,2022-2023
Customer 1,Product 4,May,2021,2021-01-05,129723.0,2022-2023
Customer 1,Product 4,June,2021,2021-01-06,,2022-2023
Customer 1,Product 4,July,2021,2021-01-07,,2022-2023
Customer 1,Product 4,August,2021,2021-01-08,,2022-2023
Customer 1,Product 4,September,2021,2021-01-09,,2022-2023
Customer 1,Product 4,October,2021,2021-01-10,,2022-2023
Customer 1,Product 4,November,2021,2021-01-11,,2022-2023
Customer 1,Product 4,December,2021,2021-01-12,,2022-2023
Customer 1,Product 4,January,2022,2022-01-01,,2022-2023
Customer 1,Product 4,February,2022,2022-01-02,135036.0,2022-2023
Customer 1,Product 4,March,2022,2022-01-03,140164.0,2022-2023
Customer 1,Product 4,April,2022,2022-01-04,2326019.0,2023-2024
Customer 1,Product 4,May,2022,2022-01-05,2327170.0,2023-2024
Customer 1,Product 4,June,2022,2022-01-06,2331760.0,2023-2024
Customer 1,Product 4,July,2022,2022-01-07,2334383.0,2023-2024
Customer 1,Product 4,August,2022,2022-01-08,,2023-2024
Customer 1,Product 4,September,2022,2022-01-09,,2023-2024
Customer 1,Product 4,October,2022,2022-01-10,,2023-2024
Customer 1,Product 4,November,2022,2022-01-11,2343894.0,2023-2024
Customer 1,Product 4,December,2022,2022-01-12,2347968.0,2023-2024
Customer 1,Product 4,January,2023,2023-01-01,,2023-2024
Customer 1,Product 4,February,2023,2023-01-02,2348294.0,2023-2024
Customer 1,Product 4,March,2023,2023-01-03,2351366.0,2023-2024
Customer 1,Product 4,April,2023,2023-01-04,4355457.0,2024-2025
Customer 1,Product 4,May,2023,2023-01-05,4356370.0,2024-2025
Customer 1,Product 4,June,2023,2023-01-06,4356708.0,2024-2025
Customer 1,Product 4,July,2023,2023-01-07,4369158.0,2024-2025
Customer 1,Product 4,August,2023,2023-01-08,4377628.0,2024-2025
Customer 1,Product 4,September,2023,2023-01-09,4381416.0,2024-2025
Customer 1,Product 4,October,2023,2023-01-10,4387241.0,2024-2025
Customer 1,Product 4,November,2023,2023-01-11,,2024-2025
Customer 1,Product 4,December,2023,2023-01-12,4390002.0,2024-2025
Customer 1,Product 4,January,2024,2024-01-01,,2024-2025
Customer 1,Product 4,February,2024,2024-01-02,4393218.0,2024-2025
Customer 1,Product 4,March,2024,2024-01-03,4393275.0,2024-2025
Customer 1,Product 5,April,2021,2021-01-04,5544645.0,2022-2023
Customer 1,Product 5,May,2021,2021-01-05,5546703.0,2022-2023
Customer 1,Product 5,June,2021,2021-01-06,,2022-2023
Customer 1,Product 5,July,2021,2021-01-07,5547370.0,2022-2023
Customer 1,Product 5,August,2021,2021-01-08,5554279.0,2022-2023
Customer 1,Product 5,September,2021,2021-01-09,5554409.0,2022-2023
Customer 1,Product 5,October,2021,2021-01-10,5555236.0,2022-2023
Customer 1,Product 5,November,2021,2021-01-11,5555397.0,2022-2023
Customer 1,Product 5,December,2021,2021-01-12,5565565.0,2022-2023
Customer 1,Product 5,January,2022,2022-01-01,5570526.0,2022-2023
Customer 1,Product 5,February,2022,2022-01-02,5572926.0,2022-2023
Customer 1,Product 5,March,2022,2022-01-03,5573642.0,2022-2023
Customer 1,Product 5,April,2022,2022-01-04,6569487.0,2023-2024
Customer 1,Product 5,May,2022,2022-01-05,6570718.0,2023-2024
Customer 1,Product 5,June,2022,2022-01-06,6571445.0,2023-2024
Customer 1,Product 5,July,2022,2022-01-07,6572017.0,2023-2024
Customer 1,Product 5,August,2022,2022-01-08,6572068.0,2023-2024
Customer 1,Product 5,September,2022,2022-01-09,6573313.0,2023-2024
Customer 1,Product 5,October,2022,2022-01-10,6591654.0,2023-2024
Customer 1,Product 5,November,2022,2022-01-11,6592895.0,2023-2024
Customer 1,Product 5,December,2022,2022-01-12,6592906.0,2023-2024
Customer 1,Product 5,January,2023,2023-01-01,6599181.0,2023-2024
Customer 1,Product 5,February,2023,2023-01-02,6601019.0,2023-2024
Customer 1,Product 5,March,2023,2023-01-03,6602529.0,2023-2024
Customer 1,Product 5,April,2023,2023-01-04,,2024-2025
Customer 1,Product 5,May,2023,2023-01-05,,2024-2025
Customer 1,Product 5,June,2023,2023-01-06,2352091.0,2024-2025
Customer 1,Product 5,July,2023,2023-01-07,,2024-2025
Customer 1,Product 5,August,2023,2023-01-08,2362645.0,2024-2025
Customer 1,Product 5,September,2023,2023-01-09,2366525.0,2024-2025
Customer 1,Product 5,October,2023,2023-01-10,2366988.0,2024-2025
Customer 1,Product 5,November,2023,2023-01-11,,2024-2025
Customer 1,Product 5,December,2023,2023-01-12,2369128.0,2024-2025
Customer 1,Product 5,January,2024,2024-01-01,2377811.0,2024-2025
Customer 1,Product 5,February,2024,2024-01-02,2380002.0,2024-2025
Customer 1,Product 5,March,2024,2024-01-03,2396510.0,2024-2025
Customer 1,Product 6,April,2021,2021-01-04,555426.0,2022-2023
Customer 1,Product 6,May,2021,2021-01-05,,2022-2023
Customer 1,Product 6,June,2021,2021-01-06,,2022-2023
Customer 1,Product 6,July,2021,2021-01-07,,2022-2023
Customer 1,Product 6,August,2021,2021-01-08,557253.0,2022-2023
Customer 1,Product 6,September,2021,2021-01-09,,2022-2023
Customer 1,Product 6,October,2021,2021-01-10,559232.0,2022-2023
Customer 1,Product 6,November,2021,2021-01-11,,2022-2023
Customer 1,Product 6,December,2021,2021-01-12,559879.0,2022-2023
Customer 1,Product 6,January,2022,2022-01-01,,2022-2023
Customer 1,Product 6,February,2022,2022-01-02,,2022-2023
Customer 1,Product 6,March,2022,2022-01-03,,2022-2023
Customer 1,Product 6,April,2022,2022-01-04,,2023-2024
Customer 1,Product 6,May,2022,2022-01-05,,2023-2024
Customer 1,Product 6,June,2022,2022-01-06,803602.0,2023-2024
Customer 1,Product 6,July,2022,2022-01-07,808170.0,2023-2024
Customer 1,Product 6,August,2022,2022-01-08,,2023-2024
Customer 1,Product 6,September,2022,2022-01-09,818505.0,2023-2024
Customer 1,Product 6,October,2022,2022-01-10,,2023-2024
Customer 1,Product 6,November,2022,2022-01-11,,2023-2024
Customer 1,Product 6,December,2022,2022-01-12,,2023-2024
Customer 1,Product 6,January,2023,2023-01-01,820354.0,2023-2024
Customer 1,Product 6,February,2023,2023-01-02,,2023-2024
Customer 1,Product 6,March,2023,2023-01-03,820542.0,2023-2024
Customer 1,Product 6,April,2023,2023-01-04,1799722.0,2024-2025
Customer 1,Product 6,May,2023,2023-01-05,1802653.0,2024-2025
Customer 1,Product 6,June,2023,2023-01-06,,2024-2025
Customer 1,Product 6,July,2023,2023-01-07,,2024-2025
Customer 1,Product 6,August,2023,2023-01-08,1805507.0,2024-2025
Customer 1,Product 6,September,2023,2023-01-09,1809539.0,2024-2025
Customer 1,Product 6,October,2023,2023-01-10,,2024-2025
Customer 1,Product 6,November,2023,2023-01-11,1810946.0,2024-2025
Customer 1,Product 6,December,2023,2023-01-12,1814699.0,2024-2025
Customer 1,Product 6,January,2024,2024-01-01,1815614.0,2024-2025
Customer 1,Product 6,February,2024,2024-01-02,,2024-2025
Customer 1,Product 6,March,2024,2024-01-03,,2024-2025
Customer 1,Product 9,April,2021,2021-01-04,,2022-2023
Customer 1,Product 9,May,2021,2021-01-05,,2022-2023
Customer 1,Product 9,June,2021,2021-01-06,563733.0,2022-2023
Customer 1,Product 9,July,2021,2021-01-07,,2022-2023
Customer 1,Product 9,August,2021,2021-01-08,,2022-2023
Customer 1,Product 9,September,2021,2021-01-09,576602.0,2022-2023
Customer 1,Product 9,October,2021,2021-01-10,,2022-2023
Customer 1,Product 9,November,2021,2021-01-11,,2022-2023
Customer 1,Product 9,December,2021,2021-01-12,,2022-2023
Customer 1,Product 9,January,2022,2022-01-01,576971.0,2022-2023
Customer 1,Product 9,February,2022,2022-01-02,,2022-2023
Customer 1,Product 9,March,2022,2022-01-03,577391.0,2022-2023
Customer 1,Product 9,April,2022,2022-01-04,,2023-2024
Customer 1,Product 9,May,2022,2022-01-05,,2023-2024
Customer 1,Product 9,June,2022,2022-01-06,,2023-2024
Customer 1,Product 9,July,2022,2022-01-07,,2023-2024
Customer 1,Product 9,August,2022,2022-01-08,580796.0,2023-2024
Customer 1,Product 9,September,2022,2022-01-09,582728.0,2023-2024
Customer 1,Product 9,October,2022,2022-01-10,,2023-2024
Customer 1,Product 9,November,2022,2022-01-11,,2023-2024
Customer 1,Product 9,December,2022,2022-01-12,594269.0,2023-2024
Customer 1,Product 9,January,2023,2023-01-01,594606.0,2023-2024
Customer 1,Product 9,February,2023,2023-01-02,,2023-2024
Customer 1,Product 9,March,2023,2023-01-03,,2023-2024
Customer 1,Product 9,April,2023,2023-01-04,,2024-2025
Customer 1,Product 9,May,2023,2023-01-05,,2024-2025
Customer 1,Product 9,June,2023,2023-01-06,,2024-2025
Customer 1,Product 9,July,2023,2023-01-07,,2024-2025
Customer 1,Product 9,August,2023,2023-01-08,1143718.0,2024-2025
Customer 1,Product 9,September,2023,2023-01-09,,2024-2025
Customer 1,Product 9,October,2023,2023-01-10,1146026.0,2024-2025
Customer 1,Product 9,November,2023,2023-01-11,1156885.0,2024-2025
Customer 1,Product 9,December,2023,2023-01-12,1161964.0,2024-2025
Customer 1,Product 9,January,2024,2024-01-01,1163783.0,2024-2025
Customer 1,Product 9,February,2024,2024-01-02,1173668.0,2024-2025
Customer 1,Product 9,March,2024,2024-01-03,,2024-2025
Customer 10,Product 1,April,2021,2021-01-04,6602876.0,2022-2023
Customer 10,Product 1,May,2021,2021-01-05,6606157.0,2022-2023
Customer 10,Product 1,June,2021,2021-01-06,6606747.0,2022-2023
Customer 10,Product 1,July,2021,2021-01-07,6608326.0,2022-2023
Customer 10,Product 1,August,2021,2021-01-08,6610368.0,2022-2023
Customer 10,Product 1,September,2021,2021-01-09,6611979.0,2022-2023
Customer 10,Product 1,October,2021,2021-01-10,6621067.0,2022-2023
Customer 10,Product 1,November,2021,2021-01-11,6632478.0,2022-2023
Customer 10,Product 1,December,2021,2021-01-12,6635954.0,2022-2023
Customer 10,Product 1,January,2022,2022-01-01,6642187.0,2022-2023
Customer 10,Product 1,February,2022,2022-01-02,6642293.0,2022-2023
Customer 10,Product 1,March,2022,2022-01-03,6642784.0,2022-2023
Customer 10,Product 1,April,2022,2022-01-04,4395131.0,2023-2024
Customer 10,Product 1,May,2022,2022-01-05,4398296.0,2023-2024
Customer 10,Product 1,June,2022,2022-01-06,4401073.0,2023-2024
Customer 10,Product 1,July,2022,2022-01-07,4405163.0,2023-2024
Customer 10,Product 1,August,2022,2022-01-08,4405765.0,2023-2024
Customer 10,Product 1,September,2022,2022-01-09,4405777.0,2023-2024
Customer 10,Product 1,October,2022,2022-01-10,,2023-2024
Customer 10,Product 1,November,2022,2022-01-11,,2023-2024
Customer 10,Product 1,December,2022,2022-01-12,4410858.0,2023-2024
Customer 10,Product 1,January,2023,2023-01-01,4411673.0,2023-2024
Customer 10,Product 1,February,2023,2023-01-02,4419725.0,2023-2024
Customer 10,Product 1,March,2023,2023-01-03,4421408.0,2023-2024
Customer 10,Product 1,April,2023,2023-01-04,1178302.0,2024-2025
Customer 10,Product 1,May,2023,2023-01-05,1183830.0,2024-2025
Customer 10,Product 1,June,2023,2023-01-06,1189568.0,2024-2025
Customer 10,Product 1,July,2023,2023-01-07,,2024-2025
Customer 10,Product 1,August,2023,2023-01-08,1189729.0,2024-2025
Customer 10,Product 1,September,2023,2023-01-09,1190385.0,2024-2025
Customer 10,Product 1,October,2023,2023-01-10,,2024-2025
Customer 10,Product 1,November,2023,2023-01-11,,2024-2025
Customer 10,Product 1,December,2023,2023-01-12,1191492.0,2024-2025
Customer 10,Product 1,January,2024,2024-01-01,,2024-2025
Customer 10,Product 1,February,2024,2024-01-02,,2024-2025
Customer 10,Product 1,March,2024,2024-01-03,,2024-2025
Customer 10,Product 10,April,2021,2021-01-04,6643804.0,2022-2023
Customer 10,Product 10,May,2021,2021-01-05,6649698.0,2022-2023
Customer 10,Product 10,June,2021,2021-01-06,6649975.0,2022-2023
Customer 10,Product 10,July,2021,2021-01-07,6651070.0,2022-2023
Customer 10,Product 10,August,2021,2021-01-08,6651138.0,2022-2023
Customer 10,Product 10,September,2021,2021-01-09,6652662.0,2022-2023
Customer 10,Product 10,October,2021,2021-01-10,6660208.0,2022-2023
Customer 10,Product 10,November,2021,2021-01-11,6668121.0,2022-2023
Customer 10,Product 10,December,2021,2021-01-12,6678100.0,2022-2023
Customer 10,Product 10,January,2022,2022-01-01,6678916.0,2022-2023
Customer 10,Product 10,February,2022,2022-01-02,6681411.0,2022-2023
Customer 10,Product 10,March,2022,2022-01-03,6684993.0,2022-2023
Customer 10,Product 10,April,2022,2022-01-04,3277511.0,2023-2024
Customer 10,Product 10,May,2022,2022-01-05,3279799.0,2023-2024
Customer 10,Product 10,June,2022,2022-01-06,,2023-2024
Customer 10,Product 10,July,2022,2022-01-07,3281498.0,2023-2024
Customer 10,Product 10,August,2022,2022-01-08,,2023-2024
Customer 10,Product 10,September,2022,2022-01-09,3282123.0,2023-2024
Customer 10,Product 10,October,2022,2022-01-10,3284610.0,2023-2024
Customer 10,Product 10,November,2022,2022-01-11,3284770.0,2023-2024
Customer 10,Product 10,December,2022,2022-01-12,3288863.0,2023-2024
Customer 10,Product 10,January,2023,2023-01-01,3291979.0,2023-2024
Customer 10,Product 10,February,2023,2023-01-02,3294595.0,2023-2024
Customer 10,Product 10,March,2023,2023-01-03,,2023-2024
Customer 10,Product 10,April,2023,2023-01-04,2407450.0,2024-2025
Customer 10,Product 10,May,2023,2023-01-05,2413473.0,2024-2025
Customer 10,Product 10,June,2023,2023-01-06,2421652.0,2024-2025
Customer 10,Product 10,July,2023,2023-01-07,2427528.0,2024-2025
Customer 10,Product 10,August,2023,2023-01-08,2430922.0,2024-2025
Customer 10,Product 10,September,2023,2023-01-09,,2024-2025
Customer 10,Product 10,October,2023,2023-01-10,2443992.0,2024-2025
Customer 10,Product 10,November,2023,2023-01-11,,2024-2025
Customer 10,Product 10,December,2023,2023-01-12,,2024-2025
Customer 10,Product 10,January,2024,2024-01-01,,2024-2025
Customer 10,Product 10,February,2024,2024-01-02,2444106.0,2024-2025
Customer 10,Product 10,March,2024,2024-01-03,2445235.0,2024-2025
Customer 10,Product 4,April,2021,2021-01-04,,2022-2023
Customer 10,Product 4,May,2021,2021-01-05,,2022-2023
Customer 10,Product 4,June,2021,2021-01-06,,2022-2023
Customer 10,Product 4,July,2021,2021-01-07,,2022-2023
Customer 10,Product 4,August,2021,2021-01-08,,2022-2023
Customer 10,Product 4,September,2021,2021-01-09,144599.0,2022-2023
Customer 10,Product 4,October,2021,2021-01-10,,2022-2023
Customer 10,Product 4,November,2021,2021-01-11,150447.0,2022-2023
Customer 10,Product 4,December,2021,2021-01-12,,2022-2023
Customer 10,Product 4,January,2022,2022-01-01,151724.0,2022-2023
Customer 10,Product 4,February,2022,2022-01-02,,2022-2023
Customer 10,Product 4,March,2022,2022-01-03,,2022-2023
Customer 10,Product 4,April,2022,2022-01-04,,2023-2024
Customer 10,Product 4,May,2022,2022-01-05,,2023-2024
Customer 10,Product 4,June,2022,2022-01-06,,2023-2024
Customer 10,Product 4,July,2022,2022-01-07,1192809.0,2023-2024
Customer 10,Product 4,August,2022,2022-01-08,,2023-2024
Customer 10,Product 4,September,2022,2022-01-09,,2023-2024
Customer 10,Product 4,October,2022,2022-01-10,,2023-2024
Customer 10,Product 4,November,2022,2022-01-11,1195461.0,2023-2024
Customer 10,Product 4,December,2022,2022-01-12,1199290.0,2023-2024
Customer 10,Product 4,January,2023,2023-01-01,1201873.0,2023-2024
Customer 10,Product 4,February,2023,2023-01-02,1203980.0,2023-2024
Customer 10,Product 4,March,2023,2023-01-03,1205364.0,2023-2024
Customer 10,Product 4,April,2023,2023-01-04,3297269.0,2024-2025
Customer 10,Product 4,May,2023,2023-01-05,3305894.0,2024-2025
Customer 10,Product 4,June,2023,2023-01-06,3315703.0,2024-2025
Customer 10,Product 4,July,2023,2023-01-07,3321457.0,2024-2025
Customer 10,Product 4,August,2023,2023-01-08,,2024-2025
Customer 10,Product 4,September,2023,2023-01-09,3326993.0,2024-2025
Customer 10,Product 4,October,2023,2023-01-10,3328905.0,2024-2025
Customer 10,Product 4,November,2023,2023-01-11,,2024-2025
Customer 10,Product 4,December,2023,2023-01-12,3338129.0,2024-2025
Customer 10,Product 4,January,2024,2024-01-01,3344844.0,2024-2025
Customer 10,Product 4,February,2024,2024-01-02,,2024-2025
Customer 10,Product 4,March,2024,2024-01-03,3347161.0,2024-2025
Customer 10,Product 5,April,2021,2021-01-04,4424747.0,2022-2023
Customer 10,Product 5,May,2021,2021-01-05,4428354.0,2022-2023
Customer 10,Product 5,June,2021,2021-01-06,4428861.0,2022-2023
Customer 10,Product 5,July,2021,2021-01-07,4431826.0,2022-2023
Customer 10,Product 5,August,2021,2021-01-08,,2022-2023
Customer 10,Product 5,September,2021,2021-01-09,4434452.0,2022-2023
Customer 10,Product 5,October,2021,2021-01-10,4438180.0,2022-2023
Customer 10,Product 5,November,2021,2021-01-11,,2022-2023
Customer 10,Product 5,December,2021,2021-01-12,4443411.0,2022-2023
Customer 10,Product 5,January,2022,2022-01-01,4443851.0,2022-2023
Customer 10,Product 5,February,2022,2022-01-02,4445817.0,2022-2023
Customer 10,Product 5,March,2022,2022-01-03,4451204.0,2022-2023
Customer 10,Product 5,April,2022,2022-01-04,,2023-2024
Customer 10,Product 5,May,2022,2022-01-05,3353099.0,2023-2024
Customer 10,Product 5,June,2022,2022-01-06,3353779.0,2023-2024
Customer 10,Product 5,July,2022,2022-01-07,3359640.0,2023-2024
Customer 10,Product 5,August,2022,2022-01-08,,2023-2024
Customer 10,Product 5,September,2022,2022-01-09,3359669.0,2023-2024
Customer 10,Product 5,October,2022,2022-01-10,3362562.0,2023-2024
Customer 10,Product 5,November,2022,2022-01-11,3365010.0,2023-2024
Customer 10,Product 5,December,2022,2022-01-12,,2023-2024
Customer 10,Product 5,January,2023,2023-01-01,3365378.0,2023-2024
Customer 10,Product 5,February,2023,2023-01-02,3369089.0,2023-2024
Customer 10,Product 5,March,2023,2023-01-03,3369500.0,2023-2024
Customer 10,Product 5,April,2023,2023-01-04,5581539.0,2024-2025
Customer 10,Product 5,May,2023,2023-01-05,5585355.0,2024-2025
Customer 10,Product 5,June,2023,2023-01-06,5587180.0,2024-2025
Customer 10,Product 5,July,2023,2023-01-07,5588105.0,2024-2025
Customer 10,Product 5,August,2023,2023-01-08,5589339.0,2024-2025
Customer 10,Product 5,September,2023,2023-01-09,5592199.0,2024-2025
Customer 10,Product 5,October,2023,2023-01-10,5601178.0,2024-2025
Customer 10,Product 5,November,2023,2023-01-11,5604450.0,2024-2025
Customer 10,Product 5,December,2023,2023-01-12,5608774.0,2024-2025
Customer 10,Product 5,January,2024,2024-01-01,,2024-2025
Customer 10,Product 5,February,2024,2024-01-02,5612333.0,2024-2025
Customer 10,Product 5,March,2024,2024-01-03,5624991.0,2024-2025
Customer 10,Product 6,April,2021,2021-01-04,156451.0,2022-2023
Customer 10,Product 6,May,2021,2021-01-05,,2022-2023
Customer 10,Product 6,June,2021,2021-01-06,,2022-2023
Customer 10,Product 6,July,2021,2021-01-07,,2022-2023
Customer 10,Product 6,August,2021,2021-01-08,,2022-2023
Customer 10,Product 6,September,2021,2021-01-09,,2022-2023
Customer 10,Product 6,October,2021,2021-01-10,,2022-2023
Customer 10,Product 6,November,2021,2021-01-11,,2022-2023
Customer 10,Product 6,December,2021,2021-01-12,,2022-2023
Customer 10,Product 6,January,2022,2022-01-01,164784.0,2022-2023
Customer 10,Product 6,February,2022,2022-01-02,164841.0,2022-2023
Customer 10,Product 6,March,2022,2022-01-03,,2022-2023
Customer 10,Product 6,April,2022,2022-01-04,827587.0,2023-2024
Customer 10,Product 6,May,2022,2022-01-05,831655.0,2023-2024
Customer 10,Product 6,June,2022,2022-01-06,834804.0,2023-2024
Customer 10,Product 6,July,2022,2022-01-07,,2023-2024
Customer 10,Product 6,August,2022,2022-01-08,,2023-2024
Customer 10,Product 6,September,2022,2022-01-09,846802.0,2023-2024
Customer 10,Product 6,October,2022,2022-01-10,,2023-2024
Customer 10,Product 6,November,2022,2022-01-11,,2023-2024
Customer 10,Product 6,December,2022,2022-01-12,849774.0,2023-2024
Customer 10,Product 6,January,2023,2023-01-01,,2023-2024
Customer 10,Product 6,February,2023,2023-01-02,,2023-2024
Customer 10,Product 6,March,2023,2023-01-03,,2023-2024
Customer 10,Product 6,April,2023,2023-01-04,,2024-2025
Customer 10,Product 6,May,2023,2023-01-05,3369782.0,2024-2025
Customer 10,Product 6,June,2023,2023-01-06,3373521.0,2024-2025
Customer 10,Product 6,July,2023,2023-01-07,3376958.0,2024-2025
Customer 10,Product 6,August,2023,2023-01-08,3379411.0,2024-2025
Customer 10,Product 6,September,2023,2023-01-09,3381805.0,2024-2025
Customer 10,Product 6,October,2023,2023-01-10,,2024-2025
Customer 10,Product 6,November,2023,2023-01-11,,2024-2025
Customer 10,Product 6,December,2023,2023-01-12,3382039.0,2024-2025
Customer 10,Product 6,January,2024,2024-01-01,3382744.0,2024-2025
Customer 10,Product 6,February,2024,2024-01-02,3384754.0,2024-2025
Customer 10,Product 6,March,2024,2024-01-03,3396756.0,2024-2025
Customer 10,Product 9,April,2021,2021-01-04,4451900.0,2022-2023
Customer 10,Product 9,May,2021,2021-01-05,4462851.0,2022-2023
Customer 10,Product 9,June,2021,2021-01-06,4465264.0,2022-2023
Customer 10,Product 9,July,2021,2021-01-07,4465344.0,2022-2023
Customer 10,Product 9,August,2021,2021-01-08,4471152.0,2022-2023
Customer 10,Product 9,September,2021,2021-01-09,4477628.0,2022-2023
Customer 10,Product 9,October,2021,2021-01-10,,2022-2023
Customer 10,Product 9,November,2021,2021-01-11,4477939.0,2022-2023
Customer 10,Product 9,December,2021,2021-01-12,4479842.0,2022-2023
Customer 10,Product 9,January,2022,2022-01-01,4481161.0,2022-2023
Customer 10,Product 9,February,2022,2022-01-02,,2022-2023
Customer 10,Product 9,March,2022,2022-01-03,4481870.0,2022-2023
Customer 10,Product 9,April,2022,2022-01-04,6689527.0,2023-2024
Customer 10,Product 9,May,2022,2022-01-05,6692913.0,2023-2024
Customer 10,Product 9,June,2022,2022-01-06,6701488.0,2023-2024
Customer 10,Product 9,July,2022,2022-01-07,6703118.0,2023-2024
Customer 10,Product 9,August,2022,2022-01-08,6706607.0,2023-2024
Customer 10,Product 9,September,2022,2022-01-09,6712194.0,2023-2024
Customer 10,Product 9,October,2022,2022-01-10,6718418.0,2023-2024
Customer 10,Product 9,November,2022,2022-01-11,6722984.0,2023-2024
Customer 10,Product 9,December,2022,2022-01-12,6723064.0,2023-2024
Customer 10,Product 9,January,2023,2023-01-01,6725649.0,2023-2024
Customer 10,Product 9,February,2023,2023-01-02,6728777.0,2023-2024
Customer 10,Product 9,March,2023,2023-01-03,6730421.0,2023-2024
Customer 10,Product 9,April,2023,2023-01-04,2446339.0,2024-2025
Customer 10,Product 9,May,2023,2023-01-05,2448766.0,2024-2025
Customer 10,Product 9,June,2023,2023-01-06,,2024-2025
Customer 10,Product 9,July,2023,2023-01-07,2451314.0,2024-2025
Customer 10,Product 9,August,2023,2023-01-08,,2024-2025
Customer 10,Product 9,September,2023,2023-01-09,2454736.0,2024-2025
Customer 10,Product 9,October,2023,2023-01-10,2455552.0,2024-2025
Customer 10,Product 9,November,2023,2023-01-11,2458538.0,2024-2025
Customer 10,Product 9,December,2023,2023-01-12,,2024-2025
Customer 10,Product 9,January,2024,2024-01-01,2462010.0,2024-2025
Customer 10,Product 9,February,2024,2024-01-02,2462109.0,2024-2025
Customer 10,Product 9,March,2024,2024-01-03,,2024-2025
Customer 11,Product 10,April,2021,2021-01-04,4483222.0,2022-2023
Customer 11,Product 10,May,2021,2021-01-05,4487712.0,2022-2023
Customer 11,Product 10,June,2021,2021-01-06,,2022-2023
Customer 11,Product 10,July,2021,2021-01-07,4503790.0,2022-2023
Customer 11,Product 10,August,2021,2021-01-08,,2022-2023
Customer 11,Product 10,September,2021,2021-01-09,4506977.0,2022-2023
Customer 11,Product 10,October,2021,2021-01-10,4508961.0,2022-2023
Customer 11,Product 10,November,2021,2021-01-11,4508963.0,2022-2023
Customer 11,Product 10,December,2021,2021-01-12,4519639.0,2022-2023
Customer 11,Product 10,January,2022,2022-01-01,4525076.0,2022-2023
Customer 11,Product 10,February,2022,2022-01-02,4530448.0,2022-2023
Customer 11,Product 10,March,2022,2022-01-03,4533053.0,2022-2023
Customer 11,Product 10,April,2022,2022-01-04,,2023-2024
Customer 11,Product 10,May,2022,2022-01-05,3401100.0,2023-2024
Customer 11,Product 10,June,2022,2022-01-06,3401377.0,2023-2024
Customer 11,Product 10,July,2022,2022-01-07,3408185.0,2023-2024
Customer 11,Product 10,August,2022,2022-01-08,3408815.0,2023-2024
Customer 11,Product 10,September,2022,2022-01-09,3409314.0,2023-2024
Customer 11,Product 10,October,2022,2022-01-10,3419233.0,2023-2024
Customer 11,Product 10,November,2022,2022-01-11,3421072.0,2023-2024
Customer 11,Product 10,December,2022,2022-01-12,,2023-2024
Customer 11,Product 10,January,2023,2023-01-01,3428879.0,2023-2024
Customer 11,Product 10,February,2023,2023-01-02,3430488.0,2023-2024
Customer 11,Product 10,March,2023,2023-01-03,,2023-2024
Customer 11,Product 10,April,2023,2023-01-04,1218023.0,2024-2025
Customer 11,Product 10,May,2023,2023-01-05,1226632.0,2024-2025
Customer 11,Product 10,June,2023,2023-01-06,1230484.0,2024-2025
Customer 11,Product 10,July,2023,2023-01-07,1231451.0,2024-2025
Customer 11,Product 10,August,2023,2023-01-08,,2024-2025
Customer 11,Product 10,September,2023,2023-01-09,1236045.0,2024-2025
Customer 11,Product 10,October,2023,2023-01-10,1236499.0,2024-2025
Customer 11,Product 10,November,2023,2023-01-11,,2024-2025
Customer 11,Product 10,December,2023,2023-01-12,,2024-2025
Customer 11,Product 10,January,2024,2024-01-01,,2024-2025
Customer 11,Product 10,February,2024,2024-01-02,,2024-2025
Customer 11,Product 10,March,2024,2024-01-03,,2024-2025
Customer 11,Product 4,April,2021,2021-01-04,3431887.0,2022-2023
Customer 11,Product 4,May,2021,2021-01-05,3432393.0,2022-2023
Customer 11,Product 4,June,2021,2021-01-06,,2022-2023
Customer 11,Product 4,July,2021,2021-01-07,3437857.0,2022-2023
Customer 11,Product 4,August,2021,2021-01-08,3438611.0,2022-2023
Customer 11,Product 4,September,2021,2021-01-09,,2022-2023
Customer 11,Product 4,October,2021,2021-01-10,3438790.0,2022-2023
Customer 11,Product 4,November,2021,2021-01-11,3439020.0,2022-2023
Customer 11,Product 4,December,2021,2021-01-12,,2022-2023
Customer 11,Product 4,January,2022,2022-01-01,3439600.0,2022-2023
Customer 11,Product 4,February,2022,2022-01-02,3446152.0,2022-2023
Customer 11,Product 4,March,2022,2022-01-03,3447844.0,2022-2023
Customer 11,Product 4,April,2022,2022-01-04,5625210.0,2023-2024
Customer 11,Product 4,May,2022,2022-01-05,5627105.0,2023-2024
Customer 11,Product 4,June,2022,2022-01-06,5627424.0,2023-2024
Customer 11,Product 4,July,2022,2022-01-07,5628202.0,2023-2024
Customer 11,Product 4,August,2022,2022-01-08,5629840.0,2023-2024
Customer 11,Product 4,September,2022,2022-01-09,5631342.0,2023-2024
Customer 11,Product 4,October,2022,2022-01-10,5633734.0,2023-2024
Customer 11,Product 4,November,2022,2022-01-11,5634221.0,2023-2024
Customer 11,Product 4,December,2022,2022-01-12,5636235.0,2023-2024
Customer 11,Product 4,January,2023,2023-01-01,5636689.0,2023-2024
Customer 11,Product 4,February,2023,2023-01-02,,2023-2024
Customer 11,Product 4,March,2023,2023-01-03,5637244.0,2023-2024
Customer 11,Product 4,April,2023,2023-01-04,,2024-2025
Customer 11,Product 4,May,2023,2023-01-05,,2024-2025
Customer 11,Product 4,June,2023,2023-01-06,1824043.0,2024-2025
Customer 11,Product 4,July,2023,2023-01-07,1832054.0,2024-2025
Customer 11,Product 4,August,2023,2023-01-08,1833287.0,2024-2025
Customer 11,Product 4,September,2023,2023-01-09,,2024-2025
Customer 11,Product 4,October,2023,2023-01-10,1834700.0,2024-2025
Customer 11,Product 4,November,2023,2023-01-11,1835581.0,2024-2025
Customer 11,Product 4,December,2023,2023-01-12,1836286.0,2024-2025
Customer 11,Product 4,January,2024,2024-01-01,1842955.0,2024-2025
Customer 11,Product 4,February,2024,2024-01-02,,2024-2025
Customer 11,Product 4,March,2024,2024-01-03,,2024-2025
Customer 11,Product 5,April,2021,2021-01-04,6732799.0,2022-2023
Customer 11,Product 5,May,2021,2021-01-05,6735550.0,2022-2023
Customer 11,Product 5,June,2021,2021-01-06,6739802.0,2022-2023
Customer 11,Product 5,July,2021,2021-01-07,6741276.0,2022-2023
Customer 11,Product 5,August,2021,2021-01-08,6749318.0,2022-2023
Customer 11,Product 5,September,2021,2021-01-09,6749372.0,2022-2023
Customer 11,Product 5,October,2021,2021-01-10,6751922.0,2022-2023
Customer 11,Product 5,November,2021,2021-01-11,6757933.0,2022-2023
Customer 11,Product 5,December,2021,2021-01-12,6758506.0,2022-2023
Customer 11,Product 5,January,2022,2022-01-01,6762479.0,2022-2023
Customer 11,Product 5,February,2022,2022-01-02,6766330.0,2022-2023
Customer 11,Product 5,March,2022,2022-01-03,6774893.0,2022-2023
Customer 11,Product 5,April,2022,2022-01-04,5649973.0,2023-2024
Customer 11,Product 5,May,2022,2022-01-05,5652149.0,2023-2024
Customer 11,Product 5,June,2022,2022-01-06,5658867.0,2023-2024
Customer 11,Product 5,July,2022,2022-01-07,5659026.0,2023-2024
Customer 11,Product 5,August,2022,2022-01-08,5662480.0,2023-2024
Customer 11,Product 5,September,2022,2022-01-09,5663372.0,2023-2024
Customer 11,Product 5,October,2022,2022-01-10,5664097.0,2023-2024
Customer 11,Product 5,November,2022,2022-01-11,,2023-2024
Customer 11,Product 5,December,2022,2022-01-12,5664659.0,2023-2024
Customer 11,Product 5,January,2023,2023-01-01,5666100.0,2023-2024
Customer 11,Product 5,February,2023,2023-01-02,5669476.0,2023-2024
Customer 11,Product 5,March,2023,2023-01-03,5685562.0,2023-2024
Customer 11,Product 5,April,2023,2023-01-04,3454100.0,2024-2025
Customer 11,Product 5,May,2023,2023-01-05,3456469.0,2024-2025
Customer 11,Product 5,June,2023,2023-01-06,3460864.0,2024-2025
Customer 11,Product 5,July,2023,2023-01-07,3462670.0,2024-2025
Customer 11,Product 5,August,2023,2023-01-08,3466798.0,2024-2025
Customer 11,Product 5,September,2023,2023-01-09,3469245.0,2024-2025
Customer 11,Product 5,October,2023,2023-01-10,,2024-2025
Customer 11,Product 5,November,2023,2023-01-11,3470844.0,2024-2025
Customer 11,Product 5,December,2023,2023-01-12,3471154.0,2024-2025
Customer 11,Product 5,January,2024,2024-01-01,3472183.0,2024-2025
Customer 11,Product 5,February,2024,2024-01-02,,2024-2025
Customer 11,Product 5,March,2024,2024-01-03,,2024-2025
Customer 11,Product 6,April,2021,2021-01-04,,2022-2023
Customer 11,Product 6,May,2021,2021-01-05,1240056.0,2022-2023
Customer 11,Product 6,June,2021,2021-01-06,1240179.0,2022-2023
Customer 11,Product 6,July,2021,2021-01-07,1240984.0,2022-2023
Customer 11,Product 6,August,2021,2021-01-08,1242910.0,2022-2023
Customer 11,Product 6,September,2021,2021-01-09,1253874.0,2022-2023
Customer 11,Product 6,October,2021,2021-01-10,1258567.0,2022-2023
Customer 11,Product 6,November,2021,2021-01-11,,2022-2023
Customer 11,Product 6,December,2021,2021-01-12,,2022-2023
Customer 11,Product 6,January,2022,2022-01-01,,2022-2023
Customer 11,Product 6,February,2022,2022-01-02,,2022-2023
Customer 11,Product 6,March,2022,2022-01-03,,2022-2023
Customer 11,Product 6,April,2022,2022-01-04,,2023-2024
Customer 11,Product 6,May,2022,2022-01-05,2465095.0,2023-2024
Customer 11,Product 6,June,2022,2022-01-06,2465697.0,2023-2024
Customer 11,Product 6,July,2022,2022-01-07,2476315.0,2023-2024
Customer 11,Product 6,August,2022,2022-01-08,2477111.0,2023-2024
Customer 11,Product 6,September,2022,2022-01-09,2482908.0,2023-2024
Customer 11,Product 6,October,2022,2022-01-10,,2023-2024
Customer 11,Product 6,November,2022,2022-01-11,2487087.0,2023-2024
Customer 11,Product 6,December,2022,2022-01-12,,2023-2024
Customer 11,Product 6,January,2023,2023-01-01,2489207.0,2023-2024
Customer 11,Product 6,February,2023,2023-01-02,,2023-2024
Customer 11,Product 6,March,2023,2023-01-03,2494372.0,2023-2024
Customer 11,Product 6,April,2023,2023-01-04,,2024-2025
Customer 11,Product 6,May,2023,2023-01-05,,2024-2025
Customer 11,Product 6,June,2023,2023-01-06,,2024-2025
Customer 11,Product 6,July,2023,2023-01-07,1846517.0,2024-2025
Customer 11,Product 6,August,2023,2023-01-08,1847526.0,2024-2025
Customer 11,Product 6,September,2023,2023-01-09,,2024-2025
Customer 11,Product 6,October,2023,2023-01-10,1848763.0,2024-2025
Customer 11,Product 6,November,2023,2023-01-11,1850302.0,2024-2025
Customer 11,Product 6,December,2023,2023-01-12,1850855.0,2024-2025
Customer 11,Product 6,January,2024,2024-01-01,,2024-2025
Customer 11,Product 6,February,2024,2024-01-02,1853396.0,2024-2025
Customer 11,Product 6,March,2024,2024-01-03,1857176.0,2024-2025
Customer 11,Product 9,April,2021,2021-01-04,1258963.0,2022-2023
Customer 11,Product 9,May,2021,2021-01-05,,2022-2023
Customer 11,Product 9,June,2021,2021-01-06,,2022-2023
Customer 11,Product 9,July,2021,2021-01-07,1265220.0,2022-2023
Customer 11,Product 9,August,2021,2021-01-08,,2022-2023
Customer 11,Product 9,September,2021,2021-01-09,1268174.0,2022-2023
Customer 11,Product 9,October,2021,2021-01-10,1270019.0,2022-2023
Customer 11,Product 9,November,2021,2021-01-11,,2022-2023
Customer 11,Product 9,December,2021,2021-01-12,1274589.0,2022-2023
Customer 11,Product 9,January,2022,2022-01-01,,2022-2023
Customer 11,Product 9,February,2022,2022-01-02,,2022-2023
Customer 11,Product 9,March,2022,2022-01-03,1275923.0,2022-2023
Customer 11,Product 9,April,2022,2022-01-04,4534148.0,2023-2024
Customer 11,Product 9,May,2022,2022-01-05,4539244.0,2023-2024
Customer 11,Product 9,June,2022,2022-01-06,4539399.0,2023-2024
Customer 11,Product 9,July,2022,2022-01-07,4539611.0,2023-2024
Customer 11,Product 9,August,2022,2022-01-08,,2023-2024
Customer 11,Product 9,September,2022,2022-01-09,,2023-2024
Customer 11,Product 9,October,2022,2022-01-10,4539657.0,2023-2024
Customer 11,Product 9,November,2022,2022-01-11,4540371.0,2023-2024
Customer 11,Product 9,December,2022,2022-01-12,4553566.0,2023-2024
Customer 11,Product 9,January,2023,2023-01-01,4555575.0,2023-2024
Customer 11,Product 9,February,2023,2023-01-02,4567351.0,2023-2024
Customer 11,Product 9,March,2023,2023-01-03,4571945.0,2023-2024
Customer 11,Product 9,April,2023,2023-01-04,,2024-2025
Customer 11,Product 9,May,2023,2023-01-05,2494656.0,2024-2025
Customer 11,Product 9,June,2023,2023-01-06,2496496.0,2024-2025
Customer 11,Product 9,July,2023,2023-01-07,,2024-2025
Customer 11,Product 9,August,2023,2023-01-08,2497383.0,2024-2025
Customer 11,Product 9,September,2023,2023-01-09,2499510.0,2024-2025
Customer 11,Product 9,October,2023,2023-01-10,2508243.0,2024-2025
Customer 11,Product 9,November,2023,2023-01-11,2509338.0,2024-2025
Customer 11,Product 9,December,2023,2023-01-12,,2024-2025
Customer 11,Product 9,January,2024,2024-01-01,2513990.0,2024-2025
Customer 11,Product 9,February,2024,2024-01-02,,2024-2025
Customer 11,Product 9,March,2024,2024-01-03,2515497.0,2024-2025
Customer 12,Product 10,April,2021,2021-01-04,6777553.0,2022-2023
Customer 12,Product 10,May,2021,2021-01-05,6778223.0,2022-2023
Customer 12,Product 10,June,2021,2021-01-06,6781392.0,2022-2023
Customer 12,Product 10,July,2021,2021-01-07,6786002.0,2022-2023
Customer 12,Product 10,August,2021,2021-01-08,6789332.0,2022-2023
Customer 12,Product 10,September,2021,2021-01-09,6789443.0,2022-2023
Customer 12,Product 10,October,2021,2021-01-10,6790819.0,2022-2023
Customer 12,Product 10,November,2021,2021-01-11,6799565.0,2022-2023
Customer 12,Product 10,December,2021,2021-01-12,6799909.0,2022-2023
Customer 12,Product 10,January,2022,2022-01-01,6800022.0,2022-2023
Customer 12,Product 10,February,2022,2022-01-02,6802090.0,2022-2023
Customer 12,Product 10,March,2022,2022-01-03,6804196.0,2022-2023
Customer 12,Product 10,April,2022,2022-01-04,,2023-2024
Customer 12,Product 10,May,2022,2022-01-05,2516843.0,2023-2024
Customer 12,Product 10,June,2022,2022-01-06,2519176.0,2023-2024
Customer 12,Product 10,July,2022,2022-01-07,2531926.0,2023-2024
Customer 12,Product 10,August,2022,2022-01-08,2532500.0,2023-2024
Customer 12,Product 10,September,2022,2022-01-09,2537674.0,2023-2024
Customer 12,Product 10,October,2022,2022-01-10,,2023-2024
Customer 12,Product 10,November,2022,2022-01-11,,2023-2024
Customer 12,Product 10,December,2022,2022-01-12,2544073.0,2023-2024
Customer 12,Product 10,January,2023,2023-01-01,,2023-2024
Customer 12,Product 10,February,2023,2023-01-02,2552035.0,2023-2024
Customer 12,Product 10,March,2023,2023-01-03,2552537.0,2023-2024
Customer 12,Product 10,April,2023,2023-01-04,,2024-2025
Customer 12,Product 10,May,2023,2023-01-05,,2024-2025
Customer 12,Product 10,June,2023,2023-01-06,859841.0,2024-2025
Customer 12,Product 10,July,2023,2023-01-07,863336.0,2024-2025
Customer 12,Product 10,August,2023,2023-01-08,,2024-2025
Customer 12,Product 10,September,2023,2023-01-09,866470.0,2024-2025
Customer 12,Product 10,October,2023,2023-01-10,,2024-2025
Customer 12,Product 10,November,2023,2023-01-11,,2024-2025
Customer 12,Product 10,December,2023,2023-01-12,869573.0,2024-2025
Customer 12,Product 10,January,2024,2024-01-01,,2024-2025
Customer 12,Product 10,February,2024,2024-01-02,870794.0,2024-2025
Customer 12,Product 10,March,2024,2024-01-03,,2024-2025
Customer 12,Product 2,April,2021,2021-01-04,,2022-2023
Customer 12,Product 2,May,2021,2021-01-05,,2022-2023
Customer 12,Product 2,June,2021,2021-01-06,,2022-2023
Customer 12,Product 2,July,2021,2021-01-07,,2022-2023
Customer 12,Product 2,August,2021,2021-01-08,,2022-2023
Customer 12,Product 2,September,2021,2021-01-09,,2022-2023
Customer 12,Product 2,October,2021,2021-01-10,,2022-2023
Customer 12,Product 2,November,2021,2021-01-11,,2022-2023
Customer 12,Product 2,December,2021,2021-01-12,,2022-2023
Customer 12,Product 2,January,2022,2022-01-01,,2022-2023
Customer 12,Product 2,February,2022,2022-01-02,,2022-2023
Customer 12,Product 2,March,2022,2022-01-03,,2022-2023
Customer 12,Product 2,April,2022,2022-01-04,,2023-2024
Customer 12,Product 2,May,2022,2022-01-05,,2023-2024
Customer 12,Product 2,June,2022,2022-01-06,,2023-2024
Customer 12,Product 2,July,2022,2022-01-07,,2023-2024
Customer 12,Product 2,August,2022,2022-01-08,,2023-2024
Customer 12,Product 2,September,2022,2022-01-09,174403.0,2023-2024
Customer 12,Product 2,October,2022,2022-01-10,,2023-2024
Customer 12,Product 2,November,2022,2022-01-11,179887.0,2023-2024
Customer 12,Product 2,December,2022,2022-01-12,188255.0,2023-2024
Customer 12,Product 2,January,2023,2023-01-01,,2023-2024
Customer 12,Product 2,February,2023,2023-01-02,,2023-2024
Customer 12,Product 2,March,2023,2023-01-03,,2023-2024
Customer 12,Product 2,April,2023,2023-01-04,1276511.0,2024-2025
Customer 12,Product 2,May,2023,2023-01-05,,2024-2025
Customer 12,Product 2,June,2023,2023-01-06,,2024-2025
Customer 12,Product 2,July,2023,2023-01-07,,2024-2025
Customer 12,Product 2,August,2023,2023-01-08,1278395.0,2024-2025
Customer 12,Product 2,September,2023,2023-01-09,,2024-2025
Customer 12,Product 2,October,2023,2023-01-10,1279113.0,2024-2025
Customer 12,Product 2,November,2023,2023-01-11,1279175.0,2024-2025
Customer 12,Product 2,December,2023,2023-01-12,,2024-2025
Customer 12,Product 2,January,2024,2024-01-01,1279666.0,2024-2025
Customer 12,Product 2,February,2024,2024-01-02,1287676.0,2024-2025
Customer 12,Product 2,March,2024,2024-01-03,,2024-2025
Customer 12,Product 4,April,2021,2021-01-04,,2022-2023
Customer 12,Product 4,May,2021,2021-01-05,,2022-2023
Customer 12,Product 4,June,2021,2021-01-06,,2022-2023
Customer 12,Product 4,July,2021,2021-01-07,,2022-2023
Customer 12,Product 4,August,2021,2021-01-08,,2022-2023
Customer 12,Product 4,September,2021,2021-01-09,,2022-2023
Customer 12,Product 4,October,2021,2021-01-10,,2022-2023
Customer 12,Product 4,November,2021,2021-01-11,,2022-2023
Customer 12,Product 4,December,2021,2021-01-12,,2022-2023
Customer 12,Product 4,January,2022,2022-01-01,,2022-2023
Customer 12,Product 4,February,2022,2022-01-02,,2022-2023
Customer 12,Product 4,March,2022,2022-01-03,,2022-2023
Customer 12,Product 4,April,2022,2022-01-04,193323.0,2023-2024
Customer 12,Product 4,May,2022,2022-01-05,195285.0,2023-2024
Customer 12,Product 4,June,2022,2022-01-06,,2023-2024
Customer 12,Product 4,July,2022,2022-01-07,,2023-2024
Customer 12,Product 4,August,2022,2022-01-08,,2023-2024
Customer 12,Product 4,September,2022,2022-01-09,196197.0,2023-2024
Customer 12,Product 4,October,2022,2022-01-10,,2023-2024
Customer 12,Product 4,November,2022,2022-01-11,,2023-2024
Customer 12,Product 4,December,2022,2022-01-12,,2023-2024
Customer 12,Product 4,January,2023,2023-01-01,,2023-2024
Customer 12,Product 4,February,2023,2023-01-02,,2023-2024
Customer 12,Product 4,March,2023,2023-01-03,,2023-2024
Customer 12,Product 4,April,2023,2023-01-04,,2024-2025
Customer 12,Product 4,May,2023,2023-01-05,,2024-2025
Customer 12,Product 4,June,2023,2023-01-06,,2024-2025
Customer 12,Product 4,July,2023,2023-01-07,594787.0,2024-2025
Customer 12,Product 4,August,2023,2023-01-08,598258.0,2024-2025
Customer 12,Product 4,September,2023,2023-01-09,601067.0,2024-2025
Customer 12,Product 4,October,2023,2023-01-10,605513.0,2024-2025
Customer 12,Product 4,November,2023,2023-01-11,,2024-2025
Customer 12,Product 4,December,2023,2023-01-12,,2024-2025
Customer 12,Product 4,January,2024,2024-01-01,,2024-2025
Customer 12,Product 4,February,2024,2024-01-02,,2024-2025
Customer 12,Product 4,March,2024,2024-01-03,,2024-2025
Customer 12,Product 5,April,2021,2021-01-04,,2022-2023
Customer 12,Product 5,May,2021,2021-01-05,,2022-2023
Customer 12,Product 5,June,2021,2021-01-06,,2022-2023
Customer 12,Product 5,July,2021,2021-01-07,,2022-2023
Customer 12,Product 5,August,2021,2021-01-08,,2022-2023
Customer 12,Product 5,September,2021,2021-01-09,,2022-2023
Customer 12,Product 5,October,2021,2021-01-10,,2022-2023
Customer 12,Product 5,November,2021,2021-01-11,,2022-2023
Customer 12,Product 5,December,2021,2021-01-12,,2022-2023
Customer 12,Product 5,January,2022,2022-01-01,,2022-2023
Customer 12,Product 5,February,2022,2022-01-02,,2022-2023
Customer 12,Product 5,March,2022,2022-01-03,,2022-2023
Customer 12,Product 5,April,2022,2022-01-04,,2023-2024
Customer 12,Product 5,May,2022,2022-01-05,200570.0,2023-2024
Customer 12,Product 5,June,2022,2022-01-06,,2023-2024
Customer 12,Product 5,July,2022,2022-01-07,204668.0,2023-2024
Customer 12,Product 5,August,2022,2022-01-08,,2023-2024
Customer 12,Product 5,September,2022,2022-01-09,,2023-2024
Customer 12,Product 5,October,2022,2022-01-10,,2023-2024
Customer 12,Product 5,November,2022,2022-01-11,,2023-2024
Customer 12,Product 5,December,2022,2022-01-12,,2023-2024
Customer 12,Product 5,January,2023,2023-01-01,,2023-2024
Customer 12,Product 5,February,2023,2023-01-02,,2023-2024
Customer 12,Product 5,March,2023,2023-01-03,206243.0,2023-2024
Customer 12,Product 5,April,2023,2023-01-04,,2024-2025
Customer 12,Product 5,May,2023,2023-01-05,,2024-2025
Customer 12,Product 5,June,2023,2023-01-06,,2024-2025
Customer 12,Product 5,July,2023,2023-01-07,,2024-2025
Customer 12,Product 5,August,2023,2023-01-08,,2024-2025
Customer 12,Product 5,September,2023,2023-01-09,876718.0,2024-2025
Customer 12,Product 5,October,2023,2023-01-10,877267.0,2024-2025
Customer 12,Product 5,November,2023,2023-01-11,891386.0,2024-2025
Customer 12,Product 5,December,2023,2023-01-12,,2024-2025
Customer 12,Product 5,January,2024,2024-01-01,,2024-2025
Customer 12,Product 5,February,2024,2024-01-02,891611.0,2024-2025
Customer 12,Product 5,March,2024,2024-01-03,891902.0,2024-2025
Customer 12,Product 6,April,2021,2021-01-04,4578603.0,2022-2023
Customer 12,Product 6,May,2021,2021-01-05,4597049.0,2022-2023
Customer 12,Product 6,June,2021,2021-01-06,,2022-2023
Customer 12,Product 6,July,2021,2021-01-07,4604775.0,2022-2023
Customer 12,Product 6,August,2021,2021-01-08,4611378.0,2022-2023
Customer 12,Product 6,September,2021,2021-01-09,,2022-2023
Customer 12,Product 6,October,2021,2021-01-10,4613816.0,2022-2023
Customer 12,Product 6,November,2021,2021-01-11,4631919.0,2022-2023
Customer 12,Product 6,December,2021,2021-01-12,4636704.0,2022-2023
Customer 12,Product 6,January,2022,2022-01-01,4641125.0,2022-2023
Customer 12,Product 6,February,2022,2022-01-02,4643001.0,2022-2023
Customer 12,Product 6,March,2022,2022-01-03,4650405.0,2022-2023
Customer 12,Product 6,April,2022,2022-01-04,,2023-2024
Customer 12,Product 6,May,2022,2022-01-05,,2023-2024
Customer 12,Product 6,June,2022,2022-01-06,2555448.0,2023-2024
Customer 12,Product 6,July,2022,2022-01-07,,2023-2024
Customer 12,Product 6,August,2022,2022-01-08,2557907.0,2023-2024
Customer 12,Product 6,September,2022,2022-01-09,2562320.0,2023-2024
Customer 12,Product 6,October,2022,2022-01-10,2562369.0,2023-2024
Customer 12,Product 6,November,2022,2022-01-11,2564635.0,2023-2024
Customer 12,Product 6,December,2022,2022-01-12,2564813.0,2023-2024
Customer 12,Product 6,January,2023,2023-01-01,2566693.0,2023-2024
Customer 12,Product 6,February,2023,2023-01-02,,2023-2024
Customer 12,Product 6,March,2023,2023-01-03,2570302.0,2023-2024
Customer 12,Product 6,April,2023,2023-01-04,,2024-2025
Customer 12,Product 6,May,2023,2023-01-05,103391.0,2024-2025
Customer 12,Product 6,June,2023,2023-01-06,,2024-2025
Customer 12,Product 6,July,2023,2023-01-07,105051.0,2024-2025
Customer 12,Product 6,August,2023,2023-01-08,,2024-2025
Customer 12,Product 6,September,2023,2023-01-09,,2024-2025
Customer 12,Product 6,October,2023,2023-01-10,,2024-2025
Customer 12,Product 6,November,2023,2023-01-11,,2024-2025
Customer 12,Product 6,December,2023,2023-01-12,,2024-2025
Customer 12,Product 6,January,2024,2024-01-01,,2024-2025
Customer 12,Product 6,February,2024,2024-01-02,,2024-2025
Customer 12,Product 6,March,2024,2024-01-03,,2024-2025
Customer 12,Product 9,April,2021,2021-01-04,6816149.0,2022-2023
Customer 12,Product 9,May,2021,2021-01-05,6822979.0,2022-2023
Customer 12,Product 9,June,2021,2021-01-06,6830463.0,2022-2023
Customer 12,Product 9,July,2021,2021-01-07,6831201.0,2022-2023
Customer 12,Product 9,August,2021,2021-01-08,6832863.0,2022-2023
Customer 12,Product 9,September,2021,2021-01-09,6838984.0,2022-2023
Customer 12,Product 9,October,2021,2021-01-10,6839161.0,2022-2023
Customer 12,Product 9,November,2021,2021-01-11,6842290.0,2022-2023
Customer 12,Product 9,December,2021,2021-01-12,6847168.0,2022-2023
Customer 12,Product 9,January,2022,2022-01-01,6847975.0,2022-2023
Customer 12,Product 9,February,2022,2022-01-02,6850699.0,2022-2023
Customer 12,Product 9,March,2022,2022-01-03,6851793.0,2022-2023
Customer 12,Product 9,April,2022,2022-01-04,5692910.0,2023-2024
Customer 12,Product 9,May,2022,2022-01-05,5698397.0,2023-2024
Customer 12,Product 9,June,2022,2022-01-06,5701776.0,2023-2024
Customer 12,Product 9,July,2022,2022-01-07,5703636.0,2023-2024
Customer 12,Product 9,August,2022,2022-01-08,5704860.0,2023-2024
Customer 12,Product 9,September,2022,2022-01-09,5706568.0,2023-2024
Customer 12,Product 9,October,2022,2022-01-10,5710571.0,2023-2024
Customer 12,Product 9,November,2022,2022-01-11,5714529.0,2023-2024
Customer 12,Product 9,December,2022,2022-01-12,5718154.0,2023-2024
Customer 12,Product 9,January,2023,2023-01-01,5721550.0,2023-2024
Customer 12,Product 9,February,2023,2023-01-02,5726255.0,2023-2024
Customer 12,Product 9,March,2023,2023-01-03,,2023-2024
Customer 12,Product 9,April,2023,2023-01-04,,2024-2025
Customer 12,Product 9,May,2023,2023-01-05,2571099.0,2024-2025
Customer 12,Product 9,June,2023,2023-01-06,2575163.0,2024-2025
Customer 12,Product 9,July,2023,2023-01-07,,2024-2025
Customer 12,Product 9,August,2023,2023-01-08,,2024-2025
Customer 12,Product 9,September,2023,2023-01-09,2577405.0,2024-2025
Customer 12,Product 9,October,2023,2023-01-10,,2024-2025
Customer 12,Product 9,November,2023,2023-01-11,2579817.0,2024-2025
Customer 12,Product 9,December,2023,2023-01-12,2586895.0,2024-2025
Customer 12,Product 9,January,2024,2024-01-01,2587383.0,2024-2025
Customer 12,Product 9,February,2024,2024-01-02,2604603.0,2024-2025
Customer 12,Product 9,March,2024,2024-01-03,2611454.0,2024-2025
Customer 13,Product 10,April,2021,2021-01-04,6852829.0,2022-2023
Customer 13,Product 10,May,2021,2021-01-05,6857144.0,2022-2023
Customer 13,Product 10,June,2021,2021-01-06,6858327.0,2022-2023
Customer 13,Product 10,July,2021,2021-01-07,6863511.0,2022-2023
Customer 13,Product 10,August,2021,2021-01-08,6867028.0,2022-2023
Customer 13,Product 10,September,2021,2021-01-09,6867837.0,2022-2023
Customer 13,Product 10,October,2021,2021-01-10,6871967.0,2022-2023
Customer 13,Product 10,November,2021,2021-01-11,6878839.0,2022-2023
Customer 13,Product 10,December,2021,2021-01-12,6885732.0,2022-2023
Customer 13,Product 10,January,2022,2022-01-01,6891531.0,2022-2023
Customer 13,Product 10,February,2022,2022-01-02,6895167.0,2022-2023
Customer 13,Product 10,March,2022,2022-01-03,6896323.0,2022-2023
Customer 13,Product 10,April,2022,2022-01-04,,2023-2024
Customer 13,Product 10,May,2022,2022-01-05,,2023-2024
Customer 13,Product 10,June,2022,2022-01-06,,2023-2024
Customer 13,Product 10,July,2022,2022-01-07,,2023-2024
Customer 13,Product 10,August,2022,2022-01-08,,2023-2024
Customer 13,Product 10,September,2022,2022-01-09,,2023-2024
Customer 13,Product 10,October,2022,2022-01-10,,2023-2024
Customer 13,Product 10,November,2022,2022-01-11,,2023-2024
Customer 13,Product 10,December,2022,2022-01-12,,2023-2024
Customer 13,Product 10,January,2023,2023-01-01,,2023-2024
Customer 13,Product 10,February,2023,2023-01-02,,2023-2024
Customer 13,Product 10,March,2023,2023-01-03,,2023-2024
Customer 13,Product 10,April,2023,2023-01-04,,2024-2025
Customer 13,Product 10,May,2023,2023-01-05,1296061.0,2024-2025
Customer 13,Product 10,June,2023,2023-01-06,,2024-2025
Customer 13,Product 10,July,2023,2023-01-07,1296467.0,2024-2025
Customer 13,Product 10,August,2023,2023-01-08,1297046.0,2024-2025
Customer 13,Product 10,September,2023,2023-01-09,1300446.0,2024-2025
Customer 13,Product 10,October,2023,2023-01-10,,2024-2025
Customer 13,Product 10,November,2023,2023-01-11,,2024-2025
Customer 13,Product 10,December,2023,2023-01-12,,2024-2025
Customer 13,Product 10,January,2024,2024-01-01,1303926.0,2024-2025
Customer 13,Product 10,February,2024,2024-01-02,,2024-2025
Customer 13,Product 10,March,2024,2024-01-03,1304992.0,2024-2025
Customer 13,Product 2,April,2021,2021-01-04,,2022-2023
Customer 13,Product 2,May,2021,2021-01-05,215263.0,2022-2023
Customer 13,Product 2,June,2021,2021-01-06,,2022-2023
Customer 13,Product 2,July,2021,2021-01-07,,2022-2023
Customer 13,Product 2,August,2021,2021-01-08,,2022-2023
Customer 13,Product 2,September,2021,2021-01-09,220290.0,2022-2023
Customer 13,Product 2,October,2021,2021-01-10,,2022-2023
Customer 13,Product 2,November,2021,2021-01-11,,2022-2023
Customer 13,Product 2,December,2021,2021-01-12,,2022-2023
Customer 13,Product 2,January,2022,2022-01-01,,2022-2023
Customer 13,Product 2,February,2022,2022-01-02,225618.0,2022-2023
Customer 13,Product 2,March,2022,2022-01-03,,2022-2023
Customer 13,Product 2,April,2022,2022-01-04,6897217.0,2023-2024
Customer 13,Product 2,May,2022,2022-01-05,6898492.0,2023-2024
Customer 13,Product 2,June,2022,2022-01-06,6913469.0,2023-2024
Customer 13,Product 2,July,2022,2022-01-07,6919728.0,2023-2024
Customer 13,Product 2,August,2022,2022-01-08,6929201.0,2023-2024
Customer 13,Product 2,September,2022,2022-01-09,6932275.0,2023-2024
Customer 13,Product 2,October,2022,2022-01-10,6935932.0,2023-2024
Customer 13,Product 2,November,2022,2022-01-11,6938578.0,2023-2024
Customer 13,Product 2,December,2022,2022-01-12,6940353.0,2023-2024
Customer 13,Product 2,January,2023,2023-01-01,6944747.0,2023-2024
Customer 13,Product 2,February,2023,2023-01-02,6944788.0,2023-2024
Customer 13,Product 2,March,2023,2023-01-03,6947901.0,2023-2024
Customer 13,Product 2,April,2023,2023-01-04,1313419.0,2024-2025
Customer 13,Product 2,May,2023,2023-01-05,,2024-2025
Customer 13,Product 2,June,2023,2023-01-06,,2024-2025
Customer 13,Product 2,July,2023,2023-01-07,,2024-2025
Customer 13,Product 2,August,2023,2023-01-08,1315896.0,2024-2025
Customer 13,Product 2,September,2023,2023-01-09,1320225.0,2024-2025
Customer 13,Product 2,October,2023,2023-01-10,1327148.0,2024-2025
Customer 13,Product 2,November,2023,2023-01-11,,2024-2025
Customer 13,Product 2,December,2023,2023-01-12,1329648.0,2024-2025
Customer 13,Product 2,January,2024,2024-01-01,,2024-2025
Customer 13,Product 2,February,2024,2024-01-02,,2024-2025
Customer 13,Product 2,March,2024,2024-01-03,1330267.0,2024-2025
Customer 13,Product 3,April,2021,2021-01-04,,2022-2023
Customer 13,Product 3,May,2021,2021-01-05,,2022-2023
Customer 13,Product 3,June,2021,2021-01-06,1331711.0,2022-2023
Customer 13,Product 3,July,2021,2021-01-07,,2022-2023
Customer 13,Product 3,August,2021,2021-01-08,1332688.0,2022-2023
Customer 13,Product 3,September,2021,2021-01-09,,2022-2023
Customer 13,Product 3,October,2021,2021-01-10,1333720.0,2022-2023
Customer 13,Product 3,November,2021,2021-01-11,,2022-2023
Customer 13,Product 3,December,2021,2021-01-12,1338163.0,2022-2023
Customer 13,Product 3,January,2022,2022-01-01,1351299.0,2022-2023
Customer 13,Product 3,February,2022,2022-01-02,,2022-2023
Customer 13,Product 3,March,2022,2022-01-03,1354494.0,2022-2023
Customer 13,Product 3,April,2022,2022-01-04,2613763.0,2023-2024
Customer 13,Product 3,May,2022,2022-01-05,,2023-2024
Customer 13,Product 3,June,2022,2022-01-06,,2023-2024
Customer 13,Product 3,July,2022,2022-01-07,2625734.0,2023-2024
Customer 13,Product 3,August,2022,2022-01-08,2640149.0,2023-2024
Customer 13,Product 3,September,2022,2022-01-09,2642209.0,2023-2024
Customer 13,Product 3,October,2022,2022-01-10,,2023-2024
Customer 13,Product 3,November,2022,2022-01-11,,2023-2024
Customer 13,Product 3,December,2022,2022-01-12,2642918.0,2023-2024
Customer 13,Product 3,January,2023,2023-01-01,2652776.0,2023-2024
Customer 13,Product 3,February,2023,2023-01-02,2653512.0,2023-2024
Customer 13,Product 3,March,2023,2023-01-03,2661242.0,2023-2024
Customer 13,Product 3,April,2023,2023-01-04,6949006.0,2024-2025
Customer 13,Product 3,May,2023,2023-01-05,6951051.0,2024-2025
Customer 13,Product 3,June,2023,2023-01-06,6955655.0,2024-2025
Customer 13,Product 3,July,2023,2023-01-07,6957007.0,2024-2025
Customer 13,Product 3,August,2023,2023-01-08,6958121.0,2024-2025
Customer 13,Product 3,September,2023,2023-01-09,6959615.0,2024-2025
Customer 13,Product 3,October,2023,2023-01-10,6963855.0,2024-2025
Customer 13,Product 3,November,2023,2023-01-11,6963923.0,2024-2025
Customer 13,Product 3,December,2023,2023-01-12,6968014.0,2024-2025
Customer 13,Product 3,January,2024,2024-01-01,6972847.0,2024-2025
Customer 13,Product 3,February,2024,2024-01-02,6977516.0,2024-2025
Customer 13,Product 3,March,2024,2024-01-03,6979136.0,2024-2025
Customer 13,Product 4,April,2021,2021-01-04,4651515.0,2022-2023
Customer 13,Product 4,May,2021,2021-01-05,4651752.0,2022-2023
Customer 13,Product 4,June,2021,2021-01-06,4667329.0,2022-2023
Customer 13,Product 4,July,2021,2021-01-07,4673153.0,2022-2023
Customer 13,Product 4,August,2021,2021-01-08,4674852.0,2022-2023
Customer 13,Product 4,September,2021,2021-01-09,,2022-2023
Customer 13,Product 4,October,2021,2021-01-10,4678714.0,2022-2023
Customer 13,Product 4,November,2021,2021-01-11,4680205.0,2022-2023
Customer 13,Product 4,December,2021,2021-01-12,4683044.0,2022-2023
Customer 13,Product 4,January,2022,2022-01-01,,2022-2023
Customer 13,Product 4,February,2022,2022-01-02,4685852.0,2022-2023
Customer 13,Product 4,March,2022,2022-01-03,4687030.0,2022-2023
Customer 13,Product 4,April,2022,2022-01-04,6984570.0,2023-2024
Customer 13,Product 4,May,2022,2022-01-05,6988175.0,2023-2024
Customer 13,Product 4,June,2022,2022-01-06,6988266.0,2023-2024
Customer 13,Product 4,July,2022,2022-01-07,6988547.0,2023-2024
Customer 13,Product 4,August,2022,2022-01-08,6989444.0,2023-2024
Customer 13,Product 4,September,2022,2022-01-09,6990145.0,2023-2024
Customer 13,Product 4,October,2022,2022-01-10,6990477.0,2023-2024
Customer 13,Product 4,November,2022,2022-01-11,6990695.0,2023-2024
Customer 13,Product 4,December,2022,2022-01-12,6991073.0,2023-2024
Customer 13,Product 4,January,2023,2023-01-01,6993412.0,2023-2024
Customer 13,Product 4,February,2023,2023-01-02,6994882.0,2023-2024
Customer 13,Product 4,March,2023,2023-01-03,6997861.0,2023-2024
Customer 13,Product 4,April,2023,2023-01-04,5728351.0,2024-2025
Customer 13,Product 4,May,2023,2023-01-05,5729374.0,2024-2025
Customer 13,Product 4,June,2023,2023-01-06,,2024-2025
Customer 13,Product 4,July,2023,2023-01-07,5730263.0,2024-2025
Customer 13,Product 4,August,2023,2023-01-08,5731191.0,2024-2025
Customer 13,Product 4,September,2023,2023-01-09,5743606.0,2024-2025
Customer 13,Product 4,October,2023,2023-01-10,5748836.0,2024-2025
Customer 13,Product 4,November,2023,2023-01-11,5751476.0,2024-2025
Customer 13,Product 4,December,2023,2023-01-12,5757583.0,2024-2025
Customer 13,Product 4,January,2024,2024-01-01,5768908.0,2024-2025
Customer 13,Product 4,February,2024,2024-01-02,5777035.0,2024-2025
Customer 13,Product 4,March,2024,2024-01-03,5779598.0,2024-2025
Customer 13,Product 5,April,2021,2021-01-04,,2022-2023
Customer 13,Product 5,May,2021,2021-01-05,,2022-2023
Customer 13,Product 5,June,2021,2021-01-06,,2022-2023
Customer 13,Product 5,July,2021,2021-01-07,,2022-2023
Customer 13,Product 5,August,2021,2021-01-08,,2022-2023
Customer 13,Product 5,September,2021,2021-01-09,,2022-2023
Customer 13,Product 5,October,2021,2021-01-10,,2022-2023
Customer 13,Product 5,November,2021,2021-01-11,,2022-2023
Customer 13,Product 5,December,2021,2021-01-12,,2022-2023
Customer 13,Product 5,January,2022,2022-01-01,,2022-2023
Customer 13,Product 5,February,2022,2022-01-02,,2022-2023
Customer 13,Product 5,March,2022,2022-01-03,,2022-2023
Customer 13,Product 5,April,2022,2022-01-04,,2023-2024
Customer 13,Product 5,May,2022,2022-01-05,226378.0,2023-2024
Customer 13,Product 5,June,2022,2022-01-06,,2023-2024
Customer 13,Product 5,July,2022,2022-01-07,227115.0,2023-2024
Customer 13,Product 5,August,2022,2022-01-08,,2023-2024
Customer 13,Product 5,September,2022,2022-01-09,,2023-2024
Customer 13,Product 5,October,2022,2022-01-10,,2023-2024
Customer 13,Product 5,November,2022,2022-01-11,,2023-2024
Customer 13,Product 5,December,2022,2022-01-12,,2023-2024
Customer 13,Product 5,January,2023,2023-01-01,,2023-2024
Customer 13,Product 5,February,2023,2023-01-02,233397.0,2023-2024
Customer 13,Product 5,March,2023,2023-01-03,,2023-2024
Customer 13,Product 5,April,2023,2023-01-04,1357899.0,2024-2025
Customer 13,Product 5,May,2023,2023-01-05,,2024-2025
Customer 13,Product 5,June,2023,2023-01-06,,2024-2025
Customer 13,Product 5,July,2023,2023-01-07,,2024-2025
Customer 13,Product 5,August,2023,2023-01-08,,2024-2025
Customer 13,Product 5,September,2023,2023-01-09,,2024-2025
Customer 13,Product 5,October,2023,2023-01-10,1361552.0,2024-2025
Customer 13,Product 5,November,2023,2023-01-11,1364128.0,2024-2025
Customer 13,Product 5,December,2023,2023-01-12,1366977.0,2024-2025
Customer 13,Product 5,January,2024,2024-01-01,1370062.0,2024-2025
Customer 13,Product 5,February,2024,2024-01-02,,2024-2025
Customer 13,Product 5,March,2024,2024-01-03,1374207.0,2024-2025
Customer 13,Product 6,April,2021,2021-01-04,,2022-2023
Customer 13,Product 6,May,2021,2021-01-05,,2022-2023
Customer 13,Product 6,June,2021,2021-01-06,,2022-2023
Customer 13,Product 6,July,2021,2021-01-07,,2022-2023
Customer 13,Product 6,August,2021,2021-01-08,235665.0,2022-2023
Customer 13,Product 6,September,2021,2021-01-09,,2022-2023
Customer 13,Product 6,October,2021,2021-01-10,,2022-2023
Customer 13,Product 6,November,2021,2021-01-11,,2022-2023
Customer 13,Product 6,December,2021,2021-01-12,240967.0,2022-2023
Customer 13,Product 6,January,2022,2022-01-01,,2022-2023
Customer 13,Product 6,February,2022,2022-01-02,242151.0,2022-2023
Customer 13,Product 6,March,2022,2022-01-03,,2022-2023
Customer 13,Product 6,April,2022,2022-01-04,,2023-2024
Customer 13,Product 6,May,2022,2022-01-05,,2023-2024
Customer 13,Product 6,June,2022,2022-01-06,,2023-2024
Customer 13,Product 6,July,2022,2022-01-07,1375200.0,2023-2024
Customer 13,Product 6,August,2022,2022-01-08,1377653.0,2023-2024
Customer 13,Product 6,September,2022,2022-01-09,1380572.0,2023-2024
Customer 13,Product 6,October,2022,2022-01-10,,2023-2024
Customer 13,Product 6,November,2022,2022-01-11,,2023-2024
Customer 13,Product 6,December,2022,2022-01-12,1388685.0,2023-2024
Customer 13,Product 6,January,2023,2023-01-01,,2023-2024
Customer 13,Product 6,February,2023,2023-01-02,1390388.0,2023-2024
Customer 13,Product 6,March,2023,2023-01-03,1396643.0,2023-2024
Customer 13,Product 6,April,2023,2023-01-04,2661368.0,2024-2025
Customer 13,Product 6,May,2023,2023-01-05,2664401.0,2024-2025
Customer 13,Product 6,June,2023,2023-01-06,2669526.0,2024-2025
Customer 13,Product 6,July,2023,2023-01-07,2679180.0,2024-2025
Customer 13,Product 6,August,2023,2023-01-08,,2024-2025
Customer 13,Product 6,September,2023,2023-01-09,,2024-2025
Customer 13,Product 6,October,2023,2023-01-10,,2024-2025
Customer 13,Product 6,November,2023,2023-01-11,2680676.0,2024-2025
Customer 13,Product 6,December,2023,2023-01-12,2680876.0,2024-2025
Customer 13,Product 6,January,2024,2024-01-01,2682209.0,2024-2025
Customer 13,Product 6,February,2024,2024-01-02,,2024-2025
Customer 13,Product 6,March,2024,2024-01-03,2685098.0,2024-2025
Customer 13,Product 9,April,2021,2021-01-04,,2022-2023
Customer 13,Product 9,May,2021,2021-01-05,,2022-2023
Customer 13,Product 9,June,2021,2021-01-06,242496.0,2022-2023
Customer 13,Product 9,July,2021,2021-01-07,,2022-2023
Customer 13,Product 9,August,2021,2021-01-08,,2022-2023
Customer 13,Product 9,September,2021,2021-01-09,,2022-2023
Customer 13,Product 9,October,2021,2021-01-10,,2022-2023
Customer 13,Product 9,November,2021,2021-01-11,253021.0,2022-2023
Customer 13,Product 9,December,2021,2021-01-12,,2022-2023
Customer 13,Product 9,January,2022,2022-01-01,,2022-2023
Customer 13,Product 9,February,2022,2022-01-02,,2022-2023
Customer 13,Product 9,March,2022,2022-01-03,257225.0,2022-2023
Customer 13,Product 9,April,2022,2022-01-04,1861079.0,2023-2024
Customer 13,Product 9,May,2022,2022-01-05,1861223.0,2023-2024
Customer 13,Product 9,June,2022,2022-01-06,,2023-2024
Customer 13,Product 9,July,2022,2022-01-07,1862889.0,2023-2024
Customer 13,Product 9,August,2022,2022-01-08,,2023-2024
Customer 13,Product 9,September,2022,2022-01-09,1863522.0,2023-2024
Customer 13,Product 9,October,2022,2022-01-10,,2023-2024
Customer 13,Product 9,November,2022,2022-01-11,1870249.0,2023-2024
Customer 13,Product 9,December,2022,2022-01-12,1874376.0,2023-2024
Customer 13,Product 9,January,2023,2023-01-01,,2023-2024
Customer 13,Product 9,February,2023,2023-01-02,,2023-2024
Customer 13,Product 9,March,2023,2023-01-03,1878591.0,2023-2024
Customer 13,Product 9,April,2023,2023-01-04,3476542.0,2024-2025
Customer 13,Product 9,May,2023,2023-01-05,,2024-2025
Customer 13,Product 9,June,2023,2023-01-06,3478160.0,2024-2025
Customer 13,Product 9,July,2023,2023-01-07,3481915.0,2024-2025
Customer 13,Product 9,August,2023,2023-01-08,3483338.0,2024-2025
Customer 13,Product 9,September,2023,2023-01-09,,2024-2025
Customer 13,Product 9,October,2023,2023-01-10,3484224.0,2024-2025
Customer 13,Product 9,November,2023,2023-01-11,3485584.0,2024-2025
Customer 13,Product 9,December,2023,2023-01-12,3496054.0,2024-2025
Customer 13,Product 9,January,2024,2024-01-01,3507625.0,2024-2025
Customer 13,Product 9,February,2024,2024-01-02,,2024-2025
Customer 13,Product 9,March,2024,2024-01-03,3511437.0,2024-2025
Customer 14,Product 10,April,2021,2021-01-04,,2022-2023
Customer 14,Product 10,May,2021,2021-01-05,,2022-2023
Customer 14,Product 10,June,2021,2021-01-06,,2022-2023
Customer 14,Product 10,July,2021,2021-01-07,,2022-2023
Customer 14,Product 10,August,2021,2021-01-08,,2022-2023
Customer 14,Product 10,September,2021,2021-01-09,,2022-2023
Customer 14,Product 10,October,2021,2021-01-10,,2022-2023
Customer 14,Product 10,November,2021,2021-01-11,,2022-2023
Customer 14,Product 10,December,2021,2021-01-12,,2022-2023
Customer 14,Product 10,January,2022,2022-01-01,,2022-2023
Customer 14,Product 10,February,2022,2022-01-02,,2022-2023
Customer 14,Product 10,March,2022,2022-01-03,,2022-2023
Customer 14,Product 10,April,2022,2022-01-04,262346.0,2023-2024
Customer 14,Product 10,May,2022,2022-01-05,265284.0,2023-2024
Customer 14,Product 10,June,2022,2022-01-06,,2023-2024
Customer 14,Product 10,July,2022,2022-01-07,,2023-2024
Customer 14,Product 10,August,2022,2022-01-08,,2023-2024
Customer 14,Product 10,September,2022,2022-01-09,,2023-2024
Customer 14,Product 10,October,2022,2022-01-10,,2023-2024
Customer 14,Product 10,November,2022,2022-01-11,,2023-2024
Customer 14,Product 10,December,2022,2022-01-12,,2023-2024
Customer 14,Product 10,January,2023,2023-01-01,,2023-2024
Customer 14,Product 10,February,2023,2023-01-02,,2023-2024
Customer 14,Product 10,March,2023,2023-01-03,266024.0,2023-2024
Customer 14,Product 10,April,2023,2023-01-04,266569.0,2024-2025
Customer 14,Product 10,May,2023,2023-01-05,,2024-2025
Customer 14,Product 10,June,2023,2023-01-06,,2024-2025
Customer 14,Product 10,July,2023,2023-01-07,,2024-2025
Customer 14,Product 10,August,2023,2023-01-08,,2024-2025
Customer 14,Product 10,September,2023,2023-01-09,,2024-2025
Customer 14,Product 10,October,2023,2023-01-10,266838.0,2024-2025
Customer 14,Product 10,November,2023,2023-01-11,275236.0,2024-2025
Customer 14,Product 10,December,2023,2023-01-12,,2024-2025
Customer 14,Product 10,January,2024,2024-01-01,,2024-2025
Customer 14,Product 10,February,2024,2024-01-02,,2024-2025
Customer 14,Product 10,March,2024,2024-01-03,,2024-2025
Customer 14,Product 2,April,2021,2021-01-04,,2022-2023
Customer 14,Product 2,May,2021,2021-01-05,2685382.0,2022-2023
Customer 14,Product 2,June,2021,2021-01-06,2690210.0,2022-2023
Customer 14,Product 2,July,2021,2021-01-07,,2022-2023
Customer 14,Product 2,August,2021,2021-01-08,2693326.0,2022-2023
Customer 14,Product 2,September,2021,2021-01-09,2694943.0,2022-2023
Customer 14,Product 2,October,2021,2021-01-10,2700385.0,2022-2023
Customer 14,Product 2,November,2021,2021-01-11,2707016.0,2022-2023
Customer 14,Product 2,December,2021,2021-01-12,,2022-2023
Customer 14,Product 2,January,2022,2022-01-01,,2022-2023
Customer 14,Product 2,February,2022,2022-01-02,2719019.0,2022-2023
Customer 14,Product 2,March,2022,2022-01-03,2723190.0,2022-2023
Customer 14,Product 2,April,2022,2022-01-04,3511556.0,2023-2024
Customer 14,Product 2,May,2022,2022-01-05,3514801.0,2023-2024
Customer 14,Product 2,June,2022,2022-01-06,,2023-2024
Customer 14,Product 2,July,2022,2022-01-07,3516205.0,2023-2024
Customer 14,Product 2,August,2022,2022-01-08,,2023-2024
Customer 14,Product 2,September,2022,2022-01-09,3525780.0,2023-2024
Customer 14,Product 2,October,2022,2022-01-10,,2023-2024
Customer 14,Product 2,November,2022,2022-01-11,3526528.0,2023-2024
Customer 14,Product 2,December,2022,2022-01-12,3538731.0,2023-2024
Customer 14,Product 2,January,2023,2023-01-01,3543074.0,2023-2024
Customer 14,Product 2,February,2023,2023-01-02,3548532.0,2023-2024
Customer 14,Product 2,March,2023,2023-01-03,3551063.0,2023-2024
Customer 14,Product 2,April,2023,2023-01-04,6999558.0,2024-2025
Customer 14,Product 2,May,2023,2023-01-05,7000456.0,2024-2025
Customer 14,Product 2,June,2023,2023-01-06,7011801.0,2024-2025
Customer 14,Product 2,July,2023,2023-01-07,7018865.0,2024-2025
Customer 14,Product 2,August,2023,2023-01-08,7020199.0,2024-2025
Customer 14,Product 2,September,2023,2023-01-09,7025374.0,2024-2025
Customer 14,Product 2,October,2023,2023-01-10,7032452.0,2024-2025
Customer 14,Product 2,November,2023,2023-01-11,7033543.0,2024-2025
Customer 14,Product 2,December,2023,2023-01-12,7039594.0,2024-2025
Customer 14,Product 2,January,2024,2024-01-01,7041129.0,2024-2025
Customer 14,Product 2,February,2024,2024-01-02,7049219.0,2024-2025
Customer 14,Product 2,March,2024,2024-01-03,7049472.0,2024-2025
Customer 14,Product 4,April,2021,2021-01-04,3551793.0,2022-2023
Customer 14,Product 4,May,2021,2021-01-05,,2022-2023
Customer 14,Product 4,June,2021,2021-01-06,3552151.0,2022-2023
Customer 14,Product 4,July,2021,2021-01-07,3558728.0,2022-2023
Customer 14,Product 4,August,2021,2021-01-08,3558729.0,2022-2023
Customer 14,Product 4,September,2021,2021-01-09,3559306.0,2022-2023
Customer 14,Product 4,October,2021,2021-01-10,3574059.0,2022-2023
Customer 14,Product 4,November,2021,2021-01-11,3582577.0,2022-2023
Customer 14,Product 4,December,2021,2021-01-12,,2022-2023
Customer 14,Product 4,January,2022,2022-01-01,3587480.0,2022-2023
Customer 14,Product 4,February,2022,2022-01-02,3592246.0,2022-2023
Customer 14,Product 4,March,2022,2022-01-03,,2022-2023
Customer 14,Product 4,April,2022,2022-01-04,,2023-2024
Customer 14,Product 4,May,2022,2022-01-05,,2023-2024
Customer 14,Product 4,June,2022,2022-01-06,,2023-2024
Customer 14,Product 4,July,2022,2022-01-07,898802.0,2023-2024
Customer 14,Product 4,August,2022,2022-01-08,,2023-2024
Customer 14,Product 4,September,2022,2022-01-09,900448.0,2023-2024
Customer 14,Product 4,October,2022,2022-01-10,,2023-2024
Customer 14,Product 4,November,2022,2022-01-11,902155.0,2023-2024
Customer 14,Product 4,December,2022,2022-01-12,,2023-2024
Customer 14,Product 4,January,2023,2023-01-01,,2023-2024
Customer 14,Product 4,February,2023,2023-01-02,902470.0,2023-2024
Customer 14,Product 4,March,2023,2023-01-03,905353.0,2023-2024
Customer 14,Product 4,April,2023,2023-01-04,,2024-2025
Customer 14,Product 4,May,2023,2023-01-05,,2024-2025
Customer 14,Product 4,June,2023,2023-01-06,,2024-2025
Customer 14,Product 4,July,2023,2023-01-07,,2024-2025
Customer 14,Product 4,August,2023,2023-01-08,276672.0,2024-2025
Customer 14,Product 4,September,2023,2023-01-09,278947.0,2024-2025
Customer 14,Product 4,October,2023,2023-01-10,,2024-2025
Customer 14,Product 4,November,2023,2023-01-11,,2024-2025
Customer 14,Product 4,December,2023,2023-01-12,,2024-2025
Customer 14,Product 4,January,2024,2024-01-01,,2024-2025
Customer 14,Product 4,February,2024,2024-01-02,,2024-2025
Customer 14,Product 4,March,2024,2024-01-03,280396.0,2024-2025
Customer 14,Product 5,April,2021,2021-01-04,7053609.0,2022-2023
Customer 14,Product 5,May,2021,2021-01-05,7054592.0,2022-2023
Customer 14,Product 5,June,2021,2021-01-06,7062357.0,2022-2023
Customer 14,Product 5,July,2021,2021-01-07,7064260.0,2022-2023
Customer 14,Product 5,August,2021,2021-01-08,7065663.0,2022-2023
Customer 14,Product 5,September,2021,2021-01-09,7066213.0,2022-2023
Customer 14,Product 5,October,2021,2021-01-10,7069197.0,2022-2023
Customer 14,Product 5,November,2021,2021-01-11,7071306.0,2022-2023
Customer 14,Product 5,December,2021,2021-01-12,7074409.0,2022-2023
Customer 14,Product 5,January,2022,2022-01-01,7075788.0,2022-2023
Customer 14,Product 5,February,2022,2022-01-02,7083694.0,2022-2023
Customer 14,Product 5,March,2022,2022-01-03,7087476.0,2022-2023
Customer 14,Product 5,April,2022,2022-01-04,4687615.0,2023-2024
Customer 14,Product 5,May,2022,2022-01-05,4690614.0,2023-2024
Customer 14,Product 5,June,2022,2022-01-06,4692357.0,2023-2024
Customer 14,Product 5,July,2022,2022-01-07,4694202.0,2023-2024
Customer 14,Product 5,August,2022,2022-01-08,4696065.0,2023-2024
Customer 14,Product 5,September,2022,2022-01-09,4696129.0,2023-2024
Customer 14,Product 5,October,2022,2022-01-10,4701630.0,2023-2024
Customer 14,Product 5,November,2022,2022-01-11,4704391.0,2023-2024
Customer 14,Product 5,December,2022,2022-01-12,,2023-2024
Customer 14,Product 5,January,2023,2023-01-01,4708189.0,2023-2024
Customer 14,Product 5,February,2023,2023-01-02,,2023-2024
Customer 14,Product 5,March,2023,2023-01-03,4709420.0,2023-2024
Customer 14,Product 5,April,2023,2023-01-04,2725503.0,2024-2025
Customer 14,Product 5,May,2023,2023-01-05,,2024-2025
Customer 14,Product 5,June,2023,2023-01-06,,2024-2025
Customer 14,Product 5,July,2023,2023-01-07,,2024-2025
Customer 14,Product 5,August,2023,2023-01-08,2726643.0,2024-2025
Customer 14,Product 5,September,2023,2023-01-09,2734965.0,2024-2025
Customer 14,Product 5,October,2023,2023-01-10,2739028.0,2024-2025
Customer 14,Product 5,November,2023,2023-01-11,2740237.0,2024-2025
Customer 14,Product 5,December,2023,2023-01-12,2741132.0,2024-2025
Customer 14,Product 5,January,2024,2024-01-01,2741324.0,2024-2025
Customer 14,Product 5,February,2024,2024-01-02,,2024-2025
Customer 14,Product 5,March,2024,2024-01-03,2743030.0,2024-2025
Customer 14,Product 6,April,2021,2021-01-04,907202.0,2022-2023
Customer 14,Product 6,May,2021,2021-01-05,910356.0,2022-2023
Customer 14,Product 6,June,2021,2021-01-06,911329.0,2022-2023
Customer 14,Product 6,July,2021,2021-01-07,,2022-2023
Customer 14,Product 6,August,2021,2021-01-08,,2022-2023
Customer 14,Product 6,September,2021,2021-01-09,,2022-2023
Customer 14,Product 6,October,2021,2021-01-10,911752.0,2022-2023
Customer 14,Product 6,November,2021,2021-01-11,,2022-2023
Customer 14,Product 6,December,2021,2021-01-12,912074.0,2022-2023
Customer 14,Product 6,January,2022,2022-01-01,,2022-2023
Customer 14,Product 6,February,2022,2022-01-02,,2022-2023
Customer 14,Product 6,March,2022,2022-01-03,,2022-2023
Customer 14,Product 6,April,2022,2022-01-04,,2023-2024
Customer 14,Product 6,May,2022,2022-01-05,608713.0,2023-2024
Customer 14,Product 6,June,2022,2022-01-06,611649.0,2023-2024
Customer 14,Product 6,July,2022,2022-01-07,614568.0,2023-2024
Customer 14,Product 6,August,2022,2022-01-08,,2023-2024
Customer 14,Product 6,September,2022,2022-01-09,,2023-2024
Customer 14,Product 6,October,2022,2022-01-10,,2023-2024
Customer 14,Product 6,November,2022,2022-01-11,,2023-2024
Customer 14,Product 6,December,2022,2022-01-12,,2023-2024
Customer 14,Product 6,January,2023,2023-01-01,,2023-2024
Customer 14,Product 6,February,2023,2023-01-02,,2023-2024
Customer 14,Product 6,March,2023,2023-01-03,624963.0,2023-2024
Customer 14,Product 6,April,2023,2023-01-04,1400847.0,2024-2025
Customer 14,Product 6,May,2023,2023-01-05,,2024-2025
Customer 14,Product 6,June,2023,2023-01-06,1402242.0,2024-2025
Customer 14,Product 6,July,2023,2023-01-07,1411945.0,2024-2025
Customer 14,Product 6,August,2023,2023-01-08,1413682.0,2024-2025
Customer 14,Product 6,September,2023,2023-01-09,,2024-2025
Customer 14,Product 6,October,2023,2023-01-10,,2024-2025
Customer 14,Product 6,November,2023,2023-01-11,1413795.0,2024-2025
Customer 14,Product 6,December,2023,2023-01-12,,2024-2025
Customer 14,Product 6,January,2024,2024-01-01,1417288.0,2024-2025
Customer 14,Product 6,February,2024,2024-01-02,,2024-2025
Customer 14,Product 6,March,2024,2024-01-03,,2024-2025
Customer 14,Product 9,April,2021,2021-01-04,,2022-2023
Customer 14,Product 9,May,2021,2021-01-05,3593728.0,2022-2023
Customer 14,Product 9,June,2021,2021-01-06,3598056.0,2022-2023
Customer 14,Product 9,July,2021,2021-01-07,3598187.0,2022-2023
Customer 14,Product 9,August,2021,2021-01-08,3601298.0,2022-2023
Customer 14,Product 9,September,2021,2021-01-09,3608978.0,2022-2023
Customer 14,Product 9,October,2021,2021-01-10,3613561.0,2022-2023
Customer 14,Product 9,November,2021,2021-01-11,,2022-2023
Customer 14,Product 9,December,2021,2021-01-12,3622351.0,2022-2023
Customer 14,Product 9,January,2022,2022-01-01,,2022-2023
Customer 14,Product 9,February,2022,2022-01-02,3624130.0,2022-2023
Customer 14,Product 9,March,2022,2022-01-03,3624138.0,2022-2023
Customer 14,Product 9,April,2022,2022-01-04,914561.0,2023-2024
Customer 14,Product 9,May,2022,2022-01-05,,2023-2024
Customer 14,Product 9,June,2022,2022-01-06,,2023-2024
Customer 14,Product 9,July,2022,2022-01-07,,2023-2024
Customer 14,Product 9,August,2022,2022-01-08,918520.0,2023-2024
Customer 14,Product 9,September,2022,2022-01-09,920486.0,2023-2024
Customer 14,Product 9,October,2022,2022-01-10,,2023-2024
Customer 14,Product 9,November,2022,2022-01-11,920624.0,2023-2024
Customer 14,Product 9,December,2022,2022-01-12,,2023-2024
Customer 14,Product 9,January,2023,2023-01-01,,2023-2024
Customer 14,Product 9,February,2023,2023-01-02,,2023-2024
Customer 14,Product 9,March,2023,2023-01-03,920704.0,2023-2024
Customer 14,Product 9,April,2023,2023-01-04,,2024-2025
Customer 14,Product 9,May,2023,2023-01-05,1419824.0,2024-2025
Customer 14,Product 9,June,2023,2023-01-06,1426620.0,2024-2025
Customer 14,Product 9,July,2023,2023-01-07,,2024-2025
Customer 14,Product 9,August,2023,2023-01-08,,2024-2025
Customer 14,Product 9,September,2023,2023-01-09,1430310.0,2024-2025
Customer 14,Product 9,October,2023,2023-01-10,,2024-2025
Customer 14,Product 9,November,2023,2023-01-11,1433443.0,2024-2025
Customer 14,Product 9,December,2023,2023-01-12,,2024-2025
Customer 14,Product 9,January,2024,2024-01-01,,2024-2025
Customer 14,Product 9,February,2024,2024-01-02,1436007.0,2024-2025
Customer 14,Product 9,March,2024,2024-01-03,1443842.0,2024-2025
Customer 2,Product 1,April,2021,2021-01-04,7091073.0,2022-2023
Customer 2,Product 1,May,2021,2021-01-05,7091798.0,2022-2023
Customer 2,Product 1,June,2021,2021-01-06,7096053.0,2022-2023
Customer 2,Product 1,July,2021,2021-01-07,7096505.0,2022-2023
Customer 2,Product 1,August,2021,2021-01-08,7098208.0,2022-2023
Customer 2,Product 1,September,2021,2021-01-09,7098378.0,2022-2023
Customer 2,Product 1,October,2021,2021-01-10,7106916.0,2022-2023
Customer 2,Product 1,November,2021,2021-01-11,7109953.0,2022-2023
Customer 2,Product 1,December,2021,2021-01-12,7110002.0,2022-2023
Customer 2,Product 1,January,2022,2022-01-01,7110240.0,2022-2023
Customer 2,Product 1,February,2022,2022-01-02,7118472.0,2022-2023
Customer 2,Product 1,March,2022,2022-01-03,7122776.0,2022-2023
Customer 2,Product 1,April,2022,2022-01-04,2746645.0,2023-2024
Customer 2,Product 1,May,2022,2022-01-05,,2023-2024
Customer 2,Product 1,June,2022,2022-01-06,,2023-2024
Customer 2,Product 1,July,2022,2022-01-07,2750487.0,2023-2024
Customer 2,Product 1,August,2022,2022-01-08,2751457.0,2023-2024
Customer 2,Product 1,September,2022,2022-01-09,,2023-2024
Customer 2,Product 1,October,2022,2022-01-10,2755507.0,2023-2024
Customer 2,Product 1,November,2022,2022-01-11,2761160.0,2023-2024
Customer 2,Product 1,December,2022,2022-01-12,2774976.0,2023-2024
Customer 2,Product 1,January,2023,2023-01-01,2778992.0,2023-2024
Customer 2,Product 1,February,2023,2023-01-02,2781239.0,2023-2024
Customer 2,Product 1,March,2023,2023-01-03,,2023-2024
Customer 2,Product 1,April,2023,2023-01-04,,2024-2025
Customer 2,Product 1,May,2023,2023-01-05,1881206.0,2024-2025
Customer 2,Product 1,June,2023,2023-01-06,,2024-2025
Customer 2,Product 1,July,2023,2023-01-07,1890493.0,2024-2025
Customer 2,Product 1,August,2023,2023-01-08,1894517.0,2024-2025
Customer 2,Product 1,September,2023,2023-01-09,,2024-2025
Customer 2,Product 1,October,2023,2023-01-10,,2024-2025
Customer 2,Product 1,November,2023,2023-01-11,1896114.0,2024-2025
Customer 2,Product 1,December,2023,2023-01-12,1904632.0,2024-2025
Customer 2,Product 1,January,2024,2024-01-01,1906475.0,2024-2025
Customer 2,Product 1,February,2024,2024-01-02,1907804.0,2024-2025
Customer 2,Product 1,March,2024,2024-01-03,,2024-2025
Customer 2,Product 10,April,2021,2021-01-04,7123871.0,2022-2023
Customer 2,Product 10,May,2021,2021-01-05,7128834.0,2022-2023
Customer 2,Product 10,June,2021,2021-01-06,7129130.0,2022-2023
Customer 2,Product 10,July,2021,2021-01-07,7132287.0,2022-2023
Customer 2,Product 10,August,2021,2021-01-08,7140380.0,2022-2023
Customer 2,Product 10,September,2021,2021-01-09,7140926.0,2022-2023
Customer 2,Product 10,October,2021,2021-01-10,7147489.0,2022-2023
Customer 2,Product 10,November,2021,2021-01-11,7147572.0,2022-2023
Customer 2,Product 10,December,2021,2021-01-12,7150062.0,2022-2023
Customer 2,Product 10,January,2022,2022-01-01,7150574.0,2022-2023
Customer 2,Product 10,February,2022,2022-01-02,7151479.0,2022-2023
Customer 2,Product 10,March,2022,2022-01-03,7154449.0,2022-2023
Customer 2,Product 10,April,2022,2022-01-04,7157260.0,2023-2024
Customer 2,Product 10,May,2022,2022-01-05,7157534.0,2023-2024
Customer 2,Product 10,June,2022,2022-01-06,7157608.0,2023-2024
Customer 2,Product 10,July,2022,2022-01-07,7160358.0,2023-2024
Customer 2,Product 10,August,2022,2022-01-08,7164959.0,2023-2024
Customer 2,Product 10,September,2022,2022-01-09,7168230.0,2023-2024
Customer 2,Product 10,October,2022,2022-01-10,7168900.0,2023-2024
Customer 2,Product 10,November,2022,2022-01-11,7172038.0,2023-2024
Customer 2,Product 10,December,2022,2022-01-12,7174500.0,2023-2024
Customer 2,Product 10,January,2023,2023-01-01,7182652.0,2023-2024
Customer 2,Product 10,February,2023,2023-01-02,7192770.0,2023-2024
Customer 2,Product 10,March,2023,2023-01-03,7203364.0,2023-2024
Customer 2,Product 10,April,2023,2023-01-04,925857.0,2024-2025
Customer 2,Product 10,May,2023,2023-01-05,,2024-2025
Customer 2,Product 10,June,2023,2023-01-06,,2024-2025
Customer 2,Product 10,July,2023,2023-01-07,926657.0,2024-2025
Customer 2,Product 10,August,2023,2023-01-08,,2024-2025
Customer 2,Product 10,September,2023,2023-01-09,932657.0,2024-2025
Customer 2,Product 10,October,2023,2023-01-10,,2024-2025
Customer 2,Product 10,November,2023,2023-01-11,,2024-2025
Customer 2,Product 10,December,2023,2023-01-12,933673.0,2024-2025
Customer 2,Product 10,January,2024,2024-01-01,937439.0,2024-2025
Customer 2,Product 10,February,2024,2024-01-02,,2024-2025
Customer 2,Product 10,March,2024,2024-01-03,,2024-2025
Customer 2,Product 2,April,2021,2021-01-04,,2022-2023
Customer 2,Product 2,May,2021,2021-01-05,,2022-2023
Customer 2,Product 2,June,2021,2021-01-06,,2022-2023
Customer 2,Product 2,July,2021,2021-01-07,1911954.0,2022-2023
Customer 2,Product 2,August,2021,2021-01-08,1920007.0,2022-2023
Customer 2,Product 2,September,2021,2021-01-09,1927030.0,2022-2023
Customer 2,Product 2,October,2021,2021-01-10,1928272.0,2022-2023
Customer 2,Product 2,November,2021,2021-01-11,,2022-2023
Customer 2,Product 2,December,2021,2021-01-12,1935406.0,2022-2023
Customer 2,Product 2,January,2022,2022-01-01,1936644.0,2022-2023
Customer 2,Product 2,February,2022,2022-01-02,,2022-2023
Customer 2,Product 2,March,2022,2022-01-03,1936910.0,2022-2023
Customer 2,Product 2,April,2022,2022-01-04,,2023-2024
Customer 2,Product 2,May,2022,2022-01-05,,2023-2024
Customer 2,Product 2,June,2022,2022-01-06,3632023.0,2023-2024
Customer 2,Product 2,July,2022,2022-01-07,3633076.0,2023-2024
Customer 2,Product 2,August,2022,2022-01-08,3643336.0,2023-2024
Customer 2,Product 2,September,2022,2022-01-09,3644349.0,2023-2024
Customer 2,Product 2,October,2022,2022-01-10,,2023-2024
Customer 2,Product 2,November,2022,2022-01-11,3653071.0,2023-2024
Customer 2,Product 2,December,2022,2022-01-12,3658962.0,2023-2024
Customer 2,Product 2,January,2023,2023-01-01,3662553.0,2023-2024
Customer 2,Product 2,February,2023,2023-01-02,3670845.0,2023-2024
Customer 2,Product 2,March,2023,2023-01-03,3671021.0,2023-2024
Customer 2,Product 2,April,2023,2023-01-04,7207322.0,2024-2025
Customer 2,Product 2,May,2023,2023-01-05,7211539.0,2024-2025
Customer 2,Product 2,June,2023,2023-01-06,7213693.0,2024-2025
Customer 2,Product 2,July,2023,2023-01-07,7220284.0,2024-2025
Customer 2,Product 2,August,2023,2023-01-08,7221390.0,2024-2025
Customer 2,Product 2,September,2023,2023-01-09,7234429.0,2024-2025
Customer 2,Product 2,October,2023,2023-01-10,7242282.0,2024-2025
Customer 2,Product 2,November,2023,2023-01-11,7246423.0,2024-2025
Customer 2,Product 2,December,2023,2023-01-12,7247641.0,2024-2025
Customer 2,Product 2,January,2024,2024-01-01,7249768.0,2024-2025
Customer 2,Product 2,February,2024,2024-01-02,7252276.0,2024-2025
Customer 2,Product 2,March,2024,2024-01-03,7256783.0,2024-2025
Customer 2,Product 3,April,2021,2021-01-04,2784419.0,2022-2023
Customer 2,Product 3,May,2021,2021-01-05,,2022-2023
Customer 2,Product 3,June,2021,2021-01-06,,2022-2023
Customer 2,Product 3,July,2021,2021-01-07,2787880.0,2022-2023
Customer 2,Product 3,August,2021,2021-01-08,,2022-2023
Customer 2,Product 3,September,2021,2021-01-09,2788252.0,2022-2023
Customer 2,Product 3,October,2021,2021-01-10,2795516.0,2022-2023
Customer 2,Product 3,November,2021,2021-01-11,2801906.0,2022-2023
Customer 2,Product 3,December,2021,2021-01-12,2803409.0,2022-2023
Customer 2,Product 3,January,2022,2022-01-01,2804239.0,2022-2023
Customer 2,Product 3,February,2022,2022-01-02,2806325.0,2022-2023
Customer 2,Product 3,March,2022,2022-01-03,,2022-2023
Customer 2,Product 3,April,2022,2022-01-04,5783432.0,2023-2024
Customer 2,Product 3,May,2022,2022-01-05,5795706.0,2023-2024
Customer 2,Product 3,June,2022,2022-01-06,5797194.0,2023-2024
Customer 2,Product 3,July,2022,2022-01-07,5797285.0,2023-2024
Customer 2,Product 3,August,2022,2022-01-08,,2023-2024
Customer 2,Product 3,September,2022,2022-01-09,5798992.0,2023-2024
Customer 2,Product 3,October,2022,2022-01-10,5801653.0,2023-2024
Customer 2,Product 3,November,2022,2022-01-11,5806261.0,2023-2024
Customer 2,Product 3,December,2022,2022-01-12,5807583.0,2023-2024
Customer 2,Product 3,January,2023,2023-01-01,5807865.0,2023-2024
Customer 2,Product 3,February,2023,2023-01-02,5809122.0,2023-2024
Customer 2,Product 3,March,2023,2023-01-03,5810306.0,2023-2024
Customer 2,Product 3,April,2023,2023-01-04,7261352.0,2024-2025
Customer 2,Product 3,May,2023,2023-01-05,7262193.0,2024-2025
Customer 2,Product 3,June,2023,2023-01-06,7265516.0,2024-2025
Customer 2,Product 3,July,2023,2023-01-07,7268585.0,2024-2025
Customer 2,Product 3,August,2023,2023-01-08,7270373.0,2024-2025
Customer 2,Product 3,September,2023,2023-01-09,7277704.0,2024-2025
Customer 2,Product 3,October,2023,2023-01-10,7277874.0,2024-2025
Customer 2,Product 3,November,2023,2023-01-11,7280368.0,2024-2025
Customer 2,Product 3,December,2023,2023-01-12,7284623.0,2024-2025
Customer 2,Product 3,January,2024,2024-01-01,7287377.0,2024-2025
Customer 2,Product 3,February,2024,2024-01-02,7288304.0,2024-2025
Customer 2,Product 3,March,2024,2024-01-03,7288692.0,2024-2025
Customer 2,Product 4,April,2021,2021-01-04,7292020.0,2022-2023
Customer 2,Product 4,May,2021,2021-01-05,7296165.0,2022-2023
Customer 2,Product 4,June,2021,2021-01-06,7300182.0,2022-2023
Customer 2,Product 4,July,2021,2021-01-07,7303168.0,2022-2023
Customer 2,Product 4,August,2021,2021-01-08,7304913.0,2022-2023
Customer 2,Product 4,September,2021,2021-01-09,7305863.0,2022-2023
Customer 2,Product 4,October,2021,2021-01-10,7306688.0,2022-2023
Customer 2,Product 4,November,2021,2021-01-11,7309603.0,2022-2023
Customer 2,Product 4,December,2021,2021-01-12,7313004.0,2022-2023
Customer 2,Product 4,January,2022,2022-01-01,7313796.0,2022-2023
Customer 2,Product 4,February,2022,2022-01-02,7316511.0,2022-2023
Customer 2,Product 4,March,2022,2022-01-03,7318067.0,2022-2023
Customer 2,Product 4,April,2022,2022-01-04,4709770.0,2023-2024
Customer 2,Product 4,May,2022,2022-01-05,4710253.0,2023-2024
Customer 2,Product 4,June,2022,2022-01-06,,2023-2024
Customer 2,Product 4,July,2022,2022-01-07,,2023-2024
Customer 2,Product 4,August,2022,2022-01-08,4715209.0,2023-2024
Customer 2,Product 4,September,2022,2022-01-09,4718012.0,2023-2024
Customer 2,Product 4,October,2022,2022-01-10,4718816.0,2023-2024
Customer 2,Product 4,November,2022,2022-01-11,4720503.0,2023-2024
Customer 2,Product 4,December,2022,2022-01-12,4721581.0,2023-2024
Customer 2,Product 4,January,2023,2023-01-01,4724557.0,2023-2024
Customer 2,Product 4,February,2023,2023-01-02,4728762.0,2023-2024
Customer 2,Product 4,March,2023,2023-01-03,4729286.0,2023-2024
Customer 2,Product 4,April,2023,2023-01-04,1447933.0,2024-2025
Customer 2,Product 4,May,2023,2023-01-05,,2024-2025
Customer 2,Product 4,June,2023,2023-01-06,1453584.0,2024-2025
Customer 2,Product 4,July,2023,2023-01-07,,2024-2025
Customer 2,Product 4,August,2023,2023-01-08,,2024-2025
Customer 2,Product 4,September,2023,2023-01-09,1460685.0,2024-2025
Customer 2,Product 4,October,2023,2023-01-10,,2024-2025
Customer 2,Product 4,November,2023,2023-01-11,,2024-2025
Customer 2,Product 4,December,2023,2023-01-12,1461533.0,2024-2025
Customer 2,Product 4,January,2024,2024-01-01,1466890.0,2024-2025
Customer 2,Product 4,February,2024,2024-01-02,1468835.0,2024-2025
Customer 2,Product 4,March,2024,2024-01-03,,2024-2025
Customer 2,Product 5,April,2021,2021-01-04,7323504.0,2022-2023
Customer 2,Product 5,May,2021,2021-01-05,7326808.0,2022-2023
Customer 2,Product 5,June,2021,2021-01-06,7330785.0,2022-2023
Customer 2,Product 5,July,2021,2021-01-07,7334675.0,2022-2023
Customer 2,Product 5,August,2021,2021-01-08,7338429.0,2022-2023
Customer 2,Product 5,September,2021,2021-01-09,7341330.0,2022-2023
Customer 2,Product 5,October,2021,2021-01-10,7343313.0,2022-2023
Customer 2,Product 5,November,2021,2021-01-11,7343832.0,2022-2023
Customer 2,Product 5,December,2021,2021-01-12,7345368.0,2022-2023
Customer 2,Product 5,January,2022,2022-01-01,7346761.0,2022-2023
Customer 2,Product 5,February,2022,2022-01-02,7347265.0,2022-2023
Customer 2,Product 5,March,2022,2022-01-03,7359058.0,2022-2023
Customer 2,Product 5,April,2022,2022-01-04,7359775.0,2023-2024
Customer 2,Product 5,May,2022,2022-01-05,7361360.0,2023-2024
Customer 2,Product 5,June,2022,2022-01-06,7362600.0,2023-2024
Customer 2,Product 5,July,2022,2022-01-07,7365002.0,2023-2024
Customer 2,Product 5,August,2022,2022-01-08,7365465.0,2023-2024
Customer 2,Product 5,September,2022,2022-01-09,7366460.0,2023-2024
Customer 2,Product 5,October,2022,2022-01-10,7369119.0,2023-2024
Customer 2,Product 5,November,2022,2022-01-11,7372905.0,2023-2024
Customer 2,Product 5,December,2022,2022-01-12,7378640.0,2023-2024
Customer 2,Product 5,January,2023,2023-01-01,7387169.0,2023-2024
Customer 2,Product 5,February,2023,2023-01-02,7397002.0,2023-2024
Customer 2,Product 5,March,2023,2023-01-03,7397297.0,2023-2024
Customer 2,Product 5,April,2023,2023-01-04,5811348.0,2024-2025
Customer 2,Product 5,May,2023,2023-01-05,5815700.0,2024-2025
Customer 2,Product 5,June,2023,2023-01-06,5816961.0,2024-2025
Customer 2,Product 5,July,2023,2023-01-07,5824973.0,2024-2025
Customer 2,Product 5,August,2023,2023-01-08,5825754.0,2024-2025
Customer 2,Product 5,September,2023,2023-01-09,5837051.0,2024-2025
Customer 2,Product 5,October,2023,2023-01-10,5841206.0,2024-2025
Customer 2,Product 5,November,2023,2023-01-11,,2024-2025
Customer 2,Product 5,December,2023,2023-01-12,5847386.0,2024-2025
Customer 2,Product 5,January,2024,2024-01-01,5848798.0,2024-2025
Customer 2,Product 5,February,2024,2024-01-02,5852387.0,2024-2025
Customer 2,Product 5,March,2024,2024-01-03,5852827.0,2024-2025
Customer 2,Product 6,April,2021,2021-01-04,,2022-2023
Customer 2,Product 6,May,2021,2021-01-05,,2022-2023
Customer 2,Product 6,June,2021,2021-01-06,,2022-2023
Customer 2,Product 6,July,2021,2021-01-07,,2022-2023
Customer 2,Product 6,August,2021,2021-01-08,,2022-2023
Customer 2,Product 6,September,2021,2021-01-09,,2022-2023
Customer 2,Product 6,October,2021,2021-01-10,,2022-2023
Customer 2,Product 6,November,2021,2021-01-11,,2022-2023
Customer 2,Product 6,December,2021,2021-01-12,,2022-2023
Customer 2,Product 6,January,2022,2022-01-01,,2022-2023
Customer 2,Product 6,February,2022,2022-01-02,,2022-2023
Customer 2,Product 6,March,2022,2022-01-03,,2022-2023
Customer 2,Product 6,April,2022,2022-01-04,,2023-2024
Customer 2,Product 6,May,2022,2022-01-05,,2023-2024
Customer 2,Product 6,June,2022,2022-01-06,,2023-2024
Customer 2,Product 6,July,2022,2022-01-07,,2023-2024
Customer 2,Product 6,August,2022,2022-01-08,288807.0,2023-2024
Customer 2,Product 6,September,2022,2022-01-09,,2023-2024
Customer 2,Product 6,October,2022,2022-01-10,,2023-2024
Customer 2,Product 6,November,2022,2022-01-11,294636.0,2023-2024
Customer 2,Product 6,December,2022,2022-01-12,,2023-2024
Customer 2,Product 6,January,2023,2023-01-01,,2023-2024
Customer 2,Product 6,February,2023,2023-01-02,294699.0,2023-2024
Customer 2,Product 6,March,2023,2023-01-03,,2023-2024
Customer 2,Product 6,April,2023,2023-01-04,,2024-2025
Customer 2,Product 6,May,2023,2023-01-05,,2024-2025
Customer 2,Product 6,June,2023,2023-01-06,,2024-2025
Customer 2,Product 6,July,2023,2023-01-07,,2024-2025
Customer 2,Product 6,August,2023,2023-01-08,,2024-2025
Customer 2,Product 6,September,2023,2023-01-09,,2024-2025
Customer 2,Product 6,October,2023,2023-01-10,,2024-2025
Customer 2,Product 6,November,2023,2023-01-11,626065.0,2024-2025
Customer 2,Product 6,December,2023,2023-01-12,,2024-2025
Customer 2,Product 6,January,2024,2024-01-01,629236.0,2024-2025
Customer 2,Product 6,February,2024,2024-01-02,629283.0,2024-2025
Customer 2,Product 6,March,2024,2024-01-03,629382.0,2024-2025
Customer 2,Product 7,April,2021,2021-01-04,,2022-2023
Customer 2,Product 7,May,2021,2021-01-05,,2022-2023
Customer 2,Product 7,June,2021,2021-01-06,,2022-2023
Customer 2,Product 7,July,2021,2021-01-07,,2022-2023
Customer 2,Product 7,August,2021,2021-01-08,,2022-2023
Customer 2,Product 7,September,2021,2021-01-09,,2022-2023
Customer 2,Product 7,October,2021,2021-01-10,,2022-2023
Customer 2,Product 7,November,2021,2021-01-11,,2022-2023
Customer 2,Product 7,December,2021,2021-01-12,295706.0,2022-2023
Customer 2,Product 7,January,2022,2022-01-01,297064.0,2022-2023
Customer 2,Product 7,February,2022,2022-01-02,,2022-2023
Customer 2,Product 7,March,2022,2022-01-03,302282.0,2022-2023
Customer 2,Product 7,April,2022,2022-01-04,,2023-2024
Customer 2,Product 7,May,2022,2022-01-05,629504.0,2023-2024
Customer 2,Product 7,June,2022,2022-01-06,,2023-2024
Customer 2,Product 7,July,2022,2022-01-07,,2023-2024
Customer 2,Product 7,August,2022,2022-01-08,650467.0,2023-2024
Customer 2,Product 7,September,2022,2022-01-09,656390.0,2023-2024
Customer 2,Product 7,October,2022,2022-01-10,,2023-2024
Customer 2,Product 7,November,2022,2022-01-11,,2023-2024
Customer 2,Product 7,December,2022,2022-01-12,,2023-2024
Customer 2,Product 7,January,2023,2023-01-01,,2023-2024
Customer 2,Product 7,February,2023,2023-01-02,658117.0,2023-2024
Customer 2,Product 7,March,2023,2023-01-03,,2023-2024
Customer 2,Product 7,April,2023,2023-01-04,,2024-2025
Customer 2,Product 7,May,2023,2023-01-05,2806730.0,2024-2025
Customer 2,Product 7,June,2023,2023-01-06,2807634.0,2024-2025
Customer 2,Product 7,July,2023,2023-01-07,,2024-2025
Customer 2,Product 7,August,2023,2023-01-08,,2024-2025
Customer 2,Product 7,September,2023,2023-01-09,2808196.0,2024-2025
Customer 2,Product 7,October,2023,2023-01-10,2810694.0,2024-2025
Customer 2,Product 7,November,2023,2023-01-11,2811456.0,2024-2025
Customer 2,Product 7,December,2023,2023-01-12,2811949.0,2024-2025
Customer 2,Product 7,January,2024,2024-01-01,2818485.0,2024-2025
Customer 2,Product 7,February,2024,2024-01-02,,2024-2025
Customer 2,Product 7,March,2024,2024-01-03,2823543.0,2024-2025
Customer 2,Product 8,April,2021,2021-01-04,7403768.0,2022-2023
Customer 2,Product 8,May,2021,2021-01-05,7404106.0,2022-2023
Customer 2,Product 8,June,2021,2021-01-06,7405179.0,2022-2023
Customer 2,Product 8,July,2021,2021-01-07,7409187.0,2022-2023
Customer 2,Product 8,August,2021,2021-01-08,7409793.0,2022-2023
Customer 2,Product 8,September,2021,2021-01-09,7410424.0,2022-2023
Customer 2,Product 8,October,2021,2021-01-10,7414453.0,2022-2023
Customer 2,Product 8,November,2021,2021-01-11,7422790.0,2022-2023
Customer 2,Product 8,December,2021,2021-01-12,7423522.0,2022-2023
Customer 2,Product 8,January,2022,2022-01-01,7425097.0,2022-2023
Customer 2,Product 8,February,2022,2022-01-02,7433609.0,2022-2023
Customer 2,Product 8,March,2022,2022-01-03,7435641.0,2022-2023
Customer 2,Product 8,April,2022,2022-01-04,1938753.0,2023-2024
Customer 2,Product 8,May,2022,2022-01-05,,2023-2024
Customer 2,Product 8,June,2022,2022-01-06,,2023-2024
Customer 2,Product 8,July,2022,2022-01-07,,2023-2024
Customer 2,Product 8,August,2022,2022-01-08,,2023-2024
Customer 2,Product 8,September,2022,2022-01-09,1944488.0,2023-2024
Customer 2,Product 8,October,2022,2022-01-10,,2023-2024
Customer 2,Product 8,November,2022,2022-01-11,1947223.0,2023-2024
Customer 2,Product 8,December,2022,2022-01-12,1951666.0,2023-2024
Customer 2,Product 8,January,2023,2023-01-01,1959837.0,2023-2024
Customer 2,Product 8,February,2023,2023-01-02,1962399.0,2023-2024
Customer 2,Product 8,March,2023,2023-01-03,1964299.0,2023-2024
Customer 2,Product 8,April,2023,2023-01-04,2824895.0,2024-2025
Customer 2,Product 8,May,2023,2023-01-05,,2024-2025
Customer 2,Product 8,June,2023,2023-01-06,,2024-2025
Customer 2,Product 8,July,2023,2023-01-07,2825143.0,2024-2025
Customer 2,Product 8,August,2023,2023-01-08,2836672.0,2024-2025
Customer 2,Product 8,September,2023,2023-01-09,2846074.0,2024-2025
Customer 2,Product 8,October,2023,2023-01-10,2853301.0,2024-2025
Customer 2,Product 8,November,2023,2023-01-11,2856650.0,2024-2025
Customer 2,Product 8,December,2023,2023-01-12,2860754.0,2024-2025
Customer 2,Product 8,January,2024,2024-01-01,2860826.0,2024-2025
Customer 2,Product 8,February,2024,2024-01-02,,2024-2025
Customer 2,Product 8,March,2024,2024-01-03,,2024-2025
Customer 2,Product 9,April,2021,2021-01-04,,2022-2023
Customer 2,Product 9,May,2021,2021-01-05,106116.0,2022-2023
Customer 2,Product 9,June,2021,2021-01-06,,2022-2023
Customer 2,Product 9,July,2021,2021-01-07,,2022-2023
Customer 2,Product 9,August,2021,2021-01-08,,2022-2023
Customer 2,Product 9,September,2021,2021-01-09,,2022-2023
Customer 2,Product 9,October,2021,2021-01-10,,2022-2023
Customer 2,Product 9,November,2021,2021-01-11,111682.0,2022-2023
Customer 2,Product 9,December,2021,2021-01-12,,2022-2023
Customer 2,Product 9,January,2022,2022-01-01,,2022-2023
Customer 2,Product 9,February,2022,2022-01-02,,2022-2023
Customer 2,Product 9,March,2022,2022-01-03,,2022-2023
Customer 2,Product 9,April,2022,2022-01-04,,2023-2024
Customer 2,Product 9,May,2022,2022-01-05,,2023-2024
Customer 2,Product 9,June,2022,2022-01-06,,2023-2024
Customer 2,Product 9,July,2022,2022-01-07,668662.0,2023-2024
Customer 2,Product 9,August,2022,2022-01-08,,2023-2024
Customer 2,Product 9,September,2022,2022-01-09,,2023-2024
Customer 2,Product 9,October,2022,2022-01-10,,2023-2024
Customer 2,Product 9,November,2022,2022-01-11,668810.0,2023-2024
Customer 2,Product 9,December,2022,2022-01-12,669832.0,2023-2024
Customer 2,Product 9,January,2023,2023-01-01,,2023-2024
Customer 2,Product 9,February,2023,2023-01-02,670782.0,2023-2024
Customer 2,Product 9,March,2023,2023-01-03,,2023-2024
Customer 2,Product 9,April,2023,2023-01-04,,2024-2025
Customer 2,Product 9,May,2023,2023-01-05,1965119.0,2024-2025
Customer 2,Product 9,June,2023,2023-01-06,1965905.0,2024-2025
Customer 2,Product 9,July,2023,2023-01-07,1968200.0,2024-2025
Customer 2,Product 9,August,2023,2023-01-08,,2024-2025
Customer 2,Product 9,September,2023,2023-01-09,,2024-2025
Customer 2,Product 9,October,2023,2023-01-10,,2024-2025
Customer 2,Product 9,November,2023,2023-01-11,1975394.0,2024-2025
Customer 2,Product 9,December,2023,2023-01-12,1976814.0,2024-2025
Customer 2,Product 9,January,2024,2024-01-01,1981571.0,2024-2025
Customer 2,Product 9,February,2024,2024-01-02,1993006.0,2024-2025
Customer 2,Product 9,March,2024,2024-01-03,,2024-2025
Customer 3,Product 1,April,2021,2021-01-04,,2022-2023
Customer 3,Product 1,May,2021,2021-01-05,,2022-2023
Customer 3,Product 1,June,2021,2021-01-06,,2022-2023
Customer 3,Product 1,July,2021,2021-01-07,,2022-2023
Customer 3,Product 1,August,2021,2021-01-08,,2022-2023
Customer 3,Product 1,September,2021,2021-01-09,,2022-2023
Customer 3,Product 1,October,2021,2021-01-10,,2022-2023
Customer 3,Product 1,November,2021,2021-01-11,,2022-2023
Customer 3,Product 1,December,2021,2021-01-12,,2022-2023
Customer 3,Product 1,January,2022,2022-01-01,,2022-2023
Customer 3,Product 1,February,2022,2022-01-02,,2022-2023
Customer 3,Product 1,March,2022,2022-01-03,,2022-2023
Customer 3,Product 1,April,2022,2022-01-04,,2023-2024
Customer 3,Product 1,May,2022,2022-01-05,,2023-2024
Customer 3,Product 1,June,2022,2022-01-06,,2023-2024
Customer 3,Product 1,July,2022,2022-01-07,,2023-2024
Customer 3,Product 1,August,2022,2022-01-08,312132.0,2023-2024
Customer 3,Product 1,September,2022,2022-01-09,,2023-2024
Customer 3,Product 1,October,2022,2022-01-10,,2023-2024
Customer 3,Product 1,November,2022,2022-01-11,312733.0,2023-2024
Customer 3,Product 1,December,2022,2022-01-12,313846.0,2023-2024
Customer 3,Product 1,January,2023,2023-01-01,,2023-2024
Customer 3,Product 1,February,2023,2023-01-02,,2023-2024
Customer 3,Product 1,March,2023,2023-01-03,,2023-2024
Customer 3,Product 1,April,2023,2023-01-04,1476208.0,2024-2025
Customer 3,Product 1,May,2023,2023-01-05,1478702.0,2024-2025
Customer 3,Product 1,June,2023,2023-01-06,1482410.0,2024-2025
Customer 3,Product 1,July,2023,2023-01-07,1486832.0,2024-2025
Customer 3,Product 1,August,2023,2023-01-08,,2024-2025
Customer 3,Product 1,September,2023,2023-01-09,1493544.0,2024-2025
Customer 3,Product 1,October,2023,2023-01-10,,2024-2025
Customer 3,Product 1,November,2023,2023-01-11,1493708.0,2024-2025
Customer 3,Product 1,December,2023,2023-01-12,,2024-2025
Customer 3,Product 1,January,2024,2024-01-01,,2024-2025
Customer 3,Product 1,February,2024,2024-01-02,,2024-2025
Customer 3,Product 1,March,2024,2024-01-03,,2024-2025
Customer 3,Product 10,April,2021,2021-01-04,7437191.0,2022-2023
Customer 3,Product 10,May,2021,2021-01-05,7438261.0,2022-2023
Customer 3,Product 10,June,2021,2021-01-06,7444414.0,2022-2023
Customer 3,Product 10,July,2021,2021-01-07,7448819.0,2022-2023
Customer 3,Product 10,August,2021,2021-01-08,7449449.0,2022-2023
Customer 3,Product 10,September,2021,2021-01-09,7450104.0,2022-2023
Customer 3,Product 10,October,2021,2021-01-10,7450241.0,2022-2023
Customer 3,Product 10,November,2021,2021-01-11,7453004.0,2022-2023
Customer 3,Product 10,December,2021,2021-01-12,7456914.0,2022-2023
Customer 3,Product 10,January,2022,2022-01-01,7457121.0,2022-2023
Customer 3,Product 10,February,2022,2022-01-02,7458086.0,2022-2023
Customer 3,Product 10,March,2022,2022-01-03,7467695.0,2022-2023
Customer 3,Product 10,April,2022,2022-01-04,7476829.0,2023-2024
Customer 3,Product 10,May,2022,2022-01-05,7478755.0,2023-2024
Customer 3,Product 10,June,2022,2022-01-06,7485191.0,2023-2024
Customer 3,Product 10,July,2022,2022-01-07,7485269.0,2023-2024
Customer 3,Product 10,August,2022,2022-01-08,7486110.0,2023-2024
Customer 3,Product 10,September,2022,2022-01-09,7490265.0,2023-2024
Customer 3,Product 10,October,2022,2022-01-10,7509340.0,2023-2024
Customer 3,Product 10,November,2022,2022-01-11,7516720.0,2023-2024
Customer 3,Product 10,December,2022,2022-01-12,7517429.0,2023-2024
Customer 3,Product 10,January,2023,2023-01-01,7529599.0,2023-2024
Customer 3,Product 10,February,2023,2023-01-02,7530459.0,2023-2024
Customer 3,Product 10,March,2023,2023-01-03,7536787.0,2023-2024
Customer 3,Product 10,April,2023,2023-01-04,,2024-2025
Customer 3,Product 10,May,2023,2023-01-05,,2024-2025
Customer 3,Product 10,June,2023,2023-01-06,1500495.0,2024-2025
Customer 3,Product 10,July,2023,2023-01-07,1502080.0,2024-2025
Customer 3,Product 10,August,2023,2023-01-08,,2024-2025
Customer 3,Product 10,September,2023,2023-01-09,1502331.0,2024-2025
Customer 3,Product 10,October,2023,2023-01-10,1504563.0,2024-2025
Customer 3,Product 10,November,2023,2023-01-11,1504620.0,2024-2025
Customer 3,Product 10,December,2023,2023-01-12,1515618.0,2024-2025
Customer 3,Product 10,January,2024,2024-01-01,,2024-2025
Customer 3,Product 10,February,2024,2024-01-02,,2024-2025
Customer 3,Product 10,March,2024,2024-01-03,,2024-2025
Customer 3,Product 2,April,2021,2021-01-04,2861656.0,2022-2023
Customer 3,Product 2,May,2021,2021-01-05,2863562.0,2022-2023
Customer 3,Product 2,June,2021,2021-01-06,2864037.0,2022-2023
Customer 3,Product 2,July,2021,2021-01-07,2865368.0,2022-2023
Customer 3,Product 2,August,2021,2021-01-08,,2022-2023
Customer 3,Product 2,September,2021,2021-01-09,,2022-2023
Customer 3,Product 2,October,2021,2021-01-10,,2022-2023
Customer 3,Product 2,November,2021,2021-01-11,,2022-2023
Customer 3,Product 2,December,2021,2021-01-12,2870267.0,2022-2023
Customer 3,Product 2,January,2022,2022-01-01,2871346.0,2022-2023
Customer 3,Product 2,February,2022,2022-01-02,2876417.0,2022-2023
Customer 3,Product 2,March,2022,2022-01-03,2879646.0,2022-2023
Customer 3,Product 2,April,2022,2022-01-04,4739007.0,2023-2024
Customer 3,Product 2,May,2022,2022-01-05,4740062.0,2023-2024
Customer 3,Product 2,June,2022,2022-01-06,4740277.0,2023-2024
Customer 3,Product 2,July,2022,2022-01-07,4741073.0,2023-2024
Customer 3,Product 2,August,2022,2022-01-08,4745625.0,2023-2024
Customer 3,Product 2,September,2022,2022-01-09,4755976.0,2023-2024
Customer 3,Product 2,October,2022,2022-01-10,4757779.0,2023-2024
Customer 3,Product 2,November,2022,2022-01-11,,2023-2024
Customer 3,Product 2,December,2022,2022-01-12,4759782.0,2023-2024
Customer 3,Product 2,January,2023,2023-01-01,4771239.0,2023-2024
Customer 3,Product 2,February,2023,2023-01-02,4787371.0,2023-2024
Customer 3,Product 2,March,2023,2023-01-03,,2023-2024
Customer 3,Product 2,April,2023,2023-01-04,7548508.0,2024-2025
Customer 3,Product 2,May,2023,2023-01-05,7551180.0,2024-2025
Customer 3,Product 2,June,2023,2023-01-06,7557162.0,2024-2025
Customer 3,Product 2,July,2023,2023-01-07,7558444.0,2024-2025
Customer 3,Product 2,August,2023,2023-01-08,7567844.0,2024-2025
Customer 3,Product 2,September,2023,2023-01-09,7571626.0,2024-2025
Customer 3,Product 2,October,2023,2023-01-10,7576553.0,2024-2025
Customer 3,Product 2,November,2023,2023-01-11,7579743.0,2024-2025
Customer 3,Product 2,December,2023,2023-01-12,7580184.0,2024-2025
Customer 3,Product 2,January,2024,2024-01-01,7580326.0,2024-2025
Customer 3,Product 2,February,2024,2024-01-02,7583116.0,2024-2025
Customer 3,Product 2,March,2024,2024-01-03,7583468.0,2024-2025
Customer 3,Product 4,April,2021,2021-01-04,4792321.0,2022-2023
Customer 3,Product 4,May,2021,2021-01-05,4794321.0,2022-2023
Customer 3,Product 4,June,2021,2021-01-06,4796791.0,2022-2023
Customer 3,Product 4,July,2021,2021-01-07,4797351.0,2022-2023
Customer 3,Product 4,August,2021,2021-01-08,4798184.0,2022-2023
Customer 3,Product 4,September,2021,2021-01-09,4810489.0,2022-2023
Customer 3,Product 4,October,2021,2021-01-10,4810642.0,2022-2023
Customer 3,Product 4,November,2021,2021-01-11,4816387.0,2022-2023
Customer 3,Product 4,December,2021,2021-01-12,4816716.0,2022-2023
Customer 3,Product 4,January,2022,2022-01-01,,2022-2023
Customer 3,Product 4,February,2022,2022-01-02,4818871.0,2022-2023
Customer 3,Product 4,March,2022,2022-01-03,,2022-2023
Customer 3,Product 4,April,2022,2022-01-04,,2023-2024
Customer 3,Product 4,May,2022,2022-01-05,3674999.0,2023-2024
Customer 3,Product 4,June,2022,2022-01-06,3681276.0,2023-2024
Customer 3,Product 4,July,2022,2022-01-07,3684390.0,2023-2024
Customer 3,Product 4,August,2022,2022-01-08,,2023-2024
Customer 3,Product 4,September,2022,2022-01-09,3684839.0,2023-2024
Customer 3,Product 4,October,2022,2022-01-10,3690278.0,2023-2024
Customer 3,Product 4,November,2022,2022-01-11,,2023-2024
Customer 3,Product 4,December,2022,2022-01-12,3693980.0,2023-2024
Customer 3,Product 4,January,2023,2023-01-01,3696287.0,2023-2024
Customer 3,Product 4,February,2023,2023-01-02,3703758.0,2023-2024
Customer 3,Product 4,March,2023,2023-01-03,3708003.0,2023-2024
Customer 3,Product 4,April,2023,2023-01-04,,2024-2025
Customer 3,Product 4,May,2023,2023-01-05,1517053.0,2024-2025
Customer 3,Product 4,June,2023,2023-01-06,,2024-2025
Customer 3,Product 4,July,2023,2023-01-07,1524020.0,2024-2025
Customer 3,Product 4,August,2023,2023-01-08,,2024-2025
Customer 3,Product 4,September,2023,2023-01-09,,2024-2025
Customer 3,Product 4,October,2023,2023-01-10,,2024-2025
Customer 3,Product 4,November,2023,2023-01-11,,2024-2025
Customer 3,Product 4,December,2023,2023-01-12,1526044.0,2024-2025
Customer 3,Product 4,January,2024,2024-01-01,1526136.0,2024-2025
Customer 3,Product 4,February,2024,2024-01-02,1535669.0,2024-2025
Customer 3,Product 4,March,2024,2024-01-03,1536601.0,2024-2025
Customer 3,Product 5,April,2021,2021-01-04,7585519.0,2022-2023
Customer 3,Product 5,May,2021,2021-01-05,7592862.0,2022-2023
Customer 3,Product 5,June,2021,2021-01-06,7594645.0,2022-2023
Customer 3,Product 5,July,2021,2021-01-07,7596017.0,2022-2023
Customer 3,Product 5,August,2021,2021-01-08,7596996.0,2022-2023
Customer 3,Product 5,September,2021,2021-01-09,7602676.0,2022-2023
Customer 3,Product 5,October,2021,2021-01-10,7605395.0,2022-2023
Customer 3,Product 5,November,2021,2021-01-11,7606652.0,2022-2023
Customer 3,Product 5,December,2021,2021-01-12,7612508.0,2022-2023
Customer 3,Product 5,January,2022,2022-01-01,7613687.0,2022-2023
Customer 3,Product 5,February,2022,2022-01-02,7614630.0,2022-2023
Customer 3,Product 5,March,2022,2022-01-03,7616091.0,2022-2023
Customer 3,Product 5,April,2022,2022-01-04,,2023-2024
Customer 3,Product 5,May,2022,2022-01-05,5864199.0,2023-2024
Customer 3,Product 5,June,2022,2022-01-06,5865386.0,2023-2024
Customer 3,Product 5,July,2022,2022-01-07,5867700.0,2023-2024
Customer 3,Product 5,August,2022,2022-01-08,5878196.0,2023-2024
Customer 3,Product 5,September,2022,2022-01-09,5881758.0,2023-2024
Customer 3,Product 5,October,2022,2022-01-10,5883302.0,2023-2024
Customer 3,Product 5,November,2022,2022-01-11,5890868.0,2023-2024
Customer 3,Product 5,December,2022,2022-01-12,5895158.0,2023-2024
Customer 3,Product 5,January,2023,2023-01-01,5899178.0,2023-2024
Customer 3,Product 5,February,2023,2023-01-02,5917900.0,2023-2024
Customer 3,Product 5,March,2023,2023-01-03,5926046.0,2023-2024
Customer 3,Product 5,April,2023,2023-01-04,5928918.0,2024-2025
Customer 3,Product 5,May,2023,2023-01-05,5929062.0,2024-2025
Customer 3,Product 5,June,2023,2023-01-06,5930034.0,2024-2025
Customer 3,Product 5,July,2023,2023-01-07,5938428.0,2024-2025
Customer 3,Product 5,August,2023,2023-01-08,5939174.0,2024-2025
Customer 3,Product 5,September,2023,2023-01-09,5939368.0,2024-2025
Customer 3,Product 5,October,2023,2023-01-10,5940587.0,2024-2025
Customer 3,Product 5,November,2023,2023-01-11,5947757.0,2024-2025
Customer 3,Product 5,December,2023,2023-01-12,5948398.0,2024-2025
Customer 3,Product 5,January,2024,2024-01-01,,2024-2025
Customer 3,Product 5,February,2024,2024-01-02,5949249.0,2024-2025
Customer 3,Product 5,March,2024,2024-01-03,5951154.0,2024-2025
Customer 3,Product 6,April,2021,2021-01-04,1539607.0,2022-2023
Customer 3,Product 6,May,2021,2021-01-05,1543523.0,2022-2023
Customer 3,Product 6,June,2021,2021-01-06,1545795.0,2022-2023
Customer 3,Product 6,July,2021,2021-01-07,1550000.0,2022-2023
Customer 3,Product 6,August,2021,2021-01-08,1551549.0,2022-2023
Customer 3,Product 6,September,2021,2021-01-09,1551603.0,2022-2023
Customer 3,Product 6,October,2021,2021-01-10,,2022-2023
Customer 3,Product 6,November,2021,2021-01-11,,2022-2023
Customer 3,Product 6,December,2021,2021-01-12,1551894.0,2022-2023
Customer 3,Product 6,January,2022,2022-01-01,1563633.0,2022-2023
Customer 3,Product 6,February,2022,2022-01-02,1566061.0,2022-2023
Customer 3,Product 6,March,2022,2022-01-03,,2022-2023
Customer 3,Product 6,April,2022,2022-01-04,,2023-2024
Customer 3,Product 6,May,2022,2022-01-05,,2023-2024
Customer 3,Product 6,June,2022,2022-01-06,1997595.0,2023-2024
Customer 3,Product 6,July,2022,2022-01-07,,2023-2024
Customer 3,Product 6,August,2022,2022-01-08,2003903.0,2023-2024
Customer 3,Product 6,September,2022,2022-01-09,2007811.0,2023-2024
Customer 3,Product 6,October,2022,2022-01-10,2011607.0,2023-2024
Customer 3,Product 6,November,2022,2022-01-11,,2023-2024
Customer 3,Product 6,December,2022,2022-01-12,2012186.0,2023-2024
Customer 3,Product 6,January,2023,2023-01-01,2012408.0,2023-2024
Customer 3,Product 6,February,2023,2023-01-02,,2023-2024
Customer 3,Product 6,March,2023,2023-01-03,2017796.0,2023-2024
Customer 3,Product 6,April,2023,2023-01-04,939426.0,2024-2025
Customer 3,Product 6,May,2023,2023-01-05,,2024-2025
Customer 3,Product 6,June,2023,2023-01-06,,2024-2025
Customer 3,Product 6,July,2023,2023-01-07,,2024-2025
Customer 3,Product 6,August,2023,2023-01-08,939893.0,2024-2025
Customer 3,Product 6,September,2023,2023-01-09,,2024-2025
Customer 3,Product 6,October,2023,2023-01-10,,2024-2025
Customer 3,Product 6,November,2023,2023-01-11,,2024-2025
Customer 3,Product 6,December,2023,2023-01-12,942324.0,2024-2025
Customer 3,Product 6,January,2024,2024-01-01,944940.0,2024-2025
Customer 3,Product 6,February,2024,2024-01-02,959601.0,2024-2025
Customer 3,Product 6,March,2024,2024-01-03,,2024-2025
Customer 3,Product 9,April,2021,2021-01-04,,2022-2023
Customer 3,Product 9,May,2021,2021-01-05,,2022-2023
Customer 3,Product 9,June,2021,2021-01-06,1573987.0,2022-2023
Customer 3,Product 9,July,2021,2021-01-07,1574769.0,2022-2023
Customer 3,Product 9,August,2021,2021-01-08,1574900.0,2022-2023
Customer 3,Product 9,September,2021,2021-01-09,1579739.0,2022-2023
Customer 3,Product 9,October,2021,2021-01-10,,2022-2023
Customer 3,Product 9,November,2021,2021-01-11,,2022-2023
Customer 3,Product 9,December,2021,2021-01-12,1583089.0,2022-2023
Customer 3,Product 9,January,2022,2022-01-01,,2022-2023
Customer 3,Product 9,February,2022,2022-01-02,1584795.0,2022-2023
Customer 3,Product 9,March,2022,2022-01-03,,2022-2023
Customer 3,Product 9,April,2022,2022-01-04,,2023-2024
Customer 3,Product 9,May,2022,2022-01-05,,2023-2024
Customer 3,Product 9,June,2022,2022-01-06,2882052.0,2023-2024
Customer 3,Product 9,July,2022,2022-01-07,,2023-2024
Customer 3,Product 9,August,2022,2022-01-08,2882219.0,2023-2024
Customer 3,Product 9,September,2022,2022-01-09,2888690.0,2023-2024
Customer 3,Product 9,October,2022,2022-01-10,2890461.0,2023-2024
Customer 3,Product 9,November,2022,2022-01-11,2896330.0,2023-2024
Customer 3,Product 9,December,2022,2022-01-12,2897220.0,2023-2024
Customer 3,Product 9,January,2023,2023-01-01,2900772.0,2023-2024
Customer 3,Product 9,February,2023,2023-01-02,,2023-2024
Customer 3,Product 9,March,2023,2023-01-03,2901423.0,2023-2024
Customer 3,Product 9,April,2023,2023-01-04,4827525.0,2024-2025
Customer 3,Product 9,May,2023,2023-01-05,4829377.0,2024-2025
Customer 3,Product 9,June,2023,2023-01-06,,2024-2025
Customer 3,Product 9,July,2023,2023-01-07,,2024-2025
Customer 3,Product 9,August,2023,2023-01-08,4829858.0,2024-2025
Customer 3,Product 9,September,2023,2023-01-09,4833520.0,2024-2025
Customer 3,Product 9,October,2023,2023-01-10,4833918.0,2024-2025
Customer 3,Product 9,November,2023,2023-01-11,4847508.0,2024-2025
Customer 3,Product 9,December,2023,2023-01-12,4849190.0,2024-2025
Customer 3,Product 9,January,2024,2024-01-01,4853052.0,2024-2025
Customer 3,Product 9,February,2024,2024-01-02,4854229.0,2024-2025
Customer 3,Product 9,March,2024,2024-01-03,4858345.0,2024-2025
Customer 4,Product 1,April,2021,2021-01-04,7617512.0,2022-2023
Customer 4,Product 1,May,2021,2021-01-05,7619823.0,2022-2023
Customer 4,Product 1,June,2021,2021-01-06,7621267.0,2022-2023
Customer 4,Product 1,July,2021,2021-01-07,7622083.0,2022-2023
Customer 4,Product 1,August,2021,2021-01-08,7624603.0,2022-2023
Customer 4,Product 1,September,2021,2021-01-09,7624715.0,2022-2023
Customer 4,Product 1,October,2021,2021-01-10,7627032.0,2022-2023
Customer 4,Product 1,November,2021,2021-01-11,7628416.0,2022-2023
Customer 4,Product 1,December,2021,2021-01-12,7630682.0,2022-2023
Customer 4,Product 1,January,2022,2022-01-01,7633652.0,2022-2023
Customer 4,Product 1,February,2022,2022-01-02,7636227.0,2022-2023
Customer 4,Product 1,March,2022,2022-01-03,7636678.0,2022-2023
Customer 4,Product 1,April,2022,2022-01-04,5960938.0,2023-2024
Customer 4,Product 1,May,2022,2022-01-05,5960997.0,2023-2024
Customer 4,Product 1,June,2022,2022-01-06,5961035.0,2023-2024
Customer 4,Product 1,July,2022,2022-01-07,5961310.0,2023-2024
Customer 4,Product 1,August,2022,2022-01-08,5963035.0,2023-2024
Customer 4,Product 1,September,2022,2022-01-09,5963203.0,2023-2024
Customer 4,Product 1,October,2022,2022-01-10,5966543.0,2023-2024
Customer 4,Product 1,November,2022,2022-01-11,5967698.0,2023-2024
Customer 4,Product 1,December,2022,2022-01-12,5968770.0,2023-2024
Customer 4,Product 1,January,2023,2023-01-01,,2023-2024
Customer 4,Product 1,February,2023,2023-01-02,5971568.0,2023-2024
Customer 4,Product 1,March,2023,2023-01-03,5978821.0,2023-2024
Customer 4,Product 1,April,2023,2023-01-04,2903289.0,2024-2025
Customer 4,Product 1,May,2023,2023-01-05,2907209.0,2024-2025
Customer 4,Product 1,June,2023,2023-01-06,2910777.0,2024-2025
Customer 4,Product 1,July,2023,2023-01-07,2910818.0,2024-2025
Customer 4,Product 1,August,2023,2023-01-08,,2024-2025
Customer 4,Product 1,September,2023,2023-01-09,2912753.0,2024-2025
Customer 4,Product 1,October,2023,2023-01-10,,2024-2025
Customer 4,Product 1,November,2023,2023-01-11,,2024-2025
Customer 4,Product 1,December,2023,2023-01-12,2920760.0,2024-2025
Customer 4,Product 1,January,2024,2024-01-01,2920971.0,2024-2025
Customer 4,Product 1,February,2024,2024-01-02,,2024-2025
Customer 4,Product 1,March,2024,2024-01-03,2924647.0,2024-2025
Customer 4,Product 10,April,2021,2021-01-04,,2022-2023
Customer 4,Product 10,May,2021,2021-01-05,,2022-2023
Customer 4,Product 10,June,2021,2021-01-06,,2022-2023
Customer 4,Product 10,July,2021,2021-01-07,,2022-2023
Customer 4,Product 10,August,2021,2021-01-08,,2022-2023
Customer 4,Product 10,September,2021,2021-01-09,,2022-2023
Customer 4,Product 10,October,2021,2021-01-10,,2022-2023
Customer 4,Product 10,November,2021,2021-01-11,,2022-2023
Customer 4,Product 10,December,2021,2021-01-12,,2022-2023
Customer 4,Product 10,January,2022,2022-01-01,,2022-2023
Customer 4,Product 10,February,2022,2022-01-02,,2022-2023
Customer 4,Product 10,March,2022,2022-01-03,,2022-2023
Customer 4,Product 10,April,2022,2022-01-04,,2023-2024
Customer 4,Product 10,May,2022,2022-01-05,315353.0,2023-2024
Customer 4,Product 10,June,2022,2022-01-06,,2023-2024
Customer 4,Product 10,July,2022,2022-01-07,,2023-2024
Customer 4,Product 10,August,2022,2022-01-08,,2023-2024
Customer 4,Product 10,September,2022,2022-01-09,,2023-2024
Customer 4,Product 10,October,2022,2022-01-10,317642.0,2023-2024
Customer 4,Product 10,November,2022,2022-01-11,,2023-2024
Customer 4,Product 10,December,2022,2022-01-12,,2023-2024
Customer 4,Product 10,January,2023,2023-01-01,,2023-2024
Customer 4,Product 10,February,2023,2023-01-02,,2023-2024
Customer 4,Product 10,March,2023,2023-01-03,323031.0,2023-2024
Customer 4,Product 10,April,2023,2023-01-04,3720009.0,2024-2025
Customer 4,Product 10,May,2023,2023-01-05,3728096.0,2024-2025
Customer 4,Product 10,June,2023,2023-01-06,3731645.0,2024-2025
Customer 4,Product 10,July,2023,2023-01-07,3734866.0,2024-2025
Customer 4,Product 10,August,2023,2023-01-08,,2024-2025
Customer 4,Product 10,September,2023,2023-01-09,3734918.0,2024-2025
Customer 4,Product 10,October,2023,2023-01-10,3737972.0,2024-2025
Customer 4,Product 10,November,2023,2023-01-11,,2024-2025
Customer 4,Product 10,December,2023,2023-01-12,3740386.0,2024-2025
Customer 4,Product 10,January,2024,2024-01-01,3741366.0,2024-2025
Customer 4,Product 10,February,2024,2024-01-02,,2024-2025
Customer 4,Product 10,March,2024,2024-01-03,3750248.0,2024-2025
Customer 5,Product 1,April,2021,2021-01-04,4859130.0,2022-2023
Customer 5,Product 1,May,2021,2021-01-05,4860744.0,2022-2023
Customer 5,Product 1,June,2021,2021-01-06,4862372.0,2022-2023
Customer 5,Product 1,July,2021,2021-01-07,,2022-2023
Customer 5,Product 1,August,2021,2021-01-08,4875178.0,2022-2023
Customer 5,Product 1,September,2021,2021-01-09,4876491.0,2022-2023
Customer 5,Product 1,October,2021,2021-01-10,4878156.0,2022-2023
Customer 5,Product 1,November,2021,2021-01-11,4881472.0,2022-2023
Customer 5,Product 1,December,2021,2021-01-12,,2022-2023
Customer 5,Product 1,January,2022,2022-01-01,4882398.0,2022-2023
Customer 5,Product 1,February,2022,2022-01-02,4882488.0,2022-2023
Customer 5,Product 1,March,2022,2022-01-03,4886145.0,2022-2023
Customer 5,Product 1,April,2022,2022-01-04,,2023-2024
Customer 5,Product 1,May,2022,2022-01-05,1585298.0,2023-2024
Customer 5,Product 1,June,2022,2022-01-06,1588338.0,2023-2024
Customer 5,Product 1,July,2022,2022-01-07,,2023-2024
Customer 5,Product 1,August,2022,2022-01-08,,2023-2024
Customer 5,Product 1,September,2022,2022-01-09,,2023-2024
Customer 5,Product 1,October,2022,2022-01-10,,2023-2024
Customer 5,Product 1,November,2022,2022-01-11,1589127.0,2023-2024
Customer 5,Product 1,December,2022,2022-01-12,1589200.0,2023-2024
Customer 5,Product 1,January,2023,2023-01-01,,2023-2024
Customer 5,Product 1,February,2023,2023-01-02,1592104.0,2023-2024
Customer 5,Product 1,March,2023,2023-01-03,1597610.0,2023-2024
Customer 5,Product 1,April,2023,2023-01-04,671262.0,2024-2025
Customer 5,Product 1,May,2023,2023-01-05,,2024-2025
Customer 5,Product 1,June,2023,2023-01-06,,2024-2025
Customer 5,Product 1,July,2023,2023-01-07,,2024-2025
Customer 5,Product 1,August,2023,2023-01-08,672853.0,2024-2025
Customer 5,Product 1,September,2023,2023-01-09,,2024-2025
Customer 5,Product 1,October,2023,2023-01-10,,2024-2025
Customer 5,Product 1,November,2023,2023-01-11,684987.0,2024-2025
Customer 5,Product 1,December,2023,2023-01-12,,2024-2025
Customer 5,Product 1,January,2024,2024-01-01,685053.0,2024-2025
Customer 5,Product 1,February,2024,2024-01-02,,2024-2025
Customer 5,Product 1,March,2024,2024-01-03,,2024-2025
Customer 5,Product 10,April,2021,2021-01-04,7638955.0,2022-2023
Customer 5,Product 10,May,2021,2021-01-05,7645284.0,2022-2023
Customer 5,Product 10,June,2021,2021-01-06,7645591.0,2022-2023
Customer 5,Product 10,July,2021,2021-01-07,7649833.0,2022-2023
Customer 5,Product 10,August,2021,2021-01-08,7654743.0,2022-2023
Customer 5,Product 10,September,2021,2021-01-09,7660947.0,2022-2023
Customer 5,Product 10,October,2021,2021-01-10,7663297.0,2022-2023
Customer 5,Product 10,November,2021,2021-01-11,7669744.0,2022-2023
Customer 5,Product 10,December,2021,2021-01-12,7672045.0,2022-2023
Customer 5,Product 10,January,2022,2022-01-01,7680231.0,2022-2023
Customer 5,Product 10,February,2022,2022-01-02,7680702.0,2022-2023
Customer 5,Product 10,March,2022,2022-01-03,7688239.0,2022-2023
Customer 5,Product 10,April,2022,2022-01-04,3759579.0,2023-2024
Customer 5,Product 10,May,2022,2022-01-05,3764571.0,2023-2024
Customer 5,Product 10,June,2022,2022-01-06,3769357.0,2023-2024
Customer 5,Product 10,July,2022,2022-01-07,3771795.0,2023-2024
Customer 5,Product 10,August,2022,2022-01-08,,2023-2024
Customer 5,Product 10,September,2022,2022-01-09,,2023-2024
Customer 5,Product 10,October,2022,2022-01-10,3779655.0,2023-2024
Customer 5,Product 10,November,2022,2022-01-11,3782742.0,2023-2024
Customer 5,Product 10,December,2022,2022-01-12,3783683.0,2023-2024
Customer 5,Product 10,January,2023,2023-01-01,,2023-2024
Customer 5,Product 10,February,2023,2023-01-02,3785599.0,2023-2024
Customer 5,Product 10,March,2023,2023-01-03,3785798.0,2023-2024
Customer 5,Product 10,April,2023,2023-01-04,,2024-2025
Customer 5,Product 10,May,2023,2023-01-05,2926469.0,2024-2025
Customer 5,Product 10,June,2023,2023-01-06,2935850.0,2024-2025
Customer 5,Product 10,July,2023,2023-01-07,,2024-2025
Customer 5,Product 10,August,2023,2023-01-08,2936758.0,2024-2025
Customer 5,Product 10,September,2023,2023-01-09,,2024-2025
Customer 5,Product 10,October,2023,2023-01-10,2938872.0,2024-2025
Customer 5,Product 10,November,2023,2023-01-11,2947098.0,2024-2025
Customer 5,Product 10,December,2023,2023-01-12,2950538.0,2024-2025
Customer 5,Product 10,January,2024,2024-01-01,2952369.0,2024-2025
Customer 5,Product 10,February,2024,2024-01-02,,2024-2025
Customer 5,Product 10,March,2024,2024-01-03,2976536.0,2024-2025
Customer 5,Product 2,April,2021,2021-01-04,4886712.0,2022-2023
Customer 5,Product 2,May,2021,2021-01-05,4896318.0,2022-2023
Customer 5,Product 2,June,2021,2021-01-06,,2022-2023
Customer 5,Product 2,July,2021,2021-01-07,4904065.0,2022-2023
Customer 5,Product 2,August,2021,2021-01-08,4907576.0,2022-2023
Customer 5,Product 2,September,2021,2021-01-09,,2022-2023
Customer 5,Product 2,October,2021,2021-01-10,4907641.0,2022-2023
Customer 5,Product 2,November,2021,2021-01-11,4917672.0,2022-2023
Customer 5,Product 2,December,2021,2021-01-12,4924088.0,2022-2023
Customer 5,Product 2,January,2022,2022-01-01,4925241.0,2022-2023
Customer 5,Product 2,February,2022,2022-01-02,4931223.0,2022-2023
Customer 5,Product 2,March,2022,2022-01-03,4937728.0,2022-2023
Customer 5,Product 2,April,2022,2022-01-04,7695059.0,2023-2024
Customer 5,Product 2,May,2022,2022-01-05,7695229.0,2023-2024
Customer 5,Product 2,June,2022,2022-01-06,7698361.0,2023-2024
Customer 5,Product 2,July,2022,2022-01-07,7707524.0,2023-2024
Customer 5,Product 2,August,2022,2022-01-08,7709312.0,2023-2024
Customer 5,Product 2,September,2022,2022-01-09,7711677.0,2023-2024
Customer 5,Product 2,October,2022,2022-01-10,7716147.0,2023-2024
Customer 5,Product 2,November,2022,2022-01-11,7722936.0,2023-2024
Customer 5,Product 2,December,2022,2022-01-12,7726040.0,2023-2024
Customer 5,Product 2,January,2023,2023-01-01,7728094.0,2023-2024
Customer 5,Product 2,February,2023,2023-01-02,7729341.0,2023-2024
Customer 5,Product 2,March,2023,2023-01-03,7733183.0,2023-2024
Customer 5,Product 2,April,2023,2023-01-04,3786257.0,2024-2025
Customer 5,Product 2,May,2023,2023-01-05,,2024-2025
Customer 5,Product 2,June,2023,2023-01-06,3786375.0,2024-2025
Customer 5,Product 2,July,2023,2023-01-07,3788860.0,2024-2025
Customer 5,Product 2,August,2023,2023-01-08,3794774.0,2024-2025
Customer 5,Product 2,September,2023,2023-01-09,3796613.0,2024-2025
Customer 5,Product 2,October,2023,2023-01-10,3799755.0,2024-2025
Customer 5,Product 2,November,2023,2023-01-11,,2024-2025
Customer 5,Product 2,December,2023,2023-01-12,3803761.0,2024-2025
Customer 5,Product 2,January,2024,2024-01-01,,2024-2025
Customer 5,Product 2,February,2024,2024-01-02,3805281.0,2024-2025
Customer 5,Product 2,March,2024,2024-01-03,3808665.0,2024-2025
Customer 5,Product 3,April,2021,2021-01-04,3815633.0,2022-2023
Customer 5,Product 3,May,2021,2021-01-05,,2022-2023
Customer 5,Product 3,June,2021,2021-01-06,3818271.0,2022-2023
Customer 5,Product 3,July,2021,2021-01-07,,2022-2023
Customer 5,Product 3,August,2021,2021-01-08,3819096.0,2022-2023
Customer 5,Product 3,September,2021,2021-01-09,3824317.0,2022-2023
Customer 5,Product 3,October,2021,2021-01-10,3824970.0,2022-2023
Customer 5,Product 3,November,2021,2021-01-11,,2022-2023
Customer 5,Product 3,December,2021,2021-01-12,3826987.0,2022-2023
Customer 5,Product 3,January,2022,2022-01-01,3829236.0,2022-2023
Customer 5,Product 3,February,2022,2022-01-02,3835898.0,2022-2023
Customer 5,Product 3,March,2022,2022-01-03,3839516.0,2022-2023
Customer 5,Product 3,April,2022,2022-01-04,5981894.0,2023-2024
Customer 5,Product 3,May,2022,2022-01-05,5986427.0,2023-2024
Customer 5,Product 3,June,2022,2022-01-06,,2023-2024
Customer 5,Product 3,July,2022,2022-01-07,5987063.0,2023-2024
Customer 5,Product 3,August,2022,2022-01-08,5987608.0,2023-2024
Customer 5,Product 3,September,2022,2022-01-09,5990289.0,2023-2024
Customer 5,Product 3,October,2022,2022-01-10,5997925.0,2023-2024
Customer 5,Product 3,November,2022,2022-01-11,6004961.0,2023-2024
Customer 5,Product 3,December,2022,2022-01-12,6005986.0,2023-2024
Customer 5,Product 3,January,2023,2023-01-01,6008395.0,2023-2024
Customer 5,Product 3,February,2023,2023-01-02,6010625.0,2023-2024
Customer 5,Product 3,March,2023,2023-01-03,6010648.0,2023-2024
Customer 5,Product 3,April,2023,2023-01-04,7739308.0,2024-2025
Customer 5,Product 3,May,2023,2023-01-05,7742037.0,2024-2025
Customer 5,Product 3,June,2023,2023-01-06,7743244.0,2024-2025
Customer 5,Product 3,July,2023,2023-01-07,7745452.0,2024-2025
Customer 5,Product 3,August,2023,2023-01-08,7752900.0,2024-2025
Customer 5,Product 3,September,2023,2023-01-09,7755204.0,2024-2025
Customer 5,Product 3,October,2023,2023-01-10,7758156.0,2024-2025
Customer 5,Product 3,November,2023,2023-01-11,7764949.0,2024-2025
Customer 5,Product 3,December,2023,2023-01-12,7767300.0,2024-2025
Customer 5,Product 3,January,2024,2024-01-01,7767979.0,2024-2025
Customer 5,Product 3,February,2024,2024-01-02,7770968.0,2024-2025
Customer 5,Product 3,March,2024,2024-01-03,7776540.0,2024-2025
Customer 5,Product 4,April,2021,2021-01-04,,2022-2023
Customer 5,Product 4,May,2021,2021-01-05,,2022-2023
Customer 5,Product 4,June,2021,2021-01-06,,2022-2023
Customer 5,Product 4,July,2021,2021-01-07,330064.0,2022-2023
Customer 5,Product 4,August,2021,2021-01-08,,2022-2023
Customer 5,Product 4,September,2021,2021-01-09,337911.0,2022-2023
Customer 5,Product 4,October,2021,2021-01-10,340728.0,2022-2023
Customer 5,Product 4,November,2021,2021-01-11,,2022-2023
Customer 5,Product 4,December,2021,2021-01-12,,2022-2023
Customer 5,Product 4,January,2022,2022-01-01,,2022-2023
Customer 5,Product 4,February,2022,2022-01-02,,2022-2023
Customer 5,Product 4,March,2022,2022-01-03,,2022-2023
Customer 5,Product 4,April,2022,2022-01-04,,2023-2024
Customer 5,Product 4,May,2022,2022-01-05,,2023-2024
Customer 5,Product 4,June,2022,2022-01-06,961677.0,2023-2024
Customer 5,Product 4,July,2022,2022-01-07,,2023-2024
Customer 5,Product 4,August,2022,2022-01-08,971505.0,2023-2024
Customer 5,Product 4,September,2022,2022-01-09,974450.0,2023-2024
Customer 5,Product 4,October,2022,2022-01-10,975415.0,2023-2024
Customer 5,Product 4,November,2022,2022-01-11,,2023-2024
Customer 5,Product 4,December,2022,2022-01-12,,2023-2024
Customer 5,Product 4,January,2023,2023-01-01,976421.0,2023-2024
Customer 5,Product 4,February,2023,2023-01-02,,2023-2024
Customer 5,Product 4,March,2023,2023-01-03,,2023-2024
Customer 5,Product 4,April,2023,2023-01-04,4945201.0,2024-2025
Customer 5,Product 4,May,2023,2023-01-05,4945627.0,2024-2025
Customer 5,Product 4,June,2023,2023-01-06,4947111.0,2024-2025
Customer 5,Product 4,July,2023,2023-01-07,,2024-2025
Customer 5,Product 4,August,2023,2023-01-08,4959403.0,2024-2025
Customer 5,Product 4,September,2023,2023-01-09,4963743.0,2024-2025
Customer 5,Product 4,October,2023,2023-01-10,4964064.0,2024-2025
Customer 5,Product 4,November,2023,2023-01-11,,2024-2025
Customer 5,Product 4,December,2023,2023-01-12,4966997.0,2024-2025
Customer 5,Product 4,January,2024,2024-01-01,4972985.0,2024-2025
Customer 5,Product 4,February,2024,2024-01-02,4973618.0,2024-2025
Customer 5,Product 4,March,2024,2024-01-03,4975925.0,2024-2025
Customer 5,Product 5,April,2021,2021-01-04,4976145.0,2022-2023
Customer 5,Product 5,May,2021,2021-01-05,4981764.0,2022-2023
Customer 5,Product 5,June,2021,2021-01-06,4984231.0,2022-2023
Customer 5,Product 5,July,2021,2021-01-07,4994761.0,2022-2023
Customer 5,Product 5,August,2021,2021-01-08,5003854.0,2022-2023
Customer 5,Product 5,September,2021,2021-01-09,,2022-2023
Customer 5,Product 5,October,2021,2021-01-10,5003995.0,2022-2023
Customer 5,Product 5,November,2021,2021-01-11,5005450.0,2022-2023
Customer 5,Product 5,December,2021,2021-01-12,,2022-2023
Customer 5,Product 5,January,2022,2022-01-01,5008786.0,2022-2023
Customer 5,Product 5,February,2022,2022-01-02,5009284.0,2022-2023
Customer 5,Product 5,March,2022,2022-01-03,5010771.0,2022-2023
Customer 5,Product 5,April,2022,2022-01-04,6011209.0,2023-2024
Customer 5,Product 5,May,2022,2022-01-05,6018572.0,2023-2024
Customer 5,Product 5,June,2022,2022-01-06,6026037.0,2023-2024
Customer 5,Product 5,July,2022,2022-01-07,6028223.0,2023-2024
Customer 5,Product 5,August,2022,2022-01-08,6044218.0,2023-2024
Customer 5,Product 5,September,2022,2022-01-09,6047368.0,2023-2024
Customer 5,Product 5,October,2022,2022-01-10,6050860.0,2023-2024
Customer 5,Product 5,November,2022,2022-01-11,6057587.0,2023-2024
Customer 5,Product 5,December,2022,2022-01-12,6058995.0,2023-2024
Customer 5,Product 5,January,2023,2023-01-01,6060516.0,2023-2024
Customer 5,Product 5,February,2023,2023-01-02,,2023-2024
Customer 5,Product 5,March,2023,2023-01-03,6060773.0,2023-2024
Customer 5,Product 5,April,2023,2023-01-04,7788427.0,2024-2025
Customer 5,Product 5,May,2023,2023-01-05,7789673.0,2024-2025
Customer 5,Product 5,June,2023,2023-01-06,7789863.0,2024-2025
Customer 5,Product 5,July,2023,2023-01-07,7790476.0,2024-2025
Customer 5,Product 5,August,2023,2023-01-08,7793754.0,2024-2025
Customer 5,Product 5,September,2023,2023-01-09,7793819.0,2024-2025
Customer 5,Product 5,October,2023,2023-01-10,7793830.0,2024-2025
Customer 5,Product 5,November,2023,2023-01-11,7795683.0,2024-2025
Customer 5,Product 5,December,2023,2023-01-12,7805448.0,2024-2025
Customer 5,Product 5,January,2024,2024-01-01,7811724.0,2024-2025
Customer 5,Product 5,February,2024,2024-01-02,7817955.0,2024-2025
Customer 5,Product 5,March,2024,2024-01-03,7822591.0,2024-2025
Customer 5,Product 6,April,2021,2021-01-04,6063888.0,2022-2023
Customer 5,Product 6,May,2021,2021-01-05,6067901.0,2022-2023
Customer 5,Product 6,June,2021,2021-01-06,6071201.0,2022-2023
Customer 5,Product 6,July,2021,2021-01-07,6072137.0,2022-2023
Customer 5,Product 6,August,2021,2021-01-08,6072977.0,2022-2023
Customer 5,Product 6,September,2021,2021-01-09,6077133.0,2022-2023
Customer 5,Product 6,October,2021,2021-01-10,,2022-2023
Customer 5,Product 6,November,2021,2021-01-11,6081609.0,2022-2023
Customer 5,Product 6,December,2021,2021-01-12,6083480.0,2022-2023
Customer 5,Product 6,January,2022,2022-01-01,6084652.0,2022-2023
Customer 5,Product 6,February,2022,2022-01-02,6085064.0,2022-2023
Customer 5,Product 6,March,2022,2022-01-03,6093854.0,2022-2023
Customer 5,Product 6,April,2022,2022-01-04,3840675.0,2023-2024
Customer 5,Product 6,May,2022,2022-01-05,3857888.0,2023-2024
Customer 5,Product 6,June,2022,2022-01-06,3861498.0,2023-2024
Customer 5,Product 6,July,2022,2022-01-07,3862367.0,2023-2024
Customer 5,Product 6,August,2022,2022-01-08,3862662.0,2023-2024
Customer 5,Product 6,September,2022,2022-01-09,3869461.0,2023-2024
Customer 5,Product 6,October,2022,2022-01-10,3870819.0,2023-2024
Customer 5,Product 6,November,2022,2022-01-11,,2023-2024
Customer 5,Product 6,December,2022,2022-01-12,,2023-2024
Customer 5,Product 6,January,2023,2023-01-01,3873348.0,2023-2024
Customer 5,Product 6,February,2023,2023-01-02,,2023-2024
Customer 5,Product 6,March,2023,2023-01-03,3900644.0,2023-2024
Customer 5,Product 6,April,2023,2023-01-04,,2024-2025
Customer 5,Product 6,May,2023,2023-01-05,5015956.0,2024-2025
Customer 5,Product 6,June,2023,2023-01-06,5019311.0,2024-2025
Customer 5,Product 6,July,2023,2023-01-07,,2024-2025
Customer 5,Product 6,August,2023,2023-01-08,5023744.0,2024-2025
Customer 5,Product 6,September,2023,2023-01-09,5045323.0,2024-2025
Customer 5,Product 6,October,2023,2023-01-10,5049438.0,2024-2025
Customer 5,Product 6,November,2023,2023-01-11,5050984.0,2024-2025
Customer 5,Product 6,December,2023,2023-01-12,5051975.0,2024-2025
Customer 5,Product 6,January,2024,2024-01-01,5052964.0,2024-2025
Customer 5,Product 6,February,2024,2024-01-02,5053514.0,2024-2025
Customer 5,Product 6,March,2024,2024-01-03,5056321.0,2024-2025
Customer 5,Product 8,April,2021,2021-01-04,348966.0,2022-2023
Customer 5,Product 8,May,2021,2021-01-05,350108.0,2022-2023
Customer 5,Product 8,June,2021,2021-01-06,,2022-2023
Customer 5,Product 8,July,2021,2021-01-07,,2022-2023
Customer 5,Product 8,August,2021,2021-01-08,,2022-2023
Customer 5,Product 8,September,2021,2021-01-09,,2022-2023
Customer 5,Product 8,October,2021,2021-01-10,,2022-2023
Customer 5,Product 8,November,2021,2021-01-11,,2022-2023
Customer 5,Product 8,December,2021,2021-01-12,,2022-2023
Customer 5,Product 8,January,2022,2022-01-01,350972.0,2022-2023
Customer 5,Product 8,February,2022,2022-01-02,,2022-2023
Customer 5,Product 8,March,2022,2022-01-03,,2022-2023
Customer 5,Product 8,April,2022,2022-01-04,977380.0,2023-2024
Customer 5,Product 8,May,2022,2022-01-05,981037.0,2023-2024
Customer 5,Product 8,June,2022,2022-01-06,983669.0,2023-2024
Customer 5,Product 8,July,2022,2022-01-07,988598.0,2023-2024
Customer 5,Product 8,August,2022,2022-01-08,,2023-2024
Customer 5,Product 8,September,2022,2022-01-09,,2023-2024
Customer 5,Product 8,October,2022,2022-01-10,,2023-2024
Customer 5,Product 8,November,2022,2022-01-11,,2023-2024
Customer 5,Product 8,December,2022,2022-01-12,989370.0,2023-2024
Customer 5,Product 8,January,2023,2023-01-01,,2023-2024
Customer 5,Product 8,February,2023,2023-01-02,,2023-2024
Customer 5,Product 8,March,2023,2023-01-03,,2023-2024
Customer 5,Product 8,April,2023,2023-01-04,2986826.0,2024-2025
Customer 5,Product 8,May,2023,2023-01-05,2998772.0,2024-2025
Customer 5,Product 8,June,2023,2023-01-06,,2024-2025
Customer 5,Product 8,July,2023,2023-01-07,2999880.0,2024-2025
Customer 5,Product 8,August,2023,2023-01-08,,2024-2025
Customer 5,Product 8,September,2023,2023-01-09,3002787.0,2024-2025
Customer 5,Product 8,October,2023,2023-01-10,,2024-2025
Customer 5,Product 8,November,2023,2023-01-11,3006559.0,2024-2025
Customer 5,Product 8,December,2023,2023-01-12,3011362.0,2024-2025
Customer 5,Product 8,January,2024,2024-01-01,3012396.0,2024-2025
Customer 5,Product 8,February,2024,2024-01-02,3013731.0,2024-2025
Customer 5,Product 8,March,2024,2024-01-03,,2024-2025
Customer 5,Product 9,April,2021,2021-01-04,,2022-2023
Customer 5,Product 9,May,2021,2021-01-05,,2022-2023
Customer 5,Product 9,June,2021,2021-01-06,,2022-2023
Customer 5,Product 9,July,2021,2021-01-07,,2022-2023
Customer 5,Product 9,August,2021,2021-01-08,112214.0,2022-2023
Customer 5,Product 9,September,2021,2021-01-09,,2022-2023
Customer 5,Product 9,October,2021,2021-01-10,119383.0,2022-2023
Customer 5,Product 9,November,2021,2021-01-11,,2022-2023
Customer 5,Product 9,December,2021,2021-01-12,,2022-2023
Customer 5,Product 9,January,2022,2022-01-01,,2022-2023
Customer 5,Product 9,February,2022,2022-01-02,,2022-2023
Customer 5,Product 9,March,2022,2022-01-03,,2022-2023
Customer 5,Product 9,April,2022,2022-01-04,,2023-2024
Customer 5,Product 9,May,2022,2022-01-05,687551.0,2023-2024
Customer 5,Product 9,June,2022,2022-01-06,,2023-2024
Customer 5,Product 9,July,2022,2022-01-07,688538.0,2023-2024
Customer 5,Product 9,August,2022,2022-01-08,,2023-2024
Customer 5,Product 9,September,2022,2022-01-09,697278.0,2023-2024
Customer 5,Product 9,October,2022,2022-01-10,,2023-2024
Customer 5,Product 9,November,2022,2022-01-11,,2023-2024
Customer 5,Product 9,December,2022,2022-01-12,,2023-2024
Customer 5,Product 9,January,2023,2023-01-01,698508.0,2023-2024
Customer 5,Product 9,February,2023,2023-01-02,,2023-2024
Customer 5,Product 9,March,2023,2023-01-03,,2023-2024
Customer 5,Product 9,April,2023,2023-01-04,,2024-2025
Customer 5,Product 9,May,2023,2023-01-05,,2024-2025
Customer 5,Product 9,June,2023,2023-01-06,,2024-2025
Customer 5,Product 9,July,2023,2023-01-07,703350.0,2024-2025
Customer 5,Product 9,August,2023,2023-01-08,703389.0,2024-2025
Customer 5,Product 9,September,2023,2023-01-09,,2024-2025
Customer 5,Product 9,October,2023,2023-01-10,,2024-2025
Customer 5,Product 9,November,2023,2023-01-11,,2024-2025
Customer 5,Product 9,December,2023,2023-01-12,704116.0,2024-2025
Customer 5,Product 9,January,2024,2024-01-01,,2024-2025
Customer 5,Product 9,February,2024,2024-01-02,708263.0,2024-2025
Customer 5,Product 9,March,2024,2024-01-03,,2024-2025
Customer 6,Product 1,April,2021,2021-01-04,,2022-2023
Customer 6,Product 1,May,2021,2021-01-05,,2022-2023
Customer 6,Product 1,June,2021,2021-01-06,,2022-2023
Customer 6,Product 1,July,2021,2021-01-07,,2022-2023
Customer 6,Product 1,August,2021,2021-01-08,,2022-2023
Customer 6,Product 1,September,2021,2021-01-09,,2022-2023
Customer 6,Product 1,October,2021,2021-01-10,,2022-2023
Customer 6,Product 1,November,2021,2021-01-11,,2022-2023
Customer 6,Product 1,December,2021,2021-01-12,,2022-2023
Customer 6,Product 1,January,2022,2022-01-01,,2022-2023
Customer 6,Product 1,February,2022,2022-01-02,,2022-2023
Customer 6,Product 1,March,2022,2022-01-03,,2022-2023
Customer 6,Product 1,April,2022,2022-01-04,352796.0,2023-2024
Customer 6,Product 1,May,2022,2022-01-05,,2023-2024
Customer 6,Product 1,June,2022,2022-01-06,356139.0,2023-2024
Customer 6,Product 1,July,2022,2022-01-07,,2023-2024
Customer 6,Product 1,August,2022,2022-01-08,,2023-2024
Customer 6,Product 1,September,2022,2022-01-09,,2023-2024
Customer 6,Product 1,October,2022,2022-01-10,,2023-2024
Customer 6,Product 1,November,2022,2022-01-11,,2023-2024
Customer 6,Product 1,December,2022,2022-01-12,,2023-2024
Customer 6,Product 1,January,2023,2023-01-01,,2023-2024
Customer 6,Product 1,February,2023,2023-01-02,361033.0,2023-2024
Customer 6,Product 1,March,2023,2023-01-03,,2023-2024
Customer 6,Product 1,April,2023,2023-01-04,999561.0,2024-2025
Customer 6,Product 1,May,2023,2023-01-05,,2024-2025
Customer 6,Product 1,June,2023,2023-01-06,1002248.0,2024-2025
Customer 6,Product 1,July,2023,2023-01-07,,2024-2025
Customer 6,Product 1,August,2023,2023-01-08,,2024-2025
Customer 6,Product 1,September,2023,2023-01-09,1002940.0,2024-2025
Customer 6,Product 1,October,2023,2023-01-10,1010941.0,2024-2025
Customer 6,Product 1,November,2023,2023-01-11,,2024-2025
Customer 6,Product 1,December,2023,2023-01-12,,2024-2025
Customer 6,Product 1,January,2024,2024-01-01,,2024-2025
Customer 6,Product 1,February,2024,2024-01-02,1013675.0,2024-2025
Customer 6,Product 1,March,2024,2024-01-03,,2024-2025
Customer 6,Product 10,April,2021,2021-01-04,,2022-2023
Customer 6,Product 10,May,2021,2021-01-05,,2022-2023
Customer 6,Product 10,June,2021,2021-01-06,,2022-2023
Customer 6,Product 10,July,2021,2021-01-07,,2022-2023
Customer 6,Product 10,August,2021,2021-01-08,,2022-2023
Customer 6,Product 10,September,2021,2021-01-09,,2022-2023
Customer 6,Product 10,October,2021,2021-01-10,,2022-2023
Customer 6,Product 10,November,2021,2021-01-11,,2022-2023
Customer 6,Product 10,December,2021,2021-01-12,,2022-2023
Customer 6,Product 10,January,2022,2022-01-01,,2022-2023
Customer 6,Product 10,February,2022,2022-01-02,,2022-2023
Customer 6,Product 10,March,2022,2022-01-03,,2022-2023
Customer 6,Product 10,April,2022,2022-01-04,362462.0,2023-2024
Customer 6,Product 10,May,2022,2022-01-05,,2023-2024
Customer 6,Product 10,June,2022,2022-01-06,,2023-2024
Customer 6,Product 10,July,2022,2022-01-07,,2023-2024
Customer 6,Product 10,August,2022,2022-01-08,,2023-2024
Customer 6,Product 10,September,2022,2022-01-09,,2023-2024
Customer 6,Product 10,October,2022,2022-01-10,,2023-2024
Customer 6,Product 10,November,2022,2022-01-11,,2023-2024
Customer 6,Product 10,December,2022,2022-01-12,,2023-2024
Customer 6,Product 10,January,2023,2023-01-01,367097.0,2023-2024
Customer 6,Product 10,February,2023,2023-01-02,368415.0,2023-2024
Customer 6,Product 10,March,2023,2023-01-03,,2023-2024
Customer 6,Product 10,April,2023,2023-01-04,3015044.0,2024-2025
Customer 6,Product 10,May,2023,2023-01-05,,2024-2025
Customer 6,Product 10,June,2023,2023-01-06,3015490.0,2024-2025
Customer 6,Product 10,July,2023,2023-01-07,3019494.0,2024-2025
Customer 6,Product 10,August,2023,2023-01-08,,2024-2025
Customer 6,Product 10,September,2023,2023-01-09,3020180.0,2024-2025
Customer 6,Product 10,October,2023,2023-01-10,3022274.0,2024-2025
Customer 6,Product 10,November,2023,2023-01-11,3028099.0,2024-2025
Customer 6,Product 10,December,2023,2023-01-12,,2024-2025
Customer 6,Product 10,January,2024,2024-01-01,3031015.0,2024-2025
Customer 6,Product 10,February,2024,2024-01-02,3033367.0,2024-2025
Customer 6,Product 10,March,2024,2024-01-03,,2024-2025
Customer 6,Product 11,April,2021,2021-01-04,,2022-2023
Customer 6,Product 11,May,2021,2021-01-05,,2022-2023
Customer 6,Product 11,June,2021,2021-01-06,,2022-2023
Customer 6,Product 11,July,2021,2021-01-07,,2022-2023
Customer 6,Product 11,August,2021,2021-01-08,,2022-2023
Customer 6,Product 11,September,2021,2021-01-09,,2022-2023
Customer 6,Product 11,October,2021,2021-01-10,,2022-2023
Customer 6,Product 11,November,2021,2021-01-11,,2022-2023
Customer 6,Product 11,December,2021,2021-01-12,,2022-2023
Customer 6,Product 11,January,2022,2022-01-01,,2022-2023
Customer 6,Product 11,February,2022,2022-01-02,,2022-2023
Customer 6,Product 11,March,2022,2022-01-03,,2022-2023
Customer 6,Product 11,April,2022,2022-01-04,374035.0,2023-2024
Customer 6,Product 11,May,2022,2022-01-05,,2023-2024
Customer 6,Product 11,June,2022,2022-01-06,,2023-2024
Customer 6,Product 11,July,2022,2022-01-07,,2023-2024
Customer 6,Product 11,August,2022,2022-01-08,375191.0,2023-2024
Customer 6,Product 11,September,2022,2022-01-09,,2023-2024
Customer 6,Product 11,October,2022,2022-01-10,,2023-2024
Customer 6,Product 11,November,2022,2022-01-11,,2023-2024
Customer 6,Product 11,December,2022,2022-01-12,,2023-2024
Customer 6,Product 11,January,2023,2023-01-01,380763.0,2023-2024
Customer 6,Product 11,February,2023,2023-01-02,,2023-2024
Customer 6,Product 11,March,2023,2023-01-03,,2023-2024
Customer 6,Product 11,April,2023,2023-01-04,,2024-2025
Customer 6,Product 11,May,2023,2023-01-05,2017990.0,2024-2025
Customer 6,Product 11,June,2023,2023-01-06,2020280.0,2024-2025
Customer 6,Product 11,July,2023,2023-01-07,2023295.0,2024-2025
Customer 6,Product 11,August,2023,2023-01-08,2024518.0,2024-2025
Customer 6,Product 11,September,2023,2023-01-09,,2024-2025
Customer 6,Product 11,October,2023,2023-01-10,2027950.0,2024-2025
Customer 6,Product 11,November,2023,2023-01-11,,2024-2025
Customer 6,Product 11,December,2023,2023-01-12,,2024-2025
Customer 6,Product 11,January,2024,2024-01-01,2028328.0,2024-2025
Customer 6,Product 11,February,2024,2024-01-02,,2024-2025
Customer 6,Product 11,March,2024,2024-01-03,2032906.0,2024-2025
Customer 6,Product 2,April,2021,2021-01-04,7825133.0,2022-2023
Customer 6,Product 2,May,2021,2021-01-05,7837194.0,2022-2023
Customer 6,Product 2,June,2021,2021-01-06,7840248.0,2022-2023
Customer 6,Product 2,July,2021,2021-01-07,7842746.0,2022-2023
Customer 6,Product 2,August,2021,2021-01-08,7850401.0,2022-2023
Customer 6,Product 2,September,2021,2021-01-09,7857917.0,2022-2023
Customer 6,Product 2,October,2021,2021-01-10,7862825.0,2022-2023
Customer 6,Product 2,November,2021,2021-01-11,7874872.0,2022-2023
Customer 6,Product 2,December,2021,2021-01-12,7875377.0,2022-2023
Customer 6,Product 2,January,2022,2022-01-01,7875506.0,2022-2023
Customer 6,Product 2,February,2022,2022-01-02,7876137.0,2022-2023
Customer 6,Product 2,March,2022,2022-01-03,7878761.0,2022-2023
Customer 6,Product 2,April,2022,2022-01-04,,2023-2024
Customer 6,Product 2,May,2022,2022-01-05,,2023-2024
Customer 6,Product 2,June,2022,2022-01-06,,2023-2024
Customer 6,Product 2,July,2022,2022-01-07,2034259.0,2023-2024
Customer 6,Product 2,August,2022,2022-01-08,2038332.0,2023-2024
Customer 6,Product 2,September,2022,2022-01-09,,2023-2024
Customer 6,Product 2,October,2022,2022-01-10,2044279.0,2023-2024
Customer 6,Product 2,November,2022,2022-01-11,,2023-2024
Customer 6,Product 2,December,2022,2022-01-12,2044307.0,2023-2024
Customer 6,Product 2,January,2023,2023-01-01,2044626.0,2023-2024
Customer 6,Product 2,February,2023,2023-01-02,2046014.0,2023-2024
Customer 6,Product 2,March,2023,2023-01-03,2046105.0,2023-2024
Customer 6,Product 2,April,2023,2023-01-04,,2024-2025
Customer 6,Product 2,May,2023,2023-01-05,,2024-2025
Customer 6,Product 2,June,2023,2023-01-06,,2024-2025
Customer 6,Product 2,July,2023,2023-01-07,381316.0,2024-2025
Customer 6,Product 2,August,2023,2023-01-08,,2024-2025
Customer 6,Product 2,September,2023,2023-01-09,,2024-2025
Customer 6,Product 2,October,2023,2023-01-10,,2024-2025
Customer 6,Product 2,November,2023,2023-01-11,387732.0,2024-2025
Customer 6,Product 2,December,2023,2023-01-12,,2024-2025
Customer 6,Product 2,January,2024,2024-01-01,,2024-2025
Customer 6,Product 2,February,2024,2024-01-02,,2024-2025
Customer 6,Product 2,March,2024,2024-01-03,390455.0,2024-2025
Customer 6,Product 3,April,2021,2021-01-04,,2022-2023
Customer 6,Product 3,May,2021,2021-01-05,,2022-2023
Customer 6,Product 3,June,2021,2021-01-06,392110.0,2022-2023
Customer 6,Product 3,July,2021,2021-01-07,,2022-2023
Customer 6,Product 3,August,2021,2021-01-08,,2022-2023
Customer 6,Product 3,September,2021,2021-01-09,,2022-2023
Customer 6,Product 3,October,2021,2021-01-10,399326.0,2022-2023
Customer 6,Product 3,November,2021,2021-01-11,,2022-2023
Customer 6,Product 3,December,2021,2021-01-12,,2022-2023
Customer 6,Product 3,January,2022,2022-01-01,,2022-2023
Customer 6,Product 3,February,2022,2022-01-02,401952.0,2022-2023
Customer 6,Product 3,March,2022,2022-01-03,,2022-2023
Customer 6,Product 3,April,2022,2022-01-04,1017189.0,2023-2024
Customer 6,Product 3,May,2022,2022-01-05,1019719.0,2023-2024
Customer 6,Product 3,June,2022,2022-01-06,1027380.0,2023-2024
Customer 6,Product 3,July,2022,2022-01-07,,2023-2024
Customer 6,Product 3,August,2022,2022-01-08,,2023-2024
Customer 6,Product 3,September,2022,2022-01-09,,2023-2024
Customer 6,Product 3,October,2022,2022-01-10,,2023-2024
Customer 6,Product 3,November,2022,2022-01-11,,2023-2024
Customer 6,Product 3,December,2022,2022-01-12,,2023-2024
Customer 6,Product 3,January,2023,2023-01-01,1030421.0,2023-2024
Customer 6,Product 3,February,2023,2023-01-02,,2023-2024
Customer 6,Product 3,March,2023,2023-01-03,1032192.0,2023-2024
Customer 6,Product 3,April,2023,2023-01-04,3901314.0,2024-2025
Customer 6,Product 3,May,2023,2023-01-05,3903598.0,2024-2025
Customer 6,Product 3,June,2023,2023-01-06,3907332.0,2024-2025
Customer 6,Product 3,July,2023,2023-01-07,3907493.0,2024-2025
Customer 6,Product 3,August,2023,2023-01-08,3909494.0,2024-2025
Customer 6,Product 3,September,2023,2023-01-09,,2024-2025
Customer 6,Product 3,October,2023,2023-01-10,3909831.0,2024-2025
Customer 6,Product 3,November,2023,2023-01-11,,2024-2025
Customer 6,Product 3,December,2023,2023-01-12,,2024-2025
Customer 6,Product 3,January,2024,2024-01-01,3912468.0,2024-2025
Customer 6,Product 3,February,2024,2024-01-02,3915427.0,2024-2025
Customer 6,Product 3,March,2024,2024-01-03,3916223.0,2024-2025
Customer 6,Product 4,April,2021,2021-01-04,7883549.0,2022-2023
Customer 6,Product 4,May,2021,2021-01-05,7888035.0,2022-2023
Customer 6,Product 4,June,2021,2021-01-06,7893328.0,2022-2023
Customer 6,Product 4,July,2021,2021-01-07,7894501.0,2022-2023
Customer 6,Product 4,August,2021,2021-01-08,7906552.0,2022-2023
Customer 6,Product 4,September,2021,2021-01-09,7914846.0,2022-2023
Customer 6,Product 4,October,2021,2021-01-10,7917220.0,2022-2023
Customer 6,Product 4,November,2021,2021-01-11,7922571.0,2022-2023
Customer 6,Product 4,December,2021,2021-01-12,7927614.0,2022-2023
Customer 6,Product 4,January,2022,2022-01-01,7933334.0,2022-2023
Customer 6,Product 4,February,2022,2022-01-02,7936633.0,2022-2023
Customer 6,Product 4,March,2022,2022-01-03,7937775.0,2022-2023
Customer 6,Product 4,April,2022,2022-01-04,,2023-2024
Customer 6,Product 4,May,2022,2022-01-05,6096260.0,2023-2024
Customer 6,Product 4,June,2022,2022-01-06,6096452.0,2023-2024
Customer 6,Product 4,July,2022,2022-01-07,6101714.0,2023-2024
Customer 6,Product 4,August,2022,2022-01-08,6103100.0,2023-2024
Customer 6,Product 4,September,2022,2022-01-09,6107376.0,2023-2024
Customer 6,Product 4,October,2022,2022-01-10,6111816.0,2023-2024
Customer 6,Product 4,November,2022,2022-01-11,6114133.0,2023-2024
Customer 6,Product 4,December,2022,2022-01-12,6114307.0,2023-2024
Customer 6,Product 4,January,2023,2023-01-01,6128392.0,2023-2024
Customer 6,Product 4,February,2023,2023-01-02,6130928.0,2023-2024
Customer 6,Product 4,March,2023,2023-01-03,6133223.0,2023-2024
Customer 6,Product 4,April,2023,2023-01-04,7938618.0,2024-2025
Customer 6,Product 4,May,2023,2023-01-05,7939691.0,2024-2025
Customer 6,Product 4,June,2023,2023-01-06,7944992.0,2024-2025
Customer 6,Product 4,July,2023,2023-01-07,7948217.0,2024-2025
Customer 6,Product 4,August,2023,2023-01-08,7952519.0,2024-2025
Customer 6,Product 4,September,2023,2023-01-09,7958456.0,2024-2025
Customer 6,Product 4,October,2023,2023-01-10,7960977.0,2024-2025
Customer 6,Product 4,November,2023,2023-01-11,7966584.0,2024-2025
Customer 6,Product 4,December,2023,2023-01-12,7968632.0,2024-2025
Customer 6,Product 4,January,2024,2024-01-01,7969637.0,2024-2025
Customer 6,Product 4,February,2024,2024-01-02,7972343.0,2024-2025
Customer 6,Product 4,March,2024,2024-01-03,7974512.0,2024-2025
Customer 6,Product 5,April,2021,2021-01-04,,2022-2023
Customer 6,Product 5,May,2021,2021-01-05,,2022-2023
Customer 6,Product 5,June,2021,2021-01-06,,2022-2023
Customer 6,Product 5,July,2021,2021-01-07,,2022-2023
Customer 6,Product 5,August,2021,2021-01-08,,2022-2023
Customer 6,Product 5,September,2021,2021-01-09,,2022-2023
Customer 6,Product 5,October,2021,2021-01-10,,2022-2023
Customer 6,Product 5,November,2021,2021-01-11,,2022-2023
Customer 6,Product 5,December,2021,2021-01-12,,2022-2023
Customer 6,Product 5,January,2022,2022-01-01,,2022-2023
Customer 6,Product 5,February,2022,2022-01-02,,2022-2023
Customer 6,Product 5,March,2022,2022-01-03,,2022-2023
Customer 6,Product 5,April,2022,2022-01-04,,2023-2024
Customer 6,Product 5,May,2022,2022-01-05,1034118.0,2023-2024
Customer 6,Product 5,June,2022,2022-01-06,1034985.0,2023-2024
Customer 6,Product 5,July,2022,2022-01-07,,2023-2024
Customer 6,Product 5,August,2022,2022-01-08,1038518.0,2023-2024
Customer 6,Product 5,September,2022,2022-01-09,,2023-2024
Customer 6,Product 5,October,2022,2022-01-10,,2023-2024
Customer 6,Product 5,November,2022,2022-01-11,,2023-2024
Customer 6,Product 5,December,2022,2022-01-12,1039029.0,2023-2024
Customer 6,Product 5,January,2023,2023-01-01,1044628.0,2023-2024
Customer 6,Product 5,February,2023,2023-01-02,,2023-2024
Customer 6,Product 5,March,2023,2023-01-03,,2023-2024
Customer 6,Product 5,April,2023,2023-01-04,3040733.0,2024-2025
Customer 6,Product 5,May,2023,2023-01-05,,2024-2025
Customer 6,Product 5,June,2023,2023-01-06,3044691.0,2024-2025
Customer 6,Product 5,July,2023,2023-01-07,3046588.0,2024-2025
Customer 6,Product 5,August,2023,2023-01-08,3046977.0,2024-2025
Customer 6,Product 5,September,2023,2023-01-09,3047363.0,2024-2025
Customer 6,Product 5,October,2023,2023-01-10,3052887.0,2024-2025
Customer 6,Product 5,November,2023,2023-01-11,3056087.0,2024-2025
Customer 6,Product 5,December,2023,2023-01-12,3059007.0,2024-2025
Customer 6,Product 5,January,2024,2024-01-01,,2024-2025
Customer 6,Product 5,February,2024,2024-01-02,,2024-2025
Customer 6,Product 5,March,2024,2024-01-03,,2024-2025
Customer 6,Product 6,April,2021,2021-01-04,5065011.0,2022-2023
Customer 6,Product 6,May,2021,2021-01-05,,2022-2023
Customer 6,Product 6,June,2021,2021-01-06,5066162.0,2022-2023
Customer 6,Product 6,July,2021,2021-01-07,5068782.0,2022-2023
Customer 6,Product 6,August,2021,2021-01-08,5071320.0,2022-2023
Customer 6,Product 6,September,2021,2021-01-09,5076107.0,2022-2023
Customer 6,Product 6,October,2021,2021-01-10,5081049.0,2022-2023
Customer 6,Product 6,November,2021,2021-01-11,5086027.0,2022-2023
Customer 6,Product 6,December,2021,2021-01-12,5088633.0,2022-2023
Customer 6,Product 6,January,2022,2022-01-01,5094781.0,2022-2023
Customer 6,Product 6,February,2022,2022-01-02,5099191.0,2022-2023
Customer 6,Product 6,March,2022,2022-01-03,,2022-2023
Customer 6,Product 6,April,2022,2022-01-04,7977371.0,2023-2024
Customer 6,Product 6,May,2022,2022-01-05,7978347.0,2023-2024
Customer 6,Product 6,June,2022,2022-01-06,7978962.0,2023-2024
Customer 6,Product 6,July,2022,2022-01-07,7986980.0,2023-2024
Customer 6,Product 6,August,2022,2022-01-08,7992022.0,2023-2024
Customer 6,Product 6,September,2022,2022-01-09,7998675.0,2023-2024
Customer 6,Product 6,October,2022,2022-01-10,8001710.0,2023-2024
Customer 6,Product 6,November,2022,2022-01-11,8003122.0,2023-2024
Customer 6,Product 6,December,2022,2022-01-12,8003617.0,2023-2024
Customer 6,Product 6,January,2023,2023-01-01,8013479.0,2023-2024
Customer 6,Product 6,February,2023,2023-01-02,8019154.0,2023-2024
Customer 6,Product 6,March,2023,2023-01-03,8020297.0,2023-2024
Customer 6,Product 6,April,2023,2023-01-04,3916729.0,2024-2025
Customer 6,Product 6,May,2023,2023-01-05,3922416.0,2024-2025
Customer 6,Product 6,June,2023,2023-01-06,3923870.0,2024-2025
Customer 6,Product 6,July,2023,2023-01-07,,2024-2025
Customer 6,Product 6,August,2023,2023-01-08,3924871.0,2024-2025
Customer 6,Product 6,September,2023,2023-01-09,3925608.0,2024-2025
Customer 6,Product 6,October,2023,2023-01-10,3928287.0,2024-2025
Customer 6,Product 6,November,2023,2023-01-11,3940306.0,2024-2025
Customer 6,Product 6,December,2023,2023-01-12,3942882.0,2024-2025
Customer 6,Product 6,January,2024,2024-01-01,,2024-2025
Customer 6,Product 6,February,2024,2024-01-02,,2024-2025
Customer 6,Product 6,March,2024,2024-01-03,3945430.0,2024-2025
Customer 6,Product 7,April,2021,2021-01-04,5099685.0,2022-2023
Customer 6,Product 7,May,2021,2021-01-05,5106757.0,2022-2023
Customer 6,Product 7,June,2021,2021-01-06,5111997.0,2022-2023
Customer 6,Product 7,July,2021,2021-01-07,5115690.0,2022-2023
Customer 6,Product 7,August,2021,2021-01-08,5115966.0,2022-2023
Customer 6,Product 7,September,2021,2021-01-09,5119401.0,2022-2023
Customer 6,Product 7,October,2021,2021-01-10,5124420.0,2022-2023
Customer 6,Product 7,November,2021,2021-01-11,5125314.0,2022-2023
Customer 6,Product 7,December,2021,2021-01-12,5131168.0,2022-2023
Customer 6,Product 7,January,2022,2022-01-01,,2022-2023
Customer 6,Product 7,February,2022,2022-01-02,,2022-2023
Customer 6,Product 7,March,2022,2022-01-03,5137356.0,2022-2023
Customer 6,Product 7,April,2022,2022-01-04,2048646.0,2023-2024
Customer 6,Product 7,May,2022,2022-01-05,2049343.0,2023-2024
Customer 6,Product 7,June,2022,2022-01-06,2049564.0,2023-2024
Customer 6,Product 7,July,2022,2022-01-07,,2023-2024
Customer 6,Product 7,August,2022,2022-01-08,2052527.0,2023-2024
Customer 6,Product 7,September,2022,2022-01-09,2053719.0,2023-2024
Customer 6,Product 7,October,2022,2022-01-10,,2023-2024
Customer 6,Product 7,November,2022,2022-01-11,2058445.0,2023-2024
Customer 6,Product 7,December,2022,2022-01-12,,2023-2024
Customer 6,Product 7,January,2023,2023-01-01,2063503.0,2023-2024
Customer 6,Product 7,February,2023,2023-01-02,,2023-2024
Customer 6,Product 7,March,2023,2023-01-03,,2023-2024
Customer 6,Product 7,April,2023,2023-01-04,,2024-2025
Customer 6,Product 7,May,2023,2023-01-05,,2024-2025
Customer 6,Product 7,June,2023,2023-01-06,,2024-2025
Customer 6,Product 7,July,2023,2023-01-07,,2024-2025
Customer 6,Product 7,August,2023,2023-01-08,404549.0,2024-2025
Customer 6,Product 7,September,2023,2023-01-09,411587.0,2024-2025
Customer 6,Product 7,October,2023,2023-01-10,414123.0,2024-2025
Customer 6,Product 7,November,2023,2023-01-11,,2024-2025
Customer 6,Product 7,December,2023,2023-01-12,,2024-2025
Customer 6,Product 7,January,2024,2024-01-01,,2024-2025
Customer 6,Product 7,February,2024,2024-01-02,,2024-2025
Customer 6,Product 7,March,2024,2024-01-03,,2024-2025
Customer 6,Product 8,April,2021,2021-01-04,8020983.0,2022-2023
Customer 6,Product 8,May,2021,2021-01-05,8024065.0,2022-2023
Customer 6,Product 8,June,2021,2021-01-06,8024555.0,2022-2023
Customer 6,Product 8,July,2021,2021-01-07,8026490.0,2022-2023
Customer 6,Product 8,August,2021,2021-01-08,8030617.0,2022-2023
Customer 6,Product 8,September,2021,2021-01-09,8030965.0,2022-2023
Customer 6,Product 8,October,2021,2021-01-10,8030973.0,2022-2023
Customer 6,Product 8,November,2021,2021-01-11,8035193.0,2022-2023
Customer 6,Product 8,December,2021,2021-01-12,8036040.0,2022-2023
Customer 6,Product 8,January,2022,2022-01-01,8040882.0,2022-2023
Customer 6,Product 8,February,2022,2022-01-02,8048527.0,2022-2023
Customer 6,Product 8,March,2022,2022-01-03,8051084.0,2022-2023
Customer 6,Product 8,April,2022,2022-01-04,5143491.0,2023-2024
Customer 6,Product 8,May,2022,2022-01-05,5151271.0,2023-2024
Customer 6,Product 8,June,2022,2022-01-06,,2023-2024
Customer 6,Product 8,July,2022,2022-01-07,,2023-2024
Customer 6,Product 8,August,2022,2022-01-08,5153429.0,2023-2024
Customer 6,Product 8,September,2022,2022-01-09,5156118.0,2023-2024
Customer 6,Product 8,October,2022,2022-01-10,5162290.0,2023-2024
Customer 6,Product 8,November,2022,2022-01-11,5163393.0,2023-2024
Customer 6,Product 8,December,2022,2022-01-12,5169642.0,2023-2024
Customer 6,Product 8,January,2023,2023-01-01,5169761.0,2023-2024
Customer 6,Product 8,February,2023,2023-01-02,5172134.0,2023-2024
Customer 6,Product 8,March,2023,2023-01-03,5181389.0,2023-2024
Customer 6,Product 8,April,2023,2023-01-04,3061260.0,2024-2025
Customer 6,Product 8,May,2023,2023-01-05,,2024-2025
Customer 6,Product 8,June,2023,2023-01-06,,2024-2025
Customer 6,Product 8,July,2023,2023-01-07,3062300.0,2024-2025
Customer 6,Product 8,August,2023,2023-01-08,3063642.0,2024-2025
Customer 6,Product 8,September,2023,2023-01-09,3063974.0,2024-2025
Customer 6,Product 8,October,2023,2023-01-10,3064176.0,2024-2025
Customer 6,Product 8,November,2023,2023-01-11,,2024-2025
Customer 6,Product 8,December,2023,2023-01-12,,2024-2025
Customer 6,Product 8,January,2024,2024-01-01,3065626.0,2024-2025
Customer 6,Product 8,February,2024,2024-01-02,3067048.0,2024-2025
Customer 6,Product 8,March,2024,2024-01-03,3069421.0,2024-2025
Customer 6,Product 9,April,2021,2021-01-04,5183522.0,2022-2023
Customer 6,Product 9,May,2021,2021-01-05,5184812.0,2022-2023
Customer 6,Product 9,June,2021,2021-01-06,,2022-2023
Customer 6,Product 9,July,2021,2021-01-07,5184824.0,2022-2023
Customer 6,Product 9,August,2021,2021-01-08,,2022-2023
Customer 6,Product 9,September,2021,2021-01-09,5187079.0,2022-2023
Customer 6,Product 9,October,2021,2021-01-10,5187362.0,2022-2023
Customer 6,Product 9,November,2021,2021-01-11,5188445.0,2022-2023
Customer 6,Product 9,December,2021,2021-01-12,5190305.0,2022-2023
Customer 6,Product 9,January,2022,2022-01-01,5191191.0,2022-2023
Customer 6,Product 9,February,2022,2022-01-02,5191788.0,2022-2023
Customer 6,Product 9,March,2022,2022-01-03,5196463.0,2022-2023
Customer 6,Product 9,April,2022,2022-01-04,6135083.0,2023-2024
Customer 6,Product 9,May,2022,2022-01-05,6141526.0,2023-2024
Customer 6,Product 9,June,2022,2022-01-06,6143339.0,2023-2024
Customer 6,Product 9,July,2022,2022-01-07,6147934.0,2023-2024
Customer 6,Product 9,August,2022,2022-01-08,6153034.0,2023-2024
Customer 6,Product 9,September,2022,2022-01-09,6153961.0,2023-2024
Customer 6,Product 9,October,2022,2022-01-10,6156035.0,2023-2024
Customer 6,Product 9,November,2022,2022-01-11,6156634.0,2023-2024
Customer 6,Product 9,December,2022,2022-01-12,6160237.0,2023-2024
Customer 6,Product 9,January,2023,2023-01-01,6162999.0,2023-2024
Customer 6,Product 9,February,2023,2023-01-02,6170008.0,2023-2024
Customer 6,Product 9,March,2023,2023-01-03,,2023-2024
Customer 6,Product 9,April,2023,2023-01-04,,2024-2025
Customer 6,Product 9,May,2023,2023-01-05,,2024-2025
Customer 6,Product 9,June,2023,2023-01-06,3076992.0,2024-2025
Customer 6,Product 9,July,2023,2023-01-07,3078537.0,2024-2025
Customer 6,Product 9,August,2023,2023-01-08,3081972.0,2024-2025
Customer 6,Product 9,September,2023,2023-01-09,,2024-2025
Customer 6,Product 9,October,2023,2023-01-10,3082311.0,2024-2025
Customer 6,Product 9,November,2023,2023-01-11,3085398.0,2024-2025
Customer 6,Product 9,December,2023,2023-01-12,3086060.0,2024-2025
Customer 6,Product 9,January,2024,2024-01-01,3091005.0,2024-2025
Customer 6,Product 9,February,2024,2024-01-02,,2024-2025
Customer 6,Product 9,March,2024,2024-01-03,3091623.0,2024-2025
Customer 7,Product 1,April,2021,2021-01-04,,2022-2023
Customer 7,Product 1,May,2021,2021-01-05,,2022-2023
Customer 7,Product 1,June,2021,2021-01-06,,2022-2023
Customer 7,Product 1,July,2021,2021-01-07,,2022-2023
Customer 7,Product 1,August,2021,2021-01-08,,2022-2023
Customer 7,Product 1,September,2021,2021-01-09,,2022-2023
Customer 7,Product 1,October,2021,2021-01-10,420748.0,2022-2023
Customer 7,Product 1,November,2021,2021-01-11,422441.0,2022-2023
Customer 7,Product 1,December,2021,2021-01-12,,2022-2023
Customer 7,Product 1,January,2022,2022-01-01,,2022-2023
Customer 7,Product 1,February,2022,2022-01-02,427202.0,2022-2023
Customer 7,Product 1,March,2022,2022-01-03,,2022-2023
Customer 7,Product 1,April,2022,2022-01-04,,2023-2024
Customer 7,Product 1,May,2022,2022-01-05,3946957.0,2023-2024
Customer 7,Product 1,June,2022,2022-01-06,3947452.0,2023-2024
Customer 7,Product 1,July,2022,2022-01-07,3952473.0,2023-2024
Customer 7,Product 1,August,2022,2022-01-08,3952569.0,2023-2024
Customer 7,Product 1,September,2022,2022-01-09,,2023-2024
Customer 7,Product 1,October,2022,2022-01-10,3957219.0,2023-2024
Customer 7,Product 1,November,2022,2022-01-11,3959288.0,2023-2024
Customer 7,Product 1,December,2022,2022-01-12,,2023-2024
Customer 7,Product 1,January,2023,2023-01-01,3963113.0,2023-2024
Customer 7,Product 1,February,2023,2023-01-02,3963195.0,2023-2024
Customer 7,Product 1,March,2023,2023-01-03,3965338.0,2023-2024
Customer 7,Product 1,April,2023,2023-01-04,724151.0,2024-2025
Customer 7,Product 1,May,2023,2023-01-05,729062.0,2024-2025
Customer 7,Product 1,June,2023,2023-01-06,,2024-2025
Customer 7,Product 1,July,2023,2023-01-07,,2024-2025
Customer 7,Product 1,August,2023,2023-01-08,,2024-2025
Customer 7,Product 1,September,2023,2023-01-09,,2024-2025
Customer 7,Product 1,October,2023,2023-01-10,,2024-2025
Customer 7,Product 1,November,2023,2023-01-11,731478.0,2024-2025
Customer 7,Product 1,December,2023,2023-01-12,,2024-2025
Customer 7,Product 1,January,2024,2024-01-01,,2024-2025
Customer 7,Product 1,February,2024,2024-01-02,,2024-2025
Customer 7,Product 1,March,2024,2024-01-03,734289.0,2024-2025
Customer 7,Product 10,April,2021,2021-01-04,8055982.0,2022-2023
Customer 7,Product 10,May,2021,2021-01-05,8056250.0,2022-2023
Customer 7,Product 10,June,2021,2021-01-06,8058384.0,2022-2023
Customer 7,Product 10,July,2021,2021-01-07,8059922.0,2022-2023
Customer 7,Product 10,August,2021,2021-01-08,8062086.0,2022-2023
Customer 7,Product 10,September,2021,2021-01-09,8087233.0,2022-2023
Customer 7,Product 10,October,2021,2021-01-10,8102194.0,2022-2023
Customer 7,Product 10,November,2021,2021-01-11,8103106.0,2022-2023
Customer 7,Product 10,December,2021,2021-01-12,8112675.0,2022-2023
Customer 7,Product 10,January,2022,2022-01-01,8113734.0,2022-2023
Customer 7,Product 10,February,2022,2022-01-02,8114683.0,2022-2023
Customer 7,Product 10,March,2022,2022-01-03,8120123.0,2022-2023
Customer 7,Product 10,April,2022,2022-01-04,8121817.0,2023-2024
Customer 7,Product 10,May,2022,2022-01-05,8122451.0,2023-2024
Customer 7,Product 10,June,2022,2022-01-06,8124478.0,2023-2024
Customer 7,Product 10,July,2022,2022-01-07,8128080.0,2023-2024
Customer 7,Product 10,August,2022,2022-01-08,8128246.0,2023-2024
Customer 7,Product 10,September,2022,2022-01-09,8131185.0,2023-2024
Customer 7,Product 10,October,2022,2022-01-10,8138052.0,2023-2024
Customer 7,Product 10,November,2022,2022-01-11,8138720.0,2023-2024
Customer 7,Product 10,December,2022,2022-01-12,8142125.0,2023-2024
Customer 7,Product 10,January,2023,2023-01-01,8143615.0,2023-2024
Customer 7,Product 10,February,2023,2023-01-02,8146716.0,2023-2024
Customer 7,Product 10,March,2023,2023-01-03,8147720.0,2023-2024
Customer 7,Product 10,April,2023,2023-01-04,,2024-2025
Customer 7,Product 10,May,2023,2023-01-05,1599475.0,2024-2025
Customer 7,Product 10,June,2023,2023-01-06,,2024-2025
Customer 7,Product 10,July,2023,2023-01-07,1599990.0,2024-2025
Customer 7,Product 10,August,2023,2023-01-08,1600339.0,2024-2025
Customer 7,Product 10,September,2023,2023-01-09,1606057.0,2024-2025
Customer 7,Product 10,October,2023,2023-01-10,,2024-2025
Customer 7,Product 10,November,2023,2023-01-11,1610350.0,2024-2025
Customer 7,Product 10,December,2023,2023-01-12,,2024-2025
Customer 7,Product 10,January,2024,2024-01-01,,2024-2025
Customer 7,Product 10,February,2024,2024-01-02,,2024-2025
Customer 7,Product 10,March,2024,2024-01-03,1614542.0,2024-2025
Customer 7,Product 3,April,2021,2021-01-04,8148295.0,2022-2023
Customer 7,Product 3,May,2021,2021-01-05,8156571.0,2022-2023
Customer 7,Product 3,June,2021,2021-01-06,8162304.0,2022-2023
Customer 7,Product 3,July,2021,2021-01-07,8164914.0,2022-2023
Customer 7,Product 3,August,2021,2021-01-08,8168738.0,2022-2023
Customer 7,Product 3,September,2021,2021-01-09,8181957.0,2022-2023
Customer 7,Product 3,October,2021,2021-01-10,8182676.0,2022-2023
Customer 7,Product 3,November,2021,2021-01-11,8184723.0,2022-2023
Customer 7,Product 3,December,2021,2021-01-12,8185844.0,2022-2023
Customer 7,Product 3,January,2022,2022-01-01,8195608.0,2022-2023
Customer 7,Product 3,February,2022,2022-01-02,8209638.0,2022-2023
Customer 7,Product 3,March,2022,2022-01-03,8211128.0,2022-2023
Customer 7,Product 3,April,2022,2022-01-04,5208767.0,2023-2024
Customer 7,Product 3,May,2022,2022-01-05,5209479.0,2023-2024
Customer 7,Product 3,June,2022,2022-01-06,,2023-2024
Customer 7,Product 3,July,2022,2022-01-07,5211373.0,2023-2024
Customer 7,Product 3,August,2022,2022-01-08,5212047.0,2023-2024
Customer 7,Product 3,September,2022,2022-01-09,5212296.0,2023-2024
Customer 7,Product 3,October,2022,2022-01-10,5214695.0,2023-2024
Customer 7,Product 3,November,2022,2022-01-11,5217046.0,2023-2024
Customer 7,Product 3,December,2022,2022-01-12,5217974.0,2023-2024
Customer 7,Product 3,January,2023,2023-01-01,5225738.0,2023-2024
Customer 7,Product 3,February,2023,2023-01-02,5225893.0,2023-2024
Customer 7,Product 3,March,2023,2023-01-03,,2023-2024
Customer 7,Product 3,April,2023,2023-01-04,3091754.0,2024-2025
Customer 7,Product 3,May,2023,2023-01-05,,2024-2025
Customer 7,Product 3,June,2023,2023-01-06,,2024-2025
Customer 7,Product 3,July,2023,2023-01-07,3095268.0,2024-2025
Customer 7,Product 3,August,2023,2023-01-08,3098339.0,2024-2025
Customer 7,Product 3,September,2023,2023-01-09,3098834.0,2024-2025
Customer 7,Product 3,October,2023,2023-01-10,3100010.0,2024-2025
Customer 7,Product 3,November,2023,2023-01-11,3101501.0,2024-2025
Customer 7,Product 3,December,2023,2023-01-12,,2024-2025
Customer 7,Product 3,January,2024,2024-01-01,3123102.0,2024-2025
Customer 7,Product 3,February,2024,2024-01-02,3126797.0,2024-2025
Customer 7,Product 3,March,2024,2024-01-03,,2024-2025
Customer 7,Product 4,April,2021,2021-01-04,,2022-2023
Customer 7,Product 4,May,2021,2021-01-05,440268.0,2022-2023
Customer 7,Product 4,June,2021,2021-01-06,,2022-2023
Customer 7,Product 4,July,2021,2021-01-07,,2022-2023
Customer 7,Product 4,August,2021,2021-01-08,,2022-2023
Customer 7,Product 4,September,2021,2021-01-09,444389.0,2022-2023
Customer 7,Product 4,October,2021,2021-01-10,,2022-2023
Customer 7,Product 4,November,2021,2021-01-11,445103.0,2022-2023
Customer 7,Product 4,December,2021,2021-01-12,,2022-2023
Customer 7,Product 4,January,2022,2022-01-01,,2022-2023
Customer 7,Product 4,February,2022,2022-01-02,,2022-2023
Customer 7,Product 4,March,2022,2022-01-03,,2022-2023
Customer 7,Product 4,April,2022,2022-01-04,,2023-2024
Customer 7,Product 4,May,2022,2022-01-05,,2023-2024
Customer 7,Product 4,June,2022,2022-01-06,1614745.0,2023-2024
Customer 7,Product 4,July,2022,2022-01-07,1618809.0,2023-2024
Customer 7,Product 4,August,2022,2022-01-08,,2023-2024
Customer 7,Product 4,September,2022,2022-01-09,,2023-2024
Customer 7,Product 4,October,2022,2022-01-10,1632342.0,2023-2024
Customer 7,Product 4,November,2022,2022-01-11,1636241.0,2023-2024
Customer 7,Product 4,December,2022,2022-01-12,1648727.0,2023-2024
Customer 7,Product 4,January,2023,2023-01-01,,2023-2024
Customer 7,Product 4,February,2023,2023-01-02,,2023-2024
Customer 7,Product 4,March,2023,2023-01-03,1657235.0,2023-2024
Customer 7,Product 4,April,2023,2023-01-04,,2024-2025
Customer 7,Product 4,May,2023,2023-01-05,2064192.0,2024-2025
Customer 7,Product 4,June,2023,2023-01-06,,2024-2025
Customer 7,Product 4,July,2023,2023-01-07,2068029.0,2024-2025
Customer 7,Product 4,August,2023,2023-01-08,2069147.0,2024-2025
Customer 7,Product 4,September,2023,2023-01-09,2074445.0,2024-2025
Customer 7,Product 4,October,2023,2023-01-10,2074872.0,2024-2025
Customer 7,Product 4,November,2023,2023-01-11,,2024-2025
Customer 7,Product 4,December,2023,2023-01-12,2078325.0,2024-2025
Customer 7,Product 4,January,2024,2024-01-01,,2024-2025
Customer 7,Product 4,February,2024,2024-01-02,,2024-2025
Customer 7,Product 4,March,2024,2024-01-03,2080566.0,2024-2025
Customer 7,Product 5,April,2021,2021-01-04,3975081.0,2022-2023
Customer 7,Product 5,May,2021,2021-01-05,,2022-2023
Customer 7,Product 5,June,2021,2021-01-06,,2022-2023
Customer 7,Product 5,July,2021,2021-01-07,3987334.0,2022-2023
Customer 7,Product 5,August,2021,2021-01-08,3991667.0,2022-2023
Customer 7,Product 5,September,2021,2021-01-09,3993407.0,2022-2023
Customer 7,Product 5,October,2021,2021-01-10,3997464.0,2022-2023
Customer 7,Product 5,November,2021,2021-01-11,3997650.0,2022-2023
Customer 7,Product 5,December,2021,2021-01-12,4002735.0,2022-2023
Customer 7,Product 5,January,2022,2022-01-01,4005766.0,2022-2023
Customer 7,Product 5,February,2022,2022-01-02,4006366.0,2022-2023
Customer 7,Product 5,March,2022,2022-01-03,,2022-2023
Customer 7,Product 5,April,2022,2022-01-04,6172810.0,2023-2024
Customer 7,Product 5,May,2022,2022-01-05,6175487.0,2023-2024
Customer 7,Product 5,June,2022,2022-01-06,6175967.0,2023-2024
Customer 7,Product 5,July,2022,2022-01-07,6179023.0,2023-2024
Customer 7,Product 5,August,2022,2022-01-08,6182247.0,2023-2024
Customer 7,Product 5,September,2022,2022-01-09,6184399.0,2023-2024
Customer 7,Product 5,October,2022,2022-01-10,6188572.0,2023-2024
Customer 7,Product 5,November,2022,2022-01-11,6189225.0,2023-2024
Customer 7,Product 5,December,2022,2022-01-12,6193759.0,2023-2024
Customer 7,Product 5,January,2023,2023-01-01,6195373.0,2023-2024
Customer 7,Product 5,February,2023,2023-01-02,6196916.0,2023-2024
Customer 7,Product 5,March,2023,2023-01-03,,2023-2024
Customer 7,Product 5,April,2023,2023-01-04,8211558.0,2024-2025
Customer 7,Product 5,May,2023,2023-01-05,8214615.0,2024-2025
Customer 7,Product 5,June,2023,2023-01-06,8217487.0,2024-2025
Customer 7,Product 5,July,2023,2023-01-07,8220598.0,2024-2025
Customer 7,Product 5,August,2023,2023-01-08,8223039.0,2024-2025
Customer 7,Product 5,September,2023,2023-01-09,8227888.0,2024-2025
Customer 7,Product 5,October,2023,2023-01-10,8229305.0,2024-2025
Customer 7,Product 5,November,2023,2023-01-11,8229846.0,2024-2025
Customer 7,Product 5,December,2023,2023-01-12,8231935.0,2024-2025
Customer 7,Product 5,January,2024,2024-01-01,8232652.0,2024-2025
Customer 7,Product 5,February,2024,2024-01-02,8236415.0,2024-2025
Customer 7,Product 5,March,2024,2024-01-03,8243119.0,2024-2025
Customer 7,Product 6,April,2021,2021-01-04,,2022-2023
Customer 7,Product 6,May,2021,2021-01-05,,2022-2023
Customer 7,Product 6,June,2021,2021-01-06,737721.0,2022-2023
Customer 7,Product 6,July,2021,2021-01-07,742433.0,2022-2023
Customer 7,Product 6,August,2021,2021-01-08,,2022-2023
Customer 7,Product 6,September,2021,2021-01-09,,2022-2023
Customer 7,Product 6,October,2021,2021-01-10,,2022-2023
Customer 7,Product 6,November,2021,2021-01-11,,2022-2023
Customer 7,Product 6,December,2021,2021-01-12,742616.0,2022-2023
Customer 7,Product 6,January,2022,2022-01-01,,2022-2023
Customer 7,Product 6,February,2022,2022-01-02,748338.0,2022-2023
Customer 7,Product 6,March,2022,2022-01-03,,2022-2023
Customer 7,Product 6,April,2022,2022-01-04,,2023-2024
Customer 7,Product 6,May,2022,2022-01-05,1047492.0,2023-2024
Customer 7,Product 6,June,2022,2022-01-06,,2023-2024
Customer 7,Product 6,July,2022,2022-01-07,,2023-2024
Customer 7,Product 6,August,2022,2022-01-08,1048117.0,2023-2024
Customer 7,Product 6,September,2022,2022-01-09,1052148.0,2023-2024
Customer 7,Product 6,October,2022,2022-01-10,,2023-2024
Customer 7,Product 6,November,2022,2022-01-11,,2023-2024
Customer 7,Product 6,December,2022,2022-01-12,1052402.0,2023-2024
Customer 7,Product 6,January,2023,2023-01-01,,2023-2024
Customer 7,Product 6,February,2023,2023-01-02,,2023-2024
Customer 7,Product 6,March,2023,2023-01-03,1052835.0,2023-2024
Customer 7,Product 6,April,2023,2023-01-04,4015886.0,2024-2025
Customer 7,Product 6,May,2023,2023-01-05,4016441.0,2024-2025
Customer 7,Product 6,June,2023,2023-01-06,4027103.0,2024-2025
Customer 7,Product 6,July,2023,2023-01-07,,2024-2025
Customer 7,Product 6,August,2023,2023-01-08,4028518.0,2024-2025
Customer 7,Product 6,September,2023,2023-01-09,,2024-2025
Customer 7,Product 6,October,2023,2023-01-10,4029902.0,2024-2025
Customer 7,Product 6,November,2023,2023-01-11,4031384.0,2024-2025
Customer 7,Product 6,December,2023,2023-01-12,,2024-2025
Customer 7,Product 6,January,2024,2024-01-01,4034776.0,2024-2025
Customer 7,Product 6,February,2024,2024-01-02,4035963.0,2024-2025
Customer 7,Product 6,March,2024,2024-01-03,4042096.0,2024-2025
Customer 7,Product 8,April,2021,2021-01-04,,2022-2023
Customer 7,Product 8,May,2021,2021-01-05,,2022-2023
Customer 7,Product 8,June,2021,2021-01-06,,2022-2023
Customer 7,Product 8,July,2021,2021-01-07,445652.0,2022-2023
Customer 7,Product 8,August,2021,2021-01-08,,2022-2023
Customer 7,Product 8,September,2021,2021-01-09,455829.0,2022-2023
Customer 7,Product 8,October,2021,2021-01-10,,2022-2023
Customer 7,Product 8,November,2021,2021-01-11,457865.0,2022-2023
Customer 7,Product 8,December,2021,2021-01-12,,2022-2023
Customer 7,Product 8,January,2022,2022-01-01,,2022-2023
Customer 7,Product 8,February,2022,2022-01-02,,2022-2023
Customer 7,Product 8,March,2022,2022-01-03,,2022-2023
Customer 7,Product 8,April,2022,2022-01-04,1061686.0,2023-2024
Customer 7,Product 8,May,2022,2022-01-05,,2023-2024
Customer 7,Product 8,June,2022,2022-01-06,1062047.0,2023-2024
Customer 7,Product 8,July,2022,2022-01-07,,2023-2024
Customer 7,Product 8,August,2022,2022-01-08,1068558.0,2023-2024
Customer 7,Product 8,September,2022,2022-01-09,,2023-2024
Customer 7,Product 8,October,2022,2022-01-10,1080095.0,2023-2024
Customer 7,Product 8,November,2022,2022-01-11,,2023-2024
Customer 7,Product 8,December,2022,2022-01-12,,2023-2024
Customer 7,Product 8,January,2023,2023-01-01,,2023-2024
Customer 7,Product 8,February,2023,2023-01-02,,2023-2024
Customer 7,Product 8,March,2023,2023-01-03,1085989.0,2023-2024
Customer 7,Product 8,April,2023,2023-01-04,4043315.0,2024-2025
Customer 7,Product 8,May,2023,2023-01-05,4045197.0,2024-2025
Customer 7,Product 8,June,2023,2023-01-06,4048362.0,2024-2025
Customer 7,Product 8,July,2023,2023-01-07,4052033.0,2024-2025
Customer 7,Product 8,August,2023,2023-01-08,4053172.0,2024-2025
Customer 7,Product 8,September,2023,2023-01-09,,2024-2025
Customer 7,Product 8,October,2023,2023-01-10,4054753.0,2024-2025
Customer 7,Product 8,November,2023,2023-01-11,4057513.0,2024-2025
Customer 7,Product 8,December,2023,2023-01-12,,2024-2025
Customer 7,Product 8,January,2024,2024-01-01,,2024-2025
Customer 7,Product 8,February,2024,2024-01-02,4062207.0,2024-2025
Customer 7,Product 8,March,2024,2024-01-03,4076358.0,2024-2025
Customer 7,Product 9,April,2021,2021-01-04,,2022-2023
Customer 7,Product 9,May,2021,2021-01-05,,2022-2023
Customer 7,Product 9,June,2021,2021-01-06,,2022-2023
Customer 7,Product 9,July,2021,2021-01-07,,2022-2023
Customer 7,Product 9,August,2021,2021-01-08,,2022-2023
Customer 7,Product 9,September,2021,2021-01-09,,2022-2023
Customer 7,Product 9,October,2021,2021-01-10,,2022-2023
Customer 7,Product 9,November,2021,2021-01-11,,2022-2023
Customer 7,Product 9,December,2021,2021-01-12,,2022-2023
Customer 7,Product 9,January,2022,2022-01-01,,2022-2023
Customer 7,Product 9,February,2022,2022-01-02,,2022-2023
Customer 7,Product 9,March,2022,2022-01-03,,2022-2023
Customer 7,Product 9,April,2022,2022-01-04,,2023-2024
Customer 7,Product 9,May,2022,2022-01-05,463954.0,2023-2024
Customer 7,Product 9,June,2022,2022-01-06,,2023-2024
Customer 7,Product 9,July,2022,2022-01-07,,2023-2024
Customer 7,Product 9,August,2022,2022-01-08,,2023-2024
Customer 7,Product 9,September,2022,2022-01-09,469747.0,2023-2024
Customer 7,Product 9,October,2022,2022-01-10,,2023-2024
Customer 7,Product 9,November,2022,2022-01-11,,2023-2024
Customer 7,Product 9,December,2022,2022-01-12,,2023-2024
Customer 7,Product 9,January,2023,2023-01-01,,2023-2024
Customer 7,Product 9,February,2023,2023-01-02,,2023-2024
Customer 7,Product 9,March,2023,2023-01-03,470806.0,2023-2024
Customer 7,Product 9,April,2023,2023-01-04,,2024-2025
Customer 7,Product 9,May,2023,2023-01-05,,2024-2025
Customer 7,Product 9,June,2023,2023-01-06,1089850.0,2024-2025
Customer 7,Product 9,July,2023,2023-01-07,,2024-2025
Customer 7,Product 9,August,2023,2023-01-08,1093456.0,2024-2025
Customer 7,Product 9,September,2023,2023-01-09,1093831.0,2024-2025
Customer 7,Product 9,October,2023,2023-01-10,1095204.0,2024-2025
Customer 7,Product 9,November,2023,2023-01-11,,2024-2025
Customer 7,Product 9,December,2023,2023-01-12,,2024-2025
Customer 7,Product 9,January,2024,2024-01-01,1097702.0,2024-2025
Customer 7,Product 9,February,2024,2024-01-02,,2024-2025
Customer 7,Product 9,March,2024,2024-01-03,,2024-2025
Customer 8,Product 1,April,2021,2021-01-04,8243385.0,2022-2023
Customer 8,Product 1,May,2021,2021-01-05,8245058.0,2022-2023
Customer 8,Product 1,June,2021,2021-01-06,8245624.0,2022-2023
Customer 8,Product 1,July,2021,2021-01-07,8249718.0,2022-2023
Customer 8,Product 1,August,2021,2021-01-08,8253591.0,2022-2023
Customer 8,Product 1,September,2021,2021-01-09,8253904.0,2022-2023
Customer 8,Product 1,October,2021,2021-01-10,8261284.0,2022-2023
Customer 8,Product 1,November,2021,2021-01-11,8268007.0,2022-2023
Customer 8,Product 1,December,2021,2021-01-12,8271179.0,2022-2023
Customer 8,Product 1,January,2022,2022-01-01,8272059.0,2022-2023
Customer 8,Product 1,February,2022,2022-01-02,8276794.0,2022-2023
Customer 8,Product 1,March,2022,2022-01-03,8276891.0,2022-2023
Customer 8,Product 1,April,2022,2022-01-04,6210251.0,2023-2024
Customer 8,Product 1,May,2022,2022-01-05,6212184.0,2023-2024
Customer 8,Product 1,June,2022,2022-01-06,6215291.0,2023-2024
Customer 8,Product 1,July,2022,2022-01-07,6215526.0,2023-2024
Customer 8,Product 1,August,2022,2022-01-08,6220359.0,2023-2024
Customer 8,Product 1,September,2022,2022-01-09,6222581.0,2023-2024
Customer 8,Product 1,October,2022,2022-01-10,6223363.0,2023-2024
Customer 8,Product 1,November,2022,2022-01-11,6231171.0,2023-2024
Customer 8,Product 1,December,2022,2022-01-12,6237528.0,2023-2024
Customer 8,Product 1,January,2023,2023-01-01,,2023-2024
Customer 8,Product 1,February,2023,2023-01-02,6237674.0,2023-2024
Customer 8,Product 1,March,2023,2023-01-03,6238702.0,2023-2024
Customer 8,Product 1,April,2023,2023-01-04,,2024-2025
Customer 8,Product 1,May,2023,2023-01-05,1659827.0,2024-2025
Customer 8,Product 1,June,2023,2023-01-06,1663306.0,2024-2025
Customer 8,Product 1,July,2023,2023-01-07,,2024-2025
Customer 8,Product 1,August,2023,2023-01-08,,2024-2025
Customer 8,Product 1,September,2023,2023-01-09,1669395.0,2024-2025
Customer 8,Product 1,October,2023,2023-01-10,,2024-2025
Customer 8,Product 1,November,2023,2023-01-11,1673617.0,2024-2025
Customer 8,Product 1,December,2023,2023-01-12,1681255.0,2024-2025
Customer 8,Product 1,January,2024,2024-01-01,,2024-2025
Customer 8,Product 1,February,2024,2024-01-02,,2024-2025
Customer 8,Product 1,March,2024,2024-01-03,1683870.0,2024-2025
Customer 8,Product 10,April,2021,2021-01-04,,2022-2023
Customer 8,Product 10,May,2021,2021-01-05,,2022-2023
Customer 8,Product 10,June,2021,2021-01-06,,2022-2023
Customer 8,Product 10,July,2021,2021-01-07,,2022-2023
Customer 8,Product 10,August,2021,2021-01-08,,2022-2023
Customer 8,Product 10,September,2021,2021-01-09,,2022-2023
Customer 8,Product 10,October,2021,2021-01-10,,2022-2023
Customer 8,Product 10,November,2021,2021-01-11,,2022-2023
Customer 8,Product 10,December,2021,2021-01-12,,2022-2023
Customer 8,Product 10,January,2022,2022-01-01,,2022-2023
Customer 8,Product 10,February,2022,2022-01-02,,2022-2023
Customer 8,Product 10,March,2022,2022-01-03,,2022-2023
Customer 8,Product 10,April,2022,2022-01-04,,2023-2024
Customer 8,Product 10,May,2022,2022-01-05,,2023-2024
Customer 8,Product 10,June,2022,2022-01-06,,2023-2024
Customer 8,Product 10,July,2022,2022-01-07,,2023-2024
Customer 8,Product 10,August,2022,2022-01-08,472220.0,2023-2024
Customer 8,Product 10,September,2022,2022-01-09,,2023-2024
Customer 8,Product 10,October,2022,2022-01-10,,2023-2024
Customer 8,Product 10,November,2022,2022-01-11,472993.0,2023-2024
Customer 8,Product 10,December,2022,2022-01-12,,2023-2024
Customer 8,Product 10,January,2023,2023-01-01,,2023-2024
Customer 8,Product 10,February,2023,2023-01-02,474386.0,2023-2024
Customer 8,Product 10,March,2023,2023-01-03,,2023-2024
Customer 8,Product 10,April,2023,2023-01-04,1686803.0,2024-2025
Customer 8,Product 10,May,2023,2023-01-05,1688804.0,2024-2025
Customer 8,Product 10,June,2023,2023-01-06,,2024-2025
Customer 8,Product 10,July,2023,2023-01-07,,2024-2025
Customer 8,Product 10,August,2023,2023-01-08,1691442.0,2024-2025
Customer 8,Product 10,September,2023,2023-01-09,1692069.0,2024-2025
Customer 8,Product 10,October,2023,2023-01-10,,2024-2025
Customer 8,Product 10,November,2023,2023-01-11,,2024-2025
Customer 8,Product 10,December,2023,2023-01-12,1697713.0,2024-2025
Customer 8,Product 10,January,2024,2024-01-01,,2024-2025
Customer 8,Product 10,February,2024,2024-01-02,,2024-2025
Customer 8,Product 10,March,2024,2024-01-03,1698200.0,2024-2025
Customer 8,Product 2,April,2021,2021-01-04,8277169.0,2022-2023
Customer 8,Product 2,May,2021,2021-01-05,8277353.0,2022-2023
Customer 8,Product 2,June,2021,2021-01-06,8281317.0,2022-2023
Customer 8,Product 2,July,2021,2021-01-07,8286699.0,2022-2023
Customer 8,Product 2,August,2021,2021-01-08,8296222.0,2022-2023
Customer 8,Product 2,September,2021,2021-01-09,8297223.0,2022-2023
Customer 8,Product 2,October,2021,2021-01-10,8299212.0,2022-2023
Customer 8,Product 2,November,2021,2021-01-11,8303582.0,2022-2023
Customer 8,Product 2,December,2021,2021-01-12,8310073.0,2022-2023
Customer 8,Product 2,January,2022,2022-01-01,8316282.0,2022-2023
Customer 8,Product 2,February,2022,2022-01-02,8317062.0,2022-2023
Customer 8,Product 2,March,2022,2022-01-03,8318766.0,2022-2023
Customer 8,Product 2,April,2022,2022-01-04,3129639.0,2023-2024
Customer 8,Product 2,May,2022,2022-01-05,3130592.0,2023-2024
Customer 8,Product 2,June,2022,2022-01-06,3135823.0,2023-2024
Customer 8,Product 2,July,2022,2022-01-07,3137026.0,2023-2024
Customer 8,Product 2,August,2022,2022-01-08,3137753.0,2023-2024
Customer 8,Product 2,September,2022,2022-01-09,,2023-2024
Customer 8,Product 2,October,2022,2022-01-10,,2023-2024
Customer 8,Product 2,November,2022,2022-01-11,,2023-2024
Customer 8,Product 2,December,2022,2022-01-12,,2023-2024
Customer 8,Product 2,January,2023,2023-01-01,3146925.0,2023-2024
Customer 8,Product 2,February,2023,2023-01-02,3151684.0,2023-2024
Customer 8,Product 2,March,2023,2023-01-03,3159298.0,2023-2024
Customer 8,Product 2,April,2023,2023-01-04,,2024-2025
Customer 8,Product 2,May,2023,2023-01-05,2086047.0,2024-2025
Customer 8,Product 2,June,2023,2023-01-06,2086186.0,2024-2025
Customer 8,Product 2,July,2023,2023-01-07,2090436.0,2024-2025
Customer 8,Product 2,August,2023,2023-01-08,2103509.0,2024-2025
Customer 8,Product 2,September,2023,2023-01-09,2107886.0,2024-2025
Customer 8,Product 2,October,2023,2023-01-10,2108094.0,2024-2025
Customer 8,Product 2,November,2023,2023-01-11,,2024-2025
Customer 8,Product 2,December,2023,2023-01-12,,2024-2025
Customer 8,Product 2,January,2024,2024-01-01,,2024-2025
Customer 8,Product 2,February,2024,2024-01-02,,2024-2025
Customer 8,Product 2,March,2024,2024-01-03,2116751.0,2024-2025
Customer 8,Product 3,April,2021,2021-01-04,,2022-2023
Customer 8,Product 3,May,2021,2021-01-05,,2022-2023
Customer 8,Product 3,June,2021,2021-01-06,,2022-2023
Customer 8,Product 3,July,2021,2021-01-07,,2022-2023
Customer 8,Product 3,August,2021,2021-01-08,477690.0,2022-2023
Customer 8,Product 3,September,2021,2021-01-09,,2022-2023
Customer 8,Product 3,October,2021,2021-01-10,478700.0,2022-2023
Customer 8,Product 3,November,2021,2021-01-11,479266.0,2022-2023
Customer 8,Product 3,December,2021,2021-01-12,,2022-2023
Customer 8,Product 3,January,2022,2022-01-01,,2022-2023
Customer 8,Product 3,February,2022,2022-01-02,,2022-2023
Customer 8,Product 3,March,2022,2022-01-03,,2022-2023
Customer 8,Product 3,April,2022,2022-01-04,4078255.0,2023-2024
Customer 8,Product 3,May,2022,2022-01-05,4079037.0,2023-2024
Customer 8,Product 3,June,2022,2022-01-06,4082183.0,2023-2024
Customer 8,Product 3,July,2022,2022-01-07,,2023-2024
Customer 8,Product 3,August,2022,2022-01-08,,2023-2024
Customer 8,Product 3,September,2022,2022-01-09,4084342.0,2023-2024
Customer 8,Product 3,October,2022,2022-01-10,4088274.0,2023-2024
Customer 8,Product 3,November,2022,2022-01-11,4089032.0,2023-2024
Customer 8,Product 3,December,2022,2022-01-12,4092730.0,2023-2024
Customer 8,Product 3,January,2023,2023-01-01,4097246.0,2023-2024
Customer 8,Product 3,February,2023,2023-01-02,4097676.0,2023-2024
Customer 8,Product 3,March,2023,2023-01-03,,2023-2024
Customer 8,Product 3,April,2023,2023-01-04,6240657.0,2024-2025
Customer 8,Product 3,May,2023,2023-01-05,6245963.0,2024-2025
Customer 8,Product 3,June,2023,2023-01-06,6246080.0,2024-2025
Customer 8,Product 3,July,2023,2023-01-07,6247654.0,2024-2025
Customer 8,Product 3,August,2023,2023-01-08,,2024-2025
Customer 8,Product 3,September,2023,2023-01-09,6254711.0,2024-2025
Customer 8,Product 3,October,2023,2023-01-10,6259063.0,2024-2025
Customer 8,Product 3,November,2023,2023-01-11,6261187.0,2024-2025
Customer 8,Product 3,December,2023,2023-01-12,6266616.0,2024-2025
Customer 8,Product 3,January,2024,2024-01-01,6268115.0,2024-2025
Customer 8,Product 3,February,2024,2024-01-02,6279654.0,2024-2025
Customer 8,Product 3,March,2024,2024-01-03,6282383.0,2024-2025
Customer 8,Product 4,April,2021,2021-01-04,,2022-2023
Customer 8,Product 4,May,2021,2021-01-05,5227076.0,2022-2023
Customer 8,Product 4,June,2021,2021-01-06,5231464.0,2022-2023
Customer 8,Product 4,July,2021,2021-01-07,5232481.0,2022-2023
Customer 8,Product 4,August,2021,2021-01-08,5232907.0,2022-2023
Customer 8,Product 4,September,2021,2021-01-09,5236344.0,2022-2023
Customer 8,Product 4,October,2021,2021-01-10,5239990.0,2022-2023
Customer 8,Product 4,November,2021,2021-01-11,5241325.0,2022-2023
Customer 8,Product 4,December,2021,2021-01-12,5245795.0,2022-2023
Customer 8,Product 4,January,2022,2022-01-01,5246651.0,2022-2023
Customer 8,Product 4,February,2022,2022-01-02,,2022-2023
Customer 8,Product 4,March,2022,2022-01-03,5250626.0,2022-2023
Customer 8,Product 4,April,2022,2022-01-04,6285434.0,2023-2024
Customer 8,Product 4,May,2022,2022-01-05,6288159.0,2023-2024
Customer 8,Product 4,June,2022,2022-01-06,6290425.0,2023-2024
Customer 8,Product 4,July,2022,2022-01-07,6295446.0,2023-2024
Customer 8,Product 4,August,2022,2022-01-08,6295463.0,2023-2024
Customer 8,Product 4,September,2022,2022-01-09,6296013.0,2023-2024
Customer 8,Product 4,October,2022,2022-01-10,,2023-2024
Customer 8,Product 4,November,2022,2022-01-11,6303828.0,2023-2024
Customer 8,Product 4,December,2022,2022-01-12,6310025.0,2023-2024
Customer 8,Product 4,January,2023,2023-01-01,6313077.0,2023-2024
Customer 8,Product 4,February,2023,2023-01-02,6319252.0,2023-2024
Customer 8,Product 4,March,2023,2023-01-03,6326416.0,2023-2024
Customer 8,Product 4,April,2023,2023-01-04,,2024-2025
Customer 8,Product 4,May,2023,2023-01-05,,2024-2025
Customer 8,Product 4,June,2023,2023-01-06,,2024-2025
Customer 8,Product 4,July,2023,2023-01-07,2127315.0,2024-2025
Customer 8,Product 4,August,2023,2023-01-08,2134108.0,2024-2025
Customer 8,Product 4,September,2023,2023-01-09,2148088.0,2024-2025
Customer 8,Product 4,October,2023,2023-01-10,2150596.0,2024-2025
Customer 8,Product 4,November,2023,2023-01-11,,2024-2025
Customer 8,Product 4,December,2023,2023-01-12,,2024-2025
Customer 8,Product 4,January,2024,2024-01-01,2155877.0,2024-2025
Customer 8,Product 4,February,2024,2024-01-02,2169809.0,2024-2025
Customer 8,Product 4,March,2024,2024-01-03,2170159.0,2024-2025
Customer 8,Product 5,April,2021,2021-01-04,8320390.0,2022-2023
Customer 8,Product 5,May,2021,2021-01-05,8321327.0,2022-2023
Customer 8,Product 5,June,2021,2021-01-06,8340290.0,2022-2023
Customer 8,Product 5,July,2021,2021-01-07,8341087.0,2022-2023
Customer 8,Product 5,August,2021,2021-01-08,8341493.0,2022-2023
Customer 8,Product 5,September,2021,2021-01-09,8345909.0,2022-2023
Customer 8,Product 5,October,2021,2021-01-10,8353490.0,2022-2023
Customer 8,Product 5,November,2021,2021-01-11,8354793.0,2022-2023
Customer 8,Product 5,December,2021,2021-01-12,8354905.0,2022-2023
Customer 8,Product 5,January,2022,2022-01-01,8363369.0,2022-2023
Customer 8,Product 5,February,2022,2022-01-02,8369583.0,2022-2023
Customer 8,Product 5,March,2022,2022-01-03,8371308.0,2022-2023
Customer 8,Product 5,April,2022,2022-01-04,5254220.0,2023-2024
Customer 8,Product 5,May,2022,2022-01-05,,2023-2024
Customer 8,Product 5,June,2022,2022-01-06,,2023-2024
Customer 8,Product 5,July,2022,2022-01-07,5259218.0,2023-2024
Customer 8,Product 5,August,2022,2022-01-08,5260989.0,2023-2024
Customer 8,Product 5,September,2022,2022-01-09,5263300.0,2023-2024
Customer 8,Product 5,October,2022,2022-01-10,5270208.0,2023-2024
Customer 8,Product 5,November,2022,2022-01-11,5284307.0,2023-2024
Customer 8,Product 5,December,2022,2022-01-12,5291263.0,2023-2024
Customer 8,Product 5,January,2023,2023-01-01,5292039.0,2023-2024
Customer 8,Product 5,February,2023,2023-01-02,5296990.0,2023-2024
Customer 8,Product 5,March,2023,2023-01-03,5301598.0,2023-2024
Customer 8,Product 5,April,2023,2023-01-04,5303999.0,2024-2025
Customer 8,Product 5,May,2023,2023-01-05,5307594.0,2024-2025
Customer 8,Product 5,June,2023,2023-01-06,,2024-2025
Customer 8,Product 5,July,2023,2023-01-07,5309052.0,2024-2025
Customer 8,Product 5,August,2023,2023-01-08,5313174.0,2024-2025
Customer 8,Product 5,September,2023,2023-01-09,5314106.0,2024-2025
Customer 8,Product 5,October,2023,2023-01-10,5315622.0,2024-2025
Customer 8,Product 5,November,2023,2023-01-11,5318750.0,2024-2025
Customer 8,Product 5,December,2023,2023-01-12,5330864.0,2024-2025
Customer 8,Product 5,January,2024,2024-01-01,5333114.0,2024-2025
Customer 8,Product 5,February,2024,2024-01-02,5333799.0,2024-2025
Customer 8,Product 5,March,2024,2024-01-03,,2024-2025
Customer 8,Product 6,April,2021,2021-01-04,5341006.0,2022-2023
Customer 8,Product 6,May,2021,2021-01-05,5345158.0,2022-2023
Customer 8,Product 6,June,2021,2021-01-06,5347537.0,2022-2023
Customer 8,Product 6,July,2021,2021-01-07,5352029.0,2022-2023
Customer 8,Product 6,August,2021,2021-01-08,5356252.0,2022-2023
Customer 8,Product 6,September,2021,2021-01-09,5357973.0,2022-2023
Customer 8,Product 6,October,2021,2021-01-10,5360411.0,2022-2023
Customer 8,Product 6,November,2021,2021-01-11,5370345.0,2022-2023
Customer 8,Product 6,December,2021,2021-01-12,,2022-2023
Customer 8,Product 6,January,2022,2022-01-01,5373817.0,2022-2023
Customer 8,Product 6,February,2022,2022-01-02,,2022-2023
Customer 8,Product 6,March,2022,2022-01-03,5378750.0,2022-2023
Customer 8,Product 6,April,2022,2022-01-04,6333814.0,2023-2024
Customer 8,Product 6,May,2022,2022-01-05,6341135.0,2023-2024
Customer 8,Product 6,June,2022,2022-01-06,6347417.0,2023-2024
Customer 8,Product 6,July,2022,2022-01-07,6348272.0,2023-2024
Customer 8,Product 6,August,2022,2022-01-08,,2023-2024
Customer 8,Product 6,September,2022,2022-01-09,6351438.0,2023-2024
Customer 8,Product 6,October,2022,2022-01-10,6355188.0,2023-2024
Customer 8,Product 6,November,2022,2022-01-11,6363996.0,2023-2024
Customer 8,Product 6,December,2022,2022-01-12,6374831.0,2023-2024
Customer 8,Product 6,January,2023,2023-01-01,6375228.0,2023-2024
Customer 8,Product 6,February,2023,2023-01-02,6375953.0,2023-2024
Customer 8,Product 6,March,2023,2023-01-03,6379744.0,2023-2024
Customer 8,Product 6,April,2023,2023-01-04,,2024-2025
Customer 8,Product 6,May,2023,2023-01-05,4097978.0,2024-2025
Customer 8,Product 6,June,2023,2023-01-06,,2024-2025
Customer 8,Product 6,July,2023,2023-01-07,4100457.0,2024-2025
Customer 8,Product 6,August,2023,2023-01-08,4101555.0,2024-2025
Customer 8,Product 6,September,2023,2023-01-09,4102424.0,2024-2025
Customer 8,Product 6,October,2023,2023-01-10,4104630.0,2024-2025
Customer 8,Product 6,November,2023,2023-01-11,,2024-2025
Customer 8,Product 6,December,2023,2023-01-12,4105883.0,2024-2025
Customer 8,Product 6,January,2024,2024-01-01,4105945.0,2024-2025
Customer 8,Product 6,February,2024,2024-01-02,4111501.0,2024-2025
Customer 8,Product 6,March,2024,2024-01-03,4122001.0,2024-2025
Customer 8,Product 7,April,2021,2021-01-04,8371993.0,2022-2023
Customer 8,Product 7,May,2021,2021-01-05,8372422.0,2022-2023
Customer 8,Product 7,June,2021,2021-01-06,8375885.0,2022-2023
Customer 8,Product 7,July,2021,2021-01-07,8376203.0,2022-2023
Customer 8,Product 7,August,2021,2021-01-08,8377083.0,2022-2023
Customer 8,Product 7,September,2021,2021-01-09,8381989.0,2022-2023
Customer 8,Product 7,October,2021,2021-01-10,8385515.0,2022-2023
Customer 8,Product 7,November,2021,2021-01-11,8385765.0,2022-2023
Customer 8,Product 7,December,2021,2021-01-12,8389259.0,2022-2023
Customer 8,Product 7,January,2022,2022-01-01,8391335.0,2022-2023
Customer 8,Product 7,February,2022,2022-01-02,8391581.0,2022-2023
Customer 8,Product 7,March,2022,2022-01-03,8392499.0,2022-2023
Customer 8,Product 7,April,2022,2022-01-04,5389842.0,2023-2024
Customer 8,Product 7,May,2022,2022-01-05,,2023-2024
Customer 8,Product 7,June,2022,2022-01-06,,2023-2024
Customer 8,Product 7,July,2022,2022-01-07,5390875.0,2023-2024
Customer 8,Product 7,August,2022,2022-01-08,5395307.0,2023-2024
Customer 8,Product 7,September,2022,2022-01-09,5397768.0,2023-2024
Customer 8,Product 7,October,2022,2022-01-10,5398212.0,2023-2024
Customer 8,Product 7,November,2022,2022-01-11,5400511.0,2023-2024
Customer 8,Product 7,December,2022,2022-01-12,5407354.0,2023-2024
Customer 8,Product 7,January,2023,2023-01-01,5413989.0,2023-2024
Customer 8,Product 7,February,2023,2023-01-02,5417227.0,2023-2024
Customer 8,Product 7,March,2023,2023-01-03,5418198.0,2023-2024
Customer 8,Product 7,April,2023,2023-01-04,4127396.0,2024-2025
Customer 8,Product 7,May,2023,2023-01-05,4132761.0,2024-2025
Customer 8,Product 7,June,2023,2023-01-06,4136925.0,2024-2025
Customer 8,Product 7,July,2023,2023-01-07,4139525.0,2024-2025
Customer 8,Product 7,August,2023,2023-01-08,4140535.0,2024-2025
Customer 8,Product 7,September,2023,2023-01-09,4143233.0,2024-2025
Customer 8,Product 7,October,2023,2023-01-10,,2024-2025
Customer 8,Product 7,November,2023,2023-01-11,4144208.0,2024-2025
Customer 8,Product 7,December,2023,2023-01-12,,2024-2025
Customer 8,Product 7,January,2024,2024-01-01,,2024-2025
Customer 8,Product 7,February,2024,2024-01-02,4146368.0,2024-2025
Customer 8,Product 7,March,2024,2024-01-03,4148634.0,2024-2025
Customer 8,Product 8,April,2021,2021-01-04,,2022-2023
Customer 8,Product 8,May,2021,2021-01-05,,2022-2023
Customer 8,Product 8,June,2021,2021-01-06,,2022-2023
Customer 8,Product 8,July,2021,2021-01-07,,2022-2023
Customer 8,Product 8,August,2021,2021-01-08,487945.0,2022-2023
Customer 8,Product 8,September,2021,2021-01-09,,2022-2023
Customer 8,Product 8,October,2021,2021-01-10,,2022-2023
Customer 8,Product 8,November,2021,2021-01-11,493307.0,2022-2023
Customer 8,Product 8,December,2021,2021-01-12,,2022-2023
Customer 8,Product 8,January,2022,2022-01-01,503215.0,2022-2023
Customer 8,Product 8,February,2022,2022-01-02,,2022-2023
Customer 8,Product 8,March,2022,2022-01-03,,2022-2023
Customer 8,Product 8,April,2022,2022-01-04,,2023-2024
Customer 8,Product 8,May,2022,2022-01-05,,2023-2024
Customer 8,Product 8,June,2022,2022-01-06,,2023-2024
Customer 8,Product 8,July,2022,2022-01-07,1098476.0,2023-2024
Customer 8,Product 8,August,2022,2022-01-08,1101114.0,2023-2024
Customer 8,Product 8,September,2022,2022-01-09,,2023-2024
Customer 8,Product 8,October,2022,2022-01-10,1101809.0,2023-2024
Customer 8,Product 8,November,2022,2022-01-11,,2023-2024
Customer 8,Product 8,December,2022,2022-01-12,1105258.0,2023-2024
Customer 8,Product 8,January,2023,2023-01-01,,2023-2024
Customer 8,Product 8,February,2023,2023-01-02,,2023-2024
Customer 8,Product 8,March,2023,2023-01-03,1106783.0,2023-2024
Customer 8,Product 8,April,2023,2023-01-04,2171287.0,2024-2025
Customer 8,Product 8,May,2023,2023-01-05,2184023.0,2024-2025
Customer 8,Product 8,June,2023,2023-01-06,2201436.0,2024-2025
Customer 8,Product 8,July,2023,2023-01-07,,2024-2025
Customer 8,Product 8,August,2023,2023-01-08,,2024-2025
Customer 8,Product 8,September,2023,2023-01-09,2211092.0,2024-2025
Customer 8,Product 8,October,2023,2023-01-10,2214830.0,2024-2025
Customer 8,Product 8,November,2023,2023-01-11,,2024-2025
Customer 8,Product 8,December,2023,2023-01-12,,2024-2025
Customer 8,Product 8,January,2024,2024-01-01,2215988.0,2024-2025
Customer 8,Product 8,February,2024,2024-01-02,2227944.0,2024-2025
Customer 8,Product 8,March,2024,2024-01-03,,2024-2025
Customer 8,Product 9,April,2021,2021-01-04,6380078.0,2022-2023
Customer 8,Product 9,May,2021,2021-01-05,6387427.0,2022-2023
Customer 8,Product 9,June,2021,2021-01-06,6390653.0,2022-2023
Customer 8,Product 9,July,2021,2021-01-07,6392462.0,2022-2023
Customer 8,Product 9,August,2021,2021-01-08,6398038.0,2022-2023
Customer 8,Product 9,September,2021,2021-01-09,6398436.0,2022-2023
Customer 8,Product 9,October,2021,2021-01-10,6403960.0,2022-2023
Customer 8,Product 9,November,2021,2021-01-11,6410556.0,2022-2023
Customer 8,Product 9,December,2021,2021-01-12,6411607.0,2022-2023
Customer 8,Product 9,January,2022,2022-01-01,6412534.0,2022-2023
Customer 8,Product 9,February,2022,2022-01-02,6414696.0,2022-2023
Customer 8,Product 9,March,2022,2022-01-03,,2022-2023
Customer 8,Product 9,April,2022,2022-01-04,,2023-2024
Customer 8,Product 9,May,2022,2022-01-05,5426340.0,2023-2024
Customer 8,Product 9,June,2022,2022-01-06,5427607.0,2023-2024
Customer 8,Product 9,July,2022,2022-01-07,5429489.0,2023-2024
Customer 8,Product 9,August,2022,2022-01-08,5441576.0,2023-2024
Customer 8,Product 9,September,2022,2022-01-09,5446312.0,2023-2024
Customer 8,Product 9,October,2022,2022-01-10,5448624.0,2023-2024
Customer 8,Product 9,November,2022,2022-01-11,5448980.0,2023-2024
Customer 8,Product 9,December,2022,2022-01-12,5449449.0,2023-2024
Customer 8,Product 9,January,2023,2023-01-01,,2023-2024
Customer 8,Product 9,February,2023,2023-01-02,5452288.0,2023-2024
Customer 8,Product 9,March,2023,2023-01-03,5453757.0,2023-2024
Customer 8,Product 9,April,2023,2023-01-04,4154653.0,2024-2025
Customer 8,Product 9,May,2023,2023-01-05,4162824.0,2024-2025
Customer 8,Product 9,June,2023,2023-01-06,4169266.0,2024-2025
Customer 8,Product 9,July,2023,2023-01-07,,2024-2025
Customer 8,Product 9,August,2023,2023-01-08,4173827.0,2024-2025
Customer 8,Product 9,September,2023,2023-01-09,,2024-2025
Customer 8,Product 9,October,2023,2023-01-10,,2024-2025
Customer 8,Product 9,November,2023,2023-01-11,4177889.0,2024-2025
Customer 8,Product 9,December,2023,2023-01-12,4182144.0,2024-2025
Customer 8,Product 9,January,2024,2024-01-01,4182483.0,2024-2025
Customer 8,Product 9,February,2024,2024-01-02,4184494.0,2024-2025
Customer 8,Product 9,March,2024,2024-01-03,4187921.0,2024-2025
Customer 9,Product 1,April,2021,2021-01-04,,2022-2023
Customer 9,Product 1,May,2021,2021-01-05,511083.0,2022-2023
Customer 9,Product 1,June,2021,2021-01-06,,2022-2023
Customer 9,Product 1,July,2021,2021-01-07,,2022-2023
Customer 9,Product 1,August,2021,2021-01-08,,2022-2023
Customer 9,Product 1,September,2021,2021-01-09,,2022-2023
Customer 9,Product 1,October,2021,2021-01-10,,2022-2023
Customer 9,Product 1,November,2021,2021-01-11,511872.0,2022-2023
Customer 9,Product 1,December,2021,2021-01-12,,2022-2023
Customer 9,Product 1,January,2022,2022-01-01,,2022-2023
Customer 9,Product 1,February,2022,2022-01-02,513117.0,2022-2023
Customer 9,Product 1,March,2022,2022-01-03,,2022-2023
Customer 9,Product 1,April,2022,2022-01-04,6417382.0,2023-2024
Customer 9,Product 1,May,2022,2022-01-05,6422868.0,2023-2024
Customer 9,Product 1,June,2022,2022-01-06,6436731.0,2023-2024
Customer 9,Product 1,July,2022,2022-01-07,6443831.0,2023-2024
Customer 9,Product 1,August,2022,2022-01-08,6450439.0,2023-2024
Customer 9,Product 1,September,2022,2022-01-09,6452706.0,2023-2024
Customer 9,Product 1,October,2022,2022-01-10,,2023-2024
Customer 9,Product 1,November,2022,2022-01-11,6456671.0,2023-2024
Customer 9,Product 1,December,2022,2022-01-12,6459951.0,2023-2024
Customer 9,Product 1,January,2023,2023-01-01,6468553.0,2023-2024
Customer 9,Product 1,February,2023,2023-01-02,6469287.0,2023-2024
Customer 9,Product 1,March,2023,2023-01-03,6469674.0,2023-2024
Customer 9,Product 1,April,2023,2023-01-04,,2024-2025
Customer 9,Product 1,May,2023,2023-01-05,,2024-2025
Customer 9,Product 1,June,2023,2023-01-06,,2024-2025
Customer 9,Product 1,July,2023,2023-01-07,1109363.0,2024-2025
Customer 9,Product 1,August,2023,2023-01-08,1119419.0,2024-2025
Customer 9,Product 1,September,2023,2023-01-09,1119572.0,2024-2025
Customer 9,Product 1,October,2023,2023-01-10,1120827.0,2024-2025
Customer 9,Product 1,November,2023,2023-01-11,,2024-2025
Customer 9,Product 1,December,2023,2023-01-12,,2024-2025
Customer 9,Product 1,January,2024,2024-01-01,,2024-2025
Customer 9,Product 1,February,2024,2024-01-02,,2024-2025
Customer 9,Product 1,March,2024,2024-01-03,1128864.0,2024-2025
Customer 9,Product 10,April,2021,2021-01-04,,2022-2023
Customer 9,Product 10,May,2021,2021-01-05,,2022-2023
Customer 9,Product 10,June,2021,2021-01-06,,2022-2023
Customer 9,Product 10,July,2021,2021-01-07,,2022-2023
Customer 9,Product 10,August,2021,2021-01-08,,2022-2023
Customer 9,Product 10,September,2021,2021-01-09,,2022-2023
Customer 9,Product 10,October,2021,2021-01-10,,2022-2023
Customer 9,Product 10,November,2021,2021-01-11,,2022-2023
Customer 9,Product 10,December,2021,2021-01-12,,2022-2023
Customer 9,Product 10,January,2022,2022-01-01,,2022-2023
Customer 9,Product 10,February,2022,2022-01-02,,2022-2023
Customer 9,Product 10,March,2022,2022-01-03,,2022-2023
Customer 9,Product 10,April,2022,2022-01-04,515732.0,2023-2024
Customer 9,Product 10,May,2022,2022-01-05,,2023-2024
Customer 9,Product 10,June,2022,2022-01-06,,2023-2024
Customer 9,Product 10,July,2022,2022-01-07,,2023-2024
Customer 9,Product 10,August,2022,2022-01-08,,2023-2024
Customer 9,Product 10,September,2022,2022-01-09,,2023-2024
Customer 9,Product 10,October,2022,2022-01-10,,2023-2024
Customer 9,Product 10,November,2022,2022-01-11,517981.0,2023-2024
Customer 9,Product 10,December,2022,2022-01-12,,2023-2024
Customer 9,Product 10,January,2023,2023-01-01,,2023-2024
Customer 9,Product 10,February,2023,2023-01-02,,2023-2024
Customer 9,Product 10,March,2023,2023-01-03,521707.0,2023-2024
Customer 9,Product 10,April,2023,2023-01-04,,2024-2025
Customer 9,Product 10,May,2023,2023-01-05,2236628.0,2024-2025
Customer 9,Product 10,June,2023,2023-01-06,2240870.0,2024-2025
Customer 9,Product 10,July,2023,2023-01-07,2241061.0,2024-2025
Customer 9,Product 10,August,2023,2023-01-08,,2024-2025
Customer 9,Product 10,September,2023,2023-01-09,,2024-2025
Customer 9,Product 10,October,2023,2023-01-10,2244423.0,2024-2025
Customer 9,Product 10,November,2023,2023-01-11,2246410.0,2024-2025
Customer 9,Product 10,December,2023,2023-01-12,,2024-2025
Customer 9,Product 10,January,2024,2024-01-01,2253820.0,2024-2025
Customer 9,Product 10,February,2024,2024-01-02,,2024-2025
Customer 9,Product 10,March,2024,2024-01-03,2254158.0,2024-2025
Customer 9,Product 2,April,2021,2021-01-04,6474428.0,2022-2023
Customer 9,Product 2,May,2021,2021-01-05,6484469.0,2022-2023
Customer 9,Product 2,June,2021,2021-01-06,,2022-2023
Customer 9,Product 2,July,2021,2021-01-07,6490176.0,2022-2023
Customer 9,Product 2,August,2021,2021-01-08,6502977.0,2022-2023
Customer 9,Product 2,September,2021,2021-01-09,6503548.0,2022-2023
Customer 9,Product 2,October,2021,2021-01-10,6508095.0,2022-2023
Customer 9,Product 2,November,2021,2021-01-11,6508129.0,2022-2023
Customer 9,Product 2,December,2021,2021-01-12,6513388.0,2022-2023
Customer 9,Product 2,January,2022,2022-01-01,6523418.0,2022-2023
Customer 9,Product 2,February,2022,2022-01-02,6530732.0,2022-2023
Customer 9,Product 2,March,2022,2022-01-03,6530795.0,2022-2023
Customer 9,Product 2,April,2022,2022-01-04,8393330.0,2023-2024
Customer 9,Product 2,May,2022,2022-01-05,8394701.0,2023-2024
Customer 9,Product 2,June,2022,2022-01-06,8399454.0,2023-2024
Customer 9,Product 2,July,2022,2022-01-07,8400021.0,2023-2024
Customer 9,Product 2,August,2022,2022-01-08,8404362.0,2023-2024
Customer 9,Product 2,September,2022,2022-01-09,8404583.0,2023-2024
Customer 9,Product 2,October,2022,2022-01-10,8408393.0,2023-2024
Customer 9,Product 2,November,2022,2022-01-11,8410505.0,2023-2024
Customer 9,Product 2,December,2022,2022-01-12,8416081.0,2023-2024
Customer 9,Product 2,January,2023,2023-01-01,8422659.0,2023-2024
Customer 9,Product 2,February,2023,2023-01-02,8435904.0,2023-2024
Customer 9,Product 2,March,2023,2023-01-03,8436977.0,2023-2024
Customer 9,Product 2,April,2023,2023-01-04,3163941.0,2024-2025
Customer 9,Product 2,May,2023,2023-01-05,,2024-2025
Customer 9,Product 2,June,2023,2023-01-06,3164323.0,2024-2025
Customer 9,Product 2,July,2023,2023-01-07,3171000.0,2024-2025
Customer 9,Product 2,August,2023,2023-01-08,3173548.0,2024-2025
Customer 9,Product 2,September,2023,2023-01-09,3173721.0,2024-2025
Customer 9,Product 2,October,2023,2023-01-10,,2024-2025
Customer 9,Product 2,November,2023,2023-01-11,3177319.0,2024-2025
Customer 9,Product 2,December,2023,2023-01-12,3178217.0,2024-2025
Customer 9,Product 2,January,2024,2024-01-01,,2024-2025
Customer 9,Product 2,February,2024,2024-01-02,,2024-2025
Customer 9,Product 2,March,2024,2024-01-03,3178229.0,2024-2025
Customer 9,Product 3,April,2021,2021-01-04,,2022-2023
Customer 9,Product 3,May,2021,2021-01-05,,2022-2023
Customer 9,Product 3,June,2021,2021-01-06,525000.0,2022-2023
Customer 9,Product 3,July,2021,2021-01-07,,2022-2023
Customer 9,Product 3,August,2021,2021-01-08,,2022-2023
Customer 9,Product 3,September,2021,2021-01-09,,2022-2023
Customer 9,Product 3,October,2021,2021-01-10,,2022-2023
Customer 9,Product 3,November,2021,2021-01-11,,2022-2023
Customer 9,Product 3,December,2021,2021-01-12,,2022-2023
Customer 9,Product 3,January,2022,2022-01-01,526614.0,2022-2023
Customer 9,Product 3,February,2022,2022-01-02,528527.0,2022-2023
Customer 9,Product 3,March,2022,2022-01-03,,2022-2023
Customer 9,Product 3,April,2022,2022-01-04,8438031.0,2023-2024
Customer 9,Product 3,May,2022,2022-01-05,8438452.0,2023-2024
Customer 9,Product 3,June,2022,2022-01-06,8439523.0,2023-2024
Customer 9,Product 3,July,2022,2022-01-07,8443041.0,2023-2024
Customer 9,Product 3,August,2022,2022-01-08,8443843.0,2023-2024
Customer 9,Product 3,September,2022,2022-01-09,8446161.0,2023-2024
Customer 9,Product 3,October,2022,2022-01-10,8446643.0,2023-2024
Customer 9,Product 3,November,2022,2022-01-11,8447457.0,2023-2024
Customer 9,Product 3,December,2022,2022-01-12,8448862.0,2023-2024
Customer 9,Product 3,January,2023,2023-01-01,8451897.0,2023-2024
Customer 9,Product 3,February,2023,2023-01-02,8455600.0,2023-2024
Customer 9,Product 3,March,2023,2023-01-03,8457788.0,2023-2024
Customer 9,Product 3,April,2023,2023-01-04,,2024-2025
Customer 9,Product 3,May,2023,2023-01-05,1128922.0,2024-2025
Customer 9,Product 3,June,2023,2023-01-06,1130646.0,2024-2025
Customer 9,Product 3,July,2023,2023-01-07,,2024-2025
Customer 9,Product 3,August,2023,2023-01-08,,2024-2025
Customer 9,Product 3,September,2023,2023-01-09,,2024-2025
Customer 9,Product 3,October,2023,2023-01-10,1134303.0,2024-2025
Customer 9,Product 3,November,2023,2023-01-11,,2024-2025
Customer 9,Product 3,December,2023,2023-01-12,1141855.0,2024-2025
Customer 9,Product 3,January,2024,2024-01-01,,2024-2025
Customer 9,Product 3,February,2024,2024-01-02,,2024-2025
Customer 9,Product 3,March,2024,2024-01-03,1143304.0,2024-2025
Customer 9,Product 4,April,2021,2021-01-04,8457961.0,2022-2023
Customer 9,Product 4,May,2021,2021-01-05,8461027.0,2022-2023
Customer 9,Product 4,June,2021,2021-01-06,8462481.0,2022-2023
Customer 9,Product 4,July,2021,2021-01-07,8475352.0,2022-2023
Customer 9,Product 4,August,2021,2021-01-08,8479998.0,2022-2023
Customer 9,Product 4,September,2021,2021-01-09,8481945.0,2022-2023
Customer 9,Product 4,October,2021,2021-01-10,8482687.0,2022-2023
Customer 9,Product 4,November,2021,2021-01-11,8484910.0,2022-2023
Customer 9,Product 4,December,2021,2021-01-12,8486717.0,2022-2023
Customer 9,Product 4,January,2022,2022-01-01,8490032.0,2022-2023
Customer 9,Product 4,February,2022,2022-01-02,8494134.0,2022-2023
Customer 9,Product 4,March,2022,2022-01-03,8498205.0,2022-2023
Customer 9,Product 4,April,2022,2022-01-04,5455589.0,2023-2024
Customer 9,Product 4,May,2022,2022-01-05,5460335.0,2023-2024
Customer 9,Product 4,June,2022,2022-01-06,5461368.0,2023-2024
Customer 9,Product 4,July,2022,2022-01-07,5472182.0,2023-2024
Customer 9,Product 4,August,2022,2022-01-08,5473455.0,2023-2024
Customer 9,Product 4,September,2022,2022-01-09,5474128.0,2023-2024
Customer 9,Product 4,October,2022,2022-01-10,,2023-2024
Customer 9,Product 4,November,2022,2022-01-11,5476890.0,2023-2024
Customer 9,Product 4,December,2022,2022-01-12,5478236.0,2023-2024
Customer 9,Product 4,January,2023,2023-01-01,5478257.0,2023-2024
Customer 9,Product 4,February,2023,2023-01-02,5480604.0,2023-2024
Customer 9,Product 4,March,2023,2023-01-03,,2023-2024
Customer 9,Product 4,April,2023,2023-01-04,3179114.0,2024-2025
Customer 9,Product 4,May,2023,2023-01-05,3180230.0,2024-2025
Customer 9,Product 4,June,2023,2023-01-06,3184265.0,2024-2025
Customer 9,Product 4,July,2023,2023-01-07,,2024-2025
Customer 9,Product 4,August,2023,2023-01-08,3186597.0,2024-2025
Customer 9,Product 4,September,2023,2023-01-09,3188197.0,2024-2025
Customer 9,Product 4,October,2023,2023-01-10,3202681.0,2024-2025
Customer 9,Product 4,November,2023,2023-01-11,3204538.0,2024-2025
Customer 9,Product 4,December,2023,2023-01-12,,2024-2025
Customer 9,Product 4,January,2024,2024-01-01,,2024-2025
Customer 9,Product 4,February,2024,2024-01-02,,2024-2025
Customer 9,Product 4,March,2024,2024-01-03,3205030.0,2024-2025
Customer 9,Product 5,April,2021,2021-01-04,8503336.0,2022-2023
Customer 9,Product 5,May,2021,2021-01-05,8504868.0,2022-2023
Customer 9,Product 5,June,2021,2021-01-06,8506708.0,2022-2023
Customer 9,Product 5,July,2021,2021-01-07,8507312.0,2022-2023
Customer 9,Product 5,August,2021,2021-01-08,8507608.0,2022-2023
Customer 9,Product 5,September,2021,2021-01-09,8507726.0,2022-2023
Customer 9,Product 5,October,2021,2021-01-10,8518141.0,2022-2023
Customer 9,Product 5,November,2021,2021-01-11,8520630.0,2022-2023
Customer 9,Product 5,December,2021,2021-01-12,8524192.0,2022-2023
Customer 9,Product 5,January,2022,2022-01-01,8526529.0,2022-2023
Customer 9,Product 5,February,2022,2022-01-02,8528079.0,2022-2023
Customer 9,Product 5,March,2022,2022-01-03,8539005.0,2022-2023
Customer 9,Product 5,April,2022,2022-01-04,4189260.0,2023-2024
Customer 9,Product 5,May,2022,2022-01-05,4203998.0,2023-2024
Customer 9,Product 5,June,2022,2022-01-06,4204900.0,2023-2024
Customer 9,Product 5,July,2022,2022-01-07,4206713.0,2023-2024
Customer 9,Product 5,August,2022,2022-01-08,,2023-2024
Customer 9,Product 5,September,2022,2022-01-09,4222330.0,2023-2024
Customer 9,Product 5,October,2022,2022-01-10,,2023-2024
Customer 9,Product 5,November,2022,2022-01-11,,2023-2024
Customer 9,Product 5,December,2022,2022-01-12,4235794.0,2023-2024
Customer 9,Product 5,January,2023,2023-01-01,4236051.0,2023-2024
Customer 9,Product 5,February,2023,2023-01-02,4237666.0,2023-2024
Customer 9,Product 5,March,2023,2023-01-03,4240606.0,2023-2024
Customer 9,Product 5,April,2023,2023-01-04,5482741.0,2024-2025
Customer 9,Product 5,May,2023,2023-01-05,5490180.0,2024-2025
Customer 9,Product 5,June,2023,2023-01-06,5492717.0,2024-2025
Customer 9,Product 5,July,2023,2023-01-07,,2024-2025
Customer 9,Product 5,August,2023,2023-01-08,5495373.0,2024-2025
Customer 9,Product 5,September,2023,2023-01-09,5499169.0,2024-2025
Customer 9,Product 5,October,2023,2023-01-10,5500290.0,2024-2025
Customer 9,Product 5,November,2023,2023-01-11,5500364.0,2024-2025
Customer 9,Product 5,December,2023,2023-01-12,5501606.0,2024-2025
Customer 9,Product 5,January,2024,2024-01-01,5503606.0,2024-2025
Customer 9,Product 5,February,2024,2024-01-02,,2024-2025
Customer 9,Product 5,March,2024,2024-01-03,5507956.0,2024-2025
Customer 9,Product 6,April,2021,2021-01-04,,2022-2023
Customer 9,Product 6,May,2021,2021-01-05,,2022-2023
Customer 9,Product 6,June,2021,2021-01-06,,2022-2023
Customer 9,Product 6,July,2021,2021-01-07,529668.0,2022-2023
Customer 9,Product 6,August,2021,2021-01-08,,2022-2023
Customer 9,Product 6,September,2021,2021-01-09,,2022-2023
Customer 9,Product 6,October,2021,2021-01-10,,2022-2023
Customer 9,Product 6,November,2021,2021-01-11,,2022-2023
Customer 9,Product 6,December,2021,2021-01-12,533099.0,2022-2023
Customer 9,Product 6,January,2022,2022-01-01,543842.0,2022-2023
Customer 9,Product 6,February,2022,2022-01-02,,2022-2023
Customer 9,Product 6,March,2022,2022-01-03,,2022-2023
Customer 9,Product 6,April,2022,2022-01-04,,2023-2024
Customer 9,Product 6,May,2022,2022-01-05,2259568.0,2023-2024
Customer 9,Product 6,June,2022,2022-01-06,,2023-2024
Customer 9,Product 6,July,2022,2022-01-07,,2023-2024
Customer 9,Product 6,August,2022,2022-01-08,2260454.0,2023-2024
Customer 9,Product 6,September,2022,2022-01-09,,2023-2024
Customer 9,Product 6,October,2022,2022-01-10,2263134.0,2023-2024
Customer 9,Product 6,November,2022,2022-01-11,2264949.0,2023-2024
Customer 9,Product 6,December,2022,2022-01-12,,2023-2024
Customer 9,Product 6,January,2023,2023-01-01,2265766.0,2023-2024
Customer 9,Product 6,February,2023,2023-01-02,2270010.0,2023-2024
Customer 9,Product 6,March,2023,2023-01-03,2271876.0,2023-2024
Customer 9,Product 6,April,2023,2023-01-04,8542897.0,2024-2025
Customer 9,Product 6,May,2023,2023-01-05,8544794.0,2024-2025
Customer 9,Product 6,June,2023,2023-01-06,8545589.0,2024-2025
Customer 9,Product 6,July,2023,2023-01-07,8550669.0,2024-2025
Customer 9,Product 6,August,2023,2023-01-08,8553061.0,2024-2025
Customer 9,Product 6,September,2023,2023-01-09,8569060.0,2024-2025
Customer 9,Product 6,October,2023,2023-01-10,8574457.0,2024-2025
Customer 9,Product 6,November,2023,2023-01-11,8577563.0,2024-2025
Customer 9,Product 6,December,2023,2023-01-12,8577610.0,2024-2025
Customer 9,Product 6,January,2024,2024-01-01,8578207.0,2024-2025
Customer 9,Product 6,February,2024,2024-01-02,8579249.0,2024-2025
Customer 9,Product 6,March,2024,2024-01-03,8586789.0,2024-2025
Customer 9,Product 8,April,2021,2021-01-04,,2022-2023
Customer 9,Product 8,May,2021,2021-01-05,,2022-2023
Customer 9,Product 8,June,2021,2021-01-06,,2022-2023
Customer 9,Product 8,July,2021,2021-01-07,,2022-2023
Customer 9,Product 8,August,2021,2021-01-08,,2022-2023
Customer 9,Product 8,September,2021,2021-01-09,,2022-2023
Customer 9,Product 8,October,2021,2021-01-10,,2022-2023
Customer 9,Product 8,November,2021,2021-01-11,,2022-2023
Customer 9,Product 8,December,2021,2021-01-12,,2022-2023
Customer 9,Product 8,January,2022,2022-01-01,,2022-2023
Customer 9,Product 8,February,2022,2022-01-02,,2022-2023
Customer 9,Product 8,March,2022,2022-01-03,,2022-2023
Customer 9,Product 8,April,2022,2022-01-04,,2023-2024
Customer 9,Product 8,May,2022,2022-01-05,546067.0,2023-2024
Customer 9,Product 8,June,2022,2022-01-06,,2023-2024
Customer 9,Product 8,July,2022,2022-01-07,,2023-2024
Customer 9,Product 8,August,2022,2022-01-08,,2023-2024
Customer 9,Product 8,September,2022,2022-01-09,,2023-2024
Customer 9,Product 8,October,2022,2022-01-10,,2023-2024
Customer 9,Product 8,November,2022,2022-01-11,547665.0,2023-2024
Customer 9,Product 8,December,2022,2022-01-12,,2023-2024
Customer 9,Product 8,January,2023,2023-01-01,,2023-2024
Customer 9,Product 8,February,2023,2023-01-02,548510.0,2023-2024
Customer 9,Product 8,March,2023,2023-01-03,,2023-2024
Customer 9,Product 8,April,2023,2023-01-04,750946.0,2024-2025
Customer 9,Product 8,May,2023,2023-01-05,,2024-2025
Customer 9,Product 8,June,2023,2023-01-06,,2024-2025
Customer 9,Product 8,July,2023,2023-01-07,,2024-2025
Customer 9,Product 8,August,2023,2023-01-08,,2024-2025
Customer 9,Product 8,September,2023,2023-01-09,,2024-2025
Customer 9,Product 8,October,2023,2023-01-10,755803.0,2024-2025
Customer 9,Product 8,November,2023,2023-01-11,761317.0,2024-2025
Customer 9,Product 8,December,2023,2023-01-12,,2024-2025
Customer 9,Product 8,January,2024,2024-01-01,,2024-2025
Customer 9,Product 8,February,2024,2024-01-02,763704.0,2024-2025
Customer 9,Product 8,March,2024,2024-01-03,,2024-2025
Customer 9,Product 9,April,2021,2021-01-04,5513131.0,2022-2023
Customer 9,Product 9,May,2021,2021-01-05,5518424.0,2022-2023
Customer 9,Product 9,June,2021,2021-01-06,5524670.0,2022-2023
Customer 9,Product 9,July,2021,2021-01-07,5524922.0,2022-2023
Customer 9,Product 9,August,2021,2021-01-08,5525294.0,2022-2023
Customer 9,Product 9,September,2021,2021-01-09,5530388.0,2022-2023
Customer 9,Product 9,October,2021,2021-01-10,5537344.0,2022-2023
Customer 9,Product 9,November,2021,2021-01-11,5537682.0,2022-2023
Customer 9,Product 9,December,2021,2021-01-12,,2022-2023
Customer 9,Product 9,January,2022,2022-01-01,5540336.0,2022-2023
Customer 9,Product 9,February,2022,2022-01-02,,2022-2023
Customer 9,Product 9,March,2022,2022-01-03,5540827.0,2022-2023
Customer 9,Product 9,April,2022,2022-01-04,2273580.0,2023-2024
Customer 9,Product 9,May,2022,2022-01-05,2273658.0,2023-2024
Customer 9,Product 9,June,2022,2022-01-06,2275631.0,2023-2024
Customer 9,Product 9,July,2022,2022-01-07,2280386.0,2023-2024
Customer 9,Product 9,August,2022,2022-01-08,2289526.0,2023-2024
Customer 9,Product 9,September,2022,2022-01-09,,2023-2024
Customer 9,Product 9,October,2022,2022-01-10,,2023-2024
Customer 9,Product 9,November,2022,2022-01-11,,2023-2024
Customer 9,Product 9,December,2022,2022-01-12,2290013.0,2023-2024
Customer 9,Product 9,January,2023,2023-01-01,2295809.0,2023-2024
Customer 9,Product 9,February,2023,2023-01-02,,2023-2024
Customer 9,Product 9,March,2023,2023-01-03,,2023-2024
Customer 9,Product 9,April,2023,2023-01-04,1706033.0,2024-2025
Customer 9,Product 9,May,2023,2023-01-05,,2024-2025
Customer 9,Product 9,June,2023,2023-01-06,,2024-2025
Customer 9,Product 9,July,2023,2023-01-07,1709908.0,2024-2025
Customer 9,Product 9,August,2023,2023-01-08,1712526.0,2024-2025
Customer 9,Product 9,September,2023,2023-01-09,1713051.0,2024-2025
Customer 9,Product 9,October,2023,2023-01-10,1727980.0,2024-2025
Customer 9,Product 9,November,2023,2023-01-11,,2024-2025
Customer 9,Product 9,December,2023,2023-01-12,1736547.0,2024-2025
Customer 9,Product 9,January,2024,2024-01-01,,2024-2025
Customer 9,Product 9,February,2024,2024-01-02,,2024-2025
Customer 9,Product 9,March,2024,2024-01-03,,2024-2025
